,RPI,W875RX1,DPCERA3M086SBEA,CMRMTSPLx,RETAILx,INDPRO,IPFPNSS,IPFINAL,IPCONGD,IPDCONGD,IPNCONGD,IPBUSEQ,IPMAT,IPDMAT,IPNMAT,IPMANSICS,IPB51222S,IPFUELS,CUMFNS,HWI,HWIURATIO,CLF16OV,CE16OV,UNRATE,UEMPMEAN,UEMPLT5,UEMP5TO14,UEMP15OV,UEMP15T26,UEMP27OV,CLAIMSx,PAYEMS,USGOOD,CES1021000001,USCONS,MANEMP,DMANEMP,NDMANEMP,SRVPRD,USTPU,USWTRADE,USTRADE,USFIRE,USGOVT,CES0600000007,AWOTMAN,AWHMAN,HOUST,HOUSTNE,HOUSTMW,HOUSTS,HOUSTW,PERMIT,PERMITNE,PERMITMW,PERMITS,PERMITW,ACOGNO,AMDMNOx,ANDENOx,AMDMUOx,BUSINVx,ISRATIOx,M1SL,M2SL,M2REAL,BOGMBASE,TOTRESNS,NONBORRES,BUSLOANS,REALLN,NONREVSL,CONSPI,S&P 500,S&P div yield,S&P PE ratio,FEDFUNDS,CP3Mx,TB3MS,TB6MS,GS1,GS5,GS10,AAA,BAA,COMPAPFFx,TB3SMFFM,TB6SMFFM,T1YFFM,T5YFFM,T10YFFM,AAAFFM,BAAFFM,TWEXAFEGSMTHx,EXSZUSx,EXJPUSx,EXUSUKx,EXCAUSx,WPSFD49207,WPSFD49502,WPSID61,WPSID62,OILPRICEx,PPICMM,CPIAUCSL,CPIAPPSL,CPITRNSL,CPIMEDSL,CUSR0000SAC,CUSR0000SAD,CUSR0000SAS,CPIULFSL,CUSR0000SA0L2,CUSR0000SA0L5,PCEPI,DDURRG3M086SBEA,DNDGRG3M086SBEA,DSERRG3M086SBEA,CES0600000008,CES2000000008,CES3000000008,UMCSENTx,DTCOLNVHFNM,DTCTHFNM,INVEST,VIXCLSx,GDP
RPI,1.0,0.999237451867093,0.999063132698924,0.9941749303177417,0.9962462306627627,0.9779733744425002,0.9505346706317676,0.9591380494674955,0.9190258700785843,0.9372023758530597,0.8881895228837151,0.9817365949540287,0.9896168619550323,0.9746793173178661,0.7751488625266563,0.9652828760386114,0.953409207211689,0.9594416566760587,-0.5861644645700731,0.6147663581879824,-0.0909234584016196,0.9654403721464776,0.9698157691850043,-0.02510589846586991,0.738196390567261,0.09615772185977418,0.49352300391254794,0.5869066333129482,0.5534758482931156,0.5788583081950527,0.044565783438608,0.9701311856988692,-0.3878031939061162,-0.1264403622652821,0.9118353748949564,-0.8258144075113577,-0.7722888054793556,-0.8770726041121166,0.9811991046278375,0.932442218474298,0.8871817880073256,0.9198996490007545,0.938940984677591,0.9402029577703638,0.5201865988513799,0.628832333539156,0.5775877208605915,-0.37152720671688744,-0.6264858679529173,-0.5534037538717598,-0.13246353301991998,-0.24062321492471841,-0.13758630340914724,-0.5486068784866361,-0.4118265034814241,0.21800666201243837,-0.1894997063325244,0.9269286908053098,0.9692316536826818,0.9227174287364781,0.9618653281556577,0.9939630752365116,-0.7915723977505702,0.927274568556532,0.9624568563358474,0.9570588999691189,0.8365227560272298,0.71470873742467,0.6979028918906355,0.9729016408757184,0.9637673895858738,0.9617080420902676,0.1253924883079015,0.9390006499184863,-0.6816340525267689,0.4628922739817784,-0.6008917187996595,-0.6290754355552723,-0.6244757712888644,-0.6370398841541266,-0.6320008672208653,-0.6283573260701247,-0.5979308373208763,-0.5015379206581856,-0.4566218533999377,0.05901250006865056,0.3261697120198613,0.25872596774746526,0.09633225922739795,0.19160139325287953,0.29581741403344647,0.4594621146520498,0.44161741559185624,-0.5717163945770137,-0.8132361269138021,-0.8504283810932038,-0.7132706663977245,0.335580913316388,0.9753142658532475,0.9791442688148868,0.9664899910118947,0.9105107800304555,0.7954190858871472,0.8513910265808665,0.9882402210583714,0.8012654402531671,0.9732830675416227,0.9940704634844059,0.9626881403055386,0.7288980900206746,0.9944489828901295,0.9876468555070305,0.9842145747044242,0.9862863871883535,0.9802279924195291,0.38197997078255924,0.9715349431201307,0.9930220131235153,0.9929565797817511,0.9923678372027486,0.9904364344403318,0.09095317912929342,0.962520384460062,0.9537762171049671,0.9656119523374594,0.08951234682853017,0.9991578246689025
W875RX1,0.999237451867093,1.0,0.9983065375407124,0.9965475561967316,0.9945189657282633,0.9832289347952318,0.9589379017026345,0.9663403837433339,0.9292811596052601,0.9474774960603962,0.8983044880775468,0.984485436368043,0.991433008435436,0.9755109640395301,0.7888150198820769,0.9721413865196724,0.9565530970034121,0.9546958247884966,-0.5755727093677214,0.6240598115812943,-0.08010829474711603,0.9687333696799756,0.9748302586079207,-0.04523258988886269,0.7187460393461022,0.09960956923252855,0.48533221312681024,0.5663954890108938,0.5374040360777268,0.5573943237900645,0.03833483395805275,0.9757953475595874,-0.36004806128259265,-0.14083095566187445,0.9253902262801253,-0.8108519653557609,-0.75545242815155,-0.8652690649261218,0.9849647446474654,0.9406776301507725,0.8971002969851257,0.9285123267963888,0.9468821060642478,0.9445691049814602,0.5205952128780529,0.6433469712314562,0.578282257202636,-0.351475527341664,-0.6177032725356992,-0.5368411524947828,-0.11297569168194382,-0.2208925415544337,-0.11478728681183795,-0.5381006307666882,-0.3914749424019662,0.23939002809533574,-0.16957788906358728,0.91423827320722,0.9740490692604976,0.929090303716545,0.9547451200726547,0.9926835079302291,-0.7928069340477123,0.9187973801626851,0.9545235471293,0.9491547672015584,0.820519419997151,0.694482364280743,0.6784322507429612,0.9691696477497708,0.9566920089834053,0.9546859707902586,0.10989126507880408,0.9378929406039654,-0.6921171252884463,0.46533825117360256,-0.5916222565477887,-0.6195507831412175,-0.6147695037426638,-0.627430529044163,-0.6228479759815287,-0.6202817079214789,-0.5911022308945033,-0.4944400180296892,-0.45131463307477154,0.056578281174880125,0.3214601367183899,0.2538137379278457,0.09218219556650845,0.18495103858943462,0.2870512439394729,0.45152138304317707,0.4324050166034312,-0.5652749826765792,-0.81607723775731,-0.8570020879661251,-0.7164808534032406,0.356892684429038,0.9735429135233487,0.9760294371925041,0.963357347086618,0.9041584596193586,0.7850585871078971,0.8486545125165766,0.9881492373987554,0.8102573251199283,0.9729594486846593,0.9907904870736951,0.9643913714110661,0.7409352388828557,0.9934654144843811,0.9877739505457126,0.9841845218770152,0.9864466082936623,0.9809851394275306,0.39852661154197105,0.9710737061359879,0.9921595499714596,0.99163912031641,0.9903006569396088,0.9899940200926864,0.11233281786670571,0.9600937400679946,0.9526303777211557,0.9576194561321575,0.09645404347507458,0.9990046445181097
DPCERA3M086SBEA,0.999063132698924,0.9983065375407124,1.0,0.9949064623712368,0.9966601038246562,0.9791103115871631,0.9523754313765687,0.9608715572019708,0.9210252480202031,0.9401148044761762,0.8888748232486198,0.9833826160850855,0.9899314138982974,0.9787675051956629,0.770980960049845,0.9680232011247285,0.9529873055342962,0.9569153638681476,-0.5867522524140957,0.5961538387709968,-0.10042381505830175,0.9638930959311569,0.9679197730253263,-0.0244747457344492,0.7409606957251356,0.08570556838758475,0.4929108727931622,0.5941267797194176,0.5596468507476994,0.5862201204573219,0.0441558178746672,0.9678763748697664,-0.4021024774799819,-0.14116628391056935,0.91379860735368,-0.8374096401324836,-0.784672240181302,-0.8871742900607632,0.9799126284555649,0.9288487711554747,0.8821368472126516,0.9170644080868706,0.9375430980959358,0.9389050502781396,0.5154418701828926,0.6299309853991115,0.5763644463007259,-0.3678884730910096,-0.6216201009811554,-0.5477437443227345,-0.13086532717814506,-0.23821966950382636,-0.13381146272190692,-0.5432419650796674,-0.40559314652272455,0.21961682134190474,-0.18727941853350955,0.9341376407662533,0.9691340871851161,0.9243920007577484,0.9585412857322236,0.9912392222240781,-0.8070296128054893,0.9204054834714894,0.959624568448037,0.953259336102414,0.8309724526062833,0.7074627325339775,0.6898108204356733,0.967627927440089,0.9681913700199004,0.9598892645131114,0.13164452740883367,0.9345798017412585,-0.6914758561942774,0.4747091253373411,-0.616087888940107,-0.6437482605082231,-0.6393900715779174,-0.6517753485892931,-0.6469018448321542,-0.6429041623145295,-0.6118975873132011,-0.5169975388132171,-0.47209198323903395,0.0709943260245251,0.3383987168400053,0.2710468829940111,0.10359616436460899,0.19952244871888944,0.3053268024376858,0.467391347661938,0.4473747210706324,-0.5864552918341,-0.8073756410002647,-0.8480530811570998,-0.7003575166805621,0.3240128330025476,0.9728720104487738,0.9771161357380962,0.964849161923121,0.9138651032729305,0.8016165834171229,0.8546937279218465,0.9877097159236893,0.7941958558976516,0.9729670862739712,0.9946725423364955,0.9614287545640011,0.7236573636542698,0.9942904515003458,0.9872486893600154,0.9837271083835465,0.9856285590335128,0.9791468957528133,0.37417195027092454,0.9701336119877534,0.9925880703874298,0.9917531797876702,0.9900677317009856,0.9896014200565281,0.0841723402723318,0.9686937689065644,0.962583415620893,0.9656627318757466,0.08340262284250842,0.999537421807299
CMRMTSPLx,0.9941749303177417,0.9965475561967316,0.9949064623712368,1.0,0.9897906957373225,0.9920604766778363,0.9714061030914969,0.976996338987557,0.9449984716842389,0.9660764356701925,0.911343625863907,0.9909275964751161,0.9959233459545417,0.9821674729710024,0.8059432981718865,0.984600317291687,0.9587883335544986,0.9480226029190635,-0.5486906991579714,0.6221309188827067,-0.07535879204081145,0.9682442283331995,0.9763213071544684,-0.07095282781033287,0.7022693224118144,0.08642011657616387,0.4685052891296776,0.5470412909231179,0.5181314162245203,0.5386895262275156,0.02293245243167766,0.9785309589173412,-0.3321025026623657,-0.16639167033992922,0.9396713808487108,-0.7955179072882271,-0.7368987683181147,-0.8550397444905388,0.9858325270676168,0.9453227966915194,0.9033501381551468,0.9344344376204543,0.9507676899800858,0.9473637370589274,0.5290845261401315,0.6770341529614531,0.5902531744364793,-0.3146039833979573,-0.6044303312255445,-0.49869863806061104,-0.07769899909838801,-0.18884335408393435,-0.07745562214779332,-0.5237116155762456,-0.3504327986814349,0.27225642918570614,-0.13783536944922356,0.9083602255020281,0.9825455004064328,0.9455331043888827,0.9399999909045812,0.9852614370853745,-0.8235103520045671,0.8981619193470134,0.9369396137729668,0.930403226656538,0.7964302498333443,0.6662964145312807,0.6523606759345607,0.9533731983860393,0.9465062989263237,0.939651302485844,0.09179567788252352,0.9309824839710338,-0.7141607364171942,0.47229249293804887,-0.5873667135907532,-0.6152997294709905,-0.6103072024431067,-0.6229442320377885,-0.6193497952571108,-0.6207632959283762,-0.5935384678652313,-0.4994615110926964,-0.461230422026791,0.0544284725282072,0.3193190629243682,0.25186546479573174,0.08713551934246584,0.17234537523387472,0.2732558811006194,0.4368560494642234,0.4111232457302001,-0.5797940855675288,-0.8169126045966963,-0.8620711135321676,-0.70226415896584,0.3671155127945835,0.9655292304581028,0.9669748538624326,0.9552194290704558,0.9003273606222681,0.7802062069113889,0.8472295295707082,0.9836880729748935,0.8129919361839859,0.9697077326212468,0.9839177104676714,0.9624252497171828,0.7482930505923564,0.9876655245134435,0.9835954681828462,0.9804042929658864,0.9821251725981244,0.9769724910135178,0.40902740825184986,0.9661663281279106,0.9864209168207189,0.9844324836758296,0.9812081247484841,0.9844130657100425,0.13536731883919287,0.9572753205531138,0.9568544116748047,0.943884445820105,0.08777597581049479,0.996077803017465
RETAILx,0.9962462306627627,0.9945189657282633,0.9966601038246562,0.9897906957373225,1.0,0.9670331498075988,0.9337537861328185,0.9436448576755,0.8951455283882042,0.925950384756887,0.8576980692670112,0.978597937344255,0.9851060925846753,0.9788127954480629,0.7338103933242972,0.9535070052751562,0.9319697795663747,0.9492966066053029,-0.5622404746457002,0.6063522654926218,-0.07342686294733689,0.947459648652706,0.9535021278594018,-0.050108802180385194,0.7518166926786246,0.04121121025548001,0.4551849097614089,0.5774195475221875,0.5314851216829668,0.5744203826036676,0.0019290320584504743,0.9532530618474937,-0.43344564801828056,-0.13143042909145367,0.8971630333043216,-0.8531844341276995,-0.8029704113533506,-0.8988314031829925,0.9675544744224975,0.9092726128645976,0.8577608018910519,0.8950005407266836,0.9176940617550702,0.9136910094316725,0.5510654162027095,0.6265283086101388,0.605586869228439,-0.3795815149585812,-0.6140740186188137,-0.5610923015541431,-0.1426253149031213,-0.2532058620011726,-0.14920218864162654,-0.5362759587868141,-0.422551821690969,0.20308235971254993,-0.20265090202122832,0.9402779776712556,0.9631899060254088,0.9206029089236726,0.9663559751608304,0.9930878602750973,-0.7991528673592078,0.9411619715102152,0.9735350586214833,0.9635351445424549,0.8585561000409117,0.7405737877190898,0.725863679361017,0.9771252037506162,0.9736061478584896,0.9743148343122169,0.175902778586551,0.9522744728525382,-0.6915371325511072,0.4580982530470065,-0.6267803843689964,-0.6536567934180025,-0.6491729756939982,-0.6618601509901983,-0.6579623907506842,-0.6601112693923187,-0.6331028477136224,-0.5456691286355425,-0.5025724499507307,0.08295289739673087,0.3502333352723716,0.2809192900358972,0.1061561704410843,0.18919107081606387,0.29207555927520684,0.44929987732201576,0.424383139094563,-0.5742490787014823,-0.7816808400986778,-0.8216019134064783,-0.67589248738701,0.30685566002902204,0.9678808267032677,0.9746401908235048,0.9601370704865501,0.9120382660763073,0.8045972218104365,0.8473708885429546,0.9820503468713891,0.7694249847061373,0.9671154799669623,0.9969276047753795,0.9502793613243005,0.6945707837058159,0.9914877016332345,0.9814702852856261,0.9769793595061016,0.9792922826379873,0.9712285477277812,0.33512448306327924,0.9616172183067295,0.9891390347741315,0.987030247520099,0.9855445162907007,0.9832199733851771,0.09986918805083102,0.9720871845748558,0.9597907140574925,0.9782411364240722,0.0452726579819589,0.9959225861148323
INDPRO,0.9779733744425002,0.9832289347952318,0.9791103115871631,0.9920604766778363,0.9670331498075988,1.0,0.991484612144536,0.9942635012959807,0.9732350497336315,0.9792594742517643,0.9467258923112418,0.990493833842376,0.9907314723098295,0.970779026122054,0.8561659950681354,0.9977304524580524,0.9715972775506102,0.9307142915152435,-0.5483494912618875,0.5996044883954895,-0.10492557590226102,0.9758298585187639,0.9825943964363927,-0.055510091972857084,0.673245536601516,0.13850002995317362,0.49769775954830947,0.5462132619668332,0.5282941911711219,0.5337454157401181,0.06847970567491922,0.9861252189446917,-0.2592947932997839,-0.17181090738494756,0.9520476746526018,-0.744798907165654,-0.6810475735928527,-0.8132750266785377,0.9885535746675158,0.9632552112273429,0.9318824910853122,0.9561753773418299,0.966838742067509,0.9652345551766537,0.500186707332094,0.701114678035613,0.562470518442615,-0.29159922122213605,-0.609926849782588,-0.4693613929989245,-0.05453951481722287,-0.16754731593464559,-0.051324823275057635,-0.5293390124659137,-0.3167820099205335,0.29947619454803265,-0.11747033751550816,0.8628289662864476,0.9876828209837254,0.9629349108518322,0.9082285344337373,0.9666837723494079,-0.8321561666909901,0.8432183501419125,0.8902813012654315,0.884131904937264,0.7315610825855332,0.594900975064088,0.5807262551593391,0.9158599269852737,0.9111982424496567,0.8932977950238697,0.0024923368352672962,0.8902591949816219,-0.7184639589556222,0.4747235222906827,-0.547061649596454,-0.5757418174198808,-0.5702666733192155,-0.5831106698287781,-0.5793242096738395,-0.5760337292970147,-0.5454772306142696,-0.4442219081901085,-0.40900458446503085,0.028087735952122612,0.2890464927771584,0.2223154508900915,0.07009202995252749,0.1653672963518747,0.2673406917262493,0.4347593507398043,0.41129719864747166,-0.5899931702613929,-0.8393657720243856,-0.8897622243989294,-0.7161369129778692,0.4013982747678238,0.9579985598455335,0.9551451068482305,0.948009993384886,0.8936837004973434,0.7726342894690956,0.8471020234054104,0.9764166594285432,0.8463447868687639,0.9685019716142417,0.9611898054713229,0.9680823739824443,0.7942419333727858,0.9737299324575158,0.9768316586265354,0.975942420845137,0.9761806733525623,0.9736816548683581,0.4785014773683285,0.9652759784268938,0.9737412657314182,0.9718800414424407,0.9668101591504559,0.9754149159222896,0.13330581491449858,0.9328597807858201,0.9464427158721476,0.8996395515546698,0.13477912913607987,0.9823302155088827
IPFPNSS,0.9505346706317676,0.9589379017026345,0.9523754313765687,0.9714061030914969,0.9337537861328185,0.991484612144536,1.0,0.9993253700259659,0.9920631782589046,0.9787561209250853,0.9762216412855436,0.971433490356481,0.9646369464940012,0.9366317904314336,0.9029208497609894,0.9953544834092314,0.9731183661827573,0.8964140471211327,-0.5442376261949128,0.5715173497140783,-0.1442754097947965,0.9788002324955251,0.9844334998026366,-0.03781039962098826,0.623353779367237,0.21015661362587104,0.5339385843820623,0.5299182683091718,0.5356756303236477,0.5090944945797728,0.1194713819449686,0.9872729636566326,-0.17992861583234437,-0.1930350681619534,0.9596121297691561,-0.6852582224790524,-0.622360331052214,-0.754359118795629,0.984494185644371,0.9788688852567614,0.9587034305006873,0.9764291137123123,0.98270595145405,0.9746259435823537,0.46464259541788616,0.7180552904779528,0.5295323786021007,-0.26066076628623425,-0.6003652675204766,-0.43926374781574296,-0.02909954369756438,-0.131472722702502,-0.017980542901215705,-0.5216682548367405,-0.28166847563956576,0.32823436736094175,-0.08414013833055614,0.7055534324102885,0.9819712729832257,0.960881739047171,0.8658518696835368,0.9401050768211588,-0.8119155380268444,0.7825315712690197,0.8338397111674705,0.8275074058957707,0.6480587419139029,0.5020913238591198,0.4872292147326081,0.8720890654549116,0.863712447927464,0.8351849879841782,-0.10896934649931857,0.8361942407478383,-0.7138885482941805,0.4811066320454945,-0.5032713806487707,-0.5307822920603811,-0.5230120967486743,-0.5356914885429986,-0.5306812259663967,-0.5175341294910936,-0.48349040857313025,-0.37739676559684476,-0.3459225257684526,0.0162801092025258,0.2731120450844668,0.2075814118824248,0.07453571275094588,0.1803725536460204,0.2780406639815161,0.4415391848711889,0.42023581168843227,-0.5827624301992832,-0.862557535733752,-0.9206150532006774,-0.7398092851584838,0.45754305860692973,0.9446567638055472,0.9352392244131956,0.9325967378007912,0.8671072709747337,0.7374533013316847,0.8393773074532078,0.9633560569513181,0.8879453021437538,0.9591936376697578,0.9290172307007352,0.9689869424604035,0.8521715304019727,0.9536918315294441,0.9645341334044645,0.9651824579258603,0.9647865955525042,0.9665690141965543,0.5727114596015142,0.9579749659592991,0.9554178538277064,0.9525452023546997,0.9448076896346215,0.9604546544477347,0.15166711021385726,0.8941726553124631,0.9168351516309201,0.843773010936315,0.16710769604934958,0.9574638218346033
IPFINAL,0.9591380494674955,0.9663403837433339,0.9608715572019708,0.976996338987557,0.9436448576755,0.9942635012959807,0.9993253700259659,1.0,0.9881102920426776,0.9759278571512203,0.9716193367711754,0.9777347478909284,0.971049370114543,0.9446696349985064,0.8928904841065441,0.9965468893628684,0.9757720383229616,0.906857895522457,-0.5558151488683666,0.5701759127587825,-0.14823081277117248,0.9820739984752601,0.9865477193610259,-0.025456101565263647,0.6461919438263375,0.20300784399718427,0.5398887582118458,0.5499869296199977,0.5498233120531512,0.5306901458248677,0.12118097530616898,0.9889120880547994,-0.20878777266157103,-0.17850370230287446,0.9545690928231619,-0.7060219849040511,-0.6437480776920006,-0.7735802713696381,0.9879964321128748,0.9774795899066521,0.9553393524916148,0.9743119269984628,0.9816729791433353,0.9756583567611344,0.47164001918205983,0.7084267466901405,0.5355719460326714,-0.28513435938736703,-0.6126738571589202,-0.46227189700000076,-0.05106088683366452,-0.1550559299709621,-0.042716928488492005,-0.534695400503496,-0.30680067645368825,0.3079834897471796,-0.10726402590550507,0.7812063239558599,0.9853068226137087,0.9644225396352538,0.880907945936528,0.9495623729684095,-0.8157469418511197,0.7981667644356907,0.8495731988330103,0.8427496469485598,0.6706757937341518,0.5277910631249225,0.5121138659171823,0.8843156736958933,0.87846595717221,0.8503584795258564,-0.08850617400627928,0.8463938799799098,-0.7106530461406773,0.48027044605183883,-0.5158517862996403,-0.5437169541664427,-0.5361891354163073,-0.5490291310460046,-0.5438462223038402,-0.531046280304059,-0.4961983154326619,-0.3900536105911817,-0.3563927311950666,0.019516633222474107,0.2794852895195855,0.21300524861360828,0.07685853666311103,0.18357509732957972,0.28390581429649564,0.44829258206744316,0.428228416324457,-0.5916499792994389,-0.862571975492301,-0.9184141092185247,-0.7395229601238168,0.44098391942539894,0.9536697407364175,0.9457607689306445,0.9429250248677754,0.8803558167977868,0.7542074634163851,0.8486927527255227,0.9709300853760547,0.8834440189926864,0.9670636044688564,0.9399675353480113,0.974372279542186,0.8447030662099074,0.9623153778255609,0.9719109839040435,0.9725820344126278,0.9720827410568897,0.9730470855084559,0.5571712923168816,0.9655299728939626,0.9638241068082738,0.9613190813183208,0.9541711289183645,0.9682633195851937,0.1342765083662911,0.9054202194186605,0.9266029328915015,0.859317839912638,0.1632275194665501,0.9655131922333811
IPCONGD,0.9190258700785843,0.9292811596052601,0.9210252480202031,0.9449984716842389,0.8951455283882042,0.9732350497336315,0.9920631782589046,0.9881102920426776,1.0,0.9743821682661963,0.9911318766140659,0.9380289506050943,0.9357242368922344,0.8976064964834924,0.9370596988300423,0.9800117614023461,0.9696310072132494,0.8733792759039646,-0.5355093832087627,0.5554509870243582,-0.1710458342023756,0.9689217304345482,0.9737481591605308,-0.01932981964343981,0.574509092942029,0.2656439266188991,0.5568096471591323,0.5073224765519281,0.535231052811796,0.4789403641473261,0.15324876973945617,0.9768625199048627,-0.10522939503243704,-0.21618358700106524,0.9542294814214267,-0.6216902187722114,-0.5602397705545242,-0.6906873038610704,0.9693520934972699,0.9785758143560798,0.9654472280040504,0.9797937283528645,0.9809182879909872,0.9772145759529663,0.41667967013985213,0.7280154936549468,0.48692810594674163,-0.1952429226640405,-0.5805250240470908,-0.3703116310754312,0.027544649239111103,-0.06415840577322614,0.04442163304800548,-0.5016111198134493,-0.21014394434873768,0.3755227949527701,-0.01885508647615156,0.44517228965247535,0.9592987517370217,0.9355172860337857,0.8161707802960181,0.9043924648775808,-0.7896489417472807,0.7318483886272097,0.7820246351623905,0.7813677212767638,0.5807291604908452,0.42990185277857723,0.4158532530711558,0.825782975961873,0.8135512513850824,0.7824700480024239,-0.18722211962841218,0.785652821543304,-0.6924101925783507,0.4777192388241724,-0.4670668599918825,-0.4945332279136325,-0.48442149319121947,-0.49556336218557795,-0.48849458036301174,-0.4655607912804132,-0.42869689368653907,-0.3189605168744228,-0.29142802795146133,-0.001307535453910558,0.257795498164838,0.1992917415584472,0.08700165024902473,0.20101490455552967,0.293109919440919,0.45139213710269427,0.4308625382130391,-0.5737547678256435,-0.87812985937998,-0.9334466673826131,-0.7614734331601593,0.4901623107570061,0.9166066299064591,0.9022917053098674,0.9014385465654523,0.8252038318478326,0.6836419090131663,0.8088524204395953,0.9363980809077959,0.9054147420746889,0.9315446634873817,0.890534962383999,0.9504802480028398,0.8755254429466625,0.922622721814138,0.937852106886139,0.9394675505135778,0.9388321041019558,0.9440141409613874,0.6272885387017386,0.9343358528997604,0.9256190434682069,0.9235747968168924,0.9156264970051174,0.9342815891518755,0.16482838183596504,0.8497193926450943,0.876319636715112,0.7921904926490657,0.18093896872837234,0.9268443397169459
IPDCONGD,0.9372023758530597,0.9474774960603962,0.9401148044761762,0.9660764356701925,0.925950384756887,0.9792594742517643,0.9787561209250853,0.9759278571512203,0.9743821682661963,1.0,0.9367610598965938,0.956435477046434,0.9614968254677833,0.9434464490574577,0.8584415641448625,0.9837874732977341,0.9374615907901812,0.8727648021140363,-0.462521232543139,0.6074682768766381,-0.043809452051550374,0.9385622263911729,0.9545453361255574,-0.16469045369442492,0.5713107953453661,0.08605940217988915,0.4060355913938513,0.4270731354760442,0.42207897825599594,0.4139222666802964,-0.014698066487059756,0.9618812114421585,-0.16806398406703799,-0.2922957272848511,0.9661669776304338,-0.6736784499529602,-0.6105899491131553,-0.7434134247412583,0.9587006285953716,0.9439051139130913,0.9100390147778292,0.9384447801017625,0.9478143841607809,0.9334763941915728,0.500925085027635,0.764794916265348,0.5705743334388431,-0.14033806841758437,-0.5211943125844173,-0.3178327611241918,0.07658624075940695,-0.03007993624002264,0.09871862403921744,-0.42978094841363357,-0.15181701883768772,0.4121894736057599,0.018194596092615378,0.5119503312112088,0.9611783585214553,0.9223263286395319,0.8305265870281643,0.9177904712187713,-0.8276358358196604,0.7904033459431735,0.8309151306150477,0.8258166239426974,0.6527069814877896,0.5036855209643555,0.497351203562819,0.8635508761054774,0.8500961927306547,0.8396126402576322,-0.02299493888872523,0.8665112603126719,-0.767273019544173,0.5067704436332036,-0.5447559063946115,-0.5708647468476507,-0.562692249800678,-0.5738250890004571,-0.5710955820695794,-0.5699460017848975,-0.5478840790380767,-0.4554540242891775,-0.43357742612531636,0.04876374099299673,0.31123359545555535,0.25005428704974675,0.09559702084917537,0.1730381961529872,0.25797516392829206,0.41550062853682573,0.3732756150854565,-0.5159204319281919,-0.7941765822144644,-0.861541022548828,-0.6867280787776091,0.4791897319634556,0.8970317069701436,0.8897857292677992,0.8768157090904848,0.8069106424300789,0.6644046785897295,0.7648895429306624,0.9298387849648619,0.8245169223625917,0.9135110258316386,0.9134905260306847,0.9202128035425501,0.7805986920834147,0.9282699295636151,0.9311478281407779,0.9277452474450723,0.9295087133690165,0.9281975761101873,0.4829844054919458,0.908807022784834,0.9275390887850775,0.922030649110027,0.9137248218341588,0.9286496824236202,0.26427652288957354,0.8913840031864143,0.9055759805992004,0.8435139185941654,0.10427652324048733,0.9434992936804404
IPNCONGD,0.8881895228837151,0.8983044880775468,0.8888748232486198,0.911343625863907,0.8576980692670112,0.9467258923112418,0.9762216412855436,0.9716193367711754,0.9911318766140659,0.9367610598965938,1.0,0.9043000436833739,0.8988389879547902,0.8479785224757238,0.9639138215869876,0.9537236805693816,0.9665445416255565,0.8554640061911816,-0.5678349215699495,0.5239032002699289,-0.2387641426774747,0.966258269363796,0.964884656943049,0.06550316860844771,0.5599564875933172,0.37437413883346593,0.633854143891123,0.5341326211233256,0.5842740306073809,0.4964231764427327,0.24897317376330944,0.965307528799554,-0.05731866280790259,-0.1543191892307791,0.926475517200401,-0.5714905216440902,-0.5122771919191479,-0.6388329942808955,0.9548341743178385,0.979600509655491,0.9797676586283111,0.984304489099473,0.980244497116173,0.9812863185121168,0.35848194465399824,0.6871773042949555,0.42495665487605816,-0.22102573469345208,-0.6041908169072611,-0.39667159051228673,0.0029976605113394656,-0.07868123960009342,0.014551426220504027,-0.5346866671528795,-0.2437128766077022,0.35148380500188675,-0.03546157271879203,0.31026533761034086,0.9375116498799568,0.9207689949833574,0.7915738246347575,0.8785884474467008,-0.737319372322984,0.6869965094149606,0.7385128404197079,0.7408489112064369,0.5293262704387882,0.38149769451836396,0.3647913772475785,0.7885603298844835,0.7709985199320731,0.7338669335913379,-0.2816330588133023,0.7245941408457062,-0.6236141464602665,0.439312121708491,-0.3999742734887845,-0.4277798999456775,-0.41608548137554835,-0.4270018327200502,-0.41714065316424387,-0.3811243082815639,-0.3367605332696385,-0.21936077047018576,-0.18932880148133424,-0.03747958153634257,0.215020140914813,0.15956352443625949,0.07968679714368364,0.21215482776851546,0.30418670995464475,0.45807829759284624,0.45208349343839155,-0.5864893512808621,-0.912517678796033,-0.954976504743429,-0.7957081725295808,0.495477470040737,0.9097865565034399,0.8912867198127168,0.8970822460910262,0.815396995438521,0.6757762138804227,0.8143050492120733,0.9200854540552794,0.9373846792643317,0.921889688225519,0.8569255738144805,0.9480957377687823,0.9158329804219787,0.8992844456602962,0.9215467445759847,0.9259174150029091,0.9242051299900945,0.9334142548129418,0.7044875284321845,0.92972185491332,0.9045581469901575,0.9050242999058793,0.897919343674441,0.9177528571642876,0.10223767286299697,0.805035811822533,0.8343195069916642,0.7450933682596228,0.21557911682384312,0.8960690301866984
IPBUSEQ,0.9817365949540287,0.984485436368043,0.9833826160850855,0.9909275964751161,0.978597937344255,0.990493833842376,0.971433490356481,0.9777347478909284,0.9380289506050943,0.956435477046434,0.9043000436833739,1.0,0.9924413781991386,0.9867761153883514,0.7919175608905286,0.9864947697771382,0.9469138849605219,0.9287363424019699,-0.5504897072373421,0.576053897727147,-0.09466275996197086,0.955521716896705,0.9619519323460455,-0.06097033130711885,0.7136108466246887,0.06842090033110318,0.46578895757730654,0.5666546801161877,0.5259451576645588,0.5620620400437476,0.03986448885220755,0.9653369427885585,-0.34854915054673286,-0.1558623173337681,0.9254179867407237,-0.8009501699236721,-0.7396095945336325,-0.864214909024343,0.9739084404711783,0.9310293238366537,0.8918420276404773,0.9208213234787983,0.9360928836719506,0.9336789949394022,0.5312164788599452,0.6693612740999335,0.5885618206746801,-0.35336164539018655,-0.6191540011798722,-0.5212817594538497,-0.11581747749187278,-0.23589838583774755,-0.11993606855940273,-0.5420998856234985,-0.3762328533809603,0.23329833916422174,-0.18622872106418528,0.9106991315568417,0.9823388546571318,0.9644493001072943,0.9325431931566671,0.9734675667941399,-0.842699439308102,0.8659901218269183,0.9154085051847417,0.902379330925713,0.7791926851110906,0.6520055893955692,0.6361921621620894,0.9338484652590376,0.9405126400833862,0.9193167450551378,0.07835369241370635,0.9143385698492477,-0.7289095335174307,0.4728010831139669,-0.5887843662645368,-0.6159742349547104,-0.6130159015720565,-0.6265238565546472,-0.624905092267559,-0.6314654890588655,-0.6044441219025137,-0.5093467863921702,-0.47004448948372696,0.06143826493716095,0.3145053179636297,0.24376394485590835,0.06926275553800364,0.15177881548707498,0.25730727424639105,0.42636204318265053,0.40148661719387785,-0.5959334953327105,-0.7944270538103918,-0.8476451766092004,-0.6633060007485614,0.3388672087901284,0.9562519678024948,0.959074357996219,0.9506770787893069,0.9129369304664338,0.8090306766423341,0.8571597031338432,0.9747305636792062,0.7980475357742437,0.9677098928546288,0.9740913039586776,0.9572359158768852,0.7398012287089214,0.9766735448382186,0.9748596475117592,0.973309904856557,0.9732218919506068,0.9667904146843447,0.39757879462001244,0.9598650587636477,0.9751028461376117,0.9715078849192121,0.9665961457165849,0.9721276879072317,0.10586137219054584,0.950715233680849,0.9670849038086192,0.9271808899237586,0.11409357227181931,0.9851418663089528
IPMAT,0.9896168619550323,0.991433008435436,0.9899314138982974,0.9959233459545417,0.9851060925846753,0.9907314723098295,0.9646369464940012,0.971049370114543,0.9357242368922344,0.9614968254677833,0.8988389879547902,0.9924413781991386,1.0,0.9885069681999585,0.7919561727984138,0.9819102313302748,0.9528780381944083,0.9498154763620312,-0.5439013571919497,0.6182530333350177,-0.06352895800042584,0.9560277428724104,0.9636993321669922,-0.07084669040926267,0.7150536391171113,0.06317723837066633,0.4527919169647026,0.555090826325277,0.5128151606052175,0.5514966064031208,0.014799594358661084,0.9676821735746671,-0.33934861891569473,-0.14532198068769006,0.9266017995934615,-0.7948688052756969,-0.7318403988421209,-0.8607487656453428,0.9756174420253149,0.930322035833879,0.8878057595520071,0.918540005120931,0.9337473444755254,0.938291690028619,0.5296206624675664,0.6704154898611885,0.5878587857566383,-0.3207950882863064,-0.6091421878380595,-0.49531543659879435,-0.08219831079416617,-0.2036660139625416,-0.08705874855526641,-0.5280665868592181,-0.350673162204907,0.26265952397967207,-0.15164744651715406,0.9211256759697577,0.9763196961553667,0.944399117177103,0.9372646862809214,0.9781238411453204,-0.8366108764560651,0.8930204000142994,0.934409977089267,0.9284798947060875,0.8067308621063537,0.6823189269274218,0.6691609178214448,0.9462271842672925,0.9448676322685611,0.9388661891932095,0.11828615022258532,0.9312285799118407,-0.7099429377309501,0.4594839438339796,-0.5837182385879776,-0.6130968700204875,-0.6099304260453475,-0.6227309509489415,-0.620171241515731,-0.6265722936461219,-0.5999421243338035,-0.5054695350522993,-0.4669149447200753,0.040350570280819446,0.30191319926025906,0.23497182639525532,0.06581277713181005,0.14923172631151774,0.25387268618822556,0.42202497472247896,0.3967729736501112,-0.5821915834980417,-0.8010994508582533,-0.8427045925631858,-0.6806103546091882,0.3365137310140542,0.9561412290166059,0.9601352182867583,0.948440288007522,0.9061415183218341,0.7961133955795665,0.8406309998722987,0.9736069516737558,0.789314037638777,0.9620472503402677,0.978357234151433,0.9509632210264737,0.7212331458786015,0.9781972409670467,0.9732256438721039,0.9707379912732165,0.9716619445990639,0.9648284026562786,0.37355814989109387,0.9567948355800437,0.9764793822282231,0.9757045222916308,0.9735264581987723,0.9745912378260687,0.11330273356366231,0.9570529449333497,0.9601365007030316,0.9426592535724915,0.09785678517699162,0.9910102343910309
IPDMAT,0.9746793173178661,0.9755109640395301,0.9787675051956629,0.9821674729710024,0.9788127954480629,0.970779026122054,0.9366317904314336,0.9446696349985064,0.8976064964834924,0.9434464490574577,0.8479785224757238,0.9867761153883514,0.9885069681999585,1.0,0.7126730752257735,0.9649097749866681,0.9116927259374145,0.9243637188518361,-0.5273665679908911,0.5642688007223494,-0.04632104107003834,0.91436761087193,0.9236873524100678,-0.10514645717463025,0.7221469829972224,-0.03624579429090202,0.38979999779847824,0.5477824914609616,0.484226188072431,0.552470242898385,-0.03486447320331588,0.9281450267952888,-0.4203946705141275,-0.17828047529413651,0.9056352494468695,-0.8448971608227,-0.7833966752249376,-0.9070251455243531,0.9419628723941497,0.8772903370336425,0.8240570786686302,0.8639504860609422,0.8870479458451976,0.8898245379944261,0.5291879495968216,0.6375096608443902,0.5908083360087668,-0.3231036361089725,-0.5729844286431914,-0.49035901055707104,-0.09101696361076674,-0.22317829640268194,-0.09704701828964825,-0.4917544385832834,-0.35009190391273615,0.24106050581771837,-0.1705026771815279,0.9225545195972473,0.9527761332051662,0.9289917731245873,0.9258290778540357,0.9580340020033695,-0.8647825075535357,0.8806322466561304,0.9324997083694299,0.9205356670678626,0.81513028745194,0.6929921901322869,0.6789955045280103,0.9337852742259467,0.9606302208150227,0.9428591605486815,0.21277343647795788,0.9338381180260507,-0.7372351448662859,0.46734789460650145,-0.6377885256293564,-0.6643700104021573,-0.6650878103842134,-0.6773929675292603,-0.6777737064722765,-0.6950875573800631,-0.6734597041500383,-0.5892101888192374,-0.5480712403070522,0.09091814264656452,0.33601719000656366,0.26948781565571167,0.0712859108333619,0.13920630117052732,0.24595958353594177,0.41202144520437367,0.38123042309468985,-0.5841404532605471,-0.7240194880681092,-0.7755827644705835,-0.5900380105081545,0.2648503663249891,0.9238042035950597,0.9337249340453193,0.920097235685362,0.9037233655074437,0.8116255369185128,0.8296549844276985,0.948400986521212,0.7067359685892977,0.9355541799678911,0.9702166409768715,0.9138335192562046,0.6386753934845808,0.9592062928670452,0.9481199407923661,0.9438623701378018,0.9449055013983538,0.9331380279778286,0.2649427554525068,0.9235845957291382,0.9549189302729022,0.9516311605570491,0.9474914956970026,0.9486037196899192,0.09502343878316118,0.9729830940104569,0.9812235544585709,0.9491823353244998,0.07119592606436016,0.9772128677978406
IPNMAT,0.7751488625266563,0.7888150198820769,0.770980960049845,0.8059432981718865,0.7338103933242972,0.8561659950681354,0.9029208497609894,0.8928904841065441,0.9370596988300423,0.8584415641448625,0.9639138215869876,0.7919175608905286,0.7919561727984138,0.7126730752257735,1.0,0.8640180610884123,0.8967491348284052,0.7634811568064775,-0.4555909950279746,0.5519193640961266,-0.2196768909603916,0.8977248347648925,0.897238024104798,0.06953972804152646,0.44017471354802873,0.48346979795783407,0.614821133257735,0.4324018829937615,0.5012414778488644,0.3912212892805414,0.2541185089267566,0.8976149429227764,0.14646999419650764,-0.11241933759877613,0.852213989626554,-0.36993834802329245,-0.31163368038049344,-0.4422423284727142,0.8748119486685083,0.9393574323339243,0.9626670695043578,0.9487554337679562,0.9275574175412418,0.9265641181772232,0.33675321510013373,0.6990600739005873,0.394183591097606,-0.12701521885761646,-0.5401189196835126,-0.2951469606447665,0.0693366885247072,0.019093872358812027,0.08838485885633535,-0.4814079856127045,-0.15244993399858148,0.3864785540361071,0.05404181925582116,-0.41841708786979875,0.8585752381465132,0.84390339488825,0.676954284231973,0.7734760218822126,-0.6227159858961662,0.5712116082606424,0.6037323239659264,0.6166414795680194,0.392695270304668,0.2562207310342103,0.24939699284779235,0.668889549337964,0.6124775028828864,0.5926798560257468,-0.4397973709289919,0.5986959401266257,-0.5192901155895504,0.35007190929243875,-0.22575049091992816,-0.25407455054773004,-0.23931045325938327,-0.2498180149391788,-0.2385459813357425,-0.19553688286034884,-0.151441516012457,-0.036224427195290496,-0.024876355709523335,-0.1283334234353624,0.10095047451899482,0.052879880300337904,0.03093979693060413,0.16428897013985236,0.23932411466468106,0.37500671703158667,0.36825027813303424,-0.5120620970247628,-0.9158045315950811,-0.9448759129677677,-0.8163879099535863,0.5434887563086598,0.8225840362224216,0.7949602577176298,0.8063810174775042,0.7048723652421699,0.5544840363779292,0.7345356847386569,0.8219539603650452,0.9535977105457157,0.8310264923353478,0.731785327857641,0.8730905776107225,0.9422035626260231,0.7900452744337979,0.8235649608270319,0.8314711809511471,0.8286739899272108,0.8464024064772628,0.8164328866386034,0.8465266770735189,0.800035227021057,0.8023965688963848,0.7972708503649646,0.8190980260377144,0.1693617011195417,0.655914962752879,0.6794658028355044,0.5996815520789901,0.2156929102963888,0.7821662187556183
IPMANSICS,0.9652828760386114,0.9721413865196724,0.9680232011247285,0.984600317291687,0.9535070052751562,0.9977304524580524,0.9953544834092314,0.9965468893628684,0.9800117614023461,0.9837874732977341,0.9537236805693816,0.9864947697771382,0.9819102313302748,0.9649097749866681,0.8640180610884123,1.0,0.9657025106614728,0.9113277137388606,-0.5384340938321561,0.5751778785433739,-0.11383848344695946,0.9699560320457368,0.9772844992858657,-0.06545334951701026,0.6497949669924997,0.13851512651266162,0.4929660601308911,0.5344014504158485,0.5206412376985454,0.5207804989875057,0.07298659325835859,0.9812438208024438,-0.23935555020434363,-0.20367094479024755,0.9581595667651285,-0.7307152477601214,-0.6666141555079268,-0.8001320718662833,0.9824401484488218,0.9612454423487259,0.9318502067446525,0.9559929499627204,0.9664303196942532,0.9617597855219822,0.4868660200099466,0.7113110036896827,0.5529794678527474,-0.27032649793007674,-0.5949609190704512,-0.4446735872375828,-0.037775288653892895,-0.14998762181349004,-0.030114539267026955,-0.514340487689763,-0.28933077907054555,0.31474329462201484,-0.10087302602952385,0.782780271150869,0.9841753075634438,0.9618928229882304,0.885439156902472,0.9513660054731459,-0.8420277224069111,0.8111762691519144,0.8642567306717368,0.8564037292118469,0.6929886350583775,0.5505108785885933,0.5359780284414645,0.8936262030845713,0.8961651193883973,0.8686887558507633,-0.025273909976145932,0.869903776280066,-0.7353549204794618,0.4890324253428387,-0.5453784655366988,-0.5729288177576746,-0.5677142218424716,-0.5804014804969899,-0.5772312326139571,-0.5736719312193479,-0.5434164288589001,-0.4423887890764177,-0.40905684549086285,0.03684006317087117,0.29175963237723573,0.22546679348510346,0.07125513823123307,0.1662079127538684,0.26718677452931666,0.43404054271032244,0.40822100737881467,-0.589919574215354,-0.8311414073466709,-0.8901503838815401,-0.702183329189495,0.4125363383619452,0.944447036195605,0.9399748884216195,0.9341398304836208,0.88168673155685,0.7603569742968392,0.8419861242223725,0.9665657513985778,0.846030887383674,0.9595186794810109,0.9472465288057096,0.9613574013938095,0.8016481348306067,0.9623517012829339,0.9674155499908805,0.9667010776888453,0.966634375562625,0.9646887568988552,0.4937053037733532,0.955115986282346,0.9623477776426993,0.9590867921973509,0.9519611234059746,0.9644097324529655,0.1436718762242301,0.92254716471562,0.9437937260806902,0.8772253098414098,0.14560316989140532,0.9714124646892744
IPB51222S,0.953409207211689,0.9565530970034121,0.9529873055342962,0.9587883335544986,0.9319697795663747,0.9715972775506102,0.9731183661827573,0.9757720383229616,0.9696310072132494,0.9374615907901812,0.9665445416255565,0.9469138849605219,0.9528780381944083,0.9116927259374145,0.8967491348284052,0.9657025106614728,1.0,0.9318695480148961,-0.6260561895406846,0.5573804235321211,-0.2181381621903456,0.9852933310725174,0.9816582373921323,0.08899300864704657,0.6804820730515876,0.29067838665483875,0.626068567903802,0.6136237330018182,0.6271118179273963,0.5869403245964584,0.20765349679083422,0.9809761637662102,-0.22683750163216704,-0.09893875352323005,0.9155567281551299,-0.7023646911588619,-0.6462789351943454,-0.7611417790529845,0.9813578054758253,0.9718254461298643,0.9531136552464446,0.9694323267972681,0.9747508142462272,0.987860604738917,0.4019268188066733,0.6420814553750357,0.4682939708586944,-0.32016809060633394,-0.6547555804631808,-0.5042797854008148,-0.08048870865712922,-0.16975696113318733,-0.08029856355780783,-0.5784087230940744,-0.35683693029532926,0.27736094496366165,-0.12047126403792222,0.8404526863889991,0.9600282061285466,0.9336172380180855,0.8884997546155823,0.9451820663446068,-0.765144429885659,0.8115922612403407,0.856406106399296,0.8588387941413234,0.6910654072248236,0.5591618340519796,0.5409746310549702,0.8825521562049526,0.8729205513327348,0.8514041005344529,-0.10580216968369052,0.8223031016187731,-0.6237960203352952,0.4409588984878774,-0.4853622901676712,-0.5160716890178112,-0.5076982861746834,-0.5198251983121468,-0.510418905845028,-0.4817907844194105,-0.4368251645396945,-0.3215624958715724,-0.28085963335492775,-0.019749083822005045,0.2484701238222875,0.1867690408643577,0.07800701953577333,0.21346798754789054,0.31979208458405084,0.4822440596966418,0.47809248224965223,-0.6256140034285903,-0.9010670431965564,-0.9296777671409493,-0.7879991026888884,0.3951771942882115,0.9617818406425037,0.9541384093756203,0.9539086791456826,0.8904441643473406,0.7643276444422615,0.8548073418681459,0.9673450904013049,0.89433669962037,0.964802350840685,0.9332694230963006,0.9735746666625049,0.844804948388614,0.9573114286696431,0.9675216765303398,0.9697092247389996,0.9689742828208057,0.9717709768696958,0.5713384744247751,0.9702782823974858,0.9602932139061422,0.9634343445514552,0.9616549038551572,0.9685683109394424,0.035583621881642505,0.8874308065956713,0.897944267490925,0.8600045512391324,0.17033670246225008,0.9568188652378629
IPFUELS,0.9594416566760587,0.9546958247884966,0.9569153638681476,0.9480226029190635,0.9492966066053029,0.9307142915152435,0.8964140471211327,0.906857895522457,0.8733792759039646,0.8727648021140363,0.8554640061911816,0.9287363424019699,0.9498154763620312,0.9243637188518361,0.7634811568064775,0.9113277137388606,0.9318695480148961,1.0,-0.6211539176371396,0.6242470146013652,-0.14680031136739619,0.9342857899460387,0.9302642832407718,0.09853324421318434,0.7553739794364481,0.19921476827309084,0.5613413402793437,0.6255168235285504,0.6007208390072923,0.6128547503649041,0.13461419487384377,0.9275185392967128,-0.36120203499960196,0.041411860742221175,0.8502200373541001,-0.7790299076595953,-0.71807885842223,-0.8424163871420443,0.9374746580374018,0.8928924820707022,0.8598042100106131,0.8816186362752915,0.8916232913720538,0.9251117948614885,0.43263651975704814,0.5191156495517188,0.4881051816892781,-0.36946719480113227,-0.6456573917537309,-0.5579269712285954,-0.1338065678171486,-0.2161287477428853,-0.15834317090174918,-0.5878110914566048,-0.4433364066914468,0.18795821586653297,-0.16454671021536427,0.9415738681401056,0.9192664673005466,0.8645747528216708,0.947283861341933,0.95310833557126,-0.7486802518037345,0.8977096048190019,0.9345014754875829,0.945662105299603,0.8367537717881874,0.7364416222076033,0.71812988013117,0.9342524311298291,0.9295967912511778,0.9315777275812325,0.1317201714331418,0.87779861283794,-0.513523124193923,0.33362051432412215,-0.5083408745337574,-0.5383655646830539,-0.5338750904715128,-0.5437792451992183,-0.5336243140674822,-0.5272636874342101,-0.489150917733608,-0.39060714838695776,-0.33866766543187987,-0.002536094523771583,0.2506279783224774,0.19843205624541657,0.0860406080061873,0.17189690703436095,0.27948054304814207,0.43348841746031,0.4393122616527175,-0.5736059836390527,-0.8458683602382332,-0.8236514628182723,-0.7331314237842281,0.22961491449996724,0.9475951653965796,0.9541847857619942,0.9500851413394322,0.9138508632964062,0.8181640437660029,0.8641799417745439,0.9424065436629818,0.7632968391206244,0.933519764452759,0.945759208063037,0.9220804052857657,0.6810804828563517,0.9458268581453485,0.940146544612673,0.9404935879618137,0.941064008354094,0.9361183044984489,0.3558389103670708,0.9408416751925271,0.9466179699809306,0.9565135983060665,0.962831584503267,0.951110521739202,-0.04951804834014571,0.9193077216671912,0.902451946729282,0.9323799673008621,0.09523165191564288,0.9553316867329193
CUMFNS,-0.5861644645700731,-0.5755727093677214,-0.5867522524140957,-0.5486906991579714,-0.5622404746457002,-0.5483494912618875,-0.5442376261949128,-0.5558151488683666,-0.5355093832087627,-0.462521232543139,-0.5678349215699495,-0.5504897072373421,-0.5439013571919497,-0.5273665679908911,-0.4555909950279746,-0.5384340938321561,-0.6260561895406846,-0.6211539176371396,1.0,0.01565227102120336,0.6473595917206262,-0.6221215234325188,-0.577764318098359,-0.6304846040576054,-0.6040717833091341,-0.5102429733847945,-0.8292230897544979,-0.7466171847059035,-0.8485352733677027,-0.6819106962025496,-0.6844874132207772,-0.5688393540783072,0.4180331180122745,-0.23315011573037853,-0.462632434815936,0.6116433878059516,0.5950581413545655,0.6164630751960355,-0.5877963715684988,-0.5554618946564006,-0.5546279639620797,-0.5606331956426384,-0.5812309703894425,-0.6336249420139761,0.21331578674892132,0.08665231712211574,0.17609224478845054,0.4085043874876675,0.567082080705912,0.574651245246248,0.1984220490619946,0.28154775503775314,0.2594284568062173,0.5402532572710008,0.5136876451878211,-0.038558378768102246,0.23234541395373415,-0.45626763538728615,-0.5165892281590713,-0.37091484207984043,-0.5655596789180244,-0.5736398154908738,0.3202373890879669,-0.46837451061583735,-0.541777055916921,-0.5444360195109322,-0.4583759031393695,-0.39442122183621003,-0.3567987844985234,-0.5404151160522817,-0.5769225145054917,-0.5308030527576758,0.11137113200115883,-0.42907247644846275,0.16783949223121727,-0.3075844290246028,0.3336647911309212,0.35766538547281396,0.346323011989388,0.35183709776872646,0.3269739784188841,0.22304795807361788,0.14852340007250064,0.01374620311406438,-0.08255131516397704,0.03809475489803878,-0.18298776568280997,-0.15153941218669645,-0.1601316182019735,-0.3935157395402116,-0.4859380869792749,-0.6073613230136711,-0.7091164510770133,0.1164536876279404,0.5791887173785009,0.5201612119779424,0.5772974177907115,-0.16580951087155646,-0.6300221533082444,-0.6301502336065059,-0.6371230560773772,-0.6161378441773411,-0.6056325951919593,-0.5219687338111453,-0.6101370552907633,-0.5200675531170097,-0.617436054270122,-0.5789076556420567,-0.6205970200569126,-0.5079097490258185,-0.5999554397917517,-0.6089585092444,-0.6141476909724184,-0.6127300050095511,-0.6098823443259609,-0.3311669172202073,-0.6325125863651004,-0.5992191561421444,-0.6226776440306853,-0.6315683855144572,-0.621067333889904,0.3877328565063069,-0.5713524487179928,-0.5824537219262265,-0.5432205332294726,-0.3046930146712535,-0.5796588780287323
HWI,0.6147663581879824,0.6240598115812943,0.5961538387709968,0.6221309188827067,0.6063522654926218,0.5996044883954895,0.5715173497140783,0.5701759127587825,0.5554509870243582,0.6074682768766381,0.5239032002699289,0.576053897727147,0.6182530333350177,0.5642688007223494,0.5519193640961266,0.5751778785433739,0.5573804235321211,0.6242470146013652,0.01565227102120336,1.0,0.5227147530168816,0.5811455540849345,0.6219025867249116,-0.4516049267968242,0.20077353885234864,-0.006653201156889096,-0.02525921177591613,-0.07107416946988068,-0.1098866583598383,-0.053942150759704245,-0.3609267599745784,0.6299841360028186,0.2086392833390738,0.018644031806655827,0.6576760397517025,-0.21566606049334042,-0.13560021952673643,-0.32404720997288716,0.6070584968058491,0.6267013404511348,0.6153487906552599,0.6031308494468693,0.5931641218928217,0.5572129386483656,0.5729931441515116,0.5569290418247198,0.578206294655399,0.032935399587499053,-0.20363939057785424,-0.19298677132520375,0.1699740515562077,0.13492626873566801,0.18894333567639926,-0.14304121913582293,-0.08789411610691268,0.3720225712026963,0.17461112893047878,0.397247142077102,0.6146539860471888,0.48011050077516493,0.6061438501340838,0.6302664118434143,-0.3565443405233466,0.6714053922804252,0.6239185267353942,0.6495150814047733,0.5588791639695224,0.48862155149380915,0.5057072766627416,0.6731668874548916,0.5167914820051465,0.6287150558161254,0.1753693116409877,0.6952027155642487,-0.32753756101874126,0.06851943660498434,-0.05332716552243496,-0.07383541252716297,-0.06783140667800831,-0.0765490819765714,-0.08018705066679328,-0.15407360731639846,-0.18179646267725094,-0.15912653087712714,-0.16927126150632701,-0.14756977244606737,-0.027356420519783476,-0.061195693252857675,-0.09896387853053479,-0.20746616351876043,-0.19953225078428688,-0.11179906838869898,-0.13858518101895947,-0.053232282329445206,-0.5453115773350983,-0.5243600099763721,-0.5573345788734998,0.4429014832170144,0.5755170736482644,0.5719877618766531,0.5554347846277531,0.44944271654142937,0.3141681910189053,0.47820608439156026,0.5710858055613589,0.5166381641824018,0.5433507408265817,0.5708898131062972,0.5473156186001487,0.4554858203349015,0.5796307622274202,0.5692475584617608,0.561280845086128,0.5705231866874312,0.572672783081239,0.27453406172825334,0.5530154362127746,0.5827707606459901,0.590693260525556,0.5998649778097213,0.5840859322011643,0.42431559695767584,0.5261404790319365,0.44564153030655934,0.58477951646498,-0.029416012484117585,0.6015426806623241
HWIURATIO,-0.0909234584016196,-0.08010829474711603,-0.10042381505830175,-0.07535879204081145,-0.07342686294733689,-0.10492557590226102,-0.1442754097947965,-0.14823081277117248,-0.1710458342023756,-0.043809452051550374,-0.2387641426774747,-0.09466275996197086,-0.06352895800042584,-0.04632104107003834,-0.2196768909603916,-0.11383848344695946,-0.2181381621903456,-0.14680031136739619,0.6473595917206262,0.5227147530168816,1.0,-0.21637577304895125,-0.153488937077032,-0.8488532996459442,-0.4209676534857232,-0.6234047551883621,-0.7780044834996405,-0.640632546120961,-0.7460710186279972,-0.5783288866403105,-0.7846587802363812,-0.13001662395578284,0.30577976916771604,-0.26788266461727067,0.004838264882913801,0.25576166163179953,0.2952975379686631,0.19097890807319137,-0.1480978536352811,-0.16366366218528108,-0.19786524983625517,-0.19387614835195288,-0.18862970417984393,-0.23635634040114537,0.35205490636974285,0.21749140311326537,0.31869688282241143,0.24403609406355856,0.30296828952474847,0.2821308408142195,0.186255508435161,0.13576714065332937,0.22788658616018753,0.34324357076881273,0.30793867330583796,0.1219986809167187,0.13562229743472232,0.12095578040422163,-0.12004937725925299,-0.06852750314871393,-0.09729724051327222,-0.09828499850435163,0.1141912700827491,0.04793933643274674,-0.01465966470730817,-0.010272122326854274,0.022910599345735496,0.02376956958851869,0.04722405698049994,0.010687942887454253,-0.07886004833340689,0.007303420359925461,0.4320605177638662,0.14408561104014556,-0.12286782909189879,-0.044372559973219525,0.13972093049809312,0.14936098789503716,0.13307887435257842,0.13329894626904154,0.10538618968798551,-0.034945848273340074,-0.1255028138928329,-0.21349340698558436,-0.26377601992605687,0.012471906835221714,-0.13048594206036324,-0.12221021183543487,-0.2073782460619056,-0.45760728298651193,-0.5325125120999181,-0.5460110503574537,-0.6132735970565547,0.08344891605547998,0.34132578663402535,0.28389604739753777,0.2483112583260145,0.0780465794779049,-0.2156747912098225,-0.2053342678670528,-0.23834034193381848,-0.2722196427022716,-0.3046206848961979,-0.22300735877897038,-0.17847479444705341,-0.2882780862848956,-0.22464671042241263,-0.10815795568660097,-0.24211567431597011,-0.3290888167778581,-0.1437886935266871,-0.17856063577293607,-0.1969325505849838,-0.18504404332739177,-0.19629677421192285,-0.3764029541845726,-0.23817418085832232,-0.15179357231158322,-0.16269924906723274,-0.16116245326675177,-0.1738548713976822,0.5074847469634184,-0.10192261708403734,-0.14954469229138567,-0.030164660941140037,-0.16772033302859257,-0.09875779780657347
CLF16OV,0.9654403721464776,0.9687333696799756,0.9638930959311569,0.9682442283331995,0.947459648652706,0.9758298585187639,0.9788002324955251,0.9820739984752601,0.9689217304345482,0.9385622263911729,0.966258269363796,0.955521716896705,0.9560277428724104,0.91436761087193,0.8977248347648925,0.9699560320457368,0.9852933310725174,0.9342857899460387,-0.6221215234325188,0.5811455540849345,-0.21637577304895125,1.0,0.9969938914572136,0.08428076539433474,0.691414246463417,0.30662769306223436,0.6327892235982334,0.6096922890721325,0.6264953354211675,0.5818979995324393,0.20226513220593598,0.9940386155338714,-0.23466686223838376,-0.08292837005841172,0.9234274104904339,-0.7142195309240481,-0.6600140890725984,-0.7699251832099451,0.9947398179290272,0.9878559581843908,0.9700034316968312,0.9849548039431236,0.9908403495674571,0.9902041239766659,0.4450386266486022,0.64734323133009,0.5039258663413224,-0.3440858548301209,-0.6553949607318001,-0.5354724309066323,-0.10465154961480867,-0.18748750027651467,-0.10464961910323259,-0.5869117372154732,-0.39176054089861784,0.25898751567361694,-0.14038104314989966,0.9336474642858618,0.9756533760994582,0.9421648553583137,0.910220603191773,0.965585151182315,-0.7519170341108071,0.8366555068203145,0.8760853597438945,0.8751989518665904,0.7095930154677461,0.5777165110064507,0.5599384947298185,0.9070727914447466,0.8821241515431228,0.868347290434091,-0.1113643614107394,0.8396226686488479,-0.6222702184273468,0.44348723881938384,-0.48851997640498335,-0.5184279287100105,-0.5071069268033017,-0.5198710442537134,-0.5095222644973801,-0.47955684162482753,-0.435203193859428,-0.32199791145455786,-0.28143282320903135,-0.011381114957894145,0.26765849895378685,0.20195016590720272,0.09726650710081544,0.22708199190561992,0.3296843870787853,0.4875734436091049,0.48292216459721116,-0.590584524107656,-0.9169563730107617,-0.9460584204073442,-0.8121195583930138,0.4405644785391518,0.9834637549984294,0.9744281686617587,0.9731265581073497,0.8944298966760182,0.7647977696382325,0.8623238631333655,0.986294238316882,0.9189690399919759,0.9832902219826937,0.949077228870531,0.9936704261266711,0.87350147063657,0.9756375348569584,0.9864797222924706,0.9883343350243708,0.9882411913895911,0.9919882141427938,0.6009030479616053,0.9897448118192401,0.9790994290500442,0.9813578563099468,0.9785864209005468,0.9866317841567976,0.07199201328532562,0.8972979377738204,0.8993878896817755,0.8751284291296167,0.15848948116470737,0.9682661530795214
CE16OV,0.9698157691850043,0.9748302586079207,0.9679197730253263,0.9763213071544684,0.9535021278594018,0.9825943964363927,0.9844334998026366,0.9865477193610259,0.9737481591605308,0.9545453361255574,0.964884656943049,0.9619519323460455,0.9636993321669922,0.9236873524100678,0.897238024104798,0.9772844992858657,0.9816582373921323,0.9302642832407718,-0.577764318098359,0.6219025867249116,-0.153488937077032,0.9969938914572136,1.0,0.008708820524766863,0.6573035962208051,0.2625044290920664,0.5772759016456481,0.5525767229782822,0.5674051527289041,0.5275360134482341,0.14332241562954384,0.9989353718909373,-0.2067309819697061,-0.12122676215885457,0.9438021769760622,-0.7015930986989085,-0.644706406717886,-0.7615454564644625,0.9977375383806721,0.9914018570874098,0.9705569883534227,0.9865616900287723,0.9928768326237188,0.9853043654098198,0.47525584761162526,0.6797120107323589,0.5333001983026686,-0.31333387858264283,-0.6334222845140168,-0.5061260698900973,-0.07784797373468068,-0.160765624344496,-0.07156631894223672,-0.5601028034378267,-0.35640000334991384,0.2845713989676207,-0.11354042745041608,0.8773394802233505,0.9819508221831127,0.9467561241345535,0.9097716459425513,0.969507305815992,-0.7558440432614792,0.8462643630228178,0.881240760773533,0.8795713899564875,0.7109959174701019,0.5748137944287033,0.5592725119690538,0.916844807160154,0.8835244196356915,0.8760347318735058,-0.08954442593254534,0.8610982281294597,-0.6500458378955465,0.4474003898929665,-0.48911373742282316,-0.5178526303898986,-0.5076206649535985,-0.5205942392258563,-0.5123338685454225,-0.49182846808942565,-0.4543541337627591,-0.34659298734372723,-0.3104290327057187,-0.0011658868022459338,0.2684629139874453,0.201826543324628,0.08763437546976877,0.2006943112935979,0.29744209200355975,0.4559666677764479,0.44396264000938623,-0.5745397262417701,-0.9025247870185276,-0.9389175298217276,-0.7988717163769334,0.46305673739691566,0.977266173457101,0.9681063254647096,0.9638741665261508,0.880102763076399,0.7428455009640506,0.852746160923883,0.9850112427555191,0.912964535610759,0.9777455220532543,0.9516029201125852,0.9881352918600166,0.8650522458081883,0.9766163674369112,0.9853593994840861,0.9856015730444685,0.98654020519978,0.9897342384516892,0.5874145531213973,0.9829917083443644,0.9794398114427401,0.9797841794941166,0.9762636123114784,0.9849180437148034,0.12919009777584964,0.9007624374483258,0.9009861933072466,0.8797596317245104,0.14532251595486564,0.972874285414892
UNRATE,-0.02510589846586991,-0.04523258988886269,-0.0244747457344492,-0.07095282781033287,-0.050108802180385194,-0.055510091972857084,-0.03781039962098826,-0.025456101565263647,-0.01932981964343981,-0.16469045369442492,0.06550316860844771,-0.06097033130711885,-0.07084669040926267,-0.10514645717463025,0.06953972804152646,-0.06545334951701026,0.08899300864704657,0.09853324421318434,-0.6304846040576054,-0.4516049267968242,-0.8488532996459442,0.08428076539433474,0.008708820524766863,1.0,0.4182089647219907,0.6709787025149611,0.7721790032223027,0.6958923121641671,0.7651074652142961,0.6453122147663662,0.8133273317876775,-0.016665168617103723,-0.28562758109185304,0.5572241001085725,-0.20563001157914185,-0.14061300255002923,-0.1705780533926518,-0.09316823395880483,0.0022592356175904975,0.010177379911304305,0.05771195198428735,0.03403051681388799,0.02586037210636946,0.11037768984518011,-0.4235391545117187,-0.42845376885441905,-0.4160274159065581,-0.334088926602161,-0.2994312344868389,-0.3726681896796798,-0.2610534745232055,-0.255241105483786,-0.3546039203615369,-0.36330541794498217,-0.4481995856883657,-0.23855897165292442,-0.2504734962813528,0.0933681142601443,-0.04336262862915017,-0.17379835611412295,0.02943263869101329,-0.013724682165731422,0.07968148282410807,-0.08921973137574302,-0.04152931439414618,-0.02682531642427413,-0.012276872528270224,0.032087329452842685,0.008419229389288362,-0.0870418249547137,-0.013543728622314292,-0.07357295655070475,-0.3409119070019822,-0.23581548514032843,0.3970192579961438,-0.10402425352709822,0.06363235263389694,0.04762098459150115,0.06756313770809999,0.0709857976082048,0.10178806940146319,0.2314301166267667,0.32043914051116895,0.39811885424539006,0.4584200381678657,-0.16744784738576407,-0.0283431828519197,-0.012868713948385076,0.14480679301326818,0.35578636908459615,0.41935628181456025,0.410301529247039,0.5191559043909649,0.1150255424120713,-0.26254847751220783,-0.13368893848660046,-0.25430462872120685,-0.21319338634123897,0.1173593983827376,0.11490370204920201,0.15320347424267947,0.1983662171323879,0.2791178448877619,0.14515718782939718,0.04782409926716771,0.13899005560422598,0.10040876387352443,-0.013337328377012143,0.10754113990506908,0.17063444606753658,0.015817317806947468,0.04552822477265482,0.06578947633679974,0.05439252885078008,0.06415163894059112,0.24761394533482048,0.1220447679210616,0.025276216582906057,0.05450561618534134,0.06712273899442203,0.05660583073011154,-0.5889375094257949,-0.032625190481497125,-0.02132265767988287,-0.042905554956771313,0.16961341135659186,-0.032165589445779984
UEMPMEAN,0.738196390567261,0.7187460393461022,0.7409606957251356,0.7022693224118144,0.7518166926786246,0.673245536601516,0.623353779367237,0.6461919438263375,0.574509092942029,0.5713107953453661,0.5599564875933172,0.7136108466246887,0.7150536391171113,0.7221469829972224,0.44017471354802873,0.6497949669924997,0.6804820730515876,0.7553739794364481,-0.6040717833091341,0.20077353885234864,-0.4209676534857232,0.691414246463417,0.6573035962208051,0.4182089647219907,1.0,0.09318360059624752,0.5691332410455792,0.8818328309780615,0.738639677406585,0.9048060940261109,0.17295898382076513,0.6439914705439573,-0.7323030823449642,0.15494542817723028,0.45087692541621927,-0.8490106752237361,-0.8407911939273236,-0.8344239370311501,0.6823932541033843,0.5964672597566003,0.5506878190184149,0.5950683157699516,0.6087556221387594,0.648822060544091,0.4573556422280814,0.33826008097719307,0.491663292728539,-0.5286412536932623,-0.5720594524588707,-0.6334078322726369,-0.34361335736463156,-0.41819751589000803,-0.38479526656851815,-0.543451465598668,-0.577265242029084,-0.09404751413554102,-0.3845511656905014,0.7206728891714198,0.6939471765811998,0.6778254866332039,0.7893499731718494,0.7489764002140709,-0.6525187639738809,0.7472009050901467,0.7781904407746243,0.7697046485389776,0.8115255133307713,0.7944453489932443,0.7836373422963145,0.704771200089983,0.7716360607380399,0.7617681376311368,0.1922517531241349,0.6413180745369462,-0.4119352384602026,0.26816547170439675,-0.6246443546564595,-0.6541136418813644,-0.6409112542661821,-0.6495347764240144,-0.6345757805377269,-0.5896171814052841,-0.5273850601664172,-0.4473140939871703,-0.3987906823674804,0.05988988815991381,0.3764320941984277,0.32225491363403647,0.20000953911049357,0.3443094983307423,0.47266842698733064,0.5761785163608961,0.5638387201375132,-0.5009007180490138,-0.6038478461932978,-0.6006014009927303,-0.5250191423667758,-0.054161796901655776,0.776299274867485,0.79579360079558,0.7963823183744599,0.8271345337825505,0.8083375458765744,0.6892686117584822,0.7518969772073816,0.5352757168681982,0.7765263742072661,0.776811059573497,0.7372383855304596,0.470619247156664,0.7535577093342424,0.7493491360325271,0.7576449686134762,0.7490851848242073,0.740302534984982,0.16705116708579024,0.7658230319010584,0.7554509387845181,0.7599950015677183,0.7648103802267822,0.7517920295186307,-0.16942612415897396,0.7648899316284482,0.748470519500107,0.7873998622611207,-0.04923282420254469,0.7348798044500394
UEMPLT5,0.09615772185977418,0.09960956923252855,0.08570556838758475,0.08642011657616387,0.04121121025548001,0.13850002995317362,0.21015661362587104,0.20300784399718427,0.2656439266188991,0.08605940217988915,0.37437413883346593,0.06842090033110318,0.06317723837066633,-0.03624579429090202,0.48346979795783407,0.13851512651266162,0.29067838665483875,0.19921476827309084,-0.5102429733847945,-0.006653201156889096,-0.6234047551883621,0.30662769306223436,0.2625044290920664,0.6709787025149611,0.09318360059624752,1.0,0.7795848424456145,0.3272533113138449,0.5290414078580383,0.23963803144616283,0.7892541747773661,0.24248975042016113,0.324116416223641,0.4989902368755472,0.15120077908313298,0.13882217211676062,0.1564334796119195,0.10919052334528156,0.21772128668910018,0.33227075992766025,0.42525421918099654,0.35818471693058573,0.3259109463464175,0.35330300773076345,-0.3741339980253358,-0.15392796063949665,-0.37103884160202444,-0.09286691069465804,-0.27546636203156877,-0.2492052657569236,0.001617253835952309,0.051734913096967185,-0.03792918692512141,-0.31321283366158426,-0.26115719269542637,0.11292488558682977,0.06435121406752943,-0.511239834643606,0.158431379116008,-0.1462275436674611,0.09449498862665459,0.12176022392121583,0.12509350768035044,-0.052445332703700914,-0.024687993342320576,0.011871221267619752,-0.13834582532360923,-0.16417758159563847,-0.1790052192680783,0.02823658289041783,-0.040443942638074735,-0.05321690946319787,-0.6551574961706134,-0.1422428763330168,0.3487499188168744,-0.16355163041025403,0.3466031146102152,0.32710786741811554,0.34829074631055357,0.34760328107486577,0.3767778071846928,0.49624625203199496,0.5698055907827506,0.6735270475108778,0.7112460933094565,-0.3374294606207423,-0.24262265142970774,-0.23309890687939855,-0.0016578275485429372,0.19442791703019274,0.2234371516744767,0.24600650968986168,0.3632466428015275,0.43366147750525813,-0.5554457314936622,-0.43003177292920286,-0.5588331849240484,0.27918448229804577,0.2574944663514709,0.2249979366576911,0.265225968393603,0.20122697045792695,0.16810154006368538,0.24157043345680304,0.18960637353239085,0.49968404951858897,0.2305433919891017,0.05038536008183748,0.2890294308591748,0.5554640977141901,0.13693088776362555,0.1891010504452069,0.20777394189053516,0.20286808907716308,0.2311602511696912,0.7235962816779673,0.2738417509449011,0.15351480763440364,0.18361698471976912,0.19209419176386935,0.19853408473123024,-0.3817619917698639,0.0027998417221994617,-0.005998315408505283,-0.05781588063001146,0.31299086111361135,0.08757651762288708
UEMP5TO14,0.49352300391254794,0.48533221312681024,0.4929108727931622,0.4685052891296776,0.4551849097614089,0.49769775954830947,0.5339385843820623,0.5398887582118458,0.5568096471591323,0.4060355913938513,0.633854143891123,0.46578895757730654,0.4527919169647026,0.38979999779847824,0.614821133257735,0.4929660601308911,0.626068567903802,0.5613413402793437,-0.8292230897544979,-0.02525921177591613,-0.7780044834996405,0.6327892235982334,0.5772759016456481,0.7721790032223027,0.5691332410455792,0.7795848424456145,1.0,0.7743281142006272,0.912463367215729,0.6949900425917431,0.8213513307537108,0.5571311060407744,-0.19925867907088166,0.3524476437722287,0.39947266501492196,-0.40970220981897193,-0.39793104875637064,-0.4138817957723568,0.5619536641718739,0.5917269417184251,0.6327902472737287,0.6111953680852207,0.6032141206974803,0.6594649484737024,-0.16347413332065228,0.03642368373050071,-0.12648609422903967,-0.40921872055846936,-0.5922412470089878,-0.5436961591170271,-0.22416822225341812,-0.25605102787086836,-0.2845539746439821,-0.6010408986134113,-0.509349862545228,0.003274633873946553,-0.22882428430350335,0.08776007258234887,0.5024794038405701,0.332719086695117,0.4906030013657287,0.5043528319495926,-0.29818862664390844,0.334499997184507,0.3956056207101046,0.4073717865642253,0.2821217466534976,0.22456527087873798,0.1885814390601189,0.40846547074419287,0.4293938267712579,0.3675548041405726,-0.44302050208535937,0.23393123729028303,-0.012893426591723864,0.15562311782557106,-0.15012127970933892,-0.17611432600061575,-0.15652487101406806,-0.16029134217023505,-0.12991312400519434,-0.006696690394484218,0.08542100867414254,0.21648867429988908,0.2884250766516968,-0.14608175348813995,0.07878793286966788,0.05949811149237603,0.14833076295747627,0.390569324026027,0.4854131649017855,0.5694240170231372,0.6657780067046436,-0.16008561496220783,-0.7462443129736575,-0.666653370450598,-0.672568878472086,0.19794392817199297,0.6212789030676212,0.6047859930320834,0.6358590179858559,0.5994575801124562,0.568615526522142,0.5685245058185407,0.5738592008897326,0.6743968339797336,0.6075170821926155,0.4835142828776901,0.6363508682679139,0.687336663019694,0.5371831145991699,0.5729518841427801,0.5892961874241833,0.5819143290737011,0.5964146560092494,0.640816011455056,0.6350961015995555,0.5470597849370324,0.5692914541961984,0.5741001854768019,0.5788123528434285,-0.5045083552091578,0.42947230075901227,0.4541310328975185,0.3911279991668277,0.2942380087493023,0.4908146192285143
UEMP15OV,0.5869066333129482,0.5663954890108938,0.5941267797194176,0.5470412909231179,0.5774195475221875,0.5462132619668332,0.5299182683091718,0.5499869296199977,0.5073224765519281,0.4270731354760442,0.5341326211233256,0.5666546801161877,0.555090826325277,0.5477824914609616,0.4324018829937615,0.5344014504158485,0.6136237330018182,0.6255168235285504,-0.7466171847059035,-0.07107416946988068,-0.640632546120961,0.6096922890721325,0.5525767229782822,0.6958923121641671,0.8818328309780615,0.3272533113138449,0.7743281142006272,1.0,0.9317090820457763,0.9905742094063446,0.502611776151037,0.5357125604242189,-0.6494942726227564,0.20526416050011861,0.33107375670750583,-0.7173069523626359,-0.7182371238128931,-0.6936639509774913,0.570294246052044,0.5093342495275965,0.4934125461048811,0.5200804093544413,0.5320352989557218,0.6045447181091984,0.12771299119989474,0.13506442278370798,0.17845083361262415,-0.581523699819949,-0.6062712023123988,-0.6331715530751736,-0.4073245955762728,-0.48305853296116485,-0.4651216989608865,-0.6010930857182819,-0.6027771984749819,-0.18280134117829058,-0.457013138417171,0.4419700456338726,0.5448319245291546,0.48372690028829557,0.6103227680290527,0.5817188449609174,-0.5431647926336997,0.4992190285082245,0.5691276847679252,0.5640819779021717,0.5526300583575193,0.5273784905883089,0.4961303752626218,0.5077823189479463,0.6226121019261931,0.5441278443725848,-0.05423311647278103,0.39197788266034106,-0.2503633129619587,0.33216848180044334,-0.4806653463853542,-0.5089439929779506,-0.49675856508807736,-0.5033907814986295,-0.48357299857143693,-0.4000000596972241,-0.31590888178559134,-0.21492757848357755,-0.15174606482203049,-0.00145257011148156,0.2734080506599536,0.2329020529422145,0.1749108613505004,0.38746123075676353,0.5213267067330812,0.6153568905434856,0.6479640553440675,-0.44808369742587095,-0.5844062231778778,-0.5711891700526879,-0.49954590169655716,-0.09756598286377453,0.6614391153898713,0.6713819222052091,0.6894304030947268,0.7271642293559529,0.7452293267987109,0.6272723401150515,0.630230160763545,0.5058887086672622,0.665138024924209,0.6174834557069477,0.6454875602950985,0.4791268415901412,0.6172925016909522,0.6284869579236487,0.642073959065905,0.6310315449229066,0.6283545232320868,0.27439473672314085,0.6651268437424345,0.6209670057331632,0.6336058384163012,0.6377441412022093,0.6322337563315316,-0.40712349797154607,0.5920777003562695,0.6154831645116772,0.5880122277869231,0.13199745673772037,0.5857741175277194
UEMP15T26,0.5534758482931156,0.5374040360777268,0.5596468507476994,0.5181314162245203,0.5314851216829668,0.5282941911711219,0.5356756303236477,0.5498233120531512,0.535231052811796,0.42207897825599594,0.5842740306073809,0.5259451576645588,0.5128151606052175,0.484226188072431,0.5012414778488644,0.5206412376985454,0.6271118179273963,0.6007208390072923,-0.8485352733677027,-0.1098866583598383,-0.7460710186279972,0.6264953354211675,0.5674051527289041,0.7651074652142961,0.738639677406585,0.5290414078580383,0.912463367215729,0.9317090820457763,1.0,0.8731762131388225,0.6975237759434241,0.5488033119555763,-0.4936351951062683,0.24473862730153595,0.3686979112358314,-0.6182159386815551,-0.6186416853096689,-0.5983794188930128,0.5729995854177476,0.5446227860386469,0.5505116309822774,0.559418671302825,0.5683551515707435,0.6378824424728526,-0.06034528316834386,0.05745814328348579,-0.008046148119461655,-0.5221723181548397,-0.6235815629496925,-0.6006266741585663,-0.3356333719134613,-0.4071443828027128,-0.40232282888079185,-0.6261638126342263,-0.5694804148556298,-0.10681533927456091,-0.38251441451928786,0.2797458609855663,0.5213328858814422,0.4120746695495129,0.5598610629442666,0.5508348953302,-0.4412164399308984,0.426497149538726,0.4990439120716915,0.4983375355529779,0.43096739521810357,0.38490523292883155,0.3433707367864502,0.4723686559082155,0.5568890973568151,0.4731050524939421,-0.2260483247399872,0.32483719667954536,-0.15269534502415635,0.32447153473671375,-0.3690403123113244,-0.3953844390936634,-0.3800104189880799,-0.3842593343587806,-0.35834247999417257,-0.24820118323292079,-0.15838185024439158,-0.04093042106453738,0.034370105809731884,-0.040427604995489225,0.21604528421399255,0.1880425558630571,0.19175742086930422,0.43180971954629016,0.5477633831451852,0.6375079287529019,0.7056976105204443,-0.3507382562731635,-0.6529317767072124,-0.6104007032167914,-0.5610928316197255,0.03507468407240029,0.6466632038452926,0.6448322020993172,0.6667736727988185,0.6684467509475411,0.6683307370550784,0.5935731715715112,0.6135361702977037,0.5751021323286634,0.6419756760299774,0.569201657924495,0.6455729564545405,0.5653320405539581,0.592154012578285,0.6122656896092156,0.6257746396638227,0.6172433937874954,0.6208074000940274,0.42416357374948666,0.6560066376858694,0.5968568482628542,0.6134258945473896,0.6170025965484696,0.6169391468630472,-0.4721329738181206,0.5309962459279733,0.564710352479818,0.5114650244269513,0.22375813915555134,0.5522474161491975
UEMP27OV,0.5788583081950527,0.5573943237900645,0.5862201204573219,0.5386895262275156,0.5744203826036676,0.5337454157401181,0.5090944945797728,0.5306901458248677,0.4789403641473261,0.4139222666802964,0.4964231764427327,0.5620620400437476,0.5514966064031208,0.552470242898385,0.3912212892805414,0.5207804989875057,0.5869403245964584,0.6128547503649041,-0.6819106962025496,-0.053942150759704245,-0.5783288866403105,0.5818979995324393,0.5275360134482341,0.6453122147663662,0.9048060940261109,0.23963803144616283,0.6949900425917431,0.9905742094063446,0.8731762131388225,1.0,0.41142332516228053,0.5119202527996715,-0.6854228470828968,0.18315557369994592,0.30522751118816277,-0.7294354918549828,-0.730524158624491,-0.7051875083080875,0.5492020498303609,0.4780986285389998,0.45451150667509105,0.48693956032761465,0.49961193548960603,0.5706962341048516,0.19413928162275115,0.15957495821740877,0.24250236976873607,-0.5834507096377612,-0.5784102366320463,-0.6231671233515307,-0.420036991110661,-0.4946973818273303,-0.47244647821478486,-0.5704880081777566,-0.5941276830636104,-0.2050353122417763,-0.469035239173854,0.47895442717799297,0.5345169829079083,0.4924205838497227,0.6078726476821948,0.5728919027235582,-0.5624964672293786,0.5090751207654441,0.5755286130614856,0.5690240464731284,0.5790634888464755,0.5625489267979916,0.5362798700874785,0.503265201681798,0.6254866773716511,0.5517619261374609,0.01246933552587432,0.40350291503051494,-0.27838432021200465,0.32338304531876244,-0.5058451798030045,-0.5338581215370266,-0.5233030890099591,-0.5306004770142771,-0.5137799716016562,-0.4431660987034459,-0.36419410427253446,-0.2729789339982628,-0.21659251528622883,0.013297088127883147,0.28542292410819986,0.24162779815281088,0.16240836929337857,0.3571074052047341,0.4930158295568922,0.5853501008385591,0.6033892888750977,-0.46504766793490465,-0.5379955039137075,-0.5362997455674968,-0.45875741391086,-0.1441612468930154,0.643733563237291,0.657766811068776,0.6737121855140068,0.7237174361567428,0.7480050000938873,0.6179062958209717,0.6143456286625004,0.4619818088874739,0.6504645260135372,0.6139601435198563,0.6227381186027666,0.4297535927559671,0.605047945355277,0.61248549774529,0.6256237906508871,0.6140229504655631,0.6090865312279448,0.20825564106625802,0.645158323419313,0.6082053470557218,0.6189177426629356,0.6231224937777122,0.6157514507723356,-0.3703175418913525,0.5942750537765268,0.6129674915608054,0.5961860111299043,0.09273694497846767,0.5777992149135128
CLAIMSx,0.044565783438608,0.03833483395805275,0.0441558178746672,0.02293245243167766,0.0019290320584504743,0.06847970567491922,0.1194713819449686,0.12118097530616898,0.15324876973945617,-0.014698066487059756,0.24897317376330944,0.03986448885220755,0.014799594358661084,-0.03486447320331588,0.2541185089267566,0.07298659325835859,0.20765349679083422,0.13461419487384377,-0.6844874132207772,-0.3609267599745784,-0.7846587802363812,0.20226513220593598,0.14332241562954384,0.8133273317876775,0.17295898382076513,0.7892541747773661,0.8213513307537108,0.502611776151037,0.6975237759434241,0.41142332516228053,1.0,0.12732383762655908,0.009699657886546248,0.4504473049890043,0.02189050415263499,-0.032147353256301824,-0.029421262733192066,-0.03506619081822392,0.12481367260779896,0.17536646355303592,0.24387552443191532,0.19814038698863606,0.1847111383315878,0.2538935830133195,-0.5800874892801567,-0.3666743378215917,-0.5729495819965611,-0.3263665515179907,-0.41231750710390425,-0.35036334815370035,-0.23846164642091935,-0.21802056614463153,-0.3096699905367172,-0.4735677229020272,-0.3938774102475889,-0.16100978598821938,-0.20668067519497774,-0.23227187100237093,0.05586655247540333,-0.10723003096546972,0.03947272714040611,0.049329249352957606,0.06651650732018677,-0.12542598147940232,-0.057228067850077335,-0.04997132061149322,-0.13724250962007387,-0.15500494732189593,-0.19286019029066048,-0.03515469130389611,0.0017540907383085354,-0.07828824833637979,-0.5127830538661496,-0.19506719154772145,0.3466327352846867,-0.05839628416803718,0.18194416244525558,0.16613558851962137,0.17572057489942233,0.1754369653650189,0.200130819419631,0.30791298908367504,0.3841996936510992,0.48321149873748187,0.5533614175627798,-0.22443638814176292,-0.1596497199426471,-0.15200563033687922,0.009446725726920967,0.21018462682714545,0.2664112909724557,0.3015983482472954,0.4390915628046216,0.13535665785249126,-0.3905584316061682,-0.2690546282437427,-0.30525795887763457,0.061800639920955684,0.1743929742580296,0.15636702809286307,0.19643416573524397,0.190445336427854,0.22983498921658693,0.19232201370831598,0.12464928792069714,0.2944550719584479,0.16214793841061764,0.027723346305094536,0.1994534892546877,0.34742058071238385,0.08430710451304957,0.12365697282732513,0.14126895820023652,0.13398170157720013,0.1478975857650131,0.4543417274515417,0.19380708022212886,0.0917810601081557,0.11936149269423711,0.12488206574430459,0.13008474148587723,-0.6424202744026514,-0.006210092893033095,0.04448914971521108,-0.06005096835558532,0.4093182066463932,0.04374466593934491
PAYEMS,0.9701311856988692,0.9757953475595874,0.9678763748697664,0.9785309589173412,0.9532530618474937,0.9861252189446917,0.9872729636566326,0.9889120880547994,0.9768625199048627,0.9618812114421585,0.965307528799554,0.9653369427885585,0.9676821735746671,0.9281450267952888,0.8976149429227764,0.9812438208024438,0.9809761637662102,0.9275185392967128,-0.5688393540783072,0.6299841360028186,-0.13001662395578284,0.9940386155338714,0.9989353718909373,-0.016665168617103723,0.6439914705439573,0.24248975042016113,0.5571311060407744,0.5357125604242189,0.5488033119555763,0.5119202527996715,0.12732383762655908,1.0,-0.19378495349792366,-0.14119495459032003,0.9489344676705563,-0.6930784117388759,-0.6343087921535913,-0.7560020936681646,0.997939864015169,0.9913643198679856,0.9693941967664952,0.9857812544146028,0.9913945075484009,0.9843225060117146,0.47928250107953685,0.6920596283296453,0.5362891490858473,-0.3038528018595725,-0.6318531772484988,-0.4900735487373723,-0.06866242476837003,-0.15713901510434936,-0.06108536873719318,-0.5556709271597842,-0.33707006602705597,0.2929871165505735,-0.10947353102561008,0.8380700337547438,0.9824081178542963,0.9496281995361516,0.9047122643359056,0.9678810086731349,-0.7580378393950381,0.8449868266362677,0.8790544391100346,0.87688127409027,0.7092213498003129,0.5718837545476656,0.5570241427014044,0.9166878592093177,0.880782631861803,0.8749696002761265,-0.08522986069505821,0.8678575838562108,-0.6660966662488719,0.4578147515464596,-0.4901355753015566,-0.518823651262261,-0.5093488744178928,-0.5224776171780673,-0.5151923649449296,-0.49805794171318357,-0.463122488520153,-0.3550359782402069,-0.3199994659057725,-0.00022759289946041773,0.2660184693446658,0.19892159260225048,0.07986554735018318,0.18925260095491034,0.28436009076151714,0.4466534673064342,0.432579699364143,-0.5656390627255332,-0.8926502302019383,-0.9332090909747914,-0.7923314798297293,0.47442411561605224,0.9714226595230786,0.9622431051864315,0.9564751362661023,0.8706236889319755,0.7317383329407189,0.8412844198024677,0.9821158539224889,0.9088896429712303,0.9732192547833951,0.9505570011494031,0.9838541111150404,0.8597318786544442,0.9744402888709399,0.9825297625528185,0.982351952324613,0.9834284421546192,0.9861021791094018,0.5790066518480205,0.9777128060743948,0.9767670643240738,0.9765998057728886,0.9730394363213456,0.9817550243304678,0.14632720716230793,0.8980033969770083,0.9008113654206225,0.8780416305740326,0.15083010106791814,0.9731682425976221
USGOOD,-0.3878031939061162,-0.36004806128259265,-0.4021024774799819,-0.3321025026623657,-0.43344564801828056,-0.2592947932997839,-0.17992861583234437,-0.20878777266157103,-0.10522939503243704,-0.16806398406703799,-0.05731866280790259,-0.34854915054673286,-0.33934861891569473,-0.4203946705141275,0.14646999419650764,-0.23935555020434363,-0.22683750163216704,-0.36120203499960196,0.4180331180122745,0.2086392833390738,0.30577976916771604,-0.23466686223838376,-0.2067309819697061,-0.28562758109185304,-0.7323030823449642,0.324116416223641,-0.19925867907088166,-0.6494942726227564,-0.4936351951062683,-0.6854228470828968,0.009699657886546248,-0.19378495349792366,1.0,0.05121881657887754,-0.06389411856473816,0.8247607408360614,0.8693893578410278,0.7349635573328058,-0.25632586224941806,-0.09902332856151336,-0.008757516495999696,-0.0891489775177915,-0.1380185207919328,-0.16996471061941806,-0.24321234920697474,0.034200693664377606,-0.27889088929724837,0.527923443679555,0.29116587677217415,0.4873687086423968,0.4683294334366169,0.5102477659776271,0.49246450016612964,0.2807681814951724,0.48754994311869565,0.37799524953607677,0.49857943480782874,-0.748452643645069,-0.26013808672568484,-0.4415419289748383,-0.47720328948221796,-0.3829422954130613,0.3893437488204279,-0.49398793133151786,-0.5279170167088413,-0.4987006640813101,-0.6371103852500763,-0.662951235116794,-0.6400160726967623,-0.4213470909899444,-0.566626421373622,-0.522576472411731,-0.5381319564596834,-0.4045003557895484,0.3078940271862549,-0.2979568133849752,0.7344613465080545,0.7378238126325126,0.7444693124188265,0.7460186818108323,0.7417088442301579,0.7172997150097434,0.6848102437115081,0.671640550078663,0.6172426550549533,-0.33592536177304444,-0.4842315532924236,-0.4535833299477574,-0.2552680008602402,-0.35024392509971775,-0.44248596016557923,-0.48377088113681094,-0.45834220362119316,0.5233143665286308,0.04306784450424705,0.07705804231739292,-0.01922244014692969,0.4135874876047319,-0.3543594046053932,-0.392941400067703,-0.3766565252095497,-0.4651172303652321,-0.5212846446508413,-0.33068474208724574,-0.3617387662146322,0.016225907442596395,-0.3567644400994732,-0.46545878367357507,-0.2895979387229385,0.0935297928173124,-0.3961487777425269,-0.3594263791742997,-0.3554465117131965,-0.35209821699121324,-0.3271595876542332,0.3892707342365804,-0.3335151189237401,-0.38653618889288816,-0.3774200800378993,-0.37904140757807286,-0.3590203687150134,0.23589012357486638,-0.5053046689583529,-0.49779737849750605,-0.5571627247704075,0.16457778425087785,-0.3924207731512161
CES1021000001,-0.1264403622652821,-0.14083095566187445,-0.14116628391056935,-0.16639167033992922,-0.13143042909145367,-0.17181090738494756,-0.1930350681619534,-0.17850370230287446,-0.21618358700106524,-0.2922957272848511,-0.1543191892307791,-0.1558623173337681,-0.14532198068769006,-0.17828047529413651,-0.11241933759877613,-0.20367094479024755,-0.09893875352323005,0.041411860742221175,-0.23315011573037853,0.018644031806655827,-0.26788266461727067,-0.08292837005841172,-0.12122676215885457,0.5572241001085725,0.15494542817723028,0.4989902368755472,0.3524476437722287,0.20526416050011861,0.24473862730153595,0.18315557369994592,0.4504473049890043,-0.14119495459032003,0.05121881657887754,1.0,-0.238192987101085,0.11856384694537621,0.15193658066386187,0.06690648934175593,-0.14246424770237448,-0.12370061164785302,-0.05611032276429071,-0.12581407113683254,-0.13940231166849942,-0.08522960702150065,-0.25908049696999397,-0.5174261897163012,-0.3303556592054465,-0.21403264204462288,-0.1391191329341579,-0.38599153083053045,-0.10372878025936967,-0.16479387454297054,-0.25912612642720656,-0.21501750483981166,-0.5010240846068841,-0.13197891685463756,-0.14680290336395266,0.7859532620027605,-0.13274588973991236,-0.2279990524905912,0.02154111741639743,-0.07989227407440934,0.25645169483921537,-0.06050219923758464,-0.05632730010443556,-0.0349211548195324,0.0482313530999901,0.1309686165962282,0.13135532069227582,-0.08329204818692824,-0.10938575460025521,-0.06732268402903456,-0.028527916732250955,-0.17814662427978192,0.6958878949265375,-0.5756886816943203,0.5195080120315195,0.5012342790171658,0.5124889339902128,0.5127247526164197,0.5301061854715784,0.5429913748890104,0.5735654516052137,0.5830346345971853,0.6239588009861812,-0.4128637170344684,-0.4063846381446632,-0.3837242744372237,-0.1563139443670714,-0.16654998847450067,-0.15669007749887037,-0.19858413171167016,-0.0656266032078699,0.3506517598154265,-0.11886644893364307,0.10446991066312901,-0.09906455498392591,-0.2253513061833889,-0.001550170021502157,0.008803298204894821,0.04603721171811812,0.11803948894558207,0.23450652935163038,0.09645512414914853,-0.10022605723699951,-0.07827903474148812,-0.045932487391565406,-0.13960470451805776,-0.06231473778551722,-0.05809989734364404,-0.12063081772433121,-0.10510353994371407,-0.09073861365329837,-0.0946386839790995,-0.09228484838322329,0.024900332267089938,-0.02659478578873401,-0.11291231843387228,-0.07178103191117256,-0.050605850595618965,-0.08260819374765774,-0.47542812140311064,-0.11041531432028613,-0.1628796043245436,-0.09045298099076293,0.0195232912621516,-0.14354781711370954
USCONS,0.9118353748949564,0.9253902262801253,0.91379860735368,0.9396713808487108,0.8971630333043216,0.9520476746526018,0.9596121297691561,0.9545690928231619,0.9542294814214267,0.9661669776304338,0.926475517200401,0.9254179867407237,0.9266017995934615,0.9056352494468695,0.852213989626554,0.9581595667651285,0.9155567281551299,0.8502200373541001,-0.462632434815936,0.6576760397517025,0.004838264882913801,0.9234274104904339,0.9438021769760622,-0.20563001157914185,0.45087692541621927,0.15120077908313298,0.39947266501492196,0.33107375670750583,0.3686979112358314,0.30522751118816277,0.02189050415263499,0.9489344676705563,-0.06389411856473816,-0.238192987101085,1.0,-0.6140633410173215,-0.5409876590750503,-0.7000078592361917,0.9391323435282488,0.9383628977909463,0.9163456125509563,0.9307693593361701,0.9455115951729666,0.9181466811169037,0.41055195353354784,0.6750116878050318,0.4790339744797662,-0.10847886057108705,-0.46890796470764345,-0.3392075922654427,0.11386015923083478,0.011097085987975704,0.13297586226846375,-0.3819405391883131,-0.17666093232232546,0.4504474338796949,0.06278867838212022,0.4338921484954876,0.9319892647635458,0.8757711770149201,0.808919537527184,0.8944376950645111,-0.7621922994982454,0.7509093565273027,0.8005423571173874,0.7986133215196265,0.5865727534979793,0.42322726240075725,0.40963623027032997,0.8543121696945731,0.8290307025266077,0.8130368407239502,-0.024484135437438714,0.840734047191945,-0.6944453217019744,0.4489149631898912,-0.4270097184427746,-0.4512988518112347,-0.447626748820656,-0.459786684321903,-0.45947617841911675,-0.4709811932674944,-0.4560607339726856,-0.3667859029069881,-0.3371908774545761,0.0057769320252037265,0.21423281473764552,0.1540074124458046,0.02221232854793473,0.08030086730709046,0.15554434758469993,0.31265500730658874,0.29625258370703095,-0.44828505024816495,-0.7895525187386332,-0.8450402152558419,-0.672518491944073,0.5001627856402401,0.8741509181683732,0.8646067872046681,0.8567647786274643,0.7835093080648704,0.6463619052872571,0.7828627785572463,0.903395758882038,0.8065780374453236,0.8840026086159879,0.8761536686133515,0.8951995044595186,0.7757394807604305,0.9014414679050631,0.904872780584018,0.8992148420883732,0.904259205211103,0.9038851410804232,0.5028345457544104,0.8837802371594401,0.9006194754492138,0.8992133440810969,0.8911970563225201,0.9054810832335994,0.23416118488157622,0.8679753143599399,0.8753924401045001,0.807143660582609,0.16486892569003736,0.9176778547901189
MANEMP,-0.8258144075113577,-0.8108519653557609,-0.8374096401324836,-0.7955179072882271,-0.8531844341276995,-0.744798907165654,-0.6852582224790524,-0.7060219849040511,-0.6216902187722114,-0.6736784499529602,-0.5714905216440902,-0.8009501699236721,-0.7948688052756969,-0.8448971608227,-0.36993834802329245,-0.7307152477601214,-0.7023646911588619,-0.7790299076595953,0.6116433878059516,-0.21566606049334042,0.25576166163179953,-0.7142195309240481,-0.7015930986989085,-0.14061300255002923,-0.8490106752237361,0.13882217211676062,-0.40970220981897193,-0.7173069523626359,-0.6182159386815551,-0.7294354918549828,-0.032147353256301824,-0.6930784117388759,0.8247607408360614,0.11856384694537621,-0.6140633410173215,1.0,0.9911493325179646,0.9816252500541064,-0.7368033568125841,-0.6131801138737907,-0.5331554637835487,-0.6009075701073444,-0.6472584731430943,-0.6597259935716989,-0.414352114163465,-0.3323223340238184,-0.4779136759760422,0.4928744831235522,0.5093766863706779,0.6044427635138242,0.3108751062116164,0.4065957951007344,0.32804691150323206,0.4555387280266225,0.5175923527105315,0.04662503544449217,0.3664762169149755,-0.9039606162702712,-0.7363672228665747,-0.7702338424630291,-0.8458557231905693,-0.8147846162158531,0.7331738670484377,-0.8206228426136238,-0.8763975886977241,-0.8533851345909582,-0.8452273961534723,-0.7761849394264271,-0.75022682122243,-0.8216118561459571,-0.9203291713471996,-0.8787183038707603,-0.40907023522175756,-0.7947034065357983,0.6033301943700653,-0.46084583700010207,0.7967203997717865,0.8144976620462534,0.8168806113705985,0.8251295808478413,0.8204836353050131,0.8069553693275692,0.7707619731731329,0.7082578814667414,0.6457626490309684,-0.24449659490758927,-0.4829809919686918,-0.42521435978474986,-0.20586532019808115,-0.31396323017934247,-0.4309750480044935,-0.5517275798085093,-0.5299698960359762,0.5996721912518352,0.49758615189762323,0.5432477353723709,0.3794425697851457,0.05091479883010717,-0.7852613073478162,-0.8108304159214508,-0.7956752979921481,-0.8274998342204545,-0.7995694903136623,-0.7195714922729194,-0.8020922601739673,-0.4488571017860926,-0.7902396085259126,-0.8658917908875433,-0.7426714708988277,-0.3713308414937681,-0.8269047029515526,-0.8008316561409193,-0.7952859251757738,-0.795312539398314,-0.7755471759972813,0.015065721214231319,-0.7728725351071042,-0.8193057122340281,-0.8137083945356228,-0.8115707849421704,-0.8021707893239463,0.099058786133248,-0.8944444767943784,-0.8896537403268469,-0.9013061024058729,0.03385505893439942,-0.8289339333571086
DMANEMP,-0.7722888054793556,-0.75545242815155,-0.784672240181302,-0.7368987683181147,-0.8029704113533506,-0.6810475735928527,-0.622360331052214,-0.6437480776920006,-0.5602397705545242,-0.6105899491131553,-0.5122771919191479,-0.7396095945336325,-0.7318403988421209,-0.7833966752249376,-0.31163368038049344,-0.6666141555079268,-0.6462789351943454,-0.71807885842223,0.5950581413545655,-0.13560021952673643,0.2952975379686631,-0.6600140890725984,-0.644706406717886,-0.1705780533926518,-0.8407911939273236,0.1564334796119195,-0.39793104875637064,-0.7182371238128931,-0.6186416853096689,-0.730524158624491,-0.029421262733192066,-0.6343087921535913,0.8693893578410278,0.15193658066386187,-0.5409876590750503,0.9911493325179646,1.0,0.9476056819798482,-0.6818181124932323,-0.5546880135396454,-0.4703559084279157,-0.5437694285292696,-0.5917457058475182,-0.6013367859762129,-0.40316336583679385,-0.30270499714126525,-0.46504613414706875,0.49966230138712703,0.4837643580101829,0.5856819125379846,0.33832906811561414,0.41835294247102645,0.3502610455642897,0.43365305224504336,0.5047604897788317,0.09453046406548248,0.38501773925562494,-0.8600076485457111,-0.6783701414440523,-0.7312028176372644,-0.7991216253986428,-0.7643922551407111,0.6794932564214707,-0.7864610387219063,-0.8341679575199041,-0.8078556608485798,-0.8152894492841654,-0.755713815098,-0.7299904149973903,-0.773298742047197,-0.8755994131965167,-0.832415772385517,-0.39344288050236076,-0.7441045467611904,0.5883776155148729,-0.4692128797671394,0.8232864073194622,0.8373466325608417,0.8387188967447425,0.8455863943559613,0.8396026041506272,0.8141026548412014,0.7757866428274778,0.7185542480924488,0.6585373497469004,-0.289221968697748,-0.5235406935352752,-0.4690408607418551,-0.24946640170846485,-0.3695383577073441,-0.48161395630243126,-0.5878627634061558,-0.5597441146733404,0.6073982999571901,0.44440675204045194,0.4993676553485601,0.33974499784267376,0.08578392342742842,-0.7366045066090996,-0.7619753430301252,-0.7452803428889043,-0.774089380313392,-0.7483779310345213,-0.6664744004911299,-0.7543816194583498,-0.4111816602471361,-0.7417361841747806,-0.821801559556444,-0.6940399252885516,-0.3320019229837725,-0.7801987062406336,-0.7533715150560355,-0.7475449968210474,-0.7472875178466132,-0.7282159383517671,0.03718848811720194,-0.7238108902613334,-0.7726278040562606,-0.7636796935508443,-0.7611214840176755,-0.752203976722994,0.10143418989979922,-0.8415040400324392,-0.8364214671767469,-0.8597346829716167,0.06811184011892178,-0.7767467823479948
NDMANEMP,-0.8770726041121166,-0.8652690649261218,-0.8871742900607632,-0.8550397444905388,-0.8988314031829925,-0.8132750266785377,-0.754359118795629,-0.7735802713696381,-0.6906873038610704,-0.7434134247412583,-0.6388329942808955,-0.864214909024343,-0.8607487656453428,-0.9070251455243531,-0.4422423284727142,-0.8001320718662833,-0.7611417790529845,-0.8424163871420443,0.6164630751960355,-0.32404720997288716,0.19097890807319137,-0.7699251832099451,-0.7615454564644625,-0.09316823395880483,-0.8344239370311501,0.10919052334528156,-0.4138817957723568,-0.6936639509774913,-0.5983794188930128,-0.7051875083080875,-0.03506619081822392,-0.7560020936681646,0.7349635573328058,0.06690648934175593,-0.7000078592361917,0.9816252500541064,0.9476056819798482,1.0,-0.7929276222326226,-0.6781894685463495,-0.6068449217571182,-0.6643523639379392,-0.7069255675159891,-0.7231400203245262,-0.41754993529594214,-0.3645605118590524,-0.48154805456654964,0.4677907590946101,0.5303521868148878,0.6126136095012107,0.2617452004128955,0.3770520853643851,0.2859148136789452,0.4728316787626104,0.5199415655609074,-0.023684738203652973,0.328428149783501,-0.9372426412842433,-0.7968343043255681,-0.8072031267480012,-0.8867285025636348,-0.8618820430507176,0.7875357006690471,-0.8442087060871557,-0.9098458347042554,-0.892292231046364,-0.8619767096081992,-0.7814735199788997,-0.7559852297070798,-0.8655082410352518,-0.9560049999919187,-0.9179488226850552,-0.4188124162810903,-0.8427221189187064,0.6060615780405545,-0.4344881040669545,0.7337586103285533,0.7563259735603142,0.7600875926644121,0.7700657910256032,0.767487354833521,0.7715880275111621,0.7395712061949793,0.671433187096028,0.6073189677588209,-0.17260469817782342,-0.4096607815060852,-0.3489947677828938,-0.13679080531867963,-0.22431556585817494,-0.34478407440339326,-0.4826294289260392,-0.47069167322328254,0.5745167133447905,0.558553566029806,0.5894282569578894,0.42470491885101613,-0.0007898205366262143,-0.8307820981205492,-0.8558410878404192,-0.8433706924314994,-0.8785401040140568,-0.8482888369390361,-0.7735175588661273,-0.8457296392645592,-0.48905424362633787,-0.8353851247866492,-0.902341184494371,-0.7894803678461166,-0.41631553224690715,-0.8683264058187022,-0.8441481645868835,-0.8391784954447319,-0.8396126412907751,-0.8194646637465605,-0.017202326406670156,-0.8193605053893702,-0.860923344680911,-0.8603165587117488,-0.8588499977674204,-0.8490487770990828,0.09294253177651896,-0.9427273727557965,-0.9385051023335633,-0.9330336509084007,-0.016438866520636343,-0.8785421185050646
SRVPRD,0.9811991046278375,0.9849647446474654,0.9799126284555649,0.9858325270676168,0.9675544744224975,0.9885535746675158,0.984494185644371,0.9879964321128748,0.9693520934972699,0.9587006285953716,0.9548341743178385,0.9739084404711783,0.9756174420253149,0.9419628723941497,0.8748119486685083,0.9824401484488218,0.9813578054758253,0.9374746580374018,-0.5877963715684988,0.6070584968058491,-0.1480978536352811,0.9947398179290272,0.9977375383806721,0.0022592356175904975,0.6823932541033843,0.21772128668910018,0.5619536641718739,0.570294246052044,0.5729995854177476,0.5492020498303609,0.12481367260779896,0.997939864015169,-0.25632586224941806,-0.14246424770237448,0.9391323435282488,-0.7368033568125841,-0.6818181124932323,-0.7929276222326226,1.0,0.9832343887414111,0.9556849330785971,0.9770878356625897,0.9858142581203,0.9809355979987062,0.4881263841303484,0.679627010238249,0.5466263908980932,-0.33390021362716177,-0.6415852196795343,-0.5147252781795804,-0.09827766332618118,-0.1881920264665499,-0.09239057404104245,-0.5658453867876913,-0.36398782959753634,0.2639512252804124,-0.1404657310565237,0.9000572212153402,0.9849463851348224,0.9497750368098667,0.9225903939101542,0.9786641962665897,-0.7723312504022485,0.8648425310747607,0.9006270531956848,0.8965752749149597,0.7404368953470374,0.6068125647051027,0.5906720117206021,0.9307367863097608,0.9048612217983212,0.8962531460023486,-0.04878254520589627,0.8815242138639705,-0.6764181562017947,0.47055498097028736,-0.5309452411559651,-0.5594305506656759,-0.5505299531516187,-0.563566594140434,-0.5561068288716545,-0.537628587613403,-0.501083155453782,-0.3937278266645021,-0.35565010274260456,0.021743908098936404,0.2937660184939429,0.22565340331998074,0.09538238335162762,0.2093688883825406,0.30910742353609577,0.4717096164120576,0.456180263874319,-0.5838616744081853,-0.882315381702484,-0.9244995138364319,-0.779401085123574,0.44038754746070785,0.9802844639704634,0.9737632559846917,0.9670153015007438,0.8882136624892623,0.7550476076476851,0.8505153091514601,0.9913026969445815,0.8944379717066626,0.9822118697136966,0.9669916629069754,0.988297628856829,0.8409490842302987,0.9859904894231375,0.9915592868316112,0.9911238291684704,0.9919654943897763,0.9929689549003804,0.5450194980559043,0.9851188073125456,0.9876543606838507,0.9868934100126637,0.9834915232664753,0.9907694113081569,0.12308011903794634,0.9178180830456176,0.9200937358615011,0.9015417162161272,0.13784522358648862,0.9838879492668607
USTPU,0.932442218474298,0.9406776301507725,0.9288487711554747,0.9453227966915194,0.9092726128645976,0.9632552112273429,0.9788688852567614,0.9774795899066521,0.9785758143560798,0.9439051139130913,0.979600509655491,0.9310293238366537,0.930322035833879,0.8772903370336425,0.9393574323339243,0.9612454423487259,0.9718254461298643,0.8928924820707022,-0.5554618946564006,0.6267013404511348,-0.16366366218528108,0.9878559581843908,0.9914018570874098,0.010177379911304305,0.5964672597566003,0.33227075992766025,0.5917269417184251,0.5093342495275965,0.5446227860386469,0.4780986285389998,0.17536646355303592,0.9913643198679856,-0.09902332856151336,-0.12370061164785302,0.9383628977909463,-0.6131801138737907,-0.5546880135396454,-0.6781894685463495,0.9832343887414111,1.0,0.9917537719885972,0.9987334359363694,0.9962994380530958,0.9832806178237308,0.4514522831543165,0.6970995099752875,0.5060418717591344,-0.2693706482492097,-0.6148032300689343,-0.46244494719889623,-0.04293580132967546,-0.11126456996217336,-0.027709698415853936,-0.5432356670493749,-0.30855640302962023,0.3171897263103144,-0.06635487547430163,0.717046700968362,0.9662632217993464,0.9378341868126662,0.8619038482818149,0.9352089109630457,-0.7097886607846194,0.789156645189425,0.8202255793237868,0.8213386638167156,0.6368514950670975,0.4989448983549221,0.48600765429689324,0.8702204835542012,0.8169507104848195,0.8131660237527598,-0.19190283321039117,0.8088176496281617,-0.6295341379829339,0.42992071257782155,-0.41982878906691184,-0.4483316570778219,-0.43557363358300505,-0.4485667285959865,-0.4390987563178578,-0.4111670322315074,-0.3725159498844429,-0.2595282000710187,-0.22962618606766205,-0.03354400924875218,0.2309845646069748,0.1659546173931045,0.07808608999615085,0.1973005398737699,0.2859142122713595,0.441866699013048,0.4318806288761028,-0.5335199261641246,-0.9208210005388031,-0.9582248657442826,-0.8294300132492539,0.531336794900723,0.9529714497138183,0.9372865931341661,0.9359694031349219,0.8359084795836202,0.6871826078392549,0.8226578864876387,0.9586873004288572,0.9492573454420035,0.9546923245302157,0.9068755675159964,0.9759051183406259,0.9138452011985991,0.9433143509470632,0.9594742498486694,0.9614928997478104,0.9618677209416762,0.9696307624723352,0.6761509452348591,0.9630953253321725,0.9482200835622929,0.9487038082406277,0.9444408256964709,0.9573409119236885,0.17702613671838846,0.8451171450947477,0.8485525235694178,0.8144784759687334,0.17560817250934557,0.9363749005304217
USWTRADE,0.8871817880073256,0.8971002969851257,0.8821368472126516,0.9033501381551468,0.8577608018910519,0.9318824910853122,0.9587034305006873,0.9553393524916148,0.9654472280040504,0.9100390147778292,0.9797676586283111,0.8918420276404773,0.8878057595520071,0.8240570786686302,0.9626670695043578,0.9318502067446525,0.9531136552464446,0.8598042100106131,-0.5546279639620797,0.6153487906552599,-0.19786524983625517,0.9700034316968312,0.9705569883534227,0.05771195198428735,0.5506878190184149,0.42525421918099654,0.6327902472737287,0.4934125461048811,0.5505116309822774,0.45451150667509105,0.24387552443191532,0.9693941967664952,-0.008757516495999696,-0.05611032276429071,0.9163456125509563,-0.5331554637835487,-0.4703559084279157,-0.6068449217571182,0.9556849330785971,0.9917537719885972,1.0,0.9934559302490207,0.9846593292458122,0.9725854473381986,0.3979506723488424,0.66496497319072,0.44783025192264553,-0.2511494379680654,-0.6097247696122601,-0.4550999911594771,-0.02323861957529699,-0.08800185455794304,-0.01469921402617798,-0.5462398144148437,-0.3086088222667013,0.3309748259008582,-0.0437132153382842,0.5362674084385585,0.9389905493324336,0.9167285150264882,0.8169802536413295,0.8939346288816432,-0.6623441923249095,0.7235156683948378,0.7570596711307355,0.7612018215405214,0.5636532206057905,0.42711170471789583,0.41412994499537586,0.81724178612872,0.754623877383588,0.7482136160162814,-0.2819549081149457,0.7432253101694452,-0.5597079257767533,0.3789075498080666,-0.32225162983567274,-0.35125913389058283,-0.33662624501781885,-0.3495633805679081,-0.33848583837162916,-0.30539341191959646,-0.26364768590506243,-0.14709036143901988,-0.11807252826097438,-0.08624669158379072,0.16681037013288313,0.10521183412173028,0.05338167924628955,0.17466206652110924,0.2584786457333722,0.40846446845381573,0.4117665678459754,-0.49314968967056494,-0.9395182744155459,-0.9618426768750605,-0.8467154304961754,0.5536920971990515,0.9268425760364533,0.9067673934808723,0.9121852702129583,0.809246849512546,0.6645494228227141,0.8115180689612421,0.9245511044888486,0.9644776398450939,0.9276285736057216,0.8544657850321103,0.9562394624854132,0.9429278935646959,0.9018954853105061,0.9254235891507795,0.9299629010286735,0.9295190255732483,0.9409139838158007,0.7451778189064986,0.9397190943572687,0.9088866275046585,0.9124594381464866,0.9085026412769158,0.9234515852114796,0.1558814269070201,0.788584598556914,0.7957387464248771,0.7481601843351796,0.20979797361227945,0.8914284830957687
USTRADE,0.9198996490007545,0.9285123267963888,0.9170644080868706,0.9344344376204543,0.8950005407266836,0.9561753773418299,0.9764291137123123,0.9743119269984628,0.9797937283528645,0.9384447801017625,0.984304489099473,0.9208213234787983,0.918540005120931,0.8639504860609422,0.9487554337679562,0.9559929499627204,0.9694323267972681,0.8816186362752915,-0.5606331956426384,0.6031308494468693,-0.19387614835195288,0.9849548039431236,0.9865616900287723,0.03403051681388799,0.5950683157699516,0.35818471693058573,0.6111953680852207,0.5200804093544413,0.559418671302825,0.48693956032761465,0.19814038698863606,0.9857812544146028,-0.0891489775177915,-0.12581407113683254,0.9307693593361701,-0.6009075701073444,-0.5437694285292696,-0.6643523639379392,0.9770878356625897,0.9987334359363694,0.9934559302490207,1.0,0.995574402036219,0.9828347717149584,0.4360043650462415,0.695582851002519,0.49309005639551706,-0.2602401337586751,-0.6073999436248798,-0.45152413802153835,-0.038732516755400216,-0.09984743526926086,-0.01952083591296151,-0.5375793175998157,-0.29770259601299304,0.3205332015640322,-0.055984238162394055,0.6969273747379222,0.9596066203837753,0.9328004328542736,0.8466251065796191,0.922246000098949,-0.7064782195505954,0.7661750661834061,0.7998164551431374,0.8021377041149097,0.6136530093480725,0.4764931738576665,0.4634613401112043,0.85009038795296,0.7998805485678463,0.7921191755655178,-0.22077060086501715,0.7833770525798626,-0.6242295063291012,0.4302176506375019,-0.4151026062911174,-0.44380720065069024,-0.4300814551769112,-0.4427527057531648,-0.43220795697983827,-0.39793350307329967,-0.3559812386178093,-0.2405070444824279,-0.21137355052732593,-0.03760110719010789,0.23103012001047982,0.167278720889122,0.08586721458242619,0.21470951880909314,0.30432623812738135,0.4583083786362115,0.448639600966497,-0.5356464192115044,-0.9264989972485431,-0.9651071454579875,-0.8352450961299155,0.5359756497230138,0.9460794218181194,0.9288815688280544,0.9292759317686141,0.829734648294895,0.6799257411384237,0.8175313378429587,0.9510465433035643,0.9568250736709758,0.9492961506632537,0.89378534954654,0.9730426363735324,0.926623637457213,0.933286229234143,0.9519699962099899,0.9550122964240723,0.9547203137544992,0.9637737412024853,0.6998984636700657,0.9583758202305016,0.9389045878364275,0.9393586664007515,0.9344247607212506,0.9492742287718358,0.1729904251015396,0.8336019816930772,0.8391898439882447,0.7946428336300765,0.18367849004820783,0.9246635611127941
USFIRE,0.938940984677591,0.9468821060642478,0.9375430980959358,0.9507676899800858,0.9176940617550702,0.966838742067509,0.98270595145405,0.9816729791433353,0.9809182879909872,0.9478143841607809,0.980244497116173,0.9360928836719506,0.9337473444755254,0.8870479458451976,0.9275574175412418,0.9664303196942532,0.9747508142462272,0.8916232913720538,-0.5812309703894425,0.5931641218928217,-0.18862970417984393,0.9908403495674571,0.9928768326237188,0.02586037210636946,0.6087556221387594,0.3259109463464175,0.6032141206974803,0.5320352989557218,0.5683551515707435,0.49961193548960603,0.1847111383315878,0.9913945075484009,-0.1380185207919328,-0.13940231166849942,0.9455115951729666,-0.6472584731430943,-0.5917457058475182,-0.7069255675159891,0.9858142581203,0.9962994380530958,0.9846593292458122,0.995574402036219,1.0,0.9838847988417488,0.4316599370033457,0.6805967377418664,0.4926803489976604,-0.2700383940240873,-0.6048981175220252,-0.4712596727599341,-0.040905553749464175,-0.11479785349987369,-0.025249199921893943,-0.5311403932040287,-0.3163316274000421,0.32332600494558905,-0.06878539009647756,0.7368540542955619,0.9668705946050578,0.9299974102580038,0.8630833709471805,0.9383223691433192,-0.7267551437170645,0.7894305461243067,0.8275206162275414,0.8268882889595528,0.6351363065320508,0.49172097175735485,0.47672236193226425,0.8725672253872826,0.8339478967373593,0.821501114065301,-0.1752361761161043,0.8109711173862855,-0.6449339214595837,0.4569387191479504,-0.44958567611072764,-0.4778722850214069,-0.46569333340263824,-0.47852132028067074,-0.4688273286415373,-0.43713072012988974,-0.39611536217754345,-0.28319009203383644,-0.24950787523053145,-0.01694269080159067,0.2508015034064626,0.185471786929653,0.08986717012058525,0.2185596394948643,0.311112722688864,0.46619195813477565,0.4575278329754118,-0.540187114474252,-0.9113386908870272,-0.9547093734415301,-0.8150899732205783,0.5176591615225168,0.9568078903159956,0.9421330509701997,0.9405689613520979,0.8461537946472596,0.7022582146668891,0.8292471019255232,0.9652090810908718,0.9390436638520974,0.9604433846785811,0.9156229073192919,0.9794866238059288,0.9065066055322865,0.9513616130970503,0.9662537082826229,0.9673267015423589,0.9681779017828758,0.9748258936881045,0.661104134665149,0.9672872752095294,0.9554508175889485,0.9557157145806725,0.950245709469371,0.9643288068470873,0.15687442801950646,0.8647827674396368,0.8678776040770529,0.8253732687012592,0.1772408486303702,0.9436460437992571
USGOVT,0.9402029577703638,0.9445691049814602,0.9389050502781396,0.9473637370589274,0.9136910094316725,0.9652345551766537,0.9746259435823537,0.9756583567611344,0.9772145759529663,0.9334763941915728,0.9812863185121168,0.9336789949394022,0.938291690028619,0.8898245379944261,0.9265641181772232,0.9617597855219822,0.987860604738917,0.9251117948614885,-0.6336249420139761,0.5572129386483656,-0.23635634040114537,0.9902041239766659,0.9853043654098198,0.11037768984518011,0.648822060544091,0.35330300773076345,0.6594649484737024,0.6045447181091984,0.6378824424728526,0.5706962341048516,0.2538935830133195,0.9843225060117146,-0.16996471061941806,-0.08522960702150065,0.9181466811169037,-0.6597259935716989,-0.6013367859762129,-0.7231400203245262,0.9809355979987062,0.9832806178237308,0.9725854473381986,0.9828347717149584,0.9838847988417488,1.0,0.37431310287588515,0.6350269688220981,0.43714934648029935,-0.3165301245595638,-0.6652125925369402,-0.4879335725397945,-0.08062274718609978,-0.16515180000462915,-0.08173392829608321,-0.5978941304720333,-0.3456062612337351,0.27460037825300093,-0.11861848115075597,0.8607978452907887,0.9540640652448943,0.9358835517196863,0.8706221779875818,0.932173446347042,-0.744839037634803,0.7841522087352173,0.8298544523729645,0.8350546960298524,0.6521241377843355,0.5168512677968664,0.4976151947457647,0.8639062492935183,0.8466697652956291,0.8226788472821523,-0.16737174026084187,0.7930321243530705,-0.592503460943457,0.4315386127328407,-0.4456483642117729,-0.47604983629907743,-0.4660725665820091,-0.47797737059120154,-0.4672473979395327,-0.43346165601366293,-0.3864380204922916,-0.2667511004818566,-0.2252421411841144,-0.0368431286722327,0.22845146497877353,0.1685448054050463,0.07782907864300533,0.21628669793691646,0.31927253902005903,0.4806822054026064,0.4839987646621185,-0.6348847732902302,-0.9283638683961257,-0.9494089335870929,-0.8113931251432746,0.42952883561040145,0.9570612524966375,0.9457317467501165,0.9477088411130226,0.872772481026045,0.7442471553260598,0.8499292099530977,0.9602102558521382,0.920551130660177,0.9582387499656378,0.9152495454990072,0.9744761755557322,0.8754475338737551,0.9460539489935398,0.9603651316558093,0.9637689382584416,0.9628428628345534,0.968202232515697,0.6242152370840415,0.9684548598025321,0.9501151366963086,0.954558893665347,0.9526144532658474,0.9615338030782865,0.014562622716416531,0.8616951374123791,0.8749154765169955,0.8317378141219034,0.1935759298340607,0.9441710326364833
CES0600000007,0.5201865988513799,0.5205952128780529,0.5154418701828926,0.5290845261401315,0.5510654162027095,0.500186707332094,0.46464259541788616,0.47164001918205983,0.41667967013985213,0.500925085027635,0.35848194465399824,0.5312164788599452,0.5296206624675664,0.5291879495968216,0.33675321510013373,0.4868660200099466,0.4019268188066733,0.43263651975704814,0.21331578674892132,0.5729931441515116,0.35205490636974285,0.4450386266486022,0.47525584761162526,-0.4235391545117187,0.4573556422280814,-0.3741339980253358,-0.16347413332065228,0.12771299119989474,-0.06034528316834386,0.19413928162275115,-0.5800874892801567,0.47928250107953685,-0.24321234920697474,-0.25908049696999397,0.41055195353354784,-0.414352114163465,-0.40316336583679385,-0.41754993529594214,0.4881263841303484,0.4514522831543165,0.3979506723488424,0.4360043650462415,0.4316599370033457,0.37431310287588515,1.0,0.7631426383220823,0.974767123178339,-0.16856194811369782,-0.18515795424442338,-0.19173495444154737,-0.10407723037286536,-0.14949762229023714,-0.06953918874609019,-0.13892538002021237,-0.10283221431757952,0.04725487216362546,-0.15108696801890065,0.33736685392522286,0.5592576901310179,0.6577596932274317,0.5549089172057002,0.5524689832583711,-0.4940420657324303,0.6174990147277353,0.56300032133093,0.5403817807161265,0.5868125736737815,0.5621553694298995,0.5846022378576929,0.5577417230513564,0.49279811161285647,0.5559293076775115,0.20889874132986674,0.6090351598648623,-0.5938168702164885,0.23294877117832372,-0.44906633778358,-0.45565133856124285,-0.4487678111488538,-0.4571673244365237,-0.4648413957866232,-0.5131711177008442,-0.5321422500785405,-0.5450179559758901,-0.5846628585502827,0.16695853169069502,0.32496051134207393,0.2728753276485534,0.1054384648479994,0.043862460118323614,0.07161264055871511,0.11696626776849284,-0.005893738438187967,-0.3845962004327832,-0.30528010267323497,-0.4100060955274395,-0.3047305038705853,0.2105508374543838,0.49752932229130825,0.5042296589927152,0.4822982255265785,0.43155506970656965,0.3363440696373292,0.4012594879982257,0.5131926703763461,0.4016867360526533,0.5074217599352551,0.5518848602777633,0.48298144828159323,0.3387871967237689,0.5257249218895041,0.5135720146726743,0.5097409865575439,0.5085302027427256,0.5054886977234448,0.11918557126166672,0.4837754606650738,0.5273154931084777,0.50132032698929,0.49394429169680454,0.497954461511263,0.47222811778429147,0.4854442341360357,0.4578451505438062,0.5565941493206271,-0.2670054204694582,0.5216863718850776
AWOTMAN,0.628832333539156,0.6433469712314562,0.6299309853991115,0.6770341529614531,0.6265283086101388,0.701114678035613,0.7180552904779528,0.7084267466901405,0.7280154936549468,0.764794916265348,0.6871773042949555,0.6693612740999335,0.6704154898611885,0.6375096608443902,0.6990600739005873,0.7113110036896827,0.6420814553750357,0.5191156495517188,0.08665231712211574,0.5569290418247198,0.21749140311326537,0.64734323133009,0.6797120107323589,-0.42845376885441905,0.33826008097719307,-0.15392796063949665,0.03642368373050071,0.13506442278370798,0.05745814328348579,0.15957495821740877,-0.3666743378215917,0.6920596283296453,0.034200693664377606,-0.5174261897163012,0.6750116878050318,-0.3323223340238184,-0.30270499714126525,-0.3645605118590524,0.679627010238249,0.6970995099752875,0.66496497319072,0.695582851002519,0.6805967377418664,0.6350269688220981,0.7631426383220823,1.0,0.8079191839738784,0.008926241913590831,-0.29991838265301757,-0.013422398625817289,0.1028278618066268,0.05451717256365231,0.17400724785738542,-0.21929431993598275,0.13944768864763948,0.33018772258761847,0.06146669100215641,-0.3308080253126791,0.7197999472274152,0.7104061247696322,0.527266341718129,0.6281178539126625,-0.6585905678617984,0.548894851180601,0.5257470441013572,0.5104309000760091,0.40202569290166845,0.2955871323259279,0.3119655933663693,0.5588354486669379,0.5086506399067743,0.5236683344164471,-0.15443383556619605,0.6102183541238346,-0.7685009936467172,0.43955817054431795,-0.4460656521939947,-0.4577900430292823,-0.44478482824919774,-0.4525467327393557,-0.45789298118124383,-0.47757899884809857,-0.4825377485028662,-0.45340398948515986,-0.4997208434989498,0.12185686489243126,0.327102623556946,0.27749491816439087,0.12172118837215702,0.11690228978774157,0.15181200513377593,0.23318928176836853,0.10595312682567105,-0.45816535719098034,-0.5428496400818806,-0.6821704578852897,-0.47626597444132873,0.4784801293655335,0.599778746167773,0.5835221876409122,0.5662986082475882,0.4693783622186997,0.3058935489975097,0.4610862868376896,0.6425995132697236,0.678484187833672,0.6308171855892147,0.6255436890433504,0.6473573147543628,0.6412896020986899,0.6362648763898305,0.6455612269613233,0.6440643463052457,0.6421066148461717,0.6499361456423017,0.4683738719738946,0.616808582924814,0.6398477637355791,0.6124773218297057,0.5961431619675556,0.6261329640027435,0.5278277778654542,0.5421418134959742,0.5656624476533203,0.5364393010547414,-0.09295925696925048,0.6396934010789118
AWHMAN,0.5775877208605915,0.578282257202636,0.5763644463007259,0.5902531744364793,0.605586869228439,0.562470518442615,0.5295323786021007,0.5355719460326714,0.48692810594674163,0.5705743334388431,0.42495665487605816,0.5885618206746801,0.5878587857566383,0.5908083360087668,0.394183591097606,0.5529794678527474,0.4682939708586944,0.4881051816892781,0.17609224478845054,0.578206294655399,0.31869688282241143,0.5039258663413224,0.5333001983026686,-0.4160274159065581,0.491663292728539,-0.37103884160202444,-0.12648609422903967,0.17845083361262415,-0.008046148119461655,0.24250236976873607,-0.5729495819965611,0.5362891490858473,-0.27889088929724837,-0.3303556592054465,0.4790339744797662,-0.4779136759760422,-0.46504613414706875,-0.48154805456654964,0.5466263908980932,0.5060418717591344,0.44783025192264553,0.49309005639551706,0.4926803489976604,0.43714934648029935,0.974767123178339,0.8079191839738784,1.0,-0.1530694653462334,-0.18455492992562514,-0.19334102064659905,-0.08632122589418395,-0.12224973729669875,-0.03838929146677454,-0.13154534156515377,-0.09151975224699387,0.08370670159128499,-0.11908415575824463,0.3902809822402261,0.6127317364439782,0.6978536799108509,0.5968900886085086,0.5995476416175621,-0.5842212462201632,0.6485629596035162,0.6074205400282694,0.5885136880410654,0.6089324596054233,0.5699251446214403,0.5878143595903789,0.600725186215042,0.5554358108669588,0.6019105495641472,0.2193573243881799,0.6478523047650055,-0.663514982446864,0.3275468333076201,-0.5170755099056142,-0.5252444138208889,-0.5194585092736228,-0.5278809468263167,-0.5351725151339228,-0.5797257363456799,-0.5939439771616686,-0.6008391869562185,-0.638807870393855,0.18726554285977476,0.3618373019674444,0.307992193604397,0.12169665348743545,0.0759850810124296,0.11539613540742236,0.17022897541518675,0.04069264698138439,-0.44631337121279385,-0.35566809170305735,-0.472073444436817,-0.32818438600106226,0.21146112723335908,0.5452854599246482,0.5517013654598777,0.5300330251630166,0.48287146969679756,0.37821954814496095,0.4574965484760355,0.5679131739187092,0.4400096444977386,0.5578533496331485,0.6070759743063624,0.534802778607089,0.3760031354380309,0.5816299870997262,0.5684731101254784,0.5639887429896051,0.563048722363685,0.5597496918086396,0.1355382994794106,0.5348580558181814,0.5829678488127518,0.5565647461997918,0.5479702300817746,0.5542689585013811,0.48220717173913086,0.5493263603440754,0.5263690388352543,0.6068419467788838,-0.2436558402276004,0.5813644868347579
HOUST,-0.37152720671688744,-0.351475527341664,-0.3678884730910096,-0.3146039833979573,-0.3795815149585812,-0.29159922122213605,-0.26066076628623425,-0.28513435938736703,-0.1952429226640405,-0.14033806841758437,-0.22102573469345208,-0.35336164539018655,-0.3207950882863064,-0.3231036361089725,-0.12701521885761646,-0.27032649793007674,-0.32016809060633394,-0.36946719480113227,0.4085043874876675,0.032935399587499053,0.24403609406355856,-0.3440858548301209,-0.31333387858264283,-0.334088926602161,-0.5286412536932623,-0.09286691069465804,-0.40921872055846936,-0.581523699819949,-0.5221723181548397,-0.5834507096377612,-0.3263665515179907,-0.3038528018595725,0.527923443679555,-0.21403264204462288,-0.10847886057108705,0.4928744831235522,0.49966230138712703,0.4677907590946101,-0.33390021362716177,-0.2693706482492097,-0.2511494379680654,-0.2602401337586751,-0.2700383940240873,-0.3165301245595638,-0.16856194811369782,0.008926241913590831,-0.1530694653462334,1.0,0.7074642533235679,0.8259127123549527,0.9157119004896,0.9165163154295874,0.9467153235392402,0.7398685849061782,0.8482902457529521,0.7364505348300832,0.9003908876932034,-0.48254897931603086,-0.31617958545814734,-0.3830368347140035,-0.4977474610537836,-0.40409992452523436,0.1933045087672194,-0.40486272721481603,-0.4282591530759009,-0.39693907575849746,-0.47390862024649594,-0.4882619954758609,-0.4547949375296889,-0.4094490763659147,-0.450361705560224,-0.4016667495280353,-0.08336332568589033,-0.3009559094860513,0.06469145068026592,-0.1225568212424003,0.24544978984952354,0.25129271715297224,0.2747164389933304,0.2853891476994005,0.2839629766751035,0.27545399445900925,0.24378337305790332,0.19306221564876003,0.1378966664271174,-0.07221583000148032,-0.04435833884247531,5.076912039169291e-05,0.07569299525971045,-0.035364173985776445,-0.12158682607212969,-0.20334443277587477,-0.24746527814820732,0.4767167358055691,0.31468100728703413,0.2943342556167531,0.18293128519640714,0.1943798739353795,-0.4357426990244568,-0.450163183416192,-0.4616675292119069,-0.4809114484805025,-0.5187327373749334,-0.4752845681869715,-0.40446585854378186,-0.2782352199173814,-0.42109229631311423,-0.42075675777628285,-0.3984314075343848,-0.21667826887833,-0.40431324969161825,-0.40150088052028404,-0.40874401395066445,-0.4029376300086005,-0.3965320997279764,-0.068026735362467,-0.4258896476271627,-0.4036928689002674,-0.4014203547265967,-0.4067793370825024,-0.3929090056521101,0.46612642758855427,-0.34901339934273284,-0.3748823275436118,-0.4275186801715899,-0.18954203837470684,-0.36929456398683747
HOUSTNE,-0.6264858679529173,-0.6177032725356992,-0.6216201009811554,-0.6044303312255445,-0.6140740186188137,-0.609926849782588,-0.6003652675204766,-0.6126738571589202,-0.5805250240470908,-0.5211943125844173,-0.6041908169072611,-0.6191540011798722,-0.6091421878380595,-0.5729844286431914,-0.5401189196835126,-0.5949609190704512,-0.6547555804631808,-0.6456573917537309,0.567082080705912,-0.20363939057785424,0.30296828952474847,-0.6553949607318001,-0.6334222845140168,-0.2994312344868389,-0.5720594524588707,-0.27546636203156877,-0.5922412470089878,-0.6062712023123988,-0.6235815629496925,-0.5784102366320463,-0.41231750710390425,-0.6318531772484988,0.29116587677217415,-0.1391191329341579,-0.46890796470764345,0.5093766863706779,0.4837643580101829,0.5303521868148878,-0.6415852196795343,-0.6148032300689343,-0.6097247696122601,-0.6073999436248798,-0.6048981175220252,-0.6652125925369402,-0.18515795424442338,-0.29991838265301757,-0.18455492992562514,0.7074642533235679,1.0,0.635997047619512,0.4955309807464742,0.5537908065676744,0.577500948464462,0.9120796099555267,0.6082212816159758,0.2587873720976921,0.5318586171385248,-0.37357673532933194,-0.6154583599958794,-0.5608165722335757,-0.637339548446644,-0.6414361452893141,0.4425096809179676,-0.5645418097683622,-0.5874191401899814,-0.5648258296984136,-0.5221497660365463,-0.4589440657496735,-0.4352875343787495,-0.5929643848108024,-0.600943127967148,-0.5659047211846042,0.18867633867750144,-0.5186914299838908,0.22688580051054802,-0.22366802844404604,0.2529783922733508,0.2715995951886337,0.26770910925536834,0.2805432524923725,0.27342613990436077,0.2561706722337075,0.21823984159402726,0.13792998243166582,0.09239104630336627,0.032484186973653274,-0.1152852075922802,-0.05681714585689094,-0.007516242036103288,-0.09959695318084576,-0.18312237158965103,-0.29074388760657466,-0.32363504347430777,0.49982035296199256,0.6572969117078477,0.611635997525893,0.5121830988170654,-0.1288194409447219,-0.6794877330657345,-0.6778043633191859,-0.6861031995363089,-0.642704140690068,-0.6006673883312711,-0.6237693299542845,-0.6598407643548564,-0.6209309701480041,-0.6692501992295481,-0.6388095211360487,-0.6736190105773551,-0.5581158943843737,-0.6471188120142553,-0.6579066090216737,-0.6657342446208122,-0.6610079322185418,-0.6618564557301683,-0.38679077133562845,-0.6825604700420606,-0.6486851305212912,-0.6527079475192811,-0.6563906197957904,-0.6539846278647349,0.32589135749976283,-0.532595495111402,-0.5737448353695841,-0.5908984762180894,-0.164984010132273,-0.6240200400357643
HOUSTMW,-0.5534037538717598,-0.5368411524947828,-0.5477437443227345,-0.49869863806061104,-0.5610923015541431,-0.4693613929989245,-0.43926374781574296,-0.46227189700000076,-0.3703116310754312,-0.3178327611241918,-0.39667159051228673,-0.5212817594538497,-0.49531543659879435,-0.49035901055707104,-0.2951469606447665,-0.4446735872375828,-0.5042797854008148,-0.5579269712285954,0.574651245246248,-0.19298677132520375,0.2821308408142195,-0.5354724309066323,-0.5061260698900973,-0.3726681896796798,-0.6334078322726369,-0.2492052657569236,-0.5436961591170271,-0.6331715530751736,-0.6006266741585663,-0.6231671233515307,-0.35036334815370035,-0.4900735487373723,0.4873687086423968,-0.38599153083053045,-0.3392075922654427,0.6044427635138242,0.5856819125379846,0.6126136095012107,-0.5147252781795804,-0.46244494719889623,-0.4550999911594771,-0.45152413802153835,-0.4712596727599341,-0.4879335725397945,-0.19173495444154737,-0.013422398625817289,-0.19334102064659905,0.8259127123549527,0.635997047619512,1.0,0.60110277421224,0.6921709870016177,0.6925543594536779,0.6492688930308044,0.9297725849062084,0.35491578120830236,0.658662650317359,-0.7425343558257594,-0.5040203753081979,-0.49418695012911584,-0.6686312950389133,-0.5919483337563409,0.28142287485549616,-0.5695076977693223,-0.60367693529825,-0.5808900143694532,-0.6008788186981154,-0.5833717677609084,-0.5544278781388139,-0.5937113927448613,-0.6083557937805976,-0.5848887138975039,-0.10545647757591335,-0.4748811613203605,0.08477907035488881,-0.08971630559949086,0.19658032917479779,0.2135020619782875,0.22385138778095123,0.23608575267759152,0.22820124753873935,0.21046579292726394,0.17134109792705893,0.10283610114311995,0.03573079055225464,0.046048762877346903,-0.018100556568727652,0.031683198119086625,0.06417396040455893,-0.05138990286384049,-0.13924557677621835,-0.2317274851841904,-0.30128270697606074,0.31023273452705014,0.4833857086505625,0.43769540534769114,0.3998823091087384,0.03179246844433084,-0.6298582006990322,-0.6426984485117693,-0.6572145552815138,-0.6670543065777568,-0.686496011085573,-0.6505055789762638,-0.5857755843439442,-0.4295643544752049,-0.6074711645194055,-0.5823619396898612,-0.581612030544514,-0.39409263563232244,-0.5835101784190313,-0.5833501663386691,-0.5879230704314934,-0.5862792527103192,-0.5803782896360475,-0.19859183925049748,-0.6108223834145409,-0.5843354912722891,-0.5945647439205355,-0.6021745456877229,-0.5850372676394019,0.3764634037429333,-0.5506506407883467,-0.5349085047924526,-0.5932844207106371,-0.1567565568515544,-0.5479790227723186
HOUSTS,-0.13246353301991998,-0.11297569168194382,-0.13086532717814506,-0.07769899909838801,-0.1426253149031213,-0.05453951481722287,-0.02909954369756438,-0.05106088683366452,0.027544649239111103,0.07658624075940695,0.0029976605113394656,-0.11581747749187278,-0.08219831079416617,-0.09101696361076674,0.0693366885247072,-0.037775288653892895,-0.08048870865712922,-0.1338065678171486,0.1984220490619946,0.1699740515562077,0.186255508435161,-0.10465154961480867,-0.07784797373468068,-0.2610534745232055,-0.34361335736463156,0.001617253835952309,-0.22416822225341812,-0.4073245955762728,-0.3356333719134613,-0.420036991110661,-0.23846164642091935,-0.06866242476837003,0.4683294334366169,-0.10372878025936967,0.11386015923083478,0.3108751062116164,0.33832906811561414,0.2617452004128955,-0.09827766332618118,-0.04293580132967546,-0.02323861957529699,-0.038732516755400216,-0.040905553749464175,-0.08062274718609978,-0.10407723037286536,0.1028278618066268,-0.08632122589418395,0.9157119004896,0.4955309807464742,0.60110277421224,1.0,0.8090259857322245,0.930030922240346,0.5631959426322238,0.6680939650161823,0.8933903423771017,0.8280108915900565,-0.33270916050037674,-0.07993558718446786,-0.20657207265966424,-0.26741733214591135,-0.1627746207602332,0.02709069038931821,-0.1938003916823394,-0.2035259628388649,-0.17809737661360317,-0.2863804433839959,-0.3337815852174813,-0.3040099585562853,-0.1803073984251375,-0.2223502532931777,-0.1762213491066793,-0.09909407346574739,-0.08297989469081042,-0.022300814569866885,-0.06545865193286879,0.21348910953653846,0.20941431385428427,0.2374833276674049,0.24520560515026169,0.2464658135070286,0.24114276221498135,0.21785366862613623,0.1953014604724774,0.15872883665513374,-0.14051747598796493,-0.0452414858800248,-0.012685161092957883,0.06346602251053537,-0.027251135397603002,-0.09558318517309858,-0.14045590319911264,-0.16172011245756657,0.4495616342939034,0.1118482603181976,0.10549010339655232,-0.002611599590626888,0.2877197330271378,-0.18764023000386276,-0.2011227948842832,-0.2112458967722349,-0.23678824281736924,-0.28266628287632634,-0.25152665487316717,-0.16294449033774078,-0.08076400300818569,-0.1746962981923614,-0.18761832647733803,-0.15680669902418037,-0.022927515759297825,-0.16482121690697696,-0.15988698375853194,-0.1674747176597397,-0.16075209063815205,-0.15662905567320776,0.048631658585839996,-0.18097562024848354,-0.16505658811120164,-0.15648229226979046,-0.16003517973870626,-0.1486944451624363,0.4255514147122595,-0.12204850552651128,-0.14797846783098773,-0.20070821917197967,-0.16601577751630595,-0.1345453409732551
HOUSTW,-0.24062321492471841,-0.2208925415544337,-0.23821966950382636,-0.18884335408393435,-0.2532058620011726,-0.16754731593464559,-0.131472722702502,-0.1550559299709621,-0.06415840577322614,-0.03007993624002264,-0.07868123960009342,-0.23589838583774755,-0.2036660139625416,-0.22317829640268194,0.019093872358812027,-0.14998762181349004,-0.16975696113318733,-0.2161287477428853,0.28154775503775314,0.13492626873566801,0.13576714065332937,-0.18748750027651467,-0.160765624344496,-0.255241105483786,-0.41819751589000803,0.051734913096967185,-0.25605102787086836,-0.48305853296116485,-0.4071443828027128,-0.4946973818273303,-0.21802056614463153,-0.15713901510434936,0.5102477659776271,-0.16479387454297054,0.011097085987975704,0.4065957951007344,0.41835294247102645,0.3770520853643851,-0.1881920264665499,-0.11126456996217336,-0.08800185455794304,-0.09984743526926086,-0.11479785349987369,-0.16515180000462915,-0.14949762229023714,0.05451717256365231,-0.12224973729669875,0.9165163154295874,0.5537908065676744,0.6921709870016177,0.8090259857322245,1.0,0.900238849814191,0.5996105921441298,0.7426873252092501,0.704131798283077,0.9557516430917983,-0.43690391237861287,-0.1797389565120896,-0.2966585430117861,-0.3615151787479673,-0.26414903577699933,0.1295023133330666,-0.28215928035106036,-0.30535085473509277,-0.26902983995795343,-0.3745915722364934,-0.4020265896259313,-0.37110915293758034,-0.2817405418707562,-0.34105085376817235,-0.2844227473502995,-0.15191222583697883,-0.20344693636718658,0.05550016191161145,-0.11694885429152779,0.20216470289650978,0.20334274882630585,0.2341356241136316,0.24107654439838588,0.2451731953396171,0.2494432595326209,0.23183547039157631,0.19681769445246436,0.14697424552427604,-0.09032261397598129,-0.0011079793421276077,0.025161528682581747,0.1124948561292436,0.02228225846183729,-0.045773563034874204,-0.11723328711203412,-0.15777306923900838,0.43839871466628205,0.11789237352974742,0.12344480555258473,-0.004861809322127224,0.2726827512586992,-0.28017432771436723,-0.29903162660172367,-0.30571254144527893,-0.34926200690385734,-0.416485025654367,-0.3317966565328706,-0.25992164731343,-0.10791636580545289,-0.2750011588043453,-0.29319245083479134,-0.24415872273067657,-0.05147420569242261,-0.2658008001662469,-0.2576305878370008,-0.2624311136178727,-0.2569132837814128,-0.2456992823727531,0.08436665159050499,-0.2711913711917522,-0.26161662260108093,-0.25586081262551713,-0.2601660840972696,-0.24601760970381725,0.4593093741897006,-0.23515821722009,-0.27478093740105775,-0.31436218101355884,-0.16762119945964443,-0.23703011510984143
PERMIT,-0.13758630340914724,-0.11478728681183795,-0.13381146272190692,-0.07745562214779332,-0.14920218864162654,-0.051324823275057635,-0.017980542901215705,-0.042716928488492005,0.04442163304800548,0.09871862403921744,0.014551426220504027,-0.11993606855940273,-0.08705874855526641,-0.09704701828964825,0.08838485885633535,-0.030114539267026955,-0.08029856355780783,-0.15834317090174918,0.2594284568062173,0.18894333567639926,0.22788658616018753,-0.10464961910323259,-0.07156631894223672,-0.3546039203615369,-0.38479526656851815,-0.03792918692512141,-0.2845539746439821,-0.4651216989608865,-0.40232282888079185,-0.47244647821478486,-0.3096699905367172,-0.06108536873719318,0.49246450016612964,-0.25912612642720656,0.13297586226846375,0.32804691150323206,0.3502610455642897,0.2859148136789452,-0.09239057404104245,-0.027709698415853936,-0.01469921402617798,-0.01952083591296151,-0.025249199921893943,-0.08173392829608321,-0.06953918874609019,0.17400724785738542,-0.03838929146677454,0.9467153235392402,0.577500948464462,0.6925543594536779,0.930030922240346,0.900238849814191,1.0,0.6672036571680435,0.7936219333900117,0.881471143606397,0.9259198081718616,-0.3860540020812855,-0.07882160755621027,-0.19444807529345562,-0.2888954941192915,-0.17204237526429833,0.02566022585173949,-0.20582302212997888,-0.21921574145637512,-0.18819885575291237,-0.31200185727363766,-0.36311668992318813,-0.33133687140969836,-0.19200246951299843,-0.24178411081285617,-0.19130562907098647,-0.09342604446599906,-0.09019034416199334,-0.11395634263015979,0.0014461570098791678,0.1282061268362082,0.12772633563946695,0.15710872678173837,0.16444331165586779,0.16529987315690306,0.1644672005817313,0.14112277821726685,0.11805097711986076,0.07090541686663324,-0.06769075224109694,0.03844387574019139,0.06459588803419265,0.11520486124301069,0.028518776553261124,-0.03931136474396734,-0.08329526533698008,-0.13078836158736878,0.39931633446459336,0.11973334225484605,0.07940067749312013,-0.013034546019215974,0.33854467417540646,-0.20384271495263892,-0.22103603164776825,-0.235273583459013,-0.2769068992773993,-0.34782607682445754,-0.28701411975272706,-0.16766574251205763,-0.06168494564890705,-0.185825567036525,-0.19339442067857793,-0.16158482427327003,-0.0032667502122144605,-0.1689965857162156,-0.16404394923780116,-0.17247162593574208,-0.1656579246667593,-0.15888985001952685,0.07639124395533015,-0.1925152058661994,-0.16827317653242346,-0.16570356017043011,-0.17272171293071875,-0.1555122925558541,0.531924096950451,-0.12207537357673641,-0.1535930691941304,-0.21897221783152251,-0.16957952117758074,-0.13585100681327794
PERMITNE,-0.5486068784866361,-0.5381006307666882,-0.5432419650796674,-0.5237116155762456,-0.5362759587868141,-0.5293390124659137,-0.5216682548367405,-0.534695400503496,-0.5016111198134493,-0.42978094841363357,-0.5346866671528795,-0.5420998856234985,-0.5280665868592181,-0.4917544385832834,-0.4814079856127045,-0.514340487689763,-0.5784087230940744,-0.5878110914566048,0.5402532572710008,-0.14304121913582293,0.34324357076881273,-0.5869117372154732,-0.5601028034378267,-0.36330541794498217,-0.543451465598668,-0.31321283366158426,-0.6010408986134113,-0.6010930857182819,-0.6261638126342263,-0.5704880081777566,-0.4735677229020272,-0.5556709271597842,0.2807681814951724,-0.21501750483981166,-0.3819405391883131,0.4555387280266225,0.43365305224504336,0.4728316787626104,-0.5658453867876913,-0.5432356670493749,-0.5462398144148437,-0.5375793175998157,-0.5311403932040287,-0.5978941304720333,-0.13892538002021237,-0.21929431993598275,-0.13154534156515377,0.7398685849061782,0.9120796099555267,0.6492688930308044,0.5631959426322238,0.5996105921441298,0.6672036571680435,1.0,0.6589456205935447,0.3568697838863939,0.5846146562615364,-0.3171720873384694,-0.5419013076112112,-0.48971571220018917,-0.5792136116881904,-0.5690642539784082,0.3855670138654115,-0.4934866567859261,-0.5160906388820361,-0.4933984813121302,-0.46585341360173926,-0.41750000828989703,-0.39309039792796496,-0.520550525519533,-0.5318904210661438,-0.49188812670962795,0.21266618613433522,-0.432554097690248,0.12391462731962256,-0.1429879860941807,0.17875492182552272,0.19855391433235234,0.1980794205063412,0.2100490397041124,0.20392133534140483,0.19007043751324101,0.15149218282213453,0.07802088538885728,0.031121973615883227,0.07931050510204328,-0.04100335471256869,0.009575020728277336,0.042564554558119194,-0.04963363642079027,-0.13409325760889027,-0.23125370062210984,-0.2757837956640175,0.4751296738640942,0.6313465860898808,0.5634479140874277,0.4644674146583696,-0.07108111691769496,-0.6170903262271212,-0.615663078073887,-0.6298630781023477,-0.5969061704013532,-0.5676644316364864,-0.5924697257214298,-0.5885535708126395,-0.5680476513065298,-0.6026587551818787,-0.5635130039816686,-0.6085502222264073,-0.5086987967609721,-0.5728938757006711,-0.5859659818958441,-0.5961835489485597,-0.5902925779992396,-0.5923267339230197,-0.37000581162369744,-0.6199672419599821,-0.5755945630468154,-0.5812949219963227,-0.5859450558018343,-0.582430714065189,0.41691999149640024,-0.4544778839200959,-0.49766063441587766,-0.5180117435804228,-0.18560784301359465,-0.5466469163755058
PERMITMW,-0.4118265034814241,-0.3914749424019662,-0.40559314652272455,-0.3504327986814349,-0.422551821690969,-0.3167820099205335,-0.28166847563956576,-0.30680067645368825,-0.21014394434873768,-0.15181701883768772,-0.2437128766077022,-0.3762328533809603,-0.350673162204907,-0.35009190391273615,-0.15244993399858148,-0.28933077907054555,-0.35683693029532926,-0.4433364066914468,0.5136876451878211,-0.08789411610691268,0.30793867330583796,-0.39176054089861784,-0.35640000334991384,-0.4481995856883657,-0.577265242029084,-0.26115719269542637,-0.509349862545228,-0.6027771984749819,-0.5694804148556298,-0.5941276830636104,-0.3938774102475889,-0.33707006602705597,0.48754994311869565,-0.5010240846068841,-0.17666093232232546,0.5175923527105315,0.5047604897788317,0.5199415655609074,-0.36398782959753634,-0.30855640302962023,-0.3086088222667013,-0.29770259601299304,-0.3163316274000421,-0.3456062612337351,-0.10283221431757952,0.13944768864763948,-0.09151975224699387,0.8482902457529521,0.6082212816159758,0.9297725849062084,0.6680939650161823,0.7426873252092501,0.7936219333900117,0.6589456205935447,1.0,0.4893931305436569,0.7189361740031734,-0.7205453238726833,-0.35543839747991673,-0.3679756728016176,-0.5575366045815234,-0.4549497936658414,0.17897725645073911,-0.4548904180883137,-0.4864362105199365,-0.4642366937751246,-0.5192490403002089,-0.5293728132067509,-0.4997884903479697,-0.4667616217677321,-0.4909445885269095,-0.46546141472776625,-0.12306235051093614,-0.34098043926714366,-0.08676913826752194,0.029522570037632867,0.0816976867184395,0.09822860920213479,0.1148338144443665,0.12582521960885093,0.11895917334139568,0.10871144304227681,0.0720258956369882,0.020446280180132802,-0.0472199986875266,0.09974016269878364,0.09123824195746673,0.12961459530966316,0.1342775082840933,0.027222047347448333,-0.05635387431136149,-0.12589639306930098,-0.2108208705906473,0.24486222475419167,0.38710834077995454,0.3053189766498577,0.2840672235363394,0.16007635018873284,-0.5009695595837603,-0.517466817721623,-0.5370969412625567,-0.5715533515103,-0.6239143265759296,-0.56073965868551,-0.4448809238878108,-0.2926132010480008,-0.47150604490436937,-0.44576600575197084,-0.442577581395944,-0.2574699480144109,-0.44228152522335806,-0.4413791957087758,-0.4480332253813892,-0.4454135197342618,-0.43884937451980405,-0.10395315416125692,-0.4787735644620581,-0.443528129850565,-0.4573152696137141,-0.4677795745030426,-0.4454608593954397,0.47776986006228844,-0.41772472361551377,-0.40156249892582674,-0.47478091629937164,-0.16609592212225724,-0.4059819005454941
PERMITS,0.21800666201243837,0.23939002809533574,0.21961682134190474,0.27225642918570614,0.20308235971254993,0.29947619454803265,0.32823436736094175,0.3079834897471796,0.3755227949527701,0.4121894736057599,0.35148380500188675,0.23329833916422174,0.26265952397967207,0.24106050581771837,0.3864785540361071,0.31474329462201484,0.27736094496366165,0.18795821586653297,-0.038558378768102246,0.3720225712026963,0.1219986809167187,0.25898751567361694,0.2845713989676207,-0.23855897165292442,-0.09404751413554102,0.11292488558682977,0.003274633873946553,-0.18280134117829058,-0.10681533927456091,-0.2050353122417763,-0.16100978598821938,0.2929871165505735,0.37799524953607677,-0.13197891685463756,0.4504474338796949,0.04662503544449217,0.09453046406548248,-0.023684738203652973,0.2639512252804124,0.3171897263103144,0.3309748259008582,0.3205332015640322,0.32332600494558905,0.27460037825300093,0.04725487216362546,0.33018772258761847,0.08370670159128499,0.7364505348300832,0.2587873720976921,0.35491578120830236,0.8933903423771017,0.704131798283077,0.881471143606397,0.3568697838863939,0.4893931305436569,1.0,0.7459601181855274,-0.20454013736896742,0.27496655888776206,0.10082783897285669,0.06407424828109796,0.19017956330147567,-0.22461710483293693,0.10835495350075625,0.1148794013112913,0.13684340258699204,-0.03054319909321513,-0.1263551172856693,-0.10259208792383784,0.14838516820976622,0.09865230142224486,0.13996776125711624,-0.12697185025330465,0.2198703807441166,-0.25883286494140295,0.10464015494067411,0.04727004362764746,0.03276913028866731,0.0651576822616611,0.06711225245282759,0.07154416398394811,0.0766702608030156,0.0688707675781558,0.08833891438814447,0.06733626014935924,-0.14651078279759525,0.046823976882110895,0.05097351556258056,0.08963810089946433,0.04704093338945757,0.015010059542226303,0.028900868930674242,0.008623018582198206,0.2995274865817536,-0.20514134650071786,-0.23250318810540455,-0.29170188724661855,0.4643436067687369,0.17403903970614495,0.15709935560521138,0.14635964052938358,0.09216233382117682,0.003560152558130018,0.060040896286388125,0.19988198534934137,0.2553318629878847,0.18943361003204356,0.15922752310141527,0.20971942731936866,0.3040681193028952,0.1937392644096636,0.20342862375174922,0.19600296727324,0.20302447802426823,0.20823278034214518,0.2762094760284212,0.1829253587011803,0.19436832814279845,0.2031529147159388,0.19741022754140086,0.21325849506202352,0.4647709181085215,0.21460091834467934,0.18472539049421127,0.11636700482382528,-0.10745738799040035,0.2171273859715138
PERMITW,-0.1894997063325244,-0.16957788906358728,-0.18727941853350955,-0.13783536944922356,-0.20265090202122832,-0.11747033751550816,-0.08414013833055614,-0.10726402590550507,-0.01885508647615156,0.018194596092615378,-0.03546157271879203,-0.18622872106418528,-0.15164744651715406,-0.1705026771815279,0.05404181925582116,-0.10087302602952385,-0.12047126403792222,-0.16454671021536427,0.23234541395373415,0.17461112893047878,0.13562229743472232,-0.14038104314989966,-0.11354042745041608,-0.2504734962813528,-0.3845511656905014,0.06435121406752943,-0.22882428430350335,-0.457013138417171,-0.38251441451928786,-0.469035239173854,-0.20668067519497774,-0.10947353102561008,0.49857943480782874,-0.14680290336395266,0.06278867838212022,0.3664762169149755,0.38501773925562494,0.328428149783501,-0.1404657310565237,-0.06635487547430163,-0.0437132153382842,-0.055984238162394055,-0.06878539009647756,-0.11861848115075597,-0.15108696801890065,0.06146669100215641,-0.11908415575824463,0.9003908876932034,0.5318586171385248,0.658662650317359,0.8280108915900565,0.9557516430917983,0.9259198081718616,0.5846146562615364,0.7189361740031734,0.7459601181855274,1.0,-0.3712924631759921,-0.13289156485155623,-0.26517104293015736,-0.31590172558791646,-0.214886895045814,0.0964886268467018,-0.23719563291298676,-0.25553526623815315,-0.21747331257955166,-0.33224254103659234,-0.36677700492153087,-0.33562578001303606,-0.23168165457934883,-0.2920690689762632,-0.2326471189805401,-0.12910543746148243,-0.15337788731591892,0.035283775155801986,-0.10651212414182813,0.1878902004996903,0.1860787820639917,0.21903264529323505,0.22522982241393222,0.22955304482404398,0.23400040519164464,0.2183683169149678,0.19049188097201583,0.1454042473883152,-0.10860769768294123,0.005433804779592005,0.028319533701267482,0.11208700213304505,0.02565231458641286,-0.03745148465324793,-0.09888045341113923,-0.13447458521795322,0.4493578703396638,0.08318611373926005,0.09305993279818979,-0.04725070608942954,0.2935812098222289,-0.2328442750896502,-0.25083169804162336,-0.25800129097940355,-0.30085262767215376,-0.3698198740117749,-0.29350856152250515,-0.2128798350960879,-0.07814717208559463,-0.22822350468572683,-0.2459652829116062,-0.1992787368643039,-0.022324660270671186,-0.21802955709981386,-0.21066358399909405,-0.21597256447703714,-0.20991107956793736,-0.19973779415183454,0.09280431315555879,-0.22489106736422648,-0.21421368009474157,-0.20617431587407747,-0.2096824286541385,-0.19703304106234307,0.4700398558274525,-0.18003048677495684,-0.22495264756999714,-0.26490590003326686,-0.16052758328286398,-0.1873333903153434
ACOGNO,0.9269286908053098,0.91423827320722,0.9341376407662533,0.9083602255020281,0.9402779776712556,0.8628289662864476,0.7055534324102885,0.7812063239558599,0.44517228965247535,0.5119503312112088,0.31026533761034086,0.9106991315568417,0.9211256759697577,0.9225545195972473,-0.41841708786979875,0.782780271150869,0.8404526863889991,0.9415738681401056,-0.45626763538728615,0.397247142077102,0.12095578040422163,0.9336474642858618,0.8773394802233505,0.0933681142601443,0.7206728891714198,-0.511239834643606,0.08776007258234887,0.4419700456338726,0.2797458609855663,0.47895442717799297,-0.23227187100237093,0.8380700337547438,-0.748452643645069,0.7859532620027605,0.4338921484954876,-0.9039606162702712,-0.8600076485457111,-0.9372426412842433,0.9000572212153402,0.717046700968362,0.5362674084385585,0.6969273747379222,0.7368540542955619,0.8607978452907887,0.33736685392522286,-0.3308080253126791,0.3902809822402261,-0.48254897931603086,-0.37357673532933194,-0.7425343558257594,-0.33270916050037674,-0.43690391237861287,-0.3860540020812855,-0.3171720873384694,-0.7205453238726833,-0.20454013736896742,-0.3712924631759921,1.0,0.8838192693185409,0.7549391532132158,0.9204545572519521,0.930109110206432,-0.675256196438214,0.7878116775424672,0.8947927737495701,0.8857027390419686,0.835323412554383,0.7833579569437793,0.7704911776762831,0.8356778263149636,0.9396102489995661,0.9068124640800118,0.8969970756218644,0.7729333314662371,-0.12023902812986309,-0.19746140212226349,-0.6599010278992926,-0.6595363130224714,-0.6791079285058942,-0.6836809893106495,-0.708230363711588,-0.8489021113685373,-0.8832283792267249,-0.9077702782586009,-0.8745767018116323,0.026311127781648444,0.1931747976962689,0.1111969025247694,-0.19939546595640747,-0.21723962986273654,-0.0625636096562909,0.03970044363921383,0.09171812307867361,-0.4996350796541995,-0.8200326570456997,-0.3958376786011961,-0.09680725439348158,-0.6416119519227211,0.9724015320333528,0.9766299163266273,0.9821773312520529,0.9302220353578279,0.8722744955692258,0.7826028414156074,0.9611600103517727,-0.5635664011222009,0.9927956953561862,0.9431582837185791,0.9878111547959848,-0.854183430663124,0.9409809197842184,0.9621625316479794,0.9742275572819895,0.9629719613937378,0.9616868249042414,-0.9403053927699971,0.9844632541516535,0.9464807907989498,0.9413893851893561,0.9341714825481336,0.9431288209805347,-0.32623974567381564,0.924817948811962,0.9029192309469405,0.9200919666481037,-0.13703136662278237,0.9356575782824488
AMDMNOx,0.9692316536826818,0.9740490692604976,0.9691340871851161,0.9825455004064328,0.9631899060254088,0.9876828209837254,0.9819712729832257,0.9853068226137087,0.9592987517370217,0.9611783585214553,0.9375116498799568,0.9823388546571318,0.9763196961553667,0.9527761332051662,0.8585752381465132,0.9841753075634438,0.9600282061285466,0.9192664673005466,-0.5165892281590713,0.6146539860471888,-0.12004937725925299,0.9756533760994582,0.9819508221831127,-0.04336262862915017,0.6939471765811998,0.158431379116008,0.5024794038405701,0.5448319245291546,0.5213328858814422,0.5345169829079083,0.05586655247540333,0.9824081178542963,-0.26013808672568484,-0.13274588973991236,0.9319892647635458,-0.7363672228665747,-0.6783701414440523,-0.7968343043255681,0.9849463851348224,0.9662632217993464,0.9389905493324336,0.9596066203837753,0.9668705946050578,0.9540640652448943,0.5592576901310179,0.7197999472274152,0.6127317364439782,-0.31617958545814734,-0.6154583599958794,-0.5040203753081979,-0.07993558718446786,-0.1797389565120896,-0.07882160755621027,-0.5419013076112112,-0.35543839747991673,0.27496655888776206,-0.13289156485155623,0.8838192693185409,1.0,0.9847495724349163,0.9187970257302503,0.9717832432014442,-0.8104388339256199,0.8522604589854276,0.8885285095408842,0.8777921453052769,0.7373676418673908,0.607540300971866,0.5981165800466295,0.9155132204733942,0.8975189780067384,0.8876866850372664,-0.0340245087897899,0.8846894949536127,-0.6998387478247666,0.4301332871962578,-0.5272292135393178,-0.5542068231433688,-0.5453111993363264,-0.5586404632726438,-0.5537560024418233,-0.5486970637385875,-0.5176952642706188,-0.4223517377415937,-0.3932827362228666,0.03269419495312728,0.29788603478125325,0.22819551067105145,0.08785183671179382,0.174077880729686,0.2716704666834573,0.426656065705163,0.3976076262958407,-0.59527064648854,-0.8567354813376045,-0.9035630317446283,-0.7317759005151043,0.4063411150558503,0.9694587520679085,0.9652643293747142,0.9612904955924179,0.9034759677466148,0.7827968963302567,0.8678252258170259,0.9800519080193091,0.8717884085225825,0.9791407204669298,0.9585408489094749,0.9780657183650824,0.8232094485355693,0.9741349797921203,0.9806092909252918,0.9810247256128561,0.9804473429501985,0.9803163129681745,0.5216086547750923,0.9745541731968158,0.9760433438739538,0.9719502713036505,0.9661177083114254,0.9761296851222911,0.16144094688290003,0.9190701483074241,0.9266319471611012,0.8936676757258039,0.08384967452740405,0.9737003908018939
ANDENOx,0.9227174287364781,0.929090303716545,0.9243920007577484,0.9455331043888827,0.9206029089236726,0.9629349108518322,0.960881739047171,0.9644225396352538,0.9355172860337857,0.9223263286395319,0.9207689949833574,0.9644493001072943,0.944399117177103,0.9289917731245873,0.84390339488825,0.9618928229882304,0.9336172380180855,0.8645747528216708,-0.37091484207984043,0.48011050077516493,-0.06852750314871393,0.9421648553583137,0.9467561241345535,-0.17379835611412295,0.6778254866332039,-0.1462275436674611,0.332719086695117,0.48372690028829557,0.4120746695495129,0.4924205838497227,-0.10723003096546972,0.9496281995361516,-0.4415419289748383,-0.2279990524905912,0.8757711770149201,-0.7702338424630291,-0.7312028176372644,-0.8072031267480012,0.9497750368098667,0.9378341868126662,0.9167285150264882,0.9328004328542736,0.9299974102580038,0.9358835517196863,0.6577596932274317,0.7104061247696322,0.6978536799108509,-0.3830368347140035,-0.5608165722335757,-0.49418695012911584,-0.20657207265966424,-0.2966585430117861,-0.19444807529345562,-0.48971571220018917,-0.3679756728016176,0.10082783897285669,-0.26517104293015736,0.7549391532132158,0.9847495724349163,1.0,0.8747889199497798,0.9281832267630128,-0.8320525390851614,0.7833240045894293,0.8297945509888536,0.8035983087868398,0.6981358169660317,0.5831650824173896,0.5748256490556473,0.8544504669703612,0.8590141592671853,0.8318713960739517,0.1268906848766292,0.8383412266124117,-0.7479889501168008,0.4444977774230506,-0.6250169601198514,-0.637280395454101,-0.6320953908294111,-0.6463997976381303,-0.6523813654922224,-0.6856704066619805,-0.678001909327722,-0.6469269579899308,-0.6380693651899008,0.20780207568722434,0.4201848183173233,0.34005510292999963,0.12129387207785519,0.13404140414453203,0.2244697488636512,0.3540037895103889,0.29041039685598746,-0.6209514630102244,-0.8007165589011203,-0.8617995947291269,-0.5886708884159209,0.2917870880823912,0.9292023143479655,0.9246872801262775,0.924485211716116,0.876248312549886,0.7614379039940458,0.8307089988834158,0.9411941595377207,0.8211727287282815,0.9493507253777475,0.9175284900821771,0.9473721803503874,0.7546539099360356,0.9311160999057091,0.9420260939378537,0.9454264041816397,0.9418770891128943,0.941764365678892,0.36301824036502317,0.9409467841435981,0.933502772033625,0.9252732111391573,0.9162608296347976,0.9316984248300239,0.20444544720766777,0.8811332216323549,0.9080126036178849,0.844393505791234,-0.008955743547824798,0.9311098446633805
AMDMUOx,0.9618653281556577,0.9547451200726547,0.9585412857322236,0.9399999909045812,0.9663559751608304,0.9082285344337373,0.8658518696835368,0.880907945936528,0.8161707802960181,0.8305265870281643,0.7915738246347575,0.9325431931566671,0.9372646862809214,0.9258290778540357,0.676954284231973,0.885439156902472,0.8884997546155823,0.947283861341933,-0.5655596789180244,0.6061438501340838,-0.09729724051327222,0.910220603191773,0.9097716459425513,0.02943263869101329,0.7893499731718494,0.09449498862665459,0.4906030013657287,0.6103227680290527,0.5598610629442666,0.6078726476821948,0.03947272714040611,0.9047122643359056,-0.47720328948221796,0.02154111741639743,0.808919537527184,-0.8458557231905693,-0.7991216253986428,-0.8867285025636348,0.9225903939101542,0.8619038482818149,0.8169802536413295,0.8466251065796191,0.8630833709471805,0.8706221779875818,0.5549089172057002,0.527266341718129,0.5968900886085086,-0.4977474610537836,-0.637339548446644,-0.6686312950389133,-0.26741733214591135,-0.3615151787479673,-0.2888954941192915,-0.5792136116881904,-0.5575366045815234,0.06407424828109796,-0.31590172558791646,0.9204545572519521,0.9187970257302503,0.8747889199497798,1.0,0.9742538267406196,-0.7126380353472938,0.9474051208581534,0.9730917244627204,0.9690124168974076,0.9097903519052332,0.8275676573670412,0.8076173168287493,0.9741157735116057,0.9587981663090069,0.9670154071141495,0.21346127069721021,0.9125143889598221,-0.5650288280641186,0.3541808891842656,-0.5733493951410603,-0.599671336663512,-0.6005795841358594,-0.613080844854985,-0.6073984919963211,-0.6064753334478022,-0.575125762732276,-0.48703067615483997,-0.43608649883907946,0.061144218193236094,0.28984453153989503,0.2248759017839677,0.07246803302902322,0.16703946027416836,0.2741889744579957,0.4271161703658318,0.4208300335440078,-0.5716862327228128,-0.7766988063299426,-0.7849982516384596,-0.6645473338329647,0.20071026585031843,0.9575756208474366,0.9684129081403663,0.9591836195745364,0.9259119762562591,0.8346302537922771,0.8684038268217491,0.9523206933089455,0.7376353408758737,0.9434397526779661,0.9694940092704397,0.9224396063835391,0.6490443359306926,0.960958887721154,0.9502598862857277,0.9488755422755831,0.9497233602339304,0.942290853172119,0.3015110272539107,0.9444664791242563,0.9606683496818677,0.9610538787041342,0.9647862285237826,0.953070854842536,-0.015786692318633024,0.9375781061689047,0.9172713684361261,0.9677310592113593,0.04917344744055266,0.9577207264047735
BUSINVx,0.9939630752365116,0.9926835079302291,0.9912392222240781,0.9852614370853745,0.9930878602750973,0.9666837723494079,0.9401050768211588,0.9495623729684095,0.9043924648775808,0.9177904712187713,0.8785884474467008,0.9734675667941399,0.9781238411453204,0.9580340020033695,0.7734760218822126,0.9513660054731459,0.9451820663446068,0.95310833557126,-0.5736398154908738,0.6302664118434143,-0.09828499850435163,0.965585151182315,0.969507305815992,-0.013724682165731422,0.7489764002140709,0.12176022392121583,0.5043528319495926,0.5817188449609174,0.5508348953302,0.5728919027235582,0.049329249352957606,0.9678810086731349,-0.3829422954130613,-0.07989227407440934,0.8944376950645111,-0.8147846162158531,-0.7643922551407111,-0.8618820430507176,0.9786641962665897,0.9352089109630457,0.8939346288816432,0.922246000098949,0.9383223691433192,0.932173446347042,0.5524689832583711,0.6281178539126625,0.5995476416175621,-0.40409992452523436,-0.6414361452893141,-0.5919483337563409,-0.1627746207602332,-0.26414903577699933,-0.17204237526429833,-0.5690642539784082,-0.4549497936658414,0.19017956330147567,-0.214886895045814,0.930109110206432,0.9717832432014442,0.9281832267630128,0.9742538267406196,1.0,-0.7563138515417271,0.9391732489018422,0.9648478197547081,0.9567303398452175,0.8483581442967928,0.7338640194976771,0.718765001481474,0.978823560768339,0.9529061303874722,0.9607989868521895,0.10321889327667262,0.9362403376448916,-0.6527211918469638,0.4232887652754224,-0.5757968849721607,-0.603271733486023,-0.5968904863955351,-0.6099713157207871,-0.6039916597371365,-0.5987139016872642,-0.5679493368383987,-0.4730801700099889,-0.4299489958512691,0.05257520712006575,0.3193181310457799,0.2498344777506094,0.09946952859076993,0.1913373999956782,0.2922323125443388,0.45025632655514886,0.43365664086569,-0.5595406771804803,-0.8273100800117225,-0.8580208382904791,-0.7314383783299724,0.3488371903461227,0.9854938004769549,0.9882677773960091,0.977196220494246,0.9147518982104863,0.7990406241692555,0.859163242407348,0.9913114078270105,0.8214279112730353,0.9805003233178626,0.992252057686618,0.9702400242903415,0.750168701841293,0.9952420033216416,0.9906410069396804,0.9881286648242595,0.9898788992445551,0.9854778225833802,0.41423103932578637,0.9792153326306478,0.9950541812397655,0.9941959039537313,0.9938475241948892,0.9916446999359912,0.09818496668771708,0.9506865498594587,0.9361859894729094,0.9625698468710638,0.0698023882694066,0.9927057652381985
ISRATIOx,-0.7915723977505702,-0.7928069340477123,-0.8070296128054893,-0.8235103520045671,-0.7991528673592078,-0.8321561666909901,-0.8119155380268444,-0.8157469418511197,-0.7896489417472807,-0.8276358358196604,-0.737319372322984,-0.842699439308102,-0.8366108764560651,-0.8647825075535357,-0.6227159858961662,-0.8420277224069111,-0.765144429885659,-0.7486802518037345,0.3202373890879669,-0.3565443405233466,0.1141912700827491,-0.7519170341108071,-0.7558440432614792,0.07968148282410807,-0.6525187639738809,0.12509350768035044,-0.29818862664390844,-0.5431647926336997,-0.4412164399308984,-0.5624964672293786,0.06651650732018677,-0.7580378393950381,0.3893437488204279,0.25645169483921537,-0.7621922994982454,0.7331738670484377,0.6794932564214707,0.7875357006690471,-0.7723312504022485,-0.7097886607846194,-0.6623441923249095,-0.7064782195505954,-0.7267551437170645,-0.744839037634803,-0.4940420657324303,-0.6585905678617984,-0.5842212462201632,0.1933045087672194,0.4425096809179676,0.28142287485549616,0.02709069038931821,0.1295023133330666,0.02566022585173949,0.3855670138654115,0.17897725645073911,-0.22461710483293693,0.0964886268467018,-0.675256196438214,-0.8104388339256199,-0.8320525390851614,-0.7126380353472938,-0.7563138515417271,1.0,-0.6403996800906908,-0.7151192819766166,-0.6975527913990135,-0.5904687956788427,-0.4728700288014442,-0.4604284685517953,-0.6922937355683947,-0.8010947866020371,-0.7295091681145619,-0.1444748328247573,-0.7153246999306136,0.7212304995135902,-0.48597202690778735,0.5972794671649376,0.624504375385832,0.6233422818839373,0.6361748751011513,0.6425390916250139,0.6755341408816892,0.6528336106765913,0.604500156586693,0.5911933946223713,-0.06535641426676342,-0.31241845465788554,-0.24478437058728672,-0.03194771585708759,-0.07428402041875767,-0.1915015367205475,-0.31570988384450976,-0.24944240185318925,0.6955266171335904,0.6118155870081097,0.6855345926155257,0.3659018617187081,-0.10151283422245348,-0.7433949688009228,-0.754122949375219,-0.7533024015821534,-0.7972805944039627,-0.7504283303964775,-0.738933198003327,-0.7749591563978302,-0.5573791558924502,-0.7780126741233068,-0.7934221129555429,-0.7541064570884145,-0.5147987402099978,-0.7793423358748923,-0.7754245737200246,-0.7758325847125579,-0.7717401549436683,-0.7604467039946415,-0.19860113006697974,-0.7577092729482856,-0.775843935136857,-0.7681675597317023,-0.7558241250837213,-0.7711183651560531,-0.012599868336917603,-0.8162228598249602,-0.8652837835893482,-0.7565866474747941,-0.016727661683347137,-0.8041350746385654
M1SL,0.927274568556532,0.9187973801626851,0.9204054834714894,0.8981619193470134,0.9411619715102152,0.8432183501419125,0.7825315712690197,0.7981667644356907,0.7318483886272097,0.7904033459431735,0.6869965094149606,0.8659901218269183,0.8930204000142994,0.8806322466561304,0.5712116082606424,0.8111762691519144,0.8115922612403407,0.8977096048190019,-0.46837451061583735,0.6714053922804252,0.04793933643274674,0.8366555068203145,0.8462643630228178,-0.08921973137574302,0.7472009050901467,-0.052445332703700914,0.334499997184507,0.4992190285082245,0.426497149538726,0.5090751207654441,-0.12542598147940232,0.8449868266362677,-0.49398793133151786,-0.06050219923758464,0.7509093565273027,-0.8206228426136238,-0.7864610387219063,-0.8442087060871557,0.8648425310747607,0.789156645189425,0.7235156683948378,0.7661750661834061,0.7894305461243067,0.7841522087352173,0.6174990147277353,0.548894851180601,0.6485629596035162,-0.40486272721481603,-0.5645418097683622,-0.5695076977693223,-0.1938003916823394,-0.28215928035106036,-0.20582302212997888,-0.4934866567859261,-0.4548904180883137,0.10835495350075625,-0.23719563291298676,0.7878116775424672,0.8522604589854276,0.7833240045894293,0.9474051208581534,0.9391732489018422,-0.6403996800906908,1.0,0.9854445619157683,0.9811242497996093,0.9503875214802225,0.8749617377746284,0.8683215626001627,0.970342825373448,0.9216844074306929,0.979164602179185,0.32868626517803445,0.9543449069045873,-0.5774604177547298,0.3687873679268507,-0.6066779460227164,-0.6317784201508027,-0.627108655790405,-0.6382986816188194,-0.633673043938208,-0.6438946419391541,-0.6274954316015979,-0.5608037368012525,-0.5221060003682189,0.08804804573108353,0.3446918191173929,0.2817665459651867,0.11700880342521311,0.17182697451517498,0.25696796556067014,0.39149019452054407,0.36158416051662834,-0.4617231570256947,-0.6804930996681712,-0.6942865364754895,-0.632833416218867,0.24833004176309406,0.8930889309044007,0.9066105486418687,0.8802208754007519,0.8126217166043684,0.702558641245518,0.7265863102240452,0.8969988766328209,0.6553460920056622,0.8706881546072565,0.9406820883697294,0.8446556440095667,0.5477799295497167,0.9178165521024226,0.8947525690347949,0.8870206554102126,0.8919928881378579,0.8816932331949962,0.18734503198479685,0.8693091513650316,0.9148117945109846,0.9139827036281362,0.9206602451253153,0.9018390804755777,0.13445553154326617,0.8954220279240237,0.8394825898008013,0.9721235005379891,-0.06693729392333442,0.9180550274662115
M2SL,0.9624568563358474,0.9545235471293,0.959624568448037,0.9369396137729668,0.9735350586214833,0.8902813012654315,0.8338397111674705,0.8495731988330103,0.7820246351623905,0.8309151306150477,0.7385128404197079,0.9154085051847417,0.934409977089267,0.9324997083694299,0.6037323239659264,0.8642567306717368,0.856406106399296,0.9345014754875829,-0.541777055916921,0.6239185267353942,-0.01465966470730817,0.8760853597438945,0.881240760773533,-0.04152931439414618,0.7781904407746243,-0.024687993342320576,0.3956056207101046,0.5691276847679252,0.4990439120716915,0.5755286130614856,-0.057228067850077335,0.8790544391100346,-0.5279170167088413,-0.05632730010443556,0.8005423571173874,-0.8763975886977241,-0.8341679575199041,-0.9098458347042554,0.9006270531956848,0.8202255793237868,0.7570596711307355,0.7998164551431374,0.8275206162275414,0.8298544523729645,0.56300032133093,0.5257470441013572,0.6074205400282694,-0.4282591530759009,-0.5874191401899814,-0.60367693529825,-0.2035259628388649,-0.30535085473509277,-0.21921574145637512,-0.5160906388820361,-0.4864362105199365,0.1148794013112913,-0.25553526623815315,0.8947927737495701,0.8885285095408842,0.8297945509888536,0.9730917244627204,0.9648478197547081,-0.7151192819766166,0.9854445619157683,1.0,0.9951047727027024,0.9407366821999871,0.8521964899932297,0.8380105631675405,0.9850304844522082,0.970797830915353,0.997772036934231,0.327841503807587,0.9591847564986745,-0.60510024135777,0.402860727292283,-0.6335851367536768,-0.6600540456625069,-0.6581543746611787,-0.6699078868802932,-0.6657542598261305,-0.6742066170873575,-0.6512796751358707,-0.5755561385043105,-0.5271301440410797,0.08978762416689494,0.3453580237768199,0.28041097085580596,0.1044788367466852,0.17545481954764805,0.2754556783209047,0.4223162335733557,0.40264629694292403,-0.513458064588417,-0.7055693947761934,-0.7228969291369943,-0.6289085557567106,0.21200407092599952,0.9262352838150307,0.941192895002744,0.9203052067475403,0.8768499051957012,0.7822119392725367,0.7935356212164825,0.9324794706858314,0.666097661779668,0.9106674868473817,0.9723794630749455,0.8824368602595002,0.568422378970122,0.9517082012556369,0.9304605407443505,0.9237751311341541,0.927775580817991,0.9157341666156751,0.19111282472401694,0.9073974166862107,0.9480261196822705,0.9490778957349945,0.9537963059365496,0.9379440737551655,0.06303483215700563,0.9488903638685493,0.9093608857892884,0.9955784930123841,-0.006381747361915354,0.955967234889145
M2REAL,0.9570588999691189,0.9491547672015584,0.953259336102414,0.930403226656538,0.9635351445424549,0.884131904937264,0.8275074058957707,0.8427496469485598,0.7813677212767638,0.8258166239426974,0.7408489112064369,0.902379330925713,0.9284798947060875,0.9205356670678626,0.6166414795680194,0.8564037292118469,0.8588387941413234,0.945662105299603,-0.5444360195109322,0.6495150814047733,-0.010272122326854274,0.8751989518665904,0.8795713899564875,-0.02682531642427413,0.7697046485389776,0.011871221267619752,0.4073717865642253,0.5640819779021717,0.4983375355529779,0.5690240464731284,-0.04997132061149322,0.87688127409027,-0.4987006640813101,-0.0349211548195324,0.7986133215196265,-0.8533851345909582,-0.8078556608485798,-0.892292231046364,0.8965752749149597,0.8213386638167156,0.7612018215405214,0.8021377041149097,0.8268882889595528,0.8350546960298524,0.5403817807161265,0.5104309000760091,0.5885136880410654,-0.39693907575849746,-0.5648258296984136,-0.5808900143694532,-0.17809737661360317,-0.26902983995795343,-0.18819885575291237,-0.4933984813121302,-0.4642366937751246,0.13684340258699204,-0.21747331257955166,0.8857027390419686,0.8777921453052769,0.8035983087868398,0.9690124168974076,0.9567303398452175,-0.6975527913990135,0.9811242497996093,0.9951047727027024,1.0,0.9395588458557357,0.8553467350932944,0.8417104755591218,0.979137447338834,0.9591314429371438,0.9924746332726451,0.33451696955358556,0.9466516506755215,-0.5753749247524922,0.3802259665157404,-0.613183392797247,-0.641375137986687,-0.63909852433066,-0.6499924019761459,-0.6444506326986087,-0.6489603765156694,-0.6235930945143214,-0.5440763724652449,-0.49469120103119957,0.06504382421620368,0.3245650957476512,0.2644235477934203,0.10050782502042244,0.17786627619689724,0.2783546131843561,0.42593995474220714,0.4110238617844396,-0.4910938436238724,-0.7201041392986564,-0.7261787478002937,-0.6525474155758099,0.20642664786642742,0.9204188295449423,0.9349588892074961,0.9143090257181324,0.8694351339809386,0.7693870135085952,0.7865502088935985,0.9233723518617102,0.6666040964884793,0.9002986364278074,0.9608349200827413,0.8746686218429439,0.5658077977643281,0.9420069008936259,0.9209296985075512,0.9148188998565014,0.9189717314890553,0.9080806130757133,0.19605248121526928,0.9012061763248603,0.9392849568956027,0.9433995926215916,0.9503641314963869,0.9317239594304443,0.0591850623277496,0.9424908137074466,0.8946938206874616,0.9868170487515348,0.0037327490699892627,0.9489228974286682
BOGMBASE,0.8365227560272298,0.820519419997151,0.8309724526062833,0.7964302498333443,0.8585561000409117,0.7315610825855332,0.6480587419139029,0.6706757937341518,0.5807291604908452,0.6527069814877896,0.5293262704387882,0.7791926851110906,0.8067308621063537,0.81513028745194,0.392695270304668,0.6929886350583775,0.6910654072248236,0.8367537717881874,-0.4583759031393695,0.5588791639695224,0.022910599345735496,0.7095930154677461,0.7109959174701019,-0.012276872528270224,0.8115255133307713,-0.13834582532360923,0.2821217466534976,0.5526300583575193,0.43096739521810357,0.5790634888464755,-0.13724250962007387,0.7092213498003129,-0.6371103852500763,0.0482313530999901,0.5865727534979793,-0.8452273961534723,-0.8152894492841654,-0.8619767096081992,0.7404368953470374,0.6368514950670975,0.5636532206057905,0.6136530093480725,0.6351363065320508,0.6521241377843355,0.5868125736737815,0.40202569290166845,0.6089324596054233,-0.47390862024649594,-0.5221497660365463,-0.6008788186981154,-0.2863804433839959,-0.3745915722364934,-0.31200185727363766,-0.46585341360173926,-0.5192490403002089,-0.03054319909321513,-0.33224254103659234,0.835323412554383,0.7373676418673908,0.6981358169660317,0.9097903519052332,0.8483581442967928,-0.5904687956788427,0.9503875214802225,0.9407366821999871,0.9395588458557357,1.0,0.9783716398988287,0.9704326999717521,0.8953608584802982,0.8769842329604897,0.9360736326919522,0.4895642892469107,0.879377122715004,-0.4803345001170622,0.301571762073332,-0.6188760415364044,-0.6450574455018196,-0.6459153890010644,-0.6561829878033631,-0.6523526367756369,-0.666719581235785,-0.6488483269725075,-0.591062359711562,-0.5461573560984849,0.08492833767816381,0.32368126238948886,0.26631397649828054,0.09298391110043676,0.15281598720906817,0.24685135125378124,0.3741317828077625,0.35017288245294614,-0.44267783713055225,-0.5476256233076988,-0.5406641544040569,-0.4948512649369187,0.05640229270584824,0.7983977072027786,0.8239873178166693,0.7970873519359145,0.7771768182063503,0.7097975353865454,0.6519407439702227,0.7936477371758388,0.48507119027159273,0.7728700021286455,0.8633561829228279,0.7302342191541561,0.3662358209114323,0.8205454180188226,0.7897410498068993,0.7845544345281762,0.78666384380476,0.7701893367647549,-0.011043610885244548,0.7690895202217087,0.8161474748137681,0.8176232258393882,0.8284151879181602,0.7992694737878074,0.021878520870648538,0.8461334553133668,0.7883214748161146,0.9289405130033285,-0.0921585923121048,0.8249403637353144
TOTRESNS,0.71470873742467,0.694482364280743,0.7074627325339775,0.6662964145312807,0.7405737877190898,0.594900975064088,0.5020913238591198,0.5277910631249225,0.42990185277857723,0.5036855209643555,0.38149769451836396,0.6520055893955692,0.6823189269274218,0.6929921901322869,0.2562207310342103,0.5505108785885933,0.5591618340519796,0.7364416222076033,-0.39442122183621003,0.48862155149380915,0.02376956958851869,0.5777165110064507,0.5748137944287033,0.032087329452842685,0.7944453489932443,-0.16417758159563847,0.22456527087873798,0.5273784905883089,0.38490523292883155,0.5625489267979916,-0.15500494732189593,0.5718837545476656,-0.662951235116794,0.1309686165962282,0.42322726240075725,-0.7761849394264271,-0.755713815098,-0.7814735199788997,0.6068125647051027,0.4989448983549221,0.42711170471789583,0.4764931738576665,0.49172097175735485,0.5168512677968664,0.5621553694298995,0.2955871323259279,0.5699251446214403,-0.4882619954758609,-0.4589440657496735,-0.5833717677609084,-0.3337815852174813,-0.4020265896259313,-0.36311668992318813,-0.41750000828989703,-0.5293728132067509,-0.1263551172856693,-0.36677700492153087,0.7833579569437793,0.607540300971866,0.5831650824173896,0.8275676573670412,0.7338640194976771,-0.4728700288014442,0.8749617377746284,0.8521964899932297,0.8553467350932944,0.9783716398988287,1.0,0.9954256192767169,0.792123043837275,0.7701380449027867,0.8444840475191534,0.5423362226426431,0.7727883124288162,-0.3614615259971925,0.21267346033640996,-0.5640660096620969,-0.5891238429375384,-0.5913315287806993,-0.600240903340803,-0.5958140808517642,-0.6084204827015374,-0.5913926928930172,-0.5446350826999066,-0.5032044363510079,0.06726472656789345,0.28320187907998057,0.2336480005768974,0.07927574866062256,0.1376048992839853,0.2249890413491148,0.33313379471414095,0.3116954858935073,-0.3819053829965084,-0.43989914866674185,-0.4149393023550849,-0.40466359624119097,-0.042937813082708984,0.68569872506183,0.7154568627164501,0.68836749151009,0.6834133997531816,0.6359670217440323,0.5438906021920096,0.6707764580845527,0.36451777574278477,0.6540071976428791,0.7497948627485792,0.6065226180250088,0.24087162492379122,0.6989045627582307,0.665870972713151,0.6627575313138564,0.6632861027785986,0.6462601049357783,-0.10834419501660968,0.6518222430136935,0.6952139529084783,0.6977027085799579,0.7119818612905352,0.6762839965474299,-0.017692114185160382,0.7362676354613233,0.6686817096772523,0.8346436949760522,-0.1300298425689819,0.7006404558874935
NONBORRES,0.6979028918906355,0.6784322507429612,0.6898108204356733,0.6523606759345607,0.725863679361017,0.5807262551593391,0.4872292147326081,0.5121138659171823,0.4158532530711558,0.497351203562819,0.3647913772475785,0.6361921621620894,0.6691609178214448,0.6789955045280103,0.24939699284779235,0.5359780284414645,0.5409746310549702,0.71812988013117,-0.3567987844985234,0.5057072766627416,0.04722405698049994,0.5599384947298185,0.5592725119690538,0.008419229389288362,0.7836373422963145,-0.1790052192680783,0.1885814390601189,0.4961303752626218,0.3433707367864502,0.5362798700874785,-0.19286019029066048,0.5570241427014044,-0.6400160726967623,0.13135532069227582,0.40963623027032997,-0.75022682122243,-0.7299904149973903,-0.7559852297070798,0.5906720117206021,0.48600765429689324,0.41412994499537586,0.4634613401112043,0.47672236193226425,0.4976151947457647,0.5846022378576929,0.3119655933663693,0.5878143595903789,-0.4547949375296889,-0.4352875343787495,-0.5544278781388139,-0.3040099585562853,-0.37110915293758034,-0.33133687140969836,-0.39309039792796496,-0.4997884903479697,-0.10259208792383784,-0.33562578001303606,0.7704911776762831,0.5981165800466295,0.5748256490556473,0.8076173168287493,0.718765001481474,-0.4604284685517953,0.8683215626001627,0.8380105631675405,0.8417104755591218,0.9704326999717521,0.9954256192767169,1.0,0.7742695859671519,0.744581787065351,0.8310323501890791,0.54328867378841,0.7688951407300095,-0.36033738679006616,0.1904438065539423,-0.5445349919156334,-0.5708942544696045,-0.5703244686679474,-0.5796260287344109,-0.5758215447841812,-0.5906654741660842,-0.5763184146566401,-0.5350758009790877,-0.5014920747805095,0.0465290460040428,0.2758025389033339,0.2248514825891541,0.07369175913038316,0.12528317517712212,0.2077265741505125,0.3092265844472402,0.2792169839835441,-0.36037717560327814,-0.4269754648915316,-0.399524117527047,-0.39558029944641615,-0.03647465755007409,0.6687071533181287,0.6982782675178718,0.6695104508224909,0.6637554953945353,0.6148061305315907,0.5229874782333769,0.653044033582805,0.35564482105943146,0.6379888425201812,0.7320765495095135,0.5897327846911355,0.2322389281231345,0.6807935822667616,0.6482329789907824,0.6450489047380971,0.6455755438766634,0.6290453572560095,-0.1105747772891585,0.6343146395792224,0.677548090371922,0.6796392939397214,0.6940855168586699,0.6583934203305918,0.01772511910210501,0.7202650704206236,0.6449262585508899,0.8186463455076833,-0.17550948890289494,0.6834140147177502
BUSLOANS,0.9729016408757184,0.9691696477497708,0.967627927440089,0.9533731983860393,0.9771252037506162,0.9158599269852737,0.8720890654549116,0.8843156736958933,0.825782975961873,0.8635508761054774,0.7885603298844835,0.9338484652590376,0.9462271842672925,0.9337852742259467,0.668889549337964,0.8936262030845713,0.8825521562049526,0.9342524311298291,-0.5404151160522817,0.6731668874548916,0.010687942887454253,0.9070727914447466,0.916844807160154,-0.0870418249547137,0.704771200089983,0.02823658289041783,0.40846547074419287,0.5077823189479463,0.4723686559082155,0.503265201681798,-0.03515469130389611,0.9166878592093177,-0.4213470909899444,-0.08329204818692824,0.8543121696945731,-0.8216118561459571,-0.773298742047197,-0.8655082410352518,0.9307367863097608,0.8702204835542012,0.81724178612872,0.85009038795296,0.8725672253872826,0.8639062492935183,0.5577417230513564,0.5588354486669379,0.600725186215042,-0.4094490763659147,-0.5929643848108024,-0.5937113927448613,-0.1803073984251375,-0.2817405418707562,-0.19200246951299843,-0.520550525519533,-0.4667616217677321,0.14838516820976622,-0.23168165457934883,0.8356778263149636,0.9155132204733942,0.8544504669703612,0.9741157735116057,0.978823560768339,-0.6922937355683947,0.970342825373448,0.9850304844522082,0.979137447338834,0.8953608584802982,0.792123043837275,0.7742695859671519,1.0,0.9564405791992806,0.9824812751749714,0.2393063188695288,0.9651213267435568,-0.6251326783997972,0.4227277728800084,-0.5862101235897839,-0.6106622113039534,-0.6098648566394544,-0.6219469155026255,-0.6180091163723246,-0.6259927027384877,-0.6065011267615057,-0.5218534155720674,-0.4738024819846613,0.08339355173317495,0.31531312994236355,0.25045949226458464,0.08755522794790134,0.15728736596377327,0.24796550497741077,0.404913218606533,0.39172582096427455,-0.47499688720174144,-0.7424052703611065,-0.766589367952715,-0.6788045260350423,0.3166143196651713,0.9405644684706703,0.948927964407589,0.9295029281763499,0.8625341184208113,0.7508294550685413,0.8027480097407719,0.9494723575057263,0.7272033673427519,0.9248307670571496,0.973663672509909,0.9078739771834562,0.6397505278146178,0.964376860911271,0.9480075690775049,0.9411148134390186,0.9460741872692274,0.937199568492114,0.28242792739082384,0.9248366008294002,0.9615009328192953,0.961635027894577,0.9652892014001825,0.9532340131844556,0.11984414453686977,0.9324659012286645,0.9031493460650767,0.9763480328615017,0.06609401456731091,0.9668118151264633
REALLN,0.9637673895858738,0.9566920089834053,0.9681913700199004,0.9465062989263237,0.9736061478584896,0.9111982424496567,0.863712447927464,0.87846595717221,0.8135512513850824,0.8500961927306547,0.7709985199320731,0.9405126400833862,0.9448676322685611,0.9606302208150227,0.6124775028828864,0.8961651193883973,0.8729205513327348,0.9295967912511778,-0.5769225145054917,0.5167914820051465,-0.07886004833340689,0.8821241515431228,0.8835244196356915,-0.013543728622314292,0.7716360607380399,-0.040443942638074735,0.4293938267712579,0.6226121019261931,0.5568890973568151,0.6254866773716511,0.0017540907383085354,0.880782631861803,-0.566626421373622,-0.10938575460025521,0.8290307025266077,-0.9203291713471996,-0.8755994131965167,-0.9560049999919187,0.9048612217983212,0.8169507104848195,0.754623877383588,0.7998805485678463,0.8339478967373593,0.8466697652956291,0.49279811161285647,0.5086506399067743,0.5554358108669588,-0.450361705560224,-0.600943127967148,-0.6083557937805976,-0.2223502532931777,-0.34105085376817235,-0.24178411081285617,-0.5318904210661438,-0.4909445885269095,0.09865230142224486,-0.2920690689762632,0.9396102489995661,0.8975189780067384,0.8590141592671853,0.9587981663090069,0.9529061303874722,-0.8010947866020371,0.9216844074306929,0.970797830915353,0.9591314429371438,0.8769842329604897,0.7701380449027867,0.744581787065351,0.9564405791992806,1.0,0.9739189497757904,0.304170193306151,0.9247884593300006,-0.6463909274691257,0.4529226146408763,-0.6689237027942235,-0.6923045575457598,-0.6965651657982612,-0.7077407616118063,-0.706224977441679,-0.718823182119038,-0.6932058361242097,-0.61676335771981,-0.5611625923023736,0.13352865087687313,0.35694744759443114,0.29410516691994887,0.09545879620650223,0.1692751206619644,0.2810087646967876,0.43376342491333464,0.4187183619459523,-0.6154212082043008,-0.69112571561363,-0.7263777979066969,-0.5615775695786263,0.1321997094954085,0.9203821964919194,0.93661491133455,0.9239493452535308,0.9148235549314221,0.8417947362581948,0.853389956555202,0.9356073222632273,0.6434969789540484,0.9180870226306672,0.9743580950783995,0.8871365430087769,0.5583987557211915,0.9538551735663846,0.9343569982027402,0.9284193248713426,0.9308579104543904,0.9166547257897982,0.1731254029091089,0.9100693173229026,0.948699312120863,0.9473034906002705,0.9470965181640697,0.9386940744355834,-0.029105630185568093,0.9707089188163421,0.9655523454232942,0.9849393901059196,0.04091764916684736,0.9630846060332225
NONREVSL,0.9617080420902676,0.9546859707902586,0.9598892645131114,0.939651302485844,0.9743148343122169,0.8932977950238697,0.8351849879841782,0.8503584795258564,0.7824700480024239,0.8396126402576322,0.7338669335913379,0.9193167450551378,0.9388661891932095,0.9428591605486815,0.5926798560257468,0.8686887558507633,0.8514041005344529,0.9315777275812325,-0.5308030527576758,0.6287150558161254,0.007303420359925461,0.868347290434091,0.8760347318735058,-0.07357295655070475,0.7617681376311368,-0.05321690946319787,0.3675548041405726,0.5441278443725848,0.4731050524939421,0.5517619261374609,-0.07828824833637979,0.8749696002761265,-0.522576472411731,-0.06732268402903456,0.8130368407239502,-0.8787183038707603,-0.832415772385517,-0.9179488226850552,0.8962531460023486,0.8131660237527598,0.7482136160162814,0.7921191755655178,0.821501114065301,0.8226788472821523,0.5559293076775115,0.5236683344164471,0.6019105495641472,-0.4016667495280353,-0.5659047211846042,-0.5848887138975039,-0.1762213491066793,-0.2844227473502995,-0.19130562907098647,-0.49188812670962795,-0.46546141472776625,0.13996776125711624,-0.2326471189805401,0.9068124640800118,0.8876866850372664,0.8318713960739517,0.9670154071141495,0.9607989868521895,-0.7295091681145619,0.979164602179185,0.997772036934231,0.9924746332726451,0.9360736326919522,0.8444840475191534,0.8310323501890791,0.9824812751749714,0.9739189497757904,1.0,0.3590777717507278,0.9651769124594557,-0.6164172740605005,0.3967182190316074,-0.6340855602307353,-0.6604295266174083,-0.6598299554261562,-0.6715314188576789,-0.6686550846744761,-0.6834566480543384,-0.6639026352678583,-0.5912050346328138,-0.5425592262276573,0.09109620448241072,0.3404184913936158,0.27605219173335,0.09399514970389011,0.15571221008898295,0.2544490372183816,0.40243721893269785,0.3822464088162245,-0.508220559706464,-0.6880056406286014,-0.7057180940250036,-0.6043394316496137,0.2065837959059852,0.9163812966424454,0.9325824321159958,0.9111886907189605,0.8750927880734808,0.7830481481285798,0.7913938195028755,0.9259699644520859,0.6439461136019934,0.9030135741448472,0.9694559577878095,0.8725378093326542,0.5483340726679811,0.9469291836466273,0.9240166330447775,0.9164855676618293,0.9209285998091661,0.9074254375478532,0.16360872595792994,0.8977703879935615,0.9423682549970633,0.9433578260433415,0.9473798263620471,0.9319453966709376,0.07271941107917652,0.9585912826785156,0.9201750268565226,0.9956767806117045,-0.008383809046603324,0.9557671049645973
CONSPI,0.1253924883079015,0.10989126507880408,0.13164452740883367,0.09179567788252352,0.175902778586551,0.0024923368352672962,-0.10896934649931857,-0.08850617400627928,-0.18722211962841218,-0.02299493888872523,-0.2816330588133023,0.07835369241370635,0.11828615022258532,0.21277343647795788,-0.4397973709289919,-0.025273909976145932,-0.10580216968369052,0.1317201714331418,0.11137113200115883,0.1753693116409877,0.4320605177638662,-0.1113643614107394,-0.08954442593254534,-0.3409119070019822,0.1922517531241349,-0.6551574961706134,-0.44302050208535937,-0.05423311647278103,-0.2260483247399872,0.01246933552587432,-0.5127830538661496,-0.08522986069505821,-0.5381319564596834,-0.028527916732250955,-0.024484135437438714,-0.40907023522175756,-0.39344288050236076,-0.4188124162810903,-0.04878254520589627,-0.19190283321039117,-0.2819549081149457,-0.22077060086501715,-0.1752361761161043,-0.16737174026084187,0.20889874132986674,-0.15443383556619605,0.2193573243881799,-0.08336332568589033,0.18867633867750144,-0.10545647757591335,-0.09909407346574739,-0.15191222583697883,-0.09342604446599906,0.21266618613433522,-0.12306235051093614,-0.12697185025330465,-0.12910543746148243,0.8969970756218644,-0.0340245087897899,0.1268906848766292,0.21346127069721021,0.10321889327667262,-0.1444748328247573,0.32868626517803445,0.327841503807587,0.33451696955358556,0.4895642892469107,0.5423362226426431,0.54328867378841,0.2393063188695288,0.304170193306151,0.3590777717507278,1.0,0.31748039315544996,-0.10829786515910565,-0.010912403202056066,-0.34273418304791486,-0.3448471799483991,-0.3729857444418613,-0.37340370676933415,-0.39006616737867683,-0.4852703818972485,-0.525584158920608,-0.5825713434003147,-0.5575830492645649,0.15214294608472556,0.11058982243067755,0.10586199225928195,-0.07637381594624695,-0.17991919777140059,-0.154606473815144,-0.13227783387809164,-0.1580829713991012,-0.19873051730035113,0.31755076529874826,0.32669151047956335,0.3360594342617105,-0.4096285620268123,-0.012952777035132161,0.03585102837603453,0.0008460819438367283,0.10331911393538092,0.1624669952245903,-0.00012044683162888118,0.008576192825106662,-0.4409956778815495,-0.029991752623614008,0.15573811896732456,-0.10694917752328933,-0.524895303195869,0.06774197553734333,0.004376348180914724,-0.012670038796743544,-0.004331133317703107,-0.03854288293859574,-0.7885337937942326,-0.05219678100665737,0.052375489740230374,0.05372524494969751,0.06339286176074042,0.02377866410292637,0.0034373322907463263,0.2896273209472102,0.21367977327443236,0.3315606253601396,-0.20726735928539905,0.11583488290113185
S&P 500,0.9390006499184863,0.9378929406039654,0.9345798017412585,0.9309824839710338,0.9522744728525382,0.8902591949816219,0.8361942407478383,0.8463938799799098,0.785652821543304,0.8665112603126719,0.7245941408457062,0.9143385698492477,0.9312285799118407,0.9338381180260507,0.5986959401266257,0.869903776280066,0.8223031016187731,0.87779861283794,-0.42907247644846275,0.6952027155642487,0.14408561104014556,0.8396226686488479,0.8610982281294597,-0.23581548514032843,0.6413180745369462,-0.1422428763330168,0.23393123729028303,0.39197788266034106,0.32483719667954536,0.40350291503051494,-0.19506719154772145,0.8678575838562108,-0.4045003557895484,-0.17814662427978192,0.840734047191945,-0.7947034065357983,-0.7441045467611904,-0.8427221189187064,0.8815242138639705,0.8088176496281617,0.7432253101694452,0.7833770525798626,0.8109711173862855,0.7930321243530705,0.6090351598648623,0.6102183541238346,0.6478523047650055,-0.3009559094860513,-0.5186914299838908,-0.4748811613203605,-0.08297989469081042,-0.20344693636718658,-0.09019034416199334,-0.432554097690248,-0.34098043926714366,0.2198703807441166,-0.15337788731591892,0.7729333314662371,0.8846894949536127,0.8383412266124117,0.9125143889598221,0.9362403376448916,-0.7153246999306136,0.9543449069045873,0.9591847564986745,0.9466516506755215,0.879377122715004,0.7727883124288162,0.7688951407300095,0.9651213267435568,0.9247884593300006,0.9651769124594557,0.31748039315544996,1.0,-0.7012538534919527,0.4498754421663593,-0.60546300608671,-0.6284325288737892,-0.62531774523135,-0.6374132264563462,-0.6395839438076361,-0.6705671274354746,-0.6692107227758664,-0.60785771304136,-0.5765343290762369,0.10552832372301622,0.346443695988732,0.27957566831493796,0.0848172736535526,0.10769971097168657,0.18112160373833275,0.32661138530167544,0.28429667971572986,-0.44177080615414804,-0.6366202931260142,-0.6757743170765251,-0.5744210035519844,0.3077452072581917,0.8710750426438111,0.8833728624659922,0.85423658707635,0.7944601823528351,0.6884168583237905,0.718676594300826,0.8944636258684485,0.6364724354870106,0.8633301272126891,0.9387910103635407,0.838288240048969,0.5432659102484656,0.9171265771754119,0.8935163820601004,0.8826298223785048,0.889102204077252,0.8755888772402831,0.16679934980372907,0.8539476878319061,0.9111962872315056,0.9074945897701138,0.9095282745377937,0.8978911182359354,0.24578235636328846,0.9096181022559233,0.8780653295678343,0.9567442291652996,-0.03958384687283612,0.933273711355599
S&P div yield,-0.6816340525267689,-0.6921171252884463,-0.6914758561942774,-0.7141607364171942,-0.6915371325511072,-0.7184639589556222,-0.7138885482941805,-0.7106530461406773,-0.6924101925783507,-0.767273019544173,-0.6236141464602665,-0.7289095335174307,-0.7099429377309501,-0.7372351448662859,-0.5192901155895504,-0.7353549204794618,-0.6237960203352952,-0.513523124193923,0.16783949223121727,-0.32753756101874126,-0.12286782909189879,-0.6222702184273468,-0.6500458378955465,0.3970192579961438,-0.4119352384602026,0.3487499188168744,-0.012893426591723864,-0.2503633129619587,-0.15269534502415635,-0.27838432021200465,0.3466327352846867,-0.6660966662488719,0.3078940271862549,0.6958878949265375,-0.6944453217019744,0.6033301943700653,0.5883776155148729,0.6060615780405545,-0.6764181562017947,-0.6295341379829339,-0.5597079257767533,-0.6242295063291012,-0.6449339214595837,-0.592503460943457,-0.5938168702164885,-0.7685009936467172,-0.663514982446864,0.06469145068026592,0.22688580051054802,0.08477907035488881,-0.022300814569866885,0.05550016191161145,-0.11395634263015979,0.12391462731962256,-0.08676913826752194,-0.25883286494140295,0.035283775155801986,-0.12023902812986309,-0.6998387478247666,-0.7479889501168008,-0.5650288280641186,-0.6527211918469638,0.7212304995135902,-0.5774604177547298,-0.60510024135777,-0.5753749247524922,-0.4803345001170622,-0.3614615259971925,-0.36033738679006616,-0.6251326783997972,-0.6463909274691257,-0.6164172740605005,-0.10829786515910565,-0.7012538534919527,1.0,-0.6902361086129803,0.724281996655581,0.7364180117698127,0.7314821113398242,0.7439826058707203,0.7563067663076857,0.768127618677432,0.7709863774065342,0.7235688269478266,0.7324005620602645,-0.25642213275776166,-0.4894550408245775,-0.41233269596335825,-0.14080458486054256,-0.20667076924845462,-0.2685655178953658,-0.3955383978499413,-0.2811827414519223,0.5082157392772088,0.3590634693274242,0.5560386604390336,0.3139302813026888,-0.3392440039571019,-0.5908669998421467,-0.5898026618680581,-0.5593982538273602,-0.5068907524079984,-0.3898244277067542,-0.4534231692246575,-0.6634044257502312,-0.5165110795846993,-0.6363975705853423,-0.69203890083826,-0.6286374789342883,-0.4798285676317354,-0.6775343209083502,-0.6671943270882402,-0.6575948137125609,-0.6585965728172158,-0.6503676768707571,-0.19682324885137145,-0.6067635423613906,-0.6711604723893951,-0.640881719911743,-0.6229437341096128,-0.6472203576462893,-0.45366749199872725,-0.6716877272469811,-0.7124989311997771,-0.6342937240846012,0.02541216863578808,-0.6926959821565859
S&P PE ratio,0.4628922739817784,0.46533825117360256,0.4747091253373411,0.47229249293804887,0.4580982530470065,0.4747235222906827,0.4811066320454945,0.48027044605183883,0.4777192388241724,0.5067704436332036,0.439312121708491,0.4728010831139669,0.4594839438339796,0.46734789460650145,0.35007190929243875,0.4890324253428387,0.4409588984878774,0.33362051432412215,-0.3075844290246028,0.06851943660498434,-0.044372559973219525,0.44348723881938384,0.4474003898929665,-0.10402425352709822,0.26816547170439675,-0.16355163041025403,0.15562311782557106,0.33216848180044334,0.32447153473671375,0.32338304531876244,-0.05839628416803718,0.4578147515464596,-0.2979568133849752,-0.5756886816943203,0.4489149631898912,-0.46084583700010207,-0.4692128797671394,-0.4344881040669545,0.47055498097028736,0.42992071257782155,0.3789075498080666,0.4302176506375019,0.4569387191479504,0.4315386127328407,0.23294877117832372,0.43955817054431795,0.3275468333076201,-0.1225568212424003,-0.22366802844404604,-0.08971630559949086,-0.06545865193286879,-0.11694885429152779,0.0014461570098791678,-0.1429879860941807,0.029522570037632867,0.10464015494067411,-0.10651212414182813,-0.19746140212226349,0.4301332871962578,0.4444977774230506,0.3541808891842656,0.4232887652754224,-0.48597202690778735,0.3687873679268507,0.402860727292283,0.3802259665157404,0.301571762073332,0.21267346033640996,0.1904438065539423,0.4227277728800084,0.4529226146408763,0.3967182190316074,-0.010912403202056066,0.4498754421663593,-0.6902361086129803,1.0,-0.5720436332141701,-0.5813970500967233,-0.5758910616001005,-0.5829025808507481,-0.5826586016291574,-0.541376473098561,-0.5259072991807182,-0.4766444641836608,-0.47519159291086127,0.20449044951636577,0.39489452005340314,0.345391336008198,0.17658862971724498,0.31221188398531113,0.3576805077364415,0.43858685828514105,0.3646183309606027,-0.320252207932317,-0.25120716100031004,-0.4062108991013849,-0.25696991789375107,0.3429354150804635,0.4022309160114596,0.39507722218991076,0.36475710042788917,0.27784730222625065,0.20481792095050294,0.22139225424277567,0.46489895440817147,0.3782702236974537,0.42683988136960427,0.47945537108169495,0.4386463797873239,0.3610879417711727,0.4760568592925731,0.46799703158940864,0.45873176233689145,0.4619377040583105,0.45668171492615184,0.17505263004673485,0.4181923276840176,0.4687527072626965,0.45184213569110554,0.43960235948433146,0.45836996896005944,0.25884193441667863,0.4190888661205499,0.46696510417394416,0.42644388383300136,0.09060686722047616,0.47327078699121833
FEDFUNDS,-0.6008917187996595,-0.5916222565477887,-0.616087888940107,-0.5873667135907532,-0.6267803843689964,-0.547061649596454,-0.5032713806487707,-0.5158517862996403,-0.4670668599918825,-0.5447559063946115,-0.3999742734887845,-0.5887843662645368,-0.5837182385879776,-0.6377885256293564,-0.22575049091992816,-0.5453784655366988,-0.4853622901676712,-0.5083408745337574,0.3336647911309212,-0.05332716552243496,0.13972093049809312,-0.48851997640498335,-0.48911373742282316,0.06363235263389694,-0.6246443546564595,0.3466031146102152,-0.15012127970933892,-0.4806653463853542,-0.3690403123113244,-0.5058451798030045,0.18194416244525558,-0.4901355753015566,0.7344613465080545,0.5195080120315195,-0.4270097184427746,0.7967203997717865,0.8232864073194622,0.7337586103285533,-0.5309452411559651,-0.41982878906691184,-0.32225162983567274,-0.4151026062911174,-0.44958567611072764,-0.4456483642117729,-0.44906633778358,-0.4460656521939947,-0.5170755099056142,0.24544978984952354,0.2529783922733508,0.19658032917479779,0.21348910953653846,0.20216470289650978,0.1282061268362082,0.17875492182552272,0.0816976867184395,0.04727004362764746,0.1878902004996903,-0.6599010278992926,-0.5272292135393178,-0.6250169601198514,-0.5733493951410603,-0.5757968849721607,0.5972794671649376,-0.6066779460227164,-0.6335851367536768,-0.613183392797247,-0.6188760415364044,-0.5640660096620969,-0.5445349919156334,-0.5862101235897839,-0.6689237027942235,-0.6340855602307353,-0.34273418304791486,-0.60546300608671,0.724281996655581,-0.5720436332141701,1.0,0.995055528308394,0.9898663921663436,0.986992952030274,0.9803849790993857,0.9335162973113469,0.902369247633645,0.8590921573615322,0.8300326704024086,-0.5381849751734968,-0.7666406791344376,-0.7381043133808398,-0.4788000102705269,-0.5751992813463978,-0.6550786207646595,-0.7323266506026977,-0.6383383561421443,0.5580113404546522,0.25073508192280847,0.37688386964998094,0.22470451291535998,-0.014544460816017705,-0.5196129206834735,-0.5370345151608649,-0.5048930158467076,-0.5030213887801211,-0.4375924847178311,-0.3778736754474137,-0.5722643512737369,-0.30073474487187524,-0.541727098749483,-0.6492554310251331,-0.5095788332337272,-0.225414591653691,-0.6011330709820606,-0.5728599100251429,-0.5650586549302776,-0.5636920115270245,-0.5479963790422341,0.09186958602394266,-0.5192493373284478,-0.5932937849880134,-0.5688797947606093,-0.5588954903171609,-0.5633797973834502,-0.13846455485246162,-0.6518101647881824,-0.671689451281641,-0.6641771488223339,0.08785585949246037,-0.6098369064116764
CP3Mx,-0.6290754355552723,-0.6195507831412175,-0.6437482605082231,-0.6152997294709905,-0.6536567934180025,-0.5757418174198808,-0.5307822920603811,-0.5437169541664427,-0.4945332279136325,-0.5708647468476507,-0.4277798999456775,-0.6159742349547104,-0.6130968700204875,-0.6643700104021573,-0.25407455054773004,-0.5729288177576746,-0.5160716890178112,-0.5383655646830539,0.35766538547281396,-0.07383541252716297,0.14936098789503716,-0.5184279287100105,-0.5178526303898986,0.04762098459150115,-0.6541136418813644,0.32710786741811554,-0.17611432600061575,-0.5089439929779506,-0.3953844390936634,-0.5338581215370266,0.16613558851962137,-0.518823651262261,0.7378238126325126,0.5012342790171658,-0.4512988518112347,0.8144976620462534,0.8373466325608417,0.7563259735603142,-0.5594305506656759,-0.4483316570778219,-0.35125913389058283,-0.44380720065069024,-0.4778722850214069,-0.47604983629907743,-0.45565133856124285,-0.4577900430292823,-0.5252444138208889,0.25129271715297224,0.2715995951886337,0.2135020619782875,0.20941431385428427,0.20334274882630585,0.12772633563946695,0.19855391433235234,0.09822860920213479,0.03276913028866731,0.1860787820639917,-0.6595363130224714,-0.5542068231433688,-0.637280395454101,-0.599671336663512,-0.603271733486023,0.624504375385832,-0.6317784201508027,-0.6600540456625069,-0.641375137986687,-0.6450574455018196,-0.5891238429375384,-0.5708942544696045,-0.6106622113039534,-0.6923045575457598,-0.6604295266174083,-0.3448471799483991,-0.6284325288737892,0.7364180117698127,-0.5813970500967233,0.995055528308394,1.0,0.9930640927306754,0.9928983094645778,0.987557155196791,0.9414094310173263,0.9079875444838289,0.8597181865556341,0.829441839835952,-0.45181424107764656,-0.7262357964865953,-0.6891707077021426,-0.42286983607988776,-0.5437989198433587,-0.634153481892188,-0.722209827629216,-0.6303223500680757,0.5561107777222487,0.2834174960309408,0.4059677346769816,0.2534331464944612,-0.026346500900211525,-0.5497445957574121,-0.5672626312789375,-0.534790861986055,-0.5323788948871935,-0.46478821617513333,-0.3999721203309399,-0.6005817056706542,-0.3272694753660023,-0.5709558457120802,-0.6757774608295606,-0.5389596725279031,-0.2506818323899707,-0.628641330793407,-0.6010090612988189,-0.593672189870187,-0.5921737907202222,-0.5765193931810741,0.0746850009180052,-0.5493012786349056,-0.6210230478542419,-0.5982247015385138,-0.58889620286966,-0.5926273298830015,-0.12859557090675305,-0.6788408425029989,-0.6964904618272231,-0.6896036621063886,0.08848499206367648,-0.6371444008875744
TB3MS,-0.6244757712888644,-0.6147695037426638,-0.6393900715779174,-0.6103072024431067,-0.6491729756939982,-0.5702666733192155,-0.5230120967486743,-0.5361891354163073,-0.48442149319121947,-0.562692249800678,-0.41608548137554835,-0.6130159015720565,-0.6099304260453475,-0.6650878103842134,-0.23931045325938327,-0.5677142218424716,-0.5076982861746834,-0.5338750904715128,0.346323011989388,-0.06783140667800831,0.13307887435257842,-0.5071069268033017,-0.5076206649535985,0.06756313770809999,-0.6409112542661821,0.34829074631055357,-0.15652487101406806,-0.49675856508807736,-0.3800104189880799,-0.5233030890099591,0.17572057489942233,-0.5093488744178928,0.7444693124188265,0.5124889339902128,-0.447626748820656,0.8168806113705985,0.8387188967447425,0.7600875926644121,-0.5505299531516187,-0.43557363358300505,-0.33662624501781885,-0.4300814551769112,-0.46569333340263824,-0.4660725665820091,-0.4487678111488538,-0.44478482824919774,-0.5194585092736228,0.2747164389933304,0.26770910925536834,0.22385138778095123,0.2374833276674049,0.2341356241136316,0.15710872678173837,0.1980794205063412,0.1148338144443665,0.0651576822616611,0.21903264529323505,-0.6791079285058942,-0.5453111993363264,-0.6320953908294111,-0.6005795841358594,-0.5968904863955351,0.6233422818839373,-0.627108655790405,-0.6581543746611787,-0.63909852433066,-0.6459153890010644,-0.5913315287806993,-0.5703244686679474,-0.6098648566394544,-0.6965651657982612,-0.6598299554261562,-0.3729857444418613,-0.62531774523135,0.7314821113398242,-0.5758910616001005,0.9898663921663436,0.9930640927306754,1.0,0.9983227784599283,0.9938551821789899,0.9535672242192755,0.9226926392402428,0.8731079676998977,0.8399455956089452,-0.46406228090576246,-0.6676964054368646,-0.6411058854684714,-0.36969207878774996,-0.5020356595484542,-0.5967698689610853,-0.6946682766742521,-0.6065722583502252,0.5813854637589062,0.26564188831744406,0.39166879696372325,0.22117371576703512,0.003644844432288877,-0.5391104303460216,-0.5582986228637257,-0.5261285797280122,-0.5319787330974216,-0.46846958724411575,-0.40372443049915613,-0.5918258126302303,-0.3058853392620651,-0.5608222910453141,-0.6715721484419662,-0.5268385040149333,-0.22483797872516573,-0.6216920245385824,-0.5921248021873121,-0.5843752591938085,-0.583006240760633,-0.5661077194685044,0.10562612728238217,-0.5388488722727768,-0.6133371120938458,-0.5898502525000034,-0.580828127714557,-0.5833575261563118,-0.10019431173184007,-0.6790031778490566,-0.6999477740526044,-0.6894548485231051,0.0481571418025304,-0.6327761560949308
TB6MS,-0.6370398841541266,-0.627430529044163,-0.6517753485892931,-0.6229442320377885,-0.6618601509901983,-0.5831106698287781,-0.5356914885429986,-0.5490291310460046,-0.49556336218557795,-0.5738250890004571,-0.4270018327200502,-0.6265238565546472,-0.6227309509489415,-0.6773929675292603,-0.2498180149391788,-0.5804014804969899,-0.5198251983121468,-0.5437792451992183,0.35183709776872646,-0.0765490819765714,0.13329894626904154,-0.5198710442537134,-0.5205942392258563,0.0709857976082048,-0.6495347764240144,0.34760328107486577,-0.16029134217023505,-0.5033907814986295,-0.3842593343587806,-0.5306004770142771,0.1754369653650189,-0.5224776171780673,0.7460186818108323,0.5127247526164197,-0.459786684321903,0.8251295808478413,0.8455863943559613,0.7700657910256032,-0.563566594140434,-0.4485667285959865,-0.3495633805679081,-0.4427527057531648,-0.47852132028067074,-0.47797737059120154,-0.4571673244365237,-0.4525467327393557,-0.5278809468263167,0.2853891476994005,0.2805432524923725,0.23608575267759152,0.24520560515026169,0.24107654439838588,0.16444331165586779,0.2100490397041124,0.12582521960885093,0.06711225245282759,0.22522982241393222,-0.6836809893106495,-0.5586404632726438,-0.6463997976381303,-0.613080844854985,-0.6099713157207871,0.6361748751011513,-0.6382986816188194,-0.6699078868802932,-0.6499924019761459,-0.6561829878033631,-0.600240903340803,-0.5796260287344109,-0.6219469155026255,-0.7077407616118063,-0.6715314188576789,-0.37340370676933415,-0.6374132264563462,0.7439826058707203,-0.5829025808507481,0.986992952030274,0.9928983094645778,0.9983227784599283,1.0,0.9977208275603737,0.9612870153472557,0.9304459938629672,0.8796005799038765,0.8465742081821227,-0.43965934199160156,-0.6602084386521033,-0.6200393090324091,-0.33854397506828054,-0.4766446155298683,-0.5767439806521177,-0.6806373866525426,-0.5922934145544453,0.5908945503667457,0.27713412493728595,0.40458367835471515,0.22705804319647158,-0.003110139329295393,-0.5525632999423095,-0.5717116717284191,-0.5393516898461085,-0.5442638761987243,-0.4797989332752004,-0.41558114598809803,-0.6050997336183426,-0.31826995287027143,-0.5744002725666727,-0.6842204217002129,-0.540474212921112,-0.23681843188465196,-0.6346633051065459,-0.6053831570822471,-0.5977026470483338,-0.596319745741691,-0.5794078473839326,0.0974775350387094,-0.5524188484884105,-0.6263490231975767,-0.602794942802026,-0.5935920822777935,-0.5963698010512587,-0.09776869075659948,-0.6904730076361595,-0.7116132088542634,-0.7008129322791805,0.049736619357724034,-0.6454281880165114
GS1,-0.6320008672208653,-0.6228479759815287,-0.6469018448321542,-0.6193497952571108,-0.6579623907506842,-0.5793242096738395,-0.5306812259663967,-0.5438462223038402,-0.48849458036301174,-0.5710955820695794,-0.41714065316424387,-0.624905092267559,-0.620171241515731,-0.6777737064722765,-0.2385459813357425,-0.5772312326139571,-0.510418905845028,-0.5336243140674822,0.3269739784188841,-0.08018705066679328,0.10538618968798551,-0.5095222644973801,-0.5123338685454225,0.10178806940146319,-0.6345757805377269,0.3767778071846928,-0.12991312400519434,-0.48357299857143693,-0.35834247999417257,-0.5137799716016562,0.200130819419631,-0.5151923649449296,0.7417088442301579,0.5301061854715784,-0.45947617841911675,0.8204836353050131,0.8396026041506272,0.767487354833521,-0.5561068288716545,-0.4390987563178578,-0.33848583837162916,-0.43220795697983827,-0.4688273286415373,-0.4672473979395327,-0.4648413957866232,-0.45789298118124383,-0.5351725151339228,0.2839629766751035,0.27342613990436077,0.22820124753873935,0.2464658135070286,0.2451731953396171,0.16529987315690306,0.20392133534140483,0.11895917334139568,0.07154416398394811,0.22955304482404398,-0.708230363711588,-0.5537560024418233,-0.6523813654922224,-0.6073984919963211,-0.6039916597371365,0.6425390916250139,-0.633673043938208,-0.6657542598261305,-0.6444506326986087,-0.6523526367756369,-0.5958140808517642,-0.5758215447841812,-0.6180091163723246,-0.706224977441679,-0.6686550846744761,-0.39006616737867683,-0.6395839438076361,0.7563067663076857,-0.5826586016291574,0.9803849790993857,0.987557155196791,0.9938551821789899,0.9977208275603737,1.0,0.9740871633272432,0.9471009132065337,0.8992551126049996,0.8678603848372737,-0.4256301216160813,-0.6457710868946573,-0.5973612827431106,-0.29637697676110236,-0.4295667725537012,-0.5327610749782745,-0.6420937568212381,-0.5511237630527492,0.6057256614853733,0.2607241141584901,0.3929058478230695,0.20159622882516282,0.008674819809506762,-0.5423459086860367,-0.5623538887197626,-0.5291772313711041,-0.5377912242542717,-0.47482494507359485,-0.4111843369404694,-0.5970574873072809,-0.30325406176336284,-0.5655079421422401,-0.6793718563994392,-0.5302706026308461,-0.22004063167285937,-0.6277702132502874,-0.5973698344747104,-0.5892113243192041,-0.5879648116018178,-0.570262761571463,0.11741527616960803,-0.5423737068418838,-0.6190024660647646,-0.5943729756394657,-0.5847076392066519,-0.5876807751304133,-0.0977919132510837,-0.68703786401103,-0.710444437133281,-0.6979453405622466,0.05329301885699099,-0.6407423043487532
GS5,-0.6283573260701247,-0.6202817079214789,-0.6429041623145295,-0.6207632959283762,-0.6601112693923187,-0.5760337292970147,-0.5175341294910936,-0.531046280304059,-0.4655607912804132,-0.5699460017848975,-0.3811243082815639,-0.6314654890588655,-0.6265722936461219,-0.6950875573800631,-0.19553688286034884,-0.5736719312193479,-0.4817907844194105,-0.5272636874342101,0.22304795807361788,-0.15407360731639846,-0.034945848273340074,-0.47955684162482753,-0.49182846808942565,0.2314301166267667,-0.5896171814052841,0.49624625203199496,-0.006696690394484218,-0.4000000596972241,-0.24820118323292079,-0.4431660987034459,0.30791298908367504,-0.49805794171318357,0.7172997150097434,0.5429913748890104,-0.4709811932674944,0.8069553693275692,0.8141026548412014,0.7715880275111621,-0.537628587613403,-0.4111670322315074,-0.30539341191959646,-0.39793350307329967,-0.43713072012988974,-0.43346165601366293,-0.5131711177008442,-0.47757899884809857,-0.5797257363456799,0.27545399445900925,0.2561706722337075,0.21046579292726394,0.24114276221498135,0.2494432595326209,0.1644672005817313,0.19007043751324101,0.10871144304227681,0.0766702608030156,0.23400040519164464,-0.8489021113685373,-0.5486970637385875,-0.6856704066619805,-0.6064753334478022,-0.5987139016872642,0.6755341408816892,-0.6438946419391541,-0.6742066170873575,-0.6489603765156694,-0.666719581235785,-0.6084204827015374,-0.5906654741660842,-0.6259927027384877,-0.718823182119038,-0.6834566480543384,-0.4852703818972485,-0.6705671274354746,0.768127618677432,-0.541376473098561,0.9335162973113469,0.9414094310173263,0.9535672242192755,0.9612870153472557,0.9740871633272432,1.0,0.9930036315563606,0.9633759566663541,0.9364776800653786,-0.39625462865158767,-0.5822615221106188,-0.5215648329469011,-0.18471908851265803,-0.24367192706690083,-0.3474381363696126,-0.46888735552581706,-0.37280357048195933,0.6624728410776435,0.21905290781001352,0.3531008919527008,0.1163284495363621,0.05011018286970718,-0.5168902478048129,-0.5415342517619979,-0.5070906809653347,-0.5285687688521422,-0.4708180310506219,-0.4166981277089239,-0.5765939083102525,-0.2410113399029924,-0.5409061139883853,-0.6745739681387207,-0.4981449468236601,-0.14954768425318907,-0.6132694371996753,-0.5764889675782977,-0.5662317511584477,-0.5660663675135137,-0.544495491990131,0.20795693641806587,-0.5138664084543799,-0.6025450572555813,-0.5765594961893733,-0.5666085443669507,-0.5673556688842452,-0.10534244672858563,-0.6900317465250287,-0.714607680788865,-0.7097805786334436,0.07122743294289112,-0.6377490125741794
GS10,-0.5979308373208763,-0.5911022308945033,-0.6118975873132011,-0.5935384678652313,-0.6331028477136224,-0.5454772306142696,-0.48349040857313025,-0.4961983154326619,-0.42869689368653907,-0.5478840790380767,-0.3367605332696385,-0.6044441219025137,-0.5999421243338035,-0.6734597041500383,-0.151441516012457,-0.5434164288589001,-0.4368251645396945,-0.489150917733608,0.14852340007250064,-0.18179646267725094,-0.1255028138928329,-0.435203193859428,-0.4543541337627591,0.32043914051116895,-0.5273850601664172,0.5698055907827506,0.08542100867414254,-0.31590888178559134,-0.15838185024439158,-0.36419410427253446,0.3841996936510992,-0.463122488520153,0.6848102437115081,0.5735654516052137,-0.4560607339726856,0.7707619731731329,0.7757866428274778,0.7395712061949793,-0.501083155453782,-0.3725159498844429,-0.26364768590506243,-0.3559812386178093,-0.39611536217754345,-0.3864380204922916,-0.5321422500785405,-0.4825377485028662,-0.5939439771616686,0.24378337305790332,0.21823984159402726,0.17134109792705893,0.21785366862613623,0.23183547039157631,0.14112277821726685,0.15149218282213453,0.0720258956369882,0.0688707675781558,0.2183683169149678,-0.8832283792267249,-0.5176952642706188,-0.678001909327722,-0.575125762732276,-0.5679493368383987,0.6528336106765913,-0.6274954316015979,-0.6512796751358707,-0.6235930945143214,-0.6488483269725075,-0.5913926928930172,-0.5763184146566401,-0.6065011267615057,-0.6932058361242097,-0.6639026352678583,-0.525584158920608,-0.6692107227758664,0.7709863774065342,-0.5259072991807182,0.902369247633645,0.9079875444838289,0.9226926392402428,0.9304459938629672,0.9471009132065337,0.9930036315563606,1.0,0.9834743241370221,0.9620593554736068,-0.4001028100910731,-0.5586105255047723,-0.4990210938535764,-0.15402514529780736,-0.17539351902372086,-0.26550381236874776,-0.38374305350586874,-0.2819362873365777,0.6573352996807381,0.16267381099222725,0.3017652236288983,0.06067385338839687,0.054725386606596024,-0.47226883544484627,-0.4980692864808585,-0.46069948072664096,-0.48052219921365175,-0.4219493407523169,-0.3782159951268433,-0.537101893809074,-0.19014745174164616,-0.49633507729221726,-0.6434548150142566,-0.45173694697501626,-0.09605164030550743,-0.5776359377747823,-0.5370331169011737,-0.5247415143054959,-0.5258049782013267,-0.5026895778510673,0.2610694038762173,-0.46743355461827385,-0.5656685304771505,-0.5376366513625632,-0.5273378999006249,-0.5274563411201972,-0.15023012879326916,-0.6603732616200372,-0.6837693927236977,-0.6872468156266163,0.09621821734598224,-0.6074016814250753
AAA,-0.5015379206581856,-0.4944400180296892,-0.5169975388132171,-0.4994615110926964,-0.5456691286355425,-0.4442219081901085,-0.37739676559684476,-0.3900536105911817,-0.3189605168744228,-0.4554540242891775,-0.21936077047018576,-0.5093467863921702,-0.5054695350522993,-0.5892101888192374,-0.036224427195290496,-0.4423887890764177,-0.3215624958715724,-0.39060714838695776,0.01374620311406438,-0.15912653087712714,-0.21349340698558436,-0.32199791145455786,-0.34659298734372723,0.39811885424539006,-0.4473140939871703,0.6735270475108778,0.21648867429988908,-0.21492757848357755,-0.04093042106453738,-0.2729789339982628,0.48321149873748187,-0.3550359782402069,0.671640550078663,0.5830346345971853,-0.3667859029069881,0.7082578814667414,0.7185542480924488,0.671433187096028,-0.3937278266645021,-0.2595282000710187,-0.14709036143901988,-0.2405070444824279,-0.28319009203383644,-0.2667511004818566,-0.5450179559758901,-0.45340398948515986,-0.6008391869562185,0.19306221564876003,0.13792998243166582,0.10283610114311995,0.1953014604724774,0.19681769445246436,0.11805097711986076,0.07802088538885728,0.020446280180132802,0.08833891438814447,0.19049188097201583,-0.9077702782586009,-0.4223517377415937,-0.6469269579899308,-0.48703067615483997,-0.4730801700099889,0.604500156586693,-0.5608037368012525,-0.5755561385043105,-0.5440763724652449,-0.591062359711562,-0.5446350826999066,-0.5350758009790877,-0.5218534155720674,-0.61676335771981,-0.5912050346328138,-0.5825713434003147,-0.60785771304136,0.7235688269478266,-0.4766444641836608,0.8590921573615322,0.8597181865556341,0.8731079676998977,0.8796005799038765,0.8992551126049996,0.9633759566663541,0.9834743241370221,1.0,0.9906134569747912,-0.4209917484228607,-0.5559817949400746,-0.5012433681114152,-0.1574801517230897,-0.1259481671669362,-0.19768070101012564,-0.28061008320519726,-0.16533174192015268,0.6708915281648302,0.0504415650910277,0.18793273641792538,-0.05934643633340082,0.12352257351584069,-0.36684428502382893,-0.39559616919871454,-0.3569248101312006,-0.38838091451457935,-0.3438652078903926,-0.29924212989552235,-0.4339365988204739,-0.07226208270563396,-0.39124668265968043,-0.5527142447547756,-0.34086810072590723,0.021044588375283897,-0.47912962691655187,-0.4338745046457425,-0.41973912600005625,-0.42163778512197975,-0.39682446448555847,0.3604299595572348,-0.35864565994930453,-0.46622293254396163,-0.43532680823755343,-0.42366351731253643,-0.42388506601676496,-0.1861380520500984,-0.5785235642632331,-0.597112790883794,-0.6136916834274528,0.1903646434467997,-0.5132866113305505
BAA,-0.4566218533999377,-0.45131463307477154,-0.47209198323903395,-0.461230422026791,-0.5025724499507307,-0.40900458446503085,-0.3459225257684526,-0.3563927311950666,-0.29142802795146133,-0.43357742612531636,-0.18932880148133424,-0.47004448948372696,-0.4669149447200753,-0.5480712403070522,-0.024876355709523335,-0.40905684549086285,-0.28085963335492775,-0.33866766543187987,-0.08255131516397704,-0.16927126150632701,-0.26377601992605687,-0.28143282320903135,-0.3104290327057187,0.4584200381678657,-0.3987906823674804,0.7112460933094565,0.2884250766516968,-0.15174606482203049,0.034370105809731884,-0.21659251528622883,0.5533614175627798,-0.3199994659057725,0.6172426550549533,0.6239588009861812,-0.3371908774545761,0.6457626490309684,0.6585373497469004,0.6073189677588209,-0.35565010274260456,-0.22962618606766205,-0.11807252826097438,-0.21137355052732593,-0.24950787523053145,-0.2252421411841144,-0.5846628585502827,-0.4997208434989498,-0.638807870393855,0.1378966664271174,0.09239104630336627,0.03573079055225464,0.15872883665513374,0.14697424552427604,0.07090541686663324,0.031121973615883227,-0.0472199986875266,0.06733626014935924,0.1454042473883152,-0.8745767018116323,-0.3932827362228666,-0.6380693651899008,-0.43608649883907946,-0.4299489958512691,0.5911933946223713,-0.5221060003682189,-0.5271301440410797,-0.49469120103119957,-0.5461573560984849,-0.5032044363510079,-0.5014920747805095,-0.4738024819846613,-0.5611625923023736,-0.5425592262276573,-0.5575830492645649,-0.5765343290762369,0.7324005620602645,-0.47519159291086127,0.8300326704024086,0.829441839835952,0.8399455956089452,0.8465742081821227,0.8678603848372737,0.9364776800653786,0.9620593554736068,0.9906134569747912,1.0,-0.4168978845525665,-0.5536003672317406,-0.4980407450570444,-0.15652148114684344,-0.10872115254670335,-0.17022278624792977,-0.23860698393405427,-0.10053768050001555,0.666500089397344,0.016401591792014888,0.16471435097166298,-0.086779301210173,0.11165675952990105,-0.32203748646101904,-0.34888881332443783,-0.30895063841801707,-0.33698894979623323,-0.2883282356132635,-0.2560509886494976,-0.3913492108938877,-0.055247310168914085,-0.3499685599910969,-0.5082014215272188,-0.3014538459653835,0.035055157611352396,-0.435273809217544,-0.39171491805282743,-0.37762754261695525,-0.3791800424226532,-0.35602671502800926,0.35411738021553396,-0.3152725098395661,-0.42318686449248194,-0.38920515558120644,-0.37599345293012426,-0.3793607794555446,-0.2533170282247196,-0.5280224452638687,-0.5456343498242003,-0.5647733874708184,0.24717861048835538,-0.46968078642093924
COMPAPFFx,0.05901250006865056,0.056578281174880125,0.0709943260245251,0.0544284725282072,0.08295289739673087,0.028087735952122612,0.0162801092025258,0.019516633222474107,-0.001307535453910558,0.04876374099299673,-0.03747958153634257,0.06143826493716095,0.040350570280819446,0.09091814264656452,-0.1283334234353624,0.03684006317087117,-0.019749083822005045,-0.002536094523771583,0.03809475489803878,-0.14756977244606737,0.012471906835221714,-0.011381114957894145,-0.0011658868022459338,-0.16744784738576407,0.05988988815991381,-0.3374294606207423,-0.14608175348813995,-0.00145257011148156,-0.040427604995489225,0.013297088127883147,-0.22443638814176292,-0.00022759289946041773,-0.33592536177304444,-0.4128637170344684,0.0057769320252037265,-0.24449659490758927,-0.289221968697748,-0.17260469817782342,0.021743908098936404,-0.03354400924875218,-0.08624669158379072,-0.03760110719010789,-0.01694269080159067,-0.0368431286722327,0.16695853169069502,0.12185686489243126,0.18726554285977476,-0.07221583000148032,0.032484186973653274,0.046048762877346903,-0.14051747598796493,-0.09032261397598129,-0.06769075224109694,0.07931050510204328,0.09974016269878364,-0.14651078279759525,-0.10860769768294123,0.026311127781648444,0.03269419495312728,0.20780207568722434,0.061144218193236094,0.05257520712006575,-0.06535641426676342,0.08804804573108353,0.08978762416689494,0.06504382421620368,0.08492833767816381,0.06726472656789345,0.0465290460040428,0.08339355173317495,0.13352865087687313,0.09109620448241072,0.15214294608472556,0.10552832372301622,-0.25642213275776166,0.20449044951636577,-0.5381849751734968,-0.45181424107764656,-0.46406228090576246,-0.43965934199160156,-0.4256301216160813,-0.39625462865158767,-0.4001028100910731,-0.4209917484228607,-0.4168978845525665,1.0,0.7233014729119677,0.7815153591042797,0.7122143045763132,0.551891210999008,0.5026371500730515,0.4492507484394691,0.3847838320793181,-0.32414763531063606,0.15292022227864252,0.059784728061492626,0.13228566282936727,-0.09293426930607783,0.002149522760766081,0.009976183179530765,-0.003170620094901188,0.0004859318878534967,-0.013636888864628677,-1.5579399820379466e-05,0.04367280123987776,-0.07594008567228282,0.02078537155470989,0.09711285614922979,0.0035419044791133963,-0.10256006925149601,0.06486416455055632,0.04539569782712557,0.03758376890323262,0.03802367808450289,0.029885172920261664,-0.19141577851613714,0.002645720492571347,0.059098681299858215,0.033273528763544745,0.022753913184359157,0.03137059890431772,0.16640597335127125,0.09406421775158307,0.12284970607553558,0.11381391342108683,-0.03825760411373907,0.07017901503273882
TB3SMFFM,0.3261697120198613,0.3214601367183899,0.3383987168400053,0.3193190629243682,0.3502333352723716,0.2890464927771584,0.2731120450844668,0.2794852895195855,0.257795498164838,0.31123359545555535,0.215020140914813,0.3145053179636297,0.30191319926025906,0.33601719000656366,0.10095047451899482,0.29175963237723573,0.2484701238222875,0.2506279783224774,-0.18298776568280997,-0.027356420519783476,-0.13048594206036324,0.26765849895378685,0.2684629139874453,-0.0283431828519197,0.3764320941984277,-0.24262265142970774,0.07878793286966788,0.2734080506599536,0.21604528421399255,0.28542292410819986,-0.1596497199426471,0.2660184693446658,-0.4842315532924236,-0.4063846381446632,0.21423281473764552,-0.4829809919686918,-0.5235406935352752,-0.4096607815060852,0.2937660184939429,0.2309845646069748,0.16681037013288313,0.23103012001047982,0.2508015034064626,0.22845146497877353,0.32496051134207393,0.327102623556946,0.3618373019674444,-0.04435833884247531,-0.1152852075922802,-0.018100556568727652,-0.0452414858800248,-0.0011079793421276077,0.03844387574019139,-0.04100335471256869,0.09123824195746673,0.046823976882110895,0.005433804779592005,0.1931747976962689,0.29788603478125325,0.4201848183173233,0.28984453153989503,0.3193181310457799,-0.31241845465788554,0.3446918191173929,0.3453580237768199,0.3245650957476512,0.32368126238948886,0.28320187907998057,0.2758025389033339,0.31531312994236355,0.35694744759443114,0.3404184913936158,0.11058982243067755,0.346443695988732,-0.4894550408245775,0.39489452005340314,-0.7666406791344376,-0.7262357964865953,-0.6676964054368646,-0.6602084386521033,-0.6457710868946573,-0.5822615221106188,-0.5586105255047723,-0.5559817949400746,-0.5536003672317406,0.7233014729119677,1.0,0.9706650391233448,0.8384927302170478,0.7453755970007577,0.735742776858787,0.6980152308565695,0.6035999030758498,-0.29739928494704315,-0.11275676938050792,-0.20431281612397717,-0.17747013532804462,0.09241313196065154,0.28597168647872506,0.2905596857613484,0.26750231315722245,0.23129005442383474,0.17551679838968423,0.1551244525064774,0.3236643597911357,0.19298211232851656,0.3037441739264323,0.36677457636795846,0.2888379042697451,0.16456556973674336,0.33999213836305614,0.32543566840328336,0.3195673991316104,0.3185968703300621,0.3127077648722531,-0.00453625427398642,0.2852398555554618,0.3366632869548054,0.3148646437432233,0.30332144918599396,0.3153776243635571,0.309958737432448,0.34660988973061746,0.3561204732606375,0.3642159314873683,-0.2428849895345404,0.33530557800839117
TB6SMFFM,0.25872596774746526,0.2538137379278457,0.2710468829940111,0.25186546479573174,0.2809192900358972,0.2223154508900915,0.2075814118824248,0.21300524861360828,0.1992917415584472,0.25005428704974675,0.15956352443625949,0.24376394485590835,0.23497182639525532,0.26948781565571167,0.052879880300337904,0.22546679348510346,0.1867690408643577,0.19843205624541657,-0.15153941218669645,-0.061195693252857675,-0.12221021183543487,0.20195016590720272,0.201826543324628,-0.012868713948385076,0.32225491363403647,-0.23309890687939855,0.05949811149237603,0.2329020529422145,0.1880425558630571,0.24162779815281088,-0.15200563033687922,0.19892159260225048,-0.4535833299477574,-0.3837242744372237,0.1540074124458046,-0.42521435978474986,-0.4690408607418551,-0.3489947677828938,0.22565340331998074,0.1659546173931045,0.10521183412173028,0.167278720889122,0.185471786929653,0.1685448054050463,0.2728753276485534,0.27749491816439087,0.307992193604397,5.076912039169291e-05,-0.05681714585689094,0.031683198119086625,-0.012685161092957883,0.025161528682581747,0.06459588803419265,0.009575020728277336,0.12961459530966316,0.05097351556258056,0.028319533701267482,0.1111969025247694,0.22819551067105145,0.34005510292999963,0.2248759017839677,0.2498344777506094,-0.24478437058728672,0.2817665459651867,0.28041097085580596,0.2644235477934203,0.26631397649828054,0.2336480005768974,0.2248514825891541,0.25045949226458464,0.29410516691994887,0.27605219173335,0.10586199225928195,0.27957566831493796,-0.41233269596335825,0.345391336008198,-0.7381043133808398,-0.6891707077021426,-0.6411058854684714,-0.6200393090324091,-0.5973612827431106,-0.5215648329469011,-0.4990210938535764,-0.5012433681114152,-0.4980407450570444,0.7815153591042797,0.9706650391233448,1.0,0.9158666061831511,0.8066852937093275,0.7763921051826139,0.7173426991393749,0.6293902618910887,-0.2429623568619642,-0.060068169962709715,-0.14090479733979458,-0.14328297017082892,0.057636928951584135,0.2165083258159527,0.22118652264499825,0.2001169716898081,0.17041634140097559,0.12171319249318113,0.09970690390512565,0.2530067220354595,0.13150832828046086,0.232799337940249,0.2967609509774179,0.2182556439900593,0.10573700992605858,0.2698497833429075,0.25472466867445287,0.24887530082378512,0.2480129622561855,0.24237546029056606,-0.039736186312054715,0.21533242405427933,0.2664759254132628,0.24617188643644622,0.2360718919208468,0.2462845546954279,0.2966155402834382,0.2830276256205434,0.2913223432737502,0.3000165873855118,-0.22007400768362972,0.2668977799365115
T1YFFM,0.09633225922739795,0.09218219556650845,0.10359616436460899,0.08713551934246584,0.1061561704410843,0.07009202995252749,0.07453571275094588,0.07685853666311103,0.08700165024902473,0.09559702084917537,0.07968679714368364,0.06926275553800364,0.06581277713181005,0.0712859108333619,0.03093979693060413,0.07125513823123307,0.07800701953577333,0.0860406080061873,-0.1601316182019735,-0.09896387853053479,-0.2073782460619056,0.09726650710081544,0.08763437546976877,0.14480679301326818,0.20000953911049357,-0.0016578275485429372,0.14833076295747627,0.1749108613505004,0.19175742086930422,0.16240836929337857,0.009446725726920967,0.07986554735018318,-0.2552680008602402,-0.1563139443670714,0.02221232854793473,-0.20586532019808115,-0.24946640170846485,-0.13679080531867963,0.09538238335162762,0.07808608999615085,0.05338167924628955,0.08586721458242619,0.08986717012058525,0.07782907864300533,0.1054384648479994,0.12172118837215702,0.12169665348743545,0.07569299525971045,-0.007516242036103288,0.06417396040455893,0.06346602251053537,0.1124948561292436,0.11520486124301069,0.042564554558119194,0.1342775082840933,0.08963810089946433,0.11208700213304505,-0.19939546595640747,0.08785183671179382,0.12129387207785519,0.07246803302902322,0.09946952859076993,-0.03194771585708759,0.11700880342521311,0.1044788367466852,0.10050782502042244,0.09298391110043676,0.07927574866062256,0.07369175913038316,0.08755522794790134,0.09545879620650223,0.09399514970389011,-0.07637381594624695,0.0848172736535526,-0.14080458486054256,0.17658862971724498,-0.4788000102705269,-0.42286983607988776,-0.36969207878774996,-0.33854397506828054,-0.29637697676110236,-0.18471908851265803,-0.15402514529780736,-0.1574801517230897,-0.15652148114684344,0.7122143045763132,0.8384927302170478,0.9158666061831511,1.0,0.8737776743216975,0.801152501783938,0.6884407790430815,0.6381817642946138,0.009469278201796692,-0.053113757254602934,-0.0756907509777565,-0.19044952056350395,0.10882926665911122,0.10174485895628443,0.09706021813488827,0.08907277982922403,0.04168112707816117,0.005165139013279195,-0.0008075843093768073,0.11320582151557401,0.10602609941609267,0.105746235552395,0.11969750294666054,0.10689186492301896,0.11168418002284064,0.11631894172442829,0.11470149407419636,0.11322869885791645,0.11216224986353626,0.11494238721704278,0.07734892066027921,0.09985150216146522,0.11737714693630118,0.108772238618428,0.10344679868245266,0.11191957075941886,0.26557129628022574,0.09796859282247561,0.09003729488804618,0.1093401104540227,-0.1884045101743471,0.10040510316319769
T5YFFM,0.19160139325287953,0.18495103858943462,0.19952244871888944,0.17234537523387472,0.18919107081606387,0.1653672963518747,0.1803725536460204,0.18357509732957972,0.20101490455552967,0.1730381961529872,0.21215482776851546,0.15177881548707498,0.14923172631151774,0.13920630117052732,0.16428897013985236,0.1662079127538684,0.21346798754789054,0.17189690703436095,-0.3935157395402116,-0.20746616351876043,-0.45760728298651193,0.22708199190561992,0.2006943112935979,0.35578636908459615,0.3443094983307423,0.19442791703019274,0.390569324026027,0.38746123075676353,0.43180971954629016,0.3571074052047341,0.21018462682714545,0.18925260095491034,-0.35024392509971775,-0.16654998847450067,0.08030086730709046,-0.31396323017934247,-0.3695383577073441,-0.22431556585817494,0.2093688883825406,0.1973005398737699,0.17466206652110924,0.21470951880909314,0.2185596394948643,0.21628669793691646,0.043862460118323614,0.11690228978774157,0.0759850810124296,-0.035364173985776445,-0.09959695318084576,-0.05138990286384049,-0.027251135397603002,0.02228225846183729,0.028518776553261124,-0.04963363642079027,0.027222047347448333,0.04704093338945757,0.02565231458641286,-0.21723962986273654,0.174077880729686,0.13404140414453203,0.16703946027416836,0.1913373999956782,-0.07428402041875767,0.17182697451517498,0.17545481954764805,0.17786627619689724,0.15281598720906817,0.1376048992839853,0.12528317517712212,0.15728736596377327,0.1692751206619644,0.15571221008898295,-0.17991919777140059,0.10769971097168657,-0.20667076924845462,0.31221188398531113,-0.5751992813463978,-0.5437989198433587,-0.5020356595484542,-0.4766446155298683,-0.4295667725537012,-0.24367192706690083,-0.17539351902372086,-0.1259481671669362,-0.10872115254670335,0.551891210999008,0.7453755970007577,0.8066852937093275,0.8737776743216975,1.0,0.9793067794397214,0.9111481123809116,0.8761065936947132,0.006192503099706574,-0.17814690220516427,-0.21359592086662785,-0.34214187698804605,0.15348385298740722,0.22601630013705137,0.21692472678321745,0.2085598005363721,0.15453693515270708,0.10934873438759736,0.07123983421214375,0.23224142206901333,0.2633433310057432,0.23105740615767492,0.21699243128782997,0.24164140320464622,0.26827542198904364,0.226666806385917,0.23409262168345746,0.23638938977722848,0.23306904151150457,0.23982009927041967,0.22568916297105812,0.23193406509854944,0.22992518766808445,0.22316336525521993,0.21885864091953405,0.2292815011576878,0.14249566639836186,0.1886655301859587,0.18638457101380063,0.17705371352011667,-0.07517313131427608,0.1943788826521494
T10YFFM,0.29581741403344647,0.2870512439394729,0.3053268024376858,0.2732558811006194,0.29207555927520684,0.2673406917262493,0.2780406639815161,0.28390581429649564,0.293109919440919,0.25797516392829206,0.30418670995464475,0.25730727424639105,0.25387268618822556,0.24595958353594177,0.23932411466468106,0.26718677452931666,0.31979208458405084,0.27948054304814207,-0.4859380869792749,-0.19953225078428688,-0.5325125120999181,0.3296843870787853,0.29744209200355975,0.41935628181456025,0.47266842698733064,0.2234371516744767,0.4854131649017855,0.5213267067330812,0.5477633831451852,0.4930158295568922,0.2664112909724557,0.28436009076151714,-0.44248596016557923,-0.15669007749887037,0.15554434758469993,-0.4309750480044935,-0.48161395630243126,-0.34478407440339326,0.30910742353609577,0.2859142122713595,0.2584786457333722,0.30432623812738135,0.311112722688864,0.31927253902005903,0.07161264055871511,0.15181200513377593,0.11539613540742236,-0.12158682607212969,-0.18312237158965103,-0.13924557677621835,-0.09558318517309858,-0.045773563034874204,-0.03931136474396734,-0.13409325760889027,-0.05635387431136149,0.015010059542226303,-0.03745148465324793,-0.0625636096562909,0.2716704666834573,0.2244697488636512,0.2741889744579957,0.2922323125443388,-0.1915015367205475,0.25696796556067014,0.2754556783209047,0.2783546131843561,0.24685135125378124,0.2249890413491148,0.2077265741505125,0.24796550497741077,0.2810087646967876,0.2544490372183816,-0.154606473815144,0.18112160373833275,-0.2685655178953658,0.3576805077364415,-0.6550786207646595,-0.634153481892188,-0.5967698689610853,-0.5767439806521177,-0.5327610749782745,-0.3474381363696126,-0.26550381236874776,-0.19768070101012564,-0.17022278624792977,0.5026371500730515,0.735742776858787,0.7763921051826139,0.801152501783938,0.9793067794397214,1.0,0.9654900092399984,0.9337048621394342,-0.10259554571118151,-0.2754770826257573,-0.3138604919062291,-0.39612804159089804,0.1283577569452873,0.3342659346502001,0.3280130115268239,0.3216185889810386,0.2826965749854845,0.23904402148490447,0.18208932542150233,0.3383989240921766,0.3391993787619559,0.3415501917690915,0.32420542809656727,0.34780822841928033,0.33566365293210426,0.331928057517319,0.3398524126133502,0.3439454198538835,0.33902508648661045,0.34443305768518134,0.25198171107170947,0.34192648918730023,0.3353684025106254,0.3298937247571361,0.3256151699408602,0.33543363513513086,0.0463359947037178,0.3002748518889138,0.3037273609373658,0.28083916948958426,-0.027886806140056487,0.2993174716588007
AAAFFM,0.4594621146520498,0.45152138304317707,0.467391347661938,0.4368560494642234,0.44929987732201576,0.4347593507398043,0.4415391848711889,0.44829258206744316,0.45139213710269427,0.41550062853682573,0.45807829759284624,0.42636204318265053,0.42202497472247896,0.41202144520437367,0.37500671703158667,0.43404054271032244,0.4822440596966418,0.43348841746031,-0.6073613230136711,-0.11179906838869898,-0.5460110503574537,0.4875734436091049,0.4559666677764479,0.410301529247039,0.5761785163608961,0.24600650968986168,0.5694240170231372,0.6153568905434856,0.6375079287529019,0.5853501008385591,0.3015983482472954,0.4466534673064342,-0.48377088113681094,-0.19858413171167016,0.31265500730658874,-0.5517275798085093,-0.5878627634061558,-0.4826294289260392,0.4717096164120576,0.441866699013048,0.40846446845381573,0.4583083786362115,0.46619195813477565,0.4806822054026064,0.11696626776849284,0.23318928176836853,0.17022897541518675,-0.20334443277587477,-0.29074388760657466,-0.2317274851841904,-0.14045590319911264,-0.11723328711203412,-0.08329526533698008,-0.23125370062210984,-0.12589639306930098,0.028900868930674242,-0.09888045341113923,0.03970044363921383,0.426656065705163,0.3540037895103889,0.4271161703658318,0.45025632655514886,-0.31570988384450976,0.39149019452054407,0.4223162335733557,0.42593995474220714,0.3741317828077625,0.33313379471414095,0.3092265844472402,0.404913218606533,0.43376342491333464,0.40243721893269785,-0.13227783387809164,0.32661138530167544,-0.3955383978499413,0.43858685828514105,-0.7323266506026977,-0.722209827629216,-0.6946682766742521,-0.6806373866525426,-0.6420937568212381,-0.46888735552581706,-0.38374305350586874,-0.28061008320519726,-0.23860698393405427,0.4492507484394691,0.6980152308565695,0.7173426991393749,0.6884407790430815,0.9111481123809116,0.9654900092399984,1.0,0.9771097420683615,-0.19496424241468246,-0.402905281784222,-0.4565704230394988,-0.5002117945152954,0.19152411253872031,0.4862202501082538,0.48064239950419063,0.47181251456629203,0.4264644301812891,0.36301431334942336,0.31036647452826793,0.49570256219368036,0.4676689979589431,0.4952289575590199,0.4820749431655056,0.5019589643674073,0.45055832719501626,0.4897206784529474,0.4969025459001841,0.5010761602097777,0.49598821161291834,0.4995635721140681,0.3071040229981657,0.4964442145906679,0.49218880483173505,0.4875089072539345,0.48430442005348096,0.49241445710359316,0.014135512073473583,0.45253895142803735,0.4650854851832193,0.42895002383118985,0.08849936091063408,0.4611695475941605
BAAFFM,0.44161741559185624,0.4324050166034312,0.4473747210706324,0.4111232457302001,0.424383139094563,0.41129719864747166,0.42023581168843227,0.428228416324457,0.4308625382130391,0.3732756150854565,0.45208349343839155,0.40148661719387785,0.3967729736501112,0.38123042309468985,0.36825027813303424,0.40822100737881467,0.47809248224965223,0.4393122616527175,-0.7091164510770133,-0.13858518101895947,-0.6132735970565547,0.48292216459721116,0.44396264000938623,0.5191559043909649,0.5638387201375132,0.3632466428015275,0.6657780067046436,0.6479640553440675,0.7056976105204443,0.6033892888750977,0.4390915628046216,0.432579699364143,-0.45834220362119316,-0.0656266032078699,0.29625258370703095,-0.5299698960359762,-0.5597441146733404,-0.47069167322328254,0.456180263874319,0.4318806288761028,0.4117665678459754,0.448639600966497,0.4575278329754118,0.4839987646621185,-0.005893738438187967,0.10595312682567105,0.04069264698138439,-0.24746527814820732,-0.32363504347430777,-0.30128270697606074,-0.16172011245756657,-0.15777306923900838,-0.13078836158736878,-0.2757837956640175,-0.2108208705906473,0.008623018582198206,-0.13447458521795322,0.09171812307867361,0.3976076262958407,0.29041039685598746,0.4208300335440078,0.43365664086569,-0.24944240185318925,0.36158416051662834,0.40264629694292403,0.4110238617844396,0.35017288245294614,0.3116954858935073,0.2792169839835441,0.39172582096427455,0.4187183619459523,0.3822464088162245,-0.1580829713991012,0.28429667971572986,-0.2811827414519223,0.3646183309606027,-0.6383383561421443,-0.6303223500680757,-0.6065722583502252,-0.5922934145544453,-0.5511237630527492,-0.37280357048195933,-0.2819362873365777,-0.16533174192015268,-0.10053768050001555,0.3847838320793181,0.6035999030758498,0.6293902618910887,0.6381817642946138,0.8761065936947132,0.9337048621394342,0.9771097420683615,1.0,-0.126893415095452,-0.4244827548300069,-0.44484471656812885,-0.5205063127585217,0.1799657054381476,0.48235202814211436,0.47637537845529543,0.47415460727358116,0.4321297820489717,0.38259222485295524,0.3205804657601364,0.4806225621421964,0.46009127166865993,0.4832555385931856,0.456709012684504,0.49285648178908176,0.4503570234328052,0.47150547793244924,0.48118069728934126,0.48670411052396845,0.48212433756008855,0.4860768966312722,0.32472066874544814,0.4910382620260221,0.47420048187959146,0.47754722103104447,0.4779723328713612,0.48131971444485616,-0.10776714356793679,0.4339209245198209,0.44507555569756163,0.40526748167487486,0.184417461683386,0.44018551708583764
TWEXAFEGSMTHx,-0.5717163945770137,-0.5652749826765792,-0.5864552918341,-0.5797940855675288,-0.5742490787014823,-0.5899931702613929,-0.5827624301992832,-0.5916499792994389,-0.5737547678256435,-0.5159204319281919,-0.5864893512808621,-0.5959334953327105,-0.5821915834980417,-0.5841404532605471,-0.5120620970247628,-0.589919574215354,-0.6256140034285903,-0.5736059836390527,0.1164536876279404,-0.053232282329445206,0.08344891605547998,-0.590584524107656,-0.5745397262417701,0.1150255424120713,-0.5009007180490138,0.43366147750525813,-0.16008561496220783,-0.44808369742587095,-0.3507382562731635,-0.46504766793490465,0.13535665785249126,-0.5656390627255332,0.5233143665286308,0.3506517598154265,-0.44828505024816495,0.5996721912518352,0.6073982999571901,0.5745167133447905,-0.5838616744081853,-0.5335199261641246,-0.49314968967056494,-0.5356464192115044,-0.540187114474252,-0.6348847732902302,-0.3845962004327832,-0.45816535719098034,-0.44631337121279385,0.4767167358055691,0.49982035296199256,0.31023273452705014,0.4495616342939034,0.43839871466628205,0.39931633446459336,0.4751296738640942,0.24486222475419167,0.2995274865817536,0.4493578703396638,-0.4996350796541995,-0.59527064648854,-0.6209514630102244,-0.5716862327228128,-0.5595406771804803,0.6955266171335904,-0.4617231570256947,-0.513458064588417,-0.4910938436238724,-0.44267783713055225,-0.3819053829965084,-0.36037717560327814,-0.47499688720174144,-0.6154212082043008,-0.508220559706464,-0.19873051730035113,-0.44177080615414804,0.5082157392772088,-0.320252207932317,0.5580113404546522,0.5561107777222487,0.5813854637589062,0.5908945503667457,0.6057256614853733,0.6624728410776435,0.6573352996807381,0.6708915281648302,0.666500089397344,-0.32414763531063606,-0.29739928494704315,-0.2429623568619642,0.009469278201796692,0.006192503099706574,-0.10259554571118151,-0.19496424241468246,-0.126893415095452,1.0,0.7327099942200509,0.6981554723615727,-0.1278092883892135,0.3567773333120978,-0.5844165136944554,-0.5904147026643956,-0.6122549785046842,-0.6577401384966873,-0.5996611126795205,-0.7070056600918503,-0.5924690163259045,-0.4528834482856745,-0.60798636581234,-0.5990883845392923,-0.5976592821395668,-0.3001231779869697,-0.5858584870626856,-0.5912903558312373,-0.6011685439288277,-0.5905563149381513,-0.5908102711682197,0.038356043579291905,-0.6101344728626545,-0.5884059221139275,-0.5683007781527466,-0.55762254751378,-0.5735551580790463,0.27188387764983435,-0.571273586736953,-0.6349386927528209,-0.5568938253335081,0.08399303544244727,-0.5892635055539962
EXSZUSx,-0.8132361269138021,-0.81607723775731,-0.8073756410002647,-0.8169126045966963,-0.7816808400986778,-0.8393657720243856,-0.862557535733752,-0.862571975492301,-0.87812985937998,-0.7941765822144644,-0.912517678796033,-0.7944270538103918,-0.8010994508582533,-0.7240194880681092,-0.9158045315950811,-0.8311414073466709,-0.9010670431965564,-0.8458683602382332,0.5791887173785009,-0.5453115773350983,0.34132578663402535,-0.9169563730107617,-0.9025247870185276,-0.26254847751220783,-0.6038478461932978,-0.5554457314936622,-0.7462443129736575,-0.5844062231778778,-0.6529317767072124,-0.5379955039137075,-0.3905584316061682,-0.8926502302019383,0.04306784450424705,-0.11886644893364307,-0.7895525187386332,0.49758615189762323,0.44440675204045194,0.558553566029806,-0.882315381702484,-0.9208210005388031,-0.9395182744155459,-0.9264989972485431,-0.9113386908870272,-0.9283638683961257,-0.30528010267323497,-0.5428496400818806,-0.35566809170305735,0.31468100728703413,0.6572969117078477,0.4833857086505625,0.1118482603181976,0.11789237352974742,0.11973334225484605,0.6313465860898808,0.38710834077995454,-0.20514134650071786,0.08318611373926005,-0.8200326570456997,-0.8567354813376045,-0.8007165589011203,-0.7766988063299426,-0.8273100800117225,0.6118155870081097,-0.6804930996681712,-0.7055693947761934,-0.7201041392986564,-0.5476256233076988,-0.43989914866674185,-0.4269754648915316,-0.7424052703611065,-0.69112571561363,-0.6880056406286014,0.31755076529874826,-0.6366202931260142,0.3590634693274242,-0.25120716100031004,0.25073508192280847,0.2834174960309408,0.26564188831744406,0.27713412493728595,0.2607241141584901,0.21905290781001352,0.16267381099222725,0.0504415650910277,0.016401591792014888,0.15292022227864252,-0.11275676938050792,-0.060068169962709715,-0.053113757254602934,-0.17814690220516427,-0.2754770826257573,-0.402905281784222,-0.4244827548300069,0.7327099942200509,1.0,0.9560622596853824,0.8289768401379879,-0.42876522394155614,-0.8879968748899165,-0.8693541901053025,-0.8847122855959125,-0.7982384898431358,-0.6704736435350807,-0.8036852375441077,-0.861573905066418,-0.9308384909003228,-0.8736617590314139,-0.7854156854965468,-0.9038727285203965,-0.8996861674885183,-0.8334781260006334,-0.8605241315520731,-0.8704321371569824,-0.8675123974844088,-0.8823293888136264,-0.7469979100700382,-0.8974355509283503,-0.8438185518106018,-0.8551041960448184,-0.8564045838494223,-0.8646023774006177,0.10211500702344767,-0.7126190368830204,-0.7071233109180456,-0.6918797063551549,-0.19329805298382546,-0.8143548647643586
EXJPUSx,-0.8504283810932038,-0.8570020879661251,-0.8480530811570998,-0.8620711135321676,-0.8216019134064783,-0.8897622243989294,-0.9206150532006774,-0.9184141092185247,-0.9334466673826131,-0.861541022548828,-0.954976504743429,-0.8476451766092004,-0.8427045925631858,-0.7755827644705835,-0.9448759129677677,-0.8901503838815401,-0.9296777671409493,-0.8236514628182723,0.5201612119779424,-0.5243600099763721,0.28389604739753777,-0.9460584204073442,-0.9389175298217276,-0.13368893848660046,-0.6006014009927303,-0.43003177292920286,-0.666653370450598,-0.5711891700526879,-0.6104007032167914,-0.5362997455674968,-0.2690546282437427,-0.9332090909747914,0.07705804231739292,0.10446991066312901,-0.8450402152558419,0.5432477353723709,0.4993676553485601,0.5894282569578894,-0.9244995138364319,-0.9582248657442826,-0.9618426768750605,-0.9651071454579875,-0.9547093734415301,-0.9494089335870929,-0.4100060955274395,-0.6821704578852897,-0.472073444436817,0.2943342556167531,0.611635997525893,0.43769540534769114,0.10549010339655232,0.12344480555258473,0.07940067749312013,0.5634479140874277,0.3053189766498577,-0.23250318810540455,0.09305993279818979,-0.3958376786011961,-0.9035630317446283,-0.8617995947291269,-0.7849982516384596,-0.8580208382904791,0.6855345926155257,-0.6942865364754895,-0.7228969291369943,-0.7261787478002937,-0.5406641544040569,-0.4149393023550849,-0.399524117527047,-0.766589367952715,-0.7263777979066969,-0.7057180940250036,0.32669151047956335,-0.6757743170765251,0.5560386604390336,-0.4062108991013849,0.37688386964998094,0.4059677346769816,0.39166879696372325,0.40458367835471515,0.3929058478230695,0.3531008919527008,0.3017652236288983,0.18793273641792538,0.16471435097166298,0.059784728061492626,-0.20431281612397717,-0.14090479733979458,-0.0756907509777565,-0.21359592086662785,-0.3138604919062291,-0.4565704230394988,-0.44484471656812885,0.6981554723615727,0.9560622596853824,1.0,0.8070139028646247,-0.4904520093722078,-0.9061914835582192,-0.8853299211527516,-0.8936055307186437,-0.795402485301718,-0.6488797958385165,-0.7989188332315504,-0.9017306261830227,-0.9653933514881133,-0.9088115404850036,-0.830841990288262,-0.93931837145442,-0.9385872295911043,-0.8763403769168865,-0.9024783476650846,-0.9097595232447566,-0.9066945835107778,-0.9207800315058629,-0.7624967868075527,-0.9225337396108872,-0.8849749891787054,-0.8849017335023982,-0.8793097491168648,-0.8975962376854902,-0.053281083951703875,-0.7511272788378913,-0.7623807106615756,-0.718024924752264,-0.19463113044829267,-0.8564705657672069
EXUSUKx,-0.7132706663977245,-0.7164808534032406,-0.7003575166805621,-0.70226415896584,-0.67589248738701,-0.7161369129778692,-0.7398092851584838,-0.7395229601238168,-0.7614734331601593,-0.6867280787776091,-0.7957081725295808,-0.6633060007485614,-0.6806103546091882,-0.5900380105081545,-0.8163879099535863,-0.702183329189495,-0.7879991026888884,-0.7331314237842281,0.5772974177907115,-0.5573345788734998,0.2483112583260145,-0.8121195583930138,-0.7988717163769334,-0.25430462872120685,-0.5250191423667758,-0.5588331849240484,-0.672568878472086,-0.49954590169655716,-0.5610928316197255,-0.45875741391086,-0.30525795887763457,-0.7923314798297293,-0.01922244014692969,-0.09906455498392591,-0.672518491944073,0.3794425697851457,0.33974499784267376,0.42470491885101613,-0.779401085123574,-0.8294300132492539,-0.8467154304961754,-0.8352450961299155,-0.8150899732205783,-0.8113931251432746,-0.3047305038705853,-0.47626597444132873,-0.32818438600106226,0.18293128519640714,0.5121830988170654,0.3998823091087384,-0.002611599590626888,-0.004861809322127224,-0.013034546019215974,0.4644674146583696,0.2840672235363394,-0.29170188724661855,-0.04725070608942954,-0.09680725439348158,-0.7317759005151043,-0.5886708884159209,-0.6645473338329647,-0.7314383783299724,0.3659018617187081,-0.632833416218867,-0.6289085557567106,-0.6525474155758099,-0.4948512649369187,-0.40466359624119097,-0.39558029944641615,-0.6788045260350423,-0.5615775695786263,-0.6043394316496137,0.3360594342617105,-0.5744210035519844,0.3139302813026888,-0.25696991789375107,0.22470451291535998,0.2534331464944612,0.22117371576703512,0.22705804319647158,0.20159622882516282,0.1163284495363621,0.06067385338839687,-0.05934643633340082,-0.086779301210173,0.13228566282936727,-0.17747013532804462,-0.14328297017082892,-0.19044952056350395,-0.34214187698804605,-0.39612804159089804,-0.5002117945152954,-0.5205063127585217,-0.1278092883892135,0.8289768401379879,0.8070139028646247,1.0,-0.5985935926667207,-0.78366835550166,-0.7600525487116317,-0.7627782412786377,-0.619638212334515,-0.47192018643612615,-0.5863287194121545,-0.7582665440720964,-0.8658765166643352,-0.7614121513508315,-0.6816966290100274,-0.796902216200662,-0.8551089943030747,-0.7334760037526705,-0.7581862580857747,-0.7646826116865544,-0.7644091057588877,-0.7815318671797867,-0.7331309608147104,-0.7837032135442743,-0.7442287407580213,-0.7592204383522527,-0.7655253415428118,-0.7669983751937852,-0.24318631748775724,-0.5824563547916103,-0.5472640136674136,-0.5960095907374351,-0.1639411289195328,-0.7052710174831236
EXCAUSx,0.335580913316388,0.356892684429038,0.3240128330025476,0.3671155127945835,0.30685566002902204,0.4013982747678238,0.45754305860692973,0.44098391942539894,0.4901623107570061,0.4791897319634556,0.495477470040737,0.3388672087901284,0.3365137310140542,0.2648503663249891,0.5434887563086598,0.4125363383619452,0.3951771942882115,0.22961491449996724,-0.16580951087155646,0.4429014832170144,0.0780465794779049,0.4405644785391518,0.46305673739691566,-0.21319338634123897,-0.054161796901655776,0.27918448229804577,0.19794392817199297,-0.09756598286377453,0.03507468407240029,-0.1441612468930154,0.061800639920955684,0.47442411561605224,0.4135874876047319,-0.2253513061833889,0.5001627856402401,0.05091479883010717,0.08578392342742842,-0.0007898205366262143,0.44038754746070785,0.531336794900723,0.5536920971990515,0.5359756497230138,0.5176591615225168,0.42952883561040145,0.2105508374543838,0.4784801293655335,0.21146112723335908,0.1943798739353795,-0.1288194409447219,0.03179246844433084,0.2877197330271378,0.2726827512586992,0.33854467417540646,-0.07108111691769496,0.16007635018873284,0.4643436067687369,0.2935812098222289,-0.6416119519227211,0.4063411150558503,0.2917870880823912,0.20071026585031843,0.3488371903461227,-0.10151283422245348,0.24833004176309406,0.21200407092599952,0.20642664786642742,0.05640229270584824,-0.042937813082708984,-0.03647465755007409,0.3166143196651713,0.1321997094954085,0.2065837959059852,-0.4096285620268123,0.3077452072581917,-0.3392440039571019,0.3429354150804635,-0.014544460816017705,-0.026346500900211525,0.003644844432288877,-0.003110139329295393,0.008674819809506762,0.05011018286970718,0.054725386606596024,0.12352257351584069,0.11165675952990105,-0.09293426930607783,0.09241313196065154,0.057636928951584135,0.10882926665911122,0.15348385298740722,0.1283577569452873,0.19152411253872031,0.1799657054381476,0.3567773333120978,-0.42876522394155614,-0.4904520093722078,-0.5985935926667207,1.0,0.3547351925017245,0.3141400473308731,0.29409956895726597,0.07340557924600245,-0.1021514773988941,0.05229938324840519,0.37946646980773013,0.5910877197721432,0.35136705472981306,0.2976769592080466,0.41558954977168705,0.6516766275712677,0.3591147821179765,0.38291386260983584,0.37813808062362647,0.3857796806937529,0.40366755898679896,0.6579642426307601,0.3653680507107266,0.3627475522135237,0.36193643160012656,0.3517469193856907,0.3800969585317108,0.555535528335288,0.20309144762252357,0.18622211709305256,0.18075176482159144,0.23889065614700314,0.33582179785286
WPSFD49207,0.9753142658532475,0.9735429135233487,0.9728720104487738,0.9655292304581028,0.9678808267032677,0.9579985598455335,0.9446567638055472,0.9536697407364175,0.9166066299064591,0.8970317069701436,0.9097865565034399,0.9562519678024948,0.9561412290166059,0.9238042035950597,0.8225840362224216,0.944447036195605,0.9617818406425037,0.9475951653965796,-0.6300221533082444,0.5755170736482644,-0.2156747912098225,0.9834637549984294,0.977266173457101,0.1173593983827376,0.776299274867485,0.2574944663514709,0.6212789030676212,0.6614391153898713,0.6466632038452926,0.643733563237291,0.1743929742580296,0.9714226595230786,-0.3543594046053932,-0.001550170021502157,0.8741509181683732,-0.7852613073478162,-0.7366045066090996,-0.8307820981205492,0.9802844639704634,0.9529714497138183,0.9268425760364533,0.9460794218181194,0.9568078903159956,0.9570612524966375,0.49752932229130825,0.599778746167773,0.5452854599246482,-0.4357426990244568,-0.6794877330657345,-0.6298582006990322,-0.18764023000386276,-0.28017432771436723,-0.20384271495263892,-0.6170903262271212,-0.5009695595837603,0.17403903970614495,-0.2328442750896502,0.9724015320333528,0.9694587520679085,0.9292023143479655,0.9575756208474366,0.9854938004769549,-0.7433949688009228,0.8930889309044007,0.9262352838150307,0.9204188295449423,0.7983977072027786,0.68569872506183,0.6687071533181287,0.9405644684706703,0.9203821964919194,0.9163812966424454,-0.012952777035132161,0.8710750426438111,-0.5908669998421467,0.4022309160114596,-0.5196129206834735,-0.5497445957574121,-0.5391104303460216,-0.5525632999423095,-0.5423459086860367,-0.5168902478048129,-0.47226883544484627,-0.36684428502382893,-0.32203748646101904,0.002149522760766081,0.28597168647872506,0.2165083258159527,0.10174485895628443,0.22601630013705137,0.3342659346502001,0.4862202501082538,0.48235202814211436,-0.5844165136944554,-0.8879968748899165,-0.9061914835582192,-0.78366835550166,0.3547351925017245,1.0,0.99834962203558,0.9961996626360068,0.9357704991605746,0.8274512709906869,0.8850597112447204,0.9937169219724428,0.8755519290921204,0.9953307772080264,0.9720743195610121,0.9918140587589201,0.8188260072981325,0.9876919265036745,0.9931716576576425,0.9949469919668811,0.9944512628066687,0.9946048936145416,0.5188998906232356,0.9979260951190616,0.990453776560878,0.9930650740208152,0.9925289313299408,0.9937448419185727,0.01571878389982221,0.9242059665857415,0.9139563008217663,0.9225229759038961,0.10185130461538627,0.9754738479812765
WPSFD49502,0.9791442688148868,0.9760294371925041,0.9771161357380962,0.9669748538624326,0.9746401908235048,0.9551451068482305,0.9352392244131956,0.9457607689306445,0.9022917053098674,0.8897857292677992,0.8912867198127168,0.959074357996219,0.9601352182867583,0.9337249340453193,0.7949602577176298,0.9399748884216195,0.9541384093756203,0.9541847857619942,-0.6301502336065059,0.5719877618766531,-0.2053342678670528,0.9744281686617587,0.9681063254647096,0.11490370204920201,0.79579360079558,0.2249979366576911,0.6047859930320834,0.6713819222052091,0.6448322020993172,0.657766811068776,0.15636702809286307,0.9622431051864315,-0.392941400067703,0.008803298204894821,0.8646067872046681,-0.8108304159214508,-0.7619753430301252,-0.8558410878404192,0.9737632559846917,0.9372865931341661,0.9067673934808723,0.9288815688280544,0.9421330509701997,0.9457317467501165,0.5042296589927152,0.5835221876409122,0.5517013654598777,-0.450163183416192,-0.6778043633191859,-0.6426984485117693,-0.2011227948842832,-0.29903162660172367,-0.22103603164776825,-0.615663078073887,-0.517466817721623,0.15709935560521138,-0.25083169804162336,0.9766299163266273,0.9652643293747142,0.9246872801262775,0.9684129081403663,0.9882677773960091,-0.754122949375219,0.9066105486418687,0.941192895002744,0.9349588892074961,0.8239873178166693,0.7154568627164501,0.6982782675178718,0.948927964407589,0.93661491133455,0.9325824321159958,0.03585102837603453,0.8833728624659922,-0.5898026618680581,0.39507722218991076,-0.5370345151608649,-0.5672626312789375,-0.5582986228637257,-0.5717116717284191,-0.5623538887197626,-0.5415342517619979,-0.4980692864808585,-0.39559616919871454,-0.34888881332443783,0.009976183179530765,0.2905596857613484,0.22118652264499825,0.09706021813488827,0.21692472678321745,0.3280130115268239,0.48064239950419063,0.47637537845529543,-0.5904147026643956,-0.8693541901053025,-0.8853299211527516,-0.7600525487116317,0.3141400473308731,0.99834962203558,1.0,0.9970457491406748,0.9475850209031127,0.8475662899456528,0.8902949298405057,0.9918695271340345,0.8477434000735264,0.9934662267761074,0.9783557491769316,0.9845030944448445,0.7857306479963901,0.9886016028078506,0.9910656468102936,0.9924138361711302,0.9919072662361895,0.989975244577689,0.4716210852039141,0.9943340691359146,0.9905832329606409,0.9934700402274151,0.9936731591301341,0.9923860763729454,-0.00518560037740504,0.9371732800987176,0.9253741473284703,0.9387222056277659,0.08875192434861448,0.9786746090999155
WPSID61,0.9664899910118947,0.963357347086618,0.964849161923121,0.9552194290704558,0.9601370704865501,0.948009993384886,0.9325967378007912,0.9429250248677754,0.9014385465654523,0.8768157090904848,0.8970822460910262,0.9506770787893069,0.948440288007522,0.920097235685362,0.8063810174775042,0.9341398304836208,0.9539086791456826,0.9500851413394322,-0.6371230560773772,0.5554347846277531,-0.23834034193381848,0.9731265581073497,0.9638741665261508,0.15320347424267947,0.7963823183744599,0.265225968393603,0.6358590179858559,0.6894304030947268,0.6667736727988185,0.6737121855140068,0.19643416573524397,0.9564751362661023,-0.3766565252095497,0.04603721171811812,0.8567647786274643,-0.7956752979921481,-0.7452803428889043,-0.8433706924314994,0.9670153015007438,0.9359694031349219,0.9121852702129583,0.9292759317686141,0.9405689613520979,0.9477088411130226,0.4822982255265785,0.5662986082475882,0.5300330251630166,-0.4616675292119069,-0.6861031995363089,-0.6572145552815138,-0.2112458967722349,-0.30571254144527893,-0.235273583459013,-0.6298630781023477,-0.5370969412625567,0.14635964052938358,-0.25800129097940355,0.9821773312520529,0.9612904955924179,0.924485211716116,0.9591836195745364,0.977196220494246,-0.7533024015821534,0.8802208754007519,0.9203052067475403,0.9143090257181324,0.7970873519359145,0.68836749151009,0.6695104508224909,0.9295029281763499,0.9239493452535308,0.9111886907189605,0.0008460819438367283,0.85423658707635,-0.5593982538273602,0.36475710042788917,-0.5048930158467076,-0.534790861986055,-0.5261285797280122,-0.5393516898461085,-0.5291772313711041,-0.5070906809653347,-0.46069948072664096,-0.3569248101312006,-0.30895063841801707,-0.003170620094901188,0.26750231315722245,0.2001169716898081,0.08907277982922403,0.2085598005363721,0.3216185889810386,0.47181251456629203,0.47415460727358116,-0.6122549785046842,-0.8847122855959125,-0.8936055307186437,-0.7627782412786377,0.29409956895726597,0.9961996626360068,0.9970457491406748,1.0,0.9584956978505916,0.8662748394166836,0.9132166734185434,0.9850512700674522,0.8538296733160042,0.9925363465640975,0.9642335180408805,0.9841928604760294,0.7980730863340124,0.9784037531220184,0.9842759647901517,0.987273507182006,0.9858110311498406,0.9850667582630771,0.49713030182244117,0.9936787862610658,0.9813808448270172,0.985459099080976,0.9854739478059732,0.9852788632110873,-0.04715492620548933,0.9243845830416456,0.9174395762272467,0.9188728508408561,0.1031583292207556,0.9667572210472873
WPSID62,0.9105107800304555,0.9041584596193586,0.9138651032729305,0.9003273606222681,0.9120382660763073,0.8936837004973434,0.8671072709747337,0.8803558167977868,0.8252038318478326,0.8069106424300789,0.815396995438521,0.9129369304664338,0.9061415183218341,0.9037233655074437,0.7048723652421699,0.88168673155685,0.8904441643473406,0.9138508632964062,-0.6161378441773411,0.44944271654142937,-0.2722196427022716,0.8944298966760182,0.880102763076399,0.1983662171323879,0.8271345337825505,0.20122697045792695,0.5994575801124562,0.7271642293559529,0.6684467509475411,0.7237174361567428,0.190445336427854,0.8706236889319755,-0.4651172303652321,0.11803948894558207,0.7835093080648704,-0.8274998342204545,-0.774089380313392,-0.8785401040140568,0.8882136624892623,0.8359084795836202,0.809246849512546,0.829734648294895,0.8461537946472596,0.872772481026045,0.43155506970656965,0.4693783622186997,0.48287146969679756,-0.4809114484805025,-0.642704140690068,-0.6670543065777568,-0.23678824281736924,-0.34926200690385734,-0.2769068992773993,-0.5969061704013532,-0.5715533515103,0.09216233382117682,-0.30085262767215376,0.9302220353578279,0.9034759677466148,0.876248312549886,0.9259119762562591,0.9147518982104863,-0.7972805944039627,0.8126217166043684,0.8768499051957012,0.8694351339809386,0.7771768182063503,0.6834133997531816,0.6637554953945353,0.8625341184208113,0.9148235549314221,0.8750927880734808,0.10331911393538092,0.7944601823528351,-0.5068907524079984,0.27784730222625065,-0.5030213887801211,-0.5323788948871935,-0.5319787330974216,-0.5442638761987243,-0.5377912242542717,-0.5285687688521422,-0.48052219921365175,-0.38838091451457935,-0.33698894979623323,0.0004859318878534967,0.23129005442383474,0.17041634140097559,0.04168112707816117,0.15453693515270708,0.2826965749854845,0.4264644301812891,0.4321297820489717,-0.6577401384966873,-0.7982384898431358,-0.795402485301718,-0.619638212334515,0.07340557924600245,0.9357704991605746,0.9475850209031127,0.9584956978505916,1.0,0.958866664697928,0.9379629524851387,0.9189868375738649,0.7220434097389491,0.9413189655637373,0.9129524145537413,0.913440503756321,0.6650768825240652,0.9147540473564173,0.9177880041651375,0.9229620323612584,0.9186321166585052,0.9120760899709484,0.34953319482355966,0.933576982888937,0.916454421140155,0.9219202509407426,0.9221419194181942,0.9185868665333461,-0.20445413915416907,0.9166684089683821,0.9230782041505807,0.8877664379367759,0.06765857338069758,0.9122427258096492
OILPRICEx,0.7954190858871472,0.7850585871078971,0.8016165834171229,0.7802062069113889,0.8045972218104365,0.7726342894690956,0.7374533013316847,0.7542074634163851,0.6836419090131663,0.6644046785897295,0.6757762138804227,0.8090306766423341,0.7961133955795665,0.8116255369185128,0.5544840363779292,0.7603569742968392,0.7643276444422615,0.8181640437660029,-0.6056325951919593,0.3141681910189053,-0.3046206848961979,0.7647977696382325,0.7428455009640506,0.2791178448877619,0.8083375458765744,0.16810154006368538,0.568615526522142,0.7452293267987109,0.6683307370550784,0.7480050000938873,0.22983498921658693,0.7317383329407189,-0.5212846446508413,0.23450652935163038,0.6463619052872571,-0.7995694903136623,-0.7483779310345213,-0.8482888369390361,0.7550476076476851,0.6871826078392549,0.6645494228227141,0.6799257411384237,0.7022582146668891,0.7442471553260598,0.3363440696373292,0.3058935489975097,0.37821954814496095,-0.5187327373749334,-0.6006673883312711,-0.686496011085573,-0.28266628287632634,-0.416485025654367,-0.34782607682445754,-0.5676644316364864,-0.6239143265759296,0.003560152558130018,-0.3698198740117749,0.8722744955692258,0.7827968963302567,0.7614379039940458,0.8346302537922771,0.7990406241692555,-0.7504283303964775,0.702558641245518,0.7822119392725367,0.7693870135085952,0.7097975353865454,0.6359670217440323,0.6148061305315907,0.7508294550685413,0.8417947362581948,0.7830481481285798,0.1624669952245903,0.6884168583237905,-0.3898244277067542,0.20481792095050294,-0.4375924847178311,-0.46478821617513333,-0.46846958724411575,-0.4797989332752004,-0.47482494507359485,-0.4708180310506219,-0.4219493407523169,-0.3438652078903926,-0.2883282356132635,-0.013636888864628677,0.17551679838968423,0.12171319249318113,0.005165139013279195,0.10934873438759736,0.23904402148490447,0.36301431334942336,0.38259222485295524,-0.5996611126795205,-0.6704736435350807,-0.6488797958385165,-0.47192018643612615,-0.1021514773988941,0.8274512709906869,0.8475662899456528,0.8662748394166836,0.958866664697928,1.0,0.8950360152345272,0.8014504601215058,0.5643876893139507,0.8389585742777916,0.8048674205181632,0.7948101890223529,0.5151912631489316,0.7981952377086614,0.8000891564228815,0.8066860209408397,0.8006160859791656,0.7892732043114403,0.21331537421563956,0.8236316097318872,0.7984235417081083,0.8078068114494141,0.8091773195257549,0.8013159537345268,-0.34105058715935893,0.831958606161569,0.8477487396201202,0.79933198583483,0.041345400421526284,0.7973410171360368
PPICMM,0.8513910265808665,0.8486545125165766,0.8546937279218465,0.8472295295707082,0.8473708885429546,0.8471020234054104,0.8393773074532078,0.8486927527255227,0.8088524204395953,0.7648895429306624,0.8143050492120733,0.8571597031338432,0.8406309998722987,0.8296549844276985,0.7345356847386569,0.8419861242223725,0.8548073418681459,0.8641799417745439,-0.5219687338111453,0.47820608439156026,-0.22300735877897038,0.8623238631333655,0.852746160923883,0.14515718782939718,0.6892686117584822,0.24157043345680304,0.5685245058185407,0.6272723401150515,0.5935731715715112,0.6179062958209717,0.19232201370831598,0.8412844198024677,-0.33068474208724574,0.09645512414914853,0.7828627785572463,-0.7195714922729194,-0.6664744004911299,-0.7735175588661273,0.8505153091514601,0.8226578864876387,0.8115180689612421,0.8175313378429587,0.8292471019255232,0.8499292099530977,0.4012594879982257,0.4610862868376896,0.4574965484760355,-0.4752845681869715,-0.6237693299542845,-0.6505055789762638,-0.25152665487316717,-0.3317966565328706,-0.28701411975272706,-0.5924697257214298,-0.56073965868551,0.060040896286388125,-0.29350856152250515,0.7826028414156074,0.8678252258170259,0.8307089988834158,0.8684038268217491,0.859163242407348,-0.738933198003327,0.7265863102240452,0.7935356212164825,0.7865502088935985,0.6519407439702227,0.5438906021920096,0.5229874782333769,0.8027480097407719,0.853389956555202,0.7913938195028755,-0.00012044683162888118,0.718676594300826,-0.4534231692246575,0.22139225424277567,-0.3778736754474137,-0.3999721203309399,-0.40372443049915613,-0.41558114598809803,-0.4111843369404694,-0.4166981277089239,-0.3782159951268433,-0.29924212989552235,-0.2560509886494976,-1.5579399820379466e-05,0.1551244525064774,0.09970690390512565,-0.0008075843093768073,0.07123983421214375,0.18208932542150233,0.31036647452826793,0.3205804657601364,-0.7070056600918503,-0.8036852375441077,-0.7989188332315504,-0.5863287194121545,0.05229938324840519,0.8850597112447204,0.8902949298405057,0.9132166734185434,0.9379629524851387,0.8950360152345272,1.0,0.8680653481393583,0.7257759288934501,0.8904142432042523,0.8458413870876739,0.8723331151161133,0.6801511797492873,0.8593928689130034,0.8675373109266964,0.8725061496567469,0.8691872356866568,0.8678376237971104,0.41965672411525,0.8868081510069442,0.8632316743576636,0.8658965195577198,0.8643821755725243,0.8656701771050094,-0.20280521291582715,0.8355579227598225,0.8537751514140182,0.8060911990088193,0.07597085400129014,0.8548776525500407
CPIAUCSL,0.9882402210583714,0.9881492373987554,0.9877097159236893,0.9836880729748935,0.9820503468713891,0.9764166594285432,0.9633560569513181,0.9709300853760547,0.9363980809077959,0.9298387849648619,0.9200854540552794,0.9747305636792062,0.9736069516737558,0.948400986521212,0.8219539603650452,0.9665657513985778,0.9673450904013049,0.9424065436629818,-0.6101370552907633,0.5710858055613589,-0.17847479444705341,0.986294238316882,0.9850112427555191,0.04782409926716771,0.7518969772073816,0.18960637353239085,0.5738592008897326,0.630230160763545,0.6135361702977037,0.6143456286625004,0.12464928792069714,0.9821158539224889,-0.3617387662146322,-0.10022605723699951,0.903395758882038,-0.8020922601739673,-0.7543816194583498,-0.8457296392645592,0.9913026969445815,0.9586873004288572,0.9245511044888486,0.9510465433035643,0.9652090810908718,0.9602102558521382,0.5131926703763461,0.6425995132697236,0.5679131739187092,-0.40446585854378186,-0.6598407643548564,-0.5857755843439442,-0.16294449033774078,-0.25992164731343,-0.16766574251205763,-0.5885535708126395,-0.4448809238878108,0.19988198534934137,-0.2128798350960879,0.9611600103517727,0.9800519080193091,0.9411941595377207,0.9523206933089455,0.9913114078270105,-0.7749591563978302,0.8969988766328209,0.9324794706858314,0.9233723518617102,0.7936477371758388,0.6707764580845527,0.653044033582805,0.9494723575057263,0.9356073222632273,0.9259699644520859,0.008576192825106662,0.8944636258684485,-0.6634044257502312,0.46489895440817147,-0.5722643512737369,-0.6005817056706542,-0.5918258126302303,-0.6050997336183426,-0.5970574873072809,-0.5765939083102525,-0.537101893809074,-0.4339365988204739,-0.3913492108938877,0.04367280123987776,0.3236643597911357,0.2530067220354595,0.11320582151557401,0.23224142206901333,0.3383989240921766,0.49570256219368036,0.4806225621421964,-0.5924690163259045,-0.861573905066418,-0.9017306261830227,-0.7582665440720964,0.37946646980773013,0.9937169219724428,0.9918695271340345,0.9850512700674522,0.9189868375738649,0.8014504601215058,0.8680653481393583,1.0,0.866976410257894,0.9941673752539147,0.9855623758954225,0.9911172396256451,0.8091688719620354,0.9976315786655444,0.9999544066781546,0.9994873661140629,0.9998772859587434,0.9984750247026182,0.4943849666664897,0.9939914926314448,0.9986684516578493,0.9974979278146449,0.9945791953834218,0.9988679581542659,0.07306277053698884,0.9399550173140224,0.9370155610796982,0.9340173820237362,0.1041577782474888,0.9899635484690386
CPIAPPSL,0.8012654402531671,0.8102573251199283,0.7941958558976516,0.8129919361839859,0.7694249847061373,0.8463447868687639,0.8879453021437538,0.8834440189926864,0.9054147420746889,0.8245169223625917,0.9373846792643317,0.7980475357742437,0.789314037638777,0.7067359685892977,0.9535977105457157,0.846030887383674,0.89433669962037,0.7632968391206244,-0.5200675531170097,0.5166381641824018,-0.2882780862848956,0.9189690399919759,0.912964535610759,0.13899005560422598,0.5352757168681982,0.49968404951858897,0.6743968339797336,0.5058887086672622,0.5751021323286634,0.4619818088874739,0.2944550719584479,0.9088896429712303,0.016225907442596395,-0.07827903474148812,0.8065780374453236,-0.4488571017860926,-0.4111816602471361,-0.48905424362633787,0.8944379717066626,0.9492573454420035,0.9644776398450939,0.9568250736709758,0.9390436638520974,0.920551130660177,0.4016867360526533,0.678484187833672,0.4400096444977386,-0.2782352199173814,-0.6209309701480041,-0.4295643544752049,-0.08076400300818569,-0.10791636580545289,-0.06168494564890705,-0.5680476513065298,-0.2926132010480008,0.2553318629878847,-0.07814717208559463,-0.5635664011222009,0.8717884085225825,0.8211727287282815,0.7376353408758737,0.8214279112730353,-0.5573791558924502,0.6553460920056622,0.666097661779668,0.6666040964884793,0.48507119027159273,0.36451777574278477,0.35564482105943146,0.7272033673427519,0.6434969789540484,0.6439461136019934,-0.4409956778815495,0.6364724354870106,-0.5165110795846993,0.3782702236974537,-0.30073474487187524,-0.3272694753660023,-0.3058853392620651,-0.31826995287027143,-0.30325406176336284,-0.2410113399029924,-0.19014745174164616,-0.07226208270563396,-0.055247310168914085,-0.07594008567228282,0.19298211232851656,0.13150832828046086,0.10602609941609267,0.2633433310057432,0.3391993787619559,0.4676689979589431,0.46009127166865993,-0.4528834482856745,-0.9308384909003228,-0.9653933514881133,-0.8658765166643352,0.5910877197721432,0.8755519290921204,0.8477434000735264,0.8538296733160042,0.7220434097389491,0.5643876893139507,0.7257759288934501,0.866976410257894,1.0,0.8758972404077544,0.779545004197986,0.9165805085510971,0.9823501473890744,0.8358084633191362,0.8684176089268163,0.8761549777522938,0.8735014511966568,0.8920078200640452,0.8479209234873222,0.8921059161015404,0.8461240168913903,0.8447207288979984,0.8395841333548208,0.8599039252719926,0.16915878028635747,0.6734410284486173,0.6816652477071056,0.6513307618807088,0.17938561667703432,0.8054580240048193
CPITRNSL,0.9732830675416227,0.9729594486846593,0.9729670862739712,0.9697077326212468,0.9671154799669623,0.9685019716142417,0.9591936376697578,0.9670636044688564,0.9315446634873817,0.9135110258316386,0.921889688225519,0.9677098928546288,0.9620472503402677,0.9355541799678911,0.8310264923353478,0.9595186794810109,0.964802350840685,0.933519764452759,-0.617436054270122,0.5433507408265817,-0.22464671042241263,0.9832902219826937,0.9777455220532543,0.10040876387352443,0.7765263742072661,0.2305433919891017,0.6075170821926155,0.665138024924209,0.6419756760299774,0.6504645260135372,0.16214793841061764,0.9732192547833951,-0.3567644400994732,-0.045932487391565406,0.8840026086159879,-0.7902396085259126,-0.7417361841747806,-0.8353851247866492,0.9822118697136966,0.9546923245302157,0.9276285736057216,0.9492961506632537,0.9604433846785811,0.9582387499656378,0.5074217599352551,0.6308171855892147,0.5578533496331485,-0.42109229631311423,-0.6692501992295481,-0.6074711645194055,-0.1746962981923614,-0.2750011588043453,-0.185825567036525,-0.6026587551818787,-0.47150604490436937,0.18943361003204356,-0.22822350468572683,0.9927956953561862,0.9791407204669298,0.9493507253777475,0.9434397526779661,0.9805003233178626,-0.7780126741233068,0.8706881546072565,0.9106674868473817,0.9002986364278074,0.7728700021286455,0.6540071976428791,0.6379888425201812,0.9248307670571496,0.9180870226306672,0.9030135741448472,-0.029991752623614008,0.8633301272126891,-0.6363975705853423,0.42683988136960427,-0.541727098749483,-0.5709558457120802,-0.5608222910453141,-0.5744002725666727,-0.5655079421422401,-0.5409061139883853,-0.49633507729221726,-0.39124668265968043,-0.3499685599910969,0.02078537155470989,0.3037441739264323,0.232799337940249,0.105746235552395,0.23105740615767492,0.3415501917690915,0.4952289575590199,0.4832555385931856,-0.60798636581234,-0.8736617590314139,-0.9088115404850036,-0.7614121513508315,0.35136705472981306,0.9953307772080264,0.9934662267761074,0.9925363465640975,0.9413189655637373,0.8389585742777916,0.8904142432042523,0.9941673752539147,0.8758972404077544,1.0,0.9712257722043188,0.994694362199694,0.8256283492225017,0.986869423287893,0.9942670541169186,0.9964272895749511,0.9948969862014608,0.9945824075675167,0.5233931024838194,0.9974023996907874,0.9892759507323656,0.9891980871345171,0.985985403067633,0.9915528198425348,0.027110654850319445,0.9281265582065068,0.9292667324623637,0.9127925697328879,0.09991366508394398,0.9759140890172123
CPIMEDSL,0.9940704634844059,0.9907904870736951,0.9946725423364955,0.9839177104676714,0.9969276047753795,0.9611898054713229,0.9290172307007352,0.9399675353480113,0.890534962383999,0.9134905260306847,0.8569255738144805,0.9740913039586776,0.978357234151433,0.9702166409768715,0.731785327857641,0.9472465288057096,0.9332694230963006,0.945759208063037,-0.5789076556420567,0.5708898131062972,-0.10815795568660097,0.949077228870531,0.9516029201125852,-0.013337328377012143,0.776811059573497,0.05038536008183748,0.4835142828776901,0.6174834557069477,0.569201657924495,0.6139601435198563,0.027723346305094536,0.9505570011494031,-0.46545878367357507,-0.13960470451805776,0.8761536686133515,-0.8658917908875433,-0.821801559556444,-0.902341184494371,0.9669916629069754,0.9068755675159964,0.8544657850321103,0.89378534954654,0.9156229073192919,0.9152495454990072,0.5518848602777633,0.6255436890433504,0.6070759743063624,-0.42075675777628285,-0.6388095211360487,-0.5823619396898612,-0.18761832647733803,-0.29319245083479134,-0.19339442067857793,-0.5635130039816686,-0.44576600575197084,0.15922752310141527,-0.2459652829116062,0.9431582837185791,0.9585408489094749,0.9175284900821771,0.9694940092704397,0.992252057686618,-0.7934221129555429,0.9406820883697294,0.9723794630749455,0.9608349200827413,0.8633561829228279,0.7497948627485792,0.7320765495095135,0.973663672509909,0.9743580950783995,0.9694559577878095,0.15573811896732456,0.9387910103635407,-0.69203890083826,0.47945537108169495,-0.6492554310251331,-0.6757774608295606,-0.6715721484419662,-0.6842204217002129,-0.6793718563994392,-0.6745739681387207,-0.6434548150142566,-0.5527142447547756,-0.5082014215272188,0.09711285614922979,0.36677457636795846,0.2967609509774179,0.11969750294666054,0.21699243128782997,0.32420542809656727,0.4820749431655056,0.456709012684504,-0.5990883845392923,-0.7854156854965468,-0.830841990288262,-0.6816966290100274,0.2976769592080466,0.9720743195610121,0.9783557491769316,0.9642335180408805,0.9129524145537413,0.8048674205181632,0.8458413870876739,0.9855623758954225,0.779545004197986,0.9712257722043188,1.0,0.9555163043264121,0.7029602321290174,0.9941454451281521,0.9849616480730247,0.9813564067250206,0.9828158230419265,0.9754120315032464,0.3460803956462511,0.9665724683671455,0.9921081501036507,0.9888102099164882,0.9871718497453373,0.9853840112180035,0.07337663562764951,0.9648042791630214,0.9570660074388541,0.9778719393561445,0.053625098149761845,0.9940387719030072
CUSR0000SAC,0.9626881403055386,0.9643913714110661,0.9614287545640011,0.9624252497171828,0.9502793613243005,0.9680823739824443,0.9689869424604035,0.974372279542186,0.9504802480028398,0.9202128035425501,0.9480957377687823,0.9572359158768852,0.9509632210264737,0.9138335192562046,0.8730905776107225,0.9613574013938095,0.9735746666625049,0.9220804052857657,-0.6205970200569126,0.5473156186001487,-0.24211567431597011,0.9936704261266711,0.9881352918600166,0.10754113990506908,0.7372383855304596,0.2890294308591748,0.6363508682679139,0.6454875602950985,0.6455729564545405,0.6227381186027666,0.1994534892546877,0.9838541111150404,-0.2895979387229385,-0.06231473778551722,0.8951995044595186,-0.7426714708988277,-0.6940399252885516,-0.7894803678461166,0.988297628856829,0.9759051183406259,0.9562394624854132,0.9730426363735324,0.9794866238059288,0.9744761755557322,0.48298144828159323,0.6473573147543628,0.534802778607089,-0.3984314075343848,-0.6736190105773551,-0.581612030544514,-0.15680669902418037,-0.24415872273067657,-0.16158482427327003,-0.6085502222264073,-0.442577581395944,0.20971942731936866,-0.1992787368643039,0.9878111547959848,0.9780657183650824,0.9473721803503874,0.9224396063835391,0.9702400242903415,-0.7541064570884145,0.8446556440095667,0.8824368602595002,0.8746686218429439,0.7302342191541561,0.6065226180250088,0.5897327846911355,0.9078739771834562,0.8871365430087769,0.8725378093326542,-0.10694917752328933,0.838288240048969,-0.6286374789342883,0.4386463797873239,-0.5095788332337272,-0.5389596725279031,-0.5268385040149333,-0.540474212921112,-0.5302706026308461,-0.4981449468236601,-0.45173694697501626,-0.34086810072590723,-0.3014538459653835,0.0035419044791133963,0.2888379042697451,0.2182556439900593,0.10689186492301896,0.24164140320464622,0.34780822841928033,0.5019589643674073,0.49285648178908176,-0.5976592821395668,-0.9038727285203965,-0.93931837145442,-0.796902216200662,0.41558954977168705,0.9918140587589201,0.9845030944448445,0.9841928604760294,0.913440503756321,0.7948101890223529,0.8723331151161133,0.9911172396256451,0.9165805085510971,0.994694362199694,0.9555163043264121,1.0,0.8725502320945615,0.9796344867139135,0.9914116048662955,0.9943181886009973,0.9929438041873384,0.9960882069641986,0.5950566050706706,0.9971316077088637,0.983285660230821,0.9833022803725436,0.9794838546628643,0.9883070448996985,0.05382109178070983,0.9012519655135789,0.9049154160021343,0.8819355574254744,0.13372770492454628,0.9659078462739501
CUSR0000SAD,0.7288980900206746,0.7409352388828557,0.7236573636542698,0.7482930505923564,0.6945707837058159,0.7942419333727858,0.8521715304019727,0.8447030662099074,0.8755254429466625,0.7805986920834147,0.9158329804219787,0.7398012287089214,0.7212331458786015,0.6386753934845808,0.9422035626260231,0.8016481348306067,0.844804948388614,0.6810804828563517,-0.5079097490258185,0.4554858203349015,-0.3290888167778581,0.87350147063657,0.8650522458081883,0.17063444606753658,0.470619247156664,0.5554640977141901,0.687336663019694,0.4791268415901412,0.5653320405539581,0.4297535927559671,0.34742058071238385,0.8597318786544442,0.0935297928173124,-0.05809989734364404,0.7757394807604305,-0.3713308414937681,-0.3320019229837725,-0.41631553224690715,0.8409490842302987,0.9138452011985991,0.9429278935646959,0.926623637457213,0.9065066055322865,0.8754475338737551,0.3387871967237689,0.6412896020986899,0.3760031354380309,-0.21667826887833,-0.5581158943843737,-0.39409263563232244,-0.022927515759297825,-0.05147420569242261,-0.0032667502122144605,-0.5086987967609721,-0.2574699480144109,0.3040681193028952,-0.022324660270671186,-0.854183430663124,0.8232094485355693,0.7546539099360356,0.6490443359306926,0.750168701841293,-0.5147987402099978,0.5477799295497167,0.568422378970122,0.5658077977643281,0.3662358209114323,0.24087162492379122,0.2322389281231345,0.6397505278146178,0.5583987557211915,0.5483340726679811,-0.524895303195869,0.5432659102484656,-0.4798285676317354,0.3610879417711727,-0.225414591653691,-0.2506818323899707,-0.22483797872516573,-0.23681843188465196,-0.22004063167285937,-0.14954768425318907,-0.09605164030550743,0.021044588375283897,0.035055157611352396,-0.10256006925149601,0.16456556973674336,0.10573700992605858,0.11168418002284064,0.26827542198904364,0.33566365293210426,0.45055832719501626,0.4503570234328052,-0.3001231779869697,-0.8996861674885183,-0.9385872295911043,-0.8551089943030747,0.6516766275712677,0.8188260072981325,0.7857306479963901,0.7980730863340124,0.6650768825240652,0.5151912631489316,0.6801511797492873,0.8091688719620354,0.9823501473890744,0.8256283492225017,0.7029602321290174,0.8725502320945615,1.0,0.771339906647679,0.8115577459679096,0.8205858390256952,0.8174711465759592,0.8387404793967387,0.9071876347887672,0.839630957739324,0.7826712575477927,0.7826059801699192,0.7739310771049167,0.8018687233831704,0.20284761528047046,0.6069286985437282,0.6215907302442257,0.5552051307622513,0.21445665008312856,0.7353070162261105
CUSR0000SAS,0.9944489828901295,0.9934654144843811,0.9942904515003458,0.9876655245134435,0.9914877016332345,0.9737299324575158,0.9536918315294441,0.9623153778255609,0.922622721814138,0.9282699295636151,0.8992844456602962,0.9766735448382186,0.9781972409670467,0.9592062928670452,0.7900452744337979,0.9623517012829339,0.9573114286696431,0.9458268581453485,-0.5999554397917517,0.5796307622274202,-0.1437886935266871,0.9756375348569584,0.9766163674369112,0.015817317806947468,0.7535577093342424,0.13693088776362555,0.5371831145991699,0.6172925016909522,0.592154012578285,0.605047945355277,0.08430710451304957,0.9744402888709399,-0.3961487777425269,-0.12063081772433121,0.9014414679050631,-0.8269047029515526,-0.7801987062406336,-0.8683264058187022,0.9859904894231375,0.9433143509470632,0.9018954853105061,0.933286229234143,0.9513616130970503,0.9460539489935398,0.5257249218895041,0.6362648763898305,0.5816299870997262,-0.40431324969161825,-0.6471188120142553,-0.5835101784190313,-0.16482121690697696,-0.2658008001662469,-0.1689965857162156,-0.5728938757006711,-0.44228152522335806,0.1937392644096636,-0.21802955709981386,0.9409809197842184,0.9741349797921203,0.9311160999057091,0.960958887721154,0.9952420033216416,-0.7793423358748923,0.9178165521024226,0.9517082012556369,0.9420069008936259,0.8205454180188226,0.6989045627582307,0.6807935822667616,0.964376860911271,0.9538551735663846,0.9469291836466273,0.06774197553734333,0.9171265771754119,-0.6775343209083502,0.4760568592925731,-0.6011330709820606,-0.628641330793407,-0.6216920245385824,-0.6346633051065459,-0.6277702132502874,-0.6132694371996753,-0.5776359377747823,-0.47912962691655187,-0.435273809217544,0.06486416455055632,0.33999213836305614,0.2698497833429075,0.11631894172442829,0.226666806385917,0.331928057517319,0.4897206784529474,0.47150547793244924,-0.5858584870626856,-0.8334781260006334,-0.8763403769168865,-0.7334760037526705,0.3591147821179765,0.9876919265036745,0.9886016028078506,0.9784037531220184,0.9147540473564173,0.7981952377086614,0.8593928689130034,0.9976315786655444,0.8358084633191362,0.986869423287893,0.9941454451281521,0.9796344867139135,0.771339906647679,1.0,0.9974252900741639,0.995183546605263,0.9965082601652291,0.9928200295983984,0.4397549202096359,0.9853591876500686,0.9996908770814258,0.9978393573700437,0.9953797043499615,0.9973470151785684,0.08329853588152543,0.9532009908919457,0.9466886425615988,0.9542003900954865,0.08815107829554891,0.9953709263809585
CPIULFSL,0.9876468555070305,0.9877739505457126,0.9872486893600154,0.9835954681828462,0.9814702852856261,0.9768316586265354,0.9645341334044645,0.9719109839040435,0.937852106886139,0.9311478281407779,0.9215467445759847,0.9748596475117592,0.9732256438721039,0.9481199407923661,0.8235649608270319,0.9674155499908805,0.9675216765303398,0.940146544612673,-0.6089585092444,0.5692475584617608,-0.17856063577293607,0.9864797222924706,0.9853593994840861,0.04552822477265482,0.7493491360325271,0.1891010504452069,0.5729518841427801,0.6284869579236487,0.6122656896092156,0.61248549774529,0.12365697282732513,0.9825297625528185,-0.3594263791742997,-0.10510353994371407,0.904872780584018,-0.8008316561409193,-0.7533715150560355,-0.8441481645868835,0.9915592868316112,0.9594742498486694,0.9254235891507795,0.9519699962099899,0.9662537082826229,0.9603651316558093,0.5135720146726743,0.6455612269613233,0.5684731101254784,-0.40150088052028404,-0.6579066090216737,-0.5833501663386691,-0.15988698375853194,-0.2576305878370008,-0.16404394923780116,-0.5859659818958441,-0.4413791957087758,0.20342862375174922,-0.21066358399909405,0.9621625316479794,0.9806092909252918,0.9420260939378537,0.9502598862857277,0.9906410069396804,-0.7754245737200246,0.8947525690347949,0.9304605407443505,0.9209296985075512,0.7897410498068993,0.665870972713151,0.6482329789907824,0.9480075690775049,0.9343569982027402,0.9240166330447775,0.004376348180914724,0.8935163820601004,-0.6671943270882402,0.46799703158940864,-0.5728599100251429,-0.6010090612988189,-0.5921248021873121,-0.6053831570822471,-0.5973698344747104,-0.5764889675782977,-0.5370331169011737,-0.4338745046457425,-0.39171491805282743,0.04539569782712557,0.32543566840328336,0.25472466867445287,0.11470149407419636,0.23409262168345746,0.3398524126133502,0.4969025459001841,0.48118069728934126,-0.5912903558312373,-0.8605241315520731,-0.9024783476650846,-0.7581862580857747,0.38291386260983584,0.9931716576576425,0.9910656468102936,0.9842759647901517,0.9177880041651375,0.8000891564228815,0.8675373109266964,0.9999544066781546,0.8684176089268163,0.9942670541169186,0.9849616480730247,0.9914116048662955,0.8115577459679096,0.9974252900741639,1.0,0.9994733481546676,0.9998706242496865,0.9985614081400691,0.4975820384360833,0.9937562140038899,0.9984529001580089,0.9970199293709551,0.993829834337132,0.9986149368217919,0.07709988473671486,0.9391988191806062,0.9368984111251073,0.9322880943424559,0.1036747628879699,0.9895721497945882
CUSR0000SA0L2,0.9842145747044242,0.9841845218770152,0.9837271083835465,0.9804042929658864,0.9769793595061016,0.975942420845137,0.9651824579258603,0.9725820344126278,0.9394675505135778,0.9277452474450723,0.9259174150029091,0.973309904856557,0.9707379912732165,0.9438623701378018,0.8314711809511471,0.9667010776888453,0.9697092247389996,0.9404935879618137,-0.6141476909724184,0.561280845086128,-0.1969325505849838,0.9883343350243708,0.9856015730444685,0.06578947633679974,0.7576449686134762,0.20777394189053516,0.5892961874241833,0.642073959065905,0.6257746396638227,0.6256237906508871,0.14126895820023652,0.982351952324613,-0.3554465117131965,-0.09073861365329837,0.8992148420883732,-0.7952859251757738,-0.7475449968210474,-0.8391784954447319,0.9911238291684704,0.9614928997478104,0.9299629010286735,0.9550122964240723,0.9673267015423589,0.9637689382584416,0.5097409865575439,0.6440643463052457,0.5639887429896051,-0.40874401395066445,-0.6657342446208122,-0.5879230704314934,-0.1674747176597397,-0.2624311136178727,-0.17247162593574208,-0.5961835489485597,-0.4480332253813892,0.19600296727324,-0.21597256447703714,0.9742275572819895,0.9810247256128561,0.9454264041816397,0.9488755422755831,0.9881286648242595,-0.7758325847125579,0.8870206554102126,0.9237751311341541,0.9148188998565014,0.7845544345281762,0.6627575313138564,0.6450489047380971,0.9411148134390186,0.9284193248713426,0.9164855676618293,-0.012670038796743544,0.8826298223785048,-0.6575948137125609,0.45873176233689145,-0.5650586549302776,-0.593672189870187,-0.5843752591938085,-0.5977026470483338,-0.5892113243192041,-0.5662317511584477,-0.5247415143054959,-0.41973912600005625,-0.37762754261695525,0.03758376890323262,0.3195673991316104,0.24887530082378512,0.11322869885791645,0.23638938977722848,0.3439454198538835,0.5010761602097777,0.48670411052396845,-0.6011685439288277,-0.8704321371569824,-0.9097595232447566,-0.7646826116865544,0.37813808062362647,0.9949469919668811,0.9924138361711302,0.987273507182006,0.9229620323612584,0.8066860209408397,0.8725061496567469,0.9994873661140629,0.8761549777522938,0.9964272895749511,0.9813564067250206,0.9943181886009973,0.8205858390256952,0.995183546605263,0.9994733481546676,1.0,0.9997044097171349,0.9990689808867528,0.5115813013744729,0.9964104855473288,0.9967958004371317,0.995747079155439,0.9926417253010137,0.9977807858381827,0.062283650714070736,0.9344016852875103,0.933958109622589,0.9255050552192171,0.10875505931808886,0.9863465135346301
CUSR0000SA0L5,0.9862863871883535,0.9864466082936623,0.9856285590335128,0.9821251725981244,0.9792922826379873,0.9761806733525623,0.9647865955525042,0.9720827410568897,0.9388321041019558,0.9295087133690165,0.9242051299900945,0.9732218919506068,0.9716619445990639,0.9449055013983538,0.8286739899272108,0.966634375562625,0.9689742828208057,0.941064008354094,-0.6127300050095511,0.5705231866874312,-0.18504404332739177,0.9882411913895911,0.98654020519978,0.05439252885078008,0.7490851848242073,0.20286808907716308,0.5819143290737011,0.6310315449229066,0.6172433937874954,0.6140229504655631,0.13398170157720013,0.9834284421546192,-0.35209821699121324,-0.0946386839790995,0.904259205211103,-0.795312539398314,-0.7472875178466132,-0.8396126412907751,0.9919654943897763,0.9618677209416762,0.9295190255732483,0.9547203137544992,0.9681779017828758,0.9628428628345534,0.5085302027427256,0.6421066148461717,0.563048722363685,-0.4029376300086005,-0.6610079322185418,-0.5862792527103192,-0.16075209063815205,-0.2569132837814128,-0.1656579246667593,-0.5902925779992396,-0.4454135197342618,0.20302447802426823,-0.20991107956793736,0.9629719613937378,0.9804473429501985,0.9418770891128943,0.9497233602339304,0.9898788992445551,-0.7717401549436683,0.8919928881378579,0.927775580817991,0.9189717314890553,0.78666384380476,0.6632861027785986,0.6455755438766634,0.9460741872692274,0.9308579104543904,0.9209285998091661,-0.004331133317703107,0.889102204077252,-0.6585965728172158,0.4619377040583105,-0.5636920115270245,-0.5921737907202222,-0.583006240760633,-0.596319745741691,-0.5879648116018178,-0.5660663675135137,-0.5258049782013267,-0.42163778512197975,-0.3791800424226532,0.03802367808450289,0.3185968703300621,0.2480129622561855,0.11216224986353626,0.23306904151150457,0.33902508648661045,0.49598821161291834,0.48212433756008855,-0.5905563149381513,-0.8675123974844088,-0.9066945835107778,-0.7644091057588877,0.3857796806937529,0.9944512628066687,0.9919072662361895,0.9858110311498406,0.9186321166585052,0.8006160859791656,0.8691872356866568,0.9998772859587434,0.8735014511966568,0.9948969862014608,0.9828158230419265,0.9929438041873384,0.8174711465759592,0.9965082601652291,0.9998706242496865,0.9997044097171349,1.0,0.9991389043355846,0.5069693186527828,0.9951741846069762,0.9978346475642532,0.9969477712395406,0.993969100044127,0.9987136310287584,0.07189308934871694,0.9364615513545396,0.9337400822473628,0.928864436284821,0.10857708470412307,0.9881258409126172
PCEPI,0.9802279924195291,0.9809851394275306,0.9791468957528133,0.9769724910135178,0.9712285477277812,0.9736816548683581,0.9665690141965543,0.9730470855084559,0.9440141409613874,0.9281975761101873,0.9334142548129418,0.9667904146843447,0.9648284026562786,0.9331380279778286,0.8464024064772628,0.9646887568988552,0.9717709768696958,0.9361183044984489,-0.6098823443259609,0.572672783081239,-0.19629677421192285,0.9919882141427938,0.9897342384516892,0.06415163894059112,0.740302534984982,0.2311602511696912,0.5964146560092494,0.6283545232320868,0.6208074000940274,0.6090865312279448,0.1478975857650131,0.9861021791094018,-0.3271595876542332,-0.09228484838322329,0.9038851410804232,-0.7755471759972813,-0.7282159383517671,-0.8194646637465605,0.9929689549003804,0.9696307624723352,0.9409139838158007,0.9637737412024853,0.9748258936881045,0.968202232515697,0.5054886977234448,0.6499361456423017,0.5597496918086396,-0.3965320997279764,-0.6618564557301683,-0.5803782896360475,-0.15662905567320776,-0.2456992823727531,-0.15888985001952685,-0.5923267339230197,-0.43884937451980405,0.20823278034214518,-0.19973779415183454,0.9616868249042414,0.9803163129681745,0.941764365678892,0.942290853172119,0.9854778225833802,-0.7604467039946415,0.8816932331949962,0.9157341666156751,0.9080806130757133,0.7701893367647549,0.6462601049357783,0.6290453572560095,0.937199568492114,0.9166547257897982,0.9074254375478532,-0.03854288293859574,0.8755888772402831,-0.6503676768707571,0.45668171492615184,-0.5479963790422341,-0.5765193931810741,-0.5661077194685044,-0.5794078473839326,-0.570262761571463,-0.544495491990131,-0.5026895778510673,-0.39682446448555847,-0.35602671502800926,0.029885172920261664,0.3127077648722531,0.24237546029056606,0.11494238721704278,0.23982009927041967,0.34443305768518134,0.4995635721140681,0.4860768966312722,-0.5908102711682197,-0.8823293888136264,-0.9207800315058629,-0.7815318671797867,0.40366755898679896,0.9946048936145416,0.989975244577689,0.9850667582630771,0.9120760899709484,0.7892732043114403,0.8678376237971104,0.9984750247026182,0.8920078200640452,0.9945824075675167,0.9754120315032464,0.9960882069641986,0.8387404793967387,0.9928200295983984,0.9985614081400691,0.9990689808867528,0.9991389043355846,1.0,0.5402461414412886,0.9963946600580763,0.9950300245219217,0.9941491197712181,0.9909835468303735,0.996992222738051,0.07996316345302112,0.9244013453911437,0.9214703356084285,0.9153751049729697,0.11273523268210167,0.9823513289037743
DDURRG3M086SBEA,0.38197997078255924,0.39852661154197105,0.37417195027092454,0.40902740825184986,0.33512448306327924,0.4785014773683285,0.5727114596015142,0.5571712923168816,0.6272885387017386,0.4829844054919458,0.7044875284321845,0.39757879462001244,0.37355814989109387,0.2649427554525068,0.8164328866386034,0.4937053037733532,0.5713384744247751,0.3558389103670708,-0.3311669172202073,0.27453406172825334,-0.3764029541845726,0.6009030479616053,0.5874145531213973,0.24761394533482048,0.16705116708579024,0.7235962816779673,0.640816011455056,0.27439473672314085,0.42416357374948666,0.20825564106625802,0.4543417274515417,0.5790066518480205,0.3892707342365804,0.024900332267089938,0.5028345457544104,0.015065721214231319,0.03718848811720194,-0.017202326406670156,0.5450194980559043,0.6761509452348591,0.7451778189064986,0.6998984636700657,0.661104134665149,0.6242152370840415,0.11918557126166672,0.4683738719738946,0.1355382994794106,-0.068026735362467,-0.38679077133562845,-0.19859183925049748,0.048631658585839996,0.08436665159050499,0.07639124395533015,-0.37000581162369744,-0.10395315416125692,0.2762094760284212,0.09280431315555879,-0.9403053927699971,0.5216086547750923,0.36301824036502317,0.3015110272539107,0.41423103932578637,-0.19860113006697974,0.18734503198479685,0.19111282472401694,0.19605248121526928,-0.011043610885244548,-0.10834419501660968,-0.1105747772891585,0.28242792739082384,0.1731254029091089,0.16360872595792994,-0.7885337937942326,0.16679934980372907,-0.19682324885137145,0.17505263004673485,0.09186958602394266,0.0746850009180052,0.10562612728238217,0.0974775350387094,0.11741527616960803,0.20795693641806587,0.2610694038762173,0.3604299595572348,0.35411738021553396,-0.19141577851613714,-0.00453625427398642,-0.039736186312054715,0.07734892066027921,0.22568916297105812,0.25198171107170947,0.3071040229981657,0.32472066874544814,0.038356043579291905,-0.7469979100700382,-0.7624967868075527,-0.7331309608147104,0.6579642426307601,0.5188998906232356,0.4716210852039141,0.49713030182244117,0.34953319482355966,0.21331537421563956,0.41965672411525,0.4943849666664897,0.8479209234873222,0.5233931024838194,0.3460803956462511,0.5950566050706706,0.9071876347887672,0.4397549202096359,0.4975820384360833,0.5115813013744729,0.5069693186527828,0.5402461414412886,1.0,0.5478939706375319,0.45636574615948444,0.4583780201733967,0.4490449427733839,0.4851244639119607,0.15291952234797637,0.2336996567228904,0.25297123262800575,0.1685121610499843,0.23446329865649843,0.38813086851746537
DNDGRG3M086SBEA,0.9715349431201307,0.9710737061359879,0.9701336119877534,0.9661663281279106,0.9616172183067295,0.9652759784268938,0.9579749659592991,0.9655299728939626,0.9343358528997604,0.908807022784834,0.92972185491332,0.9598650587636477,0.9567948355800437,0.9235845957291382,0.8465266770735189,0.955115986282346,0.9702782823974858,0.9408416751925271,-0.6325125863651004,0.5530154362127746,-0.23817418085832232,0.9897448118192401,0.9829917083443644,0.1220447679210616,0.7658230319010584,0.2738417509449011,0.6350961015995555,0.6651268437424345,0.6560066376858694,0.645158323419313,0.19380708022212886,0.9777128060743948,-0.3335151189237401,-0.02659478578873401,0.8837802371594401,-0.7728725351071042,-0.7238108902613334,-0.8193605053893702,0.9851188073125456,0.9630953253321725,0.9397190943572687,0.9583758202305016,0.9672872752095294,0.9684548598025321,0.4837754606650738,0.616808582924814,0.5348580558181814,-0.4258896476271627,-0.6825604700420606,-0.6108223834145409,-0.18097562024848354,-0.2711913711917522,-0.1925152058661994,-0.6199672419599821,-0.4787735644620581,0.1829253587011803,-0.22489106736422648,0.9844632541516535,0.9745541731968158,0.9409467841435981,0.9444664791242563,0.9792153326306478,-0.7577092729482856,0.8693091513650316,0.9073974166862107,0.9012061763248603,0.7690895202217087,0.6518222430136935,0.6343146395792224,0.9248366008294002,0.9100693173229026,0.8977703879935615,-0.05219678100665737,0.8539476878319061,-0.6067635423613906,0.4181923276840176,-0.5192493373284478,-0.5493012786349056,-0.5388488722727768,-0.5524188484884105,-0.5423737068418838,-0.5138664084543799,-0.46743355461827385,-0.35864565994930453,-0.3152725098395661,0.002645720492571347,0.2852398555554618,0.21533242405427933,0.09985150216146522,0.23193406509854944,0.34192648918730023,0.4964442145906679,0.4910382620260221,-0.6101344728626545,-0.8974355509283503,-0.9225337396108872,-0.7837032135442743,0.3653680507107266,0.9979260951190616,0.9943340691359146,0.9936787862610658,0.933576982888937,0.8236316097318872,0.8868081510069442,0.9939914926314448,0.8921059161015404,0.9974023996907874,0.9665724683671455,0.9971316077088637,0.839630957739324,0.9853591876500686,0.9937562140038899,0.9964104855473288,0.9951741846069762,0.9963946600580763,0.5478939706375319,1.0,0.9884915056423355,0.990081461030041,0.9881020389950381,0.9926451702949826,0.010572414226819827,0.9185051790314689,0.91663326786726,0.906415409594004,0.11892420140170169,0.9733743470284374
DSERRG3M086SBEA,0.9930220131235153,0.9921595499714596,0.9925880703874298,0.9864209168207189,0.9891390347741315,0.9737412657314182,0.9554178538277064,0.9638241068082738,0.9256190434682069,0.9275390887850775,0.9045581469901575,0.9751028461376117,0.9764793822282231,0.9549189302729022,0.800035227021057,0.9623477776426993,0.9602932139061422,0.9466179699809306,-0.5992191561421444,0.5827707606459901,-0.15179357231158322,0.9790994290500442,0.9794398114427401,0.025276216582906057,0.7554509387845181,0.15351480763440364,0.5470597849370324,0.6209670057331632,0.5968568482628542,0.6082053470557218,0.0917810601081557,0.9767670643240738,-0.38653618889288816,-0.11291231843387228,0.9006194754492138,-0.8193057122340281,-0.7726278040562606,-0.860923344680911,0.9876543606838507,0.9482200835622929,0.9088866275046585,0.9389045878364275,0.9554508175889485,0.9501151366963086,0.5273154931084777,0.6398477637355791,0.5829678488127518,-0.4036928689002674,-0.6486851305212912,-0.5843354912722891,-0.16505658811120164,-0.26161662260108093,-0.16827317653242346,-0.5755945630468154,-0.443528129850565,0.19436832814279845,-0.21421368009474157,0.9464807907989498,0.9760433438739538,0.933502772033625,0.9606683496818677,0.9950541812397655,-0.775843935136857,0.9148117945109846,0.9480261196822705,0.9392849568956027,0.8161474748137681,0.6952139529084783,0.677548090371922,0.9615009328192953,0.948699312120863,0.9423682549970633,0.052375489740230374,0.9111962872315056,-0.6711604723893951,0.4687527072626965,-0.5932937849880134,-0.6210230478542419,-0.6133371120938458,-0.6263490231975767,-0.6190024660647646,-0.6025450572555813,-0.5656685304771505,-0.46622293254396163,-0.42318686449248194,0.059098681299858215,0.3366632869548054,0.2664759254132628,0.11737714693630118,0.22992518766808445,0.3353684025106254,0.49218880483173505,0.47420048187959146,-0.5884059221139275,-0.8438185518106018,-0.8849749891787054,-0.7442287407580213,0.3627475522135237,0.990453776560878,0.9905832329606409,0.9813808448270172,0.916454421140155,0.7984235417081083,0.8632316743576636,0.9986684516578493,0.8461240168913903,0.9892759507323656,0.9921081501036507,0.983285660230821,0.7826712575477927,0.9996908770814258,0.9984529001580089,0.9967958004371317,0.9978346475642532,0.9950300245219217,0.45636574615948444,0.9884915056423355,1.0,0.9983537448651248,0.9959756106554173,0.9982707963992116,0.0842733235986788,0.9493329991960503,0.942238620439175,0.9495960356189352,0.0884646046401523,0.9940047295008249
CES0600000008,0.9929565797817511,0.99163912031641,0.9917531797876702,0.9844324836758296,0.987030247520099,0.9718800414424407,0.9525452023546997,0.9613190813183208,0.9235747968168924,0.922030649110027,0.9050242999058793,0.9715078849192121,0.9757045222916308,0.9516311605570491,0.8023965688963848,0.9590867921973509,0.9634343445514552,0.9565135983060665,-0.6226776440306853,0.590693260525556,-0.16269924906723274,0.9813578563099468,0.9797841794941166,0.05450561618534134,0.7599950015677183,0.18361698471976912,0.5692914541961984,0.6336058384163012,0.6134258945473896,0.6189177426629356,0.11936149269423711,0.9765998057728886,-0.3774200800378993,-0.07178103191117256,0.8992133440810969,-0.8137083945356228,-0.7636796935508443,-0.8603165587117488,0.9868934100126637,0.9487038082406277,0.9124594381464866,0.9393586664007515,0.9557157145806725,0.954558893665347,0.50132032698929,0.6124773218297057,0.5565647461997918,-0.4014203547265967,-0.6527079475192811,-0.5945647439205355,-0.15648229226979046,-0.25586081262551713,-0.16570356017043011,-0.5812949219963227,-0.4573152696137141,0.2031529147159388,-0.20617431587407747,0.9413893851893561,0.9719502713036505,0.9252732111391573,0.9610538787041342,0.9941959039537313,-0.7681675597317023,0.9139827036281362,0.9490778957349945,0.9433995926215916,0.8176232258393882,0.6977027085799579,0.6796392939397214,0.961635027894577,0.9473034906002705,0.9433578260433415,0.05372524494969751,0.9074945897701138,-0.640881719911743,0.45184213569110554,-0.5688797947606093,-0.5982247015385138,-0.5898502525000034,-0.602794942802026,-0.5943729756394657,-0.5765594961893733,-0.5376366513625632,-0.43532680823755343,-0.38920515558120644,0.033273528763544745,0.3148646437432233,0.24617188643644622,0.108772238618428,0.22316336525521993,0.3298937247571361,0.4875089072539345,0.47754722103104447,-0.5683007781527466,-0.8551041960448184,-0.8849017335023982,-0.7592204383522527,0.36193643160012656,0.9930650740208152,0.9934700402274151,0.985459099080976,0.9219202509407426,0.8078068114494141,0.8658965195577198,0.9974979278146449,0.8447207288979984,0.9891980871345171,0.9888102099164882,0.9833022803725436,0.7826059801699192,0.9978393573700437,0.9970199293709551,0.995747079155439,0.9969477712395406,0.9941491197712181,0.4583780201733967,0.990081461030041,0.9983537448651248,1.0,0.9991560577623533,0.9993310255760752,0.0612662171932992,0.9487799817547728,0.9377829437832605,0.9487266768193456,0.1031748994954696,0.9928150118561028
CES2000000008,0.9923678372027486,0.9903006569396088,0.9900677317009856,0.9812081247484841,0.9855445162907007,0.9668101591504559,0.9448076896346215,0.9541711289183645,0.9156264970051174,0.9137248218341588,0.897919343674441,0.9665961457165849,0.9735264581987723,0.9474914956970026,0.7972708503649646,0.9519611234059746,0.9616549038551572,0.962831584503267,-0.6315683855144572,0.5998649778097213,-0.16116245326675177,0.9785864209005468,0.9762636123114784,0.06712273899442203,0.7648103802267822,0.19209419176386935,0.5741001854768019,0.6377441412022093,0.6170025965484696,0.6231224937777122,0.12488206574430459,0.9730394363213456,-0.37904140757807286,-0.050605850595618965,0.8911970563225201,-0.8115707849421704,-0.7611214840176755,-0.8588499977674204,0.9834915232664753,0.9444408256964709,0.9085026412769158,0.9344247607212506,0.950245709469371,0.9526144532658474,0.49394429169680454,0.5961431619675556,0.5479702300817746,-0.4067793370825024,-0.6563906197957904,-0.6021745456877229,-0.16003517973870626,-0.2601660840972696,-0.17272171293071875,-0.5859450558018343,-0.4677795745030426,0.19741022754140086,-0.2096824286541385,0.9341714825481336,0.9661177083114254,0.9162608296347976,0.9647862285237826,0.9938475241948892,-0.7558241250837213,0.9206602451253153,0.9537963059365496,0.9503641314963869,0.8284151879181602,0.7119818612905352,0.6940855168586699,0.9652892014001825,0.9470965181640697,0.9473798263620471,0.06339286176074042,0.9095282745377937,-0.6229437341096128,0.43960235948433146,-0.5588954903171609,-0.58889620286966,-0.580828127714557,-0.5935920822777935,-0.5847076392066519,-0.5666085443669507,-0.5273378999006249,-0.42366351731253643,-0.37599345293012426,0.022753913184359157,0.30332144918599396,0.2360718919208468,0.10344679868245266,0.21885864091953405,0.3256151699408602,0.48430442005348096,0.4779723328713612,-0.55762254751378,-0.8564045838494223,-0.8793097491168648,-0.7655253415428118,0.3517469193856907,0.9925289313299408,0.9936731591301341,0.9854739478059732,0.9221419194181942,0.8091773195257549,0.8643821755725243,0.9945791953834218,0.8395841333548208,0.985985403067633,0.9871718497453373,0.9794838546628643,0.7739310771049167,0.9953797043499615,0.993829834337132,0.9926417253010137,0.993969100044127,0.9909835468303735,0.4490449427733839,0.9881020389950381,0.9959756106554173,0.9991560577623533,1.0,0.9974917236622332,0.05017158127599144,0.9455474490755859,0.9311312824595608,0.9513994792735796,0.10658916489623593,0.9908688116391916
CES3000000008,0.9904364344403318,0.9899940200926864,0.9896014200565281,0.9844130657100425,0.9832199733851771,0.9754149159222896,0.9604546544477347,0.9682633195851937,0.9342815891518755,0.9286496824236202,0.9177528571642876,0.9721276879072317,0.9745912378260687,0.9486037196899192,0.8190980260377144,0.9644097324529655,0.9685683109394424,0.951110521739202,-0.621067333889904,0.5840859322011643,-0.1738548713976822,0.9866317841567976,0.9849180437148034,0.05660583073011154,0.7517920295186307,0.19853408473123024,0.5788123528434285,0.6322337563315316,0.6169391468630472,0.6157514507723356,0.13008474148587723,0.9817550243304678,-0.3590203687150134,-0.08260819374765774,0.9054810832335994,-0.8021707893239463,-0.752203976722994,-0.8490487770990828,0.9907694113081569,0.9573409119236885,0.9234515852114796,0.9492742287718358,0.9643288068470873,0.9615338030782865,0.497954461511263,0.6261329640027435,0.5542689585013811,-0.3929090056521101,-0.6539846278647349,-0.5850372676394019,-0.1486944451624363,-0.24601760970381725,-0.1555122925558541,-0.582430714065189,-0.4454608593954397,0.21325849506202352,-0.19703304106234307,0.9431288209805347,0.9761296851222911,0.9316984248300239,0.953070854842536,0.9916446999359912,-0.7711183651560531,0.9018390804755777,0.9379440737551655,0.9317239594304443,0.7992694737878074,0.6762839965474299,0.6583934203305918,0.9532340131844556,0.9386940744355834,0.9319453966709376,0.02377866410292637,0.8978911182359354,-0.6472203576462893,0.45836996896005944,-0.5633797973834502,-0.5926273298830015,-0.5833575261563118,-0.5963698010512587,-0.5876807751304133,-0.5673556688842452,-0.5274563411201972,-0.42388506601676496,-0.3793607794555446,0.03137059890431772,0.3153776243635571,0.2462845546954279,0.11191957075941886,0.2292815011576878,0.33543363513513086,0.49241445710359316,0.48131971444485616,-0.5735551580790463,-0.8646023774006177,-0.8975962376854902,-0.7669983751937852,0.3800969585317108,0.9937448419185727,0.9923860763729454,0.9852788632110873,0.9185868665333461,0.8013159537345268,0.8656701771050094,0.9988679581542659,0.8599039252719926,0.9915528198425348,0.9853840112180035,0.9883070448996985,0.8018687233831704,0.9973470151785684,0.9986149368217919,0.9977807858381827,0.9987136310287584,0.996992222738051,0.4851244639119607,0.9926451702949826,0.9982707963992116,0.9993310255760752,0.9974917236622332,1.0,0.06953197429709132,0.9434274477552056,0.9354411327780467,0.9382978289250261,0.10841689313545066,0.9912386270850876
UMCSENTx,0.09095317912929342,0.11233281786670571,0.0841723402723318,0.13536731883919287,0.09986918805083102,0.13330581491449858,0.15166711021385726,0.1342765083662911,0.16482838183596504,0.26427652288957354,0.10223767286299697,0.10586137219054584,0.11330273356366231,0.09502343878316118,0.1693617011195417,0.1436718762242301,0.035583621881642505,-0.04951804834014571,0.3877328565063069,0.42431559695767584,0.5074847469634184,0.07199201328532562,0.12919009777584964,-0.5889375094257949,-0.16942612415897396,-0.3817619917698639,-0.5045083552091578,-0.40712349797154607,-0.4721329738181206,-0.3703175418913525,-0.6424202744026514,0.14632720716230793,0.23589012357486638,-0.47542812140311064,0.23416118488157622,0.099058786133248,0.10143418989979922,0.09294253177651896,0.12308011903794634,0.17702613671838846,0.1558814269070201,0.1729904251015396,0.15687442801950646,0.014562622716416531,0.47222811778429147,0.5278277778654542,0.48220717173913086,0.46612642758855427,0.32589135749976283,0.3764634037429333,0.4255514147122595,0.4593093741897006,0.531924096950451,0.41691999149640024,0.47776986006228844,0.4647709181085215,0.4700398558274525,-0.32623974567381564,0.16144094688290003,0.20444544720766777,-0.015786692318633024,0.09818496668771708,-0.012599868336917603,0.13445553154326617,0.06303483215700563,0.0591850623277496,0.021878520870648538,-0.017692114185160382,0.01772511910210501,0.11984414453686977,-0.029105630185568093,0.07271941107917652,0.0034373322907463263,0.24578235636328846,-0.45366749199872725,0.25884193441667863,-0.13846455485246162,-0.12859557090675305,-0.10019431173184007,-0.09776869075659948,-0.0977919132510837,-0.10534244672858563,-0.15023012879326916,-0.1861380520500984,-0.2533170282247196,0.16640597335127125,0.309958737432448,0.2966155402834382,0.26557129628022574,0.14249566639836186,0.0463359947037178,0.014135512073473583,-0.10776714356793679,0.27188387764983435,0.10211500702344767,-0.053281083951703875,-0.24318631748775724,0.555535528335288,0.01571878389982221,-0.00518560037740504,-0.04715492620548933,-0.20445413915416907,-0.34105058715935893,-0.20280521291582715,0.07306277053698884,0.16915878028635747,0.027110654850319445,0.07337663562764951,0.05382109178070983,0.20284761528047046,0.08329853588152543,0.07709988473671486,0.062283650714070736,0.07189308934871694,0.07996316345302112,0.15291952234797637,0.010572414226819827,0.0842733235986788,0.0612662171932992,0.05017158127599144,0.06953197429709132,1.0,0.039560542691457826,-0.011089553470499565,0.0451878951786587,-0.23768217856009197,0.09242353447512007
DTCOLNVHFNM,0.962520384460062,0.9600937400679946,0.9686937689065644,0.9572753205531138,0.9720871845748558,0.9328597807858201,0.8941726553124631,0.9054202194186605,0.8497193926450943,0.8913840031864143,0.805035811822533,0.950715233680849,0.9570529449333497,0.9729830940104569,0.655914962752879,0.92254716471562,0.8874308065956713,0.9193077216671912,-0.5713524487179928,0.5261404790319365,-0.10192261708403734,0.8972979377738204,0.9007624374483258,-0.032625190481497125,0.7648899316284482,0.0027998417221994617,0.42947230075901227,0.5920777003562695,0.5309962459279733,0.5942750537765268,-0.006210092893033095,0.8980033969770083,-0.5053046689583529,-0.11041531432028613,0.8679753143599399,-0.8944444767943784,-0.8415040400324392,-0.9427273727557965,0.9178180830456176,0.8451171450947477,0.788584598556914,0.8336019816930772,0.8647827674396368,0.8616951374123791,0.4854442341360357,0.5421418134959742,0.5493263603440754,-0.34901339934273284,-0.532595495111402,-0.5506506407883467,-0.12204850552651128,-0.23515821722009,-0.12207537357673641,-0.4544778839200959,-0.41772472361551377,0.21460091834467934,-0.18003048677495684,0.924817948811962,0.9190701483074241,0.8811332216323549,0.9375781061689047,0.9506865498594587,-0.8162228598249602,0.8954220279240237,0.9488903638685493,0.9424908137074466,0.8461334553133668,0.7362676354613233,0.7202650704206236,0.9324659012286645,0.9707089188163421,0.9585912826785156,0.2896273209472102,0.9096181022559233,-0.6716877272469811,0.4190888661205499,-0.6518101647881824,-0.6788408425029989,-0.6790031778490566,-0.6904730076361595,-0.68703786401103,-0.6900317465250287,-0.6603732616200372,-0.5785235642632331,-0.5280224452638687,0.09406421775158307,0.34660988973061746,0.2830276256205434,0.09796859282247561,0.1886655301859587,0.3002748518889138,0.45253895142803735,0.4339209245198209,-0.571273586736953,-0.7126190368830204,-0.7511272788378913,-0.5824563547916103,0.20309144762252357,0.9242059665857415,0.9371732800987176,0.9243845830416456,0.9166684089683821,0.831958606161569,0.8355579227598225,0.9399550173140224,0.6734410284486173,0.9281265582065068,0.9648042791630214,0.9012519655135789,0.6069286985437282,0.9532009908919457,0.9391988191806062,0.9344016852875103,0.9364615513545396,0.9244013453911437,0.2336996567228904,0.9185051790314689,0.9493329991960503,0.9487799817547728,0.9455474490755859,0.9434274477552056,0.039560542691457826,1.0,0.9798197495415059,0.9609933030332186,0.036757745546138386,0.9644196220617968
DTCTHFNM,0.9537762171049671,0.9526303777211557,0.962583415620893,0.9568544116748047,0.9597907140574925,0.9464427158721476,0.9168351516309201,0.9266029328915015,0.876319636715112,0.9055759805992004,0.8343195069916642,0.9670849038086192,0.9601365007030316,0.9812235544585709,0.6794658028355044,0.9437937260806902,0.897944267490925,0.902451946729282,-0.5824537219262265,0.44564153030655934,-0.14954469229138567,0.8993878896817755,0.9009861933072466,-0.02132265767988287,0.748470519500107,-0.005998315408505283,0.4541310328975185,0.6154831645116772,0.564710352479818,0.6129674915608054,0.04448914971521108,0.9008113654206225,-0.49779737849750605,-0.1628796043245436,0.8753924401045001,-0.8896537403268469,-0.8364214671767469,-0.9385051023335633,0.9200937358615011,0.8485525235694178,0.7957387464248771,0.8391898439882447,0.8678776040770529,0.8749154765169955,0.4578451505438062,0.5656624476533203,0.5263690388352543,-0.3748823275436118,-0.5737448353695841,-0.5349085047924526,-0.14797846783098773,-0.27478093740105775,-0.1535930691941304,-0.49766063441587766,-0.40156249892582674,0.18472539049421127,-0.22495264756999714,0.9029192309469405,0.9266319471611012,0.9080126036178849,0.9172713684361261,0.9361859894729094,-0.8652837835893482,0.8394825898008013,0.9093608857892884,0.8946938206874616,0.7883214748161146,0.6686817096772523,0.6449262585508899,0.9031493460650767,0.9655523454232942,0.9201750268565226,0.21367977327443236,0.8780653295678343,-0.7124989311997771,0.46696510417394416,-0.671689451281641,-0.6964904618272231,-0.6999477740526044,-0.7116132088542634,-0.710444437133281,-0.714607680788865,-0.6837693927236977,-0.597112790883794,-0.5456343498242003,0.12284970607553558,0.3561204732606375,0.2913223432737502,0.09003729488804618,0.18638457101380063,0.3037273609373658,0.4650854851832193,0.44507555569756163,-0.6349386927528209,-0.7071233109180456,-0.7623807106615756,-0.5472640136674136,0.18622211709305256,0.9139563008217663,0.9253741473284703,0.9174395762272467,0.9230782041505807,0.8477487396201202,0.8537751514140182,0.9370155610796982,0.6816652477071056,0.9292667324623637,0.9570660074388541,0.9049154160021343,0.6215907302442257,0.9466886425615988,0.9368984111251073,0.933958109622589,0.9337400822473628,0.9214703356084285,0.25297123262800575,0.91663326786726,0.942238620439175,0.9377829437832605,0.9311312824595608,0.9354411327780467,-0.011089553470499565,0.9798197495415059,1.0,0.9331584109009965,0.0876185736129462,0.9592627149985566
INVEST,0.9656119523374594,0.9576194561321575,0.9656627318757466,0.943884445820105,0.9782411364240722,0.8996395515546698,0.843773010936315,0.859317839912638,0.7921904926490657,0.8435139185941654,0.7450933682596228,0.9271808899237586,0.9426592535724915,0.9491823353244998,0.5996815520789901,0.8772253098414098,0.8600045512391324,0.9323799673008621,-0.5432205332294726,0.58477951646498,-0.030164660941140037,0.8751284291296167,0.8797596317245104,-0.042905554956771313,0.7873998622611207,-0.05781588063001146,0.3911279991668277,0.5880122277869231,0.5114650244269513,0.5961860111299043,-0.06005096835558532,0.8780416305740326,-0.5571627247704075,-0.09045298099076293,0.807143660582609,-0.9013061024058729,-0.8597346829716167,-0.9330336509084007,0.9015417162161272,0.8144784759687334,0.7481601843351796,0.7946428336300765,0.8253732687012592,0.8317378141219034,0.5565941493206271,0.5364393010547414,0.6068419467788838,-0.4275186801715899,-0.5908984762180894,-0.5932844207106371,-0.20070821917197967,-0.31436218101355884,-0.21897221783152251,-0.5180117435804228,-0.47478091629937164,0.11636700482382528,-0.26490590003326686,0.9200919666481037,0.8936676757258039,0.844393505791234,0.9677310592113593,0.9625698468710638,-0.7565866474747941,0.9721235005379891,0.9955784930123841,0.9868170487515348,0.9289405130033285,0.8346436949760522,0.8186463455076833,0.9763480328615017,0.9849393901059196,0.9956767806117045,0.3315606253601396,0.9567442291652996,-0.6342937240846012,0.42644388383300136,-0.6641771488223339,-0.6896036621063886,-0.6894548485231051,-0.7008129322791805,-0.6979453405622466,-0.7097805786334436,-0.6872468156266163,-0.6136916834274528,-0.5647733874708184,0.11381391342108683,0.3642159314873683,0.3000165873855118,0.1093401104540227,0.17705371352011667,0.28083916948958426,0.42895002383118985,0.40526748167487486,-0.5568938253335081,-0.6918797063551549,-0.718024924752264,-0.5960095907374351,0.18075176482159144,0.9225229759038961,0.9387222056277659,0.9188728508408561,0.8877664379367759,0.79933198583483,0.8060911990088193,0.9340173820237362,0.6513307618807088,0.9127925697328879,0.9778719393561445,0.8819355574254744,0.5552051307622513,0.9542003900954865,0.9322880943424559,0.9255050552192171,0.928864436284821,0.9153751049729697,0.1685121610499843,0.906415409594004,0.9495960356189352,0.9487266768193456,0.9513994792735796,0.9382978289250261,0.0451878951786587,0.9609933030332186,0.9331584109009965,1.0,-0.015597298778458514,0.9613102772487924
VIXCLSx,0.08951234682853017,0.09645404347507458,0.08340262284250842,0.08777597581049479,0.0452726579819589,0.13477912913607987,0.16710769604934958,0.1632275194665501,0.18093896872837234,0.10427652324048733,0.21557911682384312,0.11409357227181931,0.09785678517699162,0.07119592606436016,0.2156929102963888,0.14560316989140532,0.17033670246225008,0.09523165191564288,-0.3046930146712535,-0.029416012484117585,-0.16772033302859257,0.15848948116470737,0.14532251595486564,0.16961341135659186,-0.04923282420254469,0.31299086111361135,0.2942380087493023,0.13199745673772037,0.22375813915555134,0.09273694497846767,0.4093182066463932,0.15083010106791814,0.16457778425087785,0.0195232912621516,0.16486892569003736,0.03385505893439942,0.06811184011892178,-0.016438866520636343,0.13784522358648862,0.17560817250934557,0.20979797361227945,0.18367849004820783,0.1772408486303702,0.1935759298340607,-0.2670054204694582,-0.09295925696925048,-0.2436558402276004,-0.18954203837470684,-0.164984010132273,-0.1567565568515544,-0.16601577751630595,-0.16762119945964443,-0.16957952117758074,-0.18560784301359465,-0.16609592212225724,-0.10745738799040035,-0.16052758328286398,-0.13703136662278237,0.08384967452740405,-0.008955743547824798,0.04917344744055266,0.0698023882694066,-0.016727661683347137,-0.06693729392333442,-0.006381747361915354,0.0037327490699892627,-0.0921585923121048,-0.1300298425689819,-0.17550948890289494,0.06609401456731091,0.04091764916684736,-0.008383809046603324,-0.20726735928539905,-0.03958384687283612,0.02541216863578808,0.09060686722047616,0.08785585949246037,0.08848499206367648,0.0481571418025304,0.049736619357724034,0.05329301885699099,0.07122743294289112,0.09621821734598224,0.1903646434467997,0.24717861048835538,-0.03825760411373907,-0.2428849895345404,-0.22007400768362972,-0.1884045101743471,-0.07517313131427608,-0.027886806140056487,0.08849936091063408,0.184417461683386,0.08399303544244727,-0.19329805298382546,-0.19463113044829267,-0.1639411289195328,0.23889065614700314,0.10185130461538627,0.08875192434861448,0.1031583292207556,0.06765857338069758,0.041345400421526284,0.07597085400129014,0.1041577782474888,0.17938561667703432,0.09991366508394398,0.053625098149761845,0.13372770492454628,0.21445665008312856,0.08815107829554891,0.1036747628879699,0.10875505931808886,0.10857708470412307,0.11273523268210167,0.23446329865649843,0.11892420140170169,0.0884646046401523,0.1031748994954696,0.10658916489623593,0.10841689313545066,-0.23768217856009197,0.036757745546138386,0.0876185736129462,-0.015597298778458514,1.0,0.08731622459404484
GDP,0.9991578246689025,0.9990046445181097,0.999537421807299,0.996077803017465,0.9959225861148323,0.9823302155088827,0.9574638218346033,0.9655131922333811,0.9268443397169459,0.9434992936804404,0.8960690301866984,0.9851418663089528,0.9910102343910309,0.9772128677978406,0.7821662187556183,0.9714124646892744,0.9568188652378629,0.9553316867329193,-0.5796588780287323,0.6015426806623241,-0.09875779780657347,0.9682661530795214,0.972874285414892,-0.032165589445779984,0.7348798044500394,0.08757651762288708,0.4908146192285143,0.5857741175277194,0.5522474161491975,0.5777992149135128,0.04374466593934491,0.9731682425976221,-0.3924207731512161,-0.14354781711370954,0.9176778547901189,-0.8289339333571086,-0.7767467823479948,-0.8785421185050646,0.9838879492668607,0.9363749005304217,0.8914284830957687,0.9246635611127941,0.9436460437992571,0.9441710326364833,0.5216863718850776,0.6396934010789118,0.5813644868347579,-0.36929456398683747,-0.6240200400357643,-0.5479790227723186,-0.1345453409732551,-0.23703011510984143,-0.13585100681327794,-0.5466469163755058,-0.4059819005454941,0.2171273859715138,-0.1873333903153434,0.9356575782824488,0.9737003908018939,0.9311098446633805,0.9577207264047735,0.9927057652381985,-0.8041350746385654,0.9180550274662115,0.955967234889145,0.9489228974286682,0.8249403637353144,0.7006404558874935,0.6834140147177502,0.9668118151264633,0.9630846060332225,0.9557671049645973,0.11583488290113185,0.933273711355599,-0.6926959821565859,0.47327078699121833,-0.6098369064116764,-0.6371444008875744,-0.6327761560949308,-0.6454281880165114,-0.6407423043487532,-0.6377490125741794,-0.6074016814250753,-0.5132866113305505,-0.46968078642093924,0.07017901503273882,0.33530557800839117,0.2668977799365115,0.10040510316319769,0.1943788826521494,0.2993174716588007,0.4611695475941605,0.44018551708583764,-0.5892635055539962,-0.8143548647643586,-0.8564705657672069,-0.7052710174831236,0.33582179785286,0.9754738479812765,0.9786746090999155,0.9667572210472873,0.9122427258096492,0.7973410171360368,0.8548776525500407,0.9899635484690386,0.8054580240048193,0.9759140890172123,0.9940387719030072,0.9659078462739501,0.7353070162261105,0.9953709263809585,0.9895721497945882,0.9863465135346301,0.9881258409126172,0.9823513289037743,0.38813086851746537,0.9733743470284374,0.9940047295008249,0.9928150118561028,0.9908688116391916,0.9912386270850876,0.09242353447512007,0.9644196220617968,0.9592627149985566,0.9613102772487924,0.08731622459404484,1.0
