date,RPI,W875RX1,DPCERA3M086SBEA,CMRMTSPLx,RETAILx,INDPRO,IPFPNSS,IPFINAL,IPCONGD,IPDCONGD,IPNCONGD,IPBUSEQ,IPMAT,IPDMAT,IPNMAT,IPMANSICS,IPB51222S,IPFUELS,CUMFNS,HWI,HWIURATIO,CLF16OV,CE16OV,UNRATE,UEMPMEAN,UEMPLT5,UEMP5TO14,UEMP15OV,UEMP15T26,UEMP27OV,CLAIMSx,PAYEMS,USGOOD,CES1021000001,USCONS,MANEMP,DMANEMP,NDMANEMP,SRVPRD,USTPU,USWTRADE,USTRADE,USFIRE,USGOVT,CES0600000007,AWOTMAN,AWHMAN,HOUST,HOUSTNE,HOUSTMW,HOUSTS,HOUSTW,PERMIT,PERMITNE,PERMITMW,PERMITS,PERMITW,AMDMNOx,AMDMUOx,BUSINVx,ISRATIOx,M1SL,M2SL,M2REAL,BOGMBASE,TOTRESNS,NONBORRES,BUSLOANS,REALLN,NONREVSL,CONSPI,S&P 500,S&P div yield,S&P PE ratio,FEDFUNDS,CP3Mx,TB3MS,TB6MS,GS1,GS5,GS10,AAA,BAA,COMPAPFFx,TB3SMFFM,TB6SMFFM,T1YFFM,T5YFFM,T10YFFM,AAAFFM,BAAFFM,EXSZUSx,EXJPUSx,EXUSUKx,EXCAUSx,WPSFD49207,WPSFD49502,WPSID61,WPSID62,OILPRICEx,PPICMM,CPIAUCSL,CPIAPPSL,CPITRNSL,CPIMEDSL,CUSR0000SAC,CUSR0000SAD,CUSR0000SAS,CPIULFSL,CUSR0000SA0L2,CUSR0000SA0L5,PCEPI,DDURRG3M086SBEA,DNDGRG3M086SBEA,DSERRG3M086SBEA,CES0600000008,CES2000000008,CES3000000008,DTCOLNVHFNM,DTCTHFNM,INVEST
1960-06-01,0.0016533192031099335,0.0013689808614921334,-0.0061802647956899,-0.009943715133059567,-0.008836667598605633,-0.005758458176155967,-0.0038263319207222667,-0.003462683362357367,-0.0034462463881379996,-0.013326080004495235,8.244998480997958e-07,-0.0073000922170294675,-0.008069787114391765,-0.0134184681985986,-0.001961314386324934,-0.006524718830926934,0.0012173633610468668,-0.0025790811778731667,-0.8439333333333291,-42.666666666666664,-0.020688946666666666,0.0007943119565473666,-0.0002527780426693999,0.09999999999999987,0.0,-0.005033003088456367,0.05563351126638034,0.009173207760125535,0.03790421205533733,-0.024881180998588732,0.0362876356498288,-0.003097558008183367,-0.004764945443303833,-0.0146532934195044,-0.00022200023020603338,-0.0051717220726879,-0.007550796134627401,-0.0017722220531469666,-0.0021843120303450332,-0.0040736126863851335,-0.0012848596015594333,-0.0043721323143166005,0.0021097116838823663,-0.0036129791351674333,39.56666666666667,0.033333333333333326,39.96666666666667,7.121209640809153,-0.03207601069818333,0.02020820727214337,6.038162422605427,5.711441943673488,6.910016983305691,0.0491082382522867,-0.0285073911460533,5.651301059384793,5.655975509705669,-0.001214732833121931,-0.010115972900862835,0.004056561473310166,0.017218542999999965,0.0019068079145517667,0.0010891184367460786,0.0043032382481822335,0.0019726891084100332,0.0017764972870959377,0.0018086859735868333,-0.0037985396109596332,-0.0004290709186976001,-0.0028903701595470004,0.43627109999999886,0.0006572856242239,0.001691887999999998,0.000918115741658033,-0.2299999999999999,-0.25666666666666665,-0.31,-0.27999999999999997,-0.27999999999999997,-0.16666666666666666,-0.12666666666666654,-0.013333333333333334,0.0066666666666665335,0.35000000000000003,-0.7833333333333333,-0.4566666666666667,0.12333333333333334,0.6666666666666666,0.6666666666666666,0.9733333333333333,1.7866666666666664,-0.0019493908831429666,-0.0008394081330633999,-0.00013053513638633328,0.005356522352299234,0.0009965129494554001,0.0009905901297191334,0.0,-0.0010840117954592002,0.0,0.0009760865930295667,-0.0021463075995743,-3.1991144853052316e-06,0.0,-6.763588895900123e-06,-0.0019870854254252666,0.0008691878023602359,0.0013860033828878334,0.0011242281595463999,-0.0010700918767493413,-0.0011092633642248,-0.0006056864897890668,-0.00036665185477249986,-0.001569022815844867,0.00012135194121043335,0.0029762102481004672,0.012579392638176201,0.0,-0.0035422897618371334,0.0006871838352632667,0.0086644776115096
1960-09-01,0.0008847442449768666,0.00028612305047203334,0.002877775293826433,-0.0014025469559092666,0.0037483366983893005,-0.004284768989969033,-0.0015434553859107669,-0.00038619179231719983,0.0026837062660904332,0.003279274446543133,0.0022465919963004337,-0.010121027169057167,-0.008270008766301134,-0.010331360290236166,-0.0061331625403232325,-0.005470701215460933,0.004426009882637233,-0.0007412339461458336,-0.7329333333333361,-51.0,-0.026591587666666666,0.0006636636893328,-0.0014038736183460334,0.19999999999999998,0.3000000000000003,0.010936232682771498,0.026507607345554796,0.08513595347849164,0.059598825678028634,0.11570984369840069,0.038661852112359896,-0.0010081644352842667,-0.0038123634003562,0.007013613961386066,-0.0051472433751052005,-0.0039594948437387005,-0.004943317816843234,-0.0025707742648990667,0.0005119018154756779,-0.0007487611157153507,0.0006243368248405002,-2.9777591191633408e-05,0.0015735670449791332,0.002360727525430733,39.300000000000004,0.0,39.6,7.110477893568574,0.12257492670843669,-0.039261011885459766,6.02606017315449,5.667281697263189,6.890906302723086,-0.036985690195326534,0.011697106603756467,5.58217503144082,5.660440612164474,-0.008084868948174064,-0.0026601712507054675,-0.00034776566598063337,3.411622836087721e-17,-0.0021385634755747666,-0.0007920808208098333,0.0036081664116013666,-0.0019834418399406997,-5.8127706718533643e-05,0.0017400860884696178,0.0006802722710852334,0.0008689248622979333,-0.0005659758926436667,0.4078788333333327,-0.012839651237795567,0.0457123513333334,-0.0102459616080145,-0.25333333333333335,-0.0300000000000001,0.0,0.006666666666666664,-0.05333333333333327,-0.010000000000000073,-0.0033333333333332347,-0.0366666666666668,-0.03666666666666644,0.66,-0.32333333333333336,0.03333333333333333,0.3366666666666666,0.9800000000000001,1.1466666666666665,1.5933333333333335,2.3833333333333333,-0.0004020815939836,-0.00047874128535386665,0.0003795967195521,3.406052558353311e-05,0.0019841328424317667,0.0019636389562293333,0.0010804979747235,0.0022148475728894167,0.0,0.0009732367011114,0.0022484627131771997,-3.171265794732742e-06,0.0,-0.0014981298626130333,0.0019841328424317667,0.0,-0.0013860033828878334,-0.0011242281595463999,0.0010632651227000334,0.0011019293781665,-0.00021595000825779998,-0.0003110356860126333,3.3464739016599953e-05,-0.0004121428840677,-1.3110713421100179e-05,-0.0012742688481335287,-1.7636355339097538e-17,-0.0038310045222426,-0.004866715223334567,-7.124160287713388e-05
1960-12-01,8.412534603766814e-06,-0.0009764297020537332,-0.0044409131819519,-0.012722223284216135,-0.0069818275833319,-0.010760317269248967,-0.008617786525012034,-0.009025514931925667,-0.011261542791492933,-0.0352560065851999,-0.0026227756534303666,-0.006141984133371066,-0.015089676487622066,-0.026446523544383066,-0.003102672990855966,-0.0116272233911349,0.0059422928067487,9.428940907999644e-07,-1.1397333333333357,-32.0,-0.017849102333333335,0.0026746431444385995,0.0007305494218510393,0.16666666666666666,0.06666666666666665,0.021560024657467734,0.0471972150169216,0.03685381111519907,0.03308077304863026,0.040958032716844596,0.004816822779262733,-0.0028379489763997665,-0.007902131937243534,-0.012436259837373934,-0.005342541190963434,-0.008152640488869834,-0.011814810942384601,-0.003068804744094867,-0.00014211611101323332,-0.0023772010780559,-0.0015755740779767001,-0.0018693926303339665,0.0022165803042719667,0.0024219802636124663,38.733333333333334,-0.09999999999999999,39.0,7.057450980555913,-0.2195931790185799,0.04466361529440994,5.965374648090361,5.689723911946889,6.873436772322223,-0.04354006080569014,0.005698144453099932,5.621562935741296,5.6186528067178365,-0.014170768305045066,-0.007973511607065801,-0.004801288546467834,0.006887417000000034,0.0016552669643105998,0.0006221793811977334,0.003918053614276167,-0.006051984854492855,-0.0035650963722493336,-0.0037283697632057664,-0.0015467649194815332,-0.0001944005816724668,0.0020901979575339,0.6376128333333403,0.035231822643419765,-0.12319854766666664,0.039693215673308004,-0.3400000000000001,-0.10666666666666659,-0.0199999999999998,-0.08666666666666652,-0.07666666666666659,-0.029999999999999905,-0.016666666666666767,0.006666666666666769,-0.003333333333333533,1.2066666666666668,0.33,0.5866666666666667,0.96,1.76,1.9133333333333333,2.37,3.1366666666666667,-0.00013155502072496666,0.00011954084739926665,-0.0006170643746287668,0.0048687344925129996,-0.0029806457918872,-0.0029542290859484667,-0.0010875485449387,-0.0011165489406052473,0.0,-0.008120013780401168,-0.001237040744186084,-3.3248866622888805e-17,0.0,1.7925475918427008e-17,-0.0019753274288629706,-0.0008806698209462334,0.0013689273175511334,0.0,-0.0010632651227000473,-0.0011019293781665,-0.00032084671423253776,0.0010811584002701664,-0.0006430817581525334,-0.00043877671978829997,0.0,-1.3717891561966655e-05,0.0,-0.0043707382535670665,-0.0024272131365332995,-0.0036498858750363
1961-03-01,0.0033750154666520333,0.00281733875778088,0.0054905883416057665,0.002217537368279534,-0.0036403710768636,0.008398811055613001,0.0070671511164945335,0.005912674913885734,0.0097302184412052,0.021513638227780244,0.0052258880472823,3.353798720221827e-17,0.010270172638225567,0.010326003670870767,0.012436275175624468,0.008459205127238667,0.0019574545852197004,-0.003729179813187333,0.42446666666666905,2.6666666666666665,-0.0042080573333333334,-0.0008527940748835335,-0.0020434680848465665,0.13333333333333353,0.6000000000000001,-0.028617989817672534,-0.011479555018181197,0.06169293209661366,0.04860344930367983,0.07521347717093242,0.0018934730635819664,-0.00034790174934623335,-0.0013715955104244334,-0.006604963262353067,-0.0029926536189330334,-0.0008533194276558173,-0.0015554546812547333,0.00010629251790799998,0.00018947468654733336,-0.001968718336215733,-0.0013061077168453332,-0.0030383917485590005,0.0010380182256248332,0.0025204175995779334,39.13333333333333,0.03333333333333333,39.46666666666667,7.117384817636876,0.14404445173010993,-0.0795115672115001,6.061075426081573,5.70943734699751,6.895160989865746,0.05850516744165333,-0.034179879772059864,5.62387348604267,5.65337171604046,0.028155108274181263,0.0017813340386503335,-0.0026580333459153,-0.010331125666666633,-0.00047681460045573336,-0.00013762530388146662,0.0064294540044678335,0.005406644483661333,0.0017683507432309671,4.642008318480063e-05,0.0018220564253990667,-0.0004737213021005,-0.0056707199526388335,-0.9178735333333353,0.03246956293626547,-0.10422569933333348,0.03980112354799147,0.013333333333333345,-0.0233333333333334,0.01666666666666673,3.700743415417188e-17,0.023333333333333234,-0.03333333333333333,-0.020000000000000035,-0.02333333333333343,-0.029999999999999933,0.9733333333333333,0.35000000000000003,0.52,0.8799999999999999,1.5933333333333335,1.75,2.23,3.016666666666667,0.0014134296796284001,0.0016793426099862,-0.0009873025923121334,-0.0013790107622002334,-0.0019900556621680666,-0.001978245173271461,3.5367494795286608e-06,-0.0022002280104507356,0.0,0.008173999258425853,-0.0006705784303869334,-0.0014508529483970667,0.0,0.0014652038243460333,0.0009847372991438335,0.0008806698209462665,-5.598900376066705e-06,-0.0011166956284272666,0.0,0.0,-0.0002553463196806056,-9.192923699373337e-05,-0.0014460677457655,0.0007161316423013667,-1.2881203106039976e-05,0.0011965046375944069,0.003072218368307967,0.0028608695477298335,0.001739898367779,-0.004760392745992267
1961-06-01,0.006657139074281233,0.005437063545120233,0.0018239058549816,0.008773256338034933,0.007186307423789166,0.0135437365469707,0.008439269328096466,0.0081070725456151,0.010570575348699866,0.027334540174060368,0.0051452213680133665,0.004998218860004199,0.0196371843428351,0.03149991063400807,0.009797232082401667,0.014403297936245132,0.002721267492329833,0.01574496184347557,0.9085999999999976,42.333333333333336,0.007876221666666633,0.0012736486546209666,0.001191004611042,6.47630097698008e-17,0.6,0.0113711992751426,-0.0170117163254986,0.04518770650308213,0.01753717354094103,0.07053530882115784,-0.0325717261538306,0.0030688538495925997,0.0037405082479881665,0.0015079452698586332,5.782411586589357e-19,0.0045555743560559,0.007057589954425066,0.0011140298425360666,0.0027165604951436668,0.0016665943842959668,0.0010929589380088668,0.0029545312919161,0.002452415063473533,0.0036497416044038336,39.53333333333333,0.09999999999999987,39.9,7.180371894623019,0.042494144248366596,0.031151056352369935,6.171292558078391,5.736540966634401,6.9657671281285,0.04835005399890646,0.0226844877483367,5.706764160853833,5.735891755865193,0.006330530484565499,0.0053978429412637335,0.0006753756870280667,-0.010331126,-0.00046948364568600003,-0.00033783061743766665,0.0046577663729143,0.0013507475988614667,-1.8565447849605392e-05,-0.0017825311942959,-0.0002584708259696997,0.0015602703822508001,0.0024376518655622667,-0.8257723333333346,-0.001980656395097933,0.009251854333333465,0.0031080734344327335,-0.10666666666666669,-0.06333333333333334,-0.016666666666666632,-0.006666666666666668,0.013333333333333428,0.09000000000000008,0.04666666666666674,0.0533333333333334,0.0266666666666667,1.17,0.66,0.8533333333333334,1.3233333333333335,2.08,2.21,2.7100000000000004,3.4166666666666665,-0.0006789340000987,0.0012046568468537333,-0.0012771179051726334,0.0148641435227391,0.001990055662168033,0.0029747581227268205,0.0010840117954591898,0.0033541901991263998,0.0,0.0019534236127510666,0.0012277484720989,0.0014492776453677667,0.002207513586831133,-0.0014652038243460333,0.0009847372991438335,0.0008737444932913562,-0.0013633284171750666,0.0011166956284272755,0.0010531867634561334,0.00109469173373,0.0009136482542329334,-0.0004534682438442333,0.0025914744450650667,-0.0001273931042575667,-0.001458791533266288,-0.004822344987702233,-0.0015604999798442681,0.0015821917021128001,0.0014341125572444333,0.002827620071108733
1961-09-01,0.0038645266650949666,0.0056125480152526,0.005130958445698333,0.0131581702365041,0.010185399793000966,0.008978688962119433,0.007120199466971534,0.007168911786583801,0.005528241605531266,-0.0003924229732240325,0.006858202936909,0.006055225843273767,0.013088600621776669,0.013220735454018001,0.014013209409340234,0.0086473996446451,0.013281377955942033,-0.002512414141410034,0.48136666666666966,60.333333333333336,0.02161060233333333,-0.00020799652753448073,0.0015763586163768997,-0.16666666666666632,-0.466666666666667,0.004074124791564768,-0.017149520612013767,-0.07053281052255567,-0.08049572398823303,-0.06232471309126953,-0.0393761469833554,0.0024483519341635,0.0029376608882849668,-0.00020758732312429998,0.005958678207931233,0.0025189036741869665,0.0031523811165753667,0.0016377453237895999,0.002191019124517467,0.0006341443231623333,0.0016265077438983666,0.0004968647562393667,0.002051288524792833,0.0030806312029293,39.63333333333333,0.06666666666666667,39.96666666666667,7.232974319170413,0.005108656826073403,0.027347474222146635,6.230456828673937,5.801275914724493,7.026772473382557,-0.002824875663656634,0.0,5.767196307980069,5.77935835442591,0.016681585065989865,0.0036103273923557,0.0036024932170614,-0.017218543000000034,0.0006946859061764775,0.0002811565985088999,0.004925748668057933,0.0006386482266093333,0.003365404596172014,0.005181347150259067,0.0005956317063849667,-0.0009888963410161667,0.0011648284494179333,-0.04183830000000436,0.012791337627205033,-0.020991838000000037,0.019716222843931,0.3633333333333333,0.0933333333333334,0.02,0.06999999999999999,0.04333333333333327,-0.01333333333333337,-6.938893903907228e-17,0.0033333333333332668,0.0133333333333333,0.9433333333333334,0.27666666666666667,0.62,1.01,1.8399999999999999,1.9333333333333333,2.393333333333333,3.0733333333333337,0.0005170412393044667,0.0,0.0033316952361518333,-0.0011624539534718667,-3.3248866622888805e-17,-0.0019930258989108002,-0.00109469173373,-0.0022522608209598676,0.0,-0.008950954647397166,-0.0008924592569054332,-0.0007238511711692,-0.002207513586831102,-4.915049848600954e-18,-0.0009847372991438335,-0.0008737444932913558,0.0013522668985381668,0.0,-0.0010531867634561334,-0.00109469173373,-0.0007433200755467334,-0.0005582256665137667,-0.0014501975737283334,-0.00024916083802363335,0.0028612478971304666,0.0023980918780090337,0.003003023314121993,0.00019096148734419963,0.0003053358727509335,0.0038406017291882
1961-12-01,0.0046311662151964,0.004422974571085067,0.0056275282961662,0.008115439248785565,0.005320437096455533,0.005127897449127334,0.004785133315038,0.007017972415746733,0.003996121234401067,0.013073146494381701,0.0017816219956380665,0.008881459702569932,0.006536332227259733,0.011647264299177167,0.0006310823827706662,0.0055226620211942,0.0059002203135678334,0.0039400108267841,0.22933333333332806,42.0,0.025968882,-0.0014358748683402668,0.0009543508984464332,-0.2333333333333332,-0.19999999999999996,-0.0208876218291838,-0.034602974988802764,-0.060548855068573694,-0.05366754299327037,-0.0661700947146242,-0.012675806907294534,0.0022483702364243666,0.0023140267631275332,-0.0017697314108196666,-0.004919716327846967,0.003917108373370166,0.0048783188973793,0.0025723937938532666,0.0022137968784594,0.0014149189604974665,0.0018669304272842333,0.0018908772874925014,0.0021657506597266667,0.0017369016795232,39.733333333333334,0.0333333333333332,40.36666666666667,7.22278004296399,0.01608227784646307,-0.0723894293747067,6.201072592509843,5.84451753978001,7.0430533030121225,0.045041955152559994,-0.04534693474331684,5.766162144086977,5.8324273534451665,0.020439649882242502,0.0100962027510126,0.004501036613612266,-0.0034437086666667,-0.0006946859061764667,0.0003664877634029667,0.005715537189794899,-0.007257115860189366,-0.0051151898915534,-0.0051813471502590676,-0.0002006318147922999,0.0017933237628398,-0.0013194750658449665,0.09472463333333765,0.0052042593082581,0.0074871469999999345,0.009165424723184034,-0.03666666666666668,0.0866666666666666,0.13999999999999999,0.09333333333333337,0.07666666666666654,0.0466666666666667,0.0533333333333335,0.0,-0.016666666666666635,0.7799999999999999,0.23666666666666666,0.47666666666666674,0.8133333333333334,1.5266666666666666,1.6633333333333333,2.046666666666667,2.733333333333333,-0.0003548972290656667,-4.824642218416667e-05,-0.000521351829111,0.004721377771981166,0.0009965129494554001,0.0019871030791745446,3.5832854069208983e-06,3.2959746043559335e-17,0.0,0.005970308855509966,0.0003330558145527196,-0.0007238511711692,0.001098298632284198,0.0,0.0,0.0,-0.0013522668985381668,0.0011055842086645999,0.0010498696342986999,0.0,0.0006556531485259334,1.963660047163346e-05,0.0009309605409598001,0.0006126240264648333,-0.0014458176033134331,0.0035026591994717,-0.003029958252792302,-0.0015588437157110998,-0.0021486662540060996,-0.0042305017513602
1962-03-01,0.005397557516962932,0.005896394587869234,0.0037387247514712,-0.00016694953538553322,0.007404821648596733,0.007902994454337465,0.009370230733147467,0.0097251206621134,0.007499430813911866,0.014391172430453432,0.004587830426080967,0.011128816249978335,0.0053492601984796335,0.004263073694483334,0.009801811677771433,0.009005381635251667,0.0021859324153166997,0.0045976872035988665,0.5007000000000029,-11.333333333333334,0.004088064666666667,0.00042240057289730254,0.0013285041739870332,-0.0666666666666668,-0.13333333333333355,-0.014416661264605397,-0.01647878924867937,-0.0319860543264789,-0.0390382699237257,-0.026227864041617966,-0.016463100766995233,0.004289923727356467,0.005620562202136466,-0.0032515466552892336,0.014215352016379702,0.004365836470676934,0.005688041988855467,0.0025007932240595,0.0035869906342149336,0.004179408743155433,0.0032360315414893333,0.004677859076388967,0.0020255790904694666,0.002663229906444167,40.03333333333333,0.0,40.53333333333333,7.25220830998598,0.004796245817366836,0.10910395574085015,6.246300379586397,5.8616731825115425,7.07913234243411,0.025056514459559864,0.05684232676703996,5.805017644246077,5.852808891662282,-0.012500857612552133,-0.0025792876635921005,0.004748712499575667,0.0,0.0009119932729584001,0.00034237981415743333,0.005939936053929134,0.007235781844160333,0.0034013900580805666,0.0017094017094017335,0.0018892197873148,0.0005780078331318666,0.003692520943449233,0.17573790000000136,-0.004959251334468901,0.024457069333333397,-0.0106805002687785,0.20999999999999988,-0.019999999999999865,0.0033333333333332334,-0.036666666666666604,-0.09666666666666661,-0.11333333333333329,-0.08000000000000011,-0.029999999999999933,-0.020000000000000132,0.5566666666666666,0.06,0.21000000000000005,0.44333333333333336,1.0566666666666666,1.27,1.7133333333333332,2.376666666666667,0.002116067233257967,1.2062260232466654e-05,0.0003555555892675,0.0015590476884967666,-0.0009965129494554164,-0.00198118025943827,0.0010911084483231,-0.004400503952845333,0.0,-0.0010116345650514004,0.00010859159465076667,0.0007238511711692236,0.003244868131160332,-2.3997008084345832e-17,0.0009789532244364667,0.0008669272333525459,0.0,-0.0011055842086645999,-0.0010498696342987137,0.0,-0.00025588099028553337,-0.00030199428944253335,0.00026320346484353323,-0.0006156462989038085,-1.1919448369199977e-05,-2.4366768611865906e-05,-0.0014847834497934002,0.006970886588485767,0.005290576494209834,-0.0013814328255715332
1962-06-01,0.0025439099545136335,0.002464493685122733,0.0019510347378807666,-0.0012570840083192673,0.0031917770575914674,0.0021233548555202003,0.0052891563812461325,0.005282990053040233,0.005255153148614667,0.003948304489514333,0.005216707579418233,0.005947149163345399,-0.0028430324037511667,-0.006778380003180501,0.0031428333065206,0.0017714144947147334,0.014564138053735435,0.0017514548116479,-0.08896666666666868,0.0,0.0036471106666666666,0.0001138141994268,0.0005569983607601666,-0.0666666666666664,-0.10000000000000002,-0.007658414065905567,0.010978592088034303,-0.0224251592287814,-0.010173729678295532,-0.032573595880337265,0.025651670977682797,0.0008621623515404666,-0.0001731331952565,-0.007946407297036233,0.0007722437123825662,-4.294702490409999e-05,0.0005488776694383333,-0.0008835534395418334,0.0014094453698405998,-0.0011887791962633002,0.0016063106244106696,-0.0004225575860346334,0.0022641596486290667,0.0038630548995789997,40.06666666666667,0.0,40.53333333333333,7.276073920712769,-0.022148366469383302,-0.04597438106850019,6.250615642781127,5.931340727284536,7.057464577991596,-0.08311530790274327,0.020540378035390033,5.824793001035537,5.867050001344393,0.0040366347512002,-0.0044774275349361995,0.005523209820593,0.010331126,-0.0011394469381012684,-0.0008951948860262334,0.0049469339276022335,-4.678034297665549e-05,-6.802894655275436e-05,0.0016576016576016336,-0.0019481335198026997,0.00030357813945510007,-0.0019636863138353003,0.7881144333333353,-0.059239305201723734,0.20668292499999996,-0.0693312185445633,-0.02333333333333339,0.053333333333333295,0.06333333333333334,0.08333333333333325,0.09999999999999987,0.06666666666666671,0.05666666666666661,0.0033333333333332668,0.010000000000000066,0.6733333333333333,0.19666666666666668,0.3033333333333333,0.5333333333333333,1.1166666666666667,1.3466666666666667,1.7166666666666668,2.44,-0.0021778270802702,-6.0407759910376737e-05,-0.0008777241190996332,0.009142428373117633,0.0,-5.92281973627257e-06,0.0,0.007728318614239767,0.0,-9.295278463975857e-06,-0.00033132692719913345,0.0007191660466737288,-0.007595225078565933,0.0014154302938170335,-0.0019579064488729333,-0.0008669272333525529,0.0013306737565126332,0.0,-0.0010432976696425334,0.0,-0.0005676028568127703,0.0008340751836426333,-0.0018179768133247999,2.880412124213338e-05,-5.8847587691666925e-06,-1.2056690560399824e-05,0.0014716727363723,0.0007740676823140997,0.0005267500726944,0.000453349387289433
1962-09-01,0.0024495295343698333,0.0018723943802569666,0.002982435265355733,0.008986033717665267,0.008254485901675301,0.0028106956654994335,0.0010478342755989333,0.001047129897929833,-0.0024421586081208335,0.0010703034627138333,-0.0024238497068132,0.0044799571591827665,0.0035500177684890215,0.006072860879332301,7.06579464884001e-05,0.0024650955296508,-0.0013933307604745667,-0.001400605308410366,-0.030300000000001697,-31.0,-0.007462560333333333,0.002903310404259767,0.0031487967156410665,-9.25185853854297e-18,-0.16666666666666655,0.009087716919454569,0.0005832605745957642,-0.0086919458775491,0.02134061958831004,-0.03676302061965864,0.0008082425021331997,0.0017593022730751,0.0009165829359159666,3.3104306333224067e-17,0.0006605021976202334,0.0010077950918632955,0.0016412309539285,0.00010406910272916664,0.0022028717401187665,0.0011591113280283,0.0001589834870756649,0.0014883069772674334,0.002124343335032867,0.0032341304789606,40.03333333333333,-0.0333333333333332,40.43333333333333,7.282628198239096,-0.044874166735620065,0.023779179482066704,6.294816532018573,5.950199187836813,7.09108526255354,0.021420644739453532,-0.023377274591359964,5.868254985970187,5.928166326943994,0.019333220755276766,0.004302223503875267,0.005730609229598067,0.0,0.0011375793727618334,0.0007248935548836333,0.004279781466058733,-0.0006656361031511667,-0.0016790979974848333,-0.0017003367003366333,0.0020470501424699667,0.00012859956292536671,0.0010375116121365,0.4763787666666605,-0.004714002315987567,0.03502532133333327,-0.01660400242388457,0.06333333333333327,-0.029999999999999968,-0.059999999999999866,-0.0800000000000001,-0.10333333333333335,-0.05333333333333323,-0.026666666666666533,-0.0199999999999999,-0.0199999999999999,0.3933333333333333,-0.13,0.01,0.17,0.7733333333333334,1.0533333333333335,1.4066666666666665,2.1166666666666667,0.0003318247159308,-0.0032895442197305,-0.0006300637289058333,-0.0009278165203492665,-0.0019782451732714666,-0.0019577161364931,-0.0010911084483230667,-0.007628949606696932,0.0,0.0010209298435153642,-0.0005489170365109332,-4.62486558990034e-06,0.0021750514546391886,-5.9849239767000946e-06,5.716523325066669e-06,-0.0008624411883169668,-0.0013306737565126332,0.0,0.0010432976696425334,-1.214306433183765e-17,-0.0001451416988594665,-0.001806782449479033,0.00017043116414233324,5.9675804402912905e-05,-0.0013976260866786607,-0.003466235740299467,-1.2881203106039976e-05,-0.0025983683687785994,-0.0021127479187838336,0.0044041626060199665
1962-12-01,0.004833370075298,0.0025396721141299,0.006170008923622766,-0.0012578700929755666,0.0030681136114291334,0.0038243217266208333,0.0058751087305785,0.007234278336540699,0.007614862064108466,0.0063422187323246,0.0075601716027245336,-0.003440763918447467,0.0024627067001191,0.002114513307399867,0.00046650301993656634,0.005222715418506733,0.013677960719799367,0.0150921949045693,0.1865,10.0,-0.007941069,0.0010746415245174333,-0.00020866559040716662,0.09999999999999999,-0.09999999999999969,0.0186223901097107,0.03033659431877507,0.031117105106330503,0.03782236773027171,0.02413752585615904,-0.0014750711790713345,0.0004398635872545,-0.0007607590141068666,-0.0064303667058099,-0.0011015652237104667,-0.0005142380656071001,-0.00018196044631876664,-0.0009899707680395334,0.0010688705409549,-0.0005641917816857333,0.0011716902694367999,0.0014060164423247334,0.0024820169280263,0.0032754931104760666,39.9,0.0,40.43333333333333,7.290834809693247,-0.12370899017575682,-0.22348525645262343,6.30908819468693,6.030201443459976,7.122856274988217,0.005487092351359866,-0.0506720690995399,5.885698549444243,6.022839676209884,0.005567894922949766,0.019115025272909012,0.0010883017379198334,0.0,0.00021562116897595998,0.0001364376940212,0.006707586184242634,-0.006435206298051134,-0.0033167769510561323,1.6835016834967794e-05,-0.0018224541870244333,0.00019269675975824743,-0.00036789813327453336,0.3154697000000037,0.04897570483362149,-0.14952300166666668,0.0383374863786196,0.0066666666666667,0.0233333333333333,0.056666666666666636,0.040000000000000036,0.019999999999999966,-0.02,-0.03333333333333337,-0.02333333333333337,-0.026666666666666634,0.35666666666666663,-0.06,-0.01,0.08666666666666667,0.65,0.9400000000000001,1.3033333333333335,2.0,0.00027755292455929997,9.559715647236794e-05,0.0004162133455507,0.0003095592099647333,0.0009817322238159837,0.0029542290859484667,0.0010911084483230667,0.0010170361309651996,0.0,0.002063990082640301,0.0010962751631260002,0.0007191527853797336,-0.0021750514546391665,-1.181928316167005e-05,0.0019464734022228332,-0.0008736738473958333,0.0013201337386989666,0.0,0.0,0.0010770068604822334,0.0011477924377462333,0.0010608177691583335,0.0020494037154490333,0.0005108363204938,0.0013802642220104666,-0.0011318630003793724,-6.3564102810665405e-06,-0.0014452829222193332,-0.001402929628249933,-0.0035357951180123004
1963-03-01,0.0006551385560336666,0.0033093677965515002,0.001642550971703133,0.0085500997340713,0.0015725618034216,0.008872489532399067,0.006446176822102967,0.004738700299001533,0.006440426020316167,0.0069091276365485675,0.006394265683971,0.005828339296988168,0.012723254986745166,0.015122770762590934,0.0116114543332994,0.0091981852843501,-0.0033672328104447664,-0.008147287699482133,0.5045000000000027,0.6666666666666666,0.0008594596666666666,0.0025716006752087334,0.0028208075458344673,0.0,0.23333333333333303,-0.0025142755314495027,-0.0072612794666371315,-0.015506671878297502,-0.0619292549234804,0.027622256850052037,-0.012848099293837734,0.0027508031350672673,0.0014853219740699334,0.0026853138786506665,0.0027471173561449667,0.0012200225518015668,0.0014166642584468668,0.0009379402780667666,0.0034100664049342335,0.0046629061974575,0.0021737755477966004,0.003446099712895933,0.0023409201119459003,0.002165916219173133,40.03333333333333,-0.03333333333333347,40.5,7.350324709163876,0.24347285845239006,0.2616515766043535,6.34878673693643,6.054795359713626,7.132717170184651,-0.021059633873843336,0.1163947574031899,5.920408197636623,6.005995344914287,0.006617970292445832,0.021151099584155165,0.002100571481520867,-0.010331126,-1.0545657954300026e-05,4.0057777298466647e-05,0.006874796835453134,0.0064389914025294,0.003367547392603467,3.471137491760021e-05,0.0013152108593280332,-0.0004524801455718333,0.0008642019367292333,1.376836966666664,0.0184374198231477,-0.044363808333333365,0.009174878207841632,-0.006666666666666668,-0.006666666666666667,-0.003333333333333467,0.006666666666666667,0.0233333333333333,0.0533333333333334,0.0466666666666667,0.0,-0.0133333333333333,0.3433333333333333,-0.056666666666666664,0.01,0.09000000000000001,0.7333333333333334,0.98,1.2366666666666666,1.92,0.00030042176624800004,0.0021339266704567704,-0.0004876164161557678,-9.283758125276668e-05,0.0009965129494554001,0.0,0.0,0.00552877620811867,0.0,-0.0010335925594160999,-0.0009856012453302334,-0.0007206812168803332,0.003252058315121429,-0.0013976260866786668,-0.0009732367011114,0.0017361150357128334,-5.207641693566467e-06,0.0,-0.0010335925594160999,-0.0010770068604822334,-0.0008344772734418666,0.0005535386122034999,-0.0016449409453168004,-0.0006341242675014,-0.0013802642220104508,-0.003387980261498034,-0.0014524351229852012,0.004525974771465133,0.0028439443391281333,-0.0030006296501886996
1963-06-01,0.0031784310078902,0.0033234141079913665,0.005120830320426833,0.007040748950689267,0.004206000818523233,0.0036821775685691,0.002009209190794754,0.0013412854742285666,0.0016736871122307667,0.010763243863500067,-0.0020062154023854,0.0050593628104454004,0.005686871310682267,0.005334034457884467,0.004666860230226566,0.0026768640929932665,-0.0010168386479151674,0.004437600206979299,-0.037766666666665026,10.333333333333334,0.0026981306666666338,0.0012019717914692333,0.0012935258866685667,-0.03333333333333366,-0.16666666666666666,-0.004692159588113432,0.01670329548101,-0.00031138099726569856,0.027960494660234026,-0.025180243486027404,-0.014512298788754166,0.0012583734904083,0.001375777976678633,0.0013617689228567998,0.004564792563186867,0.000938727365589,0.0013745723946207667,0.00031206118677986667,0.0011973706491392665,-0.0007628439793343668,0.00016941974104659765,-0.0008307520871830332,0.0019586297018898,0.0025092422323282335,40.233333333333334,0.10000000000000002,40.6,7.3865875272423525,-0.1027388916311631,-0.026356174491896905,6.376041292886726,6.09346683442795,7.199384489330249,-0.005848103216970137,-0.0205007332525966,6.0030099108447965,6.06568622605612,0.0027839262305325665,0.0037935275205972668,0.004387952764210099,-0.0034437083333333333,0.0008735352075493999,4.023164608003328e-05,0.0046220079678501004,0.0018621400664648,0.0016450783955767338,0.0017005903603841332,-0.0014079895502949666,0.0010792548879237666,0.0004308632602298275,0.5549710666666672,0.0014994341954108336,0.012977997666666569,-0.0080739475769218,0.040000000000000036,0.05666666666666673,0.09333333333333343,0.11000000000000004,0.12333333333333345,0.049999999999999996,0.0166666666666665,0.016666666666666597,-0.010000000000000066,0.36999999999999994,0.03,0.12999999999999998,0.26333333333333336,0.8033333333333333,0.9766666666666667,1.2333333333333334,1.84,-0.0004314596263145177,0.0020024594420713668,1.1901573984400001e-05,0.0008963486941085001,-0.0009965129494554335,1.4456028966473392e-19,0.0,-0.0011317103052763662,0.0,-1.2585027594258039e-05,0.0011979611948187334,-1.5219067056963331e-06,0.0,1.2721305490496585e-17,0.0009675865526538492,0.0008624411883169592,-0.0013149260970054001,0.0010840117954591954,0.002060814738552174,0.0010700918767493717,0.0006843066008513334,-0.00031180344002349993,0.0018143355749178668,0.0001187245483943667,0.001352266898538121,0.0056365388903047335,0.0014214662621525184,7.503890067240002e-05,0.0008188026615408001,0.0014654895835191
1963-09-01,0.005258611577697033,0.005336589137558367,0.00037072053349473336,0.0036760162675336,0.0045040316014955005,0.0062685154260342,0.006942355717230734,0.006955139316854667,0.005959174126195634,0.006880674600601065,0.005323064762438434,0.012802565227415469,0.005591475038710766,0.004925007190647101,0.010760100632077633,0.0069271294210098665,0.0060537875469951,0.009691657515980867,0.3207666666666663,11.333333333333334,0.005280842666666667,0.0015021598712205667,0.0019040818104247438,-0.03333333333333314,-0.033333333333333194,0.0087443078974007,-0.03428795014017423,0.0003113809972656994,0.011917230321280642,-0.011132760133949501,0.0067146116998836325,0.002857736412644533,0.0016093165996894333,-0.0013617689228567667,0.0017226567194808667,0.0014455804969137334,0.0017641487776659664,0.0009862708018063,0.0035047414624399336,0.0018746388015499,0.0022186933791339667,0.0030646401916651334,0.002916533371103,0.005138392647760133,40.233333333333334,0.0,40.63333333333333,7.453473482935844,0.06284211122694659,0.06583370690029013,6.47495232022418,6.071266333266476,7.22847688177875,0.04799513601680014,0.015789229607629903,6.0274914014322265,6.076404862152503,0.004716522195657567,0.004390566218051567,0.005793907170358934,0.0034437083333333333,-0.0006755370914968001,-0.0003897011431004333,0.0055898459176815666,-0.0025517021466609333,-0.0033501119511670664,-0.0017181231466945662,0.0024324899859589663,-0.0013729327890398,0.0003351341265815668,0.6698628000000051,0.018583277510378967,-0.043965415333333265,0.009298423568992034,0.15999999999999992,0.13,0.09000000000000014,0.09000000000000008,0.053333333333333365,0.02666666666666667,0.03000000000000023,0.020000000000000167,-0.0033333333333332334,0.33666666666666667,-0.10666666666666667,0.016666666666666666,0.09000000000000001,0.45,0.5733333333333334,0.8166666666666668,1.3433333333333335,-0.0006096174614399667,-0.0006406016731385667,-0.00035723219937516685,-0.0005560705645472666,0.0019930258989108002,0.0009935427127126333,0.0010840117954592,3.7285399222755874e-06,0.0,0.001980708473895898,-0.0005446765670893999,-3.0244054395715814e-06,0.002143630110096767,0.0,-0.0009675865526538665,-2.2256571531001066e-06,0.0,-3.5138207357000156e-06,-0.0010272221791360957,-0.0010700918767493667,-2.2746185470699846e-05,0.0002906718446675667,-0.0007567863499433666,0.00047550500770103337,-0.0013522668985381332,-1.1111419762699996e-05,-0.0014214662621524668,-0.0029293264780463,-0.0012745062847508667,0.0014369901503569482
1963-12-01,0.004507852057433434,0.0031250941736121335,0.007492186996595866,0.0040226202199858336,0.0017308632622406329,0.0038978458736479665,0.0048706445659982,0.005524900366216834,0.005531245869208167,0.0048283196278342,0.005888120948222333,0.010461153576546001,0.002599176164342833,0.0016241424864603332,0.0037104524069699663,0.003895393685801367,0.0156288197444905,-0.0006590136062111333,0.05166666666666706,21.333333333333332,0.003656460333333332,0.00034569304176259994,0.00016102942027869998,0.0333333333333332,-0.13333333333333366,0.0126085216472145,-0.0020123677621137668,-0.0043860281925036685,0.007312907558617969,-0.016766912824932898,-0.009661622041437098,0.0011849799008978668,-0.0019011946819856337,-0.0018609791085196336,-0.0118045122219996,2.1211831967333226e-05,0.00028713974712663335,-0.00036302350275483345,0.0027687477077264332,0.0029081787446039666,0.0038475293046194,0.0031898170053831667,0.0027712672424249664,0.0029060282443354,39.9,0.0,40.46666666666667,7.359416567349883,-0.07409493786859667,-0.024236782629026603,6.334680453891999,6.077726239892787,7.2135307116123135,-0.09208445887605017,0.0195796057238834,6.068128198524668,6.015569350961346,0.022744501332041367,0.006188369232681033,0.0030955084190218665,-0.0034437083333333333,-0.0004445777790994332,-0.0002890965573628333,0.003805665788298033,-0.005535343151174699,-3.353798720221827e-17,-0.0017006802721088188,-0.0023564708990627,0.0005991048890196333,-0.0004039916107316666,0.613881166666668,0.015255538914351165,-0.017984303333333333,0.0071187964317221,-0.006666666666666668,0.0300000000000001,0.023333333333333265,0.02,0.04999999999999993,0.03333333333333333,0.0199999999999998,0.0233333333333331,-6.707597440443654e-17,0.49,0.07333333333333335,0.20333333333333337,0.3333333333333333,0.5933333333333334,0.6933333333333334,0.91,1.3933333333333333,4.633920304032194e-05,0.00016907147744046666,5.9565292653833326e-05,0.0007412214672894334,3.3248866622888805e-17,0.0009905901297191332,-0.0010840117954592,0.0033878774271469334,0.0,-7.024445094836644e-05,0.00032167800509638023,-0.0007084664374379357,-1.3697410506433548e-05,0.0013689273175511334,-3.469446951953614e-18,-0.0008602155311638666,-1.6335312732114932e-17,-0.0010804979747235,-2.457524924300477e-18,-1.1853943752508181e-17,5.8558840014381103e-05,0.0002740507932669,0.0005011536997435666,-0.00038983729060933334,-9.830099697201907e-18,-0.0021931327536034682,0.0,-0.0028168696440733,-0.0029174899920718666,-0.0035253501427468664
1964-03-01,0.0050803251531898,0.006709260095398667,0.0041046100844425336,-0.0007767895530772657,0.006679747456419766,0.0076639100832830665,0.006701946898825933,0.0054371201124113,0.0060750782777760325,0.008207737798201133,0.005466939919401367,0.0101459017218145,0.008940756114525899,0.010219008476527765,0.010291815838341233,0.007971661817276467,0.006612590006089533,0.004262967537576799,0.37493333333333173,29.333333333333332,0.012043364333333334,0.004202486481688,0.004982552478094667,-0.10000000000000002,-0.3666666666666667,-0.007092466149094833,0.010222266130990766,-0.04123784921379813,-0.05849114976535996,-0.023281191122421507,-0.017795718123829598,0.0025128141942556666,0.0031966876618406,0.00021947874592653335,0.0127696086014992,0.0014814839201413002,0.0020030821804238002,0.0007256520773850666,0.0021637732481393003,0.0012139092580027,0.0008305750687285667,-0.0003913861473551668,0.0027484173152730663,0.0028463500383377,40.233333333333334,0.03333333333333333,40.666666666666664,7.369673444121677,-0.023713700008413465,-0.06226694919933351,6.392864848211107,5.956197954179177,7.19863092228483,0.052823446990590106,-0.0403814611196932,5.992263692558474,5.946840968471573,-0.0015484571653671352,0.0131695761258162,0.004279770912606967,0.0,-0.00022199994965179997,-0.00011081943392186667,0.005333032881660566,0.006131052918193855,0.0016460938801941712,3.382710778154774e-17,0.0016829652410412,-0.0011191463055273334,-0.0010109239394176666,0.664528566666661,0.014879806969368602,-0.022869115666666634,0.006971637088328199,-0.0033333333333332668,-0.02000000000000007,-0.016666666666666632,0.006666666666666668,0.03999999999999993,0.026666666666666564,0.020000000000000167,0.0033333333333335677,0.0066666666666665335,0.47,0.05333333333333334,0.2233333333333333,0.4066666666666667,0.6466666666666666,0.7400000000000001,0.9199999999999999,1.3766666666666667,0.00036276772169476667,7.245923070380001e-05,8.337353172056668e-05,0.00018504811726166668,3.3248866622888805e-17,-0.0029806457918872,0.0,-0.004504573055574233,0.0,-0.001977253524442,-0.0005393220008865333,0.0007054676354592,-0.0031931978222904003,-5.598900376066705e-06,0.0,0.0,0.0012894922593066668,0.0,0.0,0.0,-0.0004533294814274334,-0.00016047489072513327,-0.0010290769233195001,-3.206820482179999e-05,0.0013253827932131314,0.004350217333659767,0.002789416556838833,0.0035848785080804997,0.002548634494574467,-0.0005726224782002329
1964-06-01,0.0049743980085038665,0.005188601753286367,0.008932731051574666,0.009513807245972667,0.0063810307646446005,0.0050127134212773665,0.004393893882925634,0.0050359223531524005,0.006588036332926533,0.010738812824335267,0.005379411151616334,0.009254648229849666,0.0056222576438903,0.0068462839446672,0.005114304091932815,0.004692091307934133,0.010134979807474567,0.0019489681779195,0.09136666666666789,43.333333333333336,0.026863997333333296,-0.0012168374407650667,0.00020659916820580014,-0.133333333333333,0.7666666666666666,-0.05773174901399716,-0.023157457604922563,0.023425614471989,0.010605348394886477,0.03561625645360627,-0.012435543678765398,0.0028080234367279665,0.0024915581389018666,0.00016451427495253342,0.004678439372127533,0.002147014242643367,0.0025578298800775666,0.0015496696127481,0.0029696780447145,0.0033299163131298333,0.002796823091921433,0.006441587211151366,0.0017803140059413,0.0011386585266268,40.333333333333336,0.03333333333333333,40.8,7.330235772818633,0.05116404506235356,0.045071159602503436,6.346676503531447,5.866884760682756,7.165719038690287,0.0168102845422968,0.0148172541902764,5.994511650233513,5.9068929746461025,0.017503503868712255,0.0215105089620386,0.0033662520500161337,-0.006887417333333299,0.0019142104513966331,0.0008670191967145,0.006157935940779333,0.0011685088510187999,-2.403066313653307e-05,0.0016420361247946995,-0.0006593457423623303,0.0006914627503102666,0.0007304309281431332,0.6031706666666706,0.013403783423872433,-0.01720567333333337,0.0023073679346167337,-0.016666666666666764,0.016666666666666666,-0.0033333333333334333,-0.03333333333333337,-0.06333333333333334,-0.04000000000000017,-0.0133333333333333,0.0,-0.0066666666666665335,0.47666666666666674,0.0,0.10000000000000002,0.3233333333333333,0.56,0.7133333333333334,0.9333333333333332,1.37,5.3995472212079735e-05,8.466906644657059e-05,-0.0011093824543974334,9.248554972623333e-05,-0.0009965129494554001,0.001990055662168017,0.0010875485449387287,0.002290959762587233,-0.0056594455114725994,0.0009059920223497003,-2.4311655000300623e-07,-1.4899010779333953e-06,-3.3248866622888805e-17,-0.0013633284171750666,0.0,0.0,-0.0012894922593066668,0.0010700918767493667,0.0,0.0,0.00018337229396246668,4.1440108838633286e-05,0.00046921652337669995,-3.1327562906757956e-05,-1.0456696207664852e-05,-0.0010981590185382005,-0.002789416556838833,0.0008039654362151333,0.0009859000816376665,0.0006805396714494994
1964-09-01,0.003440532812753333,0.0036387370953096334,0.0027754809255179664,-0.0022775986587599,-0.0053580120429378335,-0.0012458387601332003,-0.005343262136683901,-0.005989264048359334,-0.011054080958457535,-0.04210411917358064,0.00031386997778266634,0.0,0.0055302478759061335,0.0033711233894428336,0.0081474127218312,-0.0012446991377424999,0.0033098805621374666,-0.003254917305800433,-0.4119333333333322,-1.0,-0.0065940619999999665,0.0013714721644906332,0.0008778183385255255,0.0666666666666664,-0.7000000000000002,0.05527031588480793,-0.017539809633453498,-0.034676909409274835,-0.00632263423560353,-0.06294791202081117,0.0029381081669032985,0.0021671506735263996,-0.00028718886132319985,0.0023491588392472334,0.0045095334099425,-0.0013876644236533002,-0.0040590119154888665,0.002464583008312767,0.0034130283686171336,0.002674191464428433,0.002925021694178267,0.003207789874149767,0.00141743657951,0.0057372587307610995,40.333333333333336,0.0,40.833333333333336,7.32334955619507,0.016702273351393165,0.03087760067787007,6.365882006959327,5.794180700332831,7.144107053121487,-0.0299988179443602,0.02890313301057673,6.012755933732481,5.77336555753261,-0.0129762345535062,0.015921828137757398,0.004668482301939378,0.010331125666666666,-0.0015122834313656998,-0.0006930022816016334,0.0061452579799817,-0.0012379561663869673,-3.097029950489943e-05,-2.3913147448434077e-05,0.0004870061981887667,-0.0007078248916287333,-0.0011205600734704665,0.7130852333333357,0.006465762708480167,0.005103935999999968,-0.0026620181135608343,-0.02,0.013333333333333369,0.036666666666666604,0.053333333333333365,0.04666666666666653,0.013333333333333369,0.0,0.006666666666666467,-0.0066666666666668,0.48666666666666664,0.09666666666666666,0.2333333333333333,0.37666666666666665,0.63,0.7566666666666667,0.98,1.3800000000000001,-0.0003627089310305333,-0.0009897918493022332,-0.0007416448428995325,-0.0018236094133732333,0.0,-2.952582993499906e-06,-3.536749479504667e-06,-0.005629885843744294,0.0056594455114725994,0.010622160674225034,0.0003212497249029694,-0.0007039777343812668,0.0010632651227000334,0.0,0.0,-0.0008557985017486333,0.0012795921023885334,-0.0010700918767493667,0.0,0.0,-0.0002255430288737667,-0.001004925500617767,-0.0003310550258655666,8.570608750639994e-05,-0.0039293185840141255,0.0021227947772865,-0.0055097673170702,-0.0037085517831527,-0.0021080906431330333,0.006225641512820634
1964-12-01,0.0075958689219195,0.0062365298437079,0.002529762522971267,0.008598852560336833,0.020701270282134,0.0176269748692781,0.017589160618372734,0.020058710168446268,0.023852720129454802,0.06738791833456044,0.007442193011240601,0.016376142502696166,0.018087074279030734,0.027501230517513502,0.0104986851179222,0.0196752610668454,0.0008984225660357667,0.0016314315696164998,1.3244666666666658,40.333333333333336,0.019618703666666668,0.0011846659664076333,0.0019821569284961334,-0.06666666666666653,-0.1333333333333334,-0.025258627608124296,0.011490036798227798,-0.04329977726071257,-0.05043927224765127,-0.03571946146134793,-0.0271931078843597,0.004443571611480667,0.007519869743616033,0.0010327498409375333,0.003213625678892967,0.0088156658847123,0.012894407739426066,0.0029032195138801,0.0028797691825037997,0.0028215280479605333,0.003268909213569267,0.004294914357021266,0.0018805879688893999,0.0031004840527123997,40.699999999999996,0.13333333333333322,41.166666666666664,7.2741048838855,-0.13017981929716319,-0.0748283110461401,6.373615214208496,5.7039448425122075,7.11191597473035,-0.003003023314123369,0.0386452102447133,5.988069924609403,5.688844365226253,0.0268370775567283,0.0144836873132128,0.007342110612221067,-0.010331125666666666,-0.00021781091665340003,0.00043602700443803335,0.004913973171586101,-0.005268477863560667,-0.0015910929175527004,-0.0016181229773462428,0.001993303191407966,0.00037458298324008114,0.0023021312576248665,0.2138219999999922,0.0049522269386424005,0.007682972999999936,-0.005424931367407133,0.17999999999999994,0.08333333333333323,0.08000000000000017,0.07333333333333324,0.026666666666666564,0.009999999999999768,3.23815048849004e-17,0.0033333333333332334,-0.0033333333333332334,0.38999999999999996,0.006666666666666668,0.14333333333333334,0.19999999999999998,0.32,0.4166666666666667,0.6766666666666667,1.05,0.0002161294382252,-0.0023777370744536663,0.0009327694972427666,-0.0004652245463248333,0.0,0.0009935427127126274,-0.0010840117954592,-3.37839740376664e-05,0.0,-0.0124791756907102,-0.0001088781053481333,0.0007024941131881231,0.002096442969188,0.0,5.3487307175951555e-18,0.002560832057338767,-9.74929683265251e-06,0.0010632651227000334,0.0,0.001049869634298705,0.00016166623194578363,0.0006480677207416,0.0001370947757223,2.706354009147894e-05,0.002614392487008633,-0.0064172372470595,0.006873095734245306,-0.0010847467612039002,-0.0016327216281061326,-0.006207546643835234
1965-03-01,0.0031652313428297,0.004678031784000167,0.008664210129002765,0.012121731728168902,0.0015671280689944671,0.007898789251632267,0.006547821253434167,0.006818119986345566,0.0029768280491735337,0.012902201881723934,-0.0012294466066132333,0.0129225480326909,0.009671028498136267,0.012404470336494064,0.006676658498312018,0.008131164098901801,0.013750413967951533,-0.0003254824417355667,0.22939999999999827,53.666666666666664,0.013566912333333367,0.0029725653757465,0.0030150244665752336,-0.03333333333333347,-0.26666666666666666,0.0239256733421002,-0.023390319731460867,0.0012586547365116736,0.01923610587354854,-0.018498801816504835,-0.0007883931906095667,0.0037661412583857,0.0023709657877534,-0.0019595092353146336,-0.003213625678893,0.003531041601670233,0.005095945621048234,0.0012148836530982334,0.004478061744043966,0.005655283085277533,0.0035682869505206665,0.0050615285508109,0.0018700376302555669,0.0038023225977923,40.733333333333334,-0.10000000000000002,41.266666666666666,7.266352188066336,0.13515503603605666,0.05074376448048664,6.324498512488173,5.667797478153734,7.078199244844726,0.0030030233141233368,-0.03975447360893993,5.966570527112137,5.66821668267765,0.0095571287417388,0.015179306922014133,0.007125848842255401,-0.0034437086666666335,0.00019965981390456663,-0.0005018724613258333,0.005034830549944833,0.0058276542601157335,0.003115287472745799,0.0015948963317384583,0.0002599703756315001,0.0005312936397307666,-0.0004947224204977334,1.0397619333333334,0.007084724922806967,-0.00027745566666653325,-0.0038085202117695,0.0633333333333333,0.0433333333333332,0.04,0.016666666666666802,0.03333333333333337,0.0166666666666669,0.0033333333333333006,-6.707597440443654e-17,0.0,0.3033333333333333,-0.10666666666666667,-0.04,0.006666666666666668,0.11333333333333334,0.17,0.3833333333333333,0.75,0.0018775057331466706,0.002968817390333533,0.0005846384794777333,0.0016408955874968334,0.0029542290859484667,0.0009700962435167003,0.0010735382333473828,0.007787785638534934,0.0,0.0034722536194185666,0.00042455749062423335,-1.4773809283999521e-06,-0.0010498696342987667,-6.071532165918825e-18,3.3248866622888805e-17,-0.0025586405094813335,-9.601858920537266e-06,-0.0010632651227000334,0.0,-3.296299409433299e-06,0.0001608206968966667,-0.00010396067493683918,0.0005144277377785667,-6.016088945297026e-05,-0.0012795921023885002,-0.0010098079392403005,-0.0013633284171750788,0.004551501309147533,0.0040333037342108,-0.0011740492386395666
1965-06-01,0.005034391266898167,0.0053674004975162335,0.00105071009871,0.0037952139534441994,0.008518156301393668,0.008280838256875632,0.0078632757300211,0.0078298025455249,0.0029497200304226,0.007717328000777866,0.0012287738087395333,0.015283895125594534,0.008305183093153633,0.010125489801689667,0.008549319661766001,0.0096131012527506,-0.009890801317388566,0.006133719528518267,0.3368666666666656,44.666666666666664,0.033689346,0.0023849737175935,0.003880131735809767,-0.133333333333333,0.06666666666666633,-0.018234478183473166,-0.019901374075676433,-0.05103477542453083,-0.05860026903117271,-0.04244647412553404,-0.022731590054027234,0.003882663401274867,0.004788979948562133,-0.0009293432287498666,0.005065482293760567,0.0050574710116257,0.006620174919929633,0.00271740635385,0.0034207068486212665,0.0020928059934058,0.003767544249966067,0.0032649141514659,0.0023228897720311997,0.004937874219259866,40.699999999999996,0.10000000000000002,41.233333333333334,7.3120008409434165,-0.036494744280563395,0.06680289176170003,6.355431066649561,5.59657873775125,7.11333679289821,0.024489050627290166,0.04658731412505337,5.9923741278892875,5.548789396109343,0.006113752355593902,0.013294241320175865,0.007430985676833733,0.0034437086666666335,0.0006096221852590334,0.0004254678128319334,0.0035842639254204667,0.0010990694091972003,-5.7162047398735476e-05,-2.2569287713266755e-05,-0.0015028433754705334,-0.00011423991693842393,-0.0010909659755456668,0.4353886000000007,-0.011801325084437165,0.05734165033333347,-0.021807324725170534,-3.23815048849004e-17,0.0,-0.0300000000000001,-0.0300000000000001,-0.019999999999999966,0.0,0.0,0.016666666666666934,0.026666666666666634,0.3,-0.2333333333333333,-0.17333333333333334,-0.07666666666666667,0.07333333333333333,0.13,0.3833333333333333,0.77,-0.0015689922830763002,0.00012081350405806662,-0.0006204660058006667,0.0013561430325496335,-0.003930315678978017,-0.0029542290859484333,-0.0010735382333474,-0.0086614175091501,0.0,-0.006000710749170867,-0.0010609097888675334,-0.0013990972666311668,-0.001046573334889286,0.0026455165319119664,-3.3248866622888805e-17,-6.608577272674647e-06,-4.746681476333325e-06,0.0,0.0,-0.0020866157803038667,-0.0002849022878258333,1.8861249004700185e-05,-0.0008258783525619667,0.00011346936727966669,9.749296832733609e-06,-0.00098827909441,0.0,0.0021969310221899335,-0.0007574837620462333,0.0025185790728065563
1965-09-01,0.0080143870817603,0.007640424055323267,0.012597377289383267,0.0027332793451879667,0.010432493810712965,0.005592808289948033,0.006837943359673267,0.007650098197667233,0.006399536562713699,0.005738217575569866,0.006078150173427767,0.011148342722612467,0.004076814268810434,0.0023544629995610336,0.005738491098333866,0.0038790163567724335,0.019495528835933168,-0.0016031827027446332,-0.169366666666666,91.0,0.04202466100000004,0.00034313957891819995,0.0010943858572461669,-0.06666666666666687,0.16666666666666666,-0.025323332237274034,-0.013839134946784066,-0.0054121730158801645,-0.02207040950835797,0.012122548056958364,-0.0020735845201247985,0.0040972987159915335,0.0045616606795727335,-0.0002190460623152663,0.0092078501005487,0.0038768217993337337,0.0047244625227727335,0.0025959893578454333,0.0038598737897282335,0.0031963528121281997,0.0029322242973596666,0.0031648900614159,0.002766267604898167,0.0057341420817221,40.666666666666664,0.06666666666666667,41.13333333333333,7.282890782920454,0.010841063901853068,-0.050859862531740234,6.360327500381214,5.555155419151831,7.132086585471778,0.04294429061432311,-0.04107754680798333,6.029222025016284,5.557614192208587,0.010061547731234867,0.017174203002497865,0.005264082248917334,0.0,0.0007783705852408,0.00017694739188496667,0.006472695285700533,-0.0006102954422546664,-1.396423758953425e-05,0.0031446540880502665,-0.0005135603586649999,4.373514106840006e-05,-0.0007309124110120999,-0.14046143333333064,0.024514730424279468,-0.05366276733333344,0.01576542055106527,-0.003333333333333438,0.0,0.06333333333333337,0.09666666666666675,0.10666666666666663,0.06333333333333317,0.0499999999999998,0.026666666666666367,0.0166666666666666,0.30666666666666664,-0.14,-4.625929269271485e-18,0.12,0.19333333333333336,0.22666666666666668,0.4533333333333333,0.8366666666666666,-0.00031622994600994763,-3.6248654396626937e-05,0.0014419976844844324,-0.0025938065108229665,0.0019464899955157775,0.0019379899551400669,0.0,0.008465807549784399,0.0,0.0008406898109033668,0.0006326114029631926,0.001394702174191233,-0.0010465733348892666,-0.0013305904349065663,0.0009456271117332333,0.0008602155311639,-9.386894956590301e-06,0.0010531867634561475,0.000996512949455433,0.002076849916878639,-0.00014092400789243332,-0.0024233678282079003,0.0005781389825311999,2.5198081127866654e-05,0.0025253370707148805,0.006173015922412533,0.0013253827932131305,-0.005165121408289466,-0.0033156018051425998,0.008740911303718834
1965-12-01,0.005051430087354067,0.004835718320708267,0.002667000293665433,0.006944009999543234,0.007384867402807367,0.0087581802738173,0.010001364932316233,0.010477085817795532,0.005429260150326899,0.010187320600916634,0.0035936081638163002,0.01982628953662083,0.006950470764233933,0.0079825032127161,0.005798830859595867,0.009772896494002,-0.002796610132359633,0.013543632194516866,0.35669999999999896,95.0,0.047462271,0.0015464220131917999,0.002330444839026,-0.06666666666666687,-0.06666666666666636,-0.002181508658884064,-0.05631110655847967,-0.025237273911898835,-0.002989556660920096,-0.04907674566089487,-0.001499784130183833,0.004346207989147034,0.0050504817277996,0.0012575536389649998,0.003869666914514633,0.0054695848887971995,0.007172224967097966,0.0028718735775730333,0.0039851621304922,0.0033813774777525334,0.0026404322626921,0.004133828433941333,0.0019456421476846666,0.005194744775834499,40.86666666666667,0.06666666666666654,41.36666666666667,7.306972689489917,0.035386731942796935,-0.02273608334217651,6.302920773896157,5.521059097102984,7.1818279976228565,0.0358519687404201,0.0342447062918699,6.067521179788806,5.53950918219503,0.021017772640232597,0.021348387982161668,0.006663846958677634,-0.006887417333333299,0.00015409699675213336,-0.00026461107045989014,0.0044457452556564666,-0.00557557565520028,-0.0015789573634114988,-0.001713978129072466,0.0006488688980897673,0.00040698771094110014,0.0013244775674141334,0.08447929999999904,0.006966127956372866,0.0012155300000001,-0.0029430054650629333,0.1133333333333334,0.1466666666666667,0.18666666666666654,0.17333333333333326,0.19333333333333344,0.17333333333333367,0.08666666666666711,0.0600000000000002,0.0433333333333333,0.33666666666666667,0.07333333333333333,0.22,0.3766666666666667,0.39999999999999997,0.27999999999999997,0.3933333333333333,0.73,0.0006860695660315,-0.0011212367130726002,9.511919688823333e-05,-0.00012401947248759956,-0.0009704034024862174,-0.000984245861462735,0.0,-0.00016673079737130012,0.0,0.003388451280147366,-2.2816350058298476e-06,0.0006865062091172287,3.275665246747078e-06,-1.029298995990427e-05,-7.979986194950326e-06,-0.0008624411883170075,-9.247571357139106e-06,-0.0010531867634561334,-0.0009965129494554001,-6.409948239912704e-06,0.0002989220548963335,1.7337974869399697e-05,0.0006182623993367333,8.172263093502179e-05,-0.0012554942651589666,-0.002044996189171933,-1.0456696207664852e-05,-0.0027924671994092667,-0.0015590970107997332,-0.007804148628173034
1966-03-01,0.0031610743831542664,0.0034017936950926663,0.004988884131581666,0.006506759734840867,0.0021998759629327336,0.007214892990994833,0.006235815097939533,0.006717959737571534,0.0045039096580275,0.008176206982606933,0.003555278958075,0.008115733751254501,0.008875748105136867,0.013708539046545301,0.007112150683861032,0.008453048603853033,0.0061218624830929,-0.001857462261966567,0.22740000000000285,41.0,0.034272087666666666,0.0006732040589992333,0.0014373795664734668,-0.06666666666666667,-0.36666666666666653,0.008641659175438266,-0.05795440703040546,-0.026725492663367465,-0.009132991396038301,-0.04814266128291203,-0.07047670586850387,0.004805612768000934,0.005516464548872867,-0.020191153571743965,0.0014764530266268665,0.007193970314721867,0.0092457801689048,0.004018474620606767,0.004440022047973567,0.0033740647979799664,0.0029278235772558,0.0028238237517387334,0.0023878662578805,0.0068233994462397,41.2,0.06666666666666667,41.699999999999996,7.225887099832327,-0.04760806006666333,0.0029282765185767007,6.306358890031347,5.460867667329946,7.07216298793114,-0.07192316362049662,-0.04990754277050983,5.96688576093521,5.397950136424076,0.006248182382201766,0.024867358332173798,0.0099252209216936,0.0034437086666667,-4.058301494829997e-05,-0.0005314182633426768,0.0010563793432041,0.006065786350636,0.0030091362863674336,0.0016266266266265993,-8.31832020600646e-06,-0.0009371862451548,-0.0025047434238327664,-0.07724586666665799,-0.0062010584910480344,0.03899981833333326,-0.02046281831055007,0.08333333333333338,0.18666666666666654,0.010000000000000066,0.01,0.0066666666666668345,-0.010000000000000134,0.04666666666666667,0.07333333333333335,0.11666666666666681,0.5133333333333333,-0.02,0.14,0.2966666666666667,0.27,0.17666666666666667,0.24666666666666667,0.6433333333333334,-3.3248866622888805e-17,0.0012540678654646333,-0.0012506044362564,0.0007124826528086413,0.0009510229941354667,-0.0009537440936772997,0.0010498696342987053,-0.006048748774810739,0.0,-0.0017006839612984295,0.000720409977889678,-1.1383800568122293e-05,0.002080105141106623,-1.5140847738833417e-05,-1.0432804912714927e-05,0.0008624411883169668,0.0012141316362410668,0.0020833401150571335,0.0019550398174660666,0.0010083448159210909,0.0007485559309243,0.0035959621324114332,-0.00015145928614016666,0.0005903939940002657,0.0024600357658741668,0.0039683008354394,0.0012791207170128004,0.0029461366109870667,0.002203498529475779,-0.00032111124616710066
1966-06-01,0.004055622590035633,0.004553564592605066,0.0006262134724200332,-0.0038056047379520005,0.003226770153396167,0.006543661283810533,0.0063840299206227,0.0063248031908648,0.0008383352866790419,-0.011706666850676076,0.005843110118410234,0.0128096081993806,0.006631367331375867,0.0034011341137413337,0.008597500288050633,0.0054324824652131,0.012447099354870867,0.0009300249415797671,-0.045666666666666876,23.333333333333332,0.0017078700000000323,0.0017563177461295335,0.0016051027323052333,0.0,-0.366666666666667,0.0160297301322556,0.07140726259402017,-0.09919534252290853,-0.132082817667747,-0.061039562388990866,0.0642516844588131,0.004509298596842567,0.004665515083898934,0.02040937507435517,0.0025437947541598334,0.004592299864838134,0.005512838961644533,0.0031513094380237997,0.004428798136467867,0.0029443552755949666,0.004392930088734734,0.004440485767245699,0.0034939739455716,0.0065954083416705665,40.833333333333336,-0.06666666666666654,41.36666666666667,7.072716065202684,-0.0757671871542902,-0.09751766756212688,6.196252271300977,5.28143856490686,6.894317826401977,-0.02690773709081343,-0.0813258794056833,5.80811397229672,5.2110658830674135,-0.003250317273287467,0.0212168642021595,0.012056108553951601,0.013774834333333265,-0.005066770737267734,-0.0017072221247408,-0.0005966725632209333,0.0020890876154968665,0.002819896972455667,0.0014586504312531993,0.0021462614909457003,-0.0007616703953614999,-0.0003024126963696332,-0.2743562666666717,-0.021648724452547268,0.0889990956666666,-0.03175026935221243,0.21,0.08333333333333323,0.05999999999999986,0.06333333333333314,0.0899999999999998,0.11333333333333324,0.08999999999999986,0.06666666666666676,0.08999999999999984,0.3866666666666667,-0.47666666666666674,-0.32666666666666666,-0.10000000000000002,-0.11333333333333334,-0.25333333333333335,-0.053333333333333344,0.4566666666666666,-0.0008944825083170874,0.000205489613078,-0.0005493653686381,-0.0006504671487537666,0.0009537440936773339,0.0009483173774104738,0.0010269802825799332,0.006012126786932334,0.0,0.0,-0.0003144023123002667,-1.1197941819450236e-05,0.0020544047903123,0.0012550493590503182,-2.57202638386661e-06,0.0008580013317242333,-3.552192816408915e-05,-0.0010529425918329308,-0.0009818031163546666,-0.0010271077740939142,-0.0004989763621098333,5.368932827683337e-05,-0.0008804345593018667,-0.00040572769514110005,-0.0012412653648373488,-0.0039683008354394,-2.0031449381566896e-05,0.0009925341123562003,0.0013426977321794667,-0.0005625848709926001
1966-09-01,0.0050502020906973664,0.0032739177585317334,0.0021203688585597668,0.004273467136237333,0.003000249521999034,0.005653474816742767,0.004450451698899,0.006974259157881101,0.006901563693398067,0.013414667843113135,0.0040299503084829,0.003943442703695101,0.007491158944317867,0.012105079391373168,-0.0017848817442181666,0.0066051130136532,0.001325464472369934,0.011259377775769802,0.07113333333333133,-32.666666666666664,-0.0009287050000000677,0.0020315768067729334,0.002465922641816167,-0.0333333333333332,0.20000000000000032,-0.020754895166042765,-0.012168332458284567,0.048583834653099366,0.07499224413195714,0.018609483184313835,-0.030123173209612265,0.002854468813315067,0.0018086662557058666,0.0014692701937132331,-0.007889914695301266,0.003658527785220233,0.005604420519450833,0.0005785364483822333,0.0033922974076811,0.002551871769099367,0.0016676447405400332,0.0019255281591607665,0.0011193205055501667,0.0046152495129264,40.800000000000004,0.0,41.300000000000004,6.903295436979554,-0.15115810909817315,-0.05051663270906646,6.00965402635651,5.015180753533073,6.67779226230337,-0.15725836963137316,-0.04871396673881656,5.61645086375093,4.94137020264045,0.005576113899361798,0.016144981707414033,0.010420274670233667,0.010331126000000032,0.0009808620931360003,0.0004225745333368003,-0.0007128160087716999,-0.004344706677070867,-0.004432989186038668,-0.004606798579401334,-0.0038543386275739,7.126149086433333e-05,1.7943500100266548e-05,-0.8513740666666657,-0.0356642627921782,0.13938085700000014,-0.0459434926077269,0.07666666666666667,0.12333333333333334,0.18333333333333315,0.23,0.1366666666666667,0.03333333333333333,-0.003333333333333336,0.0833333333333333,0.1399999999999999,0.4266666666666667,-0.25999999999999995,0.07333333333333333,0.16,-0.06333333333333334,-0.35000000000000003,-0.08333333333333333,0.52,0.0014484736796459999,1.2040428451006368e-05,0.0003345041257466666,0.0013923072175557,-0.0028424142133511,-0.000948317377410433,-0.0031136573883427513,-0.009043860242500866,0.0,-0.0008669272333525529,0.0002964293162495961,-1.3742927547799889e-05,-0.002070282418261,-5.6967884493866677e-05,-0.0009246422942417169,-0.0008580013317242135,-0.0012228623909609664,0.0010145986659478535,-1.1235071399870166e-05,-9.12754373313026e-06,0.00022780905939256667,-0.0004670095627172667,0.00021047003996093323,0.00046414730875513326,-1.7567899937389823e-05,-0.0009620016297117,-0.0013089917084528335,-0.0009317551496437001,-0.0015731128043796332,7.520939580743398e-05
1966-12-01,0.005050273582269167,0.0037936205281076337,0.0028012019591689002,-0.004490798595227234,-0.0187928183406161,3.602384023333333e-05,0.003977522578646333,0.0023925051588695,0.000540899556174867,-0.0220929062365207,0.009918841556049534,-0.0025714815035260334,-0.006378357450811092,-0.010979036358028568,0.0015621315612576996,-0.0010244180579525668,0.010579909627681234,-0.0073486908568214,-0.5918333333333297,-2.6666666666666665,-0.0229251803333333,0.0019192487712894636,0.0012238917143842334,0.06666666666666667,-0.333333333333333,0.014186538139598833,0.0302124247016444,-0.0033910092376835325,0.015506671878297532,-0.0283189074919884,0.0226571734598776,0.002830232237495033,0.0009989110272462668,-0.0011966940616439,-0.0010996161319075002,0.0014263639351496,0.00039242325866633334,0.003068682969240967,0.003765906765678367,0.0024804615824945333,0.0027324320909081334,0.0016732472375805664,0.0032249348016784338,0.0055848973033126,40.699999999999996,-0.13333333333333333,41.06666666666667,6.912761867800227,0.18731832342953,0.08861822313575314,6.034258781058093,5.006425113551736,6.704889633535077,0.23922226591141982,0.057372462206569885,5.6508312216482794,4.907371508082964,-0.019972112114862967,0.0033053014987439663,0.010032074394069666,0.010331125666666734,0.0013601495603874664,0.0007601205651054,0.0035944806108565,-0.0031500076919473,0.0013141720425962663,0.004240979176601467,-0.0009829989098350002,-0.0005227615486589333,0.0004131771567745333,-0.3391434666666653,0.030222444435967038,-0.1093236973333333,0.026747717787554536,-0.19666666666666632,-0.09000000000000001,-0.20999999999999983,-0.2933333333333334,-0.27666666666666667,-0.18999999999999975,-0.14333333333333334,-0.07000000000000016,-0.043333333333333335,0.5433333333333333,-0.3666666666666667,-0.25,-0.20333333333333334,-0.3466666666666667,-0.5066666666666667,-0.05333333333333332,0.7266666666666667,-0.0003615287635124,-4.834817014771661e-05,-7.16512022248e-05,0.0,0.0009376471255383,0.0,0.0010368074714641,0.006064554875240266,0.0,0.009392541163235768,-0.0012188336289673334,-1.346806788625419e-05,-0.0010209298435153915,-4.556036983874908e-05,0.0,0.0,-1.2664880920033294e-05,-0.001030282062096,-2.7683538397999786e-06,-0.002002008020070433,-0.0008573693737979334,-0.0021483243035076336,-0.0006875892620293334,-0.000589317937838735,-8.595385138177123e-06,0.0038150860949349337,-4.782709548586024e-06,-0.0040934241847849,-0.0037378176280516,0.004221516891025632
1967-03-01,0.0021501850930345,0.0013275696504351,0.0036478814190068994,0.0009055967117681,0.0007993938585049665,-0.002556908710863367,0.0019488508180855336,0.0025263317461923,0.0021961670186936,-0.0037707983195459007,0.004357479226538767,-0.0004013484895623,-0.0094631550053686,-0.017855908944079034,-0.0014762385171428669,-0.0032968606139976,0.012090897350482766,0.003792283551112767,-0.7289999999999978,-29.0,-0.0008983173333333665,0.0005996768577804668,0.0009533304138115667,-0.03333333333333333,-0.16666666666666652,-0.012891199721948634,0.016003073062120034,-0.04441309796435857,-0.03955251460043857,-0.05138355994241923,0.0766065934043183,0.00030054584213700004,-0.003265096684971267,-0.0032306892184606,-0.0052478629587362005,-0.0028775020198245666,-0.0031828550836146,-0.0023949904248236667,0.0021002514657363,5.2022369724599987e-05,0.0017843924671343998,-0.0006894489133190334,0.0042883652656288,0.0035165161297480998,40.06666666666667,-0.09999999999999987,40.43333333333333,6.99361746827924,-0.07089480684135674,-0.022831745082919838,6.14582696919263,5.186398935319293,6.8713368320984465,-0.09093304725335649,0.05502658345314987,5.826933313821663,5.17731572117017,-0.004619135960313767,-0.00019668108096066667,0.0046912050631817,0.006887417333333299,-0.0009522781261279331,0.0006592596520672665,0.0051743681507260995,0.0026103494474967667,-0.004175419939726733,-0.004285679048887567,0.0031333672810621997,-0.00011286612481526666,-0.0008424421597237999,-0.16400690000000398,0.0247534020628238,-0.07402911800000007,0.022227488173701765,-0.2966666666666668,-0.3000000000000003,-0.29333333333333333,-0.2833333333333334,-0.21333333333333301,-0.0633333333333334,0.0033333333333332347,-0.030000000000000002,-0.046666666666666405,0.6233333333333334,-0.3066666666666667,-0.29333333333333333,-0.13666666666666666,0.07,0.06000000000000002,0.5633333333333334,1.3066666666666666,-0.0005391750258978333,-0.0005796206877990287,0.0009779025057186,0.0008941929109317668,0.0,0.0009456271117332703,0.0,-0.005351862335476434,0.0,-0.008525613929883167,0.0012111463180267668,-1.3201372416421641e-05,0.0020263486921274667,-3.526403952876985e-05,0.0,0.0008536069538912001,-1.23987179739456e-05,-6.140488230347464e-06,-0.0009592332758717333,0.0009995009987521666,0.0005414372133774333,0.0025160501280773336,0.00011439847500300003,0.00021411321717103326,-1.2664880919966651e-05,-0.0009698402845169332,-1.4133576432933155e-05,0.0018923512147554335,0.002335846535307419,-0.005991084662198933
1967-06-01,0.003631829762247367,0.0033334552785006665,0.0007461042026612391,3.2884209478733356e-05,0.006002726998652601,-0.0037222761909822665,-0.003197520186412567,-0.0050552494519085995,-0.005988910386157766,-0.0038728136489555,-0.0069118779494266,-0.007333381869020266,-0.004486128499160766,-0.007590118337464066,-0.005446359483244533,-0.004200066919155767,-0.0032757819227801008,0.0010351092839837334,-0.7827000000000014,-30.666666666666668,-0.016420779333333368,0.0029693987250371864,0.0028661066143117666,0.0,-0.16666666666666666,0.01986581314643573,-0.012508573963834231,-0.01269994874409,0.009062046768052398,-0.04725848746653504,-0.047895327054894465,0.0021418023147875666,-0.0010699937345274666,-0.0008815432135218333,0.0026342588973247666,-0.0017572433345881334,-0.0021695696215271,-0.0011075007178576333,0.003738356940046933,0.0033384076258323003,0.0005323964289966333,0.005109154847484467,0.004665115472114034,0.003162331332275,40.1,0.0333333333333332,40.43333333333333,7.173555376606461,0.13579667883924998,0.08611259981199999,6.224537515636913,5.442590763028406,7.038544603151361,0.011906027534026668,0.05855229501607347,5.987192327575156,5.3874438199260135,0.012287172042147668,0.011126506704755465,0.0027220694838210667,0.0,0.003211285508273367,0.0012134233734914666,0.006483474448889266,0.0036138306670793294,0.0070178030659441,0.005685725513311733,-0.0002139334879055333,0.0005856880007760667,0.0006343872715325665,-0.401743066666664,0.007429054937365,-0.021033006999999937,0.007355277318311267,-0.08666666666666667,0.030000000000000138,0.12333333333333331,0.27666666666666667,0.29999999999999966,0.24000000000000032,0.19000000000000036,0.15666666666666668,0.143333333333333,0.8433333333333333,-0.12000000000000001,0.23333333333333336,0.6433333333333333,1.0933333333333335,1.1066666666666667,1.5166666666666666,2.22,-2.312700194033334e-05,6.0309118926391035e-05,-0.0014200922460338666,-0.0013885694692340666,-3.353798720221827e-17,-0.0018806440876026967,0.0,0.0032517897413123337,0.0,-0.0008449518677293664,-9.072640093566708e-06,-1.2942520971683186e-05,-1.83104910006001e-05,-0.0012226154563729334,0.0018165349225216334,-6.5078110003113895e-06,-0.0011675435170673332,-9.072640093569602e-06,0.0009483173774104668,0.000990590129719111,0.0005714936617266,0.0010036965367117333,0.0015128955917350334,-0.00027916055995250003,0.002310491054057075,0.00178988756916382,0.0012230397224182053,0.0013345213554855002,0.0015552876933391327,0.009499458695436534
1967-09-01,0.0022630516146542666,0.002008403981593033,0.0006230105370100669,0.0033014747204080336,0.0042987081651476,0.0084881438663754,0.0063417337239997,0.005990986004465466,0.008313934226084833,0.008818504350756333,0.0082659588846659,0.0016061090553984338,0.0117729093735844,0.011960745764224635,0.0144499225033744,0.008909367383836166,0.007678328308227266,0.011336856548988333,0.3542333333333316,41.0,-0.008755618333333331,0.0031265353185692666,0.0023667789025599,0.06666666666666667,0.133333333333333,0.017402132493150365,0.036199919860759565,0.04531854541200947,0.03968645333866273,0.05483457115905347,-0.016574478450810566,0.0017005681042511999,0.00010715406550566647,-0.0104227687684899,0.0010076589697020333,0.00029976021204800024,-0.0013824267545192667,0.0029292608495054668,0.0024841469051252664,0.0012080567386067666,0.001316685368144834,0.0023580631792867335,0.004175419939726233,0.0028178091259913334,40.3,0.0,40.6,7.271844499992077,-0.0025740153646367178,0.046545545647666636,6.344956809261436,5.560238877685556,7.14080175601951,0.007230941537086702,0.030940069189169802,6.047002610791033,5.536762513335646,0.0070864126655324,0.005690697324749733,0.003913755882735467,0.0,-0.0004090630509256666,-0.0005840659382781334,0.004759490518558133,-0.0005811824742343663,-0.00020093290884719948,-0.0015900036646924673,-0.0027139223223112663,0.0005716765561146808,-0.00028330270508783326,-0.15112893333333466,0.0093644079992584,-0.024212684666666665,0.011346985555669866,0.0300000000000001,0.050000000000000135,0.11666666666666654,0.11666666666666665,0.12,0.1133333333333333,0.10666666666666687,0.08000000000000007,0.08666666666666652,1.0999999999999999,0.49333333333333335,1.03,1.3233333333333333,1.5033333333333332,1.43,1.7733333333333334,2.4933333333333336,0.0013387207838318667,-2.412233819803332e-05,-0.0004906801592146667,-0.0013943780500356,0.0009298006958595666,0.0009350169758694485,0.0,0.0021299326995903333,0.0,0.007545344974758599,-8.910869033022335e-06,-1.0172720071775776e-05,-0.002998628330846,0.0011468779622008523,-0.0009168492661332559,-1.0628607748906118e-05,0.0022909597625871965,-1.1845955199866887e-05,-1.0670251872126404e-05,-1.1636905282636379e-05,-0.00020055591983885072,-0.00018180598202196665,-0.0009464987843782333,0.0003711542255581334,-0.0023429852254407742,-0.0018713255609007669,-0.0012503766915837762,-0.0024378274964338992,-0.0010447773501074998,0.0010059901175057666
1967-12-01,0.004850829795338133,0.004633622051402434,0.0088091055286159,0.01282983413798,0.011117610241133368,0.007944660004437967,0.006843293897006834,0.008317931613458,0.007903939350989767,0.0212390037806108,0.002722072651880967,0.0134030396267217,0.0095086636123973,0.012272718036377167,0.011882628589309134,0.008657284076129666,0.0120159009427459,0.0005900997343420332,0.3463666666666683,23.0,0.03888934433333337,-0.0026363454751958753,-0.0015625967674323664,-0.09999999999999987,0.2333333333333337,-0.057018591641073625,-0.020728363424510135,0.021203728171394737,0.020874474400490495,0.0217468406228004,-0.0015414285657045675,0.0029016412770796,0.002105462877037067,-0.0018264885882084,-0.010423902736793765,0.004464352445479433,0.006855504192254566,0.0007163839708462333,0.0032910837907925666,0.0017401134763209002,0.0008995713977562331,0.002116409226219433,0.0038083562462431,0.004323892909589166,40.199999999999996,0.03333333333333333,40.56666666666667,7.24811048674466,-0.06388913973739668,-0.0352130094671933,6.315513735324603,5.570289657634842,7.14060767648856,-0.08418047409995683,-0.026911822784146434,6.0834919134513,5.555892325310043,0.015059713183469832,0.005270602162873066,0.007327821813529233,-0.010331125666666633,0.00015748042036926665,-0.0006116750599976668,0.001923726551096,-0.004051662534658067,-0.0002935047590643996,0.0011076027838852335,0.00012651722236019987,0.0002333688520961333,-0.0052052795816362,-1.2251583999999978,-0.0021674608792719664,0.010144977666666666,-0.0005119761677367666,0.24333333333333365,0.17666666666666633,0.14666666666666675,0.056666666666666664,0.01999999999999985,-0.010000000000000064,0.016666666666666736,0.11666666666666649,0.1066666666666667,1.0633333333333332,0.48666666666666664,0.9133333333333334,1.17,1.2766666666666666,1.2466666666666668,1.7299999999999998,2.4166666666666665,0.00026096235032343346,0.00012068627817019436,-0.04811603702800107,0.003490433289098434,-5.158401617873551e-06,0.0,0.0,-0.0021265518826834666,0.0,-0.0035704796570829676,-1.1636905282636379e-05,-1.4965635162666633e-05,0.002951380097408,-0.0011835637666659333,-9.609471095439545e-06,-0.0008364705351420424,-0.0011590967622077668,0.0009673847739137762,0.0009193678909468418,-8.54982195027295e-06,0.0006141550943894,-0.00017191971276480015,0.0013242132205714332,0.000335990163090226,0.003357124991916566,0.005215996876974767,0.00356028398109893,-0.002584165304173333,-0.0032022368959410672,-0.007659054472661068
1968-03-01,0.006852974548372334,0.0053573557936700995,0.004639696689595568,0.0007573103356062334,0.011096055864438065,0.0027134184915367336,0.0019449107789453668,0.0011007467555324332,0.0031882459248563665,0.004862963406193367,0.0026935408443762,0.0015246446570344,0.003828565187578726,0.0035455164119611664,0.005844404682711632,0.0023204056342911,0.004128823850692667,-0.0012829665001798003,-0.18070000000000164,27.666666666666668,0.0335727913333333,0.0029601686591321,0.0038200616408593335,-0.06666666666666667,-0.23333333333333364,-0.00506805432014464,-0.01818632808347803,-0.08226018607682599,-0.08301165508231693,-0.08102592207167574,-0.026938501746348237,0.003731308188767667,0.004381654364179828,0.008029791732724067,0.019162363639226868,0.0016772219363977,0.0014144079964897999,0.0020925545489038334,0.0034133016899074997,0.004512452616149034,0.003480084389147167,0.0054184367171441665,0.0032449096989660337,0.0023656740051188336,40.266666666666666,-0.09999999999999999,40.63333333333333,7.3217820090715025,0.01678462871520354,0.02244005469981633,6.453053281071857,5.691866421382177,7.19459141371712,0.09818813735824013,-0.0030166118399700716,6.116547546514849,5.62358279344907,0.0029950163404871993,0.006907937610123433,0.006030587624486767,0.0034437083333333333,0.00015723217854513323,-8.810723564896664e-05,0.0022981931087858,0.0029520407752476664,-0.0065233653980325,-0.0066401062416999,0.0033765363328791334,0.0001509715054547032,0.006966647286348032,-0.30813580000000235,0.0022023046919136674,0.004845702666666692,0.0037147465750371664,0.38333333333333314,0.07000000000000013,0.1266666666666668,0.08333333333333325,0.09333333333333348,0.050000000000000135,0.03666666666666646,0.013333333333333336,0.04333333333333326,0.4766666666666666,0.003333333333333336,0.15666666666666668,0.3933333333333333,0.5066666666666667,0.47333333333333333,0.9666666666666667,1.7,-0.00046065973795629984,0.00010868151429713336,-0.001011592509048578,-0.0013856192877305668,0.0009068641449719249,0.0018365519369898334,-2.4864369822334236e-17,0.002113071069249306,0.0,-0.023970032443724268,-8.54982195027295e-06,0.0006100998057756215,-0.0029368765607184003,-1.558506327811882e-05,-7.073461433915184e-06,7.517135062566164e-18,-1.5167371952171134e-05,-0.0009874532648121812,-0.000937474203458675,-8.401772774687307e-06,-0.0005019204782564,-0.0009660325590656666,-0.0006668949418810001,-0.0002546086263581667,-0.002297059468743134,-0.006150875832591733,-0.003607407012987633,0.007175442861899567,0.004791695561781467,-0.004384039819219867
1968-06-01,0.0053082523301443,0.005672713626544468,0.008223402527866066,0.007842457659400833,0.011704426290834832,0.004429452062999334,0.0028988069345250336,0.0029996611683118005,0.0030234690194385666,0.0045506408374633,0.0024701887702861997,0.0009784796146491334,0.006710373450591767,0.006184027416260534,0.0112937517063226,0.0038716581708657,0.0020014945189871336,0.012113981538278334,-0.04056666666666301,32.333333333333336,-0.013410546666666632,0.0029678818975812666,0.0023123817851562335,0.06666666666666667,-0.09999999999999966,0.04569799352315703,-0.009880193762097698,0.026876578133369865,0.0300268110356825,0.021652632091590702,-0.0046384893539913,0.0028006827396940665,0.0018262425179203666,0.0018387008594663665,-0.001473407438038367,0.0024544932678581,0.0023341508430730997,0.0026443922036977333,0.003276820396664533,0.002058394471837,0.0033302389604905336,0.0031444060881161,0.003213625678892966,0.0039058587726892666,40.46666666666667,0.16666666666666666,40.86666666666667,7.272968891741773,0.045810011013393194,-0.002614392487009768,6.361400546031253,5.5967671954141975,7.180444749616387,-0.03012802048942323,-0.0030441611877601027,6.144610234335556,5.630551695428494,-0.0034723170374775006,-0.005664903199605167,0.005967395049678334,-0.006887417000000034,-4.046418365860283e-05,0.0002786639073534333,0.0012818063606620668,0.0013880108164142666,0.003868515373436,0.006666666666666667,-0.0008883621826247332,-0.0012264816399672333,0.0003742953644572334,-0.2358185666666657,0.015753641759271367,-0.0343675356666666,0.011843232047315902,0.09000000000000007,0.1266666666666669,-0.02333333333333366,-0.02666666666666666,-0.019999999999999685,-0.03000000000000001,-0.04666666666666666,0.0100000000000001,0.0033333333333335304,0.13333333333333333,-0.57,-0.44,-0.14333333333333334,-0.23666666666666666,-0.36999999999999994,0.19666666666666666,0.96,-0.003110706578490567,-0.001650321356116806,-0.0016416967670088666,-0.002011673778156633,-0.0009220015548122244,-0.0009245586640317001,0.0010116345650513859,0.002126487585463493,0.0,0.0175959733543676,0.000945310682703168,0.0005907886693949977,0.0009760865930295669,0.0011052818622827368,-6.961921769133306e-06,0.0016420394453520667,0.0010835323820234234,-1.1105743336199854e-05,-1.003592862501322e-05,0.0009373387418343975,-2.8834244579399978e-05,0.0004006507425552,-0.0001354305823001,-3.903485289716667e-05,-2.8856593569327505e-05,0.002543162183585867,-1.6244710319426012e-05,0.0031091197289404332,0.0019835418802908998,0.004429845553796467
1968-09-01,0.0036634426163252997,0.003465163313414,0.0009943047954388666,0.0033849766665833675,0.006400120267435,0.0028498167970121002,0.005116594478984766,0.005613087804695,0.007381848990113966,0.012086886677413632,0.005208226164577366,0.0093825551781615,-0.0007536587454434,-0.0014739969270367674,0.004855010030822466,0.003908159159403401,0.008583146805269767,-0.0029381630009721314,-0.03263333333333648,103.33333333333333,0.06689776100000004,-0.00024068456800919994,0.0005996504386723001,-0.10000000000000002,1.295260195396016e-16,-0.029611510517048235,-0.01308961636305797,-0.0328673256015133,-0.019273190296275302,-0.057021467423106896,-0.017880894316438866,0.0028986325332631332,0.0013408438567932002,-0.024852288546279164,0.010084150834463967,0.0005106042539715334,-0.0005372012981143333,0.0021565944892607334,0.0036555233040497337,0.0038812201440213,0.0028253125909139336,0.004605224196222766,0.005321983892365233,0.0022941893013932,40.43333333333333,0.033333333333333326,40.86666666666667,7.339316314432054,-0.0518161795142866,0.007782454665663331,6.442049330895607,5.703262439582726,7.25369182748441,0.028753448094803336,0.030190938501150136,6.229761633247257,5.71444348994055,0.03256296041571007,0.0115671208595926,0.0070054355028817674,0.0034437086666667,0.00031085660940986673,0.000561916279478,0.0034575596097384336,-6.012703218366613e-05,0.002456785112899267,0.0011458333333333008,-0.0005833426318483332,0.0017657713078224335,0.0010368932531310663,0.12444183333333103,0.011433425254632637,-0.020809936999999935,0.006402696646283967,-0.04,-0.13000000000000003,0.013333333333333336,-1.295260195396016e-16,-0.026666666666666835,-0.016666666666666604,0.026666666666666634,-0.050000000000000266,-0.0466666666666668,-0.07333333333333333,-0.6966666666666667,-0.61,-0.42333333333333334,-0.39666666666666667,-0.42,0.12,0.91,-6.980234328713337e-05,-0.0017975818175723001,-4.1843630408333316e-05,-0.0002794987819229,-0.0009095048844014417,-9.872740377224262e-06,-6.1033852428502766e-06,-0.0010963342338624826,0.0,0.0048701651238880666,-2.176959604567293e-05,-0.000653110576072976,0.0009675865526538667,-3.691685221148539e-05,0.0008555648236114667,-0.0016420394453520865,-3.571824026803028e-05,-1.0853697584392788e-05,0.0008923013045678371,-2.140113212719651e-05,0.00044490587153453334,0.00015777425310226667,0.000703190986916,0.0003470831799909547,-0.0011085651165123665,-5.99774657711998e-05,0.0011199190313045668,-0.0038740697996105336,-0.0013210193767060998,0.004406122855495934
1968-12-01,0.003161974038339533,0.0029591691601963,0.0037094620514079666,-0.00023582222508324036,0.006894093316230866,0.007345487187176433,0.006431190472031834,0.004863713124681033,0.004227589641504733,0.009751900159726533,0.0015737297858725002,0.008354897111813633,0.008654676407204234,0.0076675631728832004,0.007966448336222967,0.006734570715258389,0.0140443814656274,-0.011229476969444532,0.22286666666667065,32.666666666666664,0.007094511000000033,0.002566769396461,0.002531122822758133,0.0,-0.10000000000000032,0.010237110767032367,-0.005892409327955469,-0.043279087361460376,-0.062364945182204,-0.010101783165109623,0.00971371163583313,0.0034646133173984336,0.003328700852716667,0.02535199714323817,0.004176212561056634,0.0025232705014399336,0.0048039262204344,-0.0010765531602500667,0.003530400968566367,0.0025625988620809332,0.002353263915185933,0.0032682295592814333,0.004337580750426267,0.002961763623600733,40.333333333333336,0.0,40.800000000000004,7.4064080140367565,0.07799785577942674,0.06077385226465313,6.559233705608917,5.705297729141207,7.2638208802951,-0.004158058075060071,0.026824117740856565,6.240323229926314,5.7810418631583795,-0.0056795688406771,0.004320917750369767,0.004639354857027034,0.0,-5.318702820596668e-05,-0.0009328090007813001,0.003171326780477333,-0.0047011621304784,0.0045255671929142335,0.0035511363636364333,-0.0002456941764984331,-0.00026611218769603335,-0.0019168560914799334,0.2876780333333313,-0.005831052482505767,0.02923023166666666,-0.010934787307469067,0.1299999999999997,0.24333333333333332,0.26333333333333364,0.2900000000000003,0.2566666666666663,0.2333333333333333,0.15333333333333324,0.166666666666667,0.1600000000000003,0.16,-0.19666666666666666,-0.06666666666666667,0.04666666666666667,-0.03666666666666667,-0.12333333333333334,0.3633333333333333,1.14,0.0017792673002304334,-0.0005254896547247,-0.0003768292318337667,0.0,0.0008972638885705333,0.0008948290123780333,0.000984524482359492,-3.2051590264365694e-05,0.0,0.009433446747961767,-0.0009589275132742666,-2.3141605144318577e-05,0.0009592010858458332,-0.0011197300357271918,-0.0008736042939771121,2.8912057932946783e-19,-3.4577070592356245e-05,0.0009217914044899002,-0.0009093469320637135,-0.0009507249187931397,-0.00015854940580813334,-0.0005507506203663664,-0.0003365794126692666,8.414216611299999e-05,0.0010329645210054997,-0.0008840094573521338,-3.817682747104106e-05,-0.0038038348623151666,-0.0036238956600473334,-0.009007037445097532
1969-03-01,0.0038526596611406666,0.0038563124811747,0.0019997402986782664,0.0031805994792731,0.0016294300492762,0.0035010806767748668,0.0017062335972425336,0.0012174284871333668,8.557707790989948e-05,-0.007246769868970799,0.0031338616075512666,0.006570329718369167,0.0060955128253231,0.0062363222818969,0.007512996338260333,0.0038202993348610335,0.0049740839813747,0.017196528435685633,-0.0009000000000016772,21.333333333333332,0.0009387813333332998,0.0031622307527670664,0.0031016414409965666,0.0,-0.06666666666666633,0.009723792433426666,-0.009038642871962635,0.04327908736146036,0.06368507892090304,0.007604892588723798,-0.0133173503372384,0.0030248718446816668,0.0025077660683176578,-0.0025060681069547334,0.0052406095342275,0.0021990382392,0.0018496546337451335,0.0027546436851946664,0.0032748105019422004,0.0036131402050187337,0.0021544790451474664,0.0032503393094831332,0.0044796851603958335,0.0009814352391372,40.4,-0.03333333333333333,40.73333333333333,7.374498682159881,-0.046227795844650026,-0.10357928291723646,6.40125211925112,5.750570179420237,7.284660873368433,0.004158058075060031,-0.033406372052466736,6.236836461958177,5.767753129547724,0.021122114468199133,0.012069619176218732,0.007971850470941134,0.0034437083333333333,-0.0010233777680446982,-0.0007134513975870334,-0.0018235025197110663,0.003687183692871233,-0.007140254222968166,-0.0087896337896338,0.0018639512621900333,-0.00038215737702146667,0.0005964454745719999,0.114662933333335,-0.0022954673432110996,0.016827000666666602,-0.010794803363578367,0.36999999999999994,0.16999999999999996,-0.009999999999999967,-0.050000000000000204,-0.0266666666666667,0.016666666666666732,0.043333333333333,0.10000000000000009,0.07333333333333324,-0.11,-0.8533333333333334,-0.7400000000000001,-0.6,-0.5866666666666668,-0.7166666666666667,-0.1366666666666667,0.5133333333333333,0.00016198267104217153,0.00020292527643006665,0.0008507497487877666,0.0010856257366834,0.00088051810321691,-1.4414102760391824e-05,-0.0029747929613119003,0.0020014463018104005,0.010101783165109667,-0.0080013408070925,0.0009066083347872151,-2.256357691532357e-05,-0.0019267876384997326,0.0010359112514960681,-1.0902188833313413e-05,0.0007908267845435334,-4.0061695058499994e-05,-0.0009504073922598173,0.0008665597767089313,0.0008992742675828597,0.00016399796962786664,2.794126019116672e-05,0.0005814877370857667,-9.45314610886e-05,-3.90663151145591e-05,0.0007237145115686332,-2.9631275831150036e-05,0.005392541965772866,0.0039547360103853,0.003572225152311734
1969-06-01,0.0042682712705642,0.004441942616875667,0.0005154676108549666,-0.00032669293202930005,0.0012656786406909668,0.0037338581924541334,0.003640711173648533,0.0044845387693916335,0.007101710003341932,0.006597770397641867,0.007211429497795667,0.004461095877351467,0.0038030988006378997,0.0022346348373241003,0.0050083953173629,0.003087368124310267,0.0142129870723874,0.009658538404063333,-0.06136666666666699,-51.666666666666664,-0.03602385400000003,0.0022593626237519334,0.0018694603140586667,0.03333333333333333,-0.03333333333333347,0.017451743444642735,0.0219488552658621,-0.0078640606722734,-0.0511640450623534,0.06160822900402446,0.04206720204065973,0.0031107959382871667,0.0025470414652411333,0.0038902297725519,0.006801081437232033,0.0015772334692947,0.0015190047611254667,0.0016696848602504998,0.0033826275937033664,0.003502320784327467,0.0038373061364609003,0.004459635917096767,0.004517845627076933,0.0025761093577039667,40.300000000000004,0.0,40.666666666666664,7.306632375929993,-0.14850420307914663,-0.05365888163255344,6.386517397874971,5.840571228985426,7.18386660706054,-0.04886782473062673,-0.04791950735321657,6.1266729122111565,5.810634395564716,-0.024334963370489997,0.003362747497392333,0.0073398212730713995,0.006887417333333333,-0.0005029256466118,-0.00017785260055830005,-0.0023834484228097,-0.0018681434536640664,-0.006161604891367732,-0.0038610038610039006,-0.0034395991932211333,-0.0009671997725642668,-0.0013574222408780001,-0.45044266666666516,-0.022422273338875736,0.08059298733333332,-0.027020626986258733,0.3999999999999997,0.536666666666667,0.2966666666666666,0.3700000000000001,0.4466666666666667,0.23666666666666666,0.18333333333333302,0.06333333333333334,0.10000000000000016,-0.65,-2.2333333333333334,-2.013333333333333,-1.7066666666666668,-1.96,-2.19,-1.7766666666666666,-1.04,-0.0008957465178297,0.0012920040611054666,-0.00037629354889846665,0.0013597892644127334,-0.0009017411896975687,-0.0017825354421985,0.0009847372991438617,-0.007940048075884233,-0.010101783165109634,-0.002316560417976766,-2.5090388134990485e-05,-2.5106545916322357e-05,3.2959746043559335e-17,-3.3069111162441094e-05,-1.0628607748897878e-05,1.1573293502651256e-18,-3.225130217154596e-05,-9.981085843158733e-06,-2.2903997901693482e-05,-0.0009243680556275,-1.63218430043335e-06,-4.6444962068266684e-05,-0.00040562888169863327,0.00027776700594326666,-3.764139051298796e-05,-0.0031898170053835996,0.0010551552018898316,-0.0005113689931880999,0.0007190237422255002,-0.0031105382527449993
1969-09-01,0.0035575848821865663,0.003459258259707533,0.005179841101131133,0.009035317539980233,0.0120671725050414,0.0007874566903336667,-0.0013518753980627334,-0.0020679916400464537,-0.0029916729968058994,0.0019858010319171336,-0.005161011903017667,0.0029234287741118996,0.004197967028082334,0.005967334535137867,0.0011584127403203666,0.00034455367303880003,-0.002398957805875,0.005432392717569433,-0.29513333333333464,29.0,-0.016224005333333333,0.0027394432601515334,0.0020715649395478,0.06666666666666667,-0.06666666666666647,0.024391830704426937,0.014781730842524002,-0.002663130011159566,0.0307911067103384,-0.0541729764992581,-0.015525682020213566,0.0018423263911854,-0.00020304863642546655,0.0058601142334753,0.0007270086487866999,-0.0005189461075894331,-0.00011660107974853306,-0.0011586154637844334,0.0028228722653634,0.002608760997068367,0.0023450031104085335,0.0030139867553030664,0.0030104598894311,0.0024222956817923666,40.300000000000004,-0.03333333333333333,40.56666666666667,7.254069220051477,0.04611947779094667,0.006779894745706672,6.335795608411414,5.7717431072113365,7.142559628873293,-0.018022407090090134,-0.016867004431263464,6.124817135355532,5.758832316557156,0.011459426834419402,0.0029020389945995663,0.0072015238333158664,-0.010331125666666666,0.0006551700359243667,0.00016789566995213328,-0.0022513997487226003,0.0017932724187064667,0.007353040564984834,0.005148005148005067,-6.767602506543041e-06,-0.0007576394524404197,0.00010574910335906666,-0.4078518000000033,0.0028386861354272666,-0.003547644333333367,-0.0006374951302292332,0.1300000000000003,-0.02999999999999997,-1.6653345369377348e-16,0.01666666666666667,0.013333333333333142,0.16666666666666666,0.12666666666666668,0.08333333333333333,0.12666666666666684,-0.6566666666666666,-2.09,-1.8466666666666667,-1.4466666666666665,-1.7433333333333334,-2.13,-1.9666666666666668,-1.07,-0.00045652038070843334,-0.0012203581324028085,-2.7890501905833334e-05,-0.0008646783923488,0.0008600742336229596,0.002607575227069749,0.0019436401035976332,0.007740920716306401,0.0,0.002030453739848767,-2.4415910394980186e-05,-0.0005995975748396,0.0027972192120827334,-0.004140959817417433,0.0008177925789009332,0.002346451276238794,-0.0010490460635145737,-1.2174914564087725e-05,-0.0008781137039886,0.0008756614592065233,-0.00032977152871003335,0.0008549225165224664,-0.0011865842820446334,-4.709613710340001e-05,-0.0010357585624082095,0.0022701563341756,-0.0021960012118306792,0.001267733386929033,-0.0014549353818864331,4.8427667168565954e-05
1969-12-01,0.0016180335206256002,0.0015027330652272002,0.0012995468052191,-0.009490424566087334,0.0037885452224349996,-0.0102829978551904,-0.009360644993439833,-0.010347524613567435,-0.008100100871223,-0.03392312954489083,0.002606173843870067,-0.013645505835596268,-0.011468931529251434,-0.024162494481903565,-0.0009363000424492,-0.012639512215504732,0.008490632536232534,0.004792195919642433,-1.3687999999999987,-124.0,-0.05855322833333334,0.001986038398011167,0.0014204717526133668,0.06666666666666667,0.10000000000000014,-0.0025825622636083214,0.029881884451888233,0.0472840975630717,0.06356326882149037,0.0167299148412848,0.0716093396525508,0.00025767703108729994,-0.0036468497899987667,-0.0032733487269916337,-0.005214872382505166,-0.003402032932604234,-0.0063280931578961,0.001204876421923,0.0021050158815096665,0.0022334771231816,0.0030782392811274004,0.0017684701051686067,0.0035578971370130337,0.0017652291915700334,40.166666666666664,-0.06666666666666667,40.5,7.097989136624267,-0.06605897619458347,-0.07215152105446994,6.231592058192876,5.646875030293937,7.034104464704356,-0.09254391219942654,-0.09704942680941993,6.03794607452103,5.675575103874579,-0.024570417234889064,-0.003832399479645533,0.003867065043402567,0.017218542999999933,0.0024220905267522005,0.00021889077032886676,-0.0017949911957067667,-0.004439718071257167,0.004455290462997034,0.008530569868859835,-0.0026035768904112996,0.001246723908013367,5.30609987018e-05,-0.291874999999995,-0.0186958177938615,0.06717374100000016,-0.019666105844171465,-0.006666666666666433,0.07333333333333297,0.2899999999999999,0.16333333333333336,0.15333333333333324,0.22000000000000017,0.23000000000000034,0.19333333333333322,0.21333333333333282,-0.24,-1.29,-1.1666666666666667,-0.88,-1.0466666666666666,-1.4066666666666665,-1.2733333333333334,-0.3466666666666667,0.0007579452131476002,-0.00044156522734320236,0.001419448560859,-0.001549669612748,-2.6709580072999957e-05,-0.0008937753935969187,0.0009258180752690686,-0.003853607467025333,0.0,0.010327243724237599,-2.8446467321400566e-05,-1.197339511716668e-05,0.0008658213131155332,0.0040963620415056,-2.4268015978989865e-05,-0.0023611814742518305,0.001963214247138323,0.0008688174212491245,-1.3049463994866764e-05,-2.79966964062221e-05,5.497829173659995e-05,-0.0015080224759647341,0.0010639575584993667,-0.0002151640616342,-0.00196954335415578,-6.020348795244378e-05,-1.0142656463892533e-05,-0.007974918917791833,-0.0044813007945989,-0.001521339796765266
1970-03-01,0.0054069476863508005,-0.00012566761066249975,1.3652529474333474e-05,-0.005310910532326567,0.0023461595800361996,-0.0015106278301359334,0.0008288711720872,0.0007460190867786333,0.004222233817326333,0.007823034722422833,0.0027353892557971,0.0019300252163110335,-0.0049760429336002665,-0.011529724067055802,-0.0003361844748830005,-0.0018826876697150667,0.0024817660808337002,0.0018526806994233333,-0.4106333333333317,-103.66666666666667,-0.08361257133333337,0.0030195056349674333,0.0006340753925175,0.23333333333333303,0.09999999999999987,0.057517255066049856,0.056699993744978666,0.1113831184016913,0.10950135565734527,0.11514102238043267,0.09173526025487937,0.0008045432511968,-0.0025619632280016666,-0.0028078454902692334,0.004942429920805733,-0.003949342332185517,-0.004637808011123567,-0.0028803895839009997,0.0023720013165716668,0.000591499131918,0.0007577661963657001,0.0009724777950974,0.0032362713756536998,0.005529007891599467,39.86666666666667,-0.09999999999999987,40.03333333333333,7.166874682393633,0.12275050392257676,0.033030300881409964,6.269037418994416,5.6245663954838365,7.05363912518348,0.0626205790565232,0.028102368819996667,6.051434740376856,5.715594044363623,-0.017489551538168033,-0.009910025780490233,0.005929797814700234,0.013774834333333333,-0.0021224079912129665,-0.0003387497560360998,-0.0059231995197616995,0.006138249155238334,-0.002162815703837468,-0.003619643905302332,0.0017725660742590333,-0.0019568506166492,-0.0015854223315585334,-1.2620279000000008,-0.016494154811283,0.06310635233333341,-0.016056679709245934,-0.2933333333333333,-0.24,-0.4533333333333333,-0.3933333333333335,-0.3466666666666667,-0.2233333333333333,-0.13333333333333366,-0.02666666666666667,-0.05333333333333353,0.03333333333333332,-1.5233333333333334,-1.4799999999999998,-1.0733333333333333,-0.77,-1.0466666666666666,-0.41333333333333333,0.42333333333333334,-0.0009748179165254333,0.00026242152340127234,0.0007905964384419666,-3.1066995999314555e-05,-0.0017094054556398332,-0.0017137998334728335,-0.0009646910910538995,-0.000937647125538333,0.0,-0.0012931200702757672,-2.7557509092446266e-05,-9.790531577766586e-06,0.0008598692101580997,0.0009597786303805187,-1.5786939468010314e-05,0.0007600044422008999,-0.0010394153245420331,0.0008371208832563138,0.0008258954067854332,-2.7128575900370332e-05,0.0004987610033372667,0.0003687910520477667,0.0009000248046267667,0.0002178424049037103,0.002905740862936442,0.0021097620346119668,-0.0010565249204263119,0.005805185695577333,0.0031908368333048998,0.010027931309218202
1970-06-01,0.0009898163094863334,0.003534073245556067,0.003328131104122467,0.0052888899691681665,0.0096246063066303,-0.0006512826459382999,-0.00039038945806246675,-0.0008876041378735668,0.0034365587585297335,0.007327532642390233,0.0018482088559711668,-0.0032353616139792333,-0.0009388036611284331,-0.0018515928538449667,0.0017428623172699002,-0.0007519529701236999,0.006416023396443933,-0.007882868448009601,-0.3120666666666714,-116.66666666666667,-0.05285403933333333,0.0007003649302923641,-0.0008626381228928667,0.13333333333333355,0.2333333333333337,-0.0010926412655569665,0.06122562554365516,0.03166937020939597,0.022552882824604964,0.0490178059854988,-0.04228519374594047,-0.0013810784194265003,-0.005318905175271234,0.0009937072612693665,-0.0021875933041748665,-0.006097055029625134,-0.008792523687654099,-0.0019654696844344,0.0004232631421862,0.0012976152093747667,0.0015593079230278,0.0007018252276965257,0.0014178385193522665,-0.00020995722815798142,39.63333333333333,0.0,39.86666666666667,7.240114298441896,0.04431293333819336,0.059723982630353334,6.39427040931783,5.7000927958659,7.1889143623149865,0.07401265600215333,0.09125192091786345,6.215139301598707,5.770475648240473,0.012829643407702799,-0.008484711870151967,0.0044409371045380334,-0.006887417333333299,-0.0009749138730754912,0.0015532731240626334,0.002563780943543,0.0003367155644766213,-0.0012099226835262666,-0.007523490373874733,0.0017811708635960667,0.0003969043123393668,0.0014900875762725333,-0.17397796666666432,-0.0422411351625791,0.17067189000000013,-0.037726410209990895,-0.29666666666666636,0.07666666666666623,-0.02,-0.02999999999999999,0.013333333333333308,0.02999999999999999,0.023333333333333244,0.20333333333333303,0.2333333333333337,0.6533333333333333,-0.9266666666666667,-0.7866666666666666,-0.11666666666666665,0.22,0.15333333333333332,0.7600000000000001,1.6266666666666667,0.00013168953975359996,0.0011957850134403595,-0.0021542663289343665,-0.012858646723718661,0.0,3.3248866622888805e-17,-2.1522907106459484e-05,0.0018886701196737666,-0.004004052149334534,-0.0168471962592544,-0.0008781137039886,-0.0005731640299690334,-0.0027451277435689234,-0.001037731001836993,-0.000813887646083257,-0.0007793848505516333,-3.303218989610577e-05,-0.000891387972421788,-1.658416047188192e-05,-0.0008712301177819333,-0.00047266242414226666,0.0007083027614944666,-0.0011538129410193334,-0.0003263187920265,-3.2843149356133354e-05,-9.132837172993402e-05,0.0010272221791360334,-0.011141570666023767,-0.004101906208664034,-0.0018996497030222333
1970-09-01,-0.0005436330304421,-0.0021710184422118997,0.0010122079968658668,-0.004219714425738933,0.0036667928957943,-0.009636340805559734,-0.011144933708621033,-0.013413933831420935,-0.011117090417906365,-0.03988072409629314,-8.617318206000004e-05,-0.019198550453526,-0.007215755217210233,-0.020524722528076165,-0.0003251220201707333,-0.012625590910285768,0.011538301192309433,0.009033019198158401,-1.228300000000001,-82.0,-0.0380018703333333,0.0015044225396187003,-0.0001736430996016333,0.16666666666666674,-0.066666666666667,0.0375192724573754,0.03361187368651206,0.0508076058754402,0.059733809819237,0.033835648780611925,0.0507347114432661,-0.002505179878095717,-0.010961481067946933,0.0036729807258556336,-0.0017420843759872334,-0.013392195810408666,-0.019229367448784132,-0.0047268706628073665,0.0012665742190301334,9.417526078553337e-05,-0.0009994716171745667,0.0014748202257989333,0.0020686479180511332,0.0025108004157475667,39.36666666666667,-0.10000000000000002,39.63333333333333,7.314775694204563,0.001380264222013305,0.004179783084246667,6.466253198525156,5.859597346997667,7.285854371133323,0.03230596573080677,0.013736756215553305,6.297418240268876,5.950075328680323,-0.028091673563142298,-0.0103019642330141,0.0036686515151024665,0.010331126000000032,0.0010850701075145392,0.0006469400075505999,0.005239644914839266,-0.004734316725997767,-0.008307490977562901,-0.0012484394506866333,-0.0018692211141176666,0.000563657250596685,-0.0011095113204510334,-0.1773205666666704,0.036056520612138,-0.14762474466666667,0.0439947811713258,-0.3366666666666666,-0.48,-0.17999999999999997,-0.09999999999999996,-0.2233333333333333,-0.15666666666666654,-0.04333333333333344,-0.1366666666666668,-0.02333333333333343,0.9866666666666667,-0.22,0.04,0.3466666666666667,0.96,1.05,1.7166666666666668,3.02,0.0020845947404325668,-0.0014582065368416335,-0.00044649092764753335,-0.0034730989177382664,0.0,-0.0008470991428909004,-1.582566448316668e-05,-0.0009510229941355001,0.004004052149334534,0.0004432798139615667,0.0008383551707661457,0.0005522021263164666,0.0017402805677759672,-0.0009960039589006662,0.0007832137403531409,0.0014829339047351929,-3.192185532278436e-05,0.0008190516741124333,-1.625817989999902e-05,0.0008320786603239452,0.00043675319246003333,0.0011904130608613001,0.0002604978506566334,0.00035309548320816667,-0.002826346029497467,-0.0014735498924740669,-0.004080678645357488,0.009650046823812401,0.0039056291545692665,0.0039909205358318
1970-12-01,0.0036584000580474328,0.003924102777407466,0.0054266940292091335,0.008021703961958332,0.010055461323304966,0.008098088639006634,0.0068726201854203,0.008509246099796032,0.016770862634384133,0.05078163264409907,0.0037253604425723,-0.005000336711497234,0.010079722734080468,0.0207660799873029,-0.0026686307319631337,0.009435720020442835,-0.0079042478504083,0.010822422367193133,0.49653333333333705,-32.666666666666664,-0.02115016633333337,0.0022896986185637668,0.0007574366367310332,0.13333333333333333,0.6,-0.011946671125344366,0.0336202034449913,0.12237532590407187,0.0960567448437607,0.16898571566269002,-0.03672273907530983,0.001622040271792933,0.0018109677475972334,-0.0033974758475112665,0.0015591352312558336,0.0020704601247280665,0.0047831363929991995,-0.0019096777144084667,0.0015392727687094001,0.0005644935021109666,-0.0015344239081643335,0.0027053801966623,0.0032647991974290667,0.0022074275936981667,39.43333333333333,0.033333333333333326,39.63333333333333,7.487868877800353,-0.009784070670843434,0.025961218938946633,6.665621798175174,5.992866910739443,7.3986234742270165,0.019498735560536763,0.0426939292856533,6.431487770172993,5.9485563922953135,0.05082207115642364,0.0031409228065406667,0.0034798542026337666,-0.010331126,-2.088612832399999e-05,0.0005639306171625333,0.0045916448467606666,0.0008220308317309655,0.015747522818011134,0.013840830449826999,-0.00017653702355426652,0.0002766028789468666,0.0007663130120020002,-0.7505573333333273,0.034214196841896104,-0.13775164566666667,0.04454156014972984,-0.686666666666667,-0.5799999999999996,-0.49,-0.58,-0.62,-0.41000000000000014,-0.363333333333333,-0.22333333333333286,-0.19666666666666677,0.8333333333333334,-0.01666666666666668,0.04666666666666667,0.14666666666666667,1.2233333333333334,1.61,2.8033333333333332,4.199999999999999,-0.0019761835824201,0.00019799931869153329,0.002559193633011433,-0.0032130342868312337,0.000836470535142,0.0016920510106202668,-0.0009402041955975667,0.002886020914371467,0.0,-0.001112572599282699,-0.0008598859673483854,-0.0005643618925509666,-0.0009572305022246,-1.646863137773318e-05,-0.0015835342528658666,-0.0015062431130474653,-3.086657923330923e-05,-0.0008700789163810329,-0.0008299237303076067,-0.0016835052620229097,-0.0009429172425902333,-0.0003873144884372667,-0.0019630576198679,-0.00041276112382890003,0.004585406136926967,0.001982975800054012,0.007045520148460033,-0.0013650931136647334,-0.0027415656751586005,-0.0001847768866394331
1971-03-01,0.002592542819609567,0.0021784689381239334,0.0027857705792718665,0.005044381316949933,0.009987365055811999,0.0008688545586138999,0.0009952637433399665,0.00014544589313073326,0.003480801357087367,0.009999094669967066,0.0007928644876565001,-0.003505378124504367,0.000851648526399767,-0.0004930992521631667,0.006820935771738834,0.0012095297757474999,0.008550798132650268,0.004337444223627067,-0.10383333333333666,20.333333333333332,0.004988438333333334,0.0003814155699952998,0.0005194773336641669,0.0,0.13333333333333347,-0.014199129822793635,-0.010622579616007365,0.010610975524403566,0.005805661998000637,0.0181039964512468,-0.012850531007085634,0.0008033773911595333,-0.0006489595523137332,-0.0033211832370637333,0.008313433519451434,-0.0025366335006330332,-0.0034747907496856002,-0.0011510802805633333,0.0014379041081054999,0.0014070655478750334,9.857266848869999e-05,0.0019215643785450668,0.0026811035312448,0.0017297280291697751,39.53333333333333,0.0,39.800000000000004,7.53698376847133,0.0,0.08811913329512323,6.675578229740854,6.128594070899683,7.435747073727057,-0.016832054671513507,0.029610404568869875,6.474749388094874,6.084414651113113,-0.0088262388431198,0.0009289949057335335,0.006213822299799866,-0.0034437083333333333,0.00011733181912663338,0.0009434956724731668,0.011504296389587632,0.0024620679826059997,-0.011187488183317834,-0.009305683057536766,-8.700131547723332e-05,0.0015200413618687333,0.0017622146548384333,0.09055983333332533,0.03229150317547063,-0.11058906233333339,0.041473110874383164,0.00666666666666695,-0.18000000000000002,-0.19333333333333336,-0.14666666666666664,-0.09000000000000001,-0.08000000000000003,-0.13666666666666666,-0.036666666666666674,-0.09666666666666708,0.5466666666666666,-0.21333333333333335,-0.09000000000000001,0.10000000000000002,1.5433333333333332,2.02,3.3200000000000003,4.573333333333333,-0.000511390151443,-0.00048151253969751467,0.001672302088864267,-0.0013534721904929665,-8.312759254865191e-06,0.0008258954067854332,-0.0009272143206256069,0.0027163518577556,0.0,0.0151210331859111,-4.1771356129502975e-06,-2.7320724820667267e-06,-0.002560832057338767,0.0009191011388126976,0.001557635233130688,-4.809229874188266e-06,-0.0009245586640317,-0.0008322728752154,-7.760691322613046e-06,0.0008261053381558091,0.0005979718423664667,-0.0008083722650242667,0.001992745477985933,2.9337401443291743e-05,-0.0009684263275409126,-0.002097534586203833,-0.0020312737145498005,0.006467573674181967,0.0039287890451872335,-0.002814989631655033
1971-06-01,0.0032906603715379657,0.0019281572101317668,0.0010108377345245335,0.002309005816532799,0.005251912079691234,0.002113402401108,0.0053488865498132,0.004565442120258524,0.007872408949163,0.0139526995234312,0.0052962275711321005,-9.221367992516686e-05,-0.0027460451334713337,-0.008744213419889233,0.008119012878048,0.0036405826814737002,0.013457460166898435,-0.0039765498756001005,0.08606666666666729,33.0,0.004016583666666633,0.0015608377797367002,0.0013392987971698335,0.0333333333333332,0.19999999999999982,0.0006038648994503333,-0.005548570280954999,0.028350410872718636,-0.005317975980747301,0.07408736856213456,0.006544036591697266,0.0013066310610127944,0.00018554597380496653,-0.010683407002148933,0.0045207447341167,-0.0004473620900030335,-0.0007516711520629667,-3.3248866622888805e-17,0.0017937263015058668,0.0011913534529141333,0.0006400127999448667,0.0029899481359259334,0.0034808413769979664,0.0016951801059459,39.6,0.03333333333333333,39.96666666666667,7.626830091436166,0.0666322338718199,-0.02766563985699007,6.771078143717187,6.224489375634239,7.590937026734757,0.09422985028288682,0.027960494660233235,6.6083214414772735,6.19045433860024,0.0005189323788676002,-0.011465027866178068,0.004229461087019067,-0.0034437086666667,0.00025832303570333333,-0.0010783614365023333,0.006434041763530533,0.0019025208880070938,0.0032544675385062336,-0.0034090212661641328,0.00024987519975016675,0.002151680445865764,-0.0003479341639387667,-0.11711986666666396,-0.013203046031682035,0.03725500966666676,-0.010241097907621134,0.383333333333333,0.39333333333333304,0.5133333333333333,0.5333333333333331,0.58,0.3999999999999997,0.3000000000000003,0.12999999999999967,0.10333333333333357,0.4466666666666666,-0.18666666666666668,0.03666666666666666,0.6233333333333333,1.6033333333333335,1.5966666666666667,2.6533333333333333,3.7600000000000002,-0.0162145396573962,-9.222638418794676e-05,8.270614549088871e-05,0.0044686064325655,-0.0024742516560813,-0.0033292254878860335,0.0018115986619856213,-0.008376313884624566,0.0,-0.009410686542516367,-1.0262567797766301e-05,-5.38385543261451e-06,0.0,-3.086657923330923e-05,-0.0007869219803375774,-6.315044963109705e-06,-1.2307616569757809e-05,-1.0111458609232479e-05,-9.493727969240329e-06,-1.0111458609232479e-05,-0.0003061911571770333,-0.00021172767912304154,-0.001159830250432,0.0002923249752314236,-0.0018039084480859873,-0.0007079052690393796,-0.000996003958900607,0.0016897652319063997,0.0027958685964832,0.0005092225477625004
1971-09-01,0.004019989298924933,0.004072743784863133,0.006014360823867301,0.005306909288055501,0.011555469047412567,0.0059193891339689,0.006229727912277099,0.005967963254177667,0.003699271963255,0.002143472975613,0.0044059913672888995,0.015864036617105903,0.0053466779905669325,0.014240758201774298,0.01139709119963,0.0076257640312689,0.0016791375717291588,0.0004993509372883004,0.400533333333333,10.333333333333334,0.004900229333333334,0.002095996946185433,0.002566643548872667,-0.06666666666666667,0.3666666666666663,0.0018050585625924663,-0.0006462037565005333,0.004499208176753201,-0.0034288815700917324,0.013818904559448933,0.004965110982146498,0.0015249367306809666,0.0006177417137405999,-0.023806890115514134,0.007056319946009634,3.3393426912553537e-17,3.271662497896671e-05,-4.8048048130966706e-05,0.0019173842897621,0.0013961625995845002,0.0031622725358057004,0.0025539592073903334,0.0029033026945868338,0.0026538199324992,39.5,0.0,39.800000000000004,7.65369005302982,-0.0652168035780033,0.0349598769401602,6.80955011459602,6.190807741178193,7.605206534628266,-0.0153637024000869,-0.003079313661643234,6.630495364007937,6.197148787448313,0.011817876095257968,0.004415209515325767,0.004390154341553634,0.0,-0.0010529009959127334,-0.00042509789638363343,0.0066442142584109,-0.0040038863503116685,-0.0054916124011684326,0.0010740938958761007,0.0009598770590833668,-0.0012953210727190332,0.00017973515342123336,0.4221356666666716,-0.005807880382417834,0.013755417333333235,-0.003482383464506501,-0.036666666666666486,-0.10999999999999983,-0.31333333333333335,-0.3433333333333333,-0.37666666666666665,-0.30666666666666664,-0.26666666666666666,-0.08333333333333316,-0.093333333333333,0.17666666666666667,-0.7399999999999999,-0.5066666666666667,-0.06333333333333334,0.77,0.7799999999999999,2.0366666666666666,3.1733333333333333,-0.0098814281100153,-0.025471825822148297,0.009658180573678166,-0.005462445371928234,0.0016460938801941998,0.0024844835515270337,-0.0027088625505561664,0.009246636398198092,0.0,-0.0014430036965285265,-6.036952184670003e-06,-8.87070984966438e-07,-3.3248866622888805e-17,-0.0036580500943494327,-3.5475900334672648e-06,-0.0007222826950301431,-9.609471095469757e-06,-5.94892844940631e-06,-3.7347226501058726e-06,-3.9756135861857235e-06,-0.00048769121140260674,-0.0010270276076719666,0.00023380055935363336,-0.0008302181229243791,0.0008554452147664333,-3.6632854578819375e-05,0.0009454388942068665,-0.0027996740317011337,-0.0019187511780150333,-0.0021605986203905667
1971-12-01,0.0050333861442528665,0.0052854132832275,0.0038780218167255333,0.012191478824315533,0.0010834650207183331,0.013127543864553268,0.0102596372486173,0.009404808037417233,0.009847273468597999,0.014590963760460665,0.007832751106514633,0.013921450967160333,0.017544466246703302,0.0163039546288828,0.011914390405042502,0.012735533280704035,-0.010199316156395665,0.0092076394161558,0.8153333333333318,75.33333333333333,0.0127169696666667,0.004315736805692634,0.0043139148940245665,0.0,-0.16666666666666666,0.014960715924075267,-0.012522065487785866,-0.002904308802307933,-0.006463041145280501,0.0011261271972090661,-0.030964582297565133,0.0036969810934621337,0.0040029007114134,0.0363210415049299,0.003856579849137167,0.003041860938118,0.004290649197216067,0.0011991283286943001,0.0035648128996245334,0.0038095652745404,0.004211927708488667,0.0070444837575056,0.0029677789460483,0.003815919261509,39.733333333333334,0.03333333333333333,40.13333333333333,7.749376138375884,0.16400185481307347,-0.01249686963850013,6.888673930636934,6.29003941508649,7.672754965067077,0.052280823830990066,-0.011807609947496767,6.71173103250963,6.295956055887072,0.025254303322524766,0.0035866094006522333,0.0019524373153535666,-0.024105960333333367,0.0015892338605541,0.0006268239894542667,0.0066483341762136675,0.00034983639751056647,0.016618186741739465,0.01596217314039097,-0.0006504498351403667,0.0010897683928409666,-0.0005416002047281001,0.1683596999999963,0.019980389046085466,-0.06576310633333333,0.0149130309378848,-0.5633333333333334,-0.4633333333333333,-0.36000000000000004,-0.31333333333333296,-0.20999999999999974,-0.1133333333333333,0.006666666666666834,-0.06666666666666643,-0.0833333333333332,0.3233333333333333,-0.3133333333333333,-0.09333333333333334,0.3333333333333333,1.5033333333333332,1.7133333333333336,3.0500000000000003,4.146666666666667,-0.007016732547122599,-0.0190479783464147,0.010659459170495633,0.0003978912240080335,-0.0008120182659604002,-0.0024600955382245997,0.0017873400738634998,-0.0011392481702202674,0.0,0.0029082075208745335,-5.94892844940631e-06,-2.6439463542970998e-06,0.0025284571297522667,0.002728528195479767,-0.0007671656627596668,0.0014398870481720568,0.0008735963595123395,-5.8628159692967536e-06,-5.5364088086999955e-06,-7.836130832516476e-06,0.0008537871734951666,0.0019647916773403,0.0007109600635599999,0.0006224561317583,0.0008181758794771,0.002461620815587733,-3.756080158730073e-05,-0.0065339113484549,-0.0037549667526478327,-0.0004799942650978671
1972-03-01,0.005256966276727767,0.0051171198863014,0.007150324521587699,0.004758767875164434,0.0120872442152837,0.008966765925016733,0.0082425005763274,0.008198797993872733,0.0057712305424300996,0.008563004756169633,0.004483440870813767,0.015062500651447633,0.0099692300921859,0.013149639223094034,0.005586021193041166,0.008680441593966868,0.020706002867522333,0.0055766817714494,0.500266666666671,52.0,0.012781757999999999,0.00245667191528888,0.0028534002814967663,-0.0333333333333332,0.10000000000000032,-0.013912261528644165,0.002453451468764032,-0.014636497538522997,-0.0751350476434221,0.0421836435490007,-0.010234174629491834,0.0033012410146669668,0.0035483912554277667,-0.004007395068488367,0.0016150314223839334,0.0043115199700978326,0.0056362824899546,0.0023378516118607666,0.0031943363402279,0.0034031380363253,0.003769545448277467,0.003381522359586433,0.0026752417541011336,0.0023036950666934335,39.9,0.16666666666666666,40.43333333333333,7.750876136577126,-0.10582756671036007,-0.009112184721250171,6.960862674768117,6.29465721438491,7.667395322008587,-0.036917121430903095,0.029870719563230164,6.743277862538363,6.28674653286631,0.0119490736442594,0.005339545955868233,0.004971152814629666,-0.0034437086666665993,-0.0007734457472962001,-0.0012353842755518335,0.007062050033447367,0.0030494038853353996,-0.009382760547785201,-0.01082486695694243,0.003223086937762333,0.0002248162486034335,0.0010442390952759668,0.37477796666667,0.0172913194320833,-0.050078417333333465,0.0079429270082481,0.22000000000000006,0.17333333333333334,0.11,0.18999999999999995,0.22666666666666643,0.19333333333333366,0.0800000000000001,0.036666666666666466,0.0033333333333332334,0.3866666666666667,-0.21666666666666667,0.22999999999999998,0.87,2.1466666666666665,2.35,3.5066666666666664,4.473333333333334,-0.0035558877501789335,-0.009909096609837001,0.005108804745955933,-0.0033973115820846,0.0008120182659603998,0.0016339902000687663,-9.406364346708763e-06,-0.00012500781445336692,0.0,-3.1509857882465464e-05,-5.862815969299793e-06,0.0005345829590049666,-0.0025284571297523,-7.344381731814547e-06,0.0007567161781797,-0.0007238108687421667,-0.0008899280515139105,-0.0008041821351278904,-5.459066554200133e-06,-5.778559809799909e-06,-0.0008624264846571948,-0.0006741349948198335,-0.0013458363045445664,-0.0005941910992908334,-0.0008876207762878635,-0.0019198115736887022,-4.1157662194176506e-05,0.0055621700972428995,0.0044202490564805,-7.650529509103307e-05
1972-06-01,0.0043446712801031,0.0045630445475873,0.005190288003001933,0.001421335081046733,0.008312894195006101,0.0005946293214579167,0.0022489830603717336,0.0008340244066236,0.0012274128160252998,0.0045808371584467,-0.0003517044335020001,0.0008699149063287311,-0.0013320711241372333,0.0004914807088559001,0.0006704468489857337,0.0017153898814084,-0.013787841326888999,0.0008983710097654,-0.07670000000000231,51.0,0.012276869333333267,0.0020296607116823333,0.0023390481513659,-0.033333333333333666,-0.19999999999999998,0.0028292925425708014,0.003316776951055967,-0.013861422968877766,0.06024933078217459,-0.08661381549294654,0.04119875692705693,0.0024829159790395,0.0009489172943221337,0.0007829981228972665,0.0006776791830151998,0.0009126174991127334,0.0007612525908301,0.0011391154471738,0.003144616116429667,0.0021517872207088666,0.0013481841652609333,0.002494114685459767,0.0032701663138171664,0.0030800020426007668,39.9,-0.03333333333333333,40.53333333333333,7.715249502584577,0.048490170998663366,0.006102382481453297,6.907723032089059,6.182667851049163,7.672082080580327,-0.0227831926004033,-0.02430841330155663,6.764371255993967,6.28272533219902,0.0010428002418230002,0.009045672900649967,0.005035525347086133,0.0,0.0012407745701598332,0.0021097033070684662,0.006988920294460267,-0.00011263293673406671,-0.0011376951781791,-0.003222299868002166,-0.0018100368449192334,0.00027823143667023327,-0.001008999164514077,0.482064633333333,-0.0049383619283804,0.015073712333333334,-0.014946834234293167,0.1266666666666665,0.09333333333333314,0.08999999999999993,0.09000000000000001,5.782411586589357e-17,-0.06666666666666664,-0.0266666666666667,-0.029999999999999968,-0.0033333333333332334,0.20000000000000004,-0.5666666666666667,-0.10333333333333333,0.4166666666666667,1.4833333333333334,1.6900000000000002,2.8200000000000003,3.7933333333333334,-0.007519675320844567,-0.002789781045361633,-0.021834810246381134,-0.003940036780595066,0.0007984035753181365,0.001606428811983,-4.629018856383675e-06,-0.00017056003101079942,0.0,-0.006500747743813594,-5.7785598097659366e-06,-0.0010752697496275,0.0008385748657489667,-0.0008996856563883858,0.0007447878621885871,0.0007053900827225164,-6.817259938785013e-06,0.0015873045867479,0.0007671160463836495,-5.69610699570807e-06,0.0006861679785988333,-0.0003895598649116667,0.0015510007311060666,0.0004197237470689901,-0.0008405648007462052,-0.0012276262652359668,-0.0009269378153482447,-0.00011467137694393403,0.0004738981555677668,-0.004183531972026967
1972-09-01,0.011940342697386067,0.010512200375700867,0.007816692505212433,0.01814942191391763,0.0140582306898391,0.011373714071925266,0.010983559780329735,0.0115115640426294,0.010067246043337067,0.013791239335739868,0.0082689115328603,0.016365164523467667,0.011876364384694566,0.0162204005719689,0.008843464050560001,0.011722558087448001,0.020565134670861365,0.015927051699988433,0.748399999999999,104.66666666666667,0.02314445733333333,0.0013284944918634334,0.0015610557954328335,0.0,-0.03333333333333368,0.014933279175495834,-0.009597806218216036,-0.009076830776534067,-0.01834335478582803,0.0019212349055835326,-0.056765787942384204,0.004335688073667267,0.006715283875574099,0.008057787502214234,0.0082742119672924,0.006337934361245766,0.009310195959762032,0.0018428000723122665,0.0033073650480523,0.003034103812483467,0.002896230974098834,0.0037742089213601004,0.002715383123475667,0.003051803163874133,40.03333333333333,0.06666666666666667,40.63333333333333,7.8033802240459265,0.0459177457713601,0.023350171015026733,7.00287887639891,6.258498853594923,7.75620700712071,0.030696521701429735,0.009324617347466499,6.909048230816797,6.29085272729917,0.029521496567760167,0.014413421630584601,0.008394613547854033,-0.01721854300000007,-0.0006271231738151333,-0.0006660246504054,0.008637797611292132,-6.399023430216667e-05,0.0018866826583890672,0.003064260842038667,0.0031009091955785002,-0.0007006064519326332,0.0013323223567371,-0.6876093666666626,0.007380375292404634,-0.011802279666666563,-0.003284535876820534,0.16666666666666682,0.12666666666666662,0.2533333333333336,0.20999999999999994,0.1866666666666665,0.06999999999999984,0.1233333333333334,3.23815048849004e-17,-0.056666666666666636,0.10000000000000002,-0.43,0.03333333333333333,0.4366666666666667,1.2466666666666666,1.5099999999999998,2.3033333333333332,3.2100000000000004,0.002882586358966067,-2.1593195825433324e-05,-0.006874231981028967,-0.00044067056129073334,-0.00238193782818405,-0.0024010259304085,0.000851078778575882,-0.0017618496245952332,0.0,0.0043478877306763345,-7.5767907746494894e-06,0.0015961722439322,-0.0016687953032330583,0.003546132735018567,-0.0007582855979452333,-0.0014214662621524026,-6.711702188688659e-06,-0.0008002125248545024,-0.0007795620507288336,-7.469570836098696e-06,-0.0008182924673535,-0.0029071954804047663,-0.0005819320326912666,-0.00037079633240489994,0.0015981477715375067,0.0017583367641269998,0.0017514879258601998,-0.004556311081882333,-0.0023439772012500662,0.0027643622742209335
1972-12-01,0.0032768344648979666,0.0026436305620135335,0.0058181050074677,0.014951694473571933,0.015357565874243898,0.010064400856668767,0.007483089380905,0.008389390985496034,0.004544437959979767,0.013493271774975535,3.985459057386677e-05,0.015451246179735067,0.013148325889701334,0.020571647487926566,0.005208296574009099,0.011071900454073634,0.002099287422648467,-0.021135053689739433,0.6932666666666686,155.66666666666666,0.06618134833333329,-1.5240011128033089e-05,0.0021917071868114333,-0.23333333333333317,-0.23333333333333303,-0.04811498355445801,-0.030323926068575396,-0.056819953850788196,-0.037532280008780866,-0.08050347606142837,-0.03130557626584127,0.004183050993820066,0.0050036051867762,-0.005553393051953234,-0.002818552812557299,0.007059716263766999,0.009446772527338566,0.0033755562726428337,0.0038260082835475666,0.0045110295920102,0.0042745200680419,0.005330191897610167,0.0026934418237054,0.002051589125829367,39.800000000000004,0.06666666666666654,40.56666666666667,7.792436328389397,-0.045917745771360104,0.07367571613594347,6.999255802317837,6.2605821136172795,7.743544677448246,0.015284434832040006,0.027210984832293502,6.847831767841227,6.2801954547241,0.030191318798676665,0.017001137037672368,0.009265131133516834,-0.017218542999999965,0.0006043807245935331,-0.0003557249561752667,0.005847481443295134,-0.0033130501964038343,0.0075705079448752,0.007074898785425066,0.00016600974724843322,0.0011565885254303668,0.0030490075378691,1.2703367333333324,0.025743782645329866,-0.055133018333333235,0.016211021814389166,0.2966666666666666,0.18666666666666662,0.2233333333333333,0.16333333333333333,0.12333333333333334,0.05333333333333346,-0.0066666666666667694,-0.01999999999999987,-0.0533333333333334,0.006666666666666664,-0.3566666666666667,-0.10666666666666667,0.11666666666666665,0.7633333333333333,0.9233333333333333,1.6733333333333331,2.4966666666666666,-0.006058357281704233,0.0008595459656192021,-0.0054023759736231,0.0055837161664540995,0.003917266072527067,0.003909884591171267,-4.785490401343351e-05,0.005733527817218867,0.0,0.0035927470613093624,0.0007741213168590334,-0.0015961722439321226,0.0008302204374841002,-0.002667783522350317,0.0014618612638166333,0.0,-6.608577272674647e-06,-5.536408808737293e-06,0.0015013637954243333,0.0007687664711174,0.0006278402521142333,0.0022549451601422,0.0016098655500072334,-0.0004681632375387334,0.0015487776360435669,0.0027790093638487335,-5.526312166400004e-05,-0.0040481750698635665,-0.002192812386647732,0.002078543598312733
1973-03-01,0.0022630360455527,0.002417285263782333,0.0011632632494221334,-0.0021952270658669336,0.004886749714415834,0.004439927424196033,0.004419522866744966,0.004294567854756333,0.0015878073620010334,0.0013686296495931671,0.0017117331324287665,0.012069829921236766,0.0044443168426606,0.007183455808562634,0.0034680436810630003,0.0053176935720513,-0.0081285171961225,-0.0116564154807004,0.18643333333332998,-12.666666666666666,-0.011912080333333333,0.005782795192258599,0.005557009213365633,0.0333333333333332,-0.3333333333333335,0.0349563314632119,0.0307765172220623,-0.05250005870919563,-0.045131775354195235,-0.06240384736271543,0.0149757805324171,0.003673735609572367,0.005201347494039567,0.0014384531313063667,0.008385152381255966,0.0046007721987475,0.006230711004051266,0.0020461373772461,0.0030056630335112667,0.003141465019661833,0.003468697985959167,0.0027455841225537997,0.0038715108068979333,0.0021116319207017,40.13333333333333,0.06666666666666667,40.86666666666667,7.715482674583953,-0.0211711352407766,-0.10389898288521676,6.900849698498387,6.118063883227773,7.631068016140209,-0.0590974027963164,-0.07936171043747016,6.738101716035914,6.160969933442661,0.014882483409092366,0.028709899967023934,0.011242418349373432,0.0034437086666666335,-0.0017406967912059002,-0.0015132235723165999,-0.0038869011645458335,0.004351478861302068,-0.0114011814731021,-0.0087172874045579,0.00015231346743830045,-0.00030255718850466664,-0.0031324735287783997,0.5195591666666624,-0.023621598730149365,0.0743289876666666,-0.04021776132688346,0.39333333333333337,0.4533333333333333,0.2833333333333333,0.2999999999999999,0.32,0.11,0.0700000000000001,0.03666666666666649,0.06333333333333317,-0.24333333333333332,-0.9466666666666667,-0.6433333333333333,-0.3,-0.24,-0.25666666666666665,0.32666666666666666,1.0999999999999999,-0.046820683546293006,-0.0427143327949541,0.0175522638941807,0.0004666667428888666,-8.9054425879833e-05,-0.0008856247558137338,-6.113852171986632e-05,-0.003643915115248187,0.0,0.003475817308929166,0.0007312722303258667,0.0020833401150571174,0.0024479914185861333,-6.889021311332989e-06,0.0006561681908909333,0.0013947021741912574,-8.655086161841758e-06,-7.261847704813478e-06,0.0006848573813846831,0.0007265062369683999,0.0014644178622737001,0.0013208477380288334,0.0010947736901033667,0.0017760799964915998,-0.0016228447468479331,-0.004597842385196663,-3.3386640697428395e-05,0.0064985711433790325,0.0034703519592713,-0.002833350409010433
1973-06-01,0.003372783991409233,0.0038039744474028334,0.0025123838649718003,0.002776014280022133,0.0031505475863694335,0.0038444947444518335,0.0034645043509303,0.0030768850918508335,-0.0009468886777976001,-0.001353676554246467,-0.0007228739766279004,0.010672071299652733,0.0042585947861129994,0.008152535286405768,-0.001453059845509267,0.0035461038868050665,0.010259373269712633,-0.0031658544990292668,0.018166666666668194,44.666666666666664,0.020828858666666665,0.0021871217892067336,0.0029044051766184665,-0.06666666666666687,-0.13333333333333347,0.0016184832797423987,-0.03830129123490867,-0.022585846959652666,0.003534851082932599,-0.062346182224031065,0.005189518413307833,0.0019908601597453,0.002932111081847133,0.007208668877549801,0.010075125319752099,0.0012210025862457,0.002868282397839,-0.0013937302534673668,0.0015770234991296336,0.0018533708145014002,0.0031330869377032664,0.001776759850939,0.0027259714065834,0.0021223813350926333,40.13333333333333,-0.06666666666666667,40.7,7.67340348765766,-0.06362756303199672,0.018752600883366836,6.85760084573425,6.078999837072627,7.565972739673003,-0.02307726385644017,0.008842251444476637,6.7280314803068135,6.0811294903606,0.005628400831092433,0.021126713186299998,0.0119712226453069,0.0034437083333333333,-0.00028449334206056675,-0.0005164923171339002,0.002972261081769233,0.0012477644755861338,0.009039255280948733,0.007664221571658833,-0.0004647571123840666,-0.0006280900058678015,-7.580265837776662e-05,0.5124296666666717,-0.013884468945086034,0.0567136743333334,-0.029833518518487964,1.0933333333333333,0.71,0.5833333333333334,0.5333333333333333,0.5133333333333333,0.22000000000000033,0.15333333333333357,0.06333333333333346,0.04999999999999997,-0.7366666666666667,-1.7233333333333334,-1.5866666666666667,-1.38,-1.97,-1.95,-1.54,-0.7666666666666667,-0.04595069476468291,-0.0011792717274265,0.007143320179057667,-0.0003999600519851737,-0.002978084363648808,-0.003685269105712187,-0.007089136035375934,-0.0208723142256891,0.0,0.0009903477577410992,-0.002296220331728433,-0.0020833401150571144,-0.0024479914185861,-0.0008714601913569001,-0.0028612478971305846,-0.0007009801062497667,-8.481332587376907e-06,-0.0007742938053798264,-0.0029498717589942353,-0.0015322873209642634,-0.0012594408093407,-0.0006111607811106333,-0.0029935590490641,-0.00033987870699250886,-4.3371717364295227e-05,-0.0005810830092772998,-4.532665959227422e-05,0.0020172698298939334,0.0025343132814566,-0.0012699877628638003
1973-09-01,0.0038789245201116666,0.0038041203863379003,-0.0015987240878309664,0.0037748236535382006,0.0072886375650611,0.004853043736896233,0.005003457813771066,0.006053770961697967,0.0034647656490598335,-0.001436419357499233,0.0058928270585226,0.011308065298126701,0.0046463912069639665,0.0034068032373356003,0.0048125894937409,0.0049181088360074334,0.0060060576279182,0.014532019043192767,0.13570000000000002,-23.333333333333332,0.006531662333333366,0.0019547352500269336,0.0026777969790246665,-0.06666666666666667,0.20000000000000004,-0.032019676344768995,0.0017710351592566005,0.0159272818184381,-0.012174643600290599,0.05840136300836333,-0.001720878026269167,0.0029942387890186,0.0016821131329383,0.0070031710142073,-3.332114676772117e-17,0.0018588073190830333,0.002525814463195867,0.0007904958251270334,0.003570675399570133,0.0028147834251844,0.0030408551458004,0.002985112327169233,0.0015236187014622,0.002681814145009433,40.0,-0.0333333333333332,40.63333333333333,7.528891660897987,-0.021865760828603437,-0.0677016570834633,6.670734088023356,5.9827106421537435,7.397772381545788,-0.09949766285200007,-0.08277570736705982,6.502456982044727,5.962676147293423,0.010027781577727834,0.021467775661966133,0.008859829419428967,-0.0034437083333333333,0.00038150552851411705,3.0446472472099872e-05,-0.007967654691653,-0.002217203493613033,-0.004484227229479401,0.00025623680380456687,-0.004017440954816534,-0.0009454407425082667,0.00024166034529689786,-0.34296143333333867,0.012370003217077067,-0.0158984143333334,-0.009658883858175066,-0.13000000000000048,-0.03999999999999974,-0.2633333333333337,-0.2666666666666666,-0.33,-0.18666666666666668,-0.11333333333333333,0.05000000000000001,0.05666666666666633,-0.5266666666666667,-2.37,-2.29,-2.2533333333333334,-3.28,-3.3366666666666664,-2.793333333333333,-1.9066666666666665,0.023420029307402168,0.0022365102350878,-0.014539119775540866,0.0005331734949944331,2.1916126989961666e-05,0.0007531122755918995,0.008557451684709068,0.0021045317189507897,0.0,-0.0031841564929290336,0.0029368765607182667,0.0010209298435152334,0.0024242531096931997,0.005944955878678067,0.0020470893406940665,0.0006865421540688701,0.003253560328796156,0.0030166118399726667,0.0021208979292762333,0.0014375768974450333,0.0006760554511204335,-0.0007363094981788666,0.0022967669882376337,6.054464497866659e-06,-0.0007950958930608669,0.0011081060513060664,-0.0008719117411531333,-0.0020574580027676002,-0.001455156455560793,0.004276933752148126
1973-12-01,-0.0029762610540267002,-0.003985664605919466,-0.0024302300127200666,0.0011575694448975,-0.001976966900063133,-0.0016471868689444662,-0.0037194811522521993,-0.0053911120093608,-0.0093232069575991,-0.02454031168402063,-0.0022439190572220665,0.0033406157817039667,0.0006253917833426333,-0.001514897450735767,0.011084292490427432,-0.00015494796989553358,-0.022307259942106434,-0.009722885294938534,-0.302299999999998,-62.666666666666664,-0.047901791666666665,0.003926588172081534,0.002194642664043367,0.16666666666666666,-0.23333333333333303,0.05043583442159516,0.020312093354477003,0.002512574710475631,0.007215288924897467,-0.003992063682238668,0.07808721329939583,0.0021108091797442667,0.0009574100210958334,0.008048891112895667,-0.0028476680073161995,0.0015292993838311667,0.0016733056891655,0.0012979203345171002,0.0026148267879524665,0.0022134196878654333,0.004572103550554333,0.0007923231204003334,0.003277475036631067,0.0026840681359398665,40.06666666666666,-0.0666666666666668,40.56666666666667,7.354271971984076,-0.004264450486636498,-0.03284417472026683,6.538671677839346,5.757731753889327,7.2000622642179835,0.007955827135546633,-0.021960568228010107,6.31355318308308,5.720426597572271,0.010820368410948097,0.0234349619781244,0.016649211739455435,0.003443708333333333,-0.0002795467549534999,0.00032441979733876673,-0.001953978673839767,-0.0034768331318954,0.005240268447760166,0.003307729060237499,0.002333367860008633,-0.001736566619015,-0.0012596574640634667,0.18882126666666935,-0.044389053413412434,0.1753579966666666,-0.06458372886472234,-0.11999999999999983,-0.0933333333333337,0.183333333333333,0.11000000000000022,0.006666666666666339,0.06,0.0666666666666667,0.07666666666666666,0.0233333333333334,-0.7933333333333333,-2.1933333333333334,-2.1533333333333333,-2.4566666666666666,-2.986666666666667,-3.0566666666666666,-2.15,-1.4166666666666667,0.03502771321107457,0.037595848073366966,-0.029418202884315698,-0.003211908821862467,0.009010674716786569,0.009555585137306533,0.004999217410920997,0.03628694173870616,0.284195709638908,0.003068635377921967,0.0006435373830860334,0.0004907885449485244,0.0022817074055684412,-0.00427828573977622,0.0019370218339197001,0.0006710243027823764,-0.0016890600992522,-6.674008097847511e-05,0.0020113863963332423,0.0013641091234996667,0.0012938761825775462,0.0014018509956891332,0.0029147391116442663,0.00016213006061216667,-0.0015117183884636668,-0.0016764494683339955,-0.0008361671681014942,-0.008366357155813,-0.005392923740074534,-0.0006068014013914666
1974-03-01,-0.004392514158955833,-0.0061284860203129,-0.0002947088174339001,-0.0029529381184799663,0.011167787025398099,-0.0020102659833878735,-0.0017571898046455,-0.0013326055262565,-0.0014446174965802667,-0.0030699804143146,-0.0007155648367914335,-0.0022367210165623666,-0.0023189721440764334,-0.004724977599156963,-0.0023569772578303336,-0.0030927104814519337,0.0166822100527706,0.03373140715303986,-0.5340000000000014,17.0,0.005210826333333334,0.00032148587406236664,0.0004387383444092667,0.0,0.10000000000000007,-0.008866893932392933,0.012122548056958365,0.03557876324921,0.045312496409036264,0.021387314739095335,-0.013652834657915967,0.0012014174379153,-0.0005487664550187333,0.0073038495025947335,0.0022958567583622335,-0.0015292993838311667,-0.0009221642145552,-0.0025076741284089,0.0019614549324231665,0.0014106202123945,0.0023907024861369,0.0013751880917709668,0.0021672161030288,0.002380878313937,39.666666666666664,-0.19999999999999998,40.1,7.39995615394906,-0.03943988676677681,0.03284417472026683,6.559187548850457,5.827946428341723,7.207244030831006,-0.0582675747933064,-0.04060781506446323,6.2600691525757854,5.827856180645959,0.0028290156826056,0.022320023151761365,0.014471980790752667,0.0,-0.0005148326909522333,-0.0005615145596085333,-0.0040528458084387,0.005957539175835701,-0.0036050002292573693,-0.010812905043674268,0.008248984888159233,0.002232328864103833,-0.0004076163777349666,-0.010454233333338702,-0.012905750091704535,0.06818187299999999,-0.0328770067656786,0.2866666666666663,0.353333333333334,0.18666666666666698,0.22333333333333336,0.39999999999999963,0.323333333333333,0.17333333333333326,0.13999999999999987,0.1299999999999996,-0.7566666666666667,-1.8066666666666666,-1.9066666666666665,-1.8566666666666667,-2.26,-2.3833333333333333,-1.5733333333333333,-0.9366666666666665,-0.03522587035552113,-0.0235778382514281,0.023800014621284466,-0.008133389741326132,-0.004995555907424285,-0.006253987537441218,-0.0019062855488830004,-0.032106979152072064,-0.284195709638908,0.011644395774206768,-0.0014949014057024333,0.0019272706018469334,-0.0009563896699713335,0.0007813212796842542,-0.0027020583121209665,0.0006423288265201429,-0.0008323404188817666,-8.247056477310776e-05,-0.002798949214494067,-0.0021724968772490996,-0.0008294233104207356,0.0009212990881115293,-0.0033376045733226334,0.0003409660884596,0.0007350241861046337,0.0016353262562848333,-1.1754541662233256e-05,0.007209005441775833,0.0036357095333935667,-0.002410351961207667
1974-06-01,0.0013877912885279667,0.00034015872094350007,0.0012712777609988,-0.0004645546433496,0.009923336529219867,0.0026898493541439006,0.002860836499006734,0.004489418157910901,0.0041737960376406,0.0052297994417477,0.0037130387404103004,0.006748961782815433,0.0024729981772161663,0.0020391929478742665,0.0002974256881736333,0.0025696091441257353,0.001997800429971299,0.009126468876735834,-0.017966666666666315,-93.0,-0.04270490933333337,0.0033606280690907336,0.0018410107896566,0.13333333333333353,0.0333333333333332,0.025922989457192763,0.031853299623890934,0.012871612042593133,0.0012437825376195703,0.0297092599653359,0.018261827702528266,0.0010784335619912668,-0.0029421108141208,0.009315906826814201,-0.014512570099560335,-0.0008208866150578668,-0.0002887002894246667,-0.0016823251748144669,0.0028029213441099995,0.0020836058828438333,0.0026363797760891997,0.002752916443225667,0.0018228564774436333,0.0022706877605814,39.733333333333334,0.13333333333333333,40.199999999999996,7.255610142215954,-0.09004125341280006,-0.040828588394430064,6.381197568512923,5.71068822185244,6.9790124656083234,-0.06605897619458344,-0.03109597814118663,5.967669914656227,5.635556577261073,0.027056557357936967,0.025366351523173833,0.0191149339146577,0.0034437086666667,0.00036735846470423335,0.0002933069948092,-0.0049964850453522005,-0.002163396802146167,-0.0031170143954682658,-0.0009772565742715,-0.004870305738103367,-0.0014427120148183335,-2.0593042193533346e-05,-0.7714046333333328,-0.0511372981549503,0.23624338199999992,-0.06850268249561654,0.8033333333333333,0.6699999999999996,-0.2600000000000002,-0.12666666666666662,0.060000000000000664,0.15333333333333365,0.1000000000000001,0.15666666666666665,0.20333333333333367,-0.7433333333333333,-4.16,-3.9000000000000004,-3.3033333333333332,-3.8333333333333335,-4.41,-3.533333333333333,-2.7866666666666666,-0.006988282832968067,0.015482114284939867,0.00013952255585789996,0.0029837124985844996,0.005671273157046133,0.006290312207376567,0.005896939099182599,0.034697533307162236,0.0,-0.0213286565063795,-5.091822542916657e-05,-0.001997025674603397,-0.0001381234567202667,0.0014875127770769667,-2.8918554524366702e-05,0.0012050625697509667,0.002240934928736633,0.0006084731931985999,0.0006178899727048002,0.0013107741839398998,0.00010244466179573338,0.0021305169437964002,-0.00025297851664253323,-0.0002039220244701667,0.0013994548256311334,-0.0011007097289600003,0.0015152597614389671,0.0026500906981793333,0.0006654766051094667,-0.0042035925793321004
1974-09-01,0.0001646768901970667,-0.00016264129785170003,-0.0017905989717241332,-0.011842013874857067,-0.0018591998225432997,-0.0045515150606938665,-0.0023162399415082332,-0.0003593533461193333,-0.0034512586124160016,-0.0058876775093083,-0.0023898362524645994,0.004985149447470268,-0.006900171544121601,-0.0054093800384547,-0.011826394882672434,-0.005259658450810133,0.007744103071757868,-0.0012127825321505668,-0.646166666666668,-155.33333333333334,-0.04762943066666663,0.0011043154148507334,-0.0005895505640704999,0.16666666666666655,1.295260195396016e-16,0.02503239658777427,0.03324223264652357,0.049523089996354436,0.075744005467814,0.009342437418218533,0.08278275576062263,-2.54346139782e-05,-0.004923518737151334,0.012013746921652732,-0.006070601442509965,-0.0052585279270349,-0.005357206176252967,-0.0050985273844729,0.0020357952563738,0.0008467225822522332,0.0006645856849634667,0.0021744895276990662,0.00033036011954179994,0.004541522589750067,39.6,-0.06666666666666667,40.06666666666667,7.0211558463430706,-0.0042463419258099615,-0.08075486425366334,6.078332407360594,5.480720293617833,6.756226631334431,-0.004597774044113367,-0.0120676828879868,5.61957719259403,5.413836932155443,-0.026490724796168763,0.014239263666302933,0.017848912332383435,0.024105960333333367,0.0006034976437930341,0.0006568571719197334,-0.0068187192421698,-0.0035278247737537,-0.009028828209410466,0.007845388442403433,-0.0049184227032812,-0.0017424514204019334,-0.002527425717069867,-1.2829955666666597,-0.044300384581044495,0.2412791550000001,-0.06116795725983026,-0.9533333333333335,-0.7933333333333336,-0.03000000000000036,-0.06666666666666636,-0.24999999999999997,-0.13666666666666702,0.030000000000000342,0.1833333333333328,0.3333333333333333,-0.23666666666666666,-2.9766666666666666,-2.6766666666666663,-2.3766666666666665,-2.813333333333333,-3.143333333333333,-1.9666666666666668,-0.9933333333333333,-0.007689848718686232,0.009469119397989398,-0.007990331626823367,0.0022797346385136,-0.002892007260731067,-0.002839642858828033,-0.004413140023920033,-0.01311831358879593,0.0329369746402617,-0.012282312057047634,0.0005900911642959666,-0.0005043161901691565,-0.0014905494592937333,-0.0008982774119111999,0.001774437216804567,0.0010951712841416666,-0.0008596935155466001,-0.0007822570361067999,0.0005645101279740334,0.0005638717028781334,-6.753435097654819e-05,-0.00015688042276860013,-1.675637809229966e-05,-6.579082269063802e-05,0.0013126389198419,-0.0010502134334244007,0.0021769436741351004,-0.0009908433620111508,-0.003326923582542067,0.0028822942395291995
1974-12-01,-0.0025062824434816332,-0.004886493466253534,-0.0014916386719832665,-0.014341253110012865,0.005145428708030899,-0.028007327227341033,-0.025436683876914234,-0.02628315764183467,-0.028512376443581,-0.06005414133734736,-0.015718487724120333,-0.0266278642259247,-0.030745237344605898,-0.04393109094402817,-0.035006968162819035,-0.03248439989838987,-0.027428411635845733,0.0073459734165709995,-2.7335999999999996,-207.0,-0.076790059,0.0021905569213457334,-0.005283330588280633,0.7000000000000001,0.26666666666666633,0.06335492990086794,0.1340231730356754,0.12398316099419578,0.10731815841166481,0.1504332148173214,0.09965346249649543,-0.005716636928257267,-0.0169171995311288,0.005592105024818499,-0.011178998939719466,-0.0190485337099133,-0.02098690367770037,-0.0159305539466139,-0.0011609278696831666,-0.004105430366849966,-0.0024374527744234335,-0.0042341077967738335,-0.0005783452518723667,0.0032064742694668,39.03333333333333,-0.19999999999999998,39.333333333333336,6.918371480923358,-0.029003792329876737,0.057757240424676504,5.907561769860137,5.363816936335887,6.672675278693664,-0.1317007736908732,-0.04254130849794327,5.512047755422137,5.384105397250523,-0.03587886479789817,-0.010075244758287033,0.012847124282797532,0.030993377666666638,-0.0019600898863982668,-0.0004727827571230668,-0.0035777834270144335,-0.004037765691251467,0.0089513206581304,-0.0017401804105406,-0.0016433754544374665,-0.0010673523021026334,0.0008495546297157,-0.7228724333333316,0.014650245151595534,-0.06038747833333335,0.008329143635446299,-0.976666666666667,-0.7200000000000003,-0.40000000000000013,-0.45999999999999996,-0.40666666666666734,-0.18666666666666631,-0.13333333333333355,-0.1466666666666665,0.11000000000000003,0.1366666666666667,-1.41,-1.3733333333333333,-1.1033333333333333,-0.9033333333333333,-0.8333333333333334,0.5,2.31,-0.04539609205124337,0.0003561200396374668,0.004160242559427666,0.003977530594027666,-0.004314543119568699,-0.004873992662569567,-0.006511761118870501,-0.022817575726042965,-0.0329369746402617,0.008461318555761866,-6.54918439571752e-05,-0.0004730709760038332,-0.001425729098935656,0.0006624042389310666,-0.0006676796620856954,-0.0019662796804324964,-0.0007923669237885098,-6.375492625861527e-05,-0.0006758041372615734,-0.0007171918533817492,-0.0003205600898926,-0.0038723896989276483,-0.0006147841559336364,0.0007972208449210333,-0.0014207692394501668,0.0020365120922389754,-0.0030227773760567998,-0.006329301296823034,-0.003526927216803133,0.0010514764319987993
1975-03-01,0.0004897755608178667,-0.0019340740064072253,0.0025647970995292,-0.009004520556329033,0.0017666053874295998,-0.010740319388753602,-0.007129423666540301,-0.004153795126846199,0.0032621692335969336,0.007079760359141034,0.001812240878914933,-0.018540777876603333,-0.0146701357719285,-0.0207260754417143,-0.016678938616315135,-0.013847297129148143,0.040646298880758235,-0.019168025660166635,-1.1441666666666672,-40.666666666666664,-0.014432245333333335,0.0009685825311418665,-0.0017094454849803946,0.2333333333333337,0.7333333333333337,-0.040643061197256934,0.0090716999858564,0.15044727668577199,0.15442017178694867,0.1444465482913814,-0.006130802390298833,-0.0036118889834621665,-0.013386815484918666,0.0007447752481629331,-0.0248562318325026,-0.011437065951499868,-0.0136867879210515,-0.007876767596595634,0.00019276528352683332,-0.0025783292144675334,-0.0025706727644560666,-0.0010189013995821,-0.0003309340885705667,0.003875090380126,38.53333333333333,-0.03333333333333333,38.9,6.873434281643509,-0.03693812211343006,-0.09879259313977652,5.943954916490757,5.338790615923803,6.639804722367743,0.10521271657278997,0.033194901809813465,5.474418899077006,5.421177558977363,-0.005354017903338,-0.015507203251570333,-0.0018852824525469334,0.006887417000000034,0.00012361331361946648,0.002071579843611267,0.005985901829273367,0.006224952329131533,-0.0023807159187485016,-0.006263376725964567,-0.0017984326753704334,0.0005571595562606666,-0.0011561436059584333,-0.7358912333333368,0.05164596516208984,-0.21530428700000004,0.0521505086801984,-0.5466666666666665,-0.42666666666666675,-0.21666666666666656,-0.12,0.023333333333333355,0.19333333333333333,0.2433333333333337,0.03999999999999957,-0.07666666666666681,0.42,-0.22333333333333336,-0.010000000000000009,0.5733333333333333,1.71,2.026666666666667,2.9899999999999998,4.8133333333333335,0.004076039806151766,-0.008434235582213566,0.0011831831564911993,0.005384502363740567,0.0011633597410446667,0.0017662807034343915,-0.000571196796767767,0.024184598876929336,0.0,0.004421424258146634,-0.0012989526863760824,-0.0004645761495343334,-1.1407906821433363e-05,-0.0008322298284617666,-0.0017766312880915375,-0.000671849117075549,-3.66069059294999e-05,-0.0006937485598052852,-0.0006278085267378536,-0.0012840832555562718,-0.0009366094080438392,0.0022743613930830664,-0.0016908262554289212,-0.0012486068409228667,-0.001364316034917635,-0.002015842275332433,-0.001471672736372267,0.002423998000396067,0.002895897965154,0.008792967927485735
1975-06-01,0.004097497855191533,0.002301557047538,0.008417192372235732,0.004558013537103867,0.019868571739621067,0.004580948364509833,0.007349017380377634,0.008895278607164733,0.0144931176557804,0.027898240962389298,0.009209354656552668,-0.005166815240148766,0.0015015735601696,-0.005991456045531601,0.020686329310252067,0.0070046819952602,-0.015964896339639,0.0081758131921313,0.3930000000000007,70.0,0.0095868666666667,0.0022125076783143,0.0027472201235158333,-0.066666666666667,0.6999999999999996,-0.0037951074083752007,-0.06045525992827607,0.062204031187607534,0.014130150871709232,0.12461675057548714,-0.0575214858824703,0.001348736857179833,-0.0020274078497894334,0.0048925460622738,-0.006038470631243766,-0.0016149805793142999,-0.005152796284949167,0.003860654757870533,0.0026273304996037665,0.0024284731807733997,0.0010359537112639,0.0047697240102166335,0.0012393123707041,0.0014836819747531336,38.93333333333333,0.06666666666666667,39.199999999999996,7.041555142229843,0.1299055837133401,0.1020236362083301,6.0325218031414,5.669797951757367,6.8658770155947835,0.014708268302979834,0.09786292138905671,5.688653155242523,5.629412093178897,0.024786429619061533,-0.0090612874158455,-0.0013916927366981332,-0.020662251666666732,0.0017722290380138997,0.0005422933713236,0.0077314390292716,-8.552446629766658e-05,-0.0018910828355117003,-0.0028789711878836667,-0.0005293978543318998,-0.0012267675042352,0.0032149228383045333,-1.8363243666666633,0.02924960975767257,-0.11213554233333334,0.03329023711812013,0.20333333333333337,0.06999999999999995,0.173333333333333,0.16666666666666685,0.06999999999999977,-0.023333333333333355,-0.05666666666666667,-0.036666666666666535,-0.00999999999999993,0.2733333333333333,-0.056666666666666664,0.27666666666666667,0.9733333333333333,2.0933333333333333,2.3699999999999997,3.2133333333333334,4.996666666666667,0.007126881573323367,0.004731653278032434,-0.02726610025923203,0.006497422360622567,-6.554206586528937e-05,0.0005003105091925666,0.0005812265349422668,-0.008881365108903434,0.0,0.0004176416933058668,0.0018405566074692,0.0018416253106563333,0.00467110657774965,-6.626426209476432e-05,0.0034225100934100333,-3.283263566624259e-05,-0.0007291074591159,0.0006084277531080666,0.002958322081907943,0.0018271087761316668,0.0017207708326726333,-0.0011535370355107001,0.004335445405559566,0.0007652090793479333,0.0006451585605174332,0.0014738803136296,0.0021299326995903103,0.007310825557646933,0.004158162673038003,-0.0063578819022257
1975-09-01,0.004822102050741933,0.005191239831394333,0.0016833606726058435,0.005091798354478966,0.006429655057696433,0.008995625704362433,0.006512460645500667,0.006411142628830167,0.007134237780437733,0.0095465601051424,0.006141344765168467,0.003974716633325034,0.0117593824837745,0.013430183344651235,0.018391415696196536,0.0105930381246888,-0.0058847636170884,0.002335081264147267,0.6623666666666671,13.0,0.0047019226666666,0.0008710066138804001,0.0018421384675833333,-0.06666666666666633,0.13333333333333366,0.0091267394227591,0.01774381674095993,-0.030086697321536033,-0.07238758963955573,0.010999008869551597,-0.016027800137042168,0.003326664467659,0.006341904187350966,0.004595891065578734,0.0080891855258726,0.006060412912053834,0.004239643054318633,0.008821625707198534,0.002185604924038133,0.0021982557714057,0.002781975668709,0.0027933501040090336,0.0024648867555973,0.0008736270583267333,39.46666666666667,0.03333333333333347,39.800000000000004,7.161436365245137,-0.0792669030380599,0.040331103762213126,6.19825288838663,5.748293383308526,6.95698344802204,3.23815048849004e-17,-0.005941927984199967,5.799588561282377,5.75604023118169,-0.0039910545517235,-0.0062200962160356005,0.004666638119488767,-0.010331125666666666,-0.0018811467965698665,-0.0020509035252871,0.0021712007286132334,-0.0018427187602097998,-0.0028777157149009005,1.1333242667332932e-05,0.0015900384999601319,0.0018964279578143669,-0.0010280129605604001,-0.8424188666666726,-0.014435776914892465,0.05541409166666674,-0.00043737521511183486,-0.09333333333333299,0.010000000000000009,-0.056666666666666844,-0.08333333333333352,-0.05333333333333342,0.01666666666666668,0.02666666666666682,0.006666666666666367,0.0233333333333328,0.51,0.20666666666666667,0.6366666666666667,1.4000000000000001,2.1566666666666667,2.2566666666666664,2.8533333333333335,4.54,0.0061775781303107,0.006639265679220366,-0.020078530813270268,-0.0018806794376610668,-6.738343410834845e-05,-0.0006482784676817668,0.0022573920281926,-0.0017562583833707005,0.0,0.0014419633157072998,-0.0012743089658961001,-0.00046893977435049993,-0.0034149978168474334,-6.327075299669375e-05,-0.0017535098470459665,-0.0011813361449097,0.0006552988705337,-0.0006701224335695666,-0.0018353504335664333,-0.0012646508837092332,-0.0009138007220379002,6.64969551852e-05,-0.0020088810052917004,-0.00048202188166373335,-2.018833190737642e-05,-0.0019564710315291664,-0.0007381422294301,-0.0027755681067169664,-0.0031249751717877332,-0.0002702606965083668
1975-12-01,0.0026540648039811254,0.002690083395296567,0.008970566155524466,0.0111754434733058,0.014757919324014268,0.009341598338509133,0.007697673938755594,0.007579141654035265,0.008119554642513566,0.011362545670259266,0.006749195556177266,0.008412749541874933,0.011144749466431533,0.013964953966942266,0.007501976894850433,0.009119258805041634,0.0123489449067513,0.004024372608043334,0.5544666666666701,55.333333333333336,0.012626132333333302,0.002350243967004667,0.0039516297897653,-0.16666666666666655,0.39999999999999997,-0.024875835554166333,-0.03493441911806274,0.002961885463355666,-0.030643842147159667,0.029291421421270367,-0.04216182691817553,0.004114302791951533,0.006407039448886767,0.0032380179068243332,0.0092560357147337,0.005894349846564901,0.0067884425269829326,0.0045431933600941,0.0032370742909707665,0.0038492063200863667,0.0031760398730415335,0.0046029247741832995,0.0019588694963280666,0.0015400609938952335,39.766666666666666,0.09999999999999987,40.13333333333333,7.207252706658793,0.006644738300273299,-0.028744892640486467,6.291454808110337,5.782857915310614,7.030955581501686,-0.007273015798213333,0.007117708156856466,5.876217499854607,5.85869858014637,0.019777276179906867,-0.0054539157241008,0.0025098265719017336,-0.013774834666666699,0.0018561408259222332,0.0012827611664948668,0.0040649798784609,-0.005078357258191801,0.0056658587895238,0.0037813412869966002,-0.0010975429949737256,0.0005265389194181999,0.0015381280396186336,0.2363142666666723,0.029824479051197162,-0.12491694233333346,0.042379406733063334,-0.3166666666666669,-0.39666666666666645,-0.3633333333333333,-0.37000000000000005,-0.38000000000000034,-0.17,-0.13333333333333353,-0.0866666666666668,-0.06999999999999956,0.51,0.16666666666666666,0.5,1.2033333333333334,2.5766666666666667,2.8333333333333335,3.6266666666666665,5.413333333333334,-0.0076087439159392665,0.0025254439190441,-0.004601825669928166,-0.006103734236503201,-0.0033538780906558663,-0.0039052050575207665,-0.0022946052295165927,-0.008335894126978735,0.0,-0.0009537440936775999,-0.0006295992112989333,-1.3064344698801751e-05,0.0005853949183979003,-4.4248827816766586e-05,-0.0016962417873941334,-0.0005770601250105667,0.0019370218339197001,-3.4488110254776276e-05,-0.0011856677698309363,-0.0006248857104405667,-0.0006687856539892,-9.081787242740012e-05,-0.0015800089466814335,-0.00023719890152646664,0.0012430535364053369,0.0014602598658809667,0.0013404652645659307,-0.0018732242001101337,-0.0025588573850429002,-0.001780320676718233
1976-03-01,0.004090627330886133,0.005308696353032101,0.0037482773264662333,0.0055615157704173,0.006334404738994433,0.0057271895630048005,0.003252689450598133,0.0027821687959836664,0.0019523648547332666,0.00369498882648,0.0012078545165860335,0.0071694735512075995,0.008405462660155967,0.015804639029281767,0.0073839857599864,0.007865787498898,-0.011094675259624936,0.01787282348772627,0.4503666666666674,51.666666666666664,0.010450861333333334,0.002838979471418266,0.0038525553598388663,-0.06666666666666667,-0.23333333333333398,0.022163956189525835,-0.022898155981227297,-0.068354172715711,-0.1152934372315896,-0.038392441770264206,-0.0008541825880457992,0.0033334667364422004,0.003816168236525567,0.00022369864159683356,-0.00036172910042900006,0.004862074640331033,0.006182116424393834,0.0028504654703287668,0.0031477132320679667,0.0042415507377627,0.003601677804216567,0.004831274677287033,0.0025132876777463,0.0003561016118425334,39.699999999999996,-0.13333333333333333,40.06666666666667,7.27933465747272,0.01917461471272654,0.06726645458450667,6.290363342236657,5.8150352211897065,7.057689157720027,0.007273015798213333,0.0046620806582465995,5.91029215654997,5.845457233999377,0.028320419113056768,0.004393576683422467,0.007675945693325234,0.0,0.0007639592540107667,1.699510448606658e-05,0.009132012048038833,0.008903297548256934,-0.0027203315226911316,-0.0017741802918611997,-0.0024638877393140333,0.0022035057741594333,0.0004433149307316,0.33394439999999787,0.016908434417865433,-0.05288121999999997,0.021109929219541468,-0.01666666666666677,-0.0233333333333334,-0.003333333333333438,0.01333333333333316,0.03666666666666699,-0.0699999999999999,-0.060000000000000275,-0.06666666666666633,-0.15666666666666698,0.3466666666666667,0.10333333333333333,0.4633333333333333,1.2033333333333334,2.5866666666666664,2.8833333333333333,3.6799999999999997,5.29,-0.0095344795131193,-0.006103306111461933,-0.03138742118006593,-0.007671644912602833,0.0022176069433668595,0.003340774856851533,-1.12610710415832e-05,0.018010181179718334,0.0019228181322468129,0.011225331775014133,-0.0006021821124090474,-0.0009106873414807753,-0.0012884048039739332,-0.0007270433089168173,9.290213733214337e-07,0.0011063537724037176,-0.0026820261855920826,-0.0006300083910063667,-7.872799183844306e-06,-0.0005968142687091667,-0.0005090366308854332,0.0005171666679127333,-0.0009978854607328,-0.00048125379153323333,-0.001288590058564378,0.0028387563610222,-0.002732255734726141,0.004621561662177667,0.005071815627815667,0.006342039624237233
1976-06-01,0.0029209618561427332,0.002397730350907,0.0023555675494736,0.003935979091056766,0.0066047583926671675,0.0035924880388326663,0.0045018059690663,0.0034492539958398336,0.003648350210043267,0.0014824345342009666,0.0045699980375584,0.006345937218407034,0.0026094964200731,0.007974923622842233,-0.0013929421466443003,0.004467752520012033,0.005701265166245466,0.009271101424814033,0.17299999999999702,19.666666666666668,-0.00020891900000000012,0.0029012968544996666,0.0025426064125314667,0.033333333333333014,-0.0666666666666667,0.0030493182326676326,0.027050458809658867,0.015616348060362403,0.09526921921914344,-0.03991222720077773,0.018005822340239633,0.0010702670379914333,-0.0009385839648133333,0.005015963437093567,-0.005197752697431633,-0.0003232093033307,0.001222782728512163,-0.0027049368352584664,0.0018408713378713333,0.0015948498232146002,0.0013288940212081001,0.0017075644334661334,0.002253892512322,0.00017790824804643328,39.833333333333336,0.19999999999999998,40.266666666666666,7.280109860228197,-0.03951991157485,-0.030082292615923364,6.301748120090617,5.927661615118673,7.09732720092465,0.027601967894743368,0.0136073315067501,5.95197418550534,5.9405417154879325,0.016654520116370964,0.0037906130801387667,0.010253483252227467,0.0034437086666667,-0.0011464283453008668,-0.0007306986454927666,0.002616320575638067,-0.0018694158493320005,0.0009645859949972002,0.000989119683481746,0.0038330322728735004,-0.0022789572412943667,-0.0006446458034628667,-0.169630966666669,0.007440063030195767,-0.002285387666666701,-0.0027693680062972335,0.163333333333333,0.15000000000000033,0.12333333333333334,0.11666666666666665,0.09333333333333332,0.08000000000000018,0.09000000000000026,0.05333333333333346,-0.039999999999999765,0.24333333333333332,-0.08,0.27999999999999997,1.0133333333333334,2.203333333333333,2.5033333333333334,3.2266666666666666,4.496666666666667,-0.005929509308159466,-0.0050163506815443,-0.011255073729319366,-0.0038859219102274334,-0.000562402827460963,-0.0011222419862727334,0.0005277253133047667,-0.014812017381798265,-0.0019228181322468,-0.0001764558183860327,0.001164311769114098,0.0013264809107648168,0.0005829809361209999,0.0012354998927506208,0.0010945829866220666,0.0005185420961843667,0.0012669707592909334,0.0005805919171108113,0.0005490670721984943,0.0011613112983661,0.0009339461793023001,-0.00020746932724246655,0.0016933148521480331,0.0007435852986284333,0.0018026948240967,0.0008772974754180004,0.0026195288708403667,0.0004023399408605998,0.0009846752372594666,-0.008838620594207066
1976-09-01,0.001124571983708,0.002103506276434,0.0023498791835539334,-0.0018433696486054002,0.0031998700025131204,0.0032715376512479004,0.004152275343753467,0.0035281250488554666,0.0033094236723636,0.0070657527707635665,0.001694683186750933,0.0049803395415761,0.0023187761970439335,-0.00031671836931369997,0.0053201572305002,0.0027021921991546662,0.0110577630557283,-0.0013383341200767333,0.019466666666668703,6.666666666666667,0.0019671513333333335,0.0004173414518522333,0.0006765080316716001,-0.033333333333333,-0.16666666666666655,-0.0022560717820461333,0.015527512375558468,-0.003472253619418566,-0.0015671553706022659,-0.0051055680372975335,0.015173078624724697,0.0015218244814895667,0.0007420029564014002,0.0014945736938161006,0.0016501683866186666,0.0004562044507719666,-0.00031310666714469995,0.0016448993224554,0.0018192416489916667,0.0017928391648104666,0.0017154233596485332,0.0024474574434757666,0.0035113244648817665,0.0007772340663188335,39.76666666666667,0.0,40.13333333333333,7.39727046277428,0.04158390165749013,0.04899406344954649,6.384716062262001,6.1005419399295375,7.24647289096015,0.025490121330613267,0.06445713099351318,6.057373789009927,6.12690787510637,0.00022837131970373319,0.004175831309877267,0.008170422691136967,0.010331126,0.0015361182406333,0.0015538262874418,0.006443767487784101,-0.0006071865381552331,4.625929269271485e-18,-0.001000825241866068,0.0022445225776565334,0.0006751277954884666,0.0003243872597036999,0.09904849999999966,-0.007440063030195766,0.06880157999999993,-0.023448844073043,-0.09666666666666653,-0.14666666666666672,-0.10333333333333343,-0.15666666666666698,-0.23333333333333336,-0.246666666666667,-0.14000000000000015,-0.08,-0.176666666666667,0.07666666666666667,-0.14,0.06666666666666667,0.5933333333333333,1.8766666666666667,2.4033333333333333,3.1966666666666668,4.256666666666667,-0.0052047426005169,-0.003928375073194,-0.028708532252639266,0.0001713884213465335,0.0005325453156300158,0.0010891824956923704,-0.0011026239502956333,-5.8423159089499684e-05,0.0,-0.007965199163360042,-2.7413407913160867e-05,-0.0013376821525709333,0.0017325907563628667,-0.0019465796699878,-2.418850912485247e-05,-0.0005751812121032275,-0.0006804765697534333,-3.14955670225845e-05,0.0005279121712587621,-2.722302464430727e-05,5.4074109309033346e-05,0.0010634305702821665,0.0003039376917720667,-0.00036823901560186666,-0.0024483909963921905,-0.0010002335412767,-0.0032611716740351664,0.019713956066943605,0.005897119550220767,0.0046455401187219
1976-12-01,0.0023090594989483,0.0025914570389845002,0.005355472167608466,0.011840770106003302,0.008377975901085568,0.006339687580625734,0.0075109202809204335,0.009662554114638833,0.0081089760682091,0.017392804335029332,0.004049900791214567,0.016848042724166266,0.005069398441476033,0.006070980882009666,0.003914495030328933,0.006608927930639268,0.022152507477746202,0.016656632597633166,0.31373333333333164,100.33333333333333,0.01655241333333333,0.0017327486520119664,0.0024330193619602,-0.0666666666666668,-1.3415194880887307e-16,-0.005823062964752532,-0.011728367838285798,-0.013655812829407631,-0.023424268997090134,-0.00546012754378733,-0.005920234553988967,0.003233712158002267,0.004253426215163533,0.0051356719410472,0.001368927317551267,0.004808999706252566,0.006790616682064733,0.0017328558881004334,0.002844608525429933,0.0031907956719206335,0.0023327617866819666,0.0030981372190356667,0.0037888165430258664,0.0006204850437670999,39.43333333333333,0.0333333333333332,39.800000000000004,7.410627698977097,-0.05831381649877681,-0.17187777511136323,6.4015459812554,6.266760956618249,7.314832080125673,-0.06036510502357003,-0.036752162090009734,6.1224237232394,6.2944877881182535,0.020218651888994767,0.0075657120923053,0.0073322968350506,-0.017218543,-0.0003813046877615,-0.0004364584588113,0.007128581247949965,-0.004537776031606733,0.004505480983098067,0.0036309844002150662,-0.0013499776347941333,-0.0004466991900550003,-0.026290858212857333,-2.9228376666666667,0.0061580101677029654,0.03435158133333333,-0.010881669635950034,-0.13666666666666646,-0.12666666666666646,-0.10000000000000002,-0.07666666666666666,-0.06999999999999999,-0.056666666666666664,-0.06666666666666665,-0.12000000000000027,-0.0699999999999996,0.049999999999999996,-0.16333333333333333,0.003333333333333327,0.42,1.6633333333333333,2.3866666666666667,3.3266666666666667,4.406666666666666,0.006195889980296233,-0.0001564070647287671,0.014867692271656434,0.012642295186097335,-0.001098895869524156,-0.001121333476724238,0.0005218158542795291,0.0010745141644982667,0.0,-0.0004050474362510999,-2.3659959078133844e-05,0.001293873017381171,-0.0006563808387831999,0.0011954971699273335,-1.8328949664396642e-05,0.0005089412698975102,0.0005851489339797122,0.000547795247909942,-3.273268852586669e-05,-2.349803498683279e-05,0.00019006327970700005,-0.0004591854582931002,9.378000779366652e-06,0.00045570490833296665,0.0023205505397131667,0.0008528041962760335,0.004401081149097166,-0.027688898085058866,-0.008133861704633835,-0.0029597050047308004
1977-03-01,0.0039872508216151,0.004427974957596999,0.0025399579836648334,0.008106237171132834,0.0154621902358786,0.012647572654311367,0.011343467268529433,0.010280164687352466,0.007408385630229534,0.015942153556731932,0.0035726293467144335,0.0182522633577388,0.014059410729915301,0.017514500752983764,0.014145726686605166,0.0145914565914224,-0.036012084337667,0.0024262759904330323,0.9492999999999995,63.333333333333336,0.013699667333333367,0.0038253853952513336,0.004941250937317,-0.09999999999999981,-0.2666666666666662,0.013653400656618965,-0.033679416430554505,-0.04261112383662833,-0.06409332555286852,-0.026039259754650563,-0.029834426533269797,0.004260669516552767,0.007194789623634133,0.008906463579863867,0.021512840379190365,0.004112406902406066,0.0045725454095996996,0.003391397982283533,0.0031318348001173665,0.0038856611450282,0.0033809645457338667,0.0044768703854505335,0.004443990509449433,0.000420386590075,39.96666666666667,0.0,40.300000000000004,7.583098237353504,0.10792902569796685,0.21104995732719,6.641065673530743,6.296778687514994,7.393862287648253,0.08783161561259334,0.08286135038601643,6.259051171818544,6.291038475542887,0.018481019334401466,0.0048647379509276995,0.009542138589113833,-0.006887417333333298,-5.5700643172199925e-05,-0.0006990079182790199,0.0023927350521655336,0.006959997698056167,-0.0016422600812753645,-0.0007130124777183014,0.0010335429716731665,0.0026831680748227,0.0273899096528994,0.5521776000000026,-0.015613732529075998,0.11356824499999994,-0.03357930594669717,0.04000000000000003,0.0100000000000001,-0.0266666666666667,-0.0100000000000001,0.05000000000000019,0.06999999999999985,0.05333333333333346,0.026666666666666398,-0.0033333333333332668,0.05333333333333334,-0.09666666666666666,0.16,0.77,2.15,2.706666666666667,3.36,4.403333333333333,0.004516420943770301,-0.018659804848197667,0.0012822770373528,0.013323466569689335,0.0010324131381933667,0.0004982972953516332,0.0015382062698131,0.009436927196184433,0.0,0.0003238816862252333,0.0005217170503088668,-0.001301775349077463,-0.0011968116286563333,0.0005385652258341332,0.001017740225663333,-0.0005594249031999923,-4.947500284551915e-05,-0.0006046829233333403,-4.561091441189997e-05,0.0005200990945386333,-1.918481100066672e-06,-0.002050523954681933,0.0005381841106242336,0.00028036672025512794,-5.5072833947970193e-05,-0.0031589072933224335,-0.0006872199775944003,0.0066140865712031,0.0017091970205598333,0.002895174303787934
1977-06-01,0.003191591957188867,0.004067537553461,0.003486021988227767,0.0041101697197944665,0.004102923855816333,0.005602207890498367,0.007018774354313067,0.0070033682846857995,0.0031466493120015913,0.008133035435527033,0.0008499205949169668,0.0160507474639071,0.004079346315490566,0.004016570573243634,0.005438684328572267,0.0056448160361391225,0.026159911904291133,-0.010245580871475033,0.219433333333337,75.0,0.0165298886666667,0.0019705023677669665,0.002956033661734,-0.09999999999999999,-0.0333333333333332,-0.0177093056129914,0.0108544370872812,-0.0050308874120344,0.04502069442157867,-0.04689996070104504,-0.005488598207632501,0.004480648238616833,0.004341605892271567,-0.0038912593490116006,0.006510458489111366,0.004317968674884033,0.0058520521727671,0.0018955600319578998,0.004534452852058834,0.004099354784038633,0.004058700974930166,0.004268264831254667,0.0034670369186730666,0.0049165747239978,40.0,0.03333333333333333,40.46666666666667,7.587234791585343,0.04781846357016986,-0.0021390447735433332,6.646379845860786,6.24458175309985,7.439533645653666,-0.023401419557749787,-0.0048193610584098675,6.338515571187533,6.273434512978767,0.011182110663134766,0.010984887442871133,0.0063415986922426,0.0034437086666667,-0.0007619653641501666,-0.0006714917367907546,0.0030371889776225,0.0009424514191005336,0.0018354656896469336,0.0009345258571264668,0.0007900717766379668,-0.00037793193509886664,2.784439842133332e-05,0.5002961666666673,0.0038478051687347325,0.03682464933333337,-0.006897922583884133,0.22999999999999973,0.21333333333333326,0.21666666666666687,0.19999999999999993,0.16666666666666666,0.016666666666666368,-0.013333333333333431,-0.033333333333333034,-0.066666666666667,-0.03,-0.33,-0.11666666666666665,0.47333333333333333,1.46,1.97,2.5933333333333333,3.5433333333333334,-0.0156537232185669,-0.012770146288198767,0.0006973503240746,0.0030608757069432997,-0.0005357760706271981,-1.9562676375433838e-05,-0.0015724487407799985,-0.012498043388250833,0.0,-0.0020487669495645663,-0.0005808547384902857,0.0021082530517911335,-0.0022637325260004997,-0.0012397713655391293,-0.0015899463369709,-0.0010465276281538362,0.0005493021430999333,0.0005350135044711666,-0.0010853360666533806,-0.0005788417501101895,-0.00020738704977789997,0.0012184865359114,-0.0012040181719636,-1.2122129127333346e-05,-0.0006203430988382334,-0.00045007918755116664,-0.0006741264902989,0.005388280455734466,0.0028233676135158334,-0.005406202670452366
1977-09-01,0.006244617147550767,0.0073777153991313,0.0036261689268378,0.004259385246962534,0.007733614649938634,0.0021643905873180666,0.0016335389567395334,0.0012916113073722668,0.0037197713711318997,0.0016810379878793335,0.004656233411276433,0.0010811496648005,0.0027374430858650664,0.0048823828574118,-0.0006546893858064666,0.0026288140422027,0.0048048082396385345,-3.881246953253356e-05,-0.03233333333333616,86.0,0.014484937666666668,0.0030259322430836004,0.003485757573715833,-0.03333333333333347,-0.20000000000000048,0.0027865017720302664,0.010668851138870103,-0.021291507363899967,-0.021370115764150432,-0.0212160671970123,-0.002220996556616233,0.0038648007873707,0.0024864475177809662,0.009230713606984334,0.0044084651712801666,0.0017661291259969002,0.0021054886663253998,0.0012263586305891333,0.004396496691577767,0.0037549062103311333,0.003838309190782,0.004470453343983501,0.005096125119764,0.0035542022360169,39.9,0.03333333333333333,40.46666666666667,7.60253649620914,0.004576730937300165,0.0070774067019234955,6.717968907530307,6.259815540122467,7.459757324193557,0.07072483998121311,-0.02607465807427663,6.391315103941573,6.317076703183403,0.0193563083233439,0.0145137006959626,0.007676437247665633,0.0,0.00048541109975096665,-0.00034738792716259995,0.0029770179541153334,-0.0027704672145473334,-0.003907264459452167,-0.008763454530044934,0.0009635029958995999,0.0004854485907419999,0.0006621030912299667,0.11576123333333037,-0.022214398718734735,0.15436408400000032,-0.0297477674854794,0.34999999999999964,0.37333333333333335,0.3233333333333333,0.3433333333333333,0.3433333333333333,0.15999999999999992,0.06333333333333326,0.03333333333333283,0.0066666666666671355,-0.04666666666666667,-0.35000000000000003,-0.07,0.4533333333333333,0.96,1.25,1.8099999999999998,2.6666666666666665,-0.018845443279516465,-0.012984128068180731,0.009255348369171032,0.0116364453964313,0.0009990354325273,-1.9082239687661843e-05,-0.0005186708879243386,0.0056624873053019,0.0,-0.005056987002602033,-2.1465446005546685e-05,-0.0016963320393502998,0.0016906206993200482,-0.0006062735964515999,-9.585292328158817e-06,-3.190113200849656e-06,-0.0012207028349709348,-0.0005828817486192565,-9.92026586388306e-06,-0.0005611366696630667,-0.00017520879811183337,0.00033782883775790003,0.00041469955471667833,-0.0006884029916069666,0.0005116569480349333,0.0013028246152941667,-4.652421804577773e-05,0.0269982685923284,0.0103164056497741,0.0010978731393368
1977-12-01,0.002918244789710167,0.0025858098415323,-0.0009028507566596332,-0.0044566047989646335,-0.0024927096269369664,-0.0036979914187578004,-0.0024438409596866007,-0.0031206703797163667,-0.005601158477696,-0.01632216823573297,-0.0007501973221720002,-0.002259074486367633,-0.005034037103170066,0.0007844196417936341,0.0033321749664981665,-0.0006196836372683664,-0.009156279898395967,-0.016045063707517602,-0.29719999999999747,95.0,0.022904573666666702,0.003514609083660267,0.004737696860974067,-0.133333333333333,-0.2666666666666662,-0.006892366341756602,-0.02236017878208833,-0.028377655157150367,-0.017980130048582833,-0.0386682570157193,-0.007512055007471333,0.0031434448744142667,0.0013575422989315666,-0.06224200936666807,-0.00041341110760370034,0.004276223088446301,0.006005640619936334,0.0015031968353250668,0.003827840423435067,0.004605850016398333,0.0041579905383777,0.004919740229654533,0.004498493824961833,0.0031752401604118337,39.5,-0.03333333333333333,40.13333333333333,7.5800321174255,-0.1911153269157735,-0.06471867148031997,6.677243982111377,6.319564880696397,7.4701980676411806,-0.01847660164644323,-0.027337717220276798,6.432356436045278,6.333748800003716,-0.010530551929232237,0.014159345058647068,0.0097080828864069,0.010331125666666633,0.0015611931123912,0.00037768711046363333,0.0008667145789478999,-0.0026963763977361,0.009599138454222432,0.017679275496884833,0.00047622616569439994,-0.00030572809769319995,-0.0006838333659923331,0.24835886666666265,-0.0126471317605231,0.12051993766666651,-0.0205727478096575,0.07666666666666694,0.08000000000000017,0.09333333333333337,0.09000000000000023,0.10333333333333337,0.14999999999999988,0.14666666666666683,0.12333333333333363,0.0933333333333332,0.043333333333333335,-0.38666666666666666,-0.08666666666666667,0.47333333333333333,0.9400000000000001,1.1533333333333333,1.6366666666666667,2.4466666666666668,-0.04567475113607244,-0.018376035156317232,0.029553843581239733,0.000696938271857933,-0.0005335441326223812,-2.5485587333520066e-05,0.0009911589157110656,0.0029215531289130997,0.0,0.006742620598926633,0.0005059980827197,-0.0008417512890647335,0.0005419329976493067,0.0005471090003904321,0.0009960516098891999,0.0010092251127495875,0.0005420505080098667,0.0005172972263549584,-1.6125534060633183e-05,0.0010476806666336335,0.0004151264424280333,-0.0005570020656850667,0.00013382840329490006,0.0008597111881168333,0.0004942171698011335,0.00040672876297533333,0.0022541475244173374,-0.03170660250599736,-0.015250093571664167,-0.0007697477129940666
1978-03-01,0.005284427768194933,0.0064762884593895335,0.0101422616581684,0.020837433657081367,0.024120927723569597,0.014721696951596733,0.015675471583234533,0.017457498200664834,0.014320652499601835,0.025003358557170202,0.009465142694112099,0.0251076921521392,0.013696753346268001,0.0120097320450075,0.007690280975526267,0.012276935580607768,0.0056273595561598345,0.003590119042831267,0.7781666666666678,144.0,0.03423229066666663,0.0023084323358570666,0.0035480387113023004,-0.10000000000000035,-0.19999999999999973,-0.008851135984172033,-0.017371310716175568,-0.029908761904395967,-0.0032284352448213676,-0.0595461037925528,-0.024629614033052267,0.0061219676983714335,0.0089209382090338,0.07665779481712237,0.022318517694977533,0.0031937440447483,0.004126143718768967,0.0016830330285261001,0.0050470809289173664,0.004887052424219667,0.005355992886607034,0.004302730111311533,0.005245961464397633,0.003948084870810167,39.833333333333336,0.03333333333333333,40.266666666666666,7.590704728969439,0.23372645075240328,0.06541821703262644,6.70495916076224,6.3104808725621195,7.509627871124437,0.018476601646443203,0.055830765588276564,6.516584715367791,6.3223682143812825,0.04097765678042303,0.01906286801096613,0.011181247035824035,-0.027549668666666666,-0.0006510466444238666,-0.0003489550361501,-0.0009649753637805666,0.004609590853159032,-0.006092324746273334,-0.011126499743234666,0.0010189210352737096,9.946716979639999e-05,0.00028452273660600015,0.3702328333333376,0.008964248135300234,-0.0018459523333330026,-0.00014223404050833313,0.06333333333333313,0.02333333333333343,-0.0500000000000001,0.010000000000000337,0.05666666666666681,0.07000000000000023,0.06333333333333337,0.050000000000000135,0.050000000000000135,-0.043333333333333335,-0.47666666666666674,-0.12,0.5466666666666667,1.07,1.2533333333333332,1.68,2.4266666666666667,-0.013895540557401567,-0.027699982142913537,-0.015079629815267467,0.012039295137943065,0.002414224438701,0.002918672857995533,-2.6457126240633382e-05,0.006318951451427833,0.0,0.0008428235334277003,0.00048515936494696667,0.003320907501224834,-0.001115726458981958,0.0010664945509054665,0.0009573720028616334,0.00046090094574349993,0.0005133136272516147,-3.4800886758385944e-05,0.00149837174973592,0.00048036516059232266,0.0005549491679996,0.00029977105384396667,0.0016270438201817332,-2.009484433150006e-05,0.0004481652253692999,-0.0004684281856010446,-0.0017832314846811335,0.003044493597882867,0.004651880516656566,0.006101575028555833
1978-06-01,0.003425586597219967,0.0028023965741035667,0.0008255564138141333,-0.0012322122298081331,0.005693685155984933,0.0035192423452422004,0.0025016288450599336,0.0022027961388608004,-0.0018693055005417332,-0.0028319494228405667,-0.0014104294304407331,0.0097870006617137,0.004608277832120433,0.006919792604261634,-0.0023881826659822997,0.0036665004002830667,-0.00023340682383443277,0.004444274640987333,0.06183333333333,-11.0,-0.006913737666666666,0.0026964500165184667,0.0024231896315166997,0.0333333333333336,-0.1000000000000002,0.036583621319706466,-0.0037284010545744345,-0.029933142185369632,-0.04648595078739084,-0.010962622281611567,0.023869012828347635,0.0040069854053683,0.004029747402811966,0.007988165666530933,0.007270789159825,0.0031634342175005333,0.0046983223473357665,0.0006522247596863666,0.003998192795065066,0.004175736952150867,0.0047784325886119335,0.005438278080205767,0.004948064370647467,0.002187317247766833,40.1,0.0,40.53333333333333,7.63963204803634,-0.05027429657819663,0.000698080534373367,6.747378147714808,6.309136395239874,7.5188574237067165,0.02212502298162337,-0.013105701113613132,6.47591673713357,6.394670810573103,0.002641613387112334,0.020896553231693833,0.009726584547850666,0.010331125666666734,-0.0021842289780587662,-0.0006958202511052667,-0.0022350492125590665,-0.00017975763970459976,-0.00026095278087653304,0.000859080012757534,-0.0011751261758213667,-9.472119442900004e-05,-0.0006004586831232997,0.7904106666666664,0.015730494632162636,-0.042432720666666764,0.005704929687513067,0.30666666666666664,0.343333333333333,0.23999999999999969,0.23666666666666666,0.3133333333333337,0.18666666666666631,0.16333333333333333,0.10666666666666676,0.093333333333333,-0.09000000000000001,-0.8733333333333334,-0.36000000000000004,0.51,0.77,0.8933333333333332,1.1866666666666668,1.9733333333333334,-0.018193522768045433,-0.03507977460366143,0.008047534305021866,-0.0050303209413933665,-0.0010529529117831512,-0.0015545283849424999,-0.0005096711066609668,-0.012598797186319267,0.0,-0.004587347760328566,-6.420906491299335e-05,-0.0037296547423061334,0.002164334384765067,-0.0005961136241996417,-0.0005599137779587458,-0.0005274662853924334,-6.471684091200501e-05,0.0004776330333688676,-0.001044597018053608,-6.381234086323829e-05,-0.0007001831166086667,-9.984416204570003e-05,-0.0015977164389433666,-0.00032453002117446665,-0.0011209287768608335,-3.741138182856659e-05,-6.079985499724426e-05,0.0021609567591583333,0.0007047834492196666,-0.006110229112333433
1978-09-01,0.0031573123580018003,0.003852115536727,0.003022952962469166,0.0065181183368678,0.011800512609270333,0.004693480594024134,0.004622382194727567,0.0049996936102406336,-0.0004950827978697667,-0.0026617761092788666,0.0005302696655178333,0.016189137430608767,0.0047648237578655,0.009334009982328967,0.0013340574115507,0.005411067532658467,0.006254152806363634,0.017923389380102333,0.20410000000000164,99.0,0.031617970666666634,0.0022094796171465,0.003598640362979433,-0.13333333333333347,-0.10000000000000032,-0.032248300093328304,-0.006126298567339233,-0.013374751016885565,0.003708893154919103,-0.032988088086655765,-0.021576302222948502,0.0028621626713416335,0.0033846780601163337,0.0052210365246004664,0.0033145282516470003,0.003342724396347267,0.0049674672192831,0.0006509510600842666,0.0026600939196216333,0.004161331669196233,0.005034943399699267,0.0031271214482533004,0.003591988781497067,-0.0009026318266845333,40.06666666666667,0.06666666666666667,40.5,7.59201544176733,-0.027456999144373367,-0.03995909241983317,6.7176551336376304,6.270567833859027,7.4619826548246975,-0.058336303315890035,-0.013642142569736665,6.487742403306894,6.21380643118901,0.03155326960082763,0.026568009598398962,0.0112887585599317,-0.0034437086666667,0.00036750629582043334,0.0003915256303349667,-0.0010073744115078,-0.0017899246514820994,-0.0026979439982069663,-0.0028126113377592,-0.000589862639103281,0.0006078387131968334,-0.0014494153082301668,0.007949800000005705,0.011494810716753165,-0.027686692666666807,0.0044713234276368,0.383333333333334,0.37666666666666676,0.3266666666666671,0.36999999999999994,0.24999999999999997,0.023333333333333536,2.312964634635743e-16,0.003333333333333336,-0.0033333333333331605,-0.08333333333333333,-0.8433333333333333,-0.5133333333333333,0.21333333333333335,-0.026666666666666672,0.006666666666666672,0.2733333333333334,1.0133333333333334,-0.05349977301734323,-0.027955132372550363,0.0192413667151159,0.016819030706740266,-0.0014536495045988334,-0.0009903368339291667,0.0027992042376307666,0.010120406706658534,0.0,0.014814069990227567,0.00043974119008598233,0.0024375625932154025,0.0009900155607178666,0.0004824169326334666,0.0004242354693507356,0.0009259978647231872,-7.040332329863633e-05,0.0004484161977937212,0.0009452023309570384,0.00044307114160076666,0.0008305741546365333,0.0006323604155919999,0.0009462083035054334,0.0008063616774365666,0.00044715335314560005,-0.0008380126763586551,-6.261376716249997e-05,-0.005390985006627534,-0.0013580693052303002,0.0018121787781568664
1978-12-01,0.0035773343340832664,0.0033701912812062664,0.0020067814116586334,-0.000445628734321267,0.007392359699668001,0.002419889867639,0.004500737837064767,0.005159896177783833,0.0010288502721487666,0.004671961266886266,-0.0005826388773699332,0.0129155031868331,0.0002391665149913333,0.0012315017473828332,-0.0002984321356921665,0.0031367302349452667,0.004329449909886199,0.003023440173226233,0.00346666666666832,-14.0,-0.009652184333333333,0.0031444800469948,0.0027851840743545,0.033333333333333666,-0.19999999999999998,0.0005976930655237633,0.029564029275371162,-0.017910107473655967,-0.0027777938530482,-0.03723974763316867,0.028453282983718933,0.0032133488646070665,0.0025969941458304333,0.0060394963589628,-0.005593479699258567,0.004256481403138167,0.005415680576692866,0.0023145026563178334,0.0034516609526568,0.003944380904366967,0.004770025391486799,0.003322011818572267,0.0051757571457624,0.0016564483424297667,40.06666666666667,-0.03333333333333333,40.5,7.55527687885163,0.045560995595620234,-0.19389110469894355,6.654720162319429,6.271439798127173,7.4283763291368325,0.012512639773023337,-0.1955809411570734,6.505879471498194,6.2183775579507925,-0.0014588287590230333,0.019944952878934902,0.0113641656479141,0.0034437086666667,0.00017114594622480005,-0.00044055099511489836,-0.0021737223492328,-0.0043315665471481,0.0057578371122690335,0.006987854178910465,3.190106023103368e-05,-0.0032733211876051333,0.0027292004163926332,0.4329682333333267,-0.0029620949416458014,0.04052385533333327,-0.010841586570373435,0.36999999999999994,0.42333333333333334,0.45333333333333337,0.30666666666666664,0.42333333333333295,0.19666666666666632,0.15333333333333296,0.11999999999999995,0.18000000000000002,0.3,-0.93,-0.5966666666666667,0.2866666666666667,-0.9133333333333334,-0.98,-0.8066666666666666,0.013333333333333336,0.028051498665598803,0.024700193842884133,-0.0003654971126429325,0.0019949203275951666,0.0026921038187689337,0.001774771496619033,-0.0005538500793216,0.0005273881003757669,0.0,-0.007108516945857066,-6.146187076615601e-05,-0.00041850626224553336,-0.0031902880190829513,0.0009769945852087846,-6.331017255189351e-05,0.0008784843479278334,-5.047598866881499e-05,-0.0010608006647317,0.00042530000152101415,-0.0005511161354625,-0.00013695593628720005,-0.0010596173945245,0.0017173521671191001,-0.0009899547114251334,-0.001542969695160455,0.0011819744583324002,-6.81698112368041e-05,0.004063947530334867,-0.0002959432978707338,0.0033120729175276
1979-03-01,-0.00034919031733340037,-0.00038126469642626656,5.942300280159981e-05,-0.0011864900123992328,0.0086853433876044,-0.0012957385017273333,-0.003341551681947667,-0.0051151418991918,-0.007481485028641832,-0.0221805979220574,-0.0010707499226455001,-0.0009214932648512995,0.0008229579482916666,-0.00507606940733,0.0058507063633837335,-0.0029473548619258993,0.004450386562447233,0.006547836877079033,-0.5119666666666661,31.666666666666668,0.006983538666666668,0.0003681844241741998,0.0005270738474341665,-0.033333333333333666,-0.033333333333333104,0.017109707732500066,-0.016196827885862266,0.0058156378679071015,0.0027777938530482347,0.009859005781228733,0.05011575072048011,0.0022780282237337334,0.0029243483737731997,0.005048914137673767,0.010725791285544498,0.0010642506937757665,0.0021582121318192665,-0.0007851291010023666,0.0020281144880544334,0.0006620691831731333,0.0029592150788299667,0.0019335715052411998,0.004055710476224599,0.0008355793893125334,39.73333333333333,-0.3333333333333333,40.13333333333333,7.43800371675168,-0.0848220074810835,0.14938064049076663,6.569601032798343,6.172800925512139,7.3779448329287405,-0.05937328998008664,0.1293669400662735,6.480196902910367,6.19277012174635,0.00042597428720016667,0.02424078921666133,0.010502813073620334,3.353798720221827e-17,0.0038088892441777776,0.0020533909345357335,-0.002724651397828433,0.0058059630735108995,-0.006886923827124001,-0.005518874216353269,0.004279306971605233,0.0014453278272216668,-0.0016265390336850998,0.5334368666666681,0.0078955841099727,0.0035181119999999322,-0.009996411943060666,-0.020000000000000132,-0.13333333333333353,0.03666666666666701,0.0066666666666665335,-0.09666666666666711,0.0166666666666669,0.0266666666666667,0.04333333333333344,0.06666666666666653,-0.15333333333333332,-0.6333333333333333,-0.5966666666666667,0.15,-0.86,-0.9199999999999999,-0.7166666666666667,0.17,0.009108196025214567,0.029856338784646802,0.0111481084011494,-0.012414224149048532,-0.0005588882935452,-0.0001118829423069669,0.0016718619565419667,-0.0064775444236158,0.0,0.016466200886898538,0.0003889281853008334,-1.9216172336051893e-05,0.006438650492377134,-0.0015971393548428999,0.0012587962000545668,0.00034248993171489997,0.00044488591018300005,0.0018909802679779666,0.0003809441369266819,0.0008736283609189106,0.0009486533628023666,0.0014741232231670334,-0.0005116763637564668,0.0016729743038920001,-0.00147819902262187,0.0019223523197405997,-0.0036660977856873334,0.0013844046879422339,0.004052337748879233,0.0010259931866025665
1979-06-01,0.0011867590385712331,-5.722733573126662e-05,0.0014722834905047998,0.0034561817622218004,0.0034180864812244673,0.0024446538377415335,0.0037310312052957,0.004613237612162101,-0.0013654129263465332,0.002064549260601,-0.0027977500383088998,0.014167678751028133,0.0011047380940532,0.007574359157993067,0.004433231685995433,0.005380637819433234,-0.0262072034022592,0.0020255043767761667,0.19943333333333166,-47.0,-0.004491780666666666,0.002645339465831941,0.003054169071747333,-0.033333333333333,-0.23333333333333298,-0.005490858542448133,0.012683620960567401,-0.0415289297205416,-0.03394403096077784,-0.05178858226847554,-0.03042899868895387,0.0029690195584326667,0.002726749840789423,0.006422384403325734,0.0076614952002375,0.0013852922634326667,0.0019278078144004667,0.00046206457819406667,0.003062777152814267,0.0022704473021738667,0.0032765638994251,-0.0015453011725731667,0.004144272197309566,0.003589953874410367,39.86666666666667,0.23333333333333336,40.2,7.52213139567954,-0.017496727540463233,-0.010959891373049735,6.6753148496360835,6.203250270523351,7.389004232515904,0.0041667209214099376,-0.02997025671621027,6.4491352958378165,6.20306872782491,0.0029033788370700004,0.010334817746395901,0.013893668733552198,0.0,-0.0016443814075071002,-0.0006644018977871668,-0.0034586332477343665,0.00010551479403096639,0.0024642106375528,0.0035112236108914667,-0.002300400378565467,0.002294077042577957,0.00034102963446079994,0.009534466666669461,0.001953130587964468,0.03867817699999987,-0.018877981484399033,0.1533333333333333,0.0066666666666662005,-0.07333333333333335,-0.08333333333333337,-0.1599999999999996,-0.11666666666666665,-0.07666666666666688,-0.06000000000000063,-0.013333333333333497,-0.47333333333333333,-1.03,-1.0533333333333335,-0.5566666666666666,-1.3366666666666667,-1.2966666666666666,-1.0033333333333332,0.04666666666666667,-0.013625929245352367,0.0003462762067236672,0.0286794376962366,0.0050499458113228,-7.349175429311368e-05,0.0003576204052819666,0.00024252194345596674,0.0011082455587544332,0.0433084741607029,-0.0176852207195441,0.00035163333005946664,-0.0011977792042697335,-0.0013290335588695666,0.0009441048578390177,-0.000568199891363,-0.0022782559081919664,0.0009007945250519333,0.0003294467788732666,-9.569562394980541e-05,0.00035097163882189994,-0.0009278303727079258,-0.0012174224978066665,0.00016609413115795376,-0.0015109907209720334,0.001891258028635937,-0.0012288588895194331,0.0025561127055238335,-0.002224513246613833,-0.0002596782105784,-0.0018295634297205334
1979-09-01,0.0005147673651860979,0.0007495350326145333,0.0032670862414622332,-0.0023060813052039335,0.012988396629769633,9.41142501672005e-05,0.0008514158583761332,0.001007392339487267,-0.0008270502056262,-0.0048593413474895325,0.0008706603689212335,0.0009882652228809668,-0.0007011090726871337,-0.006194679999533833,-0.0035316214011110333,-0.0020955416037592334,0.012311704566731899,-0.012413963822493367,-0.399533333333334,89.66666666666667,0.0013573570000000314,0.0022084984270081998,0.0013372999809438332,0.09999999999999999,0.06666666666666647,0.016757337270105168,0.0048418916275728,0.027342391580942732,0.01788804724574253,0.040048103947354495,0.019626055881283567,0.0009740015120567666,-0.0016599969235197999,0.006088122252932301,-7.214226482746668e-05,-0.0024151592000644334,-0.003264799197429133,-0.0009710765000612332,0.0019872801786118576,0.0022369617738941332,0.0016968109871057999,0.0030541461532103335,0.0032107363039663665,-0.00028908300558450013,39.86666666666667,-0.0333333333333332,40.13333333333333,7.474517364905516,0.02498767949115016,-0.06544901071615343,6.642904082090916,6.171584067437504,7.357940702339537,-0.041859102461066534,-0.029109394527286503,6.473284245203938,6.150181723129767,0.001074393091826699,0.008007670139769232,0.008154656607781934,-0.0034437086666667,-0.002059488476440967,-0.001311643102077923,-0.0040094320035480675,-0.0007819021119889,0.0030084119379368665,-0.0035754810519030996,-0.003348765389948333,-0.0018908210117285999,-0.0005629423765919333,0.11796333333333568,0.005791651490117566,0.02086563600000003,-0.013419852552775766,1.0999999999999996,1.1200000000000003,0.8199999999999997,0.8066666666666663,0.933333333333333,0.5766666666666667,0.4500000000000006,0.31000000000000033,0.3700000000000005,-0.2866666666666667,-1.5533333333333335,-1.5966666666666667,-0.96,-2.3466666666666667,-2.4933333333333336,-2.4466666666666668,-1.2833333333333334,-0.0036587964146835,0.020848959768017036,-0.017565452839242202,0.003277360076873167,0.0002891502251661001,-0.0005787047880273331,0.00017908557666769997,-9.07618277151331e-05,-0.0375112265900796,0.008823123477218833,-0.00010803537762084797,0.001548062382046733,-0.0033661169339908002,-0.0005501575150909387,-0.0005167772175379196,0.0008490106531612667,0.0003390096368672667,-0.0005942813341140332,-0.0009496623879036125,-0.0005581167670159667,0.00017983519583755252,0.0007156338743341999,-0.0011352157727730666,0.0008159867805152668,-0.0004975277751689352,-0.003059984291439667,0.0004721151658799685,-0.0056171570591091,-0.0038750330352280335,-0.0010609164637568665
1979-12-01,0.0023898030331986997,0.0014813995096348669,0.002519111921905333,0.001961503830843967,0.012358571914984268,0.0014566665570394334,0.0016634960746149,0.0024071149385198336,-0.0019231895008818998,-0.013062665491050401,0.0026111971198287663,0.007539177198336233,0.0012291533097887996,-0.000760373161512767,0.003882772903293578,0.0015468271599662665,-0.015862081058047033,0.002517133002246333,-0.0649333333333337,-157.33333333333334,-0.0392794246666667,0.0027073608361748,0.0015890330151595335,0.09999999999999999,-0.03333333333333314,0.018766281251642435,0.008509707766199831,0.0347644995631722,0.051867002134968365,0.011132760133949466,0.009798623478059668,0.0011731338980773998,-0.0011869765344982666,0.0048616376477031995,0.00036055529024756663,-0.0018618170041240667,-0.002442214395941267,-0.0008810373541645,0.0020716931127815665,0.0011941607517407333,0.0016882172121004332,0.0014404067251690001,0.0035839003659330665,0.0013400560254564332,39.73333333333333,-0.06666666666666667,40.06666666666667,7.280716927868476,-0.03718416196858363,-0.13122351053844358,6.476473963465817,5.92609446871229,7.146731514003757,-0.039848383549926765,-0.04180555350381681,6.299495729798466,5.8934277616633635,0.014837737518452234,0.0093080603589251,0.008018282912319766,-0.006887417000000034,0.0021584449858744665,0.0005884288475739333,-0.007130303879720833,-0.005699233840494734,-0.0006238372100394336,0.0059426087815479325,0.00037310434457273343,-0.0008412887345106813,-0.0011610213073343,-0.4553908000000037,0.019813940983818668,-0.05920733500000014,0.0016966487486886003,0.016666666666666972,-0.06333333333333367,0.10000000000000027,0.059999999999999866,-0.12666666666666626,0.03666666666666633,0.16666666666666666,0.3199999999999998,0.3399999999999997,-0.31,-1.6500000000000001,-1.76,-1.45,-2.8966666666666665,-2.98,-2.73,-1.4366666666666665,-0.0073567344519734346,0.010539627270193933,0.018199124567171134,-0.0032487219623889667,0.0010786175926439665,0.0018802626298028,0.0025426738720450534,-0.004493913734615167,-0.005797247570623102,-0.0098260783996391,0.0011692203537485334,0.001099313936862834,0.0072769490186287665,0.0013386871503409668,0.001958617510520471,0.0016207139620005664,0.0007467721075859,0.0016144182899238667,0.0024912616321973503,0.0020365663503616,0.0007646279550301001,0.0013795498352443,0.002663444389408267,-0.0005659382488986334,-0.0018506642980599,-0.0033563399042925335,-0.0010140771275828336,0.0054015831729205994,0.004568112765513867,-0.0018427785300687664
1980-03-01,-0.003684107859575833,-0.0031096528871851,-0.009793348115612166,-0.018041521765727136,-0.012284543805253132,-0.007950606640402034,-0.006651382651776667,-0.0046282841304729335,-0.0070864091360671,-0.023127465717195265,-0.0009031773124593333,-0.0045807638786983336,-0.009261705085068501,-0.013181706197788834,-0.012435322872885133,-0.010043423708926432,0.03240223550104207,-0.0339913453882194,-0.9877666666666687,-232.0,-0.052857337000000004,9.070167181649996e-05,-0.0021629443617942664,0.20000000000000032,0.33333333333333304,0.01609054214473107,0.048764987147080496,0.0749227490137373,0.0733028368477908,0.0772881789398847,0.08197851361391219,0.0001798340065673666,-0.005958316735378333,0.0074699671331949005,-0.011139015504559402,-0.005385034120064233,-0.006367406635994523,-0.0037353895123655666,0.002476188895161066,-0.0011035441049045,0.00047235269026656666,-0.0010886724472953665,0.002479322583859233,0.0077683685012269995,39.56666666666667,-0.06666666666666667,39.93333333333333,7.0396804843933225,-0.09246110675039977,-0.07271033649688646,6.324755071429703,5.643445669084904,6.893162637098823,-0.11588184573978004,-0.20614121145467004,6.126787644936434,5.5871031513765175,-0.03256441703476656,0.006433547222421467,0.010767052940320668,0.027549668666666666,-0.0074454473411839335,-0.0014965234733802333,-0.0078063425351860664,0.007671315484929067,0.004669114906193999,0.006389334890283665,-0.0011226173645818669,-0.0010931958494682,-0.0037148448152143666,-0.6695747666666613,-0.024633302042228498,0.17887102866666668,-0.0398106888585216,1.2633333333333328,0.9133333333333334,0.39999999999999963,0.3466666666666667,0.4133333333333334,0.3666666666666671,0.22333333333333338,0.316666666666666,0.5899999999999996,-0.8533333333333334,-2.5566666666666666,-2.72,-1.9633333333333332,-3.6733333333333333,-4.1000000000000005,-3.85,-2.24,0.0330157136881358,0.016919272146207465,-0.008152114506919233,0.006269421581282333,-0.0021130685252111333,-0.0028904868644721005,-0.006711636136351967,-0.008208094033493367,0.012904837393563703,-0.013998513221968134,-0.0014216600626202334,-0.0015575581823450999,-0.0079108251959443,-0.0010273800866344334,-0.0029334978694842,-0.0025597755436027,0.00020918466431899996,-0.0018966635448946004,-0.0026286436977015666,-0.0018452127321281998,-0.0017420090662695334,-0.0012765844250542332,-0.0038550794073574667,-0.0005270040132519001,0.0022442484250546333,0.006275930037062065,-2.1098159192700177e-05,0.0065234340451212,-0.003687868528228833,0.002987735922454611
1980-06-01,0.0022392994019853,-0.0020016623375956,0.0027823483450609,-0.0010763015554851336,0.0116502590568667,-0.014980789435245898,-0.009152552081327033,-0.0075052027959816,-0.008946243870499967,-0.0280970672432687,-0.0020754830443880665,-0.009320642289027813,-0.02088746770333867,-0.0357179973005324,-0.020614066466604766,-0.0185462007462019,0.0081015808147275,-0.0119565491551565,-1.5989000000000007,-85.33333333333333,-0.03178937399999996,0.0017715441308207333,-0.0014711673857874666,0.2999999999999999,0.13333333333333333,0.008197134379107164,0.05507209778795996,0.054517151370655,0.034088333892564666,0.08210574628999102,0.018063801073943606,-0.0037228257322538664,-0.011189378211097866,0.0028942756362200337,-0.009217873570722866,-0.012476064060323333,-0.0160150386215593,-0.006639381064845233,-0.0010064116015501333,-0.0019992789851314666,-0.0015968802719428337,-0.0013307258378152666,0.0022621510639885332,-0.0033332601019626334,39.1,-0.06666666666666667,39.199999999999996,7.021558655930273,-0.005509767317070031,0.06077385226464987,6.367018973766843,5.51233321709089,6.971821397395707,0.0940160849111769,0.1838612054127199,6.223207779812717,5.63006482755586,0.009774794700436002,-0.0002834618921815334,0.006227833375531201,0.0,0.008142894050332134,0.003001275121763533,0.002539354197878933,-0.004087752681703822,-0.018267969933057966,-0.0220100982768448,-0.00021635376094973307,-0.0001767817273338666,0.0018836938407845,-1.85093116666667,0.05036489915057096,-0.227315418,0.04708723810374283,-2.86,-2.4566666666666666,-1.7133333333333336,-1.6066666666666665,-1.55,-0.7699999999999996,-0.40666666666666634,-0.3233333333333333,-0.5133333333333332,-1.1033333333333333,-1.9233333333333331,-1.8233333333333333,-1.0933333333333335,-0.26333333333333336,0.24333333333333332,1.0533333333333335,3.016666666666667,-0.03041405415916627,-0.04126020253463147,0.02383942331543783,-0.0096368896717537,0.0025852082476814334,0.0033254683785083334,0.0014564287988629002,0.025552163146957834,-0.012904837393563467,0.018236998304806167,-0.0029088609346115736,-0.0003812024716808935,-1.7652873891866514e-05,-0.0005048152564723908,0.0003558621212752621,-0.0004252869136752,-0.0073796764704310335,-0.00375365572541853,0.0003641809821299667,-0.0028944288246327866,0.0008479773204667333,-0.0013638154447133668,0.0011261530810127666,0.0011585839235800667,0.0003899195739433999,-0.0007634746072453999,0.0018472105765176,-0.006798203538559466,-0.002417850133420834,0.004256258727149433
1980-09-01,0.0049976640451524995,0.0061141636902680005,0.0045992651587966,0.016231691230482667,0.012048509554267834,0.0107904991689273,0.009265223643884499,0.008775543775675866,0.006875447809202966,0.0238188906526641,0.0008161341008827666,0.012216794510922535,0.012341537598871332,0.022001204208381236,0.014583442334141166,0.013739679471597668,-0.0029006610899123663,-0.0084602170617458,0.8770000000000001,64.66666666666667,0.013021876666666632,0.000764341044437331,0.0017532122275956668,-0.09999999999999987,0.43333333333333296,-0.022117462688284434,-0.033978281138786634,0.0482901238350134,0.0382259699025892,0.06052237482282321,-0.08145922999793064,0.0024030123109514997,0.004387682998349434,0.008336697269357133,0.004565239128086867,0.004168760041937467,0.0052310429309727,0.0024339717279282334,0.0016890399583738668,0.0014189063118994,0.0025689988523301334,0.0012688735571604,0.0029048840341474994,-0.0006503274021500998,39.4,0.06666666666666654,39.63333333333333,7.2972506077015895,-0.020034641356570144,0.11364219565686685,6.582416036651966,5.881436690795617,7.247504100194007,0.04486338465758637,0.0335805232671768,6.492740131860301,5.9385968547568,0.0336119528111656,0.010318979018429401,0.005984255807884233,-0.027549668666666704,-0.0007308304126265999,-0.0012548977809734001,0.0,0.0010309137816616667,0.008650661536647534,0.008817480669965733,0.0046064787922475,0.0006619930499418999,0.0015405237018034136,-1.3617208333333366,0.02774934803103987,-0.10311084699999984,0.0274592568307548,1.26,1.3699999999999999,1.1866666666666668,1.1900000000000002,1.2800000000000005,0.7766666666666664,0.5,0.41333333333333333,0.5266666666666667,-0.07666666666666666,-0.7566666666666667,-0.5599999999999999,0.32,0.3433333333333333,0.35666666666666663,0.8933333333333332,2.5966666666666667,0.0110315804132057,-0.018300875123359234,0.006026985633550167,0.0048247589976014,-0.0027234351590070664,-0.0038097918315539,0.0006602450109287665,-0.010322613643855233,0.0,2.6190008525166692e-05,0.002759533666183367,0.0014247024627564331,0.0011383626845659666,0.0003872664680549668,0.00031055896007860007,0.0027090493175284665,0.006309336628506,0.004011385948986733,-0.00045352544783546666,0.0027465416387232964,7.748651117393335e-05,-4.80779964142332e-05,-0.0004302675306021334,0.00043109796992536666,0.0012155010175135333,0.0010068214455566,0.0008280311775836668,-0.0008530030299827102,-0.0016648919401636667,-0.0032496229341889334
1980-12-01,0.0013370796048383336,0.0020092107521462333,0.0015093777463871666,0.0030669731473616335,0.010887161351088033,0.005587864106424901,0.004499946770783,0.003623647391758867,0.0015856156090645014,0.0019334365330464995,0.0014488351164487663,0.006836453081925734,0.006691807813971401,0.009189005507829433,0.0078942318790493,0.0057666611278765325,-0.0039042234361602994,0.035201720218105435,0.257966666666666,-23.666666666666668,-0.0025934979999999662,0.0019217343218726,0.0021344433068766332,0.0,0.4000000000000002,0.008341397524002767,-0.028718037204504037,0.0117868154989352,-0.033755630215920734,0.05840697841479276,-0.019590439138471635,0.0019942435931359667,0.0019378290049806666,0.015189392696050234,-0.0028078329560757335,0.0023870519742760898,0.0038342765113945337,-3.3393426912553537e-17,0.002014618319660567,0.0017922650103058331,0.0022573118819870334,0.0018214538019721666,0.0029449489679050666,-0.0005293268483406,39.833333333333336,0.06666666666666667,40.03333333333333,7.3216951954126905,0.10101670089336656,0.030645831775226565,6.644287524379827,5.78367770987015,7.15651143863368,-0.0652481923753664,-0.06244469953916687,6.441537771785616,5.790088328715147,-0.011958860126096501,0.006026055650485367,0.014992176435978102,0.006887417000000034,-0.0011636923777417999,-0.0008032769246690304,-0.0050801130461414325,-0.0078473932950655,0.0032697341231309996,0.006079300816142931,-0.0053476171289336,-0.0008559629776791333,-0.0010026279247057,-0.822601666666667,0.007092466149095133,-0.007815237000000067,0.008570200939662867,2.09,1.3533333333333335,1.133333333333333,0.8166666666666668,0.5299999999999997,0.3033333333333337,0.2733333333333334,0.16666666666666666,0.26666666666666633,-1.3333333333333333,-3.1966666666666668,-3.8699999999999997,-3.573333333333333,-4.993333333333333,-5.246666666666666,-4.946666666666666,-3.0066666666666664,0.030730929186480068,-0.011265227381933566,-0.0018812903543132,0.006158367253725667,0.0010317403909180336,0.0014005424039949,0.0009620454917958665,-0.003658875124052934,0.008889415694053765,-0.0109128310939856,-9.11110266415028e-05,-0.0021695527137565334,0.0037185808207077994,0.0007991100098756667,-5.585101314376905e-05,-0.00237032805409644,-0.0009644921574653333,-0.0004956130763641,0.0014883455154646667,-9.026476515925056e-05,0.0005266617453358,0.0007625319203293334,0.0009711897902700001,0.0002201937119938333,-0.0005031399931031334,0.0002763069127718781,-0.0009840762551678332,-0.0014638714332620663,-0.00022432058047049987,-0.0004140978509849333
1981-03-01,-0.0004934561054596667,-0.0002943451481840333,-0.0010607197510625666,-0.004652084843070734,0.0041734981311189,-0.0010927692714990998,0.000980211133653,0.0021736323270219664,-1.288596360516653e-05,0.007795396888660366,-0.0029543325987484003,0.0032662315062236334,-0.003106428252006166,0.0013984802221069664,0.0010040114295097667,0.0011906891062671001,-0.013503972785935098,-0.0240723111073988,-0.10869999999999881,17.0,0.006223019666666632,0.002762544370649267,0.003651577975157067,-0.09999999999999987,-0.13333333333333341,-0.0136366342480419,0.014257938661095567,-0.022808317631092468,-0.008090284765338268,-0.03650128786245423,-0.0022269543302773,0.0009141642594657001,-1.3801765247699905e-05,-0.0380783904316131,0.003034461859989767,0.0012851421541425333,0.0015442718080347334,0.0008548230927841667,0.0012486365427198667,0.0021237226059108334,0.0023291794189989,0.0025064351239851668,0.0022726622889503666,-0.002043742351645467,39.666666666666664,-0.10000000000000002,39.96666666666667,7.172552662637959,-0.07275118867333998,-0.1273639189742832,6.539747324360893,5.646762340563764,7.0822535350371565,0.05009406768311323,-0.06447946563343,6.364370989556993,5.71954771289039,0.0180413173064302,0.0033007466220281666,0.005583927859240334,0.0034437086666667,0.004339487342196367,0.0030954679163321002,0.0034908101308891,0.010105095546125634,-0.0022905978530586985,-0.007672430928244968,0.003886566539713967,0.0003366582009404667,0.0006261413101918332,-0.19856369999999868,0.0034904332890984342,0.01274971300000033,0.0071916970614247675,-1.1199999999999999,-0.673333333333333,-0.4433333333333333,-0.2100000000000001,0.08,0.406666666666667,0.3699999999999996,0.35666666666666685,0.1766666666666672,-0.7866666666666666,-1.5033333333333332,-2.013333333333333,-1.25,-1.8466666666666667,-2.12,-1.93,-0.026666666666666682,0.026635875766836365,0.020148176878580067,-0.0331699183921808,2.798886045000001e-05,-0.00011001463294456663,0.0005944205835610334,-0.00011636501668643327,-0.0009822288507791337,-0.008889415694053767,0.0065223406728677664,-0.0011963927463982376,0.0010538577237072366,-0.006828616237201334,-8.918191571333338e-05,-0.0022286502153274663,-0.0007675959805025669,0.00030724905375270487,-0.0012151566354265666,-0.0019605291804530665,-0.0015650284906652,-0.0017339000580099666,0.0013464779556627334,-0.0033422974381107,-0.001509823461623,-0.0008681616563118,-0.0013902846874754313,0.0008052417810047,0.0016245183737761324,0.0021562367515582004,-0.0002087009781792333
1981-06-01,0.007794493031135834,0.006674332892708633,0.0017207475325689001,-0.0024809716775895997,0.0031672238252031665,0.005789288956277567,0.0032160580199889002,0.0025883316203259665,0.0033535912104329,0.004291314945211966,0.0029980448845465663,-0.0008415964074064182,0.008290320241036167,-0.0009391718027247,0.0014412280841179,0.0007396520558833334,0.022367260541194266,-0.010849259738516666,-0.14496666666666633,-17.0,-0.002036511333333333,-0.0011311343798367666,-0.0011995115769955966,0.0,-0.03333333333333346,0.012529714991843,-0.0038536074670254667,-0.009855922290532167,-0.005813211428451767,-0.013828252756415934,0.016253715145946198,0.0011592059100712,0.0020776214592081,0.06270431414262986,-0.008799623440133632,0.0013156976046128,0.0010539968046187334,0.0017502819372131335,0.0008281824177812667,0.0010568087879913666,0.0012018808679770667,0.0010684438276816,0.0014850710601296,-0.0017470879109004335,39.699999999999996,0.09999999999999999,40.03333333333333,6.9794975914674735,0.0661503129079468,-0.0674407411668767,6.289379176744689,5.501274552541147,6.930442988118419,-0.029709259965333235,-0.1013586274091533,6.2181207570814365,5.608966409336056,6.118523353630002e-05,0.0030873562508529004,0.007676121312753001,0.010331125999999934,-0.005286425222262066,-0.0022645945481657003,-0.0043420516849037,-0.001136030596214533,-8.599984076293361e-05,0.0052285206718346335,-0.0006068317766342333,-0.0005699413050305334,0.0004985316209970333,-1.0152932666666636,-0.013411043412150834,0.09443709599999979,-0.013700980855021867,1.1066666666666665,0.8133333333333334,0.41999999999999965,0.43,0.46666666666666695,0.26666666666666666,0.20000000000000004,0.16666666666666705,0.20333333333333367,-1.9266666666666665,-3.56,-4.18,-3.2933333333333334,-4.430000000000001,-4.9366666666666665,-4.736666666666667,-2.9133333333333336,0.0203234107564094,0.025872019785754333,-0.04975050014706334,0.005468471452798167,-0.0028113013841893665,-0.0034819980541488,-0.003421495899867833,-0.0009644412774021998,0.0,-0.0015115579485114675,0.0017872149032888,-1.0374566306833375e-05,0.0032276273622858075,0.0011048263926675666,0.0021397299921182,0.002961476161348233,0.001755432086855967,0.0021654729688117,0.00107576445656424,0.0021539124580544004,0.0005544957818442,-0.0013996725289055333,0.0014435294424606,0.0004888126683740333,0.0003566980487875666,0.0019099889105339666,-0.0017600613240266972,0.0017579334093973335,0.0008119989491988333,-0.0028563509153188334
1981-09-01,-0.0005046198857012668,0.00015963358258850005,-0.0018767340035892,-0.008199418098094767,-0.000672589504813333,-0.0046081796812577,-0.0014113633884680666,0.0004209668683202667,-0.0008154173038473997,-0.011809167954868768,0.0033343232050114667,-0.0012755049361121665,-0.007709242670289634,-0.010408740147050467,-0.009087343158188132,-0.0046553153383084,-0.008332751969518269,0.013830892454362165,-0.5515666666666686,-144.66666666666666,-0.03144389533333333,0.0014339575381866997,-0.0010444080538671212,0.2333333333333333,-0.10000000000000021,0.033442739864082534,0.032423802821147006,0.0204434907532498,0.026395880451267405,0.014416661264605467,0.04485851227042364,-0.0008051841719787,-0.0034606919191647336,0.008774341471969033,-0.0047636592226787,-0.003908909349397234,-0.004639648751093433,-0.0027002208341333996,0.00014855750906993335,-0.0005011186626132,0.00013006438351936668,-0.00038142313438290003,0.0005793184812444333,-0.002191630109116133,39.53333333333333,-0.13333333333333333,39.733333333333334,6.810786109454536,-0.09737880760039007,-0.031770059934773436,6.099535976780444,5.3507455260920835,6.708737129971911,-0.03890809143605,-0.0635401198695498,5.99378435194097,5.324541623127007,-0.02709220678302063,-0.002043604910410833,0.005896895673277033,0.020662251666666732,-0.00023894065038496665,0.0007659834782479334,0.0009778364248269667,-0.0036371552965913,-0.0040940852987803,-0.0044024403239556675,-0.0006955754904476334,4.5514982380100016e-05,-0.001323035448006467,-0.06237643333333539,-0.024921204057082633,0.16326626466666666,-0.02523642827493053,-1.3199999999999996,-0.7166666666666667,-0.47,-0.30666666666666703,-0.11333333333333366,0.20666666666666667,0.2900000000000003,0.34,0.31333333333333263,-0.19999999999999998,-1.6733333333333331,-1.5033333333333332,-0.050000000000000024,-0.6233333333333332,-1.1199999999999999,-0.9966666666666667,0.5333333333333333,-0.035789879851821665,-0.0011600148620679659,-0.0059230505219301,-0.0021544655712225666,0.0006787959461152653,0.0006806007476913332,-0.0003385526022038667,-0.0052220649454731,-0.009390292322232133,-0.007316322272060933,-0.0025906535412731665,-0.0003616004044824001,0.0002919359020066668,-0.0013068027569318992,-0.0021500711765177,-0.004434946662813134,-0.0034686223247186667,-0.0029813350979438664,-0.0007685753057042667,-0.0025792028202238997,-0.0004985886970298,0.00016727962453916666,-0.0008299236729170915,-0.00048215023099343335,-5.254054274184844e-05,-0.0003987892464129334,-0.00045119150119976684,-0.0005645830653312015,-0.0013676022431277658,0.0020411336746380335
1981-12-01,-0.0005724823306844333,-0.0006758959470154332,0.0008181158233917001,-0.0086887775571735,-0.0027389212057228663,-0.014431301635606632,-0.0127507491496383,-0.012907075512135734,-0.010235943429351267,-0.030194732241867733,-0.0031440869957799003,-0.0237926943112544,-0.01609227747666653,-0.02890855617758557,-0.01593193852090233,-0.018185768688862666,0.010981341019410734,-0.005982345940303766,-1.5187666666666633,-62.0,-0.017067631666666666,0.00019867378201313327,-0.0022858755714742335,0.23333333333333287,-0.033333333333333014,0.023580629370404334,0.0489705697354627,0.014999700931395401,0.015052724738368066,0.014945031756658034,0.0275123655315698,-0.0029862703967484332,-0.0096886016651402,0.001511330418858033,-0.0135647302755182,-0.009450828332859934,-0.011710496897340666,-0.005757195502886466,-0.0006243869455678999,-0.0021381992119492333,-0.0013972314773997667,-0.0020556438347825667,0.00044988599007563337,-0.0005813351416369,38.63333333333333,-0.10000000000000002,38.63333333333333,6.760078542667412,-0.1762813764228867,-0.10036836426130986,6.17792975703259,5.128665810959784,6.658028541688666,-0.1257647437138202,-0.07857411117369013,6.06732428019681,5.133715273890883,-0.0029034047043475348,-0.0051026596354475,0.024806248751885335,0.051655629000000036,0.0034575179672036334,-0.00025567101462529995,0.005718677103775233,-0.0023687308800445332,0.009364880827036735,-0.00018164966797326655,0.0012641779153475332,0.00042774903070813336,0.0033805596607467,0.023799199999999354,-0.007029643340639599,0.06824533499999992,-0.005733917160793034,-0.62,-0.5866666666666666,-0.42,-0.3300000000000003,-0.35333333333333344,-0.2533333333333336,-0.18666666666666698,-0.07333333333333376,-0.003333333333332633,-0.5099999999999999,-1.6366666666666667,-1.0833333333333333,0.22666666666666668,0.91,0.9333333333333335,1.5766666666666669,3.7133333333333334,-0.0072056515340498005,-0.0098095279425016,0.008104083384908768,-0.0028665034370071335,0.0006594765076307,0.0010022823464706334,0.000996504973303811,0.007927144098372533,-0.0017460617214776332,-0.00030562595135829977,-1.1378130551539966e-05,-0.0010389618800843335,-0.0021205235287012334,-0.00046287458723496183,-1.8506294082135544e-06,0.001816938233978,-3.5179680249505233e-05,-1.2610000763889226e-05,-0.0003800150698938792,-1.0164225653466622e-05,0.0004674783677206666,-0.00041184635892223335,0.0004079559683683419,0.0006902313820189333,0.004875750459875767,0.0078874046675758,0.005688942634206567,-0.009600540997748,0.003098607976329633,-0.0026064816325383996
1982-03-01,0.003497967133433467,0.0028783854225687337,0.002838050667917933,0.005920926154291267,0.007183507936203401,0.0013881664723764664,0.005235031246165399,0.005756486547627267,0.0070807223395492995,0.017175759665455065,0.003542497594798967,0.002819400270425367,-0.0024826656455177666,-0.0005210820976628335,0.0027390112756427005,0.004364862031280733,-0.0002933076480307005,-0.0007582022348368335,0.1540666666666637,-112.33333333333333,-0.020386375666666668,0.0022261996753769335,-0.0003880871091634667,0.23333333333333384,0.3666666666666663,0.002285723242045767,0.016191089317806866,0.0825546767694119,0.0864258502080693,0.0785150840252635,0.0307947703380259,-0.0015309584318512698,-0.005263494324153072,-0.0046700951548686006,0.0011449144392953001,-0.006791913302106834,-0.008440035258589133,-0.004139025254168833,-0.0002431333545326827,-0.0004870526071509,-0.0018259305320965334,0.0010889149860470668,0.0005134130138338333,-0.0006448058753604999,39.233333333333334,-0.0333333333333332,39.26666666666667,6.8070838860319896,0.13850514798722013,0.12602204464001657,6.250043968229828,5.108546903636353,6.7586260763280235,0.1027671198848366,0.10422779155240007,6.19205807489199,5.2159421288115535,0.002849483080918133,-0.0007535327627081332,-0.0005424558457717667,-0.006887417333333298,-0.0012519785815801332,0.0004135987072716333,0.004133379230545999,0.006738821017907334,-0.006800765619318266,-0.0005758901141719336,0.002133228260066833,-0.00027086906154613334,-0.0026603845939726003,-0.3422403666666633,-0.002853898711603802,0.04206864233333333,-0.0007696448132434008,0.5733333333333335,0.32333333333333364,0.13999999999999949,-0.009999999999999948,-0.11333333333333333,-0.2166666666666668,-0.2400000000000001,-0.23999999999999969,-0.10666666666666659,-0.6699999999999999,-1.8466666666666667,-1.74,-0.58,-0.6266666666666666,-0.7466666666666667,-0.02999999999999999,2.1266666666666665,0.0207075449464129,0.0274574915604372,-0.0207831106761255,0.008989432756538166,-0.0013543220315929,-0.0016891374005126999,-0.0019986766520843665,-0.0013551868436661,0.06475292072053064,0.0019014515325720658,-6.7117172042422775e-06,0.000684462937280802,-0.005590017106621933,0.0006754536919399001,-0.0010506044515959333,0.0010665180538413667,0.0013889934014977665,-5.63472024503334e-06,-0.0014169344750648667,-5.563619713057297e-06,-0.0018082802960486001,-0.0004113123185251,-0.0031176708458005332,-0.0013919287396160667,-0.006450590220316667,-0.010764050155916432,-0.005317743995566133,0.010738803117406534,-0.0023746827162849336,0.005429158733231632
1982-06-01,-0.0011103177812703466,-0.0025218331260029336,0.0011361787288753334,-0.0043359980519059,0.004127482397911699,-0.004202633908334767,-0.0012032065572983668,-0.0009599800518235998,0.0033863563464212668,0.004497483130091466,0.0029760259088839,-0.0092296083107455,-0.0072832729710807,-0.008074390246970967,-0.004546585818980966,-0.0013055555180293335,-0.0165644122145213,0.016281780878113168,-0.23143333333333269,-103.33333333333333,-0.0147415893333333,0.0015806572074303666,-0.00027796058924126673,0.16666666666666655,0.30000000000000004,-0.0018612569509770989,0.007456518467536801,0.0471597697714117,0.030908609347634165,0.06350157584259214,-0.006305719710735367,-0.0023339050066445333,-0.008247540846004568,-0.0228678127025296,-0.006762560820780201,-0.0077232367120494,-0.009351779141053266,-0.005135143278931001,-0.0003327349347479343,-0.0002166964700620333,-0.0022616820954374003,0.0013545587281396333,0.0008326132359262334,-0.0025078488199993666,39.06666666666667,0.06666666666666654,39.166666666666664,6.932798926181857,0.02255288282460673,-0.021238604795366697,6.347629976785793,5.26760788425167,6.87572185089725,-0.003418833389063162,0.11391643124068666,6.2281510823851,5.392501177615624,-0.008048402012711033,-0.010998322990340967,9.142282117656671e-05,3.411622836087721e-17,-0.0029244162672549,-0.0022283560620707334,-0.003582840554379867,-0.0016926035625207964,-3.401187017216684e-05,0.005159980106100834,-0.003389599123241667,-0.0015028320295889335,-0.0015937240908900667,-0.3919859333333353,-0.0203873898455793,0.1443640813333335,-0.021390073331828397,-0.7833333333333329,-0.37333333333333335,-0.44999999999999934,-0.306666666666667,-0.246666666666667,0.02333333333333369,0.02666666666666669,0.04999999999999968,0.006666666666666339,-0.29000000000000004,-1.7599999999999998,-1.4833333333333334,-0.18000000000000002,0.35333333333333333,0.2266666666666667,0.8300000000000001,3.0566666666666666,0.021954184165551133,0.014593090650209936,-0.0069569726018789335,0.011970934831338898,0.0006592533175260998,0.000663289709637333,0.0013353371191296669,-0.005288938691625666,-0.06238013175406007,0.008074022309904132,0.0006595026973033666,0.0006774729035792753,0.007626501860680567,-0.00045172271142930007,0.0024070599989291994,-0.0004037103821519664,-0.0014536510624785684,0.0006603408629081668,0.0017262251594839,0.0006582038003021335,0.0018038719930214,-0.00021595297749083347,0.0037888198126606997,0.0011325653371529333,0.0010980242387435334,0.0021083913338155002,-0.00042160104263470004,-0.009635707920570133,-0.0034425278715660337,-0.0031771801567925667
1982-09-01,0.00031380461477623333,-0.0006026728329686666,0.004686510878439801,-0.0058756329574419335,0.006729586286873867,-0.007103209193622833,-0.005254111844469066,-0.0064712967202843336,-0.0009470343227594666,-0.0142047839061766,0.0036617613025979,-0.017770464964552535,-0.0090296773715293,-0.0214102366795843,0.0053037029153772995,-0.007764933013360067,0.004384587970191034,-0.0046336055385942,-0.650266666666667,-66.66666666666667,-0.010430814666666665,0.0012121993041388334,-0.0009326924645787334,0.19999999999999998,0.5999999999999996,-0.004785180014569233,0.016840089469071732,0.0543838802287446,0.03628738029612293,0.07083819204571656,0.041516736683655964,-0.0022941183506320997,-0.008350130850942,-0.021737466174525266,-0.0051212021884185005,-0.008301777814269867,-0.013077352148254534,-0.0008968615275968334,-0.00029328066115453334,-0.0018476299886008337,-0.0031211836104188,-0.0008596030064354283,0.0003835827043925334,0.001381651164845,38.86666666666667,-0.06666666666666654,38.96666666666667,7.020778221739363,0.003100797554103233,0.025328635659306528,6.418224611900894,5.41972441640591,6.942139578269416,0.08982536931840333,-0.025040210156036597,6.326143082246117,5.429811258922744,-0.010358161232026932,-0.005997686798123066,-0.0015346496287750998,0.010331125999999967,0.0051267716615305,0.0010181888836911,0.004826917308858,-0.00022246228864640041,0.0016127588800831337,0.0015892094017093984,-0.001882301598313833,0.0004484801198297,0.0007327467571229667,-0.300202266666664,0.06436001711676063,-0.356667188,0.0745147764163059,-0.9599999999999996,-1.246666666666667,-1.2133333333333334,-1.1966666666666674,-1.3066666666666666,-1.09,-1.0133333333333334,-0.8300000000000001,-0.69,-0.14333333333333334,-1.9433333333333334,-0.8666666666666666,0.48666666666666664,1.97,2.0566666666666666,2.8766666666666665,5.513333333333333,0.012133339412628933,0.02100017201312777,-0.0076158264772631995,-0.010640477859299198,-0.00034176273886762557,-8.928629004466629e-06,-0.0010008343347524334,0.0019370788468379,0.009231007775260534,-0.0061795823386641665,-0.00035186399261276656,-0.0006830489802590999,-0.0023926394716922666,-7.570509868533297e-05,-0.00034623352277569967,-4.317789291733455e-06,-0.0006996380136751,-0.0003543791581605664,-1.5942632035866478e-05,-0.0003497364208986664,-0.0001035728385378332,0.0007762212796951,-0.0008725423293808668,0.00011426215836519997,-0.0011153683369845666,0.0017736939475852,-0.001587318036366775,-0.0005893753526145,-0.0012127066899078668,0.0025418908341145
1982-12-01,0.002641358413111867,0.0026241061554728,0.0044251770299243666,0.006290194051140101,0.0029596004671178333,0.002680076507527967,0.0022673760515547667,0.0017452558705388001,0.0022963810443925006,0.013877157315839548,-0.0017550698223196004,0.002576320048116367,0.0031121675760487004,0.0093451223521857,0.0052231278530366,0.0048262152067662335,-0.010302646341431567,-0.016897921314930533,0.2689000000000033,44.0,0.0037851663333333327,-0.00014751993641523329,-0.00018147356983293328,0.0,0.733333333333334,-0.019402314192266932,-0.0156301667855458,0.03640800349429027,0.010491559780360432,0.05726779629454213,-0.0880172565539976,0.00031104143042526663,-0.0018639092780467666,-0.018827815272372202,0.006783301535098333,-0.0029402022283874997,-0.0037899793658435,-0.0016505397967308665,0.0010179186276945,-0.00016351893059503333,-0.0020225516381528,0.0016562822904795332,0.0015935269536531335,0.0013967519941939998,39.06666666666666,0.0333333333333332,39.1,7.255139929201824,0.08650373182836013,0.07111318373919673,6.701374013023631,5.631523533002631,7.19506168283349,0.05100839576850663,0.08324571362921977,6.582337964019263,5.758171995617784,0.029020961252568835,0.006184891514509534,-0.0066198166876443,-0.024105960333333332,-0.003818327398806234,0.007207292751638499,0.016297532571919366,-0.006398705553527233,-0.004962870831250267,-0.008592647913036367,-0.0001798257083806333,0.0019008854812297,0.0013252622683079668,0.007700933333329801,0.027934508147221,-0.13229783599999992,0.0468244382063888,-0.343333333333334,-0.3433333333333333,0.04999999999999996,-0.11999999999999977,-0.2333333333333337,-0.256666666666667,-0.14999999999999963,-0.1100000000000003,-0.2633333333333337,-0.48666666666666664,-0.9866666666666667,-0.7999999999999999,-0.04666666666666667,1.2666666666666666,1.5733333333333335,2.823333333333333,5.183333333333334,-0.033154600121925275,-0.05150078075480174,-0.024584767610282932,-0.0003795890004045996,-0.0036214347973017613,-0.0039545548446629,-0.0006670008900575,0.0016843559504638001,-0.006084064746999733,0.009858240803847436,-0.0006802723449510333,0.0006761285554555333,-0.0010209341065126,-0.00041213640819362025,-0.0013605461065493002,-1.560456334456668e-05,0.0010346009965545334,0.0,-0.0010307036308322,-0.00033752740074356687,-0.00031631590733039995,0.00012264498114449986,-0.0004983513378326332,-0.0003179423813697,0.0007190281531177668,-0.0047786124734215995,0.0015704910930616585,0.003915224546570834,0.0033976924106937667,0.0020490317339361993
1983-03-01,0.0021154322012292667,0.001887820113135291,0.005445516407716966,0.004106277827505768,0.010603044485032234,0.004910606153002667,0.0038692677138875667,0.0025325121278001335,0.003926526373750666,0.0111496468108771,0.0013096682694368328,0.0030219464750457,0.005995428941205467,0.015233999709690435,0.009865905788446733,0.006936189501976533,0.027583268366331168,0.007648908836777967,0.45133333333333286,45.666666666666664,0.005756313999999966,0.00040025946434656665,0.0013385618905583001,-0.06666666666666687,0.033333333333333666,-0.010659418864162737,-0.0207622100689555,-0.02198923510560387,-0.062276484411048334,0.005331463230577434,-0.003343391453312835,0.0013979708825792331,-0.0004292569849221,-0.017408338948595368,-0.0061071687813007,0.0017712013175507715,0.0022462345100866996,0.0010512886990069667,0.0019871340398651335,0.0017943114854096001,0.0006929157473555001,0.002492884009622967,0.0029753623942092664,-0.0006872210599600608,39.23333333333333,0.13333333333333333,39.53333333333333,7.371224771822487,0.038201127579670015,-0.006633718105766733,6.729639238579409,5.811496755072784,7.315463621975369,0.019677843861400007,-0.009337678742560035,6.722820246354613,5.82223332761012,0.0016593752455769338,0.0016844839768144666,-0.002308847162274433,-0.010331125666666633,8.120399251746683e-05,-0.0070188373554831,0.0085175386765976,0.008374948297852266,0.0060844801031168004,0.0027751679020079334,-0.0021409011046837003,-0.0005948626556652667,0.00036212614640323323,0.04297330000000003,0.02960000939638913,-0.12735794333333336,0.045172656181810635,0.04000000000000036,0.1199999999999999,0.11666666666666665,0.12333333333333384,0.12000000000000043,-0.0033333333333334936,-0.019999999999999993,-0.093333333333333,-0.21666666666666679,-0.23,-0.47,-0.39333333333333337,0.2866666666666667,1.4266666666666667,1.8499999999999999,3.0566666666666666,4.923333333333333,0.015035910434072835,0.0071075136769993994,-0.008463138447216934,0.0010293090144399,0.002959732153442767,0.002962982472415233,0.0003311567335035998,0.002313676451411633,0.025702342844293468,-0.006511024426000533,0.0016884158982592191,-0.0006829721776616332,0.0048018781085073,-0.0010478581807109,0.0023676744227489,-0.0017064489206216667,-2.5093079654133165e-05,0.0013480751234361667,0.0013467697955116334,0.0013494705504821,-3.337663908080003e-05,-0.0011421308437773,0.0024763066146412,-0.0011289384354591,-0.0010918798327380999,0.00029640870700046773,-0.0004005860248311336,0.0036517385570877,0.000985598773699101,0.0024514888433229136
1983-06-01,0.0030974196681056005,0.004415714796443433,0.0074251036432951,0.013418657703057967,0.015088808856720067,0.008997833418887,0.008096641957705134,0.007510957646349966,0.006697704586687267,0.020322880220024302,0.0016620788833762,0.013020936110262366,0.009933497248861334,0.0179450852036648,0.007817534203149132,0.0111571969446856,-0.014439483884861099,0.01646989808895327,0.7818666666666667,135.66666666666666,0.018180594000000033,0.0027794911194310664,0.005472442537659067,-0.2666666666666662,0.5666666666666667,-0.007621557136098166,-0.032724724765429,-0.0031421468825515984,0.014729937010123798,-0.014582516332452536,-0.06510291744025487,0.003978519726627367,0.005688524012002167,-0.0006625443877365331,0.008913855332046666,0.0052187479790036,0.0067783480798713006,0.002836896555969867,0.0034272819930372,0.003899520648596133,0.003170464726163466,0.004771096356487633,0.003198820296086967,0.00043748639135186666,39.800000000000004,0.09999999999999987,40.13333333333333,7.475633969160491,0.0323485963831566,0.05257787628040353,6.866378501753064,6.030261347015414,7.463636639581334,0.058287603835426666,0.021985989263933498,6.8592880905838,6.043638835098753,0.0187725912432052,0.007179902361225833,0.0031333294113000333,-0.024105960333333332,0.000741920577803,-0.0003799129652346334,0.0025391711211831666,-0.0014205531214646332,-0.0017722164262103327,0.0027563503194639994,0.004499899950541667,0.0014865092319847333,0.0013460480505637,0.084054266666669,0.019099772815920898,-0.0734713196666666,0.02929416281977337,0.18999999999999964,0.24000000000000035,0.28999999999999987,0.3199999999999997,0.4066666666666663,0.3966666666666669,0.3266666666666668,0.21333333333333337,0.033333333333333805,-0.13333333333333333,-0.30666666666666664,-0.20333333333333334,0.5933333333333334,1.63,1.8766666666666667,2.7899999999999996,4.29,0.0095287903758088,0.0038602647321545336,-0.0019150887262332668,-5.4094990922566706e-05,-0.0003298697283886334,2.7032774167305245e-17,0.0016658572172038998,-0.0056470375629394,-0.013063437472741704,0.0016084138013600323,-0.0010313895092049332,0.0013160342254963,-0.0024464180799563667,-1.870504943322033e-05,-0.0010343393116336334,0.0026875345794297664,-0.0006911431894645334,-0.0010402749703306666,-0.0010248456853609832,-0.0010337993713246,0.0003608364820388667,0.0005039989584897,-0.0014589315319950334,0.0012799576471299668,0.0010731386762164368,0.00029304031191346657,0.0011438286155308999,-0.0004356020918336665,0.0010998642751865,-0.0074189244517709
1983-09-01,0.004924560182480767,0.006298287557615467,0.004433783077815834,0.008150007774354734,0.006431969693496835,0.011300249347108432,0.009152201463586201,0.008669592387381768,0.0051659226694053,0.016560878916076667,0.0008156060302907669,0.016006493971182867,0.013503048696107333,0.019420130777050133,0.010398632660633834,0.012380472422250167,-0.0007084147118391662,-0.007552361191794533,0.8853333333333303,136.33333333333334,0.020213985666666667,0.000506671771328,0.002725762678272967,-0.20000000000000015,-0.33333333333333365,0.0030695660559559024,-0.010198144086518335,-0.0570524987492528,-0.07848900427288176,-0.043447432937549935,-0.0047725656885369,0.003968017311698567,0.006614773568344967,0.003190167906400833,0.009960658522332433,0.0059646433555311,0.0077166892333746,0.0032549452303225336,0.0031073918238201663,0.0043485436964196,0.0041615005933432,0.004432354862156334,0.0035391968881341336,-0.0005208822720301333,40.06666666666667,0.10000000000000002,40.5,7.482091843379144,-0.0323485963831566,-0.0459441581746368,6.89593873264883,5.997296972420027,7.420697488227803,-0.029815020117310034,0.023941911523753398,6.78750160545169,6.00783324590813,0.0326617989849159,0.013736004884918267,0.0063802506309057,-0.006887417333333333,0.0003441133640110664,0.000721143909242871,0.0021840099971000334,-0.0009240715290807673,-0.0025578736621483,0.0009653563629143982,-0.0006751541157834334,-0.00011457620679479999,0.0008736193917992335,0.263783399999999,0.0013942854708026003,0.008114956666666706,0.004511566103170501,0.036666666666667035,-0.08666666666666667,-0.14666666666666633,-0.143333333333333,-0.12999999999999964,0.023333333333332994,0.05333333333333299,0.03333333333333299,0.0233333333333334,-0.24,-0.5033333333333333,-0.3333333333333333,0.6699999999999999,1.95,2.1833333333333336,2.8800000000000003,4.053333333333334,-0.0009770094767715999,-0.010746566309109667,-0.006701722551736666,-8.115895020410003e-05,-3.0357660829594124e-18,0.0003272787040857333,-0.0006685903127446,0.0030105200854843336,-0.014608219729330867,-0.0054933902008175,-1.3307091750296108e-05,-0.002650110121100967,-0.0006926627180178667,0.0003078068205066666,-0.0003417627388676,-0.0003762166017046999,0.0003178202580092333,-0.0006799674326849022,0.00032125005177380007,-0.00034415906266744195,-0.0013130251003719334,-0.0003969829740825333,-0.0010939809006561333,-0.0016239278179950665,-0.00036929710674516656,0.0005847954716311333,-0.0004004172514022333,-0.005255588680970633,-0.0006362056048813666,0.0036709482558932335
1983-12-01,0.0066194556323780004,0.006371920797368067,0.006498480124552667,0.0116678457383615,0.013879761139116065,0.009688813068452233,0.009351114838572634,0.0103134815184811,0.0075650191979554,0.015566292974922867,0.0044410621318418,0.014100509301417668,0.010038613180859168,0.014800631286598401,0.00034619506335376607,0.008495292125679366,0.024572041377084002,-0.008222525767059766,0.5716333333333331,80.33333333333333,0.020267945,0.0008417550446235667,0.0037744832586027997,-0.266666666666667,0.06666666666666665,-0.017847399727807897,-0.025829165159458132,-0.03809802113841283,-0.040539902647623464,-0.0366363264084925,-0.04538775129089543,0.0041732134597817,0.005803875078911999,0.0023636892440711665,0.009981491581773567,0.0050100475482673,0.0066781238789535005,0.0023961569232717334,0.0036384533893478333,0.005213907127583733,0.005337723254928133,0.005435302210946899,0.0033797567325931,0.0005000626015985667,40.1,0.03333333333333333,40.56666666666667,7.48883411310155,0.043713333497479696,0.10239829555845326,6.851670702999634,6.095458323857744,7.439421749766322,0.0077074724736166,0.06568794617704983,6.77254075430472,6.111299961948586,0.008998775238338199,0.011837893662623467,0.006316641590838466,-0.010331125666666734,-0.0004908407156101333,-0.00025082130314873336,0.001867507937454567,-0.004257794649465634,0.008372971214616167,0.004067642229652799,-0.0013174539138214667,-0.00010947401163389997,0.0002443105195328,0.5290493000000017,-0.0025940468140183332,0.028945537666666698,-0.008174303975893102,0.02666666666666663,0.06999999999999966,0.08666666666666646,0.05999999999999986,0.03000000000000001,0.03,0.04333333333333367,-0.016666666666666996,0.06333333333333346,-0.18000000000000002,-0.57,-0.42,0.5266666666666667,1.9833333333333332,2.2733333333333334,2.936666666666667,4.213333333333334,0.019284183853165465,0.001306377521949,-0.020503392157919968,0.004407955434386366,0.0022731050906849,0.0022794468645255,0.00032567234393588573,0.0038468206678432663,0.0126768210381211,0.00031002123111443315,0.0009678285446324962,0.0019782568090151668,0.0003165628335066916,0.0002954560752949172,0.0013061554195236559,-0.001972392342696133,-2.280701583830005e-05,0.0006454483695013668,0.0009682067040470667,0.0009759182653897668,0.0008821314056536334,-0.0009525115837354666,0.0026384673790940667,0.00041038531419776664,0.001040873296322962,0.0017380943003999334,-1.879045821029213e-05,-0.0025145828812884,-0.003595739912882467,-0.004163895744626133
1984-03-01,0.005915022734874566,0.0067728865600884675,0.0006177272023447335,0.0019471715288800334,0.003383835375605233,0.005082840469969233,0.004720049722402566,0.004620064293994433,0.0013661396032072,0.0012729043693626334,0.0014437588892060999,0.0089195062849083,0.005456471575687634,0.010460603188860168,0.0050420337172812,0.006731870776784833,-0.004089787907240666,0.011814836898206635,0.3947,113.66666666666667,0.016807339666666667,0.0026304985747949336,0.0036459725759498004,-0.09999999999999987,-0.5000000000000007,0.0052966686823160995,-0.009751580349291232,-0.0432543097630568,-0.03469332954583907,-0.048455283423841734,0.016895899315208265,0.0040007988392165,0.005232879321875733,0.0008685272528537666,0.009013687002165467,0.004544415305688833,0.0058494465040605,0.0024757996289406334,0.003594437830694,0.004054885177625367,0.004483893809667867,0.003764062641397534,0.003103628081111833,0.0013505810383532331,40.43333333333334,0.03333333333333333,40.86666666666667,7.554326628010919,0.01987942210658003,-0.055026583453149897,6.890336668243694,6.155432301623329,7.5098274985231335,0.03435739504660662,-0.020971275136856742,6.783994751185264,6.216764484356593,-0.006877681711461768,0.016180937407385167,0.0124639032361819,0.010331125666666734,-0.00010650185803956665,0.00021940041444633337,0.004348678421902867,0.0069847136539217996,-0.001941410968819535,-0.005707855923108737,0.003949956635935966,0.0006643349377786666,-0.0006374303014607995,0.34076996666666665,-0.018111450321109834,0.10149502133333317,-0.03303074737494754,0.24333333333333282,0.326666666666667,0.26333333333333336,0.27666666666666667,0.3333333333333333,0.3333333333333333,0.32,0.20333333333333367,0.21999999999999983,-0.15333333333333335,-0.49666666666666665,-0.36999999999999994,0.58,2.046666666666667,2.3333333333333335,2.5566666666666666,4.033333333333333,-0.007029211623504232,-0.012492384257477602,0.0031582408832235335,0.0082282658929129,-0.0019521292995537097,-0.0029286312752641666,-6.973374704666562e-06,-0.0051045104993272,-0.006644078815379935,0.004462567504435634,-0.0009999669093157333,-0.0016454422855627336,-0.00034476050561326675,-3.2905982151566555e-05,-0.0013244910906597,0.0028860209143717337,-2.218851681680697e-05,-2.0663899300414927e-05,-0.0013214971306017332,-0.0006734305900299333,-0.0001794677195792667,0.0022016837149406664,-0.0027063296629787,0.0005437795162655335,-0.001060882878695767,-0.0014544568014433004,-0.0007565966113203,0.003033322255818749,0.0031604290245479667,0.0002677232977452562
1984-06-01,0.003928799977899133,0.004625883335375901,0.0027786234101383005,0.003790003714460833,0.0016228712370616669,0.003912052438250567,0.0036852312186826004,0.0027755639184692663,-0.0012996926857683333,0.0017780477699936997,-0.0024771128931876333,0.009761851064210767,0.004143355067922567,0.0077177474563717334,-0.0028241721002381,0.003927631555594634,-0.014447060885028234,-0.006964187218380033,0.12750000000000233,69.0,0.012125180999999999,0.002566034897193067,0.0034927295483774337,-0.06666666666666667,-0.29999999999999927,0.002961227647743899,0.001757592120462767,-0.026700341737517702,-0.014319039366979827,-0.034616647117486465,-0.007993988228828734,0.0035246014149272337,0.0037830710123636668,0.0046655943996108335,0.008262117733048966,0.0026194923715253,0.0041933068799095,9.67164763299e-05,0.0034390999346769666,0.0038875120933407666,0.0036700714550701665,0.004086919522099667,0.0031950089381584334,0.0020053605516139,40.3,-0.03333333333333333,40.63333333333333,7.485724736553906,0.008658495467753569,0.0014214662621532999,6.801501226589816,6.067659852025053,7.4487945353357965,-0.012249847402913199,-0.0239265607980433,6.731735103950837,6.14391015674961,0.011734909087307366,0.005891941014510834,0.007888457898750633,0.006887417333333299,-0.0018189120171421998,-0.0012573007685588668,0.0022234831285627725,-0.0023682703108779666,-0.008185950260554667,-0.03198151185328767,-0.0017379824632772999,-0.0008245394195075667,0.000552648574683367,1.2059097999999995,-0.0140394360483616,0.0899882043333332,-0.033671992185885735,0.31333333333333374,0.33666666666666667,0.14333333333333337,0.22666666666666657,0.3766666666666664,0.3,0.24333333333333265,0.20999999999999966,0.27999999999999986,0.07,-0.93,-0.42333333333333334,1.0533333333333335,2.436666666666667,2.5733333333333333,2.5533333333333332,4.11,0.03191799516922294,0.025450232562651998,-0.0245763708388947,0.011319619869819835,0.0003206670120636667,0.0009660282903374666,-0.0012907441896266739,0.0038317051961207337,-0.012243287874956732,-0.006713741843028867,-9.957633382432331e-06,0.0022977277917712664,-0.001935505385096289,-0.0003373762638651469,-0.0006500826929289107,-0.0022547075943481335,0.0006175872023991333,-0.0003352881723497334,-6.5346633553323135e-06,-0.0003313007772713379,-7.728896293696665e-05,-0.0018682645943138333,0.00037992954825906655,0.00011898414221196681,-0.0006995001970868374,-0.0005804559908330314,-5.755014776133236e-06,0.003504183843358967,0.0026495860826383,-0.0015863159841851332
1984-09-01,0.0037383921054114666,0.003924026494136833,0.0026102844121801,0.0009006493644208999,0.0044549624666257665,-0.0006819472978091,0.003203592193406967,0.003949151840656602,0.00019404408574766677,-0.005240984936855633,0.0023107315378222,0.006505058039836667,-0.004693431810570567,-0.0018093832497891001,-0.002376219370021,0.0013459527493028666,-0.0001597157818042661,0.007828846167138933,-0.11106666666666831,-6.0,0.002364909999999967,0.00013743232749219994,0.0006411685770307001,-0.033333333333333,-0.4333333333333336,0.003032547206130933,-0.010965901169019668,-0.014461343455607801,0.015839029840877934,-0.036053225912480336,0.0503251479927715,0.0029409175213140335,0.0007768858881777,-0.0036551645544109,0.004091823995705567,0.0002034945628407,0.0013761761903362667,-0.0016966031924964334,0.0036540631196016666,0.0038091800140674,0.0031109620219934,0.004368257459968067,0.003817746337834467,0.0020957968319799333,40.13333333333333,-0.06666666666666654,40.5,7.39255535476012,0.026286191637439935,-0.013016838290623334,6.658283956567661,6.027523450094759,7.322663922073716,0.008795585057729796,-0.044732021765903206,6.590591541315323,6.003788076229344,-0.012430205859360532,-0.0013227108295730146,0.007793927323370767,0.013774834333333368,-6.360613593040009e-05,0.0008849208242255667,0.0020847014028237336,-0.0027152029477204667,0.004357360522451067,0.04471405787195249,-0.00036151892385663346,-0.0005682029929446,-0.0007755924857756668,0.44144243333333,0.028930249398892566,-0.1149335616666667,0.009565532157474533,-0.4133333333333334,-0.3566666666666669,-0.12666666666666634,-0.21666666666666667,-0.3766666666666663,-0.40333333333333304,-0.3999999999999997,-0.26999999999999946,-0.4033333333333337,-0.19666666666666668,-0.7833333333333333,-0.66,0.4566666666666667,1.4466666666666665,1.49,1.7433333333333334,3.33,0.015264687596647898,0.0050181070919575665,-0.026369600155438933,-0.0012108383225026664,-0.0012845231053300668,-0.0009672765918672019,0.0009672765918671975,-0.006493359185001,0.007528648100978134,-0.003246408610252467,-1.2233459675767776e-05,-0.0009962192263062236,0.0028761930452392663,0.0002866597176692547,0.0006407020850837308,-0.0009447438399042667,-0.0009751177808144702,-1.3418283266724653e-05,0.0003093382069364661,-9.236911066834421e-06,-0.0004047935414847,-0.00019049439385586658,0.0005651765222146667,-0.0009468864433249668,0.00033957585702206464,-0.0005759539595094,0.0003572283060830981,-0.0017590774702842332,-0.0024570312477099,0.00021775176180140014
1984-12-01,0.0036368661326863666,0.003115031197526833,0.008261534835470633,0.002510923942708733,0.0073986976728897666,0.0010997391667810668,0.0010610584021068332,0.0018812519072467669,0.0006037078018285997,0.0046938305632594005,-0.0009727757605550334,0.0042300201225216,0.0011331431626276666,0.0011473920392289,-0.002196512381262333,0.0010635430327365,-0.0036989538434901003,-0.0148046647031448,-0.14609999999999934,2.3333333333333335,-0.0005600873333333015,0.0020576197023599667,0.0020886482730949336,-0.03333333333333347,-0.266666666666666,0.0229521765137134,0.0194860668288648,-0.0335695773781787,-0.04196378083761824,-0.0272458909549904,-0.04097980656175914,0.0025798605523732,0.0006483715238598948,-0.005998962150656533,0.0056168967839518,-0.00027752339737573334,0.00017908309886336665,-0.0010221224333577666,0.0032111999082608997,0.0030528452009696,0.0023882594779713333,0.003814520060374233,0.0037745154430842667,0.0012675063826149667,40.13333333333333,0.0333333333333332,40.4,7.420652037922186,0.010878976437673202,0.01443226858443993,6.648359427050207,6.04271996784074,7.4042434298318724,0.13166460274695665,0.0017683507432299285,6.6065134913755506,6.099086085060162,0.020166057912570434,0.004090856561116867,0.0029423151320735665,0.0,0.002879311632354033,0.0015900562624650667,0.008770220537658467,-0.0029510928523368667,-0.0010973508379045007,0.001157287157287167,-0.003477314075433967,-0.00019784653712983315,-0.00023503496667723342,0.42892250000000365,0.013477856526163434,-0.03171089166666633,0.0009624508652354332,-0.5466666666666671,-0.6966666666666667,-0.66,-0.6233333333333334,-0.6266666666666667,-0.376666666666667,-0.25999999999999973,-0.18333333333333357,-0.2266666666666667,-0.22,-0.5766666666666667,-0.35666666666666663,0.6699999999999999,2.39,2.763333333333333,3.4466666666666668,4.66,0.017302362981349798,0.009886723799007834,-0.0262916579553556,0.0012611945932129668,0.0006428803021352,9.371311510333649e-07,-0.0006463080163652705,-0.0007256169877838664,0.009035293232881833,0.002972742707797267,-0.0006397400154479394,-0.0006491364235250243,-0.0009628787532012,-0.0006329006128723381,-0.0003228302546857333,0.00031343051988069797,-0.00032427603982652237,-0.0003230074674928334,-0.00032304863806291114,0.0003097442017544301,0.0008745229719237,0.0006343303702177999,-3.2474633484266706e-05,0.0013851174172891667,0.001006729596286302,0.0020017768132275333,0.0007080889360236332,-0.0015099805794591998,-0.0019238109259565332,0.0007859152251755334
1985-03-01,0.0010572754284818334,0.0011824304508080332,0.0018139502245185998,0.003696418439867333,0.009526326588530266,0.0007309455663473333,0.0014023126345573333,-8.424842688756669e-05,-0.00027944618248346674,-0.004366827999737033,0.0012590841163546333,-0.0017970130692139665,1.129787917726659e-05,-0.0028671405190821334,0.0001405871724677334,2.6094720119533246e-05,0.006428027862980632,0.0089031251840206,-0.22050000000000133,7.333333333333333,0.0014316003333333337,0.001756098230063761,0.0019821416076055334,0.0,0.166666666666666,-0.015632225234545768,-0.005433102457165734,0.015539839044157533,0.015459759861707069,0.015598835653912934,0.0238506559240393,0.0022956504571235666,-0.0003945107119284333,0.0007329231917928336,0.006785645689581299,-0.0022844496712756666,-0.0024257777421449666,-0.0020536958024746335,0.0031669346235248335,0.0029757674196843665,0.0013179317430301665,0.004225870282956666,0.0039061808322546332,0.0019125568756225332,40.1,-0.06666666666666667,40.333333333333336,7.4667481863786405,0.07499224413195661,0.001409445369840075,6.697054650059543,6.156520301357347,7.4289658916477395,-0.031887039523036564,0.06253287129826673,6.58713637520955,6.160349124948314,-0.017400297869211667,-0.0016835401308519333,0.0016959405742090997,-0.0034437086666667,-0.0010192707681558,-0.002443120501076767,0.0020181088467063333,0.007187385979787166,0.006496784415491199,-0.0066689576174112685,-0.000562387871519633,0.0006943274296936333,0.0008031291184913335,1.2055347999999995,0.0170394846430077,-0.05239251066666687,0.0070938092160472985,-0.026666666666666634,0.11333333333333333,0.06333333333333369,0.076666666666667,0.040000000000000334,0.02666666666666669,0.01666666666666633,0.05000000000000023,0.0833333333333332,0.15333333333333332,-0.20333333333333334,0.05666666666666667,0.98,2.77,3.15,3.856666666666667,5.026666666666667,-0.008146889968039769,-0.0030794274575995997,0.0312022854326479,0.010360960010011733,0.0015971920032997666,0.002252724203561167,0.0009716626433462668,0.0018797715142586998,0.0038593389241175,0.014923813765480068,-7.677341419766651e-06,-0.0003231540081826332,0.0002931603905927333,0.0005783920528420081,0.00030909356953816666,0.0009315329770051999,-1.116649981458659e-05,-1.2355386817666791e-05,-1.0690404116033364e-05,-0.00032857788553376663,-0.0011777039573753999,0.00021107374804783306,-0.00038252511400806676,-0.0019089486170891,-0.0003511572280118667,-0.0011444857184207664,-0.000731542468721826,0.010483733726798498,0.007575166693327366,-0.0005392923261657336
1985-06-01,0.0023885414039455,0.0022389094583405334,0.004459402884404734,-0.0010807032824112672,0.000802176135398,-0.0012846479272880333,1.6735836963966664e-05,0.0005250967363370999,0.0007582225655570334,-6.79309218861333e-05,0.0010553336909371333,-0.00011226627302333345,-0.0026840929408195337,-0.0031034339945611666,-2.880401691086677e-05,-0.0004799724285645335,-0.004565832955153833,0.004304316697451667,-0.2305666666666657,19.666666666666668,-2.889466666663373e-05,-3.17940669620001e-05,-0.000402352406590352,0.03333333333333347,-0.3000000000000003,0.0052926166232177664,0.007790676135621832,-0.009036272674677269,0.015088436775332168,-0.027993757084155097,-0.017174865373897664,0.0020888404788141335,-0.0013420087487597666,-0.007664875345954933,0.002439970461018333,-0.0020563503422383334,-0.0025344075749031,-0.0012777056285007333,0.0031866161747592,0.0022635654349223667,0.0008142351439506,0.0028897393936262662,0.0038609357804641666,0.0038326191260414,40.1,0.06666666666666654,40.43333333333333,7.4265471827472,-0.0765248138815,-0.023299146539126635,6.624488815446607,6.103043705061797,7.442677409465911,-0.025396379452516566,0.022607532112920034,6.623154567183076,6.125252345465554,0.011754974218548033,0.004855670682789033,0.0008244152828525668,-3.353798720221827e-17,0.0016419626602992333,0.0010333063980321666,0.0053324937798304335,-0.0012593567373253998,-0.006626880650091433,-0.008841290494778666,0.0041833995380867,-0.00027450084654359657,-0.0007013527244268333,0.7304825999999972,0.021270504248318136,-0.0726971443333332,0.021524601859538667,-0.13,-0.2699999999999997,-0.29,-0.3433333333333333,-0.4266666666666669,-0.4366666666666668,-0.3733333333333333,-0.42,-0.3599999999999999,-0.21333333333333335,-0.6233333333333334,-0.48,0.24666666666666667,2.0866666666666664,2.6466666666666665,3.4166666666666665,4.866666666666666,-0.025181274934758763,-0.0144843519209005,0.036445266125376664,-0.003237223795383067,-0.0012786699214103333,-0.001930507326529567,-0.0016245952281928999,0.002035951592786988,-0.004350390467901766,-0.014193456327949633,-4.057113728501642e-06,0.0003170074735680331,-0.0012513715319763666,-2.9947127578025767e-05,-0.0009501194081187999,-0.0018700601103930805,0.0005932306874696999,-7.773675484656904e-06,-0.0003154739924866481,-0.00031691448185,0.00033569490734590006,-0.0008582634823207334,-0.00033759935189286674,0.0009566118268877333,-0.00034153231228923323,0.00028356481505610007,-7.973078331779525e-06,-0.0038634897491244997,-0.0013641835617596001,0.00018887501683696623
1985-09-01,0.0031117801055966497,0.0039103022853209,0.002666778753509733,0.0038092382527489,0.0042016997781662005,0.0011388310837276668,0.0020092005834723334,0.0020365993487236,0.002635588432625,0.0012119308846688336,0.0031465133861377954,-0.0009696223290531666,0.00018359749063689978,0.001221771519367367,0.0004900971156030724,0.0010386546655059665,0.011147641781254465,-0.002220381468794367,-0.06800000000000267,10.333333333333334,0.0056168519999999994,0.0023761792455315334,0.0032300295290656335,-0.10000000000000032,-0.06666666666666633,-0.012515201658570065,-0.0011767025359539333,-0.0049020491298984665,0.010504421902025668,-0.018388008431208202,0.023393951242078163,0.0019910106621132333,-0.0002832179390678433,-0.0080370851989807,0.0047585374163906,-0.0012775726757929332,-0.0017612624863781667,-0.0004927322897702,0.0027105337647513003,0.0016795111149718333,0.0015273031683709331,0.0018694910458532334,0.004778238815912733,0.0006812127954418093,40.2,0.0,40.63333333333333,7.467260993126153,0.12528162001548326,0.0463905218335968,6.632763103866409,6.175195014519827,7.507111515000983,0.04049329917923663,-0.0027434997121700325,6.644061807794693,6.301343945225273,0.004200195141944366,0.004802948025482967,0.001925850196339322,0.0,-0.0013929582161971,-0.0007564093815463666,0.002781166117333167,-0.0013014024889764332,0.004277798811623765,0.004442346877621934,-0.004113811865640767,0.0008732526621238282,-0.0004310985417159334,0.6742445333333368,-0.011091596294957498,0.061057982666666864,-0.005612809887507734,0.0366666666666668,0.07999999999999993,0.0266666666666667,0.04333333333333326,0.049999999999999704,-0.003333333333333332,-0.02333333333333344,0.016666666666666333,-0.02333333333333343,-0.15333333333333332,-0.8033333333333333,-0.63,0.10666666666666667,1.8333333333333333,2.376666666666667,3.11,4.51,-0.034535727189239564,-0.03873729071236196,0.009707345056315899,0.003456802943305033,0.0031953261415983334,0.0032237517550592998,0.0013020849890216333,0.009300661715442332,0.012125103433888432,-0.00012319142388056656,0.0006115705802421317,0.0003143058464554856,0.0006274499197926668,-2.8961847357402828e-05,0.0006319117216329748,0.0015633320648381066,-1.6335865395800005e-05,0.00029999352700529994,0.00030761288944256666,0.0006138366688066667,-0.0002632134999908023,0.0010438111837132,0.0007542814848656333,-0.0010742551053195667,-0.0006673223069735,-0.0017014156632527335,-0.00035779748724071493,0.0035938525604771337,0.0007113060745573344,0.0017864673359596335
1985-12-01,0.0023278838409801334,0.0018637491709494333,0.0048863961618884,0.005617892915845833,0.008959696111212133,0.006182079908553733,0.006687815954550133,0.006500452629829533,0.008843977788390066,0.016491309427637966,0.006020592898937734,0.0031764857781377,0.0056146564364649995,0.0072322955180639,0.007194225000005667,0.007228694830052299,0.009497836006602534,-0.001499922981405867,0.4565000000000006,-13.333333333333334,0.009539356333333334,0.001537625081334416,0.0031990304008549333,-0.1333333333333332,-0.16666666666666666,-0.008978886317963833,-0.017615175775715333,-0.0313491203126934,-0.029889728621050573,-0.03268875596876827,-0.03368559645720323,0.0016889669656662666,1.4166613543892278e-05,-0.0065878297062799,0.002727783907794467,-0.0004143829054505667,-0.000823083320947,0.00024645718929266667,0.0022147293727444667,0.0011690221431574332,-8.844710744843329e-05,0.0017582334889466667,0.0042091644404559,0.0012186973528116333,40.266666666666666,0.033333333333333326,40.76666666666667,7.5318278502950475,0.006269777319166864,0.039552514600436496,6.75718505946383,6.149394406603676,7.4823958543280495,0.007299561769213397,0.058007584659753135,6.6628766465521165,6.1495958729569935,0.011915704151164767,0.0024001917958156667,0.0025272096902929663,-0.010331125666666666,-0.001617714476892567,-0.00023553060981150006,0.0002929501733867667,-0.0064925884561493,-0.0081014343295115,-0.004926400759734066,0.0018430037585648003,-0.0001782851869022667,-0.00069216987846405,0.19355259999999466,0.03722593044596733,-0.13587557466666667,0.0467642890536997,0.05000000000000016,-0.029999999999999933,-0.030000000000000106,-0.05666666666666657,-0.09333333333333316,-0.3366666666666665,-0.3500000000000005,-0.323333333333333,-0.30666666666666664,-0.41,-1.0166666666666666,-0.9533333333333333,-0.3933333333333333,0.7433333333333333,1.2566666666666666,2.1,3.516666666666667,-0.0162480217624406,-0.0237937199128725,0.0006793401041894336,0.009686901047878066,-0.0050898952888029335,-0.005447040924761552,-0.001949641807524533,-0.012817271623085567,-0.07145011374462704,0.0084577181667269,-1.5712060777171935e-05,-0.0006313133200235334,0.0006065010716203525,0.0008205123282965333,0.00030485704478552556,-0.0006248049314502667,0.0002749239632535333,0.0002875992347034667,-1.1125217317189484e-05,-0.0012345693124948,0.0009758503082422333,-0.0003673055163204667,-0.00017644505762662096,0.0018556358757208667,-0.0013168886495406003,-0.0014094453698403335,-0.0014042799109687668,-0.002338609059685602,-0.0029194654956359,0.0093553068198716
1986-03-01,0.005871400646999633,0.005941871692972534,0.0023609647807844667,0.0050688516011157675,-0.0033221457566086667,-0.004282316525995267,-0.003155328671891333,-0.0039828603449517,-0.0018765999420005668,-0.0028628535477006997,-0.0015122819449029333,-0.0059658940339094675,-0.005588334852859567,-0.001470750204735533,-0.0004931564654076666,-0.001477508469160767,-0.014955350636520334,-0.011153709503150333,-0.19993333333333396,-5.666666666666667,-0.013186700666666634,0.0018062876645702332,0.00019892367583076664,0.133333333333333,-0.033333333333333784,0.02550177873424587,0.03309803302705883,0.011449412214195936,-0.004690194632313798,0.025665037755610867,0.016836358073393367,0.0013107391219305666,-0.0014623331302078884,-0.029655533272903167,0.0028403499106446997,-0.0013219287244066,-0.0017750072546587334,-0.0005918036766819,0.002173690239183367,0.0013748391925520666,-5.4440656403033416e-05,0.0026506540272877334,0.004926879808091133,0.0009956200153767333,40.0,-0.03333333333333333,40.63333333333333,7.541861620325377,-0.012659749355073297,0.06636003712752664,6.63751776117994,6.2069338909553435,7.49622101165987,0.025475355734450034,0.028810835257433606,6.596923085601424,6.223441024277233,-0.0163838547654424,0.0029143001820711,0.0016758875549094665,0.013774834333333333,0.003063768518059,0.0018996713858051666,0.011002193894619266,0.010004930069055866,0.011782755728921235,0.0071914346107894685,0.0005324056818517669,0.00010974128897046666,0.0006795614803205002,0.23087296666666965,0.044590505830202104,-0.14422898266666664,0.060656581721539767,-0.3833333333333333,-0.3700000000000004,-0.3366666666666669,-0.35999999999999993,-0.43,-0.5433333333333333,-0.6299999999999997,-0.42000000000000065,-0.41666666666666635,-0.3,-0.8833333333333334,-0.8566666666666668,-0.4166666666666667,0.17333333333333334,0.48333333333333334,1.71,3.1566666666666667,-0.02763957787786653,-0.044153102934197434,0.016904645117698364,-0.004555988250865,-4.917962251276692e-05,-9.498478808760032e-05,-0.0017298389304149665,-0.0054052046535607,0.06304392094658766,-0.006028876678116167,-0.0024398036216271668,-3.3393426912553537e-17,-0.0100190641802085,-0.0006084778504004333,-0.004786667192842767,-0.0003137255133545,-0.00031553802166356664,-0.0030400441607951003,-0.0030931240465056,-0.0015424985106825002,-0.0022112114436597333,-2.4638187844033338e-05,-0.004722790388200033,-0.0015886365872725334,0.0013139535174279222,0.004523637950947166,2.190635689766745e-06,-0.0008607601365493,-9.925917671260402e-05,-0.007383644896431865
1986-06-01,0.0020357401733038668,0.0013898560789086668,0.0034317284477389663,0.0008831419246663339,0.006294058510534933,0.0014047600913273334,0.002036864579352467,0.0014941955492091998,0.003845328788807238,0.008626820779448133,0.0020462744824024334,-0.0015856166413421005,0.0006665944020293333,-0.0014772682932911996,0.002465980588986233,0.0009156227086923001,0.022231055522504466,-0.0005234315350888344,-0.015799999999998742,3.0,0.0012839443333333336,0.0023020329766462,0.0026147271143219333,-0.033333333333333,0.16666666666666666,-0.014387999140867668,-0.015090161348866532,0.016101828860229265,0.022186922172779535,0.010893302852002733,-0.021181759805833398,0.0011816415018147998,-0.002743146937235067,-0.023297210847074635,-0.0013495295086661998,-0.0022593807726132334,-0.0033305855773069332,-0.0005434112602789666,0.0023870429963027758,0.0024765326834164663,0.0009242841025868332,0.003114667022416,0.0045300192349806,0.00027824152978913333,40.03333333333333,0.03333333333333333,40.666666666666664,7.510636778118596,-0.0435900770610633,-0.023748913290896567,6.631742863441974,6.214229972033917,7.489404476301497,0.0033278146613930984,-0.0185536157018502,6.561839460727559,6.20809017340137,0.004845324862854367,-0.003006672189956767,0.00012472902505026662,-0.0034437086666667,0.0009358010825823003,-0.0004820353114745,0.0063977720510500664,-0.0013497570379232663,-0.003820823672028798,-0.0032849352867748327,-0.0003863623528041332,0.0006051470379648248,-0.0004595470182214333,0.5372048000000026,0.0030670786581360014,0.003091731333333264,0.008511595462899502,-0.14333333333333356,-0.08999999999999986,-0.07666666666666656,-0.07333333333333326,-0.056666666666666976,0.003333333333333336,-3.700743415417188e-17,0.030000000000000637,-0.009999999999999898,-0.22333333333333336,-0.7133333333333333,-0.6699999999999999,-0.22666666666666666,0.63,0.8266666666666667,2.2566666666666664,3.486666666666667,-0.02874255180638513,-0.0329626329331173,0.0019075555563043002,-0.0017095906775434998,-0.0009713460006164331,-0.0009919154430771335,0.0013188880292747667,0.010746392668470633,-0.05650970124841167,0.003494145841392767,0.001528919326845267,0.0019011458379566666,0.0045390886843224,-3.34152006024e-05,0.003528613260988867,8.83319266599981e-07,-0.0008808143916087999,0.0009181251743104668,0.002173583233478967,0.0015424985106825002,0.0007655124600060335,0.0005031783772408001,0.003414207091025767,-0.0004134099491690999,0.0003259908351029334,-0.0022656558479622335,0.0013917904701602,0.0044832786456611,0.0034344459435763663,0.0035210893025136333
1986-09-01,0.0010895683860034666,0.0016581461956886331,0.0038247618552771996,0.003547645404993334,0.0081733117598842,0.0017590858164767333,0.0017227573664722999,0.0011903360072507,0.001575059684928567,0.004294857602112767,0.0005359655808634666,-0.0002082476131774,0.001801224454628567,0.0034763180197147667,0.0063183026328056,0.0029820222598924994,-0.0073514540777859004,-8.835038350490006e-05,0.1119333333333355,25.0,0.004618483666666667,0.0010902416277514002,0.0014025032466413335,0.0,1.295260195396016e-16,-0.002914620726471634,0.006606005983145501,-0.012117107079323133,-0.026944053541223867,0.00027468755846446713,0.019014435308717898,0.0021644013237871,-0.0003875719059464667,-0.017083278025890398,0.0016187810041892999,-0.0003812356260865667,-0.0013042684797574002,0.0010859380748217335,0.0029382956286927667,0.0018214981573597,-0.0007133760684592,0.0028811789552065335,0.0035587526637806664,0.0037533484943761334,40.1,0.0,40.666666666666664,7.452424835515607,0.010850867679249835,-0.07055705005065983,6.54571935200896,6.0990185170266535,7.435748151488113,-0.033651740729969966,-0.0392610118854598,6.464347280207467,6.186529005332747,-0.001569526997505101,-0.0004435645006405999,-0.00017463368566926688,-0.006887416999999966,-0.0012417581675580002,-0.00031251274307533334,0.005512728835217167,-0.0014917569784242142,0.0013902854788026334,0.002749360780121332,-0.0012837790796623335,-0.0010031729461410998,0.0014011011901308,0.9340548666666667,-0.003908475823438433,0.027838586333333193,-0.0018275500743966994,-0.2366666666666667,-0.21666666666666665,-0.21666666666666676,-0.19999999999999996,-0.18333333333333326,-0.07666666666666665,0.043333333333333175,-0.00666666666666703,0.0266666666666667,-0.21,-0.6633333333333334,-0.5833333333333334,-0.16333333333333333,0.8799999999999999,1.3800000000000001,2.853333333333333,4.236666666666666,-0.019920522146528133,-0.004514503834642233,-0.018344495625566736,0.0018536621392302333,0.004534562643584366,0.0052864797749598335,0.0013570873043648,0.0022926563175793002,0.04914812305952267,0.0017047248229961002,0.0003009572192409597,-0.0028379146043751666,0.0036016722548823338,-3.379587601058824e-05,0.00032128516543544023,8.783591196748439e-07,0.0005658304114947377,0.0009119963029584,-3.3248866622888805e-17,0.0003056702032937333,0.000511435066751,-0.00044978939381130006,-3.5688440996666425e-05,0.0010033119537369,0.0003228038803366787,0.0022222304527296332,-1.4467623990332273e-06,-0.002923721307875368,-0.0016485902471969013,-0.007286053537376033
1986-12-01,0.0011497785767122669,0.0012639663917462334,-0.002309946657290668,-0.0048096358038046995,-0.009063224154627231,0.0031835145523269,0.0028870165956943333,0.0027613889280795,0.001997837832846634,0.008141027857714834,-0.00039279540270880053,0.003982131960322234,0.003530194240656467,0.003419948248782334,0.0023500942602329663,0.003215271988252933,-0.009073609348746434,0.008535201559496067,0.08956666666666498,-36.666666666666664,0.0032080493333333667,0.0009240501758700333,0.0020491929567848332,-0.13333333333333353,-0.09999999999999953,-0.0025467848446544677,-0.026691590600598534,-0.0030609336607782672,0.017986380790858333,-0.020964143410300732,-0.034468493607341465,0.0018492835410584333,0.00034453060776116665,-0.007027049867707166,0.0035472007602136337,-0.00022895084180929998,-0.0007787801620437667,0.0006400317058806333,0.0023020021221479997,0.0007162813443119848,0.0011406700339631666,0.00036010675756096666,0.003574225384593767,0.0014895851997256666,40.166666666666664,0.03333333333333333,40.766666666666666,7.462244326074604,0.0240241160137066,0.15840604895617327,6.415633164227927,6.17835069992507,7.462852750276464,0.015506671878296666,0.09494570677318308,6.378660389764733,6.302854603479159,-0.0036192264004455666,0.00042046747517919997,0.00011476959262013333,0.003443708333333332,-0.0010969642660828328,-0.0005028315548995999,0.0033185362563090998,-0.004835342679246998,-0.0075380462335186025,-0.0067983102465861,0.0059870484375102,0.004860806822459034,-0.004965376685677367,-0.7476750333333374,0.036031589707595436,-0.111916172,0.03559649904547647,0.19333333333333333,0.053333333333333365,0.08333333333333333,0.06000000000000033,0.020000000000000167,-0.06333333333333346,-0.11666666666666674,-0.166666666666667,-0.1733333333333332,-0.56,-1.0233333333333332,-0.9933333333333333,-0.6433333333333334,0.22999999999999998,0.6866666666666666,2.0500000000000003,3.4600000000000004,-0.016998492842805368,-0.0035181620113663666,0.01796828535050037,-0.0067660829452978995,-0.0003331080232929332,-1.1648144500233347e-05,0.0023652743271563668,0.006015996172669066,0.0509797043489796,-0.0037873766648471668,0.0011946740845341492,0.0034150949289246282,0.005240778958917194,-0.000558383286991,0.003174627170418533,0.0006239276699364,-9.707171051861696e-06,0.0021014109802835333,0.0024442517097972368,0.0021185829063995335,0.000968399233748747,0.0009762664121352333,0.004601399279159133,-0.0006721408328123,-0.0013008220661634966,-0.0055307770527196,-0.0003488349876827896,-0.013467750709696266,-0.011744155705070402,0.0017366115605416332
1987-03-01,0.0014901733133913335,0.0017615394599422999,0.008245004520873466,0.011173156416466165,0.02118217989320333,0.007032958899981033,0.006382942336106933,0.0058178884694261,0.004784334729987333,0.002510272222013867,0.0056789476176435,0.009952850506807233,0.007803720737466433,0.010658945339089032,0.007098056736992635,0.0071699539807627,0.016214229745611267,0.009052724852599767,0.3750666666666687,136.0,0.026376400999999966,0.0013743069221051,0.0025170679326631334,-0.09999999999999999,-0.0333333333333332,-0.023208394201693235,-0.023454476188235002,-0.012054221043634667,-0.005228865389232932,-0.018331192043469034,-0.00914236867128383,0.002707213688436133,0.0015745581159253,0.0013289054146069666,0.003048397653987633,0.0011431848872860667,0.0008410040437502035,0.0016191980024817332,0.003046234962530033,0.0030862219847437333,0.0018385630151253668,0.0035663436482379998,0.004008487124051967,0.0012492450842150333,40.43333333333334,-0.06666666666666667,41.0,7.44221534453774,-0.052489144151083196,-0.12583041868858683,6.4771865207523005,6.1257054558459805,7.417003112397924,0.0011634683132566669,-0.05456424565348989,6.414414348132804,6.042769425145823,0.025478256184584335,0.003936165285987067,0.0040070307091818,-0.017218543000000034,0.0020364707232710666,-0.0002467792006172665,-0.0009893818210503333,0.008624976101911765,0.012042920667976667,0.007790636109220169,-0.005098837510648667,-0.0028266745422935668,0.0028301859157545475,-0.7440516333333367,0.029874320227911866,-0.07814530033333343,0.025278454489832097,-0.019999999999999945,0.20333333333333334,0.06999999999999994,0.15333333333333324,0.24000000000000007,0.31,0.31333333333333335,0.16333333333333333,0.10666666666666626,0.02,-0.5933333333333334,-0.5033333333333333,-0.036666666666666674,0.85,1.3066666666666666,2.33,3.5666666666666664,-0.01432763475947097,-0.026729741216088634,0.0267728664472751,-0.010300095555190467,0.0003035202274996333,0.0003018389000487333,-0.00035576421438823346,-0.0017948872662027007,-0.043514613213334,0.002376346491593567,-0.00031804174095531823,-0.0006518375742977143,-0.0033074718117681,0.0007620442133679622,-0.0019250162099121752,0.0015502384012450667,0.000549264702837499,-0.0006252154520248,-0.0012387048864012124,-0.0009288116901355666,-0.00032198198314916667,-0.00019585690014790001,-0.003024759584090922,0.0008479594258919,0.0003237817965439334,0.0027580372538323007,-0.0003448870802587021,0.007595664566503966,0.008831397257530666,0.0015289857705628
1987-06-01,0.0028119618497731997,0.0032114268463469668,0.003208442686244367,0.003981121448028667,0.0067058705774444005,0.006105611565831799,0.006139717684307333,0.0058119805032567666,0.005767622914386933,-0.0011896013593994336,0.008442012192490167,0.007773218974860534,0.006057219020819534,0.0055465997675736,0.009002103171542099,0.0062603560670621665,0.007073362417364667,0.0084783343981156,0.30666666666666237,41.666666666666664,0.013505729333333367,0.0015772328699530998,0.0024952439758827334,-0.06666666666666687,-0.20000000000000043,0.005748169823203135,-0.013694303694782,-0.028265512220025435,-0.025311300280395535,-0.03106028170365603,-0.017293478667799733,0.0024475028075426,0.0016097929300862002,0.002739473397791467,0.002562851461796333,0.0012908875787515334,0.0003109452961798,0.0028269409579362004,0.0026972815580054,0.002182608233013633,0.0011708432006980666,0.0025743266250905666,0.002611115759149133,0.0009921510724352001,40.4,0.13333333333333333,40.96666666666667,7.377039985724127,0.011429691159543195,-0.0575708992291064,6.4331957551164605,6.03820182749316,7.321610497238083,-0.0094234779794166,-0.0378657259079,6.348830160682106,5.983967800836104,0.0137169369619278,0.0139815838775732,0.0051459165754425005,-0.0034437086666667,-0.004646416019327567,-0.0011622101239790999,-0.0018783993519208668,-0.0039777719450044,-0.012596957984558331,-0.010060014240667233,-0.0014361167128406,-0.0006050768353963002,-0.00041536718436673323,-0.37547916666665865,0.02314353804143793,-0.04700317599999987,0.02295175922166147,0.07000000000000033,0.06666666666666676,0.0166666666666669,-0.04666666666666688,0.06,0.14666666666666675,0.14333333333333328,0.18999999999999995,0.1900000000000002,0.11333333333333334,-1.0466666666666666,-0.7866666666666666,0.10666666666666667,1.3766666666666667,1.7666666666666666,2.6366666666666667,3.8266666666666667,0.008926356730041366,0.016819140870897368,-0.004588124983291268,0.0017640725631260991,-0.0012770888393231,-0.0016248383264463996,0.0003076132527380666,-0.0034286027516134666,0.015186193387577466,0.012550223774802,-0.0006022477287872001,-0.0018264885882084,0.0009258611498387668,-0.0005451678244454,-0.0003223966398806,-0.0006321885403956,-0.0008497959563455019,-0.0008986938349260665,-0.0003106916998394,-0.0009033749524724333,-0.00047238485722690004,-0.0004130485981474,-0.00040250351725949995,-0.0005208785358366667,-0.0006428803021352334,-0.0010942308329162,7.228014483236696e-20,0.0022060667589028668,0.0018550823442454332,-0.0017353503530233665
1987-09-01,0.0042463017531405335,0.005029813060743834,0.0007633389195998668,0.0017960577300299666,0.0006057854959244999,0.0082456532377017,0.008296813063463866,0.009170713422215334,0.006458039534009234,0.016625341606869334,0.0025436279373207333,0.016588973684243967,0.008182039098763133,0.014079626045952866,0.0018366547102622666,0.008890381068166068,-0.00010325208796730055,0.004539296774169667,0.5665333333333357,84.33333333333333,0.012915510666666666,0.0016832321589438,0.0019122204037493667,-0.0333333333333332,-0.06666666666666633,0.0024775586341737334,0.0024760250028365363,-0.02279937338327187,-0.03757728284138077,-0.009283735698588499,-0.0207306734188162,0.0028921475589159668,0.0028302724342304,0.007514769130027667,0.0032571427161792003,0.0025668737531117335,0.0036474152253215667,0.0008724739603677666,0.002910564482872233,0.0029760015690769998,0.002596129653979233,0.0028440195928898667,0.0017639470476495667,0.002110630847572133,40.333333333333336,0.03333333333333333,40.93333333333333,7.379829257774047,-0.0037665184179764,0.005420173623926466,6.475078971384143,6.012421246722923,7.3067617076338705,-0.0446811855093898,0.015905157679889967,6.356199235735336,5.971280720454611,-0.0019520961993955675,0.006236900360991699,0.005583603487022366,0.0,0.0039023195524314,0.001288607735856,0.0007771441440714333,-0.00016209888918206677,0.006602323156001201,0.006220189225115333,0.0016632039578663327,-0.00020823231734437334,0.0007224567630519334,-0.351596766666669,-0.0337970640678321,0.11531438100000001,-0.037915031085946495,0.23666666666666644,0.4133333333333333,0.14666666666666664,0.3100000000000002,0.3033333333333336,0.3566666666666667,0.3566666666666665,0.3666666666666667,0.33666666666666667,0.24333333333333332,-0.89,-0.5866666666666666,0.35000000000000003,1.7,2.1533333333333333,3.043333333333333,4.163333333333333,-0.009350005292592235,-0.015837606000962366,0.010802942807670135,-0.004173202199803266,-0.0012596515519473297,-0.0009607747886371543,-1.9130261783545377e-05,-0.004552830682893467,-0.015832912839279102,0.004754347054647134,-9.193514282600018e-06,0.0020842705990625336,-0.0022159860978495003,-0.0002737275357030414,-0.0003150317181921334,-0.0009240629324081001,0.00026419881727043334,0.0002797607098911333,-0.0003038384202612,0.0005795809020628667,0.00028603478567689996,-0.0001530509709481,0.00014640806248833338,0.00046121873655276664,0.0009620122875777,0.0024660958307935665,-0.0003385813732785332,-0.004534998782055234,-0.0040568040730437,-0.0016331414153801665
1987-12-01,0.005097983262844,0.004728493187907734,0.0057775931333711,0.0011259505717375335,0.0065165364856755,0.0033786418944907,0.0030405962370423,0.003954323632094634,0.0020889745638558665,-0.004906288489661834,0.0047511695381968,0.0064090254882025995,0.0037864896765652002,0.005911712362661366,0.0019889422493782325,0.003177729802688767,0.010699748126505731,0.006925755990405533,0.158499999999999,-91.0,-0.003921703999999966,0.0012699584956366334,0.0021528347555464333,-0.09999999999999987,0.06666666666666633,-0.016335390072813535,-0.001700289643807797,-0.015205981153672034,0.002772842291697067,-0.031804929262002936,0.0373791666456166,0.0019817256798244334,0.0001831385771116998,-0.0035435855438443998,-0.003126244095477433,0.0011449282538335333,0.0007369878635566999,0.0017862789265183333,0.002515136101413467,0.0011613604296662665,0.0012905216117016667,0.0005939881501362334,0.0012395427980778334,0.0018478998645014,40.4,0.03333333333333333,41.03333333333333,7.267982373912666,-0.0012650236561867016,-0.06347292234218987,6.299226638660407,5.904529054292507,7.204790457176753,0.014698439955076567,-0.07768302676787327,6.170657304295523,5.907168074465914,0.0094917285838575,0.008672033457327633,0.006813082347758667,0.0068874173333334,-0.0011572540221263677,0.0006506996104211001,0.0009519153553698335,-0.003083012315044566,-0.004495638684781233,-0.006826726347433667,0.00015112450152326659,-0.0011660143025495333,-0.0008030739144302001,-0.6171863666666669,-0.03734823779266273,0.1423676243333333,-0.0476119571278965,-0.15333333333333343,-0.34,-0.10666666666666692,-0.14666666666666667,-0.19999999999999998,-0.3000000000000001,-0.283333333333333,-0.21333333333333315,-0.18333333333333313,0.4533333333333333,-1.0066666666666666,-0.49666666666666665,0.27666666666666667,1.5633333333333332,2.0766666666666667,3.2366666666666664,4.433333333333334,-0.034624729860527365,-0.03850374985723623,0.026754947836837836,-0.0062167852098043335,0.0025133573930388666,0.0019163239887420604,-0.0006584844657032741,-0.0017726725141811,-0.0070218365733058325,-0.017120613481859934,0.0002807102133874,-0.0006086890246119015,-0.0009341435352340333,0.0009784554897018334,-2.7979110794333077e-06,-0.0009175717301130173,-1.0714926697611801e-05,-0.00029724489525941315,-3.6450388289999123e-06,-0.00029942707209090004,0.00023434038186490643,-0.0011158797333437667,0.00044278092940553326,0.00047531366260573324,0.0015820138525140335,0.005672356205554334,0.00101198227570385,-0.0019046493247139998,0.00022913380558973323,0.0017749328746209335
1988-03-01,0.003245305366161633,0.0036113199747553667,0.0018202043009596335,0.007250637921366967,0.006426117790952066,0.0043871480587409665,0.0039777874633048,0.004439325474383933,0.0037722761727251998,0.0096567872529656,0.0015495440377032669,0.010047492158698667,0.0048794509250793,0.005544653420169367,0.004960014974935567,0.004888962992845067,-0.008216441102053567,0.006956707594638001,0.355333333333334,52.666666666666664,0.020172916,0.0007761542603444332,0.0018484066268289667,-0.09999999999999999,-0.29999999999999966,0.002260625489980133,-0.036137615789599564,-0.030740922912082802,-0.0384237998524269,-0.023436292532969364,-0.024091988837239366,0.003130543990739134,0.0029724545699849002,-0.0011574085702496667,0.008591374391173167,0.0015702137604852,0.0021098084469776666,0.0007214489505565333,0.0031772507548305,0.0037046812351022667,0.0038156009587133,0.004149474876493633,0.0011835854452636333,0.0016658563551085667,40.4,0.0,41.0,7.3300418899404844,-0.010296829006443362,0.15565006391961322,6.375437884129913,5.957938923313484,7.288496135084124,-0.0146984399550766,0.06427475966437006,6.30127715671118,5.9601853890603635,0.0014899411767110998,0.006721644423578234,0.0063831047786108005,-0.0068874173333334,8.994171702909994e-05,-0.00016918845953650002,0.003888100459477033,0.007018393126312334,0.008256844552123901,0.003459398856116932,0.0023954357955660666,0.0007918344999187666,0.0008995681507973334,-0.09517996666666294,0.0157243471145921,-0.030610207333333403,-0.0024454553966826997,0.013333333333333327,-0.003333333333333327,0.033333333333333666,-0.013333333333333197,0.006666666666666432,0.003333333333333003,0.016666666666666646,-0.07000000000000021,-0.05666666666666662,0.01,-0.9199999999999999,-0.66,0.11,1.2333333333333334,1.7566666666666666,2.81,4.0200000000000005,0.008721960453043734,-0.007358147096809366,0.0140091104815354,-0.013277964054392034,-0.0006365782510610666,-9.131194260266696e-06,0.001257058713348075,0.007041351965490567,0.034017395992243966,0.018463866912420634,0.0008454564230232,0.0034843932369443,0.002176475760202267,-3.7807214478799974e-05,0.0015089459361051335,0.0012198936415798332,0.0002566865998921667,0.0008462198200621,0.0014513706746791001,0.0011453676467265332,0.0003261901748093333,0.0010538986467878333,0.0012923013547411332,-0.00027153178197813333,-1.256665939736674e-05,-0.003260056748521667,0.0009991230949012667,0.0015548376644763664,0.0005407675297875667,0.0019477592869225665
1988-06-01,0.0030007559555050665,0.0034858135099912666,0.0040485436843904,0.0029422098434063334,0.0054950870017981,0.0003434768334405666,-0.0008451390005695334,-0.0008642029419722334,-0.0019885914086410334,-0.005920634754024166,-0.0005341118758408,0.0012231589172179997,0.0017552864264634663,0.0017749666062868332,-0.00033585599447243314,-0.0004628241022812667,0.0077370729262046,-0.008482422440039,-0.07229999999999824,19.333333333333332,0.0027763706666666336,0.0011361963280514,0.0011899073770784332,0.0,0.03333333333333335,-0.011904076910168366,0.022859425927612097,0.008007127525079198,0.022259016539556798,-0.005811687274033701,0.009888176407826499,0.0025933559889008665,0.0011982902453073,-0.003203752636704367,0.002730954274161567,0.0009683433253234,0.0015812229371263333,-3.332114676772117e-17,0.0030042804760163667,0.0032554719026395003,0.003265822782151867,0.0033739744479355,0.0009233616246048,0.0008012365787664,40.5,-0.03333333333333333,41.06666666666667,7.282845335916076,-2.7755575615628914e-17,-0.04817109108466983,6.344415290472727,5.924935748316593,7.283348692525647,-0.021148740579653432,-0.013970298538546666,6.309041240646997,6.000560230109916,0.011554419422708998,0.006577174380196234,0.0069558582412921,0.0,-0.0014202501015016667,-0.0013015210668566666,0.0004828391782965,-0.0029888929696013002,-0.007719643254010134,-0.0023044941518849996,-0.0007780867736313334,-0.0003649990462492,-0.0010939011044209998,-0.4707299666666673,0.008150365288054866,0.004892258000000029,-0.021832323361927166,0.2933333333333333,0.32,0.2733333333333334,0.26,0.24666666666666695,0.15666666666666704,0.11333333333333333,0.09666666666666672,0.06999999999999963,0.05000000000000001,-0.9666666666666668,-0.6966666666666667,0.09666666666666666,1.1266666666666667,1.5733333333333333,2.4566666666666666,3.6,0.03477515749361613,0.021005522572618066,-0.032230037115469096,-0.007587249672013433,0.0015306395692222668,0.0012381454761444001,0.0005625969676667964,-0.005606035969013733,-0.053936314111336335,-0.017774979935927533,-0.0005874226758786539,-0.0038075680167756493,-1.8610896971079548e-05,-0.0002792227822080385,-2.6586126993266627e-05,0.00029793540478804985,-0.0002808918674874667,-0.00029996008579963323,-0.00031311294596749996,-0.0003081824881438333,-1.0596701209999728e-06,8.559167133183332e-05,0.00028224221440206667,-0.0001464591154431333,-0.0009535622026895517,-0.0013707094745638337,-0.0013406839168258334,-0.0002758348298220999,-0.0007325886172750667,-0.0033734424994091004
1988-09-01,0.003383107815355467,0.0037217005563180334,0.0033077546036031,0.004086408583110733,0.007766009738385066,0.002052378364057667,0.002960790681147633,0.003518634889116367,0.0026690595755963337,0.011655871658692368,-0.0007455600672452326,0.006846605586298332,0.0009772189822371666,0.0043402990371162005,0.001855628510754467,0.0029739554289517998,0.0045234693481145645,0.0007453325851640661,0.1953666666666675,21.666666666666668,0.004716334666666666,0.0014789263926845667,0.0016702968366069336,0.0,0.0,0.01179677501536367,-0.03445785481207713,-0.008220460865694302,-0.004586272057142464,-0.011936484232236933,-0.032870547847902436,0.002284903152316267,0.00029195255552316664,-0.0056569399183624665,-0.000506393311723,0.0007429699572813999,0.0011507839781549666,9.607532371856671e-05,0.0028680923620432995,0.0014953465501736669,0.0024414440421066,0.0009983377134421335,0.0005118756124655333,0.003336773777980634,40.4,0.03333333333333333,41.0,7.3147320389081765,-0.09458939104355013,-0.0156749795482867,6.372151989392807,6.092248568771587,7.293213010170956,-0.01640898025505007,0.0038685153734367337,6.3193852381371265,6.112527234594217,0.0069295250852068335,0.007588356338514967,0.005777491804569333,-0.0034437083333333333,-0.0014952194470847335,-5.118867514722586e-05,-0.0018816495539605335,-0.0030371522147252003,-0.004821904371847934,-1.1452228460500277e-05,-0.0008265135008812336,8.594524523333302e-07,-0.0006585136988377333,-0.5662911666666682,0.010125816715956866,-0.005253636666666668,-0.022442227698212597,0.18333333333333368,0.14000000000000012,0.20666666666666633,0.1699999999999998,0.11999999999999983,-0.05000000000000032,-0.08666666666666667,-0.15,-0.23333333333333298,0.056666666666666664,-0.9499999999999998,-0.7266666666666667,-0.043333333333333335,0.5466666666666667,0.8466666666666667,1.6466666666666665,2.6733333333333333,0.0006294429131762659,-0.011059393773828467,0.006523820030177034,-0.0005525626351673661,-0.0021680201187225362,-0.002205473641495798,-0.003088452853169757,-0.0003448870802585334,0.005706462989212734,0.010059816642666433,-0.0002955484825394663,0.0022693512252457337,-0.0012322253440191667,0.00020580147666247919,-0.0015012512843387334,-0.0006065825913254432,0.0005107579368732,-0.00029461712889133337,-0.0005899099526400667,-0.0008651669292118665,-0.0005292661500832,0.0001583354311165333,-0.0021254442396475,-1.0177839685424954e-05,0.0006103419966231666,-0.0013346835056648667,0.0009830860165048999,-0.0014907358857758667,-0.0009293266032906667,0.0006187631099967666
1988-12-01,0.0047603886469366335,0.0039635032487268336,0.0032466623090699333,0.0059816269989608,0.007575284527891967,0.0033350720551868335,0.0030502376194728002,0.003013436566266766,0.0025548245245096,0.015394777801755735,-0.0025799042173873664,0.005341070253299634,0.0036717708106784003,0.0081905590617239,0.0033196398833495663,0.005439959943281533,-0.026186705561806033,0.0017169430990673,0.3603,-61.666666666666664,-0.013602195666666669,0.003213975180656767,0.003070155613433642,0.0,-0.266666666666667,0.004265359969863334,0.025136668602528434,-0.017974987880490335,-0.019893494424219536,-0.0160030730621203,-0.0018928038470811335,0.002764297573942633,0.0015251114978239667,-0.0043945705170938335,0.0017060031552471333,0.0016841128089097334,0.0019893358620131332,0.0011986109043515332,0.003124651200740967,0.0019834173196931998,0.0033959202795159,0.0014790674721100333,0.0006132149514173667,0.0019561429948927998,40.4,0.0,41.03333333333333,7.36778486829673,0.10866697891797335,0.02151284037918973,6.4334712587543095,6.061732118934451,7.3075730875493194,0.0236086841895367,0.02470265738457329,6.325308043237057,6.05894342553204,0.018441603379799932,0.012269966909938633,0.008467641688049801,-0.0034437086666666335,-0.0002538038225982332,-0.0005553990864978,-0.0006340856578338,-0.002126735180864867,3.803963988186637e-05,-0.0032992438666158996,-0.0010364249768117,0.002901639908757,0.009098139557497232,0.24381196666666435,0.009477065720668401,-0.0014114183333333308,-0.015979832642879267,0.2733333333333326,0.2666666666666662,0.30666666666666637,0.28666666666666635,0.31333333333333385,0.2133333333333335,0.09666666666666646,0.036666666666666466,0.0800000000000001,0.19333333333333333,-0.71,-0.5966666666666667,0.09666666666666668,0.26666666666666666,0.31,0.8033333333333333,1.8499999999999999,0.005313483057662667,-0.0034317455568606985,0.006624180032301234,-0.003949756938636733,0.002705716590502196,0.0030523991061821207,0.004545423650877266,0.014372561332621102,0.049232122320671035,-0.010513502798348633,0.00026408495660842923,-0.002858218860562633,0.0012030853768285157,0.0004312187051613335,0.0011669800993967334,-1.8734959344000647e-06,-0.00027682372961941706,0.00026429384770486347,0.0005506247969272667,0.0005498803327315,0.0006197459522472667,0.0007490380511813497,0.0014362330154791666,0.0002465121105572334,-0.0006249718253833218,0.0018293115499322336,-0.00033597287256890003,-0.036140589213777836,0.016695922917790568,-0.0013394265829870667
1989-03-01,0.0013889485359080001,0.0012606855649549668,0.0010562308564326666,-0.0026268068408909335,0.0035888120217546994,-0.0007450555961903667,0.00010416438449953331,0.0005230283343982334,-0.00012256085855889996,-0.0059725674518954,0.0022550454265815004,0.0018543303342949998,-0.0017547891321744332,-0.007779613672795766,-0.0003549782200220333,-0.0030860880148703335,0.03093037639549197,-0.007508743304756634,-0.41566666666666635,37.666666666666664,0.013854883999999965,0.0004724208304954,0.0011091874537587,-0.06666666666666667,-0.033333333333333194,-0.0038363594816477344,-0.004339904402767963,-0.019238335833732897,-0.03177005993477527,-0.006901557787230538,0.024447824801271768,0.0019539301919492,4.1496358748000006e-05,0.00030147725901900007,0.0003779289898424001,-3.69221681075e-05,-0.0005112706074440333,0.0007171031808373332,0.002506683277042367,0.0028343573474156,0.0021327803585802665,0.0033690087375035996,0.0010195246771402334,0.0012354706118600002,40.46666666666667,0.0,41.13333333333333,7.240475016252371,-0.07721272510187661,-0.04056564499250647,6.301132110928816,5.93544911053791,7.186874107259164,-0.049017805985496495,-0.03380003814724323,6.200806126765983,5.944668934580814,-0.0077908173709827335,0.008526681359628066,0.007256754167583367,0.010331125666666633,-0.0011976675030188,0.0003091397974704668,-0.0035979142185625,0.0052155569015820994,0.007619349704018666,0.005615190246961399,0.0005154739569791667,-0.0021870026148104664,-0.0081426199451992,-0.13567423333333298,0.019176065580892267,-0.03393182033333337,-0.006550209733460534,0.2400000000000001,0.256666666666667,0.126666666666667,0.096666666666667,0.10333333333333268,0.049999999999999996,0.030000000000000037,0.05666666666666661,-0.013333333333333634,0.02666666666666667,-1.0166666666666666,-1.0,-0.29,-0.32333333333333336,-0.4466666666666667,0.060000000000000005,0.9466666666666667,0.01766390133882863,0.012013682738071301,-0.013989677207952368,-0.0007002509472735664,-0.0009506031584969,-0.0006808914293507667,-0.0024560926662360173,-0.009130371310677765,-0.007171469058892763,-0.004606653605303701,0.0010680136403949335,0.0008447152941339998,0.0061164767967776335,-0.0007356503087208996,0.0022725124437821,-0.0002977519924047,-1.591412737175573e-05,0.001070868524257,0.0013578169502924998,0.0010801193050961333,0.0005062712970893666,-0.0007630999545359332,0.0033398707309248332,-0.00042113195509756667,-0.0006161120613228396,-0.0005466780073804335,-0.0013030498307496424,0.04050765800706437,-0.015227945282269098,0.0019487574226590002
1989-06-01,0.0005895771896469001,0.0004269865426209667,0.0012517172460619667,-0.005955450098506167,0.0039790176089085335,-0.005086255516401552,-0.006198240212977567,-0.007387285309059501,-0.010319218236077168,-0.022164746548462233,-0.005647963010147801,-0.0044323069204962665,-0.003766875442555167,-0.0065302284397579,-0.0034163351926886337,-0.006048691232894167,-0.0121957448841874,0.001818890338164767,-0.6990666666666675,-108.33333333333333,-0.017746180333333302,0.0010826892507450332,0.0010657853892925043,0.0,-0.23333333333333303,0.006684928803304999,-0.0038868205494904996,0.00894592297892,0.05995585594412937,-0.0479149195553803,0.030426168430246033,0.0008585816538447667,-0.0010112141623181334,-0.010302737705232533,0.0013820851562774,-0.0013875418953161,-0.0025985144888042667,0.0005248969185226333,0.0013950763508946333,0.0013046331070451333,-0.00038734220959029867,0.0016933461652316002,0.0009149136576394667,0.0012122920995108332,40.333333333333336,-0.03333333333333347,40.93333333333333,7.233032598376304,-0.027999991470913404,0.040565644992506505,6.269686547984921,6.03236385967909,7.191473512812187,-0.0674407411668767,-0.026022791123273437,6.230887272771516,6.006889381289473,-0.014688135919306835,0.0043281118827689,0.007407156751997434,0.017218543000000034,0.0034695651236678333,0.0019869496131832334,0.0013350788922809331,-0.0009893259918654998,-0.0021536061050942655,0.004603564958191001,0.002130930150766067,-0.0004947554846444001,-0.0007600675210580001,-0.04156323333333034,0.031137938980172034,-0.06538606899999998,0.015736929140888502,-0.19999999999999982,-0.376666666666667,-0.25666666666666665,-0.3466666666666663,-0.49000000000000005,-0.4900000000000004,-0.3866666666666667,-0.2866666666666667,-0.24666666666666667,-0.44,-1.3733333333333333,-1.5433333333333332,-1.09,-1.1833333333333333,-1.14,-0.32666666666666666,0.5933333333333334,-0.003827014047564634,0.0205293392131424,-0.014827944518204699,8.410782667943317e-05,-0.002951482693314133,-0.003880734849232651,-0.002672611627491,-0.0028971910409861675,-0.03234857146466636,-0.0167452804951592,-0.0013733209195706507,-0.0025334313305300665,-0.008488157009763533,0.0004116544595751334,-0.0037456929204670616,-0.00029748626100663337,0.0004887586408424333,-0.0013747208632833667,-0.0024977129779468333,-0.0013884608741537331,-0.0014167113604163332,-0.0002631142011463667,-0.0051639237477451,-6.869512522658109e-05,0.0015089660128194688,0.00024513757580689986,0.0012907478395761684,-0.0033664150006842337,-0.0002835057343991334,-0.0012546850117341665
1989-09-01,0.0032461516517016662,0.0029969252529670667,0.0023343756539977003,0.0027785523381395672,0.0011443183401033663,0.0016969990907756665,0.001999860485136433,0.0018334966568097331,0.0052963675642997005,0.006149724028869201,0.004914825858914299,-0.0013254090122670002,0.0013369578452730665,-0.0003567378824779332,0.00041069864959759997,0.0014951462895644002,0.006212291045217501,-0.005801641670259966,-0.09623333333333532,17.333333333333332,-0.0022490903333333002,0.0006554437503674999,0.00030915015709410005,0.0333333333333332,0.033333333333333194,0.004694178656378035,0.0052282039827324335,-0.01014109576645223,-0.029078255266259834,0.013156140616374398,0.020483613511992467,0.0012530127818077667,-0.00041645849161989993,0.013003832917529901,0.0018754738147972333,-0.0015795616084948998,-0.002191188388884733,-0.0006204215884218333,0.0017287696272383002,0.0001035587223269667,-0.0004577707288469,-0.0005043114514382332,0.0004565168483482,0.002374469758246133,40.36666666666667,-0.0333333333333332,40.833333333333336,7.199871878683794,-0.0459864813800867,-0.009390292322233198,6.2872738742187835,5.957730326737703,7.198559377713063,0.004016112838726565,0.0562321302765468,6.226469210649576,5.983837215462727,-0.0072697261756324676,-0.0015308570533788667,0.0016193632032326002,0.0,0.0005336528164991101,-0.00036616528432513337,0.004268886442850067,-0.0021069966400426,-0.0022324220874094,-0.006361183068010367,-0.0024708073726419665,-0.0012037911836279335,0.0004481999262069667,-0.38234420000000097,0.015214378360358402,-0.010878582666666735,0.0093791344702131,-0.13333333333333353,-0.05000000000000001,-0.07999999999999984,0.003333333333333336,0.033333333333333624,0.0466666666666667,-0.003333333333333336,-0.003333333333333304,-0.019999999999999536,-0.35000000000000003,-1.1866666666666668,-1.25,-0.82,-0.8733333333333334,-0.8466666666666667,0.013333333333333334,0.9166666666666666,0.00042967197429606696,0.004205071947375834,-0.008172479125431432,-0.0040045602900020665,0.0023350941961363465,0.002661548354579967,0.0011872971887868999,-0.00031781376730379934,0.014419616935257335,0.024258703614415567,0.0005260495230974333,0.003643023510730267,0.0026167442222631006,-4.697382860936486e-05,0.0014178385193520332,0.0014869017365125624,-0.000269097840954,0.0007936445041177334,0.0008124339547771333,0.0005336590935899667,0.0005039633245035333,0.0001678329382537333,0.0016199245266112332,9.494517845366666e-05,-0.0009135554422177323,-0.0005246369851977664,-0.0003268557713287064,-0.013111103523456832,8.42344498319001e-05,0.00489533995741545
1989-12-01,0.0014692841651608665,0.0005618357102044,0.0045716042406042,0.0014539201249590336,0.014044842325500767,0.0012668332372278667,0.0024084556803207,0.0013263455553416674,-0.00039972762532693395,-0.012946230261923366,0.0040974934233162,0.003934402993535666,-9.369128530156664e-05,-0.002238556534715067,0.0015508408297065332,0.0006888565669651332,0.006167091791395833,0.006178396980800469,-0.17029999999999765,-30.333333333333332,-0.008767578999999966,0.0043246328685242665,0.004225492014143133,0.033333333333333666,-0.033333333333333194,-0.0030175535140906998,0.0161677537613632,0.004755192386274001,0.008818856512276901,0.0,-0.002071114705837368,0.0022051607491218334,-0.00022232412901956669,0.0031732105371607,0.004643031703293333,-0.0018304801500464666,-0.004085884376060267,0.0016677422633967999,0.002891497303506767,0.0023142611072361,0.000667372397323,0.0027379076702753,0.0004558924804551,0.0021740809622355,40.23333333333333,0.06666666666666667,40.56666666666667,7.22898467053455,-0.026680902557843406,0.05778429560373007,6.2209380798280405,6.041389040415207,7.30981756255392,0.04823212549604336,0.17051579496480004,6.31460816371889,6.105184978027437,0.001961862869806069,0.011915086950281767,0.0017176055102285,-0.006887417000000034,-0.0013322292209287,-0.0008115117304588456,6.710823910496648e-05,-0.001596595008125,-0.0005981824440291992,-0.0022446689113355665,-0.0020544860900457667,-0.00020395937219883333,-0.0007443825543944612,-0.45484913333333593,-0.007206491794625799,0.0563004456666667,-0.007462526007896367,-0.203333333333333,-0.1433333333333335,-3.353798720221827e-17,-0.023333333333333428,-0.023333333333333595,0.049999999999999795,0.06666666666666693,0.0233333333333335,0.0433333333333329,-0.16333333333333333,-0.7566666666666667,-0.9233333333333333,-0.6066666666666667,-0.5166666666666667,-0.4366666666666667,0.5033333333333333,1.4466666666666665,-0.02387948757556793,0.0064424246821947,0.013134946210156201,-0.0008237821455229997,0.0045397094727466,0.0063081500441309335,0.0041295815524706,0.004386520689584133,0.015336568992390701,-0.008581486729067266,0.0015533876595143666,-0.0022397211829299998,0.004866652707091167,0.00017008268527466666,0.0033273018588762322,-0.0006004871715440571,-0.00026605381412219266,0.0007661455819591,0.002392497193553104,0.0015754762539706634,0.0012146300776241664,0.0003691156329550998,0.0043118556234285005,7.012073275463331e-05,0.0008796779994836322,0.00022497463165233327,0.00031213283851820004,0.009734784253807867,-0.0027184484057697334,0.0003490330683056664
1990-03-01,0.003475283131807033,0.003590019658509134,6.952410773633344e-05,0.0029893445367292337,-0.003761353245549733,0.0038493928014249,0.003894972173025467,0.005267673630776533,0.004798689416717566,0.018217062265661037,-2.815928923133344e-05,0.0093678004637322,0.0037942472949935332,0.006899184897164166,0.0013266179222194668,0.0047771891807737,-0.006607979294570265,-0.010901951949349765,0.17266666666666666,-96.0,-0.015632267000000033,-0.0004877752227029,-0.0006416374097165666,-2.0354088784794536e-16,-1.3415194880887307e-16,0.008258913238051366,0.012515156816552832,-0.008608799853299468,-0.017418564069023968,0.0015444043071628662,0.0006918023929045012,0.0014559655197482334,-0.00020856362913743327,0.0015753487698197,-0.004144682392254234,0.0008978177247585666,0.0021567071570872667,-0.0010473206749749334,0.0019228984870931333,-0.00024981448770648214,-0.0009092273077223333,-0.000644565333396658,0.0013135310520653667,0.004124742367148767,40.1,-0.10000000000000002,40.53333333333333,7.18707747931586,-0.0659419144433067,-0.0483940032814969,6.241291667636037,5.921820313515717,7.11838145244725,-0.16118889859778676,-0.21692265253036333,6.102823608197767,5.942261444167534,0.010118518588968799,0.005321891144847167,0.0022845618123691,0.0,0.0008582699149034333,-0.0003091349595572667,0.0,0.007013704557670901,0.009228982533188967,0.013675213675213668,0.0023304497615903,0.00042240023127898383,-0.0016447098259917998,-1.180727933333331,-0.001759693437614401,0.035026119999999966,0.007086832368235533,0.009999999999999733,0.0666666666666671,0.043333333333333335,0.09666666666666644,0.16000000000000023,0.216666666666667,0.1933333333333327,0.15666666666666687,0.1200000000000004,-0.02,-0.4566666666666667,-0.4633333333333334,0.026666666666666672,0.33666666666666667,0.3566666666666667,1.09,1.9566666666666668,-0.006857536880820101,0.029628151139359137,-0.002838276889665234,-0.0022544782942542003,-0.006573303498200285,-0.008654927476921866,-0.003836831900478633,-0.012736347124398266,-0.05509391939281563,0.019617773960365664,-0.0023754123668042002,0.0005286518693153995,-0.005483217351876533,0.00036748610067589404,-0.0047538372250691,-0.0008832623922545266,0.00022559244511106657,-0.0015958280248424665,-0.0029592997775132663,-0.0024072005735682063,-0.0018148729893777667,-0.0011441235341163336,-0.006142298632404334,-0.00010548343267970004,-0.002364672556627033,-0.0020057785617877666,-0.0015755642790565335,0.0022607688972501334,0.0015277137398671335,-0.0027887659127887334
1990-06-01,0.0013251003184932,0.0012460559933924998,0.0014981922095649335,0.0017673241627225002,0.0034018567605684333,0.0015595368833078666,0.0016485183768498665,0.0019334079375550334,0.0004954632338177665,-0.002562711410176601,0.0015833580830004336,0.006564586483259867,0.0014540871412103333,0.0031213699908381,-0.00036949433541116645,0.0013208913412121332,0.005815344854771233,0.0038358159420829666,-0.08389999999999986,-49.333333333333336,-0.010959045666666667,0.00022011741278816664,-0.00011781437626310004,0.033333333333333326,0.03333333333333346,-0.0049307524643372345,0.010429324990264603,0.03623265447797083,0.050530960690901267,0.019452040409751067,0.004802827514325266,0.0004282675347309667,-0.0030740213389078667,0.0025441681314459664,-0.005080538656205333,-0.0026630800663274994,-0.0028683961409860666,-0.0023445633634177,0.0014010433351032997,-0.0004560266089293,-1.9101284566500005e-05,-0.0008883173923971334,0.0010068980117629667,0.003302948214922567,40.13333333333333,0.13333333333333333,40.63333333333333,7.078788212495753,-0.018746572774293327,-0.0692131215927499,6.222828390906414,5.766849245638166,6.988593623359307,-0.0113971215827598,-0.0228988437620767,6.02982508454733,5.780200209612303,0.011262741166192467,0.0034130240375631667,0.0038545853302298003,-3.469446951953614e-17,-0.0013722677032547666,-8.114747986336648e-05,-0.0017357295966000334,-0.0032299174642330002,-0.011928559489838633,-0.014228005272781334,-0.0022409570671548663,0.0005570605804825334,0.0012958356910619335,-0.6272178666666693,0.020869687733725332,-0.04156427866666663,0.034158902269930465,-0.036666666666666695,-0.10333333333333324,-0.049999999999999704,-0.1066666666666667,-0.15333333333333335,-0.14666666666666633,-0.10666666666666604,-0.07333333333333363,-0.03333333333333413,-0.08,-0.51,-0.57,-0.08666666666666667,0.2933333333333334,0.3633333333333333,1.1166666666666667,2.07,-0.021820918784636396,-0.020427329659069265,0.03340962543292833,-0.0020392693535062002,0.0011330660896720338,0.0014324617375152,-0.0008853480193720667,0.009022806708004566,0.06460994342244286,-0.012031042854064034,0.0007594016481903999,-0.0008067773200218332,0.0002746925009065127,0.00014204302159223766,0.0008190957417317998,0.0008837831072065999,0.0004569225519232333,0.0005027909853987001,0.0005156244635295334,0.0007711372305395334,0.0001223574464527667,0.0006120167680692669,0.0011925618138510666,-0.00044162387576323936,0.0014567690921118946,0.0004978857517668333,0.0015499913686924333,0.0027847526758311334,0.006485439891406999,-0.0007578503374094667
1990-09-01,-0.004919008887575501,-0.006016560791144533,-0.0019225150025633667,-0.004282286301407933,0.0039568512650891,-0.0007788563842518999,-0.0011936493127455668,-0.0009376970204637002,-0.001241919287623533,-0.010306669092896,0.001982145717202334,0.0012101031158118333,-0.0002799556600097001,-0.0029379978721562005,-0.0012360641907476334,-0.0015533365184768333,0.0028978938676195672,-0.0013553917063286007,-0.277266666666667,-170.66666666666666,-0.037368795333333336,0.0006965220144424999,-0.0007696221879213626,0.13333333333333333,0.09999999999999966,0.012790850626709366,0.025212471401873465,0.03208597829353277,0.0246745125512451,0.040979228748349264,0.04910512774046733,-0.0013321671806109,-0.003840223188555867,-0.0020533945838193,-0.008968001827382067,-0.002380962504126633,-0.0036127296242706997,-0.00048051519541183335,-0.0006435158109342327,-0.000928690484636,-0.0011608635281792335,-0.0013191710754718998,-0.00040239429462946664,-0.002107944219128867,40.0,-0.06666666666666667,40.46666666666667,6.983461054117243,0.05098978159381018,-0.0043011349453034005,6.0332840483554735,5.69780324109398,6.895911744983519,-0.005848103216970067,-0.04941408104703,5.942204512558351,5.644366475208197,-0.0006647245123030665,0.0034597030228618667,0.0040084153160394,-0.003443708666666666,-0.0006572868286699,-0.000637303329522,-0.003744290723135467,-0.0015571728602283667,-0.0005406520591186998,-0.000543699630502432,-0.00017764083443073324,-0.0011217410041813333,0.0004050864695474333,-0.19811479999999934,-0.05298293687297246,0.20875179566666668,-0.046498064136999695,-0.013333333333333669,-0.003333333333333134,-0.14999999999999997,-0.11999999999999988,-0.13000000000000014,-2.312964634635743e-16,0.08333333333333333,0.0966666666666663,0.1800000000000002,-0.20666666666666667,-0.82,-0.86,-0.45,0.27999999999999997,0.64,1.3533333333333335,2.4499999999999997,-0.0275878456223858,-0.046609602026698865,0.0241180236182717,0.0008631856355778999,0.0024483787683138333,0.003282101868928,0.004869491448919733,0.026286839983941462,-0.011789473608955658,4.553668355723276e-05,0.0007203949896841939,-3.3248866622888805e-17,0.005021622275052367,-6.714546571312968e-05,0.0023678510534628334,0.0005842611139454996,-0.0007366066182390307,0.0007178728655323,0.0015030957973752492,0.0007321104679534881,0.0010802063478694334,0.0004772640992743667,0.0025260993459363668,0.0005683646395278,-6.0334828130332386e-06,-1.1063960201334923e-06,0.0009101965469014497,-0.001244078013839334,-0.005585890757153899,-0.0010188748660180335
1990-12-01,-0.00039743952730596655,-0.001975252160459433,-0.004541224448023199,-0.009655566090052867,-0.0112338501881813,-0.007623371847938466,-0.0069941326977502665,-0.0069165849235724676,-0.0047375700882683,-0.023942213190679833,0.0017687359796610999,-0.011808213783389301,-0.008393465279535167,-0.014959798135089434,-0.004942042561207934,-0.0087120490460028,0.003521301844670833,-0.006558560993039933,-0.8019000000000034,-166.66666666666666,-0.032162245666666665,-0.0001058411069288667,-0.0016802304446912,0.16666666666666685,-1.295260195396016e-16,0.012030057243192567,0.02829018870570157,0.033220154866496536,0.030403459683835333,0.03648839682731977,0.011176384113898768,-0.0009735931414565999,-0.0059168488809427,-4.9044851605133315e-05,-0.010687636266827833,-0.004717375167749266,-0.006386133616010366,-0.0021709317635997334,0.00036455307104663336,-0.0014497922138799336,-0.0019802228785993337,-0.0018163685609207999,-0.0006045037171335334,0.0005598144899169334,39.96666666666667,-0.0333333333333332,40.233333333333334,6.8671777084429735,-0.20600885003061334,-0.1717213417881931,6.003899034353764,5.49748876610158,6.757331478814106,-0.06853308055443343,-0.024967102724373167,5.819190650677499,5.4547750986112264,-0.0288458974148256,0.0002450046242135334,0.0012479823471067003,0.020662251666666732,0.0011308837568939,0.0011349572753367,-0.00034124338408826675,-0.006945820004163533,-0.047610676625263366,-0.046522556390977465,-0.0017841744803482331,-0.0005130652184452,-0.0014451270874206333,-0.7596580666666686,0.019364396172648866,-0.05462335700000007,0.028172213107751837,-0.3999999999999997,-0.2933333333333334,-0.3166666666666664,-0.29333333333333333,-0.3033333333333333,-0.20999999999999974,-0.2100000000000001,-0.16333333333333352,-0.09666666666666712,0.26,-0.6699999999999999,-0.6733333333333333,-0.3433333333333333,0.47333333333333333,0.8433333333333333,1.7866666666666664,3.1566666666666667,-0.0027155615226060327,0.0104018158151188,-0.0018899420078004664,-0.0011514116226958335,-0.0016623098716287328,-0.0024974512968994,-0.004574114085033733,-0.020172128468889463,-0.05174817741915833,-0.013756822757739998,-0.0010168763921699828,0.0018438082044095001,-0.010128939694393633,-0.0004537093903221527,-0.0034625427871927995,-7.188090771199896e-06,0.0011486487337792667,-0.0010193533541279158,-0.0018006980584725973,-0.0010316710214265002,-0.0006355082143875,0.001594534046951733,-0.004187187968973067,0.00043588336254366645,0.0005670350289714667,0.0036742421725659996,-0.00061889457075934,-0.012654566597301332,-0.002790929914580667,0.0016454303055052
1991-03-01,0.0020718694430297666,0.0009213729169339999,0.004847347628451333,0.0065385570336781,0.010663792891199,-0.0034656539198177996,-0.003973082281994766,-0.003785656532015066,-0.003054373014237536,0.0008228731753654994,-0.004275586789550334,-0.0028079121059301003,-0.002840078556162133,-0.0025270024715540666,-0.003475512718311567,-0.0034901206790175,-0.0104965800517114,0.005768025902417734,-0.34926666666666534,-60.333333333333336,-0.013766910333333333,0.0015656608441946666,0.00047730211065126656,0.09999999999999981,0.4333333333333336,-0.0067930541122176,0.020997550029432765,0.055794606135386,0.0688580561331491,0.040113309290053266,0.020219354239335064,-0.002171040939381633,-0.0054502686067934005,-0.0024614890567425667,-0.008831438377532834,-0.004590026917794467,-0.005600749760417834,-0.0030632554577275668,-0.0012971393898162,-0.003517433339289567,-0.0020308558540567336,-0.004463171592036567,-0.0014147866219005334,0.00019841807272533333,39.766666666666666,-0.06666666666666667,40.06666666666667,6.868780972303173,0.07787161706050316,0.18997151337866333,5.979570070699566,5.40977642867885,6.794439603141924,0.05344755002506007,0.04819374293703637,5.865168133951187,5.462296146296463,-0.004937266421131066,-0.002509648098666133,-0.005020211069146167,-0.013774834333333333,0.0007352270078027665,-0.0005640277496012667,0.0035049432431423,0.009280142492150933,0.0612498490182736,0.060041407867494796,0.0007477939578040002,-0.000660766399081,-0.00045154678766223333,-0.914144166666663,0.05133235115898833,-0.1749116456666667,0.058158445424982365,-0.3333333333333333,-0.34333333333333305,-0.18999999999999972,-0.19000000000000025,-0.133333333333333,1.942890293094024e-16,-0.01666666666666676,-0.059999999999999894,-0.1699999999999998,0.22999999999999998,-0.26,-0.24,0.21000000000000005,1.5533333333333335,1.9066666666666665,2.78,3.94,0.04148500373730543,0.008405067514572066,-0.0334854140326242,-0.0007216572061714334,-0.0016353262562848333,-0.0016433887026196664,-0.0014562423044717002,-0.008433977523047665,0.046119034584414936,0.006961891323525899,-0.0004986041302634999,-0.0005340488244461667,0.003154098138806433,-0.00023710874259089728,0.0013253827932129822,-0.0005888211464766416,-0.0018673509709966334,-0.0007459823752012665,-0.0002539577915170333,-0.0005059927520149333,-0.0006626740403425,-0.0019267730191530666,0.0015220950202803668,-0.0013350718467092333,0.0002784060046581,-0.0014778101474271672,0.00029406102223313333,0.012982550556013566,0.0026383106145981337,-0.0003175319450319334
1991-06-01,0.0010060040608959,0.0009188331513794333,0.0025217481455101667,0.005549528325632366,0.0019312444507229333,0.006917789736019299,0.0062741689764497675,0.007194216922131967,0.009006840986460934,0.019950366965216435,0.005248937683941967,0.007752818107801034,0.007726406192700101,0.009753771640386,0.0074598908646533344,0.0071290852031312335,0.0156520876803154,0.007556060693608767,0.484433333333333,-25.0,-0.004931031666666633,-0.0010394333226872,-0.0015303457705506335,0.033333333333333,0.10000000000000002,0.002149914615962135,0.00023792530155979907,0.026425091566348573,0.014095970734250734,0.041260074925573036,-0.036928368822913164,-0.00018463811402646667,-0.002640423881230633,-0.006133765712205167,-0.006254092151840667,-0.0015245716737535,-0.0023780539007631336,-0.0002443255502869333,0.00046273350680140006,-0.0005098216618369941,-0.0006667510419889667,-0.0006702562558705,-0.0017769696589505668,0.0020314852224701334,40.0,0.16666666666666666,40.36666666666667,6.938573352915327,0.033030300881409964,-0.005509767317070004,5.999558148857443,5.607994935552814,6.883396637042179,0.009132991396036768,0.026187440834366766,5.9574364385301095,5.559643565099489,0.04085851442414204,0.00030337021706300024,-0.0030633627800907004,-0.010331126000000032,0.00015694197797226682,-0.000634540142996768,-0.0003380182954725,-0.0012139352007786335,-0.0094822702264768,-0.012422360248447265,0.00036524439030746655,-0.0017946679826161668,-0.0006285026792388333,-0.958014733333334,0.0004825133643352,0.004008856666666762,0.007894643575177834,-0.030000000000000037,-0.00666666666666683,-0.02333333333333343,-0.0033333333333331306,0.023333333333333105,0.06999999999999994,0.0766666666666668,0.046666666666666766,-0.016666666666666465,0.19333333333333336,-0.2966666666666667,-0.14666666666666667,0.43333333333333335,2.0166666666666666,2.3733333333333335,3.1233333333333335,4.07,0.02415156861073173,0.0017392754379151332,-0.0192938293938772,-0.0012159124130317665,-0.0008247426887836668,-0.001390629189801933,0.0005771209157765001,0.0016678794066890996,0.0038465098652322033,0.0012232421148917992,-0.00025117950286250004,0.0007687092924646453,0.0002735401436980334,-0.0002260100316175,-0.0015885753322187667,0.0005687605383582333,0.0009075857463945362,0.00048655433973513335,-0.0002563937729957668,-0.00025466712528503336,-8.010617732196654e-05,0.0014329620324244003,-0.002318237411360033,0.0005588848761281863,-0.0008616103825739629,-0.002199155383409967,-0.0003159024572452782,-0.0006964876820294332,0.00026626227226540024,0.002681262775491067
1991-09-01,0.0020584782791228,0.0006096016255003668,-0.0016882928324556,0.0003515012937983333,-0.003701192445412033,0.0024306243397606993,0.0026783998402703665,0.002803978797590666,0.0039763496792284666,0.007127463104327567,0.0028808342005260334,0.0010327888838076004,0.0021244922113316336,0.004345730115421,0.0037681434478260673,0.0034484129863230667,-0.004418530061611466,-0.007755691147462934,0.17833333333333243,-47.0,-0.008587586333333367,0.0012869417927922283,0.0006571272082751002,0.06666666666666687,0.19999999999999973,0.0049311994306453335,-0.0028663738074282998,0.03318828625492227,0.03058424106293273,0.03617146058494953,0.0035672159705851677,0.00021847734387491836,-0.0013206626515896,-0.0097024823579931,-0.003809565274541033,-0.00031359638541236665,-0.0018029579613365,0.0019010068340706001,0.0006211519504149,-0.0007511570993159001,-0.0007265276167232453,-0.0008040131917669332,-0.0008154948002231998,-8.962741935999996e-05,40.166666666666664,-0.03333333333333333,40.6,6.954008821710107,0.04686065020706354,-0.0113005172252268,6.08303699297806,5.544519993093137,6.876750668039343,0.031496947806976636,0.0058738671166066,5.96376124486698,5.503503187163862,-0.0238888492709884,-0.0042852032098945675,0.0016437263490936668,0.0,0.0012649807224057333,9.88451390965667e-05,-0.0020353397112957664,-0.0006411862555012665,0.0012674799193478758,0.005280528052805267,0.0019111265795407333,0.0011363652027439333,-0.0008921956668750333,-1.33695416666667,0.005779411548656366,-0.013204238666666701,0.0191282538675999,-0.20333333333333334,-0.2333333333333333,-0.19666666666666668,-0.22,-0.3266666666666663,-0.3466666666666667,-0.24666666666666634,-0.1499999999999999,-0.13333333333333353,0.10666666666666667,-0.26,-0.21333333333333335,0.12,1.7066666666666668,2.2533333333333334,3.1966666666666668,4.11,-0.015423631109464266,-0.01752113293692373,0.014187379226703767,-0.006265188242947299,0.0019203339243247502,0.0024989704713925336,0.0008791213886952405,0.007361150735786667,0.0006490650458422023,0.0008717140019097996,-3.5728385666380837e-06,-0.0018221569848020814,-0.0002674007581584999,-3.655828600853331e-05,0.00026319253900581544,-0.0011464614339698666,-0.00046587044354643326,-0.0002525165322054496,-0.00025164203192792406,-3.3340723859000276e-06,9.791640582790006e-05,-0.0014766527382068667,0.0009848149974969334,2.9129403634381115e-05,-0.0002857182002970001,-0.0002446483290250333,-8.518742431599997e-06,-0.002979377408264467,-0.0021245628816663003,0.0026327462706718335
1991-12-01,0.004837581997439434,0.003781510428726833,0.006967507579868568,0.001043348398911334,0.0077517173911635,-0.003717397407542667,-0.005113710524849334,-0.007040425072601934,-0.006953767972243667,-0.016652089929399597,-0.003649538124819033,-0.006329704871111567,-0.0019650470522258336,-0.0015029547738227,-0.0010308104656319,-0.0034266540481514667,-0.013501535702719267,0.0053933662736917335,-0.40766666666666634,-24.666666666666668,-0.007618061333333333,0.0016252958186295,0.0005032983959966667,0.09999999999999999,0.566666666666667,-0.0072772501707323335,0.005590377833989867,0.049464620556388596,0.007981601992187967,0.09106843948417108,0.012572808432160765,1.2304322817533321e-05,-0.003077036846925967,-0.008129844669700367,-0.002206806423014166,-0.0031522980561533667,-0.004933946602193934,-0.0005350846339341,0.0008135093000844,-0.0008885480521402667,-0.0012296175784379,-0.0006159917853398667,-0.000612933056552,0.0016988136159637665,40.233333333333334,0.0,40.63333333333333,7.0198177043234,0.07108626402721983,0.07552863183506008,6.1258782594134935,5.5926516282173635,6.946842570940873,0.013388680575109996,0.04614400954117343,6.0332943025215195,5.564397378347973,-0.002649085765663498,-0.003406745626818367,0.00011652553880143301,0.0,0.0017766440912909667,0.0003721846646703733,-0.0005857633797934666,-0.003637580820548167,-0.0014487755476606339,-0.004077158618388865,-0.0027769431103251002,0.0004926595634827333,0.0025552856900929333,-0.9388734333333323,0.024254327346129766,-0.07515583266666673,0.0457468287492911,-0.39333333333333304,-0.4266666666666663,-0.39666666666666667,-0.39000000000000035,-0.3933333333333333,-0.21000000000000008,-0.16666666666666655,-0.1166666666666671,-0.11999999999999995,0.13,-0.27999999999999997,-0.23,0.049999999999999996,1.9266666666666667,2.7566666666666664,3.9066666666666663,4.8566666666666665,-0.017167800413373867,-0.013819833784706833,0.016216404082080367,0.008519792745473534,-0.0019142572221643335,-0.0022139254902553336,-0.0017590190336145,-0.011444351824362533,-0.032400985877861437,-0.015230375384213034,-0.00024515404217210005,0.0002533724076003001,-0.0007973025146827305,0.00032972051685041005,-0.0007827792247026001,0.0008550667365149,-9.661275675500007e-06,-0.0004880106971902,-0.00024810818661906664,-0.000495294791475,-0.00016898901515876663,-4.7962845849333344e-05,-0.0007179019534717667,3.025531290566663e-05,-0.0008442409302765667,0.00024268900477450017,-0.0020757917175001695,-0.0024025024336822333,0.00043226423483136667,-0.0029117230906887336
1992-03-01,0.0032608757953908663,0.0028241968180152664,0.0012611638078927666,0.0043902996253019,0.0012449173645325336,0.0077043867861302994,0.0083765213765234,0.0093722482093398,0.0094845295114091,0.026800097950461368,0.003537748481191367,0.013785151047933633,0.006865843451955533,0.012366561539107599,0.003736840071695434,0.008175741038066033,0.0198682547790939,-0.0018311470056679672,0.45993333333333436,48.0,0.003740984666666667,0.0015157361875980666,0.0012633755105534,0.033333333333333666,0.4333333333333323,-0.010159137067504998,-0.0005902840808257002,0.007539362862591,-0.0134913693092583,0.0251131664676561,-0.016140024402745968,0.00046722803148390005,-0.0012327875017366,-0.005028715711547133,-0.004602734044191567,-0.00017820547515273334,-0.0005341881485136668,0.00034060777116336666,0.0009041492056578001,0.00016584123305796663,-0.0011295130075700333,0.0005614561754132333,0.0007149790801055999,0.000908435649237168,40.333333333333336,0.10000000000000002,40.733333333333334,7.100287989672137,-0.06836516048083334,-0.0684210420121202,6.214368054678103,5.659847062636014,6.9969823619274765,-0.024500820664306634,-0.02636419627907007,6.07286301311159,5.573855994454547,0.028638096000669567,-0.002962433077112633,0.0029401358903218,-0.01,-0.0024256607453561336,-0.0012999887840591336,-0.0008190683128468332,-0.0001987084013140676,-0.038698069567732904,-0.035604318426112835,0.0009387709398487668,0.0013451606435145,-0.0013782634825562441,-0.8183374899999993,-0.007019166690840933,0.0274129276666666,0.0143845956057045,-0.10000000000000007,-0.01,-0.016666666666666653,3.700743415417188e-17,0.05000000000000001,0.18000000000000002,0.15000000000000013,0.04333333333333359,0.0266666666666667,0.22666666666666666,-0.04666666666666667,0.07,0.48333333333333334,2.8466666666666662,3.53,4.3999999999999995,5.306666666666667,0.026353814030405265,0.020799724228254168,-0.009798027970759333,0.008616389318094433,0.00109088595547538,0.0013814082486754333,0.0023438145052455,0.006827165056021634,0.03472222549654727,0.017895717245058538,0.0004770240199611666,-0.0020364043214179,0.0029311092837698,-0.0002203441235453,0.001042688269709633,-7.24940790476672e-06,0.00021385882911583622,0.0007152081162488086,0.0009789532244364823,0.0007328694780674999,0.00044634451109653336,0.000107099897618,0.0011156482297467335,0.00023212001404241485,0.0013973973994014666,-5.289263191333068e-07,0.0020642747013695,0.0117888967095651,0.00017557796117686664,-0.001462762894135167
1992-06-01,0.002789770660373367,0.0027371857455484997,0.0037283437016893003,0.005017043961972966,0.005117090381948067,0.0042894117892216,0.004398351616239067,0.004733042772892666,0.0049467615146499,0.014403435580240367,0.0015718364717669999,0.006833084273062899,0.004153229933983434,0.008074502381992867,0.0021235454041089665,0.006068519402136899,-0.0182581251578622,-0.0030667688354937667,0.27396666666666664,12.666666666666666,-0.0031545226666666332,0.001877250766455,0.00080684082648,0.09999999999999981,0.2333333333333344,0.0140600983044775,0.0012972479372047668,0.04792739587265813,0.025564206929418368,0.06456177181475663,0.01897531226533643,0.0008436531906135667,-0.0008445313600837667,-0.006586861398508767,-0.0023983533096636335,-0.00019811788597046666,-0.0009704034024864668,0.0009227562290175332,0.0012747724511505667,-0.0007242771397818667,-0.0024088819567330663,-0.000252018432733,0.0009170111239633666,0.0013846009896595667,40.333333333333336,-0.033333333333333666,40.833333333333336,7.060913950351654,0.0,0.0434539392877502,6.16971665925072,5.65325427721229,6.972816191023138,0.029709259965333232,0.012122548056956567,6.068949663488193,5.556586789966116,-0.0050730896353279,-0.0041473425772498,0.003919460037438433,-0.006666666666666667,0.0006118610877224668,0.0004606582109924,-0.0031861371999716997,0.005739667950873733,0.0389152248414281,0.035753214035645,0.0006098659119106334,-0.002736502285253,0.0022242966262009003,-0.6412979233333342,0.006192981836250067,-0.016683301333333237,0.02144508454266113,-0.16000000000000006,-0.19999999999999998,-0.17999999999999994,-0.19666666666666666,-0.23333333333333317,-0.31333333333333363,-0.21333333333333357,-0.08666666666666646,-0.12333333333333374,0.1366666666666667,-0.11,-0.010000000000000002,0.37666666666666665,2.7266666666666666,3.5533333333333332,4.58,5.396666666666666,-0.043202990863005164,-0.0196849123986255,0.02924880959881763,0.0014006799891137665,-0.0005424537358486,-0.00027582404001071526,-0.00029531796031299993,-0.003415330424679367,-0.031905909703114965,0.004862619705450034,0.00023221201127089644,0.0030372968294859666,-0.00028020790807066227,-0.0002036597418327,0.00025608693006456674,-0.0002857036484646764,-9.465061655040182e-06,-8.824825184075308e-06,-7.843044983834221e-06,-5.331902961510126e-06,0.00019952017113756662,-0.00018048416005988737,0.0006031576518159333,0.00010561640215509995,-0.0013943577297246667,-0.002652389909504,-0.000592008861744491,-0.0036145999384912322,0.00015848930875130007,0.0018081241641733335
1992-09-01,-0.0016860893349738002,-0.002381853681451167,0.004110433792401367,0.0006038319706084665,0.0066455380980047,0.0014768151511252332,0.0020530995034855333,0.002366342868025833,0.003064409310524053,0.0030471990644264668,0.0030783739757280666,0.0010053012313571668,0.000746507983499767,0.002339151203949067,-0.001726875802771567,0.0007611256716935667,0.0187664687811715,0.006848284083951633,-0.14436666666666512,10.666666666666666,0.005819202666666666,-0.0013952294240186334,-0.000238756342517,-0.13333333333333366,0.26666666666666566,-0.008046706118565866,-0.02466644321393327,-0.0102082238944945,-0.0426619717252684,0.010808419491115237,-0.05288010719851144,0.0010584447321590335,-0.0006953264508133333,-0.003982127995935301,0.002181032862978833,-0.0013702321877507,-0.0016460938801939667,-0.0009713931785941,0.001503421676546833,-4.531961666623331e-05,-0.0011614183679041665,6.497143226683333e-05,0.0018264885882081003,0.0001948023254628339,40.266666666666666,0.0,40.766666666666666,7.105313656450984,0.01587601632975013,0.04280859619627334,6.226394067846663,5.674185994103326,7.009176539937374,-0.0354074044184367,0.0026350598357067676,6.11293221815849,5.619146895391327,0.012807830903668068,-0.003982357739358734,0.0011357056992989001,0.0033333333333333335,0.0021263169105057334,0.0012678158005142665,8.278488390593332e-05,-0.00047225528346896687,0.008184268707413433,0.009693868809202734,0.0001370112477928669,0.0014038337708811334,-0.0021266856893931334,-0.22397702333333314,-0.002054263042103,0.0096351706666667,0.0006607978093438003,-0.04999999999999993,-0.03666666666666674,-0.11666666666666681,-0.07999999999999989,-0.09999999999999999,-0.08,-0.08333333333333333,-0.026666666666666634,-3.700743415417188e-17,0.11,-0.24,-0.13666666666666666,0.11,2.32,3.3266666666666667,4.746666666666667,5.496666666666667,-0.004298215872225067,-0.012729224445780132,-0.049531743452054,0.0144694606410622,0.0016148638006416333,0.0013599910066383666,-0.00028947751131799994,-1.1564823173178713e-18,0.006032651484776902,-0.018469385806067367,0.000464084135675642,-0.0007550039337308333,0.001558743145504433,0.00014685761301701358,0.0002529393908998475,0.0002764611856038447,0.0006426595121451,0.0006979630947479999,0.0002326951496195345,0.0004762677539661667,7.657369444833324e-05,0.00017187562450616655,-0.00048234219792853334,0.0002897251623753,0.0013850828319565002,0.0048256993379711,-2.037597234799971e-06,-0.004764931754551166,-0.0010563324462300667,-0.0020369987737432
1992-12-01,0.0033656303436207687,0.003158507469269866,0.0022793688164913996,0.0065502180304347,0.0086449201623644,0.0030873991979056326,0.0032777055875052,0.003571061526124,0.0024945381370209668,0.011086119421032166,-0.0006199747197345999,0.006664038664360334,0.0028409994108722337,0.006155275049093567,0.0024344479698200664,0.0041492435423181005,-0.008087048613778234,-0.008618210427163034,0.15570000000000067,10.333333333333334,0.0019161303333332666,0.0009723409877781,0.0012536667659664,0.0,-0.19999999999999962,-0.005710132119505234,0.0023994547000864654,-0.015474972640639933,0.017097764795849995,-0.0365751133760212,-0.02969430604583617,0.0019854379145017,0.0015398578108971335,-0.0006125917130826666,0.004605715184380133,0.0007751710359660667,0.0008072657830541667,0.0007288101438475999,0.0020980263957787,0.0012515753622543001,-0.0005689864163229,0.0014184142706815332,0.0023193760698223334,0.0012899023933077333,40.36666666666667,0.06666666666666667,40.96666666666667,7.104126351640381,0.0025740153646367594,-0.00437164735927693,6.282478066219469,5.575561481163234,7.053298296477963,0.06741228883163329,0.033673467438403167,6.152850951947973,5.627179644477139,-0.015409249084233564,-0.007687320201065134,0.003232997897689733,-0.006666666666666667,-0.0034712411864380997,-0.0018624331608497,-0.003035048511796867,-0.0039745428030923,-0.013750805017396799,-0.014585956862001,0.0003403883422024334,-0.0017492398964063334,0.0021129919665625334,-0.27753765333333175,0.0178794737382333,-0.050237400000000036,0.0080800564280238,-0.026666666666666738,-0.026666666666666766,0.04666666666666677,0.033333333333333326,0.06666666666666661,0.07666666666666667,0.003333333333333003,-0.026666666666666766,-0.05666666666666667,0.5166666666666667,0.10666666666666665,0.27,0.62,2.973333333333333,3.736666666666667,4.986666666666666,5.803333333333334,0.03815729541040227,0.0103681440431886,-0.025210310704313732,0.008613880295851566,-0.0008082930984117668,-0.0008171027215970666,0.0008676794487207667,0.0013136305999589329,-0.002478801300744699,0.010926493988039966,-0.0002452476760626667,-0.0007555726695634,-0.002099813680246133,-2.8138733499399996e-05,-0.00025847074349568083,-0.0008385748657492666,-0.0004491883446373333,-0.0007138341267450333,-0.00048721601690803303,-0.00024801017002013334,-0.0003657916078232334,6.406658583233352e-05,-0.00035193608196680006,-0.00045640191878735327,-0.0005569113845016186,-0.0024154695069224003,0.0005746710309935846,0.0003777104355536332,-0.0017633207802555003,-0.0030729309354150997
1993-03-01,0.0031735844326660997,0.0036958177643550334,0.0019507397112072666,-0.0008237604700092001,0.0031092402085774345,0.0022048200613774666,0.0017614577789176666,0.0009273094272325001,0.0008234407302793334,0.0021854939880456,0.00032942624968099996,0.0034019187556763,0.0027685502316370666,0.004162385944281828,0.0023542654287010668,0.0018631836141957334,0.019672309782366768,-0.003034806839228167,0.005733333333334302,31.0,0.005883958333333334,0.00047733200365960004,0.0011150759301319334,-0.06666666666666667,-0.23333333333333298,0.005113651196843101,-0.0036692975056423992,-0.03483250078677657,0.00024145841934746642,-0.0618607359122157,0.008710426370084201,0.0015448253376053333,3.332114676772117e-17,-0.0045459076472006,0.0018530444699991998,-0.0003575472603109667,-0.00087462626289,0.0003880481617913333,0.0019337133648082913,0.0009318549971209333,-5.297837831123329e-05,0.0014922700677661666,0.0023033490078982,0.0006518849474960942,40.56666666666666,0.13333333333333366,41.06666666666666,7.074381440950724,-0.029470319114683563,-0.05359107352924986,6.246950420788693,5.6545388826480165,7.004905089327587,-0.06455104093450008,-0.0525719153305865,6.13229853566047,5.5803444067011405,0.015417098778292134,-0.0021582142236447,0.004278334863344633,0.0033333333333333335,0.0011562457237195333,0.0005064225376163667,-0.003076987960584467,0.006759021731353933,0.01679123522883093,0.017684964460264064,-0.0027206346521581,0.0016986306245800002,0.0021037628325787333,-0.23256916666666902,0.005958571219765667,-0.010825114000000031,-0.010946690400328,-0.020000000000000098,-0.0366666666666666,-0.0433333333333333,-0.056666666666666636,-0.08666666666666667,-0.23333333333333317,-0.20999999999999994,-0.15,-0.17666666666666622,0.14333333333333334,-0.10333333333333333,0.01,0.3,2.23,3.0500000000000003,4.5633333333333335,5.206666666666667,-0.003971948629567734,-0.0353646600061488,0.0026431093032796304,-0.0041470351166908994,0.0013251224960664609,0.0018794073967513,-8.941318129733361e-06,0.0035668860643571997,0.004487909383193302,-0.009137832005448166,-8.144785619266693e-06,0.0,-0.00026009318399526654,-0.00019376689069553333,0.0002514404711429666,0.0008316012629275472,0.00020205651227199993,0.0002243033569578627,0.0002324030251452667,0.0002308680142325333,7.757964355696665e-05,0.0010402691600003332,9.754289518383318e-05,-0.00012723252729930005,0.0005423878077418343,-3.3248866622888805e-17,0.00027976005057086666,0.004883510728747699,0.0046027347640951,0.004305784196476499
1993-06-01,0.0005864201564372667,0.0001783699703210333,0.0040030195196087,0.001978276896618167,0.007448495237563067,0.0003682746402144667,0.0004187969743458999,0.00026196967481429984,0.0010544385865971333,-0.0029307970306243995,0.0025027926256295002,-0.0019322407795766333,0.0003000940537182,0.0026030107562788,-0.0035841693439495337,-2.809058346579998e-05,0.002814121257667501,2.8138691912800022e-05,-0.13386666666666713,50.666666666666664,0.007911433666666702,0.0021009368684658998,0.002759027342008767,-0.0666666666666664,0.03333333333333299,-0.005821687674050234,-0.004354012474446531,0.0035203847562221328,-0.02635922983485243,0.026853577532469867,-0.0037323518473749324,0.0022708810810592333,0.0007973225810674334,-0.005929122743074433,0.0065451274133240004,-0.0006365880823952667,-0.0010120440928797667,-9.696969765409999e-05,0.0026397334806589332,0.0023183036784424666,0.0017570321806209665,0.0022592168472173337,0.0035242181703924666,0.0021404708882493666,40.56666666666667,-0.09999999999999969,41.06666666666667,7.142525359350683,0.03455947649161337,0.0320048844131966,6.3177267281412135,5.68200170110918,7.037353462301653,0.027337717220276836,0.02796049466023327,6.153924900495777,5.628497597863647,0.0018681932432306006,-0.0035281389201984666,0.001048599562725,-0.0033333333333333335,-7.730589317766235e-06,3.485745192001397e-07,0.0013601740823085667,-0.0026451699502194333,-0.010337712028067901,-0.011221164843227367,0.0019142871569508661,-0.0002718054977561667,-0.0016259072315326338,-0.06618259000000132,0.0031522710599262336,-0.006856641666666767,-0.007538759775384599,0.03333333333333333,0.020000000000000066,0.0566666666666667,0.0633333333333332,0.07666666666666673,-0.013333333333333369,-0.05333333333333327,-0.09666666666666661,-0.07000000000000058,0.16333333333333333,-0.01,0.11,0.42333333333333334,2.1366666666666667,2.9033333333333338,4.276666666666666,5.036666666666666,0.012283153109015168,-0.014298542089752201,-0.010789705883400868,0.005214786072010099,-0.0021278064956774334,-0.0032316849908443335,-0.0008587381305910333,-0.012021328526784865,-0.020475144640940936,0.013145374346245001,-0.0006993562267194999,-0.0005016303931399197,-1.9800031558332566e-06,-0.00019142780834023338,-0.0007619050936187667,-0.0002810919167700742,-0.0008592687695951332,-0.0006959493354549641,-0.0007130041268625789,-0.0009505077731602295,-0.0003535921614300334,-0.0011773839946360011,-0.00022985977020113343,-0.0002479702017160667,-0.0005495664169224666,0.0007125047244369333,-0.0011508987672760001,0.0033675499366475335,0.003936400159925967,-0.00016879036124199987
1993-09-01,-0.0014314704143772664,-0.0016804579969094669,0.0027616306345092,0.0060796873637946,0.003925313102845033,0.0038113918971219665,0.0035402456772792,0.0036465764528438005,0.0022347406037216337,0.011791948475284366,-0.0012666527701107333,0.009555395798960666,0.004157850668613033,0.008000744694924112,0.0023352925444776,0.0043683781503283,0.002402855007722466,0.017164969493144635,0.201733333333332,53.666666666666664,0.00857979,0.00045307700273329994,0.0009836027416950668,-0.033333333333333666,0.133333333333334,0.0044257338938921,-0.009412390060536633,-0.0018655741426230332,-0.014959775392477498,0.007264886609140066,-0.0009515659711751325,0.0020348256688317,0.0018131867555836666,-0.0015566922696888669,0.0058717368090400665,0.0007558131209244667,0.0015169162043413,-0.00033961626303380003,0.0020901288717288997,0.0017541552917356002,0.0012428133509884334,0.0022338417560062666,0.003340730492928,-0.0003149441208520865,40.733333333333334,0.03333333333333314,41.23333333333333,7.203759193622413,-0.015506671878296638,0.07996790672388994,6.350661230173734,5.759918658514187,7.1355123888098335,0.04647317841658316,0.0453077220226667,6.264436710728096,5.716745129819944,0.012904804457988299,-0.0042613014390316005,0.002296308332303067,-0.006666666666666667,-0.00025658342218075347,0.0004729575036096667,-0.0011073508778742,0.0001046418112453999,0.002136787560581933,0.002754615101069,0.0004597391833295666,0.0007534034106478333,0.0020526744515093668,0.57767384666667,0.012153952643062167,-0.03197003699999997,0.0012056639070457667,-0.023333333333333234,0.01999999999999987,-0.006666666666666668,-0.013333333333333334,-0.0266666666666667,-0.1266666666666667,-0.15999999999999973,-0.16666666666666677,-0.20666666666666675,0.16333333333333333,-0.04000000000000001,0.07,0.36000000000000004,1.7866666666666664,2.42,3.69,4.38,-0.016118176408206834,-0.0020846655505683998,0.0015122226661250665,0.011323917339897266,0.0005348394939831664,0.0013549431678742698,0.00028649192423970885,0.0152752646565076,0.0335371446325605,-0.015104727796732534,0.0009147838564498334,0.0007508515885501671,0.003552270417303933,-1.676104471186669e-05,0.0022770487029451004,0.0005397069432169843,0.00020440944407693596,0.0011392707644573001,0.0014054736597793333,0.0011722973995995335,0.0005125284895800332,0.0006302263130563999,0.0024713074353984997,-0.0002600556719169,0.0002667142141203151,0.00047331414740523343,0.0005639913316342,-0.004722473107720532,-0.0007533344367635,-0.004821109251423633
1993-12-01,0.005580476022696367,0.005576234984901633,0.0030115988264488337,0.0031373790694472,0.004090342047762267,0.0045045968321325335,0.0038338719075640664,0.0034974777263230665,0.0035432444106960003,0.0098884052531319,0.0011531660137601666,0.005569604684701634,0.005366791962180034,0.008960572692492902,-0.00037554472596123336,0.003946408639480167,0.0155889935568118,-0.009504185793520746,0.132366666666665,81.66666666666667,0.011236064666666669,0.0026213865404957,0.0031385508797902,-0.06666666666666667,0.16666666666666666,-0.015544738838121,-0.017698453654984035,0.0033941279730628007,0.028023298868301502,-0.014306731893229634,0.008839257947847595,0.002576516717232,0.002382557980631333,0.0059566304431889336,0.004894052024850367,0.0015262814206403665,0.0025463319454755,4.853779889653332e-05,0.002624875498764633,0.0019366577004167665,0.0024652961674558,0.0016175600042463336,0.003404367690847567,0.0018329931758558331,40.86666666666667,0.06666666666666687,41.36666666666667,7.236754547088391,-0.07703724032112991,-0.12247234682354334,6.429386276134781,5.859759164278714,7.24565569923677,-0.11954460280802337,-0.0011166956284300682,6.396208780608443,5.843283865742027,0.0130814653620591,-0.004698598445255433,0.0029870060940394,0.0,-0.0020862839869338,-0.00039584996863160004,0.0001544087226423,-0.0036886341118274337,-0.009311442079702933,-0.0099248762103177,0.003031459289708467,-0.0012341771585194664,-0.0007019968812033333,0.1703693333333313,0.0064684116205663,-0.0114461926666666,-0.0035821121474387666,0.019999999999999865,-0.023333333333333334,-0.013333333333333334,0.010000000000000037,0.05000000000000001,0.12666666666666673,0.14000000000000007,0.08333333333333344,0.11333333333333373,0.3066666666666667,0.03666666666666667,0.20333333333333334,0.5666666666666668,2.09,2.736666666666667,3.9166666666666665,4.656666666666666,0.006495791307419999,0.013494685551912368,-0.002226237710318633,-0.0022696410881752663,0.0008015994471438,0.0002711064108389333,0.0005729842717417563,-0.0013215635682807998,-0.0007274484529625665,0.015224332289462498,-0.0013764644473370335,-0.0022437422297333334,-0.0050759586242871664,-0.0004998268663435666,-0.0025289061636109334,-0.0005486510470402174,-0.00021504998702919997,-0.0013718895548630239,-0.0016414618702261057,-0.0014084527997238136,-0.0009340039580705667,-0.0008138136398898999,-0.0031443475000542663,-0.0001171743082287,-0.0002749993573544999,-0.00047885501546309997,-0.00028856196527119994,0.0060006009473993665,-0.005239397298415966,0.0033395908809540666
1994-03-01,0.0042911487824828665,0.004859752812942367,0.004113450982734033,0.006779220597266534,0.011496765222480802,0.005504602307137633,0.004196950790307233,0.0037281187796755666,0.004574344283022067,0.007066716995000267,0.0036245905232753337,0.0027534252224278334,0.007181930198191167,0.012740028627076233,0.006190652279709767,0.007751462819192867,-0.028439531204585467,0.004833014310376234,0.40300000000000097,67.33333333333333,0.013061678,6.380391290563333e-05,0.0008843186111585667,-0.0666666666666664,0.133333333333333,-0.03787674610240944,0.006370502716451132,-0.015496297519561634,-0.04055086925131587,0.002491148894647166,-0.014412559684882198,0.002912024650629,0.0026012931495730334,-0.0050909040453778,0.0071428920527647,0.0015390106657265333,0.0023613634962581335,0.00033956683913533334,0.0029894245853423,0.0032272986041690667,0.0028931537764809337,0.004544240388765233,0.0022664342890603333,0.0013204777932186334,40.833333333333336,0.09999999999999999,41.43333333333334,7.280932006552789,0.1417559118014499,0.12062049020867693,6.4462535314663265,5.8687984551562495,7.19546587538013,0.09343398838471989,0.008830538482326534,6.35127437019176,5.833624278017592,0.004394554039703167,-0.0013459643329897667,0.0034459282145213334,-0.006666666666666667,-0.0002974136958249,7.65467965576333e-05,-0.0014345408411720998,0.005704648865270533,0.0152756616324104,0.015450766293778668,0.0009634871958575002,0.0009924473236218,0.0003204756707907667,0.321344913333334,-0.018667080983277035,0.0609299213333333,-0.03083865698537677,0.16999999999999996,0.2866666666666667,0.2333333333333333,0.3133333333333333,0.4266666666666667,0.47666666666666635,0.4066666666666667,0.3199999999999997,0.28999999999999965,0.41333333333333333,0.09333333333333334,0.3833333333333333,0.9533333333333333,2.57,3.09,4.096666666666667,4.753333333333333,-0.0076294612069253325,-0.0246932930536481,-0.002241206139202733,0.016223621809658934,-0.0010700918767494667,-0.000816660269661539,-0.0008594761959814667,-0.006812889225757967,0.025908749253434765,0.00025700562271306626,0.00022652622912804573,0.0012462977497150333,0.0015132540232052334,0.0007886156311282667,0.0005033349024942982,-1.316609756329969e-06,-0.00021120257528885674,0.00022392055036965977,0.0004639295576076333,0.00023204549028520006,0.00028228219376853336,-0.0002878897835222667,0.0013669721683081332,-1.5658196215500148e-05,-2.9890828021667155e-06,0.00046468351276903315,-0.0002818720126729667,0.0007717508512611668,0.003770548063640066,0.00037153894845006727
1994-06-01,0.0008007451400065,0.001334808605065467,0.0011686818067415668,0.0023873689186455333,0.0036397148881756668,0.0042020315993592005,0.0029745254877590996,0.002829601614077267,0.0026532004391486667,0.005017503256906833,0.0017560494090735667,0.006622400748987868,0.0057660082093029,0.009356430241081933,0.0025303965854263,0.004177078032986,0.015400707498345732,-0.0025970910528855667,0.07486666666666497,84.33333333333333,0.017968449333333334,7.909989460703332e-05,0.0011319923585114999,-0.10000000000000032,1.850371707708594e-17,-0.0025903815749623673,-0.016016565880569534,-0.011493389991660634,0.02328119112242147,-0.037120135333305264,-0.001748765305101433,0.0029769797531274665,0.0024350281377234,-0.002662051185448967,0.0051121725554488335,0.0018061571174575665,0.002377660170273133,0.0009682892308765334,0.0031117587318032,0.0040772121999618,0.0030987044108445,0.0035661315188608334,-0.0005290624682796333,0.0013498097564490668,41.2,0.0,41.8,7.284248143543483,-0.044199373813843125,-0.026062473190596794,6.45791760537588,5.861984546496607,7.217028171330514,0.058709862182009936,-0.006600875765393234,6.3535638899194,5.805610313225427,0.010927948788392433,0.0030686532944805664,0.008485969627368901,0.0033333333333333335,0.0013048090014979666,0.0007174934359876332,-0.0020499834872825333,-0.002292796322061933,-0.009890986682804,-0.0112044817927171,0.0009167030052740001,0.0011068725357293002,-0.0015355067686838003,0.5465245833333323,0.0030936202379567668,-0.00016338466666663298,-0.0160671697653559,0.23333333333333325,0.2333333333333333,0.21666666666666667,0.22000000000000008,0.21999999999999997,0.1300000000000003,0.10999999999999997,0.07666666666666651,0.09333333333333356,0.4566666666666667,0.030000000000000002,0.45999999999999996,1.18,2.6233333333333335,3.02,3.85,4.516666666666667,-0.027626644888744032,-0.01664063126138547,0.014176231174760032,-9.642271786449996e-05,0.0013285523100678666,0.0016246985860819002,0.0014118332556183333,-0.0032616046266662336,-0.026992487754491798,0.008216848472697701,0.0008984607763805667,-0.000738768028933667,0.0024871702307294337,-0.0004945952004226412,0.0012432933739475632,0.0007925533563204321,0.0002024165365327959,0.00044470101819033193,0.0009172878882772933,0.0009201621323514667,0.0006554863702996333,0.0011847208734228666,0.0012494779230859,0.00032458772430056667,0.0005253062577738667,0.00045493887236543895,0.0005534700178736734,-0.016666205031160165,-0.004646618761650966,-0.0018012895953851006
1994-09-01,0.0048999167513302,0.004651507954084333,0.004751056796838733,0.0088680465724309,0.009879174730657534,0.005892941649601733,0.005784314320804534,0.006332659318721834,0.005659767335855267,0.010830279261745901,0.0036895393014547,0.010105179304222665,0.006026914809452733,0.0093237251311041,0.0040858143512737,0.007320764107383232,-0.013990663597919133,0.0012551261466511668,0.3175666666666692,50.0,0.013536173999999998,0.0027744485543437333,0.0037977111572343332,-0.10000000000000007,0.10000000000000031,-0.05043927224765127,-0.004783730721030034,0.015350932475813367,0.026436612819294502,0.0061318993127184,-0.008684130380466733,0.0024601854662341335,0.0024318784464002333,-0.0006979587264769001,0.0033650709650973666,0.0023218020452327667,0.0034698666789836,0.0006278830130555333,0.002467217676995133,0.0035431569032363663,0.004146291004405567,0.003789620944461966,-0.0017373718207806664,0.0007417952774553668,41.1,0.03333333333333314,41.699999999999996,7.284790914526173,-0.025852744781956833,-0.012271324374239867,6.491483488807707,5.843075408037927,7.240835758679601,-0.0687356805944364,0.019422969374659833,6.39013902767462,5.8789341054189235,0.010262443706668133,0.0036913305417135335,0.006993959806690534,-0.006666666666666667,-0.0020893570860867,-0.0010045694014019,-0.0026053477926509003,-0.0013060760441522,-0.0039005286967581667,-0.0022408963585434003,-0.0005363620502031336,-0.0002908360138296667,0.0035467713198951,0.6968283366666691,0.009040373741080167,-0.015130132999999968,-0.014943035505311434,0.16666666666666677,0.2533333333333333,0.20666666666666667,0.21333333333333335,0.21000000000000005,0.16333333333333327,0.1466666666666668,0.15333333333333365,0.13333333333333283,0.47,0.03,0.45,1.1566666666666667,2.466666666666667,2.8266666666666667,3.6733333333333333,4.32,-0.015222639682783033,-0.00031165630647313317,0.012624007151105334,-0.007879664848055967,-0.002389279802888633,-0.0027060728786233016,-2.1204065816364862e-05,-0.00043653382640146746,-0.0052480057732186974,0.004789351657546068,-0.0009017976209844666,-1.3386313389000004e-05,-0.0027447286415896092,0.00029612833049665255,-0.0014947708157760427,-0.0008028601708650967,0.00019783868361793327,-0.00045130769026850004,-0.0011526721278241334,-0.0009235054981703667,-0.0004853969007848,-0.001166565182975225,-0.0021427710872355668,0.0002908576955841667,-8.319154374977477e-06,0.00044167272078063325,-0.00028132908676246557,0.009490637570045498,0.0037291091664949662,-0.0051187989203871
1994-12-01,0.0030252829998851996,0.002117327051215267,0.0011174978538004783,0.006887279559080567,0.0033271786386835666,0.006164976880154267,0.004488071747805267,0.004511731913288667,0.0022222909186420665,0.004306166013824868,0.0014242108632667666,0.009469076833181133,0.008260732771418566,0.012161893954068267,0.006200605874806933,0.006866454972307701,-0.004566368431236834,0.010928947206492933,0.271866666666668,-17.0,0.004082702666666667,0.0007430381192025,0.0014765709335555,-0.06666666666666667,-0.7333333333333326,0.04375327923278507,-0.017844002187807767,-0.06989932353495287,-0.08531112471240034,-0.05723104513094323,9.99650129950673e-05,0.0030120080896409336,0.0025006802595797,-0.0025130886694357335,0.0036500220627300665,0.0022864318753968,0.002918022719971533,0.0013483597312694334,0.0031389071512736336,0.003618827718367933,0.003708071472474933,0.0035877093454453,-0.0015033608567768999,0.0009120403545725334,41.266666666666666,0.033333333333333666,41.8,7.284167732997574,0.007968506951183507,-0.033964769227113493,6.46811815587298,5.830777706326663,7.199322604582633,0.019758869976513133,-0.0365207341705099,6.3741330124515665,5.713209570502163,0.0020266323770178666,-0.00038870901071833344,0.008004373623034368,0.0,0.0006950176883678,0.0007453211336129333,-0.0016764494683339669,-0.0032301021705550006,-0.0021327401485947326,-0.0021164021164021656,0.001926161086371267,0.0008957253974581,-0.0010823647738540335,0.7723380000000013,0.0010333033052279336,0.009048708666666632,-0.0259054018413449,0.2566666666666667,0.23666666666666666,0.25333333333333335,0.2733333333333334,0.31333333333333335,0.11999999999999966,0.013333333333333535,-0.03666666666666667,-0.03999999999999987,0.6733333333333333,0.10999999999999999,0.6233333333333334,1.4866666666666666,2.33,2.4266666666666663,3.11,3.7433333333333336,0.0056186243964692,0.004754798745079166,-0.006664792915681066,0.015176615505997798,0.0018496824962426336,0.0016168496419659997,0.0021569551210109668,0.0069790048344655665,0.011006017506446234,-2.016392611429967e-05,0.0006639257986472332,0.0017526162566996,0.00048376972066293335,-0.00048155314831231877,0.0,0.000259013185388598,0.0007987850534280999,0.0006599709597348334,0.0006797204573342532,0.0006808027599349539,0.00011184963236366666,0.0010566713102448666,0.00018333399980546665,-0.0001239983060056,-0.000788117312692733,-0.0034504309495771665,0.0002697172671584,0.0022376800396427,0.00021416807892233347,0.0040049970418483
1995-03-01,0.0019765427465578667,0.0020112963702795333,0.0005879436363618334,-0.004502328884345933,-0.0008958330963289995,-0.0005135144943564667,-0.0009063500821323665,-0.0005083549490739668,-0.0010509928274903665,-0.0036518718491423668,-4.510862858620393e-05,0.002821191756911933,-3.4785633564766764e-05,0.0011101494069443334,-0.003784140923659534,-0.0010320375606811334,0.006858456926662432,-0.0026198189556329663,-0.3985000000000034,-8.333333333333334,-0.007708121333333332,0.0013906333938417035,0.0007531813082378972,0.06666666666666667,0.166666666666667,-0.004125765569518133,0.030310531387601564,0.010543769428691901,0.001260240946635437,0.017681829913190235,0.016287184832024234,0.0015983818499118,0.0003885926909727666,-0.0034200429745441,0.0011443841108652005,0.0003088207130754,0.0017065158418981664,-0.0017829219714228335,0.0018976565590525997,0.0015490149402831667,0.0028069162068498337,0.0013108482215032334,-0.0005837713109115,0.0006352314936972999,40.800000000000004,-0.26666666666666666,41.36666666666667,7.152285934110661,-0.054018619778123424,-0.012935191473929733,6.340934254960607,5.731164474149317,7.12789295724446,-0.024887176256339873,-0.008289355526003166,6.29940289812037,5.711611489412779,0.002080441392029366,0.0016096131526103334,0.008303514482453334,0.01,0.0005522229727189668,0.0001993347980219001,-0.0022195400811994667,0.006283933120350566,0.012361664357331803,0.011313820214076035,-0.0035000319068100665,-0.0009545980364057,-0.00048516434979953326,0.41461313333333294,0.029243123668718635,-0.0751582609999999,-0.0012745902944481002,0.1733333333333333,-0.033333333333333194,-0.019999999999999865,-0.146666666666667,-0.26,-0.3,-0.24000000000000035,-0.14333333333333398,-0.15999999999999986,0.15666666666666668,-0.26666666666666666,-0.08666666666666667,0.48333333333333334,1.11,1.26,2.1533333333333333,2.733333333333333,-0.0407153707696757,-0.05857130743737334,0.0068514936082428,-0.008843519572203534,-4.948369944915078e-06,0.0002629282258936667,-0.0016756713822676332,0.001249947711235633,0.0071687712025519336,-0.023184770582378,0.00043301855552760484,-0.0010095278612081667,0.0011926371655898206,-0.0003156981704245,0.0014716727363722334,-6.17577871923324e-06,-0.00041556468061692365,-0.00022807856890446146,0.00044400112314297327,0.0004445931185583116,0.00019859045562023122,-0.0010383301090402667,0.0013973483793954002,4.045702485318735e-06,0.0002574771206219666,0.0025202179317022335,-0.0008206815799249666,0.0021736598569433007,0.0004393431728952002,0.0134962996174653
1995-06-01,0.0026000489113985666,0.002584968179489717,0.004153304426329666,0.0016787530342542336,0.0063851865678117336,0.001307271893357333,0.0023844752467229997,0.0024638080412312004,0.0007567975901174665,-0.007839499631927233,0.003982037336434067,0.0066932919137693,-2.2478801695900025e-05,0.0011738130657922335,-0.0045067103863338995,0.0005540159806981002,0.013295117725471733,-0.0020137315038061335,-0.2860333333333312,-7.666666666666667,0.001798295999999999,-0.0006215409721566333,-0.0003443292093130001,-0.033333333333333,-0.366666666666667,-0.0128196994978218,0.02635617449189777,-0.02258388574901159,0.0003143171692898926,-0.0408571841293937,0.019591743022284402,0.0009014125244579666,-0.0007920567670899667,-0.0032160335230569663,0.0006340753925169001,-0.0011595559003095,-0.0005464218635188133,-0.0020840974228312,0.0013180709585753337,0.0007577993412409851,0.0016321718195513,0.0008742418445853928,0.00038929444814070005,5.145223956109997e-05,40.63333333333333,0.0666666666666664,41.166666666666664,7.207701304230663,0.020933633746343466,0.0035778518810364993,6.424195599618106,5.802931223777917,7.177445348139487,-0.0325461565213034,0.0287038972729097,6.344345153613993,5.796968640898874,-0.005518757544784601,0.0004519047709390666,0.004725328889021367,0.0033333333333333335,-0.0003764297571106667,0.0009606148951923334,0.004681160187453167,-0.003647692330147267,-0.0051084958215748336,-0.005782812818942645,0.0018260112166856666,0.0009872789769956,-0.0003549100262620667,0.37254566666666733,0.030975008585890872,-0.06536204933333338,0.0053084712898233,-0.06666666666666655,-0.10999999999999983,-0.07666666666666673,-0.13333333333333314,-0.2266666666666666,-0.28333333333333327,-0.26,-0.20666666666666667,-0.18666666666666668,-0.02333333333333333,-0.43333333333333335,-0.4666666666666666,-0.21,0.16333333333333333,0.4066666666666667,1.5,2.0933333333333333,0.004998640605479167,0.014449145177363398,-0.0025188774558405,-0.0036531380472096665,-0.0002627659747493,-0.0005329050878985666,-0.0016064144411256332,-0.0090926317877183,-0.0438239322779029,0.011146021972369498,-0.0008829752060955181,0.0010110641453590413,-0.0035849341406262,0.0002961022412772751,-0.0014716727363722037,-0.0007827792247025667,-0.00040438640215878594,-0.0006585312783305552,-0.0011281772542437,-0.0011298576088094325,-0.00045646669621803336,-0.0003970117219794,-0.0007913269672045333,-0.00034744796564436663,0.0012799310616176602,-0.0009119806028731666,0.0021592518148963002,-0.0024773850951292998,-0.0017941560500395338,-0.0133085563214269
1995-09-01,0.0022499719906322,0.0031867117383849665,0.0011101066067116,0.006451591142743866,0.0020368379617436,0.005094785231802233,0.0043860200463964995,0.004002642564640466,0.002603281829295567,0.009945285490240133,-0.00014335973705596693,0.009192560511127067,0.005969149721508967,0.014131288276957567,-0.0005017206174571251,0.006361992351266999,-0.007968244883462533,-0.00010229176462763408,0.153333333333331,9.666666666666666,0.006247432666666633,0.0009381565267064794,0.0015240923313388332,-0.06666666666666687,-0.16666666666666666,0.012208639137268067,-0.024952663646449966,-0.005673276811113101,-0.002839581772109232,-0.008097564189681267,8.973841306966768e-05,0.0018237885049388334,0.0012520252172507854,-0.0022818800455602,0.005715322931047566,-3.8721418796700035e-05,0.0007390629784935001,-0.0012177018485886,0.0019638698743265335,0.0014685851930966,0.0006715650038918333,0.0007953909453147333,0.0016010510367146,0.0004627131150970779,40.8,0.033333333333333666,41.233333333333334,7.23308764161019,0.030449926196076504,0.003539856275820002,6.418642956139943,5.858682213094107,7.245840274483434,0.02995210970728653,0.020272913345013497,6.435772297666056,5.818935206890846,0.014365469911915967,0.0053281498718309,0.0038454163188319005,0.0,-0.0017531996948927668,-0.0006890647302982333,0.0023161562734099997,-0.0006131133370038999,-0.0070259251242363666,-0.005860293571623033,-0.003648018027665633,-0.0023187778776556996,-0.0014290994223387001,0.17178549999999862,0.014940221126435801,-0.0232217936666667,-0.007561866613928399,-0.0299999999999998,0.010000000000000066,-0.04666666666666653,-0.016666666666666496,-6.707597440443654e-17,-0.049999999999999996,-0.08,-0.09666666666666668,-0.09666666666666668,0.02666666666666667,-0.4466666666666667,-0.42333333333333334,-0.11333333333333333,0.26666666666666666,0.47666666666666674,1.57,2.19,-0.0029843593961365335,0.047688076147080864,-0.0036347570553168333,-0.003792677290844233,0.0002584867923296332,0.00026402240762620003,-0.0005312086117591743,0.004234860009887632,0.006142786371229903,-0.015622688730232733,0.0004325962552676667,-1.917453253966484e-06,0.0026208666790505336,-0.00016133339166506667,0.0007301937932725666,0.00025970654475668747,0.00038611380237440915,0.0008643912420976334,0.0006683696126111332,0.0006682188627552666,0.0004435482012494667,0.0001516692897046333,0.00025280434542079996,0.0005762190362513333,-0.0010317569133760666,-9.161716668272766e-07,-0.0016224830461949852,0.005033449024115433,0.0015456561783526999,-0.0006423353514150667
1995-12-01,0.0028076620678595334,0.0021213881213383665,0.0033739025565079003,0.000949678331351067,0.0040542831828667995,0.0001727487114671,-0.0012932508039739,-0.0014901344683616337,-0.0016938514068920666,-0.006597413361938967,0.00011901350621036644,0.00026732067276389986,0.0019829207009592334,0.006684115103386867,-0.006113426393185034,-0.0007702680107720001,0.0284924166764613,0.0051693259971191665,-0.4729000000000007,-6.666666666666667,-0.004974801333333299,-0.00025125755590413334,-0.0006998974015299666,0.0333333333333332,0.03333333333333404,0.0,0.0009789532244368002,0.014217102074788135,0.0331498480380669,-0.003019095704169998,0.002235644418905868,0.0008208413112935255,-0.00014367197038643334,-0.0016308812092896332,0.00012451749615569993,-0.00015493067131503333,0.0012494608314893333,-0.0023013924200369334,0.0010564692964856427,0.0006970586675158747,0.0008360231829804333,0.0007624623437886333,0.0016897228835309,-0.0002398451389217348,40.266666666666666,-0.06666666666666667,40.63333333333333,7.279266917694724,-0.09413500511697993,0.05703623073038333,6.504115080842321,5.8861544391611895,7.258038153804557,-0.09243976180541313,-0.009449451668086667,6.424295835788077,5.9307768503748735,0.0007131868346009993,0.007349522221269634,0.0021965159156150335,0.003333333333333334,0.0001900330913689666,0.0006415377259519667,0.0005659310923649333,-0.0033089554451892996,-0.0011124345216420677,0.0006356587255093004,0.003023489183366434,0.0012143345702485668,0.0018454622065089323,0.7550223666666663,0.017542925907164,-0.026817847666666634,0.005892672698217933,-0.06666666666666667,-0.14000000000000004,-0.09333333333333364,-0.13333333333333355,-0.16666666666666666,-0.16666666666666666,-0.12999999999999987,-0.10333333333333357,-0.0933333333333336,-0.06,-0.48666666666666664,-0.5466666666666667,-0.37666666666666665,-0.13333333333333333,0.11,1.23,1.8933333333333333,0.010457362835967899,0.015855290346205066,-0.010537245038520033,0.005185590134796533,0.0002498743971382769,0.0010415739223201782,0.0005314202486790667,0.010498805660513802,0.011954433854624335,0.000954373247772399,0.0008584841235244046,0.0010064805128594,0.002143630110097067,0.00043674855189360003,0.0014476723932756001,0.0005163900417735666,-8.246314670799925e-06,0.0006374239142325333,0.0006605108288416,0.0006594779218259666,-0.00012069275901600004,0.00032777553686003325,0.0012431722923311667,-0.0007203047380880666,0.0027795551645081666,0.004925552349761234,0.002386061171280605,-0.004942461084078534,-0.0035903664393863665,-0.00014348902267520002
1996-03-01,0.0048015721856889335,0.0044220045368821665,0.005388051533800267,0.006133518299370933,0.009412297415709732,0.007619169161771767,0.007948252952322933,0.0089490637546434,0.005912367568142532,0.0131358186977701,0.003214728191367467,0.015455261545853367,0.007201602299495267,0.011189386185118133,0.002248314601096967,0.008121706932313334,0.0020859713347730663,0.004857679560531201,0.22420000000000104,-24.333333333333332,-0.0014085143333333328,0.0019872877833595,0.002307016378217333,0.0,0.5,-0.0247497084585927,-0.004074515080504601,0.011604984721071633,-0.015862023368208966,0.036028775265190334,-0.013412424151798767,0.0023609601456471667,0.0017199900563701,0.0033737260102612,0.007326302239591766,-7.749234797966664e-05,0.0008303795294253333,-0.0014773255087418334,0.0025170789664988665,0.0012787917217273333,0.0010971676648860666,0.0013604439963833433,0.0021599902782760334,0.0011121101893737668,40.800000000000004,0.06666666666666667,41.166666666666664,7.297419324312993,0.13162766625921007,-0.014143535709899903,6.473368751168413,5.931814527379747,7.27232314589815,0.1340075879723965,0.020646433146763333,6.42235383273733,5.89402354295013,0.0021835908465952674,0.009241311642291765,0.00046431701560163333,-0.013333333333333334,0.0018372660999173337,-0.0007105845445629999,0.0015232318966882333,0.005267118051754667,0.011824358364077832,0.009515406800242867,-0.0009686685928702666,-0.0013592888212524332,-0.0007193751115490333,-0.19100126666666498,0.0173100925866893,-0.024575967333333365,0.010233706363421633,-0.11333333333333334,-0.0033333333333336324,-0.01666666666666657,0.046666666666666544,0.15,0.3133333333333332,0.28666666666666635,0.22999999999999998,0.23999999999999969,0.03333333333333333,-0.33666666666666667,-0.32,0.023333333333333317,0.6333333333333334,0.9466666666666667,2.03,2.7000000000000006,0.010057156452756066,0.0045335092790927,-0.0028026089079154002,-0.0018830369336283667,-9.453130493466706e-06,-0.0005358972979815331,0.0007967077737201334,0.0029250747401766996,0.03563119050063683,0.009642545635393266,-0.00044454027736290006,-0.0032754898679770335,0.00018099173007166675,-0.0004518155225984759,-0.0007421137873547001,-0.0010339947296336667,-0.00039572611469561233,-0.0006547011837974696,-0.00023544531380596668,-0.000454361826406263,0.000256047274785552,-0.0014310141271789997,0.00025107006806940004,0.0005989884094033,0.00023462613295966694,-0.004036246006982501,0.0021057158660316004,0.004383636696893234,0.002760950541175533,0.0014362774268367668
1996-06-01,0.0029569131577626335,0.0037384173101754,0.0015277524043660333,0.0035734399295392996,0.0025614499789424,0.0050113593751277925,0.0048945916005133,0.0046334010108249005,0.0012311351060896002,0.009553208943852766,-0.0019606416944580336,0.013538893103491767,0.0051425521285208995,0.009624211473781667,0.0040823012047169,0.0072114297014896,-0.02285134571575283,-0.0007079076800019,0.14403333333333543,-6.666666666666667,0.0010192413333333327,0.0021791208990536,0.0025117965835003,-0.033333333333333326,-0.30000000000000066,0.0182026509783233,-0.003695844542311167,-0.022174279179841033,-0.0474458194456456,-0.002733274104591001,-0.021311864868924463,0.002399906677836667,0.0014408113788573335,0.0008979084175987667,0.0050162612264325,0.0003485737841616,0.0010509730198719667,-0.0007411253330987666,0.0026328142249898,0.0027769303696818667,0.0020072112606636,0.0031662881831954,0.0031428804259665665,0.0005461404461026355,40.86666666666667,0.0333333333333332,41.43333333333333,7.3004118606471975,-0.04282610825771017,0.024850052183936665,6.512974517867984,5.866870758602503,7.276061273179896,-0.018917605530813102,0.004967801834193135,6.46103739681499,5.856782872722559,0.0140628852329486,0.0081824632902775,0.0018999397968470335,-0.0033333333333333335,-0.0014905787315839664,0.00032980527426036666,0.0016143441182067666,0.00034192555071249804,-0.011020231432044768,-0.011082458402406833,-0.0006019332019313667,-0.0018078839207053,0.00036234593026719994,0.41761703333333333,-0.001600531765824367,0.0161013456666667,-0.002743908179521533,0.0600000000000003,0.046666666666667,0.06666666666666672,0.0800000000000001,0.10333333333333321,0.11333333333333344,0.12000000000000001,0.0500000000000001,0.05333333333333331,0.16666666666666666,-0.21666666666666667,-0.08,0.4633333333333334,1.3,1.5366666666666664,2.356666666666667,3.046666666666667,0.0038095652745409,0.0061353806861121326,0.008037752315456666,0.002565148794351067,-0.0012741169839562668,-0.001292697210315233,-0.0018582797962268668,-0.006041985651478968,-0.018930662015737468,-0.0395819034051599,-0.0006461466385883701,0.0012564060336298667,-0.004212888586047234,-6.961921769447584e-06,-0.001435752399193424,0.00025789814310336667,0.00037626683440836667,-0.00042950104310999273,-0.0010993032693298666,-0.0002249745049655334,-0.00029340647347156677,0.0011822537587704333,-0.0018203903423644,-1.3882807332200008e-05,-0.0027857332534938334,-1.0336141663733338e-05,-0.0037239126989682,-0.0007271197170523325,0.0010555350011773334,-0.0005492562441214
1996-09-01,0.0020572979914383668,0.0029138797813677998,0.002553978850554733,0.0047592017955526335,0.007206631064673133,0.0037025812309146,0.0026253952730721335,0.0016706464397120001,0.0004873682286156,-0.0075318018707205,0.003577071360139067,0.004570730072288133,0.0050480495316665005,0.007924902306649266,0.002382296695061833,0.0037059582101868003,0.0058781361085221,0.009975332417647633,-0.14043333333333438,12.0,0.009643463333333366,0.0015774872652543667,0.0024669476415640668,-0.09999999999999969,-0.133333333333333,-0.025259701722392364,0.00028575512537276404,-0.0042351792804851,0.04014625767643307,-0.040260512884213305,0.001972392342696134,0.0017893491085321667,0.0018312334453759998,-0.0005983367848413,0.0051191482297395,0.0008891471397524333,0.0015227969760076667,-9.89413285186333e-05,0.0017791952599731334,0.0017290393220381333,0.0029190017331159,0.0022206342133568,0.0021730991553905,0.00011934903753109994,41.0,0.0,41.5,7.295142093834097,0.02084011899377663,-0.06540355631820677,6.482945496830023,5.905876547020786,7.235245177232514,0.011948710591043202,-0.034244706291869896,6.39976268381182,5.813751768377418,0.0034017417316784013,0.0043555168303495,0.0021999532781743335,-0.0033333333333333335,-0.0023702652425863667,0.0004136371612955667,0.0006295777406200333,-0.0021606817167881096,-0.004275045447626067,-0.0035864932148424334,0.001671740349740333,0.003770778733309233,-0.0018555277433562002,-0.0638841666666679,0.0284521537990665,-0.04481677200000003,0.026467689292617298,-0.0533333333333335,-0.03333333333333343,-0.05333333333333354,-0.06333333333333334,-0.10000000000000002,-0.12333333333333334,-0.11333333333333333,-0.08666666666666667,-0.093333333333333,0.20333333333333334,-0.21,-0.09333333333333334,0.43,1.1666666666666667,1.4133333333333333,2.25,2.9466666666666668,0.0071203756664560336,0.009691878524141566,0.007071905421907534,-0.004631576076454267,0.0020209798508116334,0.0025572405110215,0.0005314165583684335,-0.0094295389732979,-0.0014773300632579995,0.033152633514692,0.0004176351260761313,0.0007607458608219663,0.0016267517282703332,-6.4750915607023774e-06,0.0011858188718424508,-0.00025710246807470177,-0.00038946444353121274,-4.00834858846662e-06,0.000865085701555,-6.236920186233304e-06,0.00030204824360689997,-6.710100259429999e-05,0.0010706981757051333,9.184771943949999e-05,-0.0009950256144843636,-0.0008851812131507999,-0.0018238440116065664,-0.008805520621529934,-0.004068047106700866,4.4446814060333465e-06
1996-12-01,0.004253996681598533,0.003999359667423833,0.0037230168546600662,0.0043188949398593,0.003630747123825867,0.005628212174133967,0.005476886718119733,0.0058968348229179665,0.003819774604082233,0.0072811000838581,0.0024883828816892662,0.012716331152443099,0.0058117521880796325,0.0090432013710623,0.0051642346846578,0.006207756985546633,0.006341040072054366,-0.004154764475245833,0.054433333333331,84.33333333333333,0.008375029999999967,0.0013191474576483332,0.0010617211967745668,0.033333333333333,-0.10000000000000032,0.03581920962129626,-0.016842296637969167,-0.015954888882829633,-0.022909777384060265,-0.009712198028884933,3.469446951953614e-17,0.0019061679951223336,0.0010177261743618334,0.0041068281293468335,0.0018849081268209665,0.0005593327895182333,0.0012637047960221666,-0.0005447028868150334,0.0021212099487174334,0.0010658804638202333,0.0009873874584839333,0.0007595013948069666,0.0022058041305304333,0.0006641635017168667,40.9,0.033333333333333666,41.53333333333333,7.246660928273326,0.057814627587313566,-0.046179638118379863,6.463718265487423,5.775780681810577,7.245367791411208,0.03978225254419004,-0.011112140089196601,6.426484118980106,5.799951209650693,-0.007009477885064868,0.0039311763251462,0.001125152272920794,-0.0033333333333333335,0.003177409275003474,-0.00032469062698403336,0.002894696436819067,-0.0021654773142086997,0.005348947747133799,0.006590091657965033,-0.0016117362596267668,-0.0004767820793372001,2.1872118447633466e-05,-0.2758010666666687,0.029435152508100998,-0.04992135799999997,0.022237106634926996,0.0033333333333332646,-0.03666666666666667,0.013333333333333336,-0.003333333333333533,0.020000000000000268,0.02000000000000034,0.016666666666666535,0.010000000000000342,0.006666666666666525,0.13,-0.29333333333333333,-0.21333333333333335,0.21666666666666665,0.84,1.0766666666666669,1.9566666666666668,2.64,0.0334128565849993,0.0159228712705423,0.014836439657565833,-0.0003456534393624997,-0.0015162907503727667,-0.002046544200751133,0.0007914546722384,0.0157097134471833,-0.01531110439614033,0.0178441336483782,-0.00042724345072905207,0.0010093371325471687,-0.0009245115725905664,-5.634341386066717e-06,-0.0009506630713783668,-0.0002576981490497755,0.00037064281383939997,0.00020326263477906507,-0.0006537538801166158,-0.0002218261820417,-0.0005721058371813667,-4.2230094606099736e-05,-0.0010096218628507724,-0.0005228682937753667,0.0012241414174211335,0.003466736248258133,0.0015472250835485,0.0029991848878268,0.003129967431164,0.0021817053284625
1997-03-01,0.0028562183275475,0.0035825816928459,0.001578047544186637,0.008001630284336833,0.0016871420720902333,0.006267771384582466,0.0053499332220109,0.0049638320949376,0.0008976637396974005,0.0014139525358167991,0.0007244966396096666,0.013154698892285467,0.007418473874612167,0.013270706468632668,0.005168992469167833,0.0074717843942906,-0.0014809650074652351,0.0028418104674645,0.1397000000000003,32.333333333333336,0.013013555000000001,0.0013752205121632334,0.0021882114984628667,-0.06666666666666687,-0.13333333333333347,-0.040972553379109065,-0.004385033374015632,0.002151536592226533,0.018888073533445866,-0.0133055358018144,-0.012013312161065201,0.0025474345358613335,0.0020963102400462,0.0031205150030665335,0.005187038256603133,0.0010390218525829667,0.001855263189109833,-0.0002478867767497,0.0026563542867201998,0.0016331896137196332,0.0027480331298660333,0.0010766906047976334,0.0031657593632623666,0.00017008538655239997,41.199999999999996,0.0666666666666664,41.73333333333333,7.298616937412203,-0.028810835257436832,0.05080934217193653,6.497772565230293,5.88217119945281,7.268199159417267,-0.07178713695738663,0.018675943823219833,6.451654688664466,5.839965454921891,0.024279244170034034,0.0024047813650689333,0.0022501448515477333,-0.006666666666666667,-0.0026528282435510663,-3.2540302819700024e-05,0.0026224032127212,0.004096304785939533,0.006023566310512467,0.004020848845867467,0.001813409625397,0.001632018907161333,0.0035353543293350337,0.22795053333333767,-0.0009977242796202028,0.00805880533333333,-0.014007738080454699,0.08666666666666646,0.09333333333333334,0.043333333333333335,0.09000000000000001,0.12666666666666662,0.14333333333333334,0.10333333333333301,0.10333333333333367,0.08333333333333333,0.06999999999999999,-0.26,-0.13333333333333333,0.41,1.1366666666666667,1.3033333333333335,2.1666666666666665,2.7900000000000005,0.016476663732820068,0.02115346411396297,-0.005921034892732599,0.010886908286324467,-0.0022678727286363997,-0.002803578864512867,-0.0018513389780316334,-0.0124061745688398,-0.01790339936289663,-0.013385798300281401,-0.00041941483487985547,0.0004978244404014338,-0.0013842330673918667,-0.0001493901880588333,-0.0007056334132666998,-0.00025769876299631375,-0.0003817213002292811,-0.0006266276934872209,-0.0004295533240495334,-0.0004305195462332752,-0.00010622636138653883,-0.002395719631283367,0.00016731326251633356,0.00025990409214023336,-0.000737523326132472,-0.002394517207502833,-0.0010280141789872667,-0.010010100773822467,0.0032592919445490003,0.0032843825892564338
1997-06-01,0.004222681669263599,0.004777739196618066,0.0049484277487804,0.0077344418911628994,0.0060121310311606,0.006195587534354134,0.0060534152740601005,0.006744926713486934,0.005372471638100199,0.0101722821880236,0.0034523194618154666,0.011080062313541333,0.006381176392106401,0.010037152502741,0.0024282637024215336,0.007029059816622299,-0.0053238914476386985,-0.0023860474374765663,0.06170000000000183,-2.6666666666666665,0.006589561666666667,0.0011278587947008,0.0017479879674683334,-0.06666666666666633,0.26666666666666655,-0.005095465191997102,-0.0149418104600215,-0.008848016569177832,-0.009470333944259798,-0.0082459541609703,-0.0069527433734701,0.0022439456330461665,0.0013157543468865,0.0030915728948534,0.0030509955971164335,0.0007100571690035199,0.0019385353076052999,-0.0012422066002185002,0.0024674741288688,0.0013684265399688666,0.0024948437797629,0.0009479604342500334,0.0033195295085258337,0.0014083691529111337,41.1,-0.03333333333333314,41.63333333333333,7.284437189872224,0.006873095734246576,0.011300517225226833,6.505795301736174,5.87203100055257,7.257410435540369,0.017614160458126502,-0.027840324016620066,6.450614585717481,5.875786524807296,0.009079260340971765,0.0025327679911833,0.003976407146194967,0.0,0.0024960042873646334,0.00016286067587913336,0.002970038879018233,3.388156311599994e-05,-0.003527941692961866,-0.0035662969747230337,-0.002212862441812267,-0.0017575286228780334,-0.004158879573865933,-0.2426695333333364,0.06387701331954047,-0.11040359533333328,0.05227676648966847,0.0033333333333332993,-0.029999999999999933,-0.03666666666666667,-0.08333333333333333,-0.15,-0.21333333333333335,-0.22333333333333336,-0.19666666666666668,-0.196666666666667,0.030000000000000002,-0.5166666666666666,-0.3433333333333333,0.17333333333333334,0.8300000000000001,0.9466666666666667,1.8500000000000003,2.4633333333333334,0.0046646143082862005,-0.028402291596116833,0.008104601902575633,-0.004016837341742967,0.0010001157634862,0.0015191878161744997,0.0005259260702737334,-0.0009289369690599995,0.028708411962956332,-0.009613718717643202,0.00020735809680696667,-0.0010066609784162668,0.0009159849535838998,-0.0002881927963773699,0.00023482307252938365,-0.00026269813926360007,0.0001805411316198023,0.00020658703398033335,3.3393426912553537e-17,-5.482374986333447e-07,-0.00012841795225156666,0.0017887078332723334,-0.0006271735776091665,-0.00034459543465070004,-0.0002448093513892332,-0.001291157198598835,0.0005092947260177666,0.014391592510856232,-0.004683300702872933,-0.0024470576083463337
1997-09-01,0.004726425488311567,0.0053033150906234006,0.0037831885575937674,0.0007711839482359337,0.0016472641814952,0.009390108210825534,0.010347809212636767,0.011329899395678166,0.0106979685638994,0.0140307421491525,0.009340208265684867,0.014791593667965534,0.008164827494697767,0.014815218584893467,0.0029784605710847004,0.010164894251436333,0.019943025460788032,0.0035662731419054666,0.2647,72.33333333333333,0.018058617,0.00038079898689423334,0.0009153816699527658,-0.06666666666666667,-0.0999999999999992,0.022015514178550966,-0.021025030241123538,-0.027704968903502266,-0.04264023464694647,-0.013890898800189169,-0.010843214432550602,0.002185906359200567,0.0026991827371762333,0.0009855936681614334,0.0037607236512311334,0.0024067493244957334,0.0035352457150672006,0.0005968369245963667,0.0020623937924184,0.0020623208185987997,0.002282407027792,0.0017724999477923668,0.0035138482234877335,0.0008793295142653334,41.13333333333333,0.06666666666666687,41.733333333333334,7.3023169563708095,-0.07894746522412648,0.025653680378709937,6.52717671919207,5.895687169212153,7.30013160203868,-0.0049383619283798,0.011416641014360065,6.480042998489857,5.958912661637878,-0.001979476519028467,0.005771717302864634,0.0037112926782268334,0.0033333333333333335,-0.00021875633117753325,8.287826318736681e-05,0.0034836202093477,-0.0007244483141557998,-0.0022013838609571674,0.0006978389097292668,0.0003666920382669001,-0.0002942435941862334,0.0016484931814725334,-0.2325161333333341,0.009191696818950166,-0.008951901000000033,-0.0019480266072013667,-0.0066666666666665006,0.013333333333333334,-0.026666666666666835,-0.010000000000000236,-0.02666666666666667,-0.06333333333333359,-0.06333333333333326,-0.04666666666666643,-0.05999999999999991,-0.006666666666666665,-0.5066666666666667,-0.4033333333333333,-0.013333333333333334,0.5399999999999999,0.6533333333333333,1.5966666666666667,2.17,-0.006998666544078234,0.016031642398582232,-0.007348488815390366,0.002266926211739967,0.0017760497416494665,0.0020552607746555664,0.0005326934509787707,0.015031100762702032,0.015979387356170265,-0.00046330689479033224,0.00020388393067618293,-0.0010025087215448667,0.0004668251552730331,0.00042182849362501284,0.00023565454027323334,0.0010351975193844,-6.169491985750921e-06,0.00020313862588046665,0.0004257131272557667,0.00042286494390856086,0.00023502647921403333,0.0006601318080807667,0.00010270800641566672,0.00019842140688996674,0.0021511185024358664,0.001266625969925015,0.0025141575973036336,-0.011114052182588699,0.00039872683671643324,6.136766168089956e-05
1997-12-01,0.007378597751324333,0.007954865760242501,0.0029650969143215668,0.0033330994189941002,0.002529867251367867,0.005554818760684767,0.0044604147784781,0.004850291379754867,0.0010767395830155665,0.008772172064913266,-0.0020813739697137005,0.012477291936542999,0.006957897521422067,0.011862802804753434,0.0038346125557960336,0.007479035955465833,-0.03397228284837827,-0.005003051781860266,0.005600000000001365,56.0,0.012008754333333335,0.0011252056511068334,0.0013977010826445,-0.033333333333333666,-0.16666666666666732,0.0027168790034825334,-0.0063330959337941995,-0.020625134572695967,-0.029666088064015664,-0.012815772636593897,0.0118305615311384,0.002364019075159233,0.0028424158767924664,0.0015593894852186,0.005618426175191833,0.0019924347028196002,0.0034065572920862334,-0.00029828488194813335,0.002248687096680333,0.0016219979859386667,0.0023019095336535,0.0014967223955034998,0.003701735406430366,0.0005399751442365666,41.13333333333333,0.0,41.9,7.335298165133743,0.08120736088591674,0.0209336337463434,6.510006354180437,5.9737556522589905,7.30833874318128,0.08515059818228994,0.041126340386833264,6.4653369598317925,5.947926656716743,-0.006651948006953897,0.006193923866812666,0.0032017442982521,0.0033333333333333335,0.0009344494180003,0.0003133316926824333,0.004260679415993433,-0.0028956606223236336,0.0008398133686626993,-0.0006388520320409324,0.0025565165945869,-0.0005802155650540666,-0.0030337685208815996,-0.5842402333333316,0.0042482937894803,-0.0011783976666667002,0.0011448263698228334,0.01999999999999987,-0.036666666666666535,0.023333333333333508,-0.01999999999999987,-0.07333333333333324,-0.17000000000000007,-0.16333333333333344,-0.12999999999999967,-0.12666666666666654,0.06666666666666667,-0.41333333333333333,-0.38000000000000006,-0.11666666666666665,0.1366666666666667,0.21666666666666667,1.22,1.7833333333333332,0.005285330340358101,0.02258572953834,0.00040799678696289897,0.012732292558866301,-0.002539508750795467,-0.003600070922794033,-0.0018676304908164,-0.03393976122962797,-0.0545455433126699,0.0014915223935014997,-0.00020799399406386666,0.0007525405201166666,-0.0013974388369645669,-0.00042792046628650006,-0.0002346591672646,0.00026092630164686664,-0.00018959114709639392,-0.0006174747057462,-0.00021306027581176668,-0.0002133230042066333,-0.0002689930828626,-0.0005802018916456,-0.0006619030383922334,-6.249458576439999e-05,-0.0026299221569282,-0.0008491765311029999,-0.0035228281969954,0.007519903396411,-0.0055250697072626335,0.0036611048467278667
1998-03-01,0.0056650387117316995,0.006119997808702533,0.0054136002511849,0.0067456575295471,0.006272289456487567,0.0018859743868138332,0.002635825107637,0.0024181283509720664,0.0020147952576217666,0.0014193676483126667,0.0022527072166438227,0.0039372197590674006,0.0008699781194791001,0.0018026973346234668,-0.0017985929560764998,0.0016019252372979666,0.016617571883659667,-0.005080269946094066,-0.47473333333333273,39.333333333333336,0.024592776333333333,0.00013370040350106668,0.0012293140090401274,-0.09999999999999969,-0.30000000000000004,0.005241399139490503,-0.001906252487448367,-0.07220608089309576,-0.11471292703981258,-0.039805845518211036,-0.010757023297790866,0.0017049517960364667,0.0010836549258623333,-0.0028935366881019,0.0036569515722942,0.00034036762657816663,0.0010973946811591,-0.0008964595273237,0.0018546943228093665,0.0009080838381928334,0.0016652436130820002,0.00025033216118863327,0.0037054780118328332,0.0007746850015107001,40.86666666666667,-0.10000000000000002,41.46666666666667,7.354721503379353,-0.038136783725913496,-0.004866266473716703,6.547153702198194,5.903948028230307,7.377220872104943,-0.07054972396282656,-0.03336115285232654,6.56937122484493,5.997072877378954,0.012439401454409235,-0.0021166942046715,0.004452606944642633,0.0033333333333333335,-0.0006518757910424668,0.0001715103182065727,0.006421231071086234,0.003384804818110733,0.010026205995844533,0.009426847662141798,-0.0048435568504589,0.0006599826838480999,0.004519009846048267,0.14899296666666803,0.04788938034577523,-0.06600998633333327,0.0475144292811131,-0.036666666666666466,0.013333333333333336,-0.029999999999999968,0.0099999999999998,0.0466666666666666,0.06333333333333342,0.033333333333333194,0.02666666666666667,0.04666666666666653,-0.01,-0.45999999999999996,-0.4266666666666667,-0.12333333333333334,0.08666666666666667,0.1366666666666667,1.21,1.8166666666666667,0.006778984599442535,0.0056286340909771,0.007519040018574434,-0.0025777813353789997,0.0022909597625873543,0.0030936030248242224,0.0018637624902053333,0.022573531633956534,0.0398549716331078,0.015746854051446768,-5.080530209667158e-07,-0.0012568224655214,0.00021128821547153342,0.0008305267941380333,-1.1620900656665947e-06,2.8189256484623115e-17,0.00017749483139086166,0.0004102564620443333,2.716740542000092e-07,-0.00021170708684109998,0.0002496086957117667,0.0008287483580732667,0.0007936834148155667,-7.355929224849998e-05,0.00023699491459293343,0.0002046347230699999,-0.0002460586524195667,0.011603641330898634,0.006578818262036933,-0.009819676064838466
1998-06-01,0.004081443343331733,0.0047172039001477,0.004820087000419466,-0.0021527431317048995,0.0020067783897008674,-0.0011417644028348332,-0.0008337636938519333,-0.003032629095415867,-0.005321206636433667,-0.02692627863525047,0.0028252125795672003,0.0004527810639345332,-0.0016096139611609,-0.0039015687525786,-0.000283516224323,-0.0020872585157389665,0.0236235916123174,-0.0025091775395476336,-0.7057333333333337,-17.333333333333332,-0.016723195666666666,0.0010628316701180333,0.00030471781445423336,0.06666666666666687,-0.19999999999999998,-0.004469198021945533,0.014787028099095302,0.022062860600873535,0.07994614329545979,-0.024267363717177266,0.022783192600403,0.002026574150242133,-0.001399812671029,-0.005863534363198134,0.006709988458712333,-0.004069265215819667,-0.005245104770711,-0.0021513520581901333,0.002846200304890767,0.0019811648765776335,0.0008121313172389333,0.0021601856833518332,0.0037964476951159332,0.0019121473458814664,40.833333333333336,-0.033333333333333666,41.43333333333333,7.3924014572229995,0.04702619941997007,-0.028647476600243398,6.632789976622703,6.016045593025517,7.359744050694213,0.0403175368058897,0.009725163044643433,6.57187133786465,5.9627945270103995,-0.0198441697017705,-0.0019417892817082333,0.0005135344594648666,0.0033333333333333335,-0.00024801574955103336,-0.0005260448177377437,0.003041905518712067,0.0007673190058555334,-0.010947070697957967,-0.011046245421245432,0.003079902051958367,-0.0005311373355774999,-0.00021638309660450012,0.36494083333333105,0.013042446252733889,-0.010426447000000033,0.015605097107684566,0.029999999999999933,0.0066666666666665335,0.0033333333333332334,-0.0099999999999998,-0.006666666666666501,-0.049999999999999996,-0.05999999999999977,-0.0466666666666668,-0.05999999999999991,-0.03,-0.5499999999999999,-0.43333333333333335,-0.12666666666666668,0.006666666666666672,0.006666666666666668,1.0599999999999998,1.6633333333333333,0.0018771927130989332,0.022105813185629167,-0.0057500420581990995,0.0130529471234754,0.0002555257567318665,0.00025849813884332233,-1.3144810463572066e-06,-0.0026365927166273327,0.000901532775536798,-0.012214649335222533,0.00040672750421229996,0.0015060402909643335,0.0021228971376065337,-0.00028719247390126087,0.0009402949256728335,0.0005224661466707334,-0.00036746291960581927,0.00020155160203156667,0.0004230057150775,0.00041901368430636654,0.00040791242191109994,6.0915250708499895e-05,0.0005707393314177333,0.0004377866392631,-0.0004701458231206332,0.0012280593483242506,-0.0012475958259257,-0.006955512402112067,0.0007894760614307328,0.004218219346194366
1998-09-01,0.0030010400385069333,0.0031882201699442,0.005109225433541733,0.0095929392860121,0.007136978473422334,0.0087620939032229,0.007792840045869266,0.0096560070572762,0.008291358843028,0.04282253359164397,-0.005020549206858933,0.0139196697285033,0.0100281311402025,0.0214959193517625,-0.0036924922631449016,0.010467397360429833,-0.010130574288630434,-0.004643032350197533,0.39053333333333434,-56.0,-0.009779675000000035,0.0016698903098397607,0.0016962405461585697,0.0,-1.850371707708594e-17,0.028328214238274932,-0.016354838671640632,0.0010551871215200663,-0.014436175696753331,0.014693663345178137,-0.02321219308861917,0.0019408147503518335,0.0023024513877842874,-0.0062095054930661675,0.0048255628011001995,0.0016983959265981002,0.0038422359723765003,-0.0018118721947626333,0.0018547994625960334,0.0012702460592486666,0.0007465734545544,0.0010225690424221668,0.0023183174174926666,0.0011853793597768668,40.800000000000004,0.0,41.36666666666667,7.400028118919177,0.03137109719015994,0.04303820055531354,6.650842036150631,5.953561961392764,7.407909822643177,0.03215342206252017,0.0256142349809565,6.63508112000022,5.994312925810823,0.0154150172290581,-0.0023548286255745334,0.002864742063444767,-0.006666666666666667,0.0022494433447453666,0.0015594182897100998,0.006725436142918766,-0.0002539313775997667,0.002961126950587334,0.0029626623376623005,0.004488789356991033,0.0007734098887034,-0.001396481946661833,0.13166250000000432,-0.0378377949295583,0.06033157,-0.033464205948076434,-0.15666666666666676,-0.1366666666666667,-0.3333333333333332,-0.32666666666666666,-0.41333333333333333,-0.4266666666666663,-0.30999999999999966,-0.0599999999999998,0.009999999999999796,-0.07333333333333333,-0.8866666666666667,-0.8333333333333334,-0.6966666666666667,-0.6866666666666666,-0.48333333333333334,1.0533333333333335,1.76,-0.041279421139621,-0.05035294441161964,0.010126299211554099,0.0128199786963162,0.0005096840952261666,0.0007754965951306331,-1.7727125467999205e-06,0.007966690800967534,-0.022820425174890472,0.0042112768297908,-3.497849696666635e-06,-0.0015030115728483333,-0.00023465494361030008,-9.066319196425089e-06,-9.911701607334042e-07,-0.0013075015709684999,0.00017651846708172794,-2.2376412278689653e-06,-1.2109120124333534e-06,0.00020720288006083332,-9.159248171549995e-05,-0.0007215823150286334,8.768508099670005e-05,-2.699402001689998e-05,0.0018667959110719664,0.0010093511497811,0.0022394875413122664,-0.001541594348370367,-0.0013467303614464333,0.005047109796148733
1998-12-01,0.0036593616744629333,0.0032595024518926666,0.0033336489510071327,0.0035382888627690664,0.005883343000517,0.0024145036525394336,0.0012758582735976334,0.0005377827141319,0.0011510383038150333,0.0016330938363863783,0.0009224068066000674,0.0007034882351834999,0.003912897431195367,0.008382473124086366,0.0013755237539531666,0.0032091621801188,0.001080043605455235,0.019403455287893234,-0.14783333333333357,162.0,0.03973146633333336,0.0017407107693720666,0.002585922779071333,-0.06666666666666687,-0.2333333333333333,-0.0456087071696967,0.014353832162348831,-0.019971249796031234,0.02315126906486083,-0.06124037904945926,0.01633492649077557,0.0019661261205439332,-6.829621458e-05,-0.0101574183099598,0.005018981683352433,-0.0016218775140188334,-0.0016544151609091332,-0.0015681542440871667,0.0024485147016743668,0.0018438082044097666,0.0012290661780346667,0.0022888104085545,0.0025619440472925,0.0013804019561416666,40.86666666666667,0.0,41.4,7.457296010366984,-0.035786172773499964,-0.05169669602306676,6.680126689847197,6.0693034021418475,7.44719901339316,-0.01368716226592337,-0.01720159078433316,6.62824943876965,6.06737637784051,0.014612050146060568,-0.004242909695820534,0.0011958017502540965,-0.0033333333333333335,-0.0009352423007002332,-0.0010443441507111332,0.005646122754356733,-0.0016628230411628664,0.012350374238755901,0.011104951958610465,-0.007278941075405166,-0.0002887273014078335,0.0007836173843417999,0.07170286666666432,0.06340169237584482,-0.0872926086666667,0.0687459493980928,-0.14666666666666658,-0.09333333333333317,0.12666666666666657,0.09333333333333337,0.12999999999999987,0.1399999999999997,0.06333333333333313,-0.04333333333333317,0.03666666666666687,0.2866666666666667,-0.3333333333333333,-0.33,-0.19333333333333333,-0.18333333333333335,0.02,1.5766666666666669,2.5733333333333333,0.01182686764313993,-0.02208040498765837,-0.008891542473503567,-0.005612610574334966,-0.0002617319942723668,-0.0002700332280577667,-2.2487863863996974e-06,-0.00605160943528027,0.046157430853150404,-0.0045501276335364,-0.00020678028365377562,-0.00026176230188243335,-0.0007084678613411332,-0.00014217632621972903,-2.465765922104924e-06,-0.0002642239211816333,-0.00036209210209483335,-0.00020528494777849994,0.0002075637054061333,-0.00021271644717744522,-0.00026370823491643334,9.070748568973327e-05,0.0005594149174819335,-0.0006257237355891001,-0.0011654094728273,-0.0026571678960716667,0.0004901913609746854,-0.005418739631631167,-0.0016696319203906669,-0.0057889776402551335
1999-03-01,0.0007934755745650332,0.0010550411434954666,0.005156766204791201,0.004067663969313667,0.007488791544875633,0.0033754032108168335,0.0012895977502136665,0.0011863636398524665,0.0002851556174062665,0.0054268121444272,-0.001825923869406933,0.004374588648688033,0.006178868667661266,0.010176224754662067,0.002738589237830567,0.0040333157222074935,0.0008595763539550003,0.007817937279258233,-0.04433333333333677,-53.666666666666664,-0.010281000999999965,-0.00010553001337733333,-0.00018046334403245732,1.989149585786739e-16,-0.0333333333333332,0.04061218249652183,-0.025179022670388435,-0.002244677393781499,0.002997237063988,-0.007554619859070567,-0.01859628228048987,0.0023332583221454,0.00032769428764646666,-0.0095802900988978,0.0063879808033042,-0.0016105869700186667,-0.0006148361668156999,-0.0032610063405163667,0.0028052549297155997,0.0026164446214848,0.0020498751135124,0.0028827501316429,0.0012520792736877334,0.0025297113056878,40.666666666666664,0.0,41.333333333333336,7.4042571260187335,-0.018269412165,0.044099026180213365,6.654494654070824,5.91997949544817,7.415139626816637,-0.0020020080200732334,0.020147118051166434,6.614946376369377,5.991346067721094,-0.006376033326554,-0.0015528186793651,0.0048658358943587,0.0,0.0005740446971437335,7.794175566353326e-05,0.001976695769365933,0.0016776652512057665,-0.008523153660163832,-0.008804166324491533,0.001290254379394633,-0.0002800916243990668,-0.00017787747805839398,0.829852366666665,0.022197477847137836,-0.025837347,0.022876544536708867,0.0366666666666668,-0.0033333333333332334,-0.01666666666666633,0.013333333333333267,0.060000000000000074,0.16000000000000014,0.15333333333333313,0.1333333333333332,0.0633333333333336,0.049999999999999996,-0.38000000000000006,-0.3433333333333333,-0.04666666666666667,0.2733333333333334,0.3666666666666667,1.7833333333333332,2.6966666666666668,0.02579888154920677,0.01854717912098607,-0.008367784256547333,-0.0069384605443722665,0.0005035108233250999,0.0007634362355689331,0.0024697094143233,0.003321796057255666,0.02253292042395284,0.012918768010561766,0.0016098083865042669,0.004571676741744733,0.0070372225581574995,0.0002616225025390333,0.003023416800448734,0.0007883330438325,0.0005307168177817403,0.002009726282530267,0.0016734521778249333,0.0014481702404349666,0.0011393023976899,0.000826431286423466,0.0040025044262011,0.00018361840786577913,0.0011442771552149,0.0006018553712024001,0.0004785672810142,0.006966721846702967,0.0012324702914305666,-0.00029437962381936655
1999-06-01,0.002783991913318533,0.002868700785707367,0.0034989253335355,0.0056265769672834325,0.006509558753052133,0.003767904181442433,0.0009182434237408332,5.014958358836649e-05,-0.0014627624437796,0.002344596983559667,-0.0030124816726623664,0.0048355020642316,0.0076066301531560005,0.012792139581854933,0.00020541738522676656,0.0032252815512601,0.007587562489252234,0.004513225900153034,-0.08193333333332932,-13.666666666666666,-0.0032358696666667,0.0011494346837548667,0.0011487834653127332,0.0,0.09999999999999958,-0.016965313209892134,-0.011935544779496403,0.007350782343398403,-0.0004265302352083657,0.015853803732979527,-0.011542785613345999,0.0021316497531949333,0.0006544237040060334,-0.006391209638991267,0.004648505850515333,-0.0006733814686038668,0.0001230579924757096,-0.0020029333817828334,0.0024770699161020334,0.0021432124491358,0.0015932736067322,0.0023070613368414,0.0019336180550902336,0.0016758710379451,40.766666666666666,0.0,41.36666666666667,7.385463391965526,0.07718624941316317,-0.017755676393830033,6.5601077485098,5.986200914589477,7.423249890161483,-0.008130484374719998,-0.0039331823103866,6.616804993982121,6.040954813290678,0.010912723785149098,-0.0012973135062719998,0.003381640730364467,-0.006666666666666667,-0.0017286221477854002,-0.00013887080353036665,0.0038818161755834663,0.00030211399455086686,-0.008634524629979434,-0.008652214615879733,0.0021325898746695666,0.00036168491017519994,0.00012223761852206668,0.374747733333332,0.011349710953840167,-0.015535927666666666,0.010019928889774368,0.0833333333333332,0.11333333333333327,0.0866666666666666,0.07000000000000034,0.11333333333333322,0.19999999999999965,0.20333333333333334,0.18333333333333365,0.15666666666666654,0.17333333333333334,-0.29,-0.17666666666666667,0.16333333333333333,0.8133333333333334,0.9133333333333334,2.2866666666666666,3.0666666666666664,0.011015399886521,-0.0012318286047981661,-0.007077317783099834,0.00020153841600146645,-0.0007630206917351666,-0.0010310537090105333,-2.6765986334333428e-05,-0.005235818977154135,-0.01763633653542383,0.015998695669601336,-0.0008148594402743002,-0.0038132387960330334,-0.0030916710096743003,0.00012387458063869996,-0.0021057461108616627,0.00026486559465361707,0.00017226740975304273,-0.0012149696973165383,-0.0010569436785281,-0.0008361153730402333,-0.0007212712152749332,-0.0006189472328707179,-0.003599299573168133,0.00028164818815130005,-0.0004715624140891667,-0.0002098283372425331,-1.4878440083819535e-05,-0.0065502121247949,0.0019472892490698661,0.0008924157967887666
1999-09-01,0.0033044058482557,0.0034505546691949666,0.004139775126549333,0.004932023068581266,0.0056002580567137,0.004315277381665267,0.005214879119109567,0.005944054301572534,0.008105662499722234,0.013214651906896668,0.0060353412564832995,0.0033580447301497667,0.0030796642639918923,0.004265802960047666,0.004466074406636533,0.005562540600928166,-0.010534086211017068,0.0065049778708482,0.11069999999999898,28.666666666666668,0.016689651999999968,0.000792713146544429,0.0014434947597644666,-0.06666666666666687,-0.09999999999999966,-0.013775533015724165,0.011755120778699868,-0.016947058502454433,-0.030364576475130065,-0.003663040525198434,-0.008611401184921265,0.0019440294342896,0.00044917216212956673,-0.0008484259760681666,0.003481978524204,-0.0006554471681810333,-0.0005233105075076667,-0.0008768541484531334,0.0022916559100553333,0.001769104300458067,0.0017047428905734333,0.0015683171770615335,-0.0004287246035812667,0.0019282990010893667,40.86666666666667,0.033333333333333666,41.43333333333333,7.396487414513227,-0.08671070689451306,0.0558405309510267,6.602365036790446,5.942100585789343,7.391919004777177,-0.034663237841346735,0.005882505604526866,6.605500336411834,5.9582974846678765,0.009495902337353835,0.004051712781640967,0.0035150196186896003,-0.0033333333333333335,0.0022730273023923667,-0.0002807294370086,0.0013937813734168332,0.0017678927009493665,0.0006841704221923666,0.0022309559588487332,-0.0019412569513527333,0.0032546199885855665,-0.0006801660187191,0.10171360000000133,-0.0201428921752411,0.02894233133333333,-0.030879317756925467,0.06999999999999983,0.26333333333333336,0.10333333333333367,0.13333333333333355,0.13333333333333328,0.11666666666666665,0.10666666666666651,0.11999999999999977,0.1433333333333333,0.3466666666666667,-0.41,-0.25333333333333335,0.13,0.7266666666666666,0.8266666666666667,2.283333333333333,3.08,-0.012689491864183833,-0.03959603450847437,0.0169368896318523,-0.002561867932993,-0.0010023562626996663,-0.0015118265657558666,-0.0013664257303323667,-0.009275872288110767,-0.05610243349234606,-0.016478897387574836,-0.0008072516729136,0.0010143288906462333,-0.0023511180257070664,-0.0004067055581557616,-0.0011620663458756335,-0.00026486559465361593,-0.00035869163629846673,-0.0006057461457178334,-0.0006342188596401333,-0.0006246771964111333,-0.0003240575596408667,-0.00041574116142760004,-0.0014010351405131332,8.290507504476666e-05,-0.0004556253178054335,0.0009789037932317263,-0.0012003373911980998,0.0022697234820044654,-0.0018731141719096334,0.0014287172366378332
1999-12-01,0.007972575532382566,0.008808436969847067,0.0047911630154811,0.0058031153990564,0.007833846750828067,0.0041769934998775,0.0024603416682375,0.0013097389741926668,-0.0010170839225779333,0.0038595796360576333,-0.0029825645722940664,0.008204907506844565,0.006450012376302667,0.011184538745356534,0.0009339097281590332,0.004686451041460566,-0.009612946372518435,-0.014858704452763065,0.044433333333329994,113.66666666666667,0.023482817333333333,0.005900068230727533,0.006323065296802701,-0.0333333333333332,-0.066666666666667,0.0006565559210157992,-0.01817283506021253,-0.013723253376580766,-0.0262526286372629,-0.0013840850335888656,-0.0023036258466155013,0.0021261814861338333,0.0016688749625780666,0.0016946979535911002,0.005575597935104367,0.00019291240386406667,0.0007692902868339334,-0.0007756150245743667,0.002232144180765,0.0020670905594339334,0.0015324917499424334,0.0022738914781227,-4.2902803757633336e-05,0.0018523982545701333,40.9,0.0,41.43333333333333,7.416801867326877,0.055498838549849695,-0.06927904334384687,6.6378177378301935,5.970729565093613,7.434750021994046,0.0912962501064799,0.031504913427356535,6.601621169072634,6.00779745172465,0.011473523905284133,0.007200881307621067,0.007169091029033067,-0.0033333333333333335,-0.0020905048514566335,0.00028801003531713333,0.0030241959273047667,-0.010515377174579102,0.0242860225991112,0.02586271383294947,-9.122601586083357e-05,-0.00011431778727909933,-0.000646302871532,-0.5200657333333347,0.030737935457953138,-0.03469910933333333,0.0135790784981104,0.08333333333333333,-0.04,0.15333333333333332,0.1733333333333332,0.22999999999999998,0.1833333333333335,0.18333333333333332,0.07666666666666667,-0.016666666666666635,0.47333333333333333,-0.19333333333333333,-0.009999999999999995,0.4466666666666667,0.8566666666666666,0.9333333333333332,2.1733333333333333,2.8333333333333335,0.021805016713022467,-0.002111139731591533,-0.0033964388951141337,-0.006607192374601467,0.00024792365094819985,0.00025051239829833343,0.0007844422227458667,0.015822619084437498,0.031545235617988235,0.0062538436776685335,0.00039048686525626204,-0.0020344634063658,-0.0006864086719782664,0.00012299742854883334,-1.8688453667334234e-06,-0.0005316322232721783,0.0006900358250062667,0.0005852556962038,-0.00020975540741000002,0.00040191411320743335,0.0003446551618686,0.0004772891228617332,0.0003960632480814669,0.0002940760484563667,0.0008867852311139618,-0.0005977423109274669,0.0014194485608589001,0.005297363919586567,0.0005670688463172667,-0.0017575903057671
2000-03-01,0.0040841263487045665,0.0042164258690213,0.004659953852532834,0.0006237682362251659,0.0037124673444021666,0.004551473919094033,0.005106997239263766,0.005191153930807266,0.004120504607564066,0.0021456658622784667,0.0049966596907783664,0.0107647791527065,0.003825510607769367,0.0072881224598262,0.0008218021334096334,0.005053979669393167,0.0038392515579062,0.0056007689502474345,0.07833333333333299,12.666666666666666,0.015337497,0.0011320933303243332,0.001731011197570933,-0.06666666666666667,-0.23333333333333314,-0.00409165039811137,0.0178116938186751,-0.0300594807287767,0.0015140071448337337,-0.0617925130564999,-0.02000600324208437,0.0022112922519739666,0.0008110632980802665,0.0027839985729247664,0.002067037481579034,0.0002891594317180333,0.0006755099339592667,-0.00036257222646023335,0.0025346290857341,0.0017998397070328332,0.00030452732712936675,0.0025552640806059995,-0.0002575328482468,0.0037222729868684004,41.03333333333333,-0.0333333333333336,41.5,7.411349614925107,-0.04597438106849986,0.05883432462036677,6.6133372034566165,5.9814245386670635,7.40622837743377,-0.04650051987033993,-0.027640135833716564,6.568647293280063,5.9961928321287665,-0.010623058896926567,0.00035560152385846663,0.005086330911249533,0.0033333333333333335,0.002458756160031567,0.0019182257744217999,0.003942258878112733,0.006684484896756733,-0.011935593788118001,-0.01509240916020573,0.0017547619785028667,0.00013034977021973327,0.0008910594823010667,0.13900916666666777,0.008260581955611333,-0.0056837669999999655,-0.016700508133885933,0.1899999999999997,0.11333333333333356,0.1133333333333336,0.10333333333333333,0.01000000000000007,-0.1066666666666668,-0.2233333333333337,-0.046666666666667,0.02333333333333343,0.16,-0.2333333333333333,-0.07333333333333333,0.33,0.6133333333333333,0.38999999999999996,1.8,2.486666666666667,0.015440925940397332,0.0010461962318514997,-0.012020209930988934,0.004638749525381133,-0.0009725268265071002,-0.0009678441439856664,-0.0018457523602289333,-0.013218386188379833,-0.0635968152641371,-0.0209918384125164,-0.0011808911194491,0.00024516027258856665,-0.003942573606675399,-9.918957060733362e-06,-0.0017988400732506665,0.0002659220989326373,-0.0007020161250377,-0.0013726321596777332,-0.0010198395922722,-0.001415219908852367,-0.0011825625409030668,-0.0003690947123204333,-0.0020868435972906997,-0.0010381193858330334,0.00020656791029576667,0.0011396730499043,-1.0995761135133408e-05,-0.0079182438634818,0.0014456685794694997,0.0012198699926834003
2000-06-01,0.003915282696995067,0.0038190277309085,0.0021896524571103668,-0.0016846402823666668,0.0019423387972998002,0.0006159823614050666,0.0006378582073148666,0.0014017269442690335,-0.0005820873854718334,-0.007576137085427367,0.002252636971783494,0.005388552232795667,0.0005974341217168999,0.006160695354766099,-0.007026367660210466,0.0008989108215997286,0.007864394060236833,-0.001469012186255467,-0.25109999999999866,-117.33333333333333,-0.03568434066666667,-0.0011063211911649332,-0.0017993647320538335,0.06666666666666667,0.3333333333333333,-0.001597447146768834,-0.003815795280117102,0.021000286852772564,-0.008671746380412064,0.05098583488230753,0.027548320218426067,0.0008708464653857001,0.00037782189744459994,0.0024410721286433333,0.0,0.0004428911813374999,0.0018963775379401667,-0.0020272966973588,0.0009842969977160666,-0.00043311556264906664,-0.0012876788687527668,-0.0005391995919085333,0.00012879129531086667,0.0010399426067687998,40.76666666666667,-0.0333333333333332,41.333333333333336,7.33401827377921,0.009259854702359963,-0.05568469488772334,6.552950213692466,5.904292522347144,7.347474459825193,-0.016363203398843333,-0.030141002023193267,6.539583869347379,5.946656330907403,-0.010025674907289029,0.016643767568486033,0.005092988149071266,0.006666666666666667,-0.002157078097611799,-0.002711723120735728,-0.0018571485169343665,0.00039237046569603334,-0.0032687904408708335,-0.002464663775717732,-0.0009577016538416333,-0.0018648004557523668,0.002173222112192633,0.7858594666666693,0.0026445428314006325,-0.0066380893333334015,-0.0181187817324668,0.17333333333333356,0.12999999999999992,0.10000000000000014,0.0633333333333334,-0.023333333333333303,-0.026666666666666672,0.01999999999999973,0.0033333333333337898,-0.016666666666666996,0.12,-0.6333333333333333,-0.42333333333333334,-0.25333333333333335,-0.05666666666666667,-0.25,1.3233333333333333,2.13,-0.0027731049739890654,0.0080578750044301,-0.0161201674439857,0.0020135580057259665,0.0012138104659481334,0.0009742809936626329,0.0010322059248775212,-0.001648389110361669,0.027523235953849794,0.017701948774046933,0.001161453180039,0.00024876800937999826,0.0024098802274667326,0.0002463103838762667,0.001789423023560367,-3.3393426912553537e-17,0.0006756482843825001,0.0009634596171584333,0.0014087368252851333,0.0013952585359178666,0.0011118059854782001,-0.00010927154989266668,0.0021946655395816334,0.0009814881139993,-0.0004484275808535459,-0.0003945077096948665,-0.0007098846083175001,0.010792032931414999,0.0025148695647333997,0.0005157252768806333
2000-09-01,0.0029804597764968334,0.003025317952099333,0.004245851880528533,0.0011394133475413,0.005212789661486034,-0.0007091616221792668,-0.0015692530057780333,-0.0011524548971151996,-0.0019393602245957665,-0.0037513255767632,-0.0012710393663368672,0.0018222981827532,0.0004207260867668,-0.0006915720152482667,-0.003037297577925471,-0.0018786853133165,0.011466158054958568,-0.0015088830292663339,-0.4606666666666685,-54.0,0.0015650283333333334,0.0008049611961488667,0.0013571201059410334,-0.03333333333333347,-0.23333333333333364,-0.00013346680191646718,-0.0187949064702127,-0.00149253980709813,0.032004884413196266,-0.03575752070981717,0.006711636136351732,0.0003124449040712502,-0.0010670998205934668,0.004766071091970234,0.0009798165001271,-0.002026700704839433,-0.001681729323602001,-0.0026172663776099,0.0006287995050074666,0.0005476696619493667,-0.0014972377363419124,0.0011145473951110999,0.0018405611236875334,-0.0019867077957466334,40.666666666666664,-0.033333333333333666,41.1,7.334475958121163,0.056561657596480096,0.0031201475865234307,6.541379205069241,5.92110352177045,7.356470062016183,0.0020898710045334987,0.013396960194416599,6.544771285627021,5.982036119271023,-0.0055174579748615005,0.004356184234940933,0.004099894383469833,0.003333333333333334,-0.0005752240504204334,-0.00013018593649029991,0.0032283773409951667,-0.00040228811501386664,-0.007622335919706301,-0.006872897887425334,-0.00021379355660129995,-0.003440512763741667,-0.0010661658710524001,0.7372146666666644,-0.0192988919950977,0.016049555666666635,-0.03598464594414457,-0.010000000000000033,-0.0066666666666668345,0.05000000000000004,0.013333333333333334,-0.0233333333333334,-0.133333333333333,-0.10333333333333328,-0.033333333333333666,-0.0033333333333332334,-0.016666666666666666,-0.44333333333333336,-0.48,-0.4033333333333333,-0.5866666666666666,-0.7200000000000001,1.0633333333333335,1.8066666666666666,0.023864184175152,0.0007120405831905,-0.012847239487889434,0.007736471850149766,0.0009556057374684665,0.0016725762652457664,0.0002492127863380998,0.019280516853013,0.014337355545984634,-0.012153022213766766,-0.00039092467500503344,0.0002596953471926333,-0.0002142898013911329,-0.00013927753364449997,-0.0011108928063553666,-4.242876687042772e-07,-1.3841119007974235e-05,-0.0003875539024068,-0.0008044120518366666,-0.0005991905887627667,-0.00038196315263609986,-1.4697917078066846e-05,-0.0016845820239549333,1.0168689298000006e-05,0.0006372263320829091,-0.0007761253458752199,0.0011481586004654437,-0.0031770499126668335,0.006099241683269099,-0.006861164466331333
2000-12-01,0.0030076320387894665,0.0020124148949959334,0.001900969212454567,-0.002517836394571767,0.0022875630404837997,-0.0027066994293981003,-0.00042965572282166676,-3.8755855492266705e-05,1.326633510686665e-05,-0.017684383425889,0.006457258421662867,-0.0029352652712581998,-0.0057301246869713,-0.0071887062862927,-0.008475363904651633,-0.004285675627245667,0.025836772788261502,-0.0010858234103050667,-0.6280999999999987,108.0,-0.006080114333333333,0.0027418905021570333,0.0016735462598529668,0.09999999999999999,-1.295260195396016e-16,0.019571542259041765,0.04208479979037466,0.0086137437279623,-0.006638436566980501,0.02508217847001443,0.04061178428711067,0.0008828361539479462,-0.0013964323326387331,0.0009450908892331,0.0004888303168677999,-0.0021754831215888668,-0.002152727597787067,-0.0022144972306137665,0.0014020025424083,-0.00016547967167513324,-0.0027854520322646,0.0006047871199144667,0.0015331571681524668,0.0014751415034694332,40.233333333333334,-0.133333333333333,40.699999999999996,7.35291447390165,-0.10832595239849346,-0.0041667209214102385,6.555105074249326,6.040072553750694,7.388583274288327,-0.021512840379190032,0.0,6.574314392008422,6.10656990457514,-0.016709902924709735,0.0007058637629804998,0.0022405036055890997,0.006666666666666667,0.0027743187920388998,0.0023085760683514336,0.0039978715926836,-0.0006325801139466664,0.013676052944647564,0.014789110308409001,0.001342814504663,0.0011389643509852334,-0.00036476122708903325,0.3442202333333357,-0.013333790281728599,0.012307312333333301,-0.020053277271696132,-0.17666666666666633,-0.33666666666666667,-0.3199999999999998,-0.36333333333333345,-0.39999999999999997,-0.3066666666666667,-0.19333333333333355,-0.13333333333333305,-0.1366666666666668,-0.17666666666666667,-0.6,-0.7333333333333334,-0.7966666666666665,-1.0533333333333335,-0.9233333333333333,0.9733333333333333,1.78,-0.028210658952392432,0.024380651593325198,0.006124735450313767,-0.0020559139352469336,0.0016379965973684334,0.0023242668544875998,0.0010030979067172667,0.04137896911734006,0.02083162141643709,-0.002075058976707867,0.001328139553842525,0.0015467913350984332,0.0017197393070506998,0.0009907570864629667,0.0011085255754590335,0.00026613441200820003,0.0016529455912899999,0.0018909109114156998,0.0019761230530328335,0.0015646924793145999,0.0011566784906336394,0.0004004572386033667,0.0015799118685165335,0.0011648169120486668,-0.0013003743445267,0.0007394224860737998,-0.002306814281524612,-0.016131527224102868,-0.009718317759748,0.008819107401961566
2001-03-01,0.0013936067752453336,0.0003235515317599336,-0.00033272020520236665,-0.005191671736862234,0.0023515130346260667,-0.004206758084378266,-0.004710260735866567,-0.0034104215345725,-0.0010671985520168334,0.006969144574873333,-0.0039402801510295335,-0.012186264670305034,-0.0035407567604079,-0.0031369526630419336,-0.007243870594320034,-0.0043704477504181,-0.0206040581582355,0.0028211655935069004,-0.591466666666667,-206.33333333333334,-0.04435829133333336,-0.0005358964716789667,-0.0011608882461935333,0.06666666666666687,-0.09999999999999969,0.0384768295935837,0.005744355707925333,0.029509563272255835,0.040959529360994236,0.017294945123003867,0.051453580598770636,-0.0006184946713379,-0.0038259626148953,0.003442586853788667,0.0009755152801898668,-0.005957630495637733,-0.006542877602678066,-0.004956522692999899,0.00010475882448266668,-0.002210009309046933,-0.0031154220222724,-0.0022287728874304667,0.0018220770384461667,0.0025023826290872333,40.03333333333333,-0.03333333333333347,40.46666666666667,7.390892237512573,0.11969068951281657,-0.01065053326887,6.60646332357351,5.981578038003266,7.41477048262081,0.0173199129769032,0.003016611839970067,6.594327073438244,6.058908848486866,-0.009948021139952232,-0.004869788842141127,-0.003780855146092167,0.0033333333333333335,-0.0001346097578292222,0.0007847995039819,0.0090811913688261,0.0012207052003686666,-0.0015078108639391037,-0.002454915648632867,-0.003964815581583133,0.0018566911672739668,-0.00040548657104423337,0.5412391999999977,-0.03852808211593633,0.041229482666666636,-0.034308378791063195,-0.3933333333333337,-0.3466666666666667,-0.4266666666666667,-0.3666666666666667,-0.27666666666666667,-0.03333333333333354,-0.00666666666666683,0.016666666666666774,0.04666666666666674,-0.3766666666666667,-0.81,-0.9199999999999999,-0.88,-0.4366666666666667,-0.15666666666666665,1.8933333333333333,2.7266666666666666,0.016472626169013,0.019689120689813332,-0.009775334540708567,0.0118928001288642,-0.0009516417935714333,-0.0016528518843594668,-0.002279360168275067,-0.051861632791181576,-0.01079247852918803,-0.0069536619523073995,-0.0013363032416613,-0.004136806955742366,0.000650377425114867,-0.0007669812892218968,0.0004417925782733096,-0.0005320565109409001,-0.0023438067004566674,-0.0017079237421786999,-0.0013883334385319669,-0.0011808206795856334,-0.0010240594517849668,-0.00023541268947370009,0.0003674142009530666,-0.0016884276231688335,-0.00043010758655673335,-0.003735266285390466,0.001372704988765673,0.0292905371174328,0.0016557113708580333,-0.0029172350999777997
2001-06-01,-0.0011426956607831962,-0.0015919508510565334,0.0023409866716864666,-0.00043593891197823325,-0.0015515193371466666,-0.005568353568281799,-0.003949108402505133,-0.004128324692013933,-0.0016713300974024415,0.0016813131827655332,-0.0028682440733760334,-0.012738365651108502,-0.007813335792537667,-0.0082628164997039,-0.006770568408660966,-0.005441244288052834,-0.011637963438203032,0.008615176315469833,-0.607200000000001,-56.0,-0.020133136333333333,0.00019729154114023345,-0.0005539965557019667,0.06666666666666621,0.16666666666666666,-0.03923297358512643,0.03146536765274337,0.03259786657280873,0.06309527137599587,-0.004714835795388501,0.0010485486259727,-0.0007205085663747334,-0.005808579604148967,0.00043560789048886664,4.870090348830003e-05,-0.008458600106720199,-0.0098995045728968,-0.006013978651746267,0.00040947587625512924,-0.0015544835114559335,-0.0026195859283486,-0.0011704993878171668,0.00012675074618799997,0.0030506571056143003,40.06666666666667,0.03333333333333347,40.43333333333333,7.400489152712537,-0.023130664474663266,0.011697106603756766,6.628901880316107,5.99530731148677,7.395988939616173,0.004192927402286902,0.004967801834193132,6.589919420144237,6.0066886778743696,-0.0033550101590596646,-0.0059819100048734,-0.005501770156741967,-0.006666666666666667,0.0014014586557372334,-0.0022784439793029332,0.0026892893945911003,0.0023113508515513665,0.001587336889207901,0.0007856933450601326,-0.0014862731434209335,-0.0022505478079717666,0.00038649622381589996,0.855464266666668,0.004068062302854301,-0.010100017333333267,0.025635247475778833,-0.3433333333333333,-0.28333333333333327,-0.12000000000000015,-0.13333333333333333,-0.12000000000000001,7.170190367370803e-17,0.033333333333333666,-0.0233333333333333,-0.033333333333333666,-0.22666666666666668,-0.44333333333333336,-0.4766666666666666,-0.3233333333333333,0.85,1.32,3.216666666666667,4.0200000000000005,0.008434404816894767,0.001952456907513166,-0.004679096108933967,-0.005828031644767066,-0.005903631099061534,-0.007278413240728133,-0.0035872135212524,-0.020380126239451197,-0.016260347817393033,0.0028943627246581015,-0.0011305977852194,0.0031013663594405667,-0.0083619025590004,-0.0007459094995319,-0.003086441804265767,-3.418838483725274e-06,-0.00016968176600570006,-0.0014993050506744,-0.0019608021947531,-0.0015522121055721334,-0.0006960890899767334,0.0006729701100743998,-0.003763473404871333,9.47003996622e-05,0.0010551871215202667,0.0016805061358013337,0.0008916268698039666,-0.015570517881680367,-0.001378330832954101,0.0010697480751232333
2001-09-01,-0.0010080556036354332,-0.0025740652445596997,0.006092338204931367,0.005419364961162766,0.017466071178380536,-0.003115306763785767,-0.0041520161960750335,-0.004164601559602933,0.0007296341301709333,-0.0079070748562566,0.0038219202891672664,-0.016162935215058134,-0.0017140161821836335,-0.007383520356214,0.0026010746399111333,-0.004138664131290566,0.005728501093067,0.008287686018064733,-0.44406666666666667,-246.66666666666666,-0.06457462400000001,0.0010009043455579002,-0.0016553156987241665,0.23333333333333353,0.13333333333333333,0.0544693372717888,0.048694579956118623,0.07691238378463,0.06993526203602866,0.08613723005055592,0.06296512639481713,-0.0018182575946011333,-0.006452953118399634,-0.004318903720238633,-0.0020025947355991666,-0.008407443271558132,-0.0092680721356437,-0.006960809786941466,-0.0008071178145219668,-0.0021703820573328665,-0.0019592246431028334,-0.0006945958142789667,0.0014331500748152332,0.0014130967936385665,39.733333333333334,-0.13333333333333333,40.199999999999996,7.350059422721107,-0.04252040854600677,0.00825635603747,6.571707155928647,5.918163960168488,7.366337071727254,0.012271324374236633,-0.028824532667943065,6.5591179459778735,5.985909240221943,0.0027337352010234003,-0.0043343709260982,-0.0075138091801315,-0.01,-0.014984098885755366,-0.0026225205324189333,0.008073048477141532,-0.0099933205008119,-0.09559964847279583,-0.06933017878991475,-0.0020936753276252734,-0.00020529712938829967,0.0024167250166542997,1.4194297999999999,-0.0374081308700078,0.052656862,0.005027692954571464,-0.4266666666666666,-0.44333333333333336,-0.45,-0.44333333333333336,-0.43,-0.2833333333333333,-0.22333333333333302,-0.03333333333333334,-0.019999999999999667,-0.21333333333333335,-0.35000000000000003,-0.38999999999999996,-0.19666666666666666,1.13,1.6866666666666668,4.003333333333333,4.86,-0.023845653974205766,-0.008252719302450199,0.008214780407507968,0.008789120510245534,-0.0014500652682416237,-0.0012191554159037335,-0.0005698746726894664,-0.013083714662901568,-0.03678940576918923,-0.00042739830464156675,-0.00037389815080653344,0.0002617458582338996,0.0003767711120274316,0.0008405913920774,-0.0006690442071395341,0.0005354753494246133,-2.399407826233294e-06,-0.00037306476567166663,-0.0005894441396063332,-0.00038535416655470007,0.0012825276727026333,0.0012426347099792334,-0.001242420017046467,0.0021703970358233197,-0.00042645383231602673,0.0012943998636399336,-0.0015804556170849334,0.021346869745149395,0.0007308712024348003,0.0027452968108644337
2001-12-01,0.0013187727121171334,4.21458734075e-05,-0.0010355941280844,-0.0012925842855029,-0.012724825277821,0.00021974895515193318,0.0002262449768043667,0.0009206098189092336,0.004777416359207667,0.0146704633895623,0.0012283186425881335,-0.006926561268691934,0.0001841561841571665,0.0019042287962692998,-0.00012493466573253406,0.0015668884517892334,-0.009919365669233566,0.0024840203337438333,0.017500000000002975,-2.6666666666666665,-0.009904683,-0.0004699580710099667,-0.0016930522175003001,0.13333333333333333,0.46666666666666606,-0.007257259305353266,0.009733999046555466,0.07122831144140614,0.0529630538157318,0.0934095405990667,-0.05428515672294349,-0.0015071194376361666,-0.005984652864266666,0.0001889466276384664,-0.0014237692559498332,-0.008132803110451966,-0.0099105942029016,-0.0051759127149123,-0.0005463748335158392,-0.0030206180193866664,-0.002449086726611967,-0.0024093004992273665,0.0005883343265438,0.0015943010792351334,39.833333333333336,0.03333333333333347,40.13333333333333,7.3912568984699805,0.040518400525933494,0.024557001566950135,6.596062574080324,5.9418107965860765,7.41775530624399,0.009891922715373366,0.034689786631403166,6.6407125122033,5.954790341647829,-0.016340740158343133,-0.011607839695202566,-0.006408155523837733,-0.0033333333333333335,0.013352427752672633,0.0019515980372310662,0.007037188787811833,0.007771524918860934,0.10570956309172752,0.08160681606816074,0.0017268491365764332,-0.0004187088647166672,-0.005319543181868734,0.9119285999999992,0.01913793912243293,-0.027289498000000034,0.07618093396153947,-0.25333333333333335,-0.19000000000000003,-0.17,-0.12999999999999998,-0.0566666666666667,0.1433333333333331,0.15666666666666676,-0.16000000000000017,-0.013333333333333669,-0.03666666666666667,-0.14333333333333334,-0.08333333333333333,0.30666666666666664,2.353333333333333,3.046666666666667,4.883333333333334,6.03,0.007097185378539234,0.0294775962683138,-0.004140265327003367,0.005886091855088733,0.0047450257123981985,0.005426925706222996,0.0033525958308165335,0.04663732460631534,0.05678805696903083,0.01647258981042597,0.0015003416742246625,-0.0013370789421509504,0.006913970363334767,0.0005818856239520492,0.0028707254831141665,-0.0021575048352057333,0.0006415790184549667,0.0018695132198699998,0.001960568156431867,0.0017396386252640668,-0.0008715295326261,-0.0023627656302031333,0.004695850738792467,-0.0025051234534935,0.00020045453472969997,-0.00019262302964510002,0.0006633264313396333,-0.03330235166550047,-0.005483412788176299,-0.0060046966945008
2002-03-01,0.00024586273792040004,-7.781192892153686e-05,0.0030280509368081332,0.0033735811496432,0.006202774984747833,0.00407201272854961,0.0010921596529446665,-0.0004983187067647,0.00028931400402379994,0.009111553295456399,-0.0031622337721903004,-0.0010410042183295334,0.008255144471669666,0.0119145564620669,0.005582167415512933,0.003205004071609133,0.028453408853544932,0.003385850685809567,0.18103333333333183,-76.0,-0.016146122333333332,0.0019449735486982,0.001042330468292733,0.06666666666666667,0.5333333333333337,-0.012495885325011566,0.03239739082777477,0.03366886601168476,0.004813561384931534,0.06385369674017544,0.016515861825842165,-0.0006221142977273,-0.004001333131577366,-0.0088043395759897,-0.0032134719273913333,-0.004217831184371033,-0.004528162822529867,-0.0037059590944779337,9.26689592759361e-05,-0.0003795091655718333,-0.0020091628592814,0.00020827102497729998,-0.00016798958820093336,0.0010275580299836,39.93333333333333,0.10000000000000035,40.43333333333334,7.42931376826919,-0.08926690063264993,-0.07155231247896353,6.679972805169413,6.0084808540349,7.447116262573281,-0.011906027534026664,-0.009833554798899967,6.661470834586971,6.017641735932844,0.016965894445953932,-0.0008586054703467665,-0.003171809606553067,-0.013333333333333234,-0.0038988164578966666,-0.001241443741117,-0.0004775861014536334,0.0006851576884058375,-0.01552046216774553,-0.016146907737734167,-0.0010262035251642,0.0020357646165427667,0.0012403584385243668,0.561009566666665,-0.008371737253784301,0.014498550333333297,0.043989598260077596,0.006666666666666667,0.036666666666666736,0.020000000000000035,0.06333333333333332,0.10666666666666663,0.10333333333333337,0.05666666666666657,0.07000000000000008,0.05333333333333317,0.09333333333333334,-2.3129646346357427e-18,0.17333333333333334,0.6866666666666666,2.823333333333333,3.393333333333333,4.953333333333333,6.2700000000000005,-0.0033482983807639004,-0.004837088731044033,0.002481084576790234,-0.003814115967282133,0.0004851862235592333,0.0007280368956798997,0.003162098855979067,-0.0011503939724531315,0.018529598611387033,-0.009883421637438434,0.0009273713687554655,0.0008045974657653332,0.0041771650276842655,-0.00037522090759416665,0.0022296627169321004,0.0016101593372909668,-0.00016960278765738176,0.0011107547690114249,0.0015667772379570454,0.0007643613095655666,0.0010911595670324667,0.0006572845158337668,0.0030583332778976,0.0005131437813702666,-0.00021171311818750775,0.0001755422392106,-0.00044736138148400006,0.0034173697131117675,0.0041494483402484345,0.0023844786593899005
2002-06-01,0.0007360849052554,0.0007417163259694667,0.0020264324935859667,0.0008447834958822,0.0017863207684089336,0.0040434627189203,0.0038488083103969,0.0043617908287073995,0.004726084806428266,0.0090897429041323,0.002911326108997967,0.002848450650669233,0.004300905208544267,0.005252298432100222,0.005725723955074533,0.0045844310813683,-0.00010653008912733363,-0.0022064449157325997,0.31880000000000047,-34.666666666666664,-0.0007801673333333002,0.00017960266799063032,0.0007020404568110765,-0.033333333333333666,0.1999999999999993,-0.004694106996732135,-0.05066860454625264,0.013064580387896832,-0.0031208966426167334,0.027857922059722196,-0.03540071010425133,-8.167494942533335e-05,-0.0024773394276754,-0.0052781867163631995,-0.0010946917337299998,-0.0029583418750770995,-0.0032875445724193666,-0.0024167204083529667,0.0004197764628083667,-9.167043227974684e-05,3.566588205159999e-05,-0.0007250790301184667,0.00029392624356223333,0.0015663679074009,39.93333333333333,0.0333333333333332,40.56666666666667,7.44507646175846,0.06855630693031646,0.08088999122151994,6.658886501512613,6.010161254173407,7.460057888039457,0.0234014195577498,0.01749672754046677,6.6759083606905465,6.035433734844023,0.004680345228306852,-0.005883725000837034,0.003729191935785,0.0033333333333333335,0.0034088031076425335,0.0025470873234970334,0.004338175123211333,0.0003927177581678667,0.0019116485789947336,0.00025629428614513255,0.0013816407579341332,0.0017023561059783662,0.0012538833163712668,0.6099046000000027,-0.06915893516665157,0.11384344733333333,-0.029002467435640635,-0.006666666666666667,-0.023333333333333334,-0.01,-0.07666666666666665,-0.17333333333333334,-0.28,-0.1866666666666663,-0.07666666666666644,-0.043333333333333106,0.03666666666666667,-0.04,0.03666666666666667,0.4266666666666667,2.42,3.17,4.8933333333333335,6.236666666666667,-0.038943788921769064,-0.034541548507396734,0.025261577859484265,-0.0076538597624833,-0.00024041352166113308,0.0004790993139482333,-0.0010573039060440667,-0.0091193488822666,-0.006291807503087096,-0.0009406255635413668,-0.0007490281230942333,-0.0005453960459691668,-0.0033115342377293667,0.0005652098038275667,-0.0017846248226091337,0.0002726579394503,-6.416333418633316e-06,-0.0009340213779784334,-0.0009835506402291665,-0.0007713619827972,-0.0006579317822067334,-0.00020996900751353337,-0.0033032971237992002,0.00015743733417013334,0.0004040809002212261,0.001073845412422,0.00021448258759537895,0.008784109844318868,0.0015678471149088663,0.0012745604435207667
2002-09-01,0.0007497228642722926,0.0006206062398768666,0.0002976415540496668,-0.0012237444870072665,-0.0009299481915963003,-0.0009014468404252001,1.7663715471666694e-05,-0.0011498886464152334,-0.0022674540612692665,-0.0046218776511250115,-0.0012750825252849799,0.0004636970035247001,-0.0022072517937935,0.0017821756732079332,-0.0017898407912264333,-0.0005180352411918,0.010820526484828,-0.014321037169443933,-0.039666666666666704,37.333333333333336,0.005830777999999999,0.0011742401133343,0.0014507564993652665,-0.0333333333333332,0.30000000000000004,-0.014853942686636734,0.006025470352910866,0.008433650040453633,0.0014440455797115346,0.014212841815550867,0.018067854405362165,8.67789693514417e-05,-0.002943556725247333,-0.0007232800286587332,4.983678462326668e-05,-0.004332349731145099,-0.004921575765210967,-0.0033664457010141664,0.0007148714431188667,-0.0011545840612748332,-0.0007021304512039986,-0.0012988791375452334,0.0020502585610889,0.00023200242219086664,39.86666666666667,-0.0333333333333332,40.43333333333333,7.434417834687487,-0.022083128513733296,-0.04110773867733316,6.629225099108216,6.050986681455316,7.475877158989467,-0.009551751920126533,0.006563737630060035,6.664721597754357,6.116732172697319,-0.009994458938933798,-0.0051079837430385,0.0033696779111729333,0.0,0.0005781286011901336,6.786948654636663e-05,0.0043353597100838,-0.0018768620933495,-0.0085560634739224,-0.0069241639189826,0.0013728987660757,0.0040172639288676,-0.0018653327280156666,-0.11580153333333469,-0.018569030317598798,0.031107653000000002,-0.012444923204381434,0.006666666666666667,-0.016666666666666666,-0.0333333333333333,-0.0433333333333333,-0.10333333333333337,-0.28666666666666657,-0.23666666666666705,-0.06999999999999999,-0.056666666666666664,-0.02666666666666667,-0.1366666666666667,-0.16,-0.03666666666666667,1.3133333333333332,2.276666666666667,4.533333333333334,5.823333333333333,0.004811775515976756,0.016569253223437067,0.00021408692664846675,0.006915345982521966,0.0023908786752952667,0.002372980044667598,0.0012735456165717974,0.0009607447086107,-0.027392051284750363,0.0036947965258959346,-4.916457102799939e-06,-4.37451060209994e-06,0.0017094537815704669,-0.00014045387821329998,0.0002200770586423666,-0.00027627675430225043,-8.124696029433376e-06,0.00017832199432633338,-4.543895163564738e-06,0.00018671297112619997,-0.00012583169669517564,-9.181913164603334e-05,0.00023408373190626674,-0.0002575733924927,0.00019351256814263335,-0.0018016031525094666,0.0012919254803076335,-0.014198324956343667,-0.0034069029208622665,0.0036758349027872
2002-12-01,0.0005344858078763333,7.103740469166682e-05,0.0030798187158330996,0.0029087748231979003,0.006465965661629234,0.0027105928926918,0.0021894899953780332,0.0025814343696094998,0.003581079688256801,0.007654070266531432,0.0018518566148673001,-0.0014041203213913667,0.003457258023924033,0.0034781905758872332,-0.0005292436045782,0.0023169376103702,-0.008741108431618034,0.005848610809913768,0.17946666666666533,-12.666666666666666,-0.004976726666666667,0.0014260344747019666,0.000993593399124767,0.033333333333333194,0.2333333333333333,0.010793803167679833,0.0091616812728329,0.013317922540573205,0.004057813567031933,0.0209073300703911,-0.010385055926598432,-0.00011230649569548201,-0.0026535479357723997,-0.0013190889130672999,0.0007466590145034334,-0.0042772758244898,-0.005321365662322067,-0.0025767286896402,0.00040912822383570006,-0.0008685701151970667,-0.0013130190713569,-0.00042367406887323326,0.0014152535412510665,0.0010343105824919,39.800000000000004,0.0,40.4,7.49416602231335,3.700743415417188e-17,0.0590332042709365,6.689455375620644,6.138645857626813,7.508925953849974,-0.0058652539634600305,0.007346486522096463,6.697908100843811,6.164407096110914,0.0016906140523591333,-0.0046763543296511,0.002630890531651249,-0.0033333333333333335,-0.0002604093092125,-0.0007346189487289,0.0035161181672933666,-0.0006863828788015337,0.0225583358566661,0.0224224301635174,-0.0011183435473378,-0.0033353004821515667,0.0012781518931751668,0.381545966666664,0.0156977329548352,-0.019691867000000033,0.008962228888984732,-0.17,-0.1466666666666667,-0.13666666666666666,-0.12,-0.09666666666666664,0.0333333333333332,0.03666666666666667,-0.0500000000000001,-0.126666666666667,0.04666666666666667,-0.07666666666666667,-0.036666666666666674,0.16,1.7700000000000002,2.77,4.956666666666666,6.2,-0.027125807485922266,-0.0139945266908234,0.012599925237815767,-0.0078223760206422,0.001413639295622733,0.0018618104090719334,0.0012512537566934702,0.019210839610157834,0.04701315030827486,-0.0018608693278959337,0.000726946922229155,-0.0005517381671120668,0.0029470107940883943,-0.0012771344973177999,0.0015453263921617333,-0.0008408261573933333,0.00014759110971059998,0.0009034922178772167,0.0009595162441256308,0.0007511171837588666,0.000386533934757811,-0.0014967151155902,0.0025900446045126666,1.3420020493999996e-05,-0.0010144462400774,-0.0017732544797577666,-0.0010892633685569335,0.010657796349779732,0.0016210104181967333,-0.005985842037925233
2003-03-01,0.000680449952954,0.0005387454214016001,0.0024039108827746667,-0.0016461015504430664,0.0003971693133084338,-0.0025915122895264,-0.0021314101456274335,-0.0012216075924804668,-0.001354088177208134,-0.007262424252188533,0.0010600050711407332,-0.0023629552790437667,-0.00322624839136734,-0.0051829089035928,-0.0021475898265045667,-0.0025799761294230668,-0.004280508729937768,-0.0015889059145318002,-0.18129999999999802,-111.0,-0.0174563513333333,0.0012243055235986666,0.0005235412819572667,0.06666666666666687,0.3000000000000003,-0.007315927880855899,0.0100458998570338,0.0186313970561359,0.0037745154430849012,0.030216860127389705,0.033109902871838535,-0.0010252681512353666,-0.004287060993721733,-0.004256509022037066,-0.0007466590145034334,-0.005858222592866666,-0.006551587973889367,-0.004736610190884467,-0.00036296081149107584,-0.0010955153168682333,-0.00010765807888073334,-0.0011063180860209668,0.002111677144837233,-0.0004781627035601316,39.63333333333333,-0.033333333333333666,40.266666666666666,7.417854199427563,0.002275321690133267,-0.0559227617946399,6.632250741289854,6.090775206909737,7.497890352505407,0.005865253963460067,-0.012021644973599997,6.6965757819492495,6.183497931534586,-0.0012710926649142998,0.0024810836605399333,0.0031232951595380667,0.009999999999999934,0.0009316641132694333,0.0002142312403948333,0.0042143942531568,0.0019783921375801125,-0.01595005574451343,-0.017453781993154033,0.0013947234346180332,-0.0006925567849484335,0.001352979443002067,0.598994166666671,-0.002168885192442164,0.007036471666666669,-0.017916741123590235,0.006666666666666667,-0.013333333333333336,-0.013333333333333334,-0.02,-0.03000000000000007,-0.04,-0.02999999999999997,-0.14333333333333317,-0.16666666666666666,-0.02666666666666667,-0.11333333333333333,-0.10666666666666667,0.013333333333333334,1.6133333333333333,2.6333333333333333,4.6033333333333335,5.696666666666666,0.00043560337257703315,0.0030210020739494,-0.009108377272500067,-0.0184960986571877,-0.0075167916009044,-0.0097599845848325,-0.011489756298783134,-0.08178378705463217,-0.09498547180048085,-0.010154954714590334,-0.0027348219292451666,0.000527488492451433,-0.012234388549399502,-3.027558115066669e-06,-0.0055031912023479,0.0005525118060465999,-0.0009386628232181666,-0.0032666372080397666,-0.0036447436698769,-0.0028244251951763002,-0.0015611405960272334,0.0011096530967948666,-0.007218177035702533,-0.00017773058434076652,0.00019881889667016444,0.002477478259490033,-0.0010700953956269668,0.008082867886447666,0.0013760678004181997,0.0028117299507964665
2003-06-01,0.0038287889530798,0.0037215324466863334,0.004352273384603401,0.008541280106890368,0.007963428048026766,0.0020424351089962335,0.002653043094380633,0.0029243028678305,0.002945947231922333,0.011540064350462531,-0.0005313075773560998,0.0026396433916223336,0.0012026252774329333,0.007354611113408133,-0.0040120549216566,0.002718762614046,0.0013955154729480672,-0.0034913315127476662,0.21686666666666565,-42.333333333333336,-0.006895432,2.5031944186166617e-05,-0.00038530466982913334,0.06666666666666667,0.10000000000000032,-0.008947460175621499,-0.005685186133533168,0.027231866870612496,0.05201966050539796,0.007694622249404763,-0.019468817799837734,3.072715822047041e-05,-0.0023562630627106,0.0027994565662773333,0.0022844745753521,-0.004710935211900066,-0.004915191828391767,-0.0043816842922380335,0.0005104928790716667,-0.0011521893114280668,-0.0015289034007874333,-0.0007889550034221,0.0010302701325877667,0.0005860400633554667,39.73333333333333,-0.0333333333333332,40.199999999999996,7.516019815254193,0.08200312535040347,0.061117672133536666,6.7231726994278835,6.149838389130024,7.530948932925097,0.022480426931846733,0.020097410085373465,6.73480329653324,6.158147130639357,0.0077299108522298,0.0011816945061422332,-0.0030905364203134,-0.016666666666666566,-0.0011785055281201334,0.0004992742110972666,0.007110207637008266,-0.0008161395768858333,0.0075724474412756345,0.008623628860646401,0.0023547101662344,0.0005350219038140334,-0.0015217904395044,0.14811406666666482,0.03633738133099244,-0.059093058,0.017659773677437166,-0.08333333333333333,-0.06666666666666667,-0.07666666666666659,-0.06333333333333331,-0.050000000000000024,-0.020000000000000018,0.006666666666666672,-0.08333333333333333,-0.07666666666666666,-0.08,-0.19999999999999998,-0.18000000000000002,-0.06,1.39,2.4633333333333334,4.0633333333333335,5.233333333333333,-0.0041858864541218,-0.003350533195442667,0.010054996832837901,-0.017866238920782967,0.0044264358765181665,0.005516085778376767,0.0084197050283394,0.0482254401148432,0.05774821406107097,0.0155881940379728,0.0023617399702869665,0.0024856237962712665,0.008852268487501334,0.0007792990962359666,0.004626084968336067,-0.00029258433626613373,0.0007687854047873,0.002533091351098467,0.0028678123551853,0.0022519391365876332,0.0015446761737092666,0.0004375834305593332,0.0058873272850048656,0.00029451354152390004,0.00019526643379743326,-0.0014102899416409272,0.0010602960374841333,0.01872203998649977,-0.0006991552794323001,-0.003096010595698733
2003-09-01,0.0022853670456169,0.0028755510443278665,0.0025058447248783662,0.0020030603904105,0.0022626259058296998,0.0018923275499877663,-5.458653241153325e-05,-0.0007080837953375331,-0.0021565505396191668,-0.00014826236277796739,-0.0029231767531987334,0.0035902320229105004,0.004598701434173166,0.0067423562773256005,0.0014539371701198667,0.0016410218391845997,-0.004253047116047601,0.007321208511235633,0.14120000000000266,108.0,0.015891670333333333,0.0005252370621639333,0.0012343093629425333,-0.06666666666666687,-0.13333333333333267,-0.0012277484720986337,-0.002943642346141769,-0.017131569707733132,-0.03576744294986303,-0.002204705739346533,-0.024796137170183034,0.0006548388542680334,-0.0002611307092680333,0.0011264629876892999,0.002416362875758067,-0.0016007268817285333,-0.0011649110929733333,-0.0023038772446716,0.0008378491035561001,0.0010993023439879667,-0.0005774090220427,0.0016519746664430668,-0.00045292659265130003,-0.0011576497477647,39.9,0.10000000000000007,40.43333333333334,7.55596724049047,-0.06866801381250347,-0.005194910338896806,6.777578637225383,6.142480876926439,7.59061688604103,0.027793869646349834,0.0017683507432331668,6.7963987425676935,6.221373600194973,0.019395389914953032,0.008401638989456102,0.0009938073322762666,-0.0033333333333333335,-0.0015329676290842002,-0.003132133112753066,-0.0010239106199290665,0.0004960542518256001,-0.022368001466699237,-0.0225105099927988,-0.006261646585048933,-0.007483984262671367,0.0006629820549862,0.24161803333333878,0.015162259352371433,-0.006814556666666634,-0.007208868234448666,0.0,0.01,0.006666666666666665,0.0166666666666667,0.0433333333333333,0.10666666666666656,0.10333333333333317,0.07000000000000013,0.0366666666666668,0.043333333333333335,-0.08,-0.0033333333333333335,0.25,2.23,3.32,4.75,5.826666666666667,-0.0096653934795167,-0.0268937692126929,0.011531961150118133,-0.014794233364643333,0.0016132183176405335,0.0020433283126548335,0.000494525019952,0.018269687947002566,0.022775900009680734,0.012115187900333732,-0.0014508739089962666,-0.0008281577758871666,-0.0074043680869504,-0.0007938215656754334,-0.0035321117732995,-0.0008822418182748562,-6.77699616452793e-06,-0.0016256055956488998,-0.0019080792905936002,-0.001311671847206,-0.0009355404147149,-0.0006751398918618331,-0.004113301490889399,8.968644932816892e-05,-0.0007920043009400466,1.3865039094667377e-06,-0.0008470991428907332,-0.0248826849592282,0.002157809521894633,0.0023055187251887666
2003-12-01,0.0013955500652637334,0.0009561819893023002,0.0034270695720059,-0.0013238369562825001,0.004825864924109534,0.0029806447109399664,0.0031106073154993,0.0033198032511787667,0.0037913620406992664,0.0073598198410849665,0.0024164857758662,0.005696427694979967,0.0028100337588702336,0.0052495956959388,-0.000159906375996474,0.0023491348615948004,0.0248451256495201,0.0018779218709191667,0.20169999999999766,39.666666666666664,0.010195715999999968,0.00028614449327986666,0.0011768009058918838,-0.09999999999999987,0.19999999999999932,-0.003089302310260502,-0.030115860459959596,-0.008511100668388335,-0.008829039064474431,-0.008269157901422635,-0.019587058621572933,0.0008065466907935,0.0003378949436155,0.0025042954222653335,0.0031299134499462333,-0.0010014563573564666,0.00033861959004373335,-0.003178702491670267,0.0008999500392891001,0.0008319966285312001,0.0015135706570757336,0.0004440532672595334,-0.0004948046430600666,-0.0003093868175826667,40.06666666666667,0.06666666666666667,40.833333333333336,7.608650091718066,-0.011075215876109773,-0.038824996998789864,6.83355268069636,6.270423114497841,7.576676421656081,-0.015347979500469967,-0.014416661264606667,6.790126976768517,6.2024852066613505,-0.009213242861771167,0.0089250166946026,0.0015314782404024666,-0.0033333333333333335,-0.00020518512869513333,0.0009819336757826667,-0.0018632545422363333,-0.0030611759832212663,0.028742894197273234,0.02920681024518493,0.0023472162665140336,0.0061566388085223,-0.00014353848468160024,0.08760510000000034,0.028815475057351502,-0.022919533000000065,-0.011421340438168668,-0.003333333333333334,-0.006666666666666665,-0.01333333333333333,-0.01,-0.003333333333333336,-0.02333333333333333,-0.046666666666666495,-0.053333333333333365,-0.09666666666666661,0.06999999999999999,-0.09000000000000001,0.0,0.30333333333333334,2.2333333333333334,3.2466666666666666,4.61,5.573333333333333,-0.021637235425676832,-0.009971514075606232,0.02784547752975607,-0.0066977055000647,-1.3961579005799737e-05,-2.3029577817200123e-05,0.0029323639516022665,0.005136457081237734,-0.001923683728041567,0.0021494667177671327,0.0017948255821421666,-0.0008283953178231668,0.010085286307697333,0.00021248347694056676,0.0041718176085826335,0.0017238711622399002,0.00014673873405789999,0.0023278812490842,0.002651529132820666,0.001855571367178033,0.0012441036257187334,0.0015224919091644668,0.004396526586669467,0.00011186535055075009,0.0009825349339259001,0.0017497852953813665,0.0006275496048721,0.0002499306944496668,-0.002938462896034134,-0.0036715158580040673
2004-03-01,0.0027151488143566,0.002423887753632,0.0023014250132466336,0.006739742740278933,0.004558230381475667,0.0020476338420500665,0.0017624084873671334,0.0018094868389964,0.0005461695908203999,-0.0033202075810505366,0.002123695331318234,0.0044147466250335,0.0024291281157585334,0.005455096621827689,0.002437152659592367,0.003543438527602,-0.022127052077168297,0.006649104017212667,0.2951333333333345,29.0,0.0068876380000000015,1.8159613931133304e-05,0.0005003272309084334,-0.033333333333333666,-0.09999999999999899,0.011590066580572335,0.004333604059083867,-0.04141071521007673,-0.07335043221994816,-0.019022024491097366,-0.011246273360647166,0.001668145029375,0.0013481649655021001,0.006437340411114066,0.0025698965996750335,0.0005593233501404,0.0013510489110555334,-0.0007378715427713,0.0017318273715603,0.0015002591553999335,0.002049156175692867,0.0014796198649224335,0.0007831018542520333,0.0011741453247614334,40.06666666666667,0.0,40.86666666666667,7.574359903312374,0.06524819237536673,0.04913509722924003,6.819040160719297,6.192500454961343,7.617476612215367,0.015347979500469998,0.016175680298220033,6.8435699046654195,6.2708070999285725,0.0104159074134677,0.010912742468470633,0.007945522497799666,-0.0033333333333333327,0.0010780331491655336,0.0017676549035930333,0.004391967422899133,0.003339868871238433,-0.004808016448130702,-0.0050637193494336335,0.000615533166636,0.004936226226156133,-0.0007669997620401666,0.04895043333332689,0.00024714460856440035,0.017654856666666666,-0.049255172995811065,0.0,0.006666666666666665,0.019999999999999966,0.04,0.06333333333333334,0.08999999999999987,0.06666666666666658,0.06333333333333334,0.006666666666666654,0.03666666666666667,-0.06666666666666667,0.02,0.2833333333333333,2.08,3.0833333333333335,4.516666666666667,5.276666666666666,0.015197163906416135,0.0043252545586177004,-0.004115505437789634,0.0116775911719234,0.0004394544468331334,0.00042307108909599996,0.0001420804870439999,-0.007965958129712934,-0.021921314774395,-0.014057629212766534,-0.0009004196785919622,0.0008306814778448,-0.007123673587187767,0.0005318937920695922,-0.0026259957748428335,-2.5292696588981767e-07,-0.00015918123415569998,-0.001434056404321811,-0.0018898719057244334,-0.0011150110688295113,-0.000668538499385,-0.00025193807805003334,-0.0028791977489961667,-7.733888076300073e-06,-0.00039537430528543337,-0.0008764813886941664,0.00041184423179186844,-0.0028338044985721997,0.0009953770065358337,0.0008625375310884002
2004-06-01,0.003262236283624933,0.0041535076978321,0.002952392853969666,0.0011089763735239665,0.005312890826862333,0.0023402773976085,0.0018802993158442667,0.0009061494253474999,-0.002183487911232533,-0.0085181032118191,0.0002479310828453336,0.009346002873461599,0.0029394059753089334,0.004148828233299834,0.0057093963588925,0.0031127380587652673,-0.004336967261775,0.0050636459333824,0.24916666666666734,101.0,0.013012588666666667,0.0019057888600529334,0.002098944527801833,-0.0333333333333332,-0.2666666666666673,0.004761985749158666,-0.0022296627169321,-0.006000048793292333,0.019703335160683334,-0.023723912452788334,-0.0050633884979915,0.0011167465291261,0.0015254160491332,0.005556216391013834,0.0036508987728781,0.0003723615086185333,0.0013082906244321667,-0.0011716473691484334,0.0010354002583264999,0.0009178768764818666,0.0008149599702710333,0.0005035733584743,8.23248542918e-05,-0.00012339966206023333,40.06666666666667,0.0333333333333332,40.9,7.568078919529274,0.007326302239593301,-0.03852156194402013,6.786614014987896,6.276400249259353,7.64648885211437,-0.0033501119511667662,-0.015256139485193365,6.886477467547787,6.311412504912887,0.004430704713086534,0.010056102492101199,0.008665617474857567,0.0033333333333333335,-0.0014990110553866995,-0.0015172436770155668,0.0019090732916318002,0.0009331206902378,-0.006101085298502766,-0.007035292749578435,0.005194690933995667,-0.007209633034721066,-0.0007036669109528028,-0.29293279999999816,-0.008190800685455033,0.03060767166666663,-0.048860532154402066,0.08666666666666667,0.14999999999999997,0.13000000000000006,0.18999999999999992,0.22333333333333336,0.10000000000000005,0.05000000000000023,0.029999999999999933,0.05333333333333339,0.25666666666666665,0.10999999999999999,0.4266666666666667,0.9033333333333333,2.7266666666666666,3.5533333333333332,4.86,5.62,-0.0135602139247475,0.005620686708908167,0.0074404178607238,-0.0048790512663909,-0.0027217589501305,-0.0031141458465627834,-0.002432614197570167,-0.0068773792102143,0.023258694691203605,0.008441969993015467,-0.00018131178910989993,-0.0011037598189457406,0.0010541147882656334,-0.00033659183926279995,6.751071944166634e-06,-0.0002922641477960494,-0.00015701654258779997,-0.00017913588844579997,0.0003737005709521335,-0.0001857222356547668,-0.00030927826906460004,-0.0012069259370968667,3.603970232143322e-05,-0.00023968526235495678,-1.3631597224339502e-06,-0.00017374685477215983,-0.0008325472067975667,0.0037744150585321003,-0.00039013389135903327,0.0002699723481717666
2004-09-01,0.001913213825914633,0.001655012576401,0.004159514183398467,0.004950775051125167,0.008462812755134599,0.0036122744375092,0.003433416794380567,0.004094599420845333,0.004518503329671267,0.007747962762974132,0.0033473775964098667,0.0023509570484243664,0.0038186172047645,0.007770017701267833,0.005662189027627033,0.004644803445304167,0.005608959176588733,0.006757614922921201,0.32956666666666473,43.0,0.0067881796666666334,0.0002278739562265665,0.00042011596941189997,0.0,0.23333333333333298,-0.0105676477471593,-0.011522376121518435,0.013762652864878135,0.017582456698037003,0.010923544277496299,-0.008863151396413435,0.0014580298001547,0.0015487660532151667,0.0008223428278088333,0.004743688045515733,2.325878892446666e-05,0.001228845719489,-0.0019826576420254667,0.0014399523855257665,0.0013068837148886667,0.001470207026396,0.00118162630375806,0.0006578678999004333,0.0007704994724021999,40.03333333333333,-0.0333333333333332,40.699999999999996,7.60044597378251,-0.012928675011720195,0.036825205441530166,6.832727735611161,6.26446693918929,7.6326586067622735,-0.026260292617706665,0.004560034634693601,6.876221653842084,6.270965866746423,-0.0029532496823427,0.0028206638204254005,0.004944185530947075,-0.006666666666666667,0.0004230871951535666,0.0007450438378354666,0.0016789625950229998,-0.0021751564777557,-0.013712973238864433,-0.012376512376512402,-0.0024008431863094667,0.0034323911741435073,0.0026007844349245335,0.39405403333333294,0.0034067453216773,0.008165519333333334,-0.030706527612843232,0.16666666666666666,0.15333333333333335,0.14333333333333334,0.11333333333333336,0.0433333333333333,-0.11333333333333323,-0.1333333333333334,-0.11666666666666677,-0.13666666666666652,0.21,0.03,0.26333333333333336,0.5233333333333333,1.7933333333333332,2.57,3.9266666666666663,4.713333333333334,-0.0032819784677029667,-0.0021490218626866666,-0.006591113461228433,-0.019621137909971335,0.005782986405911566,0.007178962205468733,0.0024812473114176332,0.015230306700793797,0.025772622235946906,0.010105666804008965,0.0013988905604704,0.0013828027456866331,0.007690195459580267,9.5548240897375e-05,0.004497337736217666,0.0017441920920467002,-0.00015337485918345638,0.0015709932024672666,0.0022141241940447387,0.001630185221346847,0.0011195645745078334,0.0019323591716779002,0.0048300448686188,-0.0003072855342287926,-0.00019587787101696657,0.0006914708886498665,-0.0008209088237899001,0.001409364494251733,0.0023717642777487335,0.00014100838566980024
2004-12-01,0.0009683621964900342,-1.5371963079000944e-05,0.0020773244025580335,0.006968820555731134,0.0019895212821884004,0.0045822503211988,0.0045601003577552335,0.0042565352662498,0.002733260105177167,-0.0039363464573183,0.0050547606494933004,0.007711530257078999,0.0045916710723883,0.005418771896093366,0.0041430850446512665,0.0046186960281545805,0.008381095829921999,0.0024478515667639006,0.27853333333333313,-46.333333333333336,-0.0001501693333333017,0.0005318514738981333,0.0012215302783188666,-0.06666666666666687,-3.2381504884900397e-16,-0.012050253238406,-0.0007244804706614,-0.021505532921564402,-0.026872675503973365,-0.017532351923895767,0.0092516518288921,0.0008797998159645,-0.0006823922497858334,0.007928706668953534,0.0008467405061196334,-0.0017489284236281,-0.0008932564523718,-0.0031844393168753335,0.0011902138003492,0.0008987715728251333,0.0006087094395628,0.0007435578893554001,0.0011481538394803668,0.0012137707095849373,39.93333333333333,0.0333333333333332,40.6,7.592535042982017,-0.02746651058902333,-0.05337361560458681,6.857780038134801,6.245365015379179,7.649606748705111,0.024572525298856868,-0.0323139817307435,6.88803148072795,6.3371139246354735,0.0169974006713502,0.007176190543531167,0.007378456750031366,0.0,-0.0021140772633196,-0.0011184537117916334,0.0012636265250864,-0.0012152949808772332,0.030487328948957632,0.030691530691530702,0.004753715851121166,-0.0007854591761982667,-0.003411574635808934,0.006700633333337258,0.018624711463717566,-0.018519809999999966,0.0014647178424556002,0.17333333333333334,0.19666666666666666,0.19000000000000003,0.20333333333333334,0.21,0.1200000000000001,0.04,-0.036666666666666334,-0.0633333333333335,0.25666666666666665,0.07333333333333335,0.31333333333333335,0.5533333333333333,1.49,2.09,3.3266666666666667,4.0,-0.014871327243090699,-0.017108489634039967,0.013018956880580301,-0.0059609685530221,-0.0042344242493542,-0.005665089253750334,-0.0023175135985047664,-0.020852422067702367,-0.0224318628944855,-0.01628906857812287,-0.0019255524510658334,0.0005560190335657222,-0.010645015900921068,-1.0723452694404997e-05,-0.005124210002049234,-0.0005847399482758895,-4.206566608227801e-06,-0.0020938949881085483,-0.0029490824200711,-0.0021723607399348885,-0.0009914057843702,-0.0013082963344726417,-0.006307814753289333,0.0008834533726487,-0.00019262256146150003,-0.0013850129572413334,0.0014290585249456666,-0.015257114144924097,-0.0044093170366471665,0.012180841552401301
2005-03-01,0.0024734635611126,0.0020718849077798335,0.0041620317027192336,0.0028233362691091,0.007903821328616433,0.002618708359748333,0.003123224372822067,0.0029837072249625333,0.00044000159592746686,-0.0022334622494112337,0.0012771221474917394,0.0075453928173585365,0.0019549978000616666,0.0025557280544121004,0.0008872860618052997,0.002662816649001134,-0.0005165322445303983,0.009481640053405634,0.07799999999999835,118.33333333333333,0.017802129333333333,0.0020137792554564,0.0023895983554122332,-0.033333333333333,0.033333333333333666,0.006638080222525863,-0.0013080461520447,-0.02086652088718477,-0.03936493498321111,-0.007983187825677966,-0.020208207272145166,0.0018475450978314332,0.0026609959734162337,0.009067956114191601,0.007938541062334367,-0.00018709511939063334,0.0003724811353436333,-0.0011312228051453,0.0016861266822492333,0.0020877571766911665,0.0020953694387977665,0.001995198158916501,0.0002864215892586,0.0002912614103015,39.9,-0.0333333333333332,40.5,7.620271994130913,0.05458172374034,-0.004016112838723308,6.866311978250297,6.248580418897107,7.653663984042933,0.008354656221073398,0.03502035654357657,6.911973764258756,6.3111105695897605,-4.789739018800273e-05,0.0009744274898840665,0.0058943402092725,-0.0033333333333333335,-0.0008902967764766338,0.000375573104673,-0.0020321014434187667,0.0013334318128504334,-0.02037359220897003,-0.022009943578570935,-0.0011969202724276332,0.0006905932668533667,0.0016400024504470668,0.23706023333333404,-0.0048256478297306,0.029862657999999962,-0.022093192638214767,0.17,0.15333333333333335,0.14999999999999988,0.1466666666666666,0.15333333333333335,0.09666666666666672,0.04000000000000006,-0.010000000000000097,0.010000000000000094,0.24,0.04666666666666667,0.3,0.5766666666666667,1.3399999999999999,1.6966666666666665,2.67,3.3366666666666664,0.0045482049850272335,0.012201403845328834,0.0028956518058693994,0.0030072947507386004,-1.641933789999995e-05,0.00019148542283649997,-0.0004760845145200666,0.014718726944071966,-0.033851443048948666,-0.0055477118043262665,0.0012080551644402667,-0.003052209398841933,0.0061401936228126,-0.00011803808067333331,0.0027475386687155334,-0.0008656770122564333,0.0001402231377867666,0.0012057465823171667,0.0021825435356079667,0.0014298688499746748,0.0004956400874116999,0.0002951135305006061,0.0037977683250615666,-0.0005930222607005,0.0009531986287682,0.0008638830091009333,-0.00040972779072566667,0.006050975797965266,0.001388862839928483,-0.0142255003480249
2005-06-01,0.002841753655668267,0.0036434552535873667,0.0048504499826803995,0.002284986237535034,0.0097524517892816,0.0007063814014233999,0.0017517233778713004,0.0024069211106733665,0.0032470608824448667,-0.004422278444055033,0.005666989848795534,0.0003199913659847336,-0.0006397203451265335,-0.0007020084485501334,-0.0017201082762516664,0.00043043100254536664,0.013914251531005865,-0.004987777331034067,-0.1264333333333334,32.333333333333336,0.010856013333333333,0.0011306338584903001,0.0018168170742166665,-0.06666666666666687,-0.6666666666666666,-0.015223345611062799,0.011310225350443098,-0.029796823099649834,-0.00031196383496833596,-0.05117645628037793,0.0012353318647727665,0.0019441045727793666,0.0010374622146039,0.0033453088425951,0.003967486471691934,-0.0005619162670858666,-0.00014894251066973336,-0.0012614332304134333,0.0021239854693639332,0.0018948599915156667,0.0018431285275770334,0.0020203471966925668,0.0016726877602313667,0.0015745292321304334,39.9,-0.0333333333333332,40.43333333333333,7.625068868552487,0.006873095734246865,0.0326870710587365,6.89025843187279,6.237986177049767,7.675420594842717,0.004914093912399932,0.0,6.936031492277003,6.324506045365637,-0.0006370050381796036,0.019213745874515933,-0.0012172676743584,-0.006666666666666667,0.00036150262640906664,0.0009266698827765668,0.0021313964496141665,7.723606138330013e-05,0.003548136335488733,0.0036628639623448324,0.0003532934908123334,0.0019233447326447665,0.0005020949909517001,0.011965799999994075,0.016151181303775335,-0.009979902999999967,0.006559205809595199,0.15666666666666665,0.15666666666666665,0.1466666666666667,0.12333333333333334,0.10666666666666667,-0.0066666666666667,-0.053333333333333344,-0.09000000000000014,-0.033333333333333034,0.21333333333333335,-0.09000000000000001,0.11,0.3433333333333333,0.7666666666666666,1.0066666666666666,1.9566666666666668,2.84,0.026547887600479464,0.014481731789976466,-0.02659447903375713,-0.0035247874667885004,0.0012914218299115668,0.0016774082286185,0.0013122918201874001,0.008776546485939599,0.022039316647162466,0.005585255226631467,0.0010245517073608332,0.0005453276834229999,0.0050548199896336,0.00029870770613153334,0.0018840880165301999,-0.0008684329705876,0.0004317536432889666,0.0013639147635314333,0.0010728294798339002,0.0010609755842712666,0.0004760460828835006,-0.0009498620743029668,0.0024125756728198334,0.00012168342628273336,-0.0001956225451007006,0.0010263369569553334,0.00019877874067889995,-0.002095672546894,-0.0016672658543654996,0.004523476268150667
2005-09-01,0.0014570682725558333,0.0015648419351782766,-0.0018978625241094667,-0.0008320649795402001,-0.002392845476335867,-0.0013748582893755,0.004458758879505834,0.004037057350518133,0.0017831095710514333,0.019475727033040166,-0.003945894488416799,0.011350827785250003,-0.008965531561549634,0.012176852597430766,-0.021334650196909766,0.0028487048883540666,-0.00041239770865873364,-0.021904029019730768,0.060600000000003686,-24.0,-0.0044281699999999995,0.0012668402945662334,0.0012228818876979667,0.0,0.09999999999999902,0.019045593274206234,-0.0102924128548132,0.005801940985058665,0.0006236359786037324,0.009993610737311967,0.0274072912736158,0.0008502425816848333,0.0012885648566207332,0.0086828797642774,0.004815673667194966,-0.0008446544957389333,0.0002233888165814,-0.0026646506573530667,0.0007633511764849333,0.00030834459704996665,0.0013626139199184335,-0.00028538161728990005,0.002755841431705234,-0.0004272917919418667,40.1,0.0666666666666664,40.733333333333334,7.651294155673033,-0.045483700909286696,-0.023717920085429903,6.896933145672197,6.323076686965393,7.703913671700214,-0.008230870863456799,-0.009108034758183331,6.983004877221671,6.355940745529413,0.025444123631939333,0.013524134477899933,0.005501765383183199,-0.0033333333333333335,0.0021836560455520335,7.11217226764993e-05,-0.0020314943529200335,-0.0012342844337407334,-0.0174121383716468,-0.016755372516793567,-0.0003720974322292669,-0.0028246891176329663,-0.0011435127707564,-0.46785396666666673,-0.0083620765925948,0.031779561,-0.02285246444743193,0.17333333333333334,0.18666666666666668,0.16333333333333333,0.18999999999999992,0.18000000000000002,0.11666666666666668,0.0933333333333335,0.09666666666666673,0.11666666666666668,0.21,-0.11,0.13999999999999999,0.3333333333333333,0.52,0.6733333333333333,1.5566666666666666,2.4633333333333334,-0.0016779641757645007,0.008571031629358869,0.002730546015782201,-0.012638823200387733,0.0011754392275404668,0.0016886704934204666,0.008005734634338967,0.002562054292219199,-0.030829935836612133,0.016303461686077266,-0.0015560397509624378,0.0008385748657492666,-0.012946693525767265,0.0002957688330506001,-0.005776940956637933,0.0011574085702497,0.0012779629908165333,-0.001723175031195634,-0.002880940584477201,-0.0017845670833190666,-0.0008760816876236333,0.0008600386006350026,-0.006777784483434235,0.0007939567072293999,0.0007490178182056,-0.0005171642449569334,0.0011983001561065001,0.005789849814511534,0.0011882787181747333,-0.0024001170220954667
2005-12-01,0.0073816079197494,0.006803473742725833,0.0040053338554469,0.008206914025214099,0.012579642906985634,0.005776699585654534,0.001972312812744,0.0010289388997361333,-0.0008126479893150665,-0.0042561056894123,0.00033586288541973333,0.008089572176711666,0.010771646554202534,0.0046883293334864665,0.0176961721688486,0.0058244683268095,-0.039892311794525764,0.020457893384234534,0.3090333333333318,71.0,0.020355730666666644,0.0004729944334111,0.0014047488162406668,-0.09999999999999987,-0.3333333333333333,-0.024410445748092268,-0.015147372201427098,-0.031101923143965298,0.009217177110169965,-0.0650201941904614,-0.058228231067869875,0.0019328448011422335,0.0026067983747814667,0.008857410939037033,0.006241467789411166,0.0004460565748788667,0.0008920611925334333,-0.0003186438760316333,0.0017989752841446334,0.0012817077864687666,0.0025760269453064333,0.0005291784148291666,0.0018514094122258334,0.00027475045057676664,40.4,0.0,40.9,7.666193524084367,0.08999416511746004,0.029167632752606632,6.98715963735789,6.221799269506723,7.688394966072867,0.01784692230934343,-0.010314934616473268,6.980649883465577,6.313280329357807,-0.0005737796879455003,0.019682710934001566,0.0081483912735785,0.0,0.0017670166551413335,0.0004015464016013666,0.003961858348978533,0.0007525292607853668,0.021788568852244335,0.02273576277517997,-0.00030559269345460026,-0.0007106026806579999,0.0051202899743193,-0.137300366666665,0.0234227956181853,-0.023416007666666665,0.014158975395152332,0.17,0.14333333333333367,0.17666666666666675,0.10666666666666647,0.09000000000000019,0.006666666666666499,-0.013333333333333334,-0.01999999999999987,-0.019999999999999865,0.21,-0.14666666666666667,0.06333333333333334,0.22666666666666668,0.24666666666666667,0.32666666666666666,1.21,2.1666666666666665,-0.0027807175385225658,0.0017567815518943497,0.0006603090518004668,-0.005768441164060299,-0.0016750454008909964,-0.002424253109693033,-0.006096067144040267,-0.0180478204104325,0.04914584570090417,-0.009601653064341834,0.0015104522221888333,0.0011221001276119,0.011365763638161499,-0.0012307170061524333,0.0052955146088201,0.0,-0.0008792918428402667,0.0016708472745146665,0.002809625607347,0.0017368397373553664,0.0010794130428447666,7.303548262497936e-06,0.0060356241447798,-0.00043419509868176666,-0.0011314297279615998,-0.0006832320142297331,-0.0016025671893676,-0.005456691206685367,-0.003034485146865633,0.0022024881799360668
2006-03-01,0.0033260857582248335,0.004217278334373567,0.0019888173105494667,-0.0018140255446575,8.581040983613303e-05,0.0018820270148112333,0.0019424315653546666,0.0032424720468604332,0.0011614392575258002,-0.0037713347608452335,0.0027835830486602673,0.0093661137419802,0.001829915532328,0.001730037318187233,-0.0048513260359047,0.00024077073223756655,0.023178128831961964,-0.008402602937570032,-0.11926666666666598,131.0,0.01676698,0.0014768342019729,0.0014197223149422999,0.0,-0.06666666666666632,0.0177237430705836,-0.0079954632758271,0.011970426083971366,-0.024516229340937334,0.04297559686776983,0.008732180887659402,0.0019192544880089668,0.0023951136490225,0.011745716884528334,0.005437148886728666,0.0003517287794257333,0.0013336314744555999,-0.0013416405270713666,0.0018245374601762333,0.0008432354056058332,0.0024818714817993665,-4.134582853096656e-05,0.0026783538394982,0.0010967427524199668,40.46666666666667,-0.0333333333333332,41.1,7.583707238878347,-0.07289640032160997,-0.027206842784916734,6.878923473669267,6.195723185010787,7.642385924653176,-0.045640791955693295,-0.07082875228007317,6.945780134909396,6.26599819239581,0.007992555764273468,0.0212075785501806,0.006267094063406434,0.006666666666666667,-0.001692927270247767,-0.0002601926303255001,0.0014380150147600334,-0.0008267822705371998,0.0030045618032915333,0.0015926433725261997,0.0009230076136074334,0.0013768049242456667,-0.0045232327827798334,-0.281155866666666,0.0060549019105875,0.004758107666666667,-0.0116853321022492,0.16666666666666655,0.153333333333333,0.12,0.13666666666666685,0.1500000000000003,0.18333333333333365,0.18999999999999964,0.18333333333333354,0.1466666666666668,0.16333333333333333,-0.11,-0.003333333333333336,0.16,0.10666666666666667,0.1366666666666667,0.9500000000000001,1.83,0.0014842035223017666,0.004566909825505267,-0.00011310298134859995,-0.0037949974650273006,0.0008347756807654668,0.001013787702049133,-0.0014647783164223674,0.004094793741866265,0.001702339459605499,0.0343546439081783,-0.0003480860445736666,0.000554349340722134,0.0012200602150527994,0.0007957050788351333,0.0001838093456820999,0.0002902336564144836,-0.0007160235380808392,-0.00018338281026006667,-0.0007148310812260999,-0.0003597926694162001,-6.727150928433328e-05,0.00031356505199476675,0.00013204152203059988,-0.00022105265805966666,0.0003722202946517203,0.0005075690319866667,0.0003981272369610813,0.003926138329852367,0.0026816498662677337,0.0041889602669137665
2006-06-01,-0.00011635067261293328,-0.0006787711639250333,0.0026173386864135335,0.00035923206301193347,0.0014730490401528,0.0009865547476455999,4.0276208087500036e-05,0.0005064183152958669,-0.0018781877728404337,-0.012035515620550432,0.0013503855639998336,0.0058429762858791335,0.0021895308416936664,-0.002874581691132833,0.0014675909793411667,-0.0009753330353164334,0.0139363133347805,0.0185389841502254,-0.21793333333333442,-132.0,-0.0201162093333333,0.0010939891201425,0.0010209652970782667,0.0,0.133333333333334,0.006931800727767134,-0.0024992307019336356,-0.0091920229249318,-0.011953472053671532,-0.006831358636171329,0.016284300464861935,0.0007846390435226665,-0.0005897879776982,0.006416157117590066,-0.0006045689786151,-0.0008917681090920667,-0.0004439512309968333,-0.0016685954493702332,0.0010577694062743335,0.00048453327583959996,0.0013936745286132334,-0.0003941307644884319,-0.00023897718791530002,0.0008201954379713334,40.46666666666667,0.0333333333333332,41.26666666666667,7.509346951086883,-0.06077385226465013,-0.05285307003734313,6.813548094149099,6.123028222296217,7.519699204500131,-0.022480426931846764,-0.007143130485299999,6.83129790359008,6.1376871300866105,-0.008065739961235633,0.012209610700044365,0.007965894746059599,0.006666666666666667,-0.0002937960624110666,0.00018584082509259995,0.0005989818922339333,1.0495970901666623e-06,-0.016739677715122834,-0.0170941511479169,-0.001686339800887833,-0.0007033529151859334,-0.00011076574596199928,-0.35725169999999756,-0.010909974867956569,0.036875257333333335,-0.02509485038452103,0.14999999999999994,0.143333333333333,0.11666666666666677,0.1133333333333333,0.1066666666666664,0.04666666666666657,0.033333333333333166,0.0033333333333331674,0.02666666666666667,0.16666666666666666,-0.23666666666666666,-0.10666666666666665,0.07,-0.02,0.04666666666666667,0.84,1.7066666666666668,-0.012009021785593333,-0.0037294083668859674,0.014083612497057167,-0.004310594489387267,-0.003536325149347834,-0.0038189021625865665,-0.002476908137937233,-0.0023550743251593335,-0.018345556112062233,-0.034874280800965066,0.00014704117724576677,-0.004463533709895267,0.00017519005744463337,-0.0003088180065348919,0.00015970330980066665,5.062951474333471e-07,0.00013230886956941404,-2.2447609240733475e-05,0.00032561199476936666,0.00015151076721026663,-0.0004075803972017667,-7.952128822700065e-06,-0.0003996911566943335,-0.00048822452903396664,-0.0005622507046632,-0.00017887814444653323,-0.0005979074846755006,0.005525460659175835,0.002906347368994,-0.005543642622260033
2006-09-01,0.0034191454219367665,0.0038272605274952006,0.0023892953284709666,0.0020452039601869666,-0.0005054814098546333,0.0004973970035863667,0.0010158280806915,0.0023005062485204003,0.001201072796804467,-0.0008449718464260004,0.0018464127215027666,0.004039687402199667,-0.0001836408623659334,7.638473244099784e-06,0.0026342180216415,0.001123732312238433,-0.0035831587058086345,0.002070641838361834,-0.07323333333333461,65.66666666666667,0.023356477666666636,0.0014589357695531998,0.0025606079762857665,-0.09999999999999987,-0.266666666666667,-0.013117675402052234,-0.0036257943997309986,-0.03481288512522047,-0.0006768191834606666,-0.06344299700588556,-0.003468421644930933,0.0007730532347676334,-0.0020428165899215667,0.006556895003771,-0.0012992091281773665,-0.002760784549693,-0.0023777779530208664,-0.0034274560714273998,0.0013284359431023334,0.0009161360120432,0.0008538839289217,0.0008638655725825667,0.0007164181862263667,0.0014380561650183669,40.5,-0.133333333333333,41.1,7.388604150488956,-0.013607331506753403,-0.08132587940568332,6.72396993024408,5.959881101592713,7.40720962371373,-0.04120465198905663,-0.0505822775052866,6.731342701954357,5.982898202278636,0.011660343860641431,0.0178306849489349,0.004964219155317167,0.01,0.0021661627697022,0.00033278140217046667,0.006836053813865733,0.00012259780505719992,-0.005636224236714966,-0.0033020544161679994,-0.0005042935043310671,0.012563511659045868,-0.0016191119746373332,0.018877099999997315,0.0262215772046825,-0.0302280893333333,0.017970560422643698,0.0033333333333332334,-0.04333333333333327,-0.010000000000000097,-0.0466666666666666,-0.07,-0.11666666666666649,-0.11999999999999977,-0.11333333333333334,-0.11333333333333323,0.01,-0.35333333333333333,-0.3233333333333333,-0.23,-0.5233333333333333,-0.47333333333333333,0.31666666666666665,1.23,0.006032139416366233,0.008084272860172567,0.005769512628771767,-0.0002657336603818997,-0.0023086720835034324,-0.0032483206660157,-0.004063256702357266,-0.0304861981231497,-0.042940765520240766,-0.006421102610941534,-0.0032946284368320995,0.0019559665182166002,-0.017475854527162934,-8.14065689610001e-06,-0.007500732461638001,-0.0011667807536517494,-0.000561707682150487,-0.003767777517386333,-0.0051964805140419,-0.003580964358511312,-0.0019233127006703333,-0.00020390979930396658,-0.008437068983706534,-1.709033066860002e-05,0.0014682176555168667,0.0008195471825265714,0.0013827180321028,-0.008062874954798465,-0.0016752509580051332,0.004741080485778167
2006-12-01,0.004221269836074567,0.002987626170095667,0.0027052873455766335,0.0034435229426208994,0.0047585695082078,0.0021175585454408998,0.0017699767250982,0.0015411554072191,0.0003283237078252332,0.0010292476799014332,0.00011837205407576666,0.0010888615757798,0.0025415971459673,0.004586253983469833,0.006452191923967467,0.004095805152043499,-0.014316149487376001,0.011059939229030648,0.13463333333333574,57.333333333333336,-0.004378969333333333,0.0024094779727382334,0.001633821944539633,0.06666666666666633,3.700743415417188e-17,-0.007082875459187965,0.0250308249349431,0.014859422483993967,0.0103393314745448,0.018932532797711232,0.001843808204409834,0.0015213513432392335,-0.00022280151443314846,0.0035935040627296994,0.0018606309533654001,-0.0015199038397721999,-0.0020195282239019664,-0.0006506606269234997,0.0018625512462282334,0.0018752979607228003,0.0022833273887983667,0.0015804856260531151,0.0001589951536622,0.0004075810575064,40.53333333333333,-0.033333333333333666,41.03333333333333,7.339130244266876,0.07065675023869679,-0.0590240669692701,6.660073387148444,5.91782659662681,7.377131738180694,0.06368507892090343,0.03832599490958973,6.69139148656874,5.932064713225148,0.0091188724760271,0.0179608404680381,0.0025678270408899333,-0.003333333333333334,-0.0001966597566603999,-0.0005711688025916,0.002966299668440633,-0.0012483407483825,0.016978116162714333,0.0155833635727193,-4.9625971823999936e-05,-0.013174187507531234,-0.00028265242199766667,-0.5137305666666707,0.014538418532953401,-0.0084879213333334,0.0018047008225975,0.0,0.0,0.020000000000000268,0.010000000000000066,0.016666666666666535,0.020000000000000063,0.009999999999999667,-0.036666666666666535,-0.0266666666666668,-0.006666666666666667,-0.3233333333333333,-0.32,-0.24333333333333332,-0.6266666666666666,-0.6066666666666667,0.10333333333333333,1.0066666666666666,-0.004554059570095067,0.005126094459161115,0.014290882761874,0.013828200569601668,0.0027217236391014333,0.0032450819354036334,0.002241932429761,0.008360938866867465,-0.015595188211336366,-0.008588138583411868,0.0020352174848229667,0.0012780152561496394,0.0081768516710019,0.0014325621892090333,0.004147470171136367,-6.885979929193335e-05,0.0007022904426170336,0.002124717825177,0.003243456166094267,0.0021204027047287666,0.0018975966610819,-0.0003871134074930667,0.0054265479293995654,0.0011239532267535333,-0.0009267389609432667,0.0004700099863304001,-0.0011866972482514,-0.0034097908543101667,-0.0029781369116488334,-0.003884927631543933
2007-03-01,0.0032306193446670667,0.003829337358905433,0.0006096307496301334,0.0018366026890959334,0.0023485887159188,0.0060192300605829,0.005218844130422266,0.005273994212016567,0.0028196450051719,0.011377640189615465,8.283543363773293e-05,0.011779337070551933,0.007037312351075467,0.009764590192077933,0.0073861074917284,0.005896696252733567,0.018224599237122035,-0.004410008836973533,0.2613000000000008,-24.666666666666668,0.005062947000000001,-0.0015467931855006334,-0.0010104689497693333,-0.0333333333333332,0.19999999999999904,-0.013954598977497604,-0.013350115671541068,0.0187864300851667,0.019144016361958432,0.018468009141685098,0.0031372780607821006,0.0009032018321003999,-0.0013250276125387666,0.007782056203488667,-0.001687110213718867,-0.0015507787815564665,-0.0012025567345889333,-0.0021562360790247,0.0013360071325128333,0.001386999529817809,0.0019030618836120665,0.0014223038045854334,-0.0010348267017666667,0.0012047298709797333,40.43333333333334,0.03333333333333347,41.166666666666664,7.305403417174154,-0.023265253978516736,0.025200913580983503,6.632705341251843,5.947124705890716,7.34826052803625,-0.048677185129586825,-0.06152375884265646,6.649184980380677,5.981107882706933,0.015268885880089433,0.014583333353636867,0.003758566783482433,-0.01,0.0015518343559325334,0.0015654216385658,0.0016724191035659003,0.002346857634803,0.004564919821415834,0.0047241874588062295,6.684045708590914e-05,0.00044506061630870025,0.0019204915245261002,-0.19688969999999514,0.009114772477508633,-0.0014123899999999672,-0.007640330740637399,0.0,-0.0033333333333332334,-0.0366666666666668,-0.03,-0.043333333333333335,-0.05333333333333368,-0.023333333333333,0.023333333333333137,0.016666666666666566,-0.03,-0.31,-0.35333333333333333,-0.29,-0.6633333333333334,-0.6,0.13,1.0566666666666666,-0.008335464538007232,-0.004218462639159401,0.004932605759926066,-0.011913756016964165,0.0028427476385084,0.0037186121626736,0.0044006501758536995,0.019065436794484303,0.06097115737324597,0.0341664973752538,0.0004460878085887334,-0.0014660695038207997,0.0049252730768571664,-0.0009495115945930666,0.0014267663427925334,0.0005580265149870334,-0.0003393471368742,0.0007005540428884333,0.0007830575249482332,0.0005613932930972999,-0.000328459696625,-0.00023375143449126667,0.0013647632883374333,-0.0009280152726353036,0.0008936985904949334,-0.00018020735576693335,0.0017476193197462,0.0067699960107697995,0.0034299010957390005,-0.0006965008594959629
2007-06-01,0.00027207482117396663,0.0002964406149601,0.0015192167422934833,-0.00014836200086126676,0.003105028651556633,-0.0002527893952238333,-0.0013965992920299333,-0.00013296988408483326,-0.0019581273818610333,-0.0014337581462407327,-0.0021148906431364333,0.0003869399977860334,0.0012384751423306336,0.0025783060828927,0.0019248773623603335,0.0006740330011494666,-0.010011638408408933,0.0035459610778711,-0.14276666666666912,-30.333333333333332,-0.013786223333333366,0.001350841540722543,0.0007295825653865001,0.0666666666666668,0.10000000000000031,0.0061854672532743,0.0038043477698123337,0.011913718747200265,-0.0006207326436881664,0.022702671186503733,-0.007366782333555435,0.00048086980515603335,-0.0011356685272983452,0.0047232224282612,-0.0011295027967174666,-0.0013898893849256001,-0.0017741581622090668,-0.0007218561078108,0.0007927074683226667,0.0004652420956823334,0.0014006329049203999,0.00012488991530836666,0.0003187505223370333,-6.0133195190100026e-05,40.56666666666667,0.0,41.266666666666666,7.247880612165074,-0.03825850486414326,0.04672799078184977,6.518190404990617,5.8146958929820665,7.257910952435016,-0.017208121801769935,-0.023319529535636832,6.566889881031083,5.831368771888307,-0.0003486242520173005,0.012641020253825,0.0043144344046813,0.0033333333333333335,-0.0019175691557193001,-0.0019440217108138336,0.0008330734316430666,-0.00016729482651103335,-0.022106159209658735,-0.0231688666944723,0.0016814210464736999,-0.0008575039491270668,0.0007830723153154333,0.32185629999999765,0.0127502824668764,-0.0061975406666667,0.0014791159358070007,0.0033333333333332334,0.0066666666666665335,-0.016666666666666673,-0.0100000000000001,0.010000000000000066,0.09666666666666668,0.10333333333333333,0.0866666666666668,0.08666666666666673,-0.01,-0.5333333333333333,-0.4633333333333333,-0.31,-0.3933333333333333,-0.30333333333333334,0.41,1.3266666666666664,-0.0015155925199319329,0.006885839253140634,0.007887561267519267,-0.025884009570581363,-0.0002284408998605332,-0.00042737222390490034,-0.0004566387616907333,-0.004234999989610834,0.013294566683608601,-0.025125782445493666,-0.00040571900510589994,0.0009419607140582999,-0.0017660831161453669,0.0007306946990682668,-0.0007195773451179334,-0.00042397204335296667,-0.00021100485013589578,-0.0005145885073200668,-0.000532043358738,-0.00048631813933216664,-0.00027487904319299997,-0.0002679751481477666,-0.0006825409855138999,-0.00014081067080426665,-0.0014420102512788333,-0.0011309931436160666,-0.0019436401035976332,0.0052131759984532,0.0014243235948594333,0.0009541804360221
2007-09-01,1.3530263419862335e-05,-0.0005761834375383333,0.0019470735500493332,0.006085608099784967,0.005079059329327467,0.0004899744031326667,-0.0011027972865550334,-0.0012890447856855332,-0.0040186946114954,-0.006146047083419399,-0.0033033723828748665,0.0043948186097218,0.0025166085979284334,0.0024590087699805333,-0.0022390135112641,-0.0005960117678721,0.010057570779417865,-0.0006617614355445667,-0.1886333333333329,12.666666666666666,-0.0008566483333333335,0.00028082826401330005,9.365509630993333e-05,0.0,-0.06666666666666636,0.0056800793192557,0.0424234480748377,-0.009148658869582334,-0.022487651556254203,0.0018025021391307992,0.0155913064689095,0.00032099903164050004,-0.0032943249702217328,0.0011952799301005,-0.0041598788373935,-0.0030153020076509663,-0.0033474357925478335,-0.002439598137859333,0.0010119224797039332,0.0003139855673216334,0.00043579564042533337,5.596994857451596e-05,-0.0025585797642744,0.0018890038860537668,40.53333333333333,-0.033333333333333666,41.266666666666666,7.13692655330033,0.023897309485373153,-0.051618054031113296,6.455056710061733,5.643527595959234,7.1363974960375165,-0.011224405035526602,-0.03745432272901653,6.3994799789981265,5.75875898188433,-0.0035584560161492328,0.012589731719631398,0.004355254660508067,-0.006666666666666667,1.9396930639166653e-05,-0.0007320058448604664,0.0024023279279971,-4.037191177746688e-05,0.002963771533637099,0.01406775162809167,0.0014262631218882004,0.0033392525524024667,-0.00048779494899753333,0.3354696666666633,0.004128093922599767,0.009898978666666702,0.0014303217662557342,-0.16666666666666674,-0.11333333333333308,-0.30666666666666675,-0.2733333333333334,-0.2866666666666667,-0.22666666666666668,-0.15666666666666643,-0.02333333333333343,-0.0566666666666665,0.22666666666666668,-0.91,-0.7600000000000001,-0.67,-0.63,-0.3333333333333333,0.8233333333333334,1.6666666666666667,-0.009184397329228699,-0.015592522733505199,0.0015357998609118,-0.024629419309268864,0.0011638056865849995,0.0011024929778870667,-0.00020880538866219328,0.021465001431101235,-0.0063814627839858,0.004577525193095532,0.0004331606448060332,0.0015187943895833666,0.00017873360626909982,-0.00039794782368246664,0.00042504986958306684,0.0007216408589681,0.0005133632852404332,0.0005140397191049665,0.0006154328793953001,0.0004914853432195333,0.0005012245565335668,0.0010740308594681667,0.0005388357350980334,0.00038002299271626665,-8.542492707461907e-07,-2.7146446937667025e-06,3.3393426912553537e-17,-0.005915050086013433,-0.0018885186854026336,-0.0009776414215601336
2007-12-01,0.0015968872919943668,0.0010893901496924002,0.00043027414433630004,-0.0018646719758562665,-4.70781564802002e-05,0.001651017790704733,0.0010581478596639,0.0013481490605572,-0.0018132887097600334,-0.006719519824608067,-0.0002379002919843335,0.007092933041947433,0.002392490480138667,0.005209726888053267,0.0008692582798609667,0.0016049747141714,0.002509470186770534,0.0013801771990405002,0.06819999999999961,-4.0,-0.0129684416666667,0.0019094415253295,0.0009852089108572,0.09999999999999999,0.16666666666666705,0.001176702535953968,-0.013041598164077498,0.03308498603178037,0.04616801776463367,0.022346414600905067,0.0104956196703352,0.0005158467181273053,-0.0016822423119767001,0.007957937634966,-0.003944819215667733,-0.0009463843579163,-0.0012640061110159,-0.0003972984181104666,0.0009315837100167334,0.00041400859685286677,-0.00020665254272010232,0.0008534528099447,-0.0012061284417547666,0.0013576535869598333,40.56666666666667,1.989149585786739e-16,41.166666666666664,7.0066913652623635,-0.06712325058821643,-0.07934405460265327,6.350904924253183,5.478800529779286,7.051374241300986,-0.03613643283572986,-0.007286264604163438,6.38442966446441,5.517352502952264,0.012323892894890165,0.017538851490421933,0.007617464318788167,0.0,0.00014669844457856676,0.0008148674002666332,-0.0007329934446994333,-0.0032821868277249995,0.0152760120666045,-0.3485343529139148,-0.0005478321319364667,-0.0038091766928095,-0.0009332098625680667,-0.330167133333333,-0.03679235610788557,0.08562289733333335,-0.02659323791940903,-0.2733333333333334,-0.4033333333333335,-0.3833333333333333,-0.42,-0.4633333333333334,-0.4066666666666667,-0.26333333333333325,-0.11000000000000006,0.019999999999999966,0.18000000000000002,-1.2166666666666666,-1.0766666666666667,-1.0666666666666667,-0.8433333333333333,-0.22666666666666668,1.1966666666666665,2.3066666666666666,-0.021548803670169165,-0.0239965553755009,-0.012404609368063401,0.011586317252186298,-0.0002722240909921331,7.628637939986634e-05,0.0017873067953789335,-0.0071643051600913665,-0.020768897128610467,-0.004285222272305165,0.00012109365535813346,-0.000915903550454,0.0005325560763568896,-0.0002582442988415333,0.00048374848766886687,4.4656483108400026e-05,-0.00013988356020914564,-1.6312081152502062e-05,0.00015601507576063338,0.00014446946242563342,-0.00016933441773880008,0.00023178563157110008,0.00016195726031156677,-0.000358794614855083,0.0012290252991502668,0.0004629368515357667,0.0013360071325129999,0.0012215774587591814,-0.0022651068429079334,-0.0064419131786373
2008-03-01,-0.00020026069126960014,-0.0015589813718861667,0.00021492897342323338,-0.004268782761750233,-0.0023749512080607003,-0.0045798903890492335,-0.0064602533543857005,-0.0056152696331143006,-0.007340290223643434,-0.018995756061893698,-0.003770337389920967,-0.003922453673696434,-0.0024882207506188333,-0.0035412509947342335,-0.011597090392088533,-0.007090276434897,0.0015884418801095995,-0.002149930541633599,-0.5245666666666676,-196.33333333333334,-0.024447592999999965,-0.0006367111268291999,-0.0005606647248453667,-6.47630097698008e-17,-0.20000000000000032,-0.008057984356309167,0.022498497207149498,0.018753749534303032,0.0438587859295729,-0.0038647775936399334,0.019817268322396966,-0.0008513341988542665,-0.004096971242243267,0.004436152074724467,-0.006710578138496434,-0.0031250991859697666,-0.0038210341407609997,-0.0019269796845844667,-0.00024339366282135415,-0.0020247432297022003,-0.0023154275850517333,-0.0027768775590886665,-0.0007257774731327665,0.0009218377197163,40.5,-0.0333333333333332,41.199999999999996,6.946401114665119,-0.11164498576744013,0.016263388056476497,6.287580013998846,5.473180521885287,6.903860042745244,-0.05522237396293997,-0.0349156101530233,6.247364958072183,5.391724144562921,-0.011766636084881633,0.012994683501323335,0.0031868669991788334,0.0,-0.0003945493599234666,0.00034871602952023353,0.0057730786587915995,0.0015158842757623003,-0.0015493947552170327,0.6038696346388694,-0.0011755289832828999,-0.00023142203961989995,0.0006714261906874,0.39181019999999966,-0.0020102659352992658,0.016649758333333303,0.017287188899895167,-0.5533333333333333,-0.3266666666666667,-0.48666666666666664,-0.39999999999999997,-0.3233333333333333,-0.04666666666666667,-0.02,0.07333333333333318,0.14333333333333317,0.19333333333333336,-1.0666666666666667,-0.9333333333333332,-0.8466666666666667,0.07666666666666667,1.02,2.9066666666666663,4.2700000000000005,-0.0273832795291365,-0.016283530614004466,0.0019231795845237008,0.0012518957852809002,-0.0021429523375670998,-0.0029663948408549,-0.0010714397307837996,-4.242137698780001e-05,0.017027834695233498,0.0002810131429145009,-0.00037668946722183336,0.0006820844019982666,-0.0027820968086205,-0.0009444882184083666,-0.0009349491444039333,-0.0009460324752339332,-5.744433260119994e-05,-0.0005712893924982667,-0.000143021147049,-0.0003382970454675,-0.00022381097890603334,-0.0015990802689482,-0.00011846460246666669,-2.4907785660971984e-05,-0.0012322709900202667,0.0004513617290573334,-0.001146881831931175,-0.0017411530560208664,-0.00035144519229453347,0.003176586418127233
2008-06-01,0.00031683560236156597,-0.0043051055206918334,-0.0016055418210031,-0.008556728224054533,0.0021990154791614,-0.0044495105866865,-0.005858096066053967,-0.0048531053832876,-0.004878062788151834,-0.008716917964760268,-0.0037451497391549665,-0.0073037890581702,-0.0030230185644708665,-0.00932069898325,-0.011290341091797301,-0.008141301189972966,-0.007028729359755133,-0.0028545085462165,-0.5463333333333317,-95.33333333333333,-0.036285609333333364,0.0015139842229648292,-0.0013714430449305332,0.26666666666666633,0.033333333333334,0.04507823817107496,0.03195837055814806,0.049160914592817434,0.03282921212335487,0.06431827103177457,0.0339126093744451,-0.0013065460081686,-0.004990020353335567,0.008792341839705833,-0.007685391401757567,-0.004196342939846867,-0.0042976060213598,-0.004022574963003033,-0.0006250467749217,-0.002519748882355867,-0.002637694186301267,-0.0027499946737054005,-0.0015779600991786668,0.0017474531704776664,40.300000000000004,-0.06666666666666667,41.0,6.886913987104573,0.18293495727706657,-0.035561380862779934,6.143993500184867,5.293677937702273,6.933824163624537,-0.03146989482369015,-0.05070259273248647,6.169527736268416,5.406782499904743,-0.015765316773499932,0.006210481845878701,0.004629811820530933,-0.0033333333333333335,0.0032454260295633336,0.00018788716387933328,-0.0044304862071187995,0.003809247488225833,-0.007557122339654367,-0.27641753826246646,-0.0012867661036419333,-0.001889680409021233,-0.0006207596615463333,-0.4519262666666668,-0.028721107237921633,0.07072146633333326,0.0018741466608140679,-0.0900000000000001,1.0061396160665481e-16,0.11333333333333333,0.12666666666666668,0.18000000000000002,0.15333333333333335,0.11000000000000004,0.03999999999999993,0.06333333333333363,0.68,-0.25666666666666665,-0.03666666666666667,0.25666666666666665,1.3166666666666667,2.0,3.643333333333333,5.0566666666666675,0.004733768732298633,0.0132826238684706,0.0012089475270989668,-0.0002302593798902333,0.0030738648026851,0.0039263825889189335,0.005690819154154667,-0.00041342504466260085,-0.022653691840061097,0.0004717701538199323,0.0016014528093322,0.0004897346492039667,0.006050860363240933,-5.2342949908633375e-05,0.0028646527205653336,0.0007174371641171666,0.0007220435204941,0.0017953504517978,0.0020210293894864333,0.0017095781901519998,0.0009313401801712999,0.0014743869166000333,0.002324235894449533,0.00033437454012532323,0.0010332174527154332,-0.0004732370862822203,0.0007485218249564668,0.0014257289501161997,0.0006636626144782331,-0.000329230055554267
2008-09-01,0.00037569998632193315,0.0035909652761010667,-0.0027750017380334005,-0.013879101978924134,-0.020233650109462435,-0.016921101429150667,-0.0151441266166611,-0.015777264269166133,-0.007461894555882567,-0.026419902608825332,-0.002074055384834833,-0.043267418097649696,-0.0188777454750859,-0.022284200440843168,-0.0163194901882318,-0.0180774318905718,-0.0033203851712559334,0.013015011564723228,-1.247833333333334,-124.0,-0.028090874333333335,0.0008771225974069001,-0.0016762338969205336,0.2333333333333333,0.9666666666666671,0.035003356278181665,0.025147790591726168,0.08262771916332194,0.0549766046940284,0.1049837001891105,0.0591296586947004,-0.0029341304875706666,-0.007308607370943534,0.0050467431596267,-0.0091084216415241,-0.007054272882846466,-0.008401965845575699,-0.004755192386273967,-0.002136279603183367,-0.0041436997692792,-0.003993225127066634,-0.004135955794537166,-0.0032604082738191997,-0.0002807515441070263,40.06666666666666,-0.1333333333333332,40.63333333333333,6.700965728407303,-0.2458663143769266,-0.06566609040329337,5.998751419932314,5.14397204657132,6.6788962990023535,-0.09921080110164986,-0.03512017188594017,6.012089160846936,5.143606401290033,-0.046152350553871006,-0.0007480547084254,-0.004707952048259267,0.03333333333333333,-0.0012133056165737333,0.0022863223803284336,0.010858903668075565,0.07148167974508145,0.3712741894447629,0.2759107444864417,0.008834459185434499,0.014736026851933766,-0.000897672328574,0.1686994333333396,-0.08689583724312488,0.22498734166666656,-0.0337841032862023,-0.3466666666666665,0.15666666666666654,-0.32,-0.24333333333333332,-0.28666666666666657,-0.19000000000000003,-0.06666666666666667,0.2033333333333335,0.5733333333333331,1.36,-0.42,-0.016666666666666673,0.24333333333333332,1.3233333333333333,2.203333333333333,4.263333333333333,6.186666666666667,0.035220646222802465,-0.022204566611583765,-0.05501798842262381,0.05219111757067666,-0.012148701576117034,-0.01640861501036937,-0.023727295862586636,-0.0660081575656559,-0.10017131866625455,-0.05308466061656427,-0.005250560597687567,-0.0037076183767433338,-0.021890840438077635,0.00018294203232026665,-0.010552895450009233,-0.0011345476113776333,-0.0014370248237579998,-0.0058071284501934675,-0.007609737521523999,-0.0056066834489894996,-0.003756198977624667,-0.00041827999664936663,-0.011569534991091734,-0.0016077703593805667,-1.2367947863799926e-05,-0.00046335491257343324,0.0005554498091435667,-0.0071167329726081335,-0.005434362669736434,0.02150621490567033
2008-12-01,-0.0029182518962654995,-0.007865249625533999,-0.0004792886757052668,-0.0181801017089415,-0.0154847260594586,-0.0223459455503828,-0.020932732785908265,-0.016370255601067668,-0.017710160309001435,-0.0691521742108585,-0.004690251045825366,-0.011354154299267167,-0.024117092932067468,-0.05634172483001646,-0.030634951911362566,-0.030732892864180062,0.012514901963194866,-0.0021358078467243673,-2.029300000000003,-213.0,-0.03605007033333333,-0.001436495626303833,-0.006156794789384034,0.43333333333333335,-0.03333333333333263,0.035288373394914536,0.0604099512095869,0.059098806863760345,0.06287895196614239,0.056235297023172925,0.061766003337086296,-0.005461753309613533,-0.0164717266349908,-0.008847192519684,-0.019709202946382134,-0.0152095930131833,-0.0183608677955327,-0.0099302555819527,-0.003507490065684233,-0.006746842396973734,-0.006431850224972834,-0.007105703575493367,-0.005034345094696667,0.0004431838979386666,39.36666666666667,-0.16666666666666666,39.86666666666667,6.334128912253504,-0.2534288277991899,-0.24758137389977333,5.681189129375883,4.9197698157516765,6.35243361750354,-0.07998355654353011,-0.11588184573978004,5.671937272919294,4.857898711567813,-0.07973144709400454,-0.014181028142629634,-0.014920024968409032,0.039999999999999966,-0.006636290895385431,-0.0009047737762201998,0.020745012523364036,-0.0651697027990305,-0.35713875090260966,-0.0026854150808100683,-0.014810679257812433,-0.0155201639286666,0.00011791947499516665,1.0429321666666633,-0.03755279659134706,0.09129894066666662,0.0444507134180546,-0.2733333333333333,-0.6966666666666667,-0.18000000000000002,-0.3,-0.32666666666666666,-0.37666666666666665,-0.43,-0.41,-0.24666666666666667,1.01,-0.11666666666666668,0.19666666666666668,0.43333333333333335,1.57,2.59,5.173333333333333,8.36,-0.0047586285778106665,-0.03456048804256897,-0.05117934991590794,0.011095995794253534,0.010279682543051734,0.0148044139373038,0.014995354879422334,0.048882765602128835,0.10719314726405958,0.043472932951256836,0.0037210635772749,0.0018608919810138333,0.020463448671010635,0.00034405743280646665,0.008374612471248434,0.0012731931282176862,0.00043207356259243666,0.004523292989795533,0.0053755301677869,0.0039438677534166,0.0022465015659027,6.02835897420273e-05,0.008921006642555499,0.00035144563616283333,-0.0013641263656875237,-0.0016408626659034,-0.0011227265262075334,-0.0061767133982542,-0.0044893783125429,-0.012193863838735268
2009-03-01,-0.003916740055864566,-0.0076419626203864666,-0.0032463456665890998,-0.0074934157449261,-0.005563657077800033,-0.009880059405625433,-0.009688452033014834,-0.008428479942907933,-0.002625929551970867,0.0073831041004955335,-0.004925744512473333,-0.015527841835818734,-0.0102896422511215,-0.0178810664049254,0.0016291116941333668,-0.008711337694309434,-0.005159321174240632,0.0028297303646501334,-0.4884666666666663,-147.66666666666666,-0.020467026666666634,0.0006456790662709333,-0.0035265715113167,0.40000000000000036,0.633333333333333,-0.01807496094476357,0.04073437769034407,0.09762127933048297,0.08112445896936434,0.10980256570270323,0.0310010022192989,-0.005658926152227233,-0.017169257578663267,-0.02229392341797,-0.0216516101029948,-0.014519233833855933,-0.0178094281464632,-0.009146697496135567,-0.0036952787904850335,-0.006283491554156533,-0.007987569534500668,-0.005307156002420033,-0.006084042436954166,0.0014436414056528668,39.03333333333333,0.0,39.43333333333333,6.25354653649942,0.1095013556573467,0.1256032841159301,5.584607108082917,4.60511151415815,6.273461616435149,-0.005698144453099904,-0.023265253978513162,5.61904197236118,4.646663705022793,-0.008079390136771865,-0.021490664276098432,-0.014154179290526868,-0.01,0.010789735650776934,-0.0032245371577760335,0.002859718247216033,0.011769479612264065,0.02607773015822737,0.05844477731607737,-0.0014750465661318337,0.0027906327370080665,-0.0006170558038954667,0.31107979999999796,-0.0067807651743698,-0.029448483333333313,0.10064035872762306,2.3129646346357427e-18,-0.20666666666666667,0.010000000000000004,0.016666666666666663,0.03666666666666667,0.08666666666666667,0.13666666666666658,0.11333333333333334,0.08333333333333337,0.4066666666666667,0.04,0.22333333333333336,0.42,1.6666666666666667,2.69,5.203333333333333,8.113333333333333,0.006271798643215299,0.0310545929821838,0.005712989183086666,-0.00016333197550156645,-0.0003843093228538998,-0.0007459758859281335,4.595305252232812e-06,0.011615908289465201,0.006543251412574382,-0.009868865447545868,-0.0005069995266898334,-8.626326988456685e-05,-0.002183465069359533,0.00025685695063813334,-0.00035717258956503357,0.0005613253059590333,-0.0006595282430194,-0.0004668206224535667,-0.0006016850972659665,-0.0005587729778057667,0.00043818334787516664,0.0003828128478066,0.0003486526819583332,0.0004638634918754667,0.0001690760032868665,0.0005983919793974666,0.00036465377763037057,0.009554294967591866,0.006346639432510466,-0.0083032749516138
2009-06-01,-0.0026640300928768325,-0.0044399226328213,0.0015056146589863333,0.0045039086035512,0.009094598830710466,-0.0004082213956320667,-0.0022482736640151,-0.0028082013778097333,-0.0014762367524999004,0.014867550616154801,-0.005529336702003266,-0.007782532833058867,0.0019274981112201,0.0021949973248324337,0.007653216430102933,0.001031971837239067,-0.016099474245870334,-0.005766454410049533,0.139800000000004,-21.0,-0.0042672813333333335,-1.510194351496668e-05,-0.0017940545000343668,0.16666666666666655,1.1333333333333329,-0.0207016320103672,-0.055340686278932634,0.06838659524069429,0.03470229426934033,0.0901365190952752,-0.034221639189877834,-0.002943701833064067,-0.011074738729633401,-0.016548561215608132,-0.012246950874721668,-0.0102242817360937,-0.013016042754219468,-0.005773099105851334,-0.0016035201792376668,-0.0029166264721182003,-0.004488593126361867,-0.0019279446191735998,-0.0028492019275188334,-0.002300995906391333,39.1,0.03333333333333333,39.6,6.3500201020509435,0.06628361958171984,0.08204435651297007,5.642407146725,4.846455131714296,6.369308211443806,0.03281335760441657,0.09083575814417992,5.6991879927769,4.78557264873878,0.0137798904223215,-0.012257530714506366,-0.012032795577297301,-0.029999999999999933,-0.0060903427105222655,-1.7359675007733405e-05,-0.00027895065469610004,-0.022773954461622867,-0.04714449693735406,-0.2636145660810357,-0.0052360271402234,-0.0031704457014018997,0.0010850481923903004,-0.088105699999999,0.032788547783352634,-0.15777719533333331,0.16972937306994432,0.003333333333333332,-0.049999999999999996,0.006666666666666667,-0.02666666666666667,-0.023333333333333334,0.19999999999999998,0.21,0.006666666666666765,-0.43333333333333335,0.17,-0.0033333333333333327,0.11,0.3133333333333333,2.25,3.34,5.336666666666667,7.366666666666667,-0.0210003098769412,-0.015706668962991735,0.035758494515325465,-0.028790981612825468,-0.005634171308882034,-0.0073201245120614,-0.0013648625389161995,-0.018361934081721532,-0.040218296756884965,0.022896288249660234,-0.0004348618691177002,-0.0002947483084172668,-0.0008013207403921979,-0.0004968051290206607,-0.0012723950191464671,-0.0006056902175656667,0.0001378590082381,-0.0004864570938905999,-0.0002804560632530337,-0.00043158220989766675,-0.00043852970781293327,-0.0018247015677029332,-0.0019601101523069007,0.0002486505968984551,0.0011722359899889448,0.0011783828452929669,0.0014591691454601003,0.0008365589507501667,0.0016920801051505997,0.003748931990566334
2009-09-01,-0.00080084529032,-0.0010799992553979334,0.0002708472889034666,0.0022221444652980333,0.0011111593748675333,0.007293885112106599,0.005760886861773133,0.006851019129496933,0.006771791795231334,0.013835526158980335,0.0049851730539521005,0.0072319428108276,0.009285969201317934,0.016741564191194467,0.007516491675981833,0.0073132875310716996,0.030585013344443468,0.0005732692594271003,0.554066666666666,58.0,0.0012853363333333006,-0.0015526735957577002,-0.003518599759375433,0.16666666666666655,0.7999999999999994,0.0090152245415862,0.004440101547790232,0.032738935043440165,0.0093332684005579,0.0459057501857334,-0.02510573440554077,-0.0015341921193420666,-0.0066359192193085,-0.009300928644093666,-0.012364054736021765,-0.0036524530340020333,-0.004706846539339833,-0.0019962353107310002,-0.0007125174162425999,-0.002384446302721433,-0.0032593232049755332,-0.002050576390974,-0.0023142288893401998,4.440004446533332e-05,39.233333333333334,0.10000000000000002,40.1,6.341775825256357,-0.04062993920301313,-0.021917125854259967,5.644406752801416,4.7719637408562265,6.40108413919797,0.015269845343766832,-0.015652327695923302,5.7298423546251165,4.7919943738732265,0.015687524944450932,-0.010206224082088133,-0.0037215598857033663,-0.016666666666666666,0.0018102340225883999,0.0008650301686946334,-0.0018061376402869333,0.026114194625028703,0.05071567722174356,0.04256440245152584,0.0020996395882028336,-0.000251670163685,-0.0016288247870802665,-0.47658363333332937,0.04393382216121703,-0.1607607610000001,0.214962528257147,-0.013333333333333334,-0.03666666666666667,-0.03666666666666663,-0.036666666666666674,-0.03666666666666667,-0.043333333333333335,-0.056666666666666636,-0.0866666666666665,-0.26666666666666655,0.10333333333333333,-0.023333333333333334,0.06666666666666667,0.26666666666666666,2.28,3.3166666666666664,5.036666666666666,6.25,-0.01801038229496303,-0.014437057553577633,-0.0033957540273114664,-0.020886086098641468,0.005398228639993299,0.007050530892618301,0.002502869467607301,0.03725528740254327,0.057078683266790664,-0.007606779515255897,0.0010984816179136667,3.934162446746648e-05,0.003945306151622433,8.878393005080003e-05,0.0019885922920552667,0.004107944008365067,0.0005476092768542333,0.0011218511884909998,0.0012576519946613668,0.0011669527542344665,0.0012251748994766332,0.0027993879585513,0.0010765799346840333,0.0010468219600407334,0.0004969379202184246,0.005431506122511066,-0.0027378194373799333,0.001530194662186333,-0.0088552194009382,-0.0028546981495927663
2009-12-01,0.0036797827434486667,0.0010167438615565334,0.0008866786805264001,0.0026568217347258667,0.004106461764144733,0.0060675414758094666,0.0039727382401331,0.003418149866450133,-0.00012675466583573353,0.007857464680021766,-0.0021920084424494335,0.009994512798901267,0.008734320848184901,0.015698624153780066,0.004912752588803166,0.0062203010862666,0.0048291104618639336,-0.020599461528914467,0.504266666666666,143.66666666666666,0.010610949,-0.0006508977945968667,1.4447213496033394e-05,-0.0666666666666664,0.933333333333334,-0.032795526475898694,-0.015560301245854433,0.009349603917199167,-0.05171639405228253,0.037715042934771965,-0.0302635089486145,-0.0006670157896883182,-0.003951690146234167,0.0037407890359295332,-0.008026827891467166,-0.0023214742275119668,-0.0026651579253987,-0.0017845235572467998,-0.00014565971447609997,-0.0011304293522839,-0.0027963233030341,1.3929031586233249e-05,-0.0007749938908254334,-0.0004887260677791,39.76666666666667,0.10000000000000002,40.666666666666664,6.387157544299227,0.08170748601099649,-0.0304780686532133,5.745712879206256,4.757334441727353,6.462675743868,0.03759849804844667,-0.016423683002260037,5.75781522536839,4.872716834887613,0.038859585704472566,-0.009867267817792699,0.0025657940552630005,-0.013333333333333334,-0.006136221383031901,-0.0023881213939056997,-0.0019014781583166333,-0.029281297792516103,-0.05352319566732403,-0.09531793628172701,0.0005409311140293998,0.0005249469700239662,0.00014547112686240024,-0.42714096666666634,0.017016892789142368,-0.0707790646666666,-0.05462320258823037,-0.0033333333333333335,-0.013333333333333334,-0.0033333333333333335,-0.0033333333333333335,-0.006666666666666667,0.05000000000000001,0.11333333333333324,0.036666666666666466,-0.01333333333333333,0.07333333333333335,-0.06333333333333334,0.04,0.22666666666666666,2.2333333333333334,3.456666666666667,5.12,6.196666666666666,0.004280630867181434,0.002696538577585466,-0.0011121419028484326,-0.0034628220244185006,0.0018373641956082338,0.002253627717756733,0.004241367826910967,-0.0025815464721959344,-0.012065548389535363,-0.00011792817430489784,-0.0007829710409129666,-0.0007019562262779999,-0.0016310670907061008,0.0006034071772139333,-0.00012285991343989987,-0.0025653737519064335,-0.0012055582394682335,-0.0010143747249934706,-0.00026389543664016656,-0.0008783905617886937,-0.0005333370090324,-0.0015415910131227001,0.0007212961957738,-0.0007984533209054668,-0.0010048322187857,-0.0045688567640830334,0.0009055515847302666,0.014413770797010133,0.010535446903322301,0.0003705485161721994
2010-03-01,0.004052559983495714,0.004598269240582666,0.0035154570021805,0.009362246199628966,0.010869657590744064,0.004716646726641267,0.0021128244743445334,0.0006045865051414001,-0.0043244733672557325,0.00026547376830313407,-0.005502762240285001,0.008525926659537233,0.007913317460368167,0.0159775539920511,0.005642548662323167,0.006648346390327,-0.038785574906077536,0.0211988661312278,0.5638000000000005,105.33333333333333,0.005729051000000034,0.0024623672263898,0.0020619241100258002,0.0333333333333332,1.0,-0.023152531763465465,-0.0313180558171299,0.0087296008394576,-0.03319761386544213,0.024453881463580632,-0.007588860653105067,0.0008156297111246665,0.00041421906218983354,0.009355847236279566,-0.0016168180445828998,0.0008143563367563333,0.0017157601507698003,-0.0005969705349037999,0.0008789360470503666,0.000490777561971335,-0.0005943096440995172,0.0006841272187496023,-0.0009496682586913667,0.0011540180190531333,40.06666666666667,0.06666666666666667,40.86666666666667,6.463702351165764,0.057537580888996694,0.07579661406522337,5.809446250988294,4.83565142949222,6.488692103561397,-3.23815048849004e-17,0.05282344699059003,5.795310024124653,4.939222336938253,0.0035388447692715,0.0031628250503269333,0.004904943907182067,-0.006666666666666667,0.0010619652715823994,0.0025793920063250666,0.0031490131897111665,-0.0054453719746217,-0.01115231729836133,-0.0168564527650613,0.006291196904259133,0.002461275185117633,0.0004998890862691006,-0.5627257333333374,0.021188569897215768,-0.048714878999999996,-0.16171456592775602,0.03,0.04,0.03333333333333333,0.03,0.03333333333333333,0.03333333333333343,0.04,0.0100000000000001,0.0,0.08333333333333333,-0.023333333333333334,0.049999999999999996,0.23666666666666666,2.2933333333333334,3.5933333333333333,5.14,6.123333333333334,0.0109351379464825,0.008495182367929266,-0.017491045179736067,-0.012560457846625234,-0.0033708152419619337,-0.004639712397662967,-0.0030132597517056998,-0.023432163380515902,-0.0041024447859626355,0.015145373645607167,-0.00013950259932353335,-0.0001363530436631,-0.0029910257136075667,-0.0006664418249817001,-0.001974762990643067,-0.002218408085883354,0.0010016094413147667,-6.439037954149671e-05,-0.0009873093591951667,-0.00010509591453516027,-0.0005484184280524334,-0.0008513791114127001,-0.0015699529226376333,-0.0001631326713819667,-0.0001681867995202,-0.002172508802719133,0.0003595755242757667,-0.015833264961100862,-0.0025744344807219995,-0.00040983621821353325
2010-06-01,0.0036613883592604003,0.0044037771018334325,0.002548142116818433,0.004963837978209533,-0.0024688662179001,0.006546631931523834,0.0059550543014352,0.007639623160474201,0.0075173493637536335,0.022613786034894168,0.0033677231243109,0.010866999069878367,0.007239722243371366,0.011012542195951233,0.0031103679613728665,0.005927143380858366,0.032623966585037,0.002660896107526234,0.539866666666663,-23.666666666666668,0.0022112380000000667,-0.002013111847894333,-0.0002824899502105334,-0.16666666666666666,0.20000000000000065,0.009763851188353998,-0.012546875695152367,-0.0155449223038756,-0.017927046387586732,-0.014732594710300367,-0.007038974480307666,0.0007548573155761667,0.0009019679667710999,0.011337208606196766,-0.002712247131020333,0.002056100230711,0.0026986867099427336,0.0010439978705652333,0.0007316667901052333,0.0007755896957620666,4.956629501086669e-05,0.00032186545515596664,-0.0015164342351236,2.8912057932946783e-19,40.36666666666667,0.0,41.166666666666664,6.318313441055399,-0.02532863565930653,-0.08296534913887697,5.6367848043979905,4.697188178467797,6.363565779399483,-0.037598498048446664,-0.04287245927403007,5.694845055505817,4.730014039767506,0.008202961813878432,0.0022330606254428,0.0064040280523046,0.006666666666666667,0.001055119254871166,-0.0007855770707733,0.002976850261340767,0.009266944553696234,0.0159636173648557,0.014563041773071932,0.00041440549489500005,-0.0028075777743078664,0.0018301538892527332,-0.20119843333333165,-0.034436629016776237,0.07248591633333326,-0.170043707770555,-0.006666666666666667,0.02333333333333334,0.0,-0.013333333333333334,-0.05333333333333334,-0.2733333333333334,-0.27999999999999997,-0.19000000000000003,-0.08,0.23666666666666666,-0.04,0.016666666666666666,0.14,1.7933333333333332,3.0233333333333334,4.666666666666667,5.91,-0.005026799630356568,-0.0219369727690317,-0.0006093051267856328,0.012049112268559,0.0003736921168660667,0.0007119686641680615,-0.0032963139278985,0.011503216295187399,-0.008553686472659236,-0.017870057050549705,0.0005458315278274,0.0007693982144836333,0.0031209394641607004,-0.0008128649516230334,0.0013931670052569334,0.0011428935651445666,7.5553114887244805e-06,0.0007000428721933333,0.0007494047570399334,0.0006442633994359077,0.00010320585652490004,-0.0001980597307449,0.0013570956692176232,-0.0002576121608634445,0.0003266876225413713,0.0012971784709488,0.0005326436277526335,0.0001795025759664668,0.0015980713860480333,0.008734965432634733
2010-09-01,0.0017055289041589333,0.0014862299895632332,0.0019710925821770334,0.001833831804042033,0.0081245742995701,0.0012564600416681666,-0.0010168215335666668,-0.0011182379778356,-0.0019511960964037442,-0.007592050266135133,-0.00034039262649413317,0.0029049325851356,0.0038578844365897333,0.006559216432920633,-0.0005462641227224667,0.0008932630701373668,-0.016350662702043234,-0.0049861089725308,0.18386666666666932,51.0,0.003493857333333333,-0.00012147795418056663,-0.00014373082314553332,0.0,0.03333333333333366,-0.018438442328789034,0.039410522241559796,-0.003886079296070967,0.025983406313948198,-0.014610050720281834,-0.009124925936770134,0.0005261088962544739,0.0004688101435667,0.012089975297531167,7.228014483236696e-20,5.7735053982085954e-05,0.0012237611410631335,-0.001791717639754,0.0005351428812729,0.0013563386769484334,0.0009897812434118333,0.0013834872371311666,0.0003038392466816,-0.004041714325986433,40.56666666666667,0.06666666666666667,41.300000000000004,6.3597500791373465,0.02936908917009,0.007168735073653565,5.637332117082797,4.806041510266353,6.34022223135382,3.353798720221827e-17,0.031175352670273337,5.63181034235962,4.763357925488673,0.0097404181534285,0.0080593980394952,0.010359486553250934,0.0,0.004135458817061467,0.0014583777830624335,0.0027507252344509334,0.0014360876722167004,0.000856460994084132,0.0009898395902237997,-1.129896771996497e-05,0.0006259276474078001,0.0016241079000724999,0.24064096666666068,0.027192475450367366,-0.04397874299999993,-0.07231328982253633,0.0033333333333333335,-0.04,-0.01,-0.006666666666666667,-0.02,-0.19333333333333336,-0.15666666666666676,-0.013333333333333669,-0.09666666666666679,0.06666666666666667,-0.043333333333333335,-0.0033333333333333335,0.060000000000000005,1.1633333333333333,2.44,4.376666666666666,5.489999999999999,-0.027848927388282197,-0.022747243129083532,0.012042416204666935,-0.007864060672273366,0.002391045878228267,0.0034909859131693997,0.0047047990081917,0.002269009539261601,0.023480012972658237,0.028069289082177235,0.0005360966801457,1.9512201018466804e-05,0.0031287509954145663,0.0005988811272832333,0.0016888251130599,-0.0005339028062595668,-0.00018678732631043334,0.0005359903177006332,0.000792542039169077,0.0005307504422130522,0.0007775697046496,0.0009667510978388,0.0016068526552806665,0.00047370648089046667,0.00032179110152906666,0.0017128026154333,-0.0010760343764609334,-0.0004031821280297664,-0.010131053321083267,-0.0042773732544218
2010-12-01,0.006809540680057066,0.008345551857623533,0.0016587918117094,0.005603052567715,0.007590777397500833,0.0028159054410231664,0.0023819824755101442,0.0026860794191631006,0.002086501661642567,-0.002884620035114967,0.0033838981895891337,0.005322218717754596,0.003299221087605,0.0073672795187474,0.0012197698402385,0.002233589856671067,0.025795195362988767,0.0058145829141669665,0.2593333333333307,-43.666666666666664,-0.0004496460000000333,-0.0008080864699628668,0.0003137322754340333,-0.10000000000000032,1.0666666666666675,0.0038694811357146038,-0.0326381549579159,-0.008624888235448934,-0.024477152809505732,-0.002795264458757866,-0.015265182589149133,0.0005507577995705218,-0.0003374768272964667,0.002967306473257667,-0.004938361928380367,0.0016699813225760334,0.0027138461714137333,-3.614007241618348e-20,0.0006905712961308667,0.0006625966496222843,0.0011530943068649,0.0006654442206653,-0.00013018290863913332,-0.0005835485723336333,40.43333333333334,0.0,41.199999999999996,6.345407061652607,0.03791962845221997,0.06721244869774996,5.635566969825343,4.765158964741404,6.377644612857313,0.04637093415423652,-0.034459451484610035,5.615608722733473,4.86537911307112,0.0177673289920245,0.0066470177360612335,0.008993536802998733,-0.006666666666666667,-0.0009315196132630997,-0.0010570515906381333,-0.00035823037658856666,0.004982901809931333,0.012459576029416502,0.016128160708842366,0.0013846081382163334,0.0004360354472279001,-0.0003289316735119359,2.5537228000000045,0.030183865261318665,-0.042905022000000036,-0.021171478279527936,-0.006666666666666633,0.0033333333333333335,0.006666666666666633,0.0,0.013333333333333336,0.27,0.2833333333333333,0.11999999999999983,0.12333333333333345,0.08,-0.03666666666666667,0.0033333333333333335,0.09000000000000001,1.5766666666666669,2.966666666666667,4.796666666666667,5.8566666666666665,-0.004190313696273733,0.003636506642048199,-0.0017904768843697335,-0.007953454161444733,-0.00023810615417149995,-0.0011322134967389336,0.0007481709828231665,-0.0005607662905576337,-0.026542466302406236,-0.013430497237176068,-7.93346069964e-05,0.0024852668596819665,-0.003115519673968333,-7.073212368971294e-05,-0.0007158021049239334,0.00046179052124240005,0.00029701338383123134,-0.00031978551966163333,-0.00025195862848726667,-7.813757937836668e-05,-6.246647604813331e-05,0.0011589743479927335,-0.0004975630587292999,-0.00010690119149949996,-7.253358993000002e-06,-0.0012940453235345333,0.0015911791081988334,0.0007510958797087205,0.009171269942008656,-0.004098554247487834
2011-03-01,0.00031587116110110003,0.0010920387919499499,0.00158850404234425,-0.0015182961295447505,0.00888279062539875,0.0030930305250609497,0.00031231254532789994,-9.862129505890007e-05,0.0002003531692955998,0.021115636411570098,-0.005107897819347449,-0.0005949316530586501,0.006129633739995701,0.010041244035697599,0.0013350660326790003,0.003868549915615,-0.040108393950875496,0.0105348811446553,0.3492999999999995,78.5,0.0079397385,0.000368511523698,0.00139482106597905,-0.0499999999999998,0.949999999999998,-0.02892973052895,-0.00881446409456555,-0.0137094161016531,-0.0367072935099267,-0.0057003874756862485,-0.0249811799129329,0.0016977038197385,0.00336512767703385,0.01092154357506245,0.00458550536015865,0.00227810409136885,0.00313568026529595,0.0008974649032804,0.00143513935470005,0.00240555154820485,0.00271647214585165,0.0016156327248779,6.509992848259999e-05,-0.0014848154893787,40.8,0.1,41.4,6.32248626486229,-0.20273255405408497,-0.17524148684540508,5.785837694731375,4.626699930718315,6.33172659389507,-0.13313398897397996,-0.030621812620359908,5.711850365610905,4.681101360642716,0.021887140184704248,0.00702755867875375,0.00901927773577425,-0.005,0.0044025117535353,0.0019824226963312,0.00264366138623905,0.03229431480450895,0.0487642289992243,0.0476551533995212,0.0012723187204719227,-0.0028677472748235002,-0.0021953124854165503,0.031922350000002,0.0084536494279148,0.0028792110000001,-0.025532766843521702,-0.015,-0.015,-0.025,-0.00999999999999995,-0.004999999999999999,0.06000000000000001,0.009999999999999995,0.04500000000000005,-0.02999999999999975,0.09,-0.035,0.015,0.125,2.035,3.3449999999999998,5.025,5.9399999999999995,-0.020269442112563648,-0.00595361081133555,0.0118035599456337,-0.0087797231732,-6.850580784469994e-05,0.00040165414337115,5.45401464143e-05,-0.00731066405964895,0.06737777480345469,-0.025850056333719652,0.0009612082524252568,-0.00318598809723665,0.004987934007608949,0.00026648996833469993,0.0025633707210249,0.0012532673929519,-2.7581140580749995e-05,0.00095796070063595,0.0014948855863474678,0.00100624274882665,0.0005070157826892,-0.0019521164041731002,0.00266526690729575,0.00015106512552829086,-0.00219245174677925,-0.00212992664432905,-0.0031830346224961,0.0036230830379019997,0.0019818982224677,0.0027557451802655503
