date,RPI,W875RX1,DPCERA3M086SBEA,CMRMTSPLx,RETAILx,INDPRO,IPFPNSS,IPFINAL,IPCONGD,IPDCONGD,IPNCONGD,IPBUSEQ,IPMAT,IPDMAT,IPNMAT,IPMANSICS,IPB51222S,IPFUELS,CUMFNS,HWI,HWIURATIO,CLF16OV,CE16OV,UNRATE,UEMPMEAN,UEMPLT5,UEMP5TO14,UEMP15OV,UEMP15T26,UEMP27OV,CLAIMSx,PAYEMS,USGOOD,CES1021000001,USCONS,MANEMP,DMANEMP,NDMANEMP,SRVPRD,USTPU,USWTRADE,USTRADE,USFIRE,USGOVT,CES0600000007,AWOTMAN,AWHMAN,HOUST,HOUSTNE,HOUSTMW,HOUSTS,HOUSTW,PERMIT,PERMITNE,PERMITMW,PERMITS,PERMITW,AMDMNOx,AMDMUOx,BUSINVx,ISRATIOx,M1SL,M2SL,M2REAL,BOGMBASE,TOTRESNS,NONBORRES,BUSLOANS,REALLN,NONREVSL,CONSPI,S&P 500,S&P div yield,S&P PE ratio,FEDFUNDS,CP3Mx,TB3MS,TB6MS,GS1,GS5,GS10,AAA,BAA,COMPAPFFx,TB3SMFFM,TB6SMFFM,T1YFFM,T5YFFM,T10YFFM,AAAFFM,BAAFFM,EXSZUSx,EXJPUSx,EXUSUKx,EXCAUSx,WPSFD49207,WPSFD49502,WPSID61,WPSID62,OILPRICEx,PPICMM,CPIAUCSL,CPIAPPSL,CPITRNSL,CPIMEDSL,CUSR0000SAC,CUSR0000SAD,CUSR0000SAS,CPIULFSL,CUSR0000SA0L2,CUSR0000SA0L5,PCEPI,DDURRG3M086SBEA,DNDGRG3M086SBEA,DSERRG3M086SBEA,CES0600000008,CES2000000008,CES3000000008,DTCOLNVHFNM,DTCTHFNM,INVEST
1960-06-01,0.00031923601403186663,-0.0002868505294696333,0.00029150271497749996,0.0001404977368656999,-0.0026829612197355663,-0.005763659340884933,-0.006494645636419567,-0.005750855567048533,-0.004576302571470033,-0.012791484138506767,-0.0011251886854171,-0.012842337162267334,-0.006578075825342499,-0.010842905726894033,-0.0042387051078772,-0.0061733097864043,0.006520587116592834,0.004126262229513833,-0.8068666666666684,-42.0,-0.026901604333333332,0.001027723023198,-0.0008184798583018666,0.16666666666666674,0.09999999999999964,0.005388877951782334,0.06030797750910557,0.050366295591879905,0.07892523336808939,0.017525938693302632,0.043447741900870064,-0.0012444802204154665,-0.0046606267017767,-0.0014613497028446675,-0.005338786129524767,-0.0046334456513304,-0.005942058755386133,-0.0027693029675237,0.0006261742605323333,-0.00047836884462108413,0.0024364581097578667,-0.00026811809365766666,0.0026319389270205665,0.0015775388333658998,39.5,-0.06666666666666667,39.833333333333336,7.139825057440366,0.02102799180886007,-0.0172155296207199,6.0531062270376665,5.765670471099187,6.891113254425327,-0.0247026573845736,-0.0141865381395968,5.613966039925963,5.655975509705669,0.014471400311169433,-0.0038441856982564335,0.0014308420218901998,0.010331126000000032,0.002605105029997367,0.0021677119175643332,0.006134246429991966,-0.001322753058540367,-0.0018365519369898493,-0.0019679031833727666,-0.0036620359293640333,0.0006229313443476,-0.0002458292041935,0.5671112333333307,0.007697469046581133,-0.024860705999999972,0.0102299428191691,-0.29,-0.3033333333333334,-0.33,-0.33000000000000007,-0.42,-0.29,-0.18333333333333302,-0.05999999999999991,-0.06666666666666683,0.33666666666666667,-0.8233333333333334,-0.49666666666666665,-0.006666666666666665,0.6666666666666666,0.7733333333333333,1.2033333333333334,2.0100000000000002,-0.0010654076144319664,-0.0015584644023916665,0.0004985578366112333,-0.0028063136323167003,-0.0009965129494554333,-0.0009905901297191334,0.0,-0.0066447383002724335,0.0,0.0,0.00033778050008026673,-0.0007301937932728666,0.0011166956284272666,0.0,0.0009935427127126333,0.0008714601913569109,-0.0013917904701602,0.0,-0.0010666675768902666,0.0011055842086645999,0.00021290495181039998,0.00011014531777936671,0.0008785279736022667,-0.000320388793326,-1.3227775685166781e-05,-0.001312674698155062,0.0015540043686037331,-0.002790493707536867,0.0006092318280609001,-0.0006392385687504337
1960-09-01,-1.799942292073318e-05,-0.0007835766028004001,0.0020334122607132336,-0.004254761232722034,-0.0021878497197936665,-0.008638423179811833,-0.004271749947362301,-0.004281449783217533,-0.004250945875665633,-0.011609510808517867,-0.0011298269992863666,-0.006422761717091867,-0.015600187572423268,-0.022799183149051338,-0.007885700039371833,-0.010281863509450734,0.004410039656854399,-0.003372571847629867,-1.0927000000000004,-52.0,-0.024714711,0.0028419523923233,0.001080776276862033,0.16666666666666677,0.566666666666667,-0.005388877951782335,0.0201015430426074,0.09236952337377251,0.08790081837876616,0.09792037284272104,0.0199251322663869,-0.0019156255851644,-0.005382134655679434,-0.008153990450598033,-0.004174477754563733,-0.0054258658401053995,-0.0076743614709021,-0.0022638219104245336,-4.7396285159088764e-05,-0.0019504639228215001,-0.0029733776816846,-0.0010327780716631668,0.0018300699563556667,0.0017267129107096334,39.166666666666664,-0.09999999999999999,39.46666666666667,7.085240619656677,0.09223500460687656,-0.007143130485300031,5.958395827345977,5.58525930019114,6.885837781347733,-0.004842700187636467,-0.0103025124876934,5.587077080570716,5.649782510620303,-0.027124404365157066,-0.008862665142729634,0.00045240213393836666,3.411622836087721e-17,-0.0026051050299974,-0.0015507140007712998,0.0024032788555832,0.002650776063498412,0.0035273697768454667,0.003534723459870517,0.0018373154186812999,-0.0005032561862738334,0.00023150921218770002,0.48563160000000494,-0.006191759858203,0.0215656833333334,-0.0035875612522468653,-0.18000000000000008,-0.02,0.02333333333333343,0.023333333333333397,0.0433333333333334,0.06333333333333337,0.04333333333333344,0.009999999999999768,1.6884641832840922e-16,0.82,-0.12,0.23666666666666666,0.5599999999999999,1.2233333333333334,1.3699999999999999,1.7833333333333332,2.5633333333333335,-0.00025527669759266666,0.0010781240558891,0.00040304899584423334,0.0023629831323326,0.0009965129494554001,0.0009905901297191332,-0.0010840117954592,0.006644738300272418,0.0,-0.008863151396413199,-0.0003401676657229,-0.0007254264741985661,0.0,0.0014847834497933666,-5.887669160351543e-06,-0.0008806698209462334,0.0013745723946206334,0.0,0.0010598843057931606,-0.0011055842086645999,0.0005733561336224666,0.0021038232699588334,0.00044202282615019993,0.00021605778373183333,-0.0029498717589941663,-0.0024968905763858664,-0.0031007975541045177,-0.0030262440083082334,-0.0032930689093688,0.004908963629363933
1960-12-01,0.0027397569867838333,0.0009661464077114469,-0.0020750399015208336,-0.005374501877916199,-0.0033741481624283668,-0.006426013421094866,-0.0047220057520409005,-0.005130256941025333,-0.0031262831488351336,-0.025874255121419165,0.0030027636240050003,-0.008495866262385765,-0.008712648126514132,-0.017297793966410364,0.0019453028477149665,-0.006898036483999133,0.004745329419211067,0.018675799537653266,-0.7534666666666681,-32.333333333333336,-0.019008030999999998,-8.992444035150002e-05,-0.002637380846272394,0.266666666666667,-0.09999999999999985,0.05677243789420164,0.009613740130146667,0.04884304618883084,0.03655344070646896,0.06328958747644582,0.04075558192230674,-0.0025050187029720668,-0.006825076544216634,-0.0101587424332138,-0.005494629907229699,-0.0069314613813856,-0.0103850559265985,-0.0021729414204299997,-0.00021810975491653333,-0.0025679497406508336,-0.0017038800286525667,-0.002376162135801567,0.0013010685266513667,0.002767561553037933,38.800000000000004,0.0,39.03333333333333,7.0520571196055,-0.09663067270086001,-0.011010175225493432,6.00774698223931,5.7039104500864894,6.86725102780215,-0.0508419947000869,0.0394270558905534,5.601506761919147,5.6174472598944405,-0.006626669295117166,-0.0035366628389367667,-0.005752712110301266,0.0,0.0011791074669501667,0.0010328700331909667,0.0052898593562803325,-0.0061144300309211,-0.0087494086916453,-0.014011922669786533,-0.0019445985383321665,0.0006460432482312332,-0.003360135756028133,-0.09735969999999898,0.03801007807136764,-0.12986044733333332,0.04286748627778313,0.03333333333333336,-0.08333333333333333,0.016666666666666764,-0.019999999999999934,-0.04999999999999993,-0.049999999999999906,-0.050000000000000135,-0.013333333333333364,-0.003333333333333266,1.09,0.31333333333333335,0.5333333333333333,0.8766666666666666,1.6766666666666667,1.83,2.3233333333333337,3.1,0.0010353654893962333,-0.0009585832084898333,-0.0016270333066539667,0.0044069932404302665,0.0009905901297191334,0.0019665740423961665,0.0021715603403979333,0.0010946917337299842,0.0,0.0088631513964132,-0.00033596508807468397,0.0007254264741985333,0.0011204492342349332,-1.3110713421115213e-05,-0.0009876550435522853,0.0017613396418924999,-0.0013745723946206334,0.0011166956284272666,-0.0010598843057931745,0.0,-0.0008323542981926711,-0.002061451306581167,-0.0010168792670344666,-0.00028317386926139996,0.002936876560718293,3.3393426912553537e-17,0.0015467931855007667,-0.0038955342264781665,-0.002881029208561267,-0.004213279318631
1961-03-01,0.004650848396278333,0.004776317037604367,0.006309336628506267,0.007612371593484202,0.002524561292813633,0.013898780208636835,0.008993755699403099,0.008637468406881801,0.011574645216673533,0.03379622677848401,0.005191018003458767,0.0035034105075930663,0.022746003364084402,0.03092252691574557,0.015553805987110236,0.015226385467219035,0.010815180356501032,-0.0149308056431322,0.9479999999999973,32.666666666666664,0.0031270283333333336,0.0001514377143809665,-0.0007071796624143666,0.0666666666666664,0.6666666666666665,-0.05100195333710824,0.005870763468733969,0.058174288102711934,0.03213301441985223,0.08532729377613357,-0.0636220214202635,0.0014222343168306334,0.0018949186138037333,-0.0034214919375861,-0.0025489638748664,0.0029372716657617495,0.004848147208177799,0.0003188775753386333,0.0011742102802531334,-0.00045522836774423335,-0.0003015909125289999,-1.2043912104700282e-05,0.0016838323481742333,0.0029756926694469664,39.166666666666664,0.03333333333333333,39.56666666666667,7.117928148373854,0.0058481032169700325,0.0012414663636599367,6.07359991960305,5.685446180455814,6.917301923518504,0.0728625782594501,-0.04092518575316657,5.662847265395636,5.676691245576097,0.024016168274678534,0.0030359892071706667,-0.0016315560942708003,-0.0137748346666667,0.0002253889929617666,-0.00014927041740973334,0.005948923757587166,0.004786407025963033,0.0052220389147998,0.008635578583765133,5.823024229776689e-05,9.369628209399995e-05,0.0025688026297814004,-0.7210565666666656,0.022443126460187496,-0.06951305400000003,0.0304440998932741,-0.18666666666666668,-0.09000000000000001,-0.04333333333333327,-0.04999999999999997,-0.02,-0.0633333333333333,-0.023333333333333265,0.0,-0.020000000000000132,1.07,0.49333333333333335,0.6566666666666666,1.0466666666666666,1.7166666666666668,1.9133333333333333,2.4166666666666665,3.1833333333333336,0.0006165990166147,0.0027632782054448665,-0.0007031471409678667,-0.0007417150155870668,-0.0019900911284713003,-0.003956629704564274,-0.0021750970898774093,-0.004422506395124434,0.0,0.007103262195583753,0.0003352892151934667,0.0007254264741985666,0.0011092134826972998,-0.0014716727363722334,0.0,-2.32060827796658e-06,0.0,0.0,0.0,0.0,-0.00010626736350853891,0.0006761563241885667,-0.0004642288904060667,-9.51296206876e-05,-1.2768701360823967e-05,0.0012055468233962403,0.0015255556758038667,0.0037505668448010996,0.0018729911557938334,0.0013635782488285002
1961-06-01,0.004273666553704734,0.004873530372559666,0.0009789532244365,0.011073114115029398,0.005865791690915501,0.0114687080281414,0.008381384828905566,0.0076626292108027995,0.0089793455010216,0.017653337586447368,0.005835601756373367,0.006134914322442766,0.016095535496455433,0.023050147474244703,0.011404310945716867,0.0138112643242456,0.0015169733786768679,0.008095291118865136,0.8741000000000033,41.0,0.015796160999999965,0.0003877453990526192,0.0020461954617990337,-0.1666666666666665,0.4666666666666664,-0.009085321273206368,-0.010642975735253302,-0.007396605334067131,-0.03302190383549067,0.015541947113352,-0.03997116332919976,0.0031580611978387334,0.003615442087565266,0.0024918353077166,0.004160941685338601,0.0035748330416508663,0.0049683714266895,0.0016426920350074,0.0029175558479508,0.0016359207606270667,0.0025673424805828333,0.0017957516051758332,0.0024457855752756997,0.0038253040115101,39.666666666666664,0.09999999999999987,40.03333333333333,7.202427181555334,0.005747268811499969,-0.012627772634099968,6.200356600446088,5.791459377659749,7.006072339265564,0.1060128449774599,0.004474340110713299,5.738534220788606,5.7555695997265905,0.021416189303190933,0.006700353519733533,0.0020205304611569997,-0.013774834333333333,-7.846371960466779e-06,-0.0003467686456237001,0.004415887948513,0.0006768191834607001,0.0017406479937171753,0.0017543859649123,0.001210175209843767,0.0005529612500314666,0.0006556968570314,-0.4164036333333377,0.006404247927021867,-0.011950180666666636,0.012298820625478468,0.006666666666666636,0.05333333333333334,0.03333333333333336,0.06999999999999999,0.06333333333333334,0.16333333333333327,0.11,0.0600000000000002,0.033333333333333534,1.2166666666666666,0.6866666666666666,0.9166666666666666,1.3800000000000001,2.236666666666667,2.313333333333333,2.7633333333333336,3.4433333333333334,-0.0008944411257780999,0.00012072125139506667,0.0010601115500376002,0.0145295055120551,0.0019990019975042665,0.0019900556621680666,0.0010875485449386945,0.012187693929631802,0.0,-0.007103262195583799,-0.00011254725345819991,-0.0007254264741985333,-0.001131364084648,0.0014524351229852001,0.0,-6.889021311332989e-06,0.0013577751292118334,-0.001116695628427258,0.0,0.0,8.41975701736e-05,-0.0002540625656285,0.0004829993464874999,-0.00012564992003793335,-1.2548074813097514e-05,-4.344322296833195e-06,-2.0662224294976103e-05,-0.00015970981112780006,0.0012759160763137665,0.0027927488861345
1961-09-01,0.006644038986075899,0.007241214803528633,0.0071722014283494,0.0066819282257301665,0.0088750703264715,0.0110885562173242,0.010371542610695934,0.011541526664390131,0.0091030690375796,0.013404121793070134,0.007153512011488933,0.013412535654627966,0.011038835926401966,0.012956434397389865,0.0128358574953079,0.0099950578792673,0.004509933084098666,0.006835514524267033,0.5958333333333313,59.333333333333336,0.024489035333333336,-0.0007475223722780668,0.0011571541614513665,-0.16666666666666632,0.0,-0.012580109327615533,-0.029637984200147866,-0.05743506049761634,-0.06193296359267997,-0.05373753119457327,-0.012269594008210165,0.002714615149910634,0.0035766482178332,-0.0009841252324945,0.004449835036620667,0.003646144244102667,0.0046336283230044,0.0022652530218145333,0.0022599589753179335,0.0014775304243746666,0.0003491315672234001,0.0018635703565076333,0.0019182865142255,0.0018206690689593667,39.800000000000004,0.09999999999999987,40.166666666666664,7.251023468876217,0.026022791123273468,0.044510464208173305,6.223086344138127,5.82957572931999,7.024753139354587,-0.05922705907915338,0.008772436105789833,5.761930269021207,5.8202666222816335,0.008725617179787632,0.0023457864849128,0.004144330433807233,-0.006887417333333299,0.00021867556076197756,0.0002662693043209666,0.005408872398356867,0.0026399577675954,-5.28806748681665e-05,-5.3705692803500287e-05,0.0006172421267158,0.00011351489279283333,0.0019694196792526667,-0.1153095666666671,0.015797103947859,-0.022570561333333402,0.0209877235970241,0.20333333333333334,0.02000000000000007,0.03,0.013333333333333334,0.0033333333333332668,-0.04666666666666671,-0.0333333333333334,-0.020000000000000132,-6.707597440443654e-17,0.7599999999999999,0.10333333333333335,0.43,0.81,1.5899999999999999,1.6966666666666665,2.17,2.8699999999999997,0.00043209882593976673,0.0,0.0014240471656980335,0.0013865396856221999,-3.3248866622888805e-17,0.0009965129494554333,0.00109469173373,-0.009961808646403869,0.0,-0.002014104818654333,-0.00022274196173526666,-0.0007222826950301333,-0.0021929903660142017,-0.0014524351229852049,-0.0009847372991438335,-0.0008714601913569333,-0.0013577751292118334,0.0,0.0,0.0,-0.00025452574885986666,-0.0021044023104383664,-0.00016083629654653334,0.0001835911652197,-1.842078601959971e-05,0.002351228990229967,-0.0015048934515088993,0.0016668376665128996,0.0001060969350028335,-0.005417736490088366
1961-12-01,0.0030730169370298,0.0029856838397209332,0.0022446773937813,0.0013957706650913,0.0030118300549789663,0.0054082864213508665,0.0036264734988494334,0.003638779572816266,0.00035889114460296655,0.00037563958871443336,0.0007065148172646331,0.004710104657081133,0.0075152778489085,0.0089577390140514,0.005380123576415634,0.005426763119308267,0.0062863922080412344,0.0024839007247362,0.22029999999999803,12.333333333333334,0.018844502666666665,0.00015626665058713347,0.0022973169199899664,-0.19999999999999987,-0.33333333333333365,-0.028449253301076467,-0.042229271333114334,-0.03651062258920847,-0.03440639573882777,-0.03822910338993367,-0.017392006410680966,0.0027047663490063,0.003189984734150967,-0.0024992307019336,0.0038314598085781005,0.003304015747880567,0.004422459280874567,0.0017280692225795666,0.0024480595192184667,0.0016506884075931335,0.003002352687966633,0.001876901901806468,0.0020340769958811,0.002487292490582,39.63333333333333,0.0,40.266666666666666,7.195978781736003,-0.054250486866620234,-0.0245294522191634,6.205113046020624,5.787597294982383,7.054989787244359,0.02911400338505,0.030323926068576895,5.791697851244376,5.805041480585776,0.0111697033292521,0.0122344862663836,0.004369146086476734,0.0,-0.0004694553785589666,0.00025055197902430006,0.005174979027753867,-0.0086289743719936,-0.010084516928368535,-0.010034013605442134,-0.002091005586137833,0.0008198188061999335,-0.0012925570754802667,0.013867599999997426,-0.004057610848721666,0.027308500333333336,-0.0030998159629025,-0.08,0.08000000000000006,0.08333333333333323,0.0766666666666668,0.06999999999999987,0.02333333333333343,0.0333333333333335,0.010000000000000066,-0.013333333333333334,0.94,0.39999999999999997,0.6333333333333334,0.9633333333333334,1.6300000000000001,1.7766666666666666,2.1366666666666667,2.8000000000000003,0.00031600327618790005,-8.45279120668e-05,-3.55271338822e-05,0.0041571273011672336,-5.9582860395163556e-06,-8.857905903140543e-06,-3.583285406912514e-06,1.0820929843466474e-05,0.0,-6.103385242799825e-06,0.0007758385325695197,0.0014461338661993332,0.002189383467459996,0.0014336939664634002,0.001966574042396167,0.0,0.0,0.0,0.0010465733348892722,0.0021786569932618,0.0008650692964572333,0.0020578080785401335,0.0014284619694120999,0.00011997372934136666,-0.0014214662621525,-0.012975909470747934,0.0014781990226218646,-5.5060387569000044e-05,4.870868969673378e-05,-0.0010299823014976
1962-03-01,0.004460860609761666,0.004756062246835634,0.0064506125401217656,0.004450332946004067,0.009625939899190533,0.0021379241861744,0.006784569019172133,0.007868181837267167,0.007100573708485567,0.015386236283999233,0.004559640960659933,0.0064187115928972,-0.0046323003541477335,-0.006425807100184267,0.0007323354154521334,0.0025021032419445337,0.0068884611241155,0.0028160079257515997,-0.030599999999997313,21.666666666666668,0.005943846333333333,0.0006715855468897359,0.0007506045535823667,0.0,-0.16666666666666655,0.008533449284458436,0.003853607467025432,-0.030860263003809233,-0.033736633977170805,-0.028516106312623066,0.012578793195282633,0.0026470444235257664,0.0025024881626543667,-0.0033617261506885,0.005555684161737534,0.0021989473096510666,0.0029770306488412,0.0010950342268708,0.0027235822891959667,0.0019700961799108663,0.0021298540326333665,0.0023137174198938335,0.0023994547000862998,0.002990227124421667,40.13333333333333,0.0,40.6,7.301798545719464,0.09277873667784997,0.016551863481953265,6.259425434664673,5.962133488114856,7.064289707855246,-0.07438118377140324,-0.02037293835201337,5.806978434213767,5.86873231708518,-0.013038664834867366,-0.0095901016505267,0.0052973552071376995,0.0,-0.00023636538575320175,-0.0006340533011478666,0.0057346567851765005,0.0059729178222680005,0.010084516928368566,0.011734693877551002,0.003132848070232033,0.0013790428726631668,0.0019015959683959334,0.6498782333333409,-0.0362190623688162,0.12137162800000005,-0.0432227816186681,-0.003333333333333429,-0.02,-0.013333333333333334,-0.050000000000000135,-0.08333333333333341,-0.07666666666666666,-0.0566666666666667,-0.04666666666666653,-0.02333333333333343,0.54,0.05000000000000001,0.16333333333333333,0.36333333333333334,0.9833333333333334,1.2166666666666668,1.67,2.356666666666667,0.0001925380027269002,2.4218793140456596e-05,-0.0002962067955177333,0.010448803444514201,-0.001990055662168033,-0.001981197756264924,-0.0010911084483230667,0.0010911084483230665,0.0,0.0010054940768210857,-0.00044498656165220003,-0.0007238511711691762,-0.0010946917337299998,-1.222770431089064e-05,-0.0009818367432523334,0.0008646783923487597,0.0013360071325128665,0.0010982986322842,-0.001046573334889286,-0.0010946451978026,-0.0006760988974744667,-0.00040782242948723333,-0.0019086378761990668,0.00021058821752319157,0.0,0.005945185548558667,-6.526286249566628e-06,0.006257587225880633,0.0031663682936819665,0.0011741433407687
1962-06-01,0.0026067676062307664,0.0023648462506061668,0.0003299465561933665,0.003234562269301034,0.0030015720005334007,0.0028315860601881002,0.003516762820753633,0.0031666617527351,-0.00035223129983636667,-0.0035999768012648,3.353798720221827e-17,0.009398601245600666,0.002500852303185733,0.0021557287035873667,0.0025112374506361334,0.0031902288409449996,0.010245663604557533,-0.011047350711532766,0.02729999999999695,-32.666666666666664,-0.014410280999999999,0.0020254610173105667,0.0013966222223030667,0.0666666666666668,-0.3333333333333332,0.038323567604349434,0.030131659042806902,-0.015954888882829633,-0.014787370884566733,-0.016901957855856967,0.005618470270353765,0.0012559898591367,-3.462843690373341e-05,-0.0044643524454795,0.00022031285225899999,8.593833971793334e-05,-3.614007241618348e-20,0.0002081707067400333,0.0019370868544926,0.0002677495793032334,0.001444965097795036,0.0010160192276510334,0.0018821807960701,0.003884401095845,40.03333333333333,-0.0333333333333332,40.5,7.283629799782969,-0.014390723955069767,0.02122436495371327,6.2638624189976335,5.93640411578253,7.073978059844973,0.011906027534026668,-0.007077406701926771,5.841939638103791,5.901196936529224,0.0006504066854784671,-0.0052006999262192,0.004579659194642167,0.003443708666666666,-0.0006820512192584668,-2.8986054171099986e-05,0.0046092976541025335,-0.001311127111751022,-0.0050211284303768875,-0.006734693877550967,-0.0008187288251126666,-0.0006013854985087332,-0.0010585524678840333,0.6077956666666653,-0.024535802493971498,0.09439039733333326,-0.03565689650680287,0.18999999999999995,0.0466666666666666,0.043333333333333335,0.07000000000000005,0.0566666666666667,0.016666666666666705,0.036666666666666604,0.0233333333333331,0.019999999999999834,0.5299999999999999,0.04999999999999999,0.18333333333333335,0.39999999999999997,0.9433333333333334,1.1933333333333334,1.55,2.27,-0.0005470987662434666,-7.24774522694e-05,-0.0009852984138261332,-0.0013579008378392999,0.0019930258989108002,0.0029835983748807,0.0,0.0032949197441807334,0.0,-9.352218580597578e-06,0.00033030527063419987,-0.0014398870481720713,0.0021715603403979675,-0.0014214662621525335,0.0009789532244364998,-2.2372040317999767e-06,-0.0013360071325128665,-0.0010982986322842,0.0010432976696425334,0.0,0.0002726570112979297,-4.194052512186667e-05,0.0013727994738651332,-0.0004890907454263537,0.0013917904701601727,0.003478292430859833,-6.468912026306534e-06,-0.0013061760945559666,0.0004026180755799666,0.0004266529471686666
1962-09-01,0.0031394300471720336,0.0030875498985898663,0.006455161096358834,0.0048958981855005005,0.007923972930870568,0.0038537581369935997,0.003132465180473,0.0031368613937247662,0.003498484825859733,0.006097168216479567,0.002083537709613533,0.0010285050769274998,0.005650024485905855,0.0063847784828278,0.0039960021295862005,0.0045544104071822,0.003461648669355733,0.013491328915040632,0.14080000000000334,-21.333333333333332,-0.005720680666666666,-0.0005169708430798666,-0.0006028224687225333,0.0,-0.3999999999999997,0.019992915913141066,-0.04674890417427057,-0.009381482254085569,0.07698268941137067,-0.10115531338434787,-0.006912489222022668,0.0012988499581526333,0.0001557996444976666,-0.0065377463772439,0.0008797981572931333,0.0002791466864161287,0.0009134928527014665,-0.0006249025420264667,0.0018987191865917667,0.0009799125136418666,-0.0006237503883973352,0.0017079057074926333,0.002368939588447867,0.003002363590061533,40.03333333333333,0.0333333333333332,40.43333333333333,7.304936616681374,-0.020208207272146932,0.03684729146661007,6.319254042895726,5.985151813434566,7.100938196634057,0.019864032400750038,3.5272710678195076e-17,5.872865479019673,5.94275466959958,0.0127864267532942,0.007786174589692613,0.004253538600050133,-0.003443708666666666,0.0011330924414067666,0.0005224696264936334,0.005448320833851367,-0.0012932333931772334,-0.006717651612034633,-0.008275290215588765,0.0010587211069520667,0.0006908041248781475,0.0002845111760436999,0.45175236666666274,0.008547476871112467,-0.0076908323333333695,-0.003345683365772033,0.0033333333333332668,-0.023333333333333265,0.0033333333333334333,-0.033333333333333375,-0.06666666666666671,-0.036666666666666604,-0.02,-0.0333333333333332,-0.0333333333333332,0.3666666666666667,-0.13,-0.02666666666666667,0.09999999999999999,0.7333333333333334,1.03,1.3699999999999999,2.08,-0.0004939301529671667,-0.0032413519247243322,-0.00022596048935406667,-0.0002784352103980667,-0.0009965129494554665,-0.0010024006186158004,0.0,-0.0011374149089749656,0.0,0.0030690625348286666,-0.0006611572415515,9.26968765836642e-06,-0.002171560340397945,0.0,-5.716523325066669e-06,-0.0008624411883169668,0.0013253827932129998,0.0,-0.0010432976696425334,-0.0010840117954592121,-0.00025304023692963325,7.843100693790024e-05,-0.0009635403001177667,0.0002108149432538,-5.7870872722668235e-06,0.0022831139485249333,-0.001465203824346,-0.0008597478874138,-0.0006638462759145335,-0.0004288993164489006
1962-12-01,0.0018453065734498999,0.0018294177542366999,0.0005133324841691999,-0.000610691713796733,-0.0011890618925599003,0.0062119459306466335,0.0065191812067298335,0.0085606396064735,0.009264410280248834,0.009460106746500633,0.0098899597398878,0.0013664221364609007,0.004521157507855933,0.003494160152516334,0.0036245946707452663,0.005178084524082833,0.014816922689755735,0.020249739447221565,0.17953333333332933,11.333333333333334,-0.004779643666666666,0.0018339676515542666,0.0008814460843637667,0.06666666666666667,0.26666666666666633,0.0036075388193837995,0.05865020796463554,0.026217040957861634,-0.041175939871091735,0.10171412882676538,-0.006709314666903068,0.0010330770786257666,-0.0005542854460885333,-0.0029045258441607667,-0.004199878725644967,0.0002574665421514,0.0010201487177017002,-0.0008350299236621001,0.0018609405408333668,0.0011543766809663668,0.002208442834874933,0.0011647692798420334,0.0023522226981734667,0.003120034388395233,39.833333333333336,0.0,40.43333333333333,7.254845807720336,-0.04007580899938645,-0.08197675925718666,6.274605981528417,6.02640921446594,7.1163201178587565,-0.012633090863663403,-0.0627827548869367,5.895622602222133,6.034391987479563,0.01778396212194683,0.02569121254834647,0.0020081373376908,0.0,-1.4649257857440014e-05,3.7846958608833354e-05,0.006328686456694033,-0.0019550398174660996,0.0033167769510561006,0.0032334141686876003,-0.0013222036486111668,8.177577335913336e-05,0.0004431899015505,0.7983768333333313,0.031143626278651863,-0.08948642866666669,0.021001838146331202,0.020000000000000066,0.006666666666666668,0.029999999999999902,0.029999999999999933,0.0033333333333332334,0.02000000000000003,0.0,-0.019999999999999834,-0.0233333333333334,0.3433333333333333,-0.049999999999999996,0.0,0.06999999999999999,0.65,0.92,1.2633333333333334,1.9566666666666668,0.0006789654300673667,0.00010749451671217032,0.00017840258752796666,0.0002784352103981,-1.6335312732114932e-17,-0.0009876550435523,0.0,-0.00547428178626173,0.0,-0.003075393712396232,0.0004377326083201667,0.002145158541597533,0.0010875485449387337,-3.469446951953614e-18,-0.0009732367011114,3.3248866622888805e-17,-0.0013253827932129998,0.0,0.0010335925594160999,0.0,0.0001242823744521667,0.0006110190305462001,0.00031765372417426693,-0.0002132813023014666,-1.1430988267212334e-05,-0.0011512509481455726,0.0014461338661994358,-0.003382427412242666,-0.0032957241432297335,-0.0020151520389492333
1963-03-01,0.0038404124633656333,0.003839854004912833,0.0031011493628500665,0.0063759536901292005,0.0019794198399125332,0.009104253505723832,0.0050590684992627005,0.0020221024653655334,0.0033668606752211665,0.0088610496684933,0.0016751895206696,3.3393426912553537e-17,0.015522823459149565,0.0215322766815739,0.0093931083055397,0.0094563735496944,-0.003643250582706733,-0.0099706949038468,0.5245000000000036,-11.666666666666666,-0.0020552853333333336,0.0026556110661163333,0.002926362573547933,0.0,0.13333333333333333,0.0021459301582830346,-0.033593693505075364,0.005812411147713532,0.007326302239591363,0.004437114879413132,-0.005285779621371968,0.0022804028231242666,0.002951322772418,0.003558655244595067,0.007043290542916,0.0021165449683515666,0.0023562347761440336,0.0017719449689691334,0.0019312269670722665,0.0010914946991829667,0.0015771943286045978,0.0011317447559566999,0.0027030495830860667,0.002051953129191933,40.13333333333333,0.0,40.5,7.39019566327503,0.047798162093233294,0.09340645041673012,6.378055985466793,6.066045021292506,7.168661405119057,0.019449961020759965,0.11191059003116344,5.946883908847063,6.018725611158416,0.0068455978023098,0.020226880545995033,0.0025177094421688,0.0,0.00020914318136000003,3.5555388612299994e-05,0.007022981153313901,0.005190671202628267,0.006734235772506367,0.006665807670832767,0.0006010526137059332,0.0008226265269662001,-0.0009764186984438333,0.7478306999999997,0.020683786370272034,-0.0461978593333334,0.0120728191195775,-3.23815048849004e-17,3.23815048849004e-17,0.0033333333333333665,0.009999999999999934,0.03666666666666677,0.020000000000000035,0.003333333333333401,0.009999999999999768,-0.0133333333333333,0.3433333333333333,-0.05333333333333334,0.02,0.12666666666666668,0.7533333333333333,0.9833333333333334,1.2466666666666668,1.9066666666666665,-5.395801307549996e-05,0.0037255564422083005,-0.0004521388045242677,-0.0001237202698933667,0.0009995009987521333,0.0019960139482075668,0.0021786569932618,0.0010720995572746327,0.0,0.003081686048016933,-0.00010980997160930002,-0.0014275539306669999,-7.0505702152046795e-06,0.0013917904701602,0.0,0.0,0.0,0.0,0.0,0.0,0.00018718204170473335,-0.0005123871096165334,0.00017795023390163324,0.00041932625439543335,-1.124397744560497e-05,0.0022637521019515674,-1.2439899735870383e-05,0.0054431935343141,0.003536579836155166,0.0011935542149685
1963-06-01,0.0029194195411754334,0.0031006891178799335,0.006098583964439867,0.002713200097979667,0.005901013253550834,0.0003327402422533001,0.003660631462165654,0.005001631098213833,0.0036646010559815336,0.006001072204008168,0.002664515353594566,0.014015751346641,-0.004982796267759333,-0.0139730734216753,0.006722136586093865,0.0013303879424998663,-0.005031878492422301,0.0040243069950203,-0.1499666666666667,12.0,0.015400776666666635,-0.00021352941633640002,0.0014413320076880774,-0.16666666666666666,-0.19999999999999987,-0.03631064934180783,-0.0028860209143714657,-0.012624435568815732,0.023882117573543703,-0.049826138759158166,0.00012519044312440017,0.0017264806138499666,0.0006523159289871667,0.00016333197550163331,0.0041126062807789006,6.392840038790004e-05,3.611999064409999e-05,0.00010393930029076664,0.0022850091710845334,0.0014400139947472,0.0009065366842139999,0.0021196362361752333,0.0017087795263303334,0.002858793966608367,40.233333333333334,0.03333333333333333,40.63333333333333,7.386181023126933,0.0161421979684899,-0.0066196028832002695,6.389765358183266,6.068991011576344,7.189358670917823,-0.032580761590979904,0.008531849062986636,5.991312804241041,6.05778696224618,-0.011476558040975233,-0.0013038260401885668,0.004497358608959434,-0.0034437086666667,-0.0004552919743122335,-0.0003113814754280667,0.003978221022733466,-0.0025570149377483337,-0.005037879270016099,-0.003366740422577967,-0.0016975734665657,-0.0012631369346466667,0.0014153721142028607,0.8200716333333382,0.003968300835439367,-0.0013185240000000663,-0.005743489473039399,0.16333333333333336,0.15666666666666668,0.13000000000000003,0.14333333333333342,0.13666666666666663,0.056666666666666664,0.0233333333333333,0.02333333333333343,-0.006666666666666467,0.36333333333333334,-0.003333333333333336,0.10999999999999999,0.23666666666666666,0.6966666666666667,0.8366666666666666,1.0933333333333335,1.67,-0.000540061067873751,0.000338534983246,0.0,0.0017279189545961668,-0.0009995009987521666,-0.0029895566609202,-0.0021786569932618,0.001131710305276367,0.0,-2.4939832665258076e-05,0.00032311923691650006,0.0014229881688580988,-3.491114241266618e-06,-1.152624814968727e-05,0.0009647860087881495,-7.517135062566164e-18,0.0013046331070455002,-4.625929269271485e-18,-9.526213759455024e-06,4.915049848600954e-18,-8.585356168476663e-05,-0.00039017914722273324,0.00038125485115776675,-0.0003913202850531667,-0.0013633284171750788,-0.0011733846496012332,-0.0028551602286160816,-0.002551229538145933,0.0002839621980500001,-0.003733728491209433
1963-09-01,0.0047826983343449,0.004940750706447,0.0016591119309065667,-0.0005521293543270996,0.0011452269832457334,0.0072326501163977,0.0052554543346847666,0.0039496248863590665,0.003625597528759034,0.009445528242000267,0.0013239505066675004,0.0074344677035406,0.010541361690132534,0.01592289361472257,0.006524749974099867,0.006242090446670266,0.009661870692459834,0.0033164496362818666,0.2643999999999997,9.666666666666666,-0.007942789,0.0029218054353912335,0.0017575464498111664,0.09999999999999987,-0.19999999999999998,0.034344075299411664,0.02160340778453837,-0.0184548971286406,-0.03555765827729399,0.0,-0.011085612994349334,0.002014634083423033,0.00032567988260899977,-0.0019652857453508333,-0.0017254433005327002,0.0006598765419051665,0.0016213618952764667,-0.0007282566359106335,0.0028873245324216334,0.0018423523673819335,0.002513284752925633,0.0025464679934395,0.0025468561229639,0.004102180635914667,40.233333333333334,0.0,40.666666666666664,7.44999803491302,-0.026478943549343242,-0.0009564808093198984,6.476070889506503,6.072849867519342,7.240226629658641,0.0159798207630398,0.025475355734450002,6.052072559514077,6.063363263988427,0.008968022543053667,0.004455765929881367,0.005482370017023266,0.0068874173333334,0.0010774858986651334,0.0005562478545892,0.006456765610588233,0.0056305366294656005,0.0067003931070291995,0.006768189509306316,0.005354579019764466,-0.00011880842101563336,-0.0017328653972962665,0.4880473333333364,0.007614072922613066,-0.0004522769999999639,-0.0016898640754068669,-0.0033333333333334,0.05333333333333334,0.06666666666666674,0.07,0.0700000000000001,0.03999999999999986,0.04,0.013333333333333334,0.0033333333333332334,0.39333333333333337,-0.036666666666666674,0.09000000000000001,0.16333333333333333,0.49333333333333335,0.6166666666666667,0.8333333333333334,1.3500000000000003,-2.3165039332e-05,-0.0003868989303071333,-0.00021438525768470017,-0.0016351244474316334,0.0,0.0,0.0,0.004440781749899376,0.0,-0.001032805979414835,-0.00032599715422525303,-3.0115628958024086e-06,-0.0021470987372316,-5.691827389866487e-06,0.0,0.0,-5.086301826400166e-06,0.0,-3.3248866622888805e-17,0.0010666675768902666,1.921056840566673e-05,-0.0003506234217738001,-6.987675858119983e-05,0.0002066074070836333,0.0013413834332418335,-0.0033278146613944337,0.0028309116319929334,-0.0015233524998544661,-0.0014998152366748332,0.004857970757937481
1963-12-01,0.005196259326754766,0.0053189300141512665,0.00736547602454,0.0112358534705118,0.007042291103003267,0.004521664064596032,0.0035645286189881337,0.0035793433652455005,0.004556795200412033,0.0035131650204453,0.004919036711749734,0.0063294574592997,0.0057862262867929325,0.0054618843386008,0.005812620752937067,0.004848027170226,0.0071482093331059,0.0016459326412710668,0.12423333333333166,23.0,0.014105794666666666,0.0012175440767906,0.0023549315325404,-0.09999999999999981,-0.03333333333333399,-0.028238537790976164,-0.003001794061599533,-0.012567945875140067,-0.003141713486527598,-0.022495306223592432,-0.022015939220812797,0.002886773746431767,0.0019474252080756331,-0.0007674179786094001,0.005256209741514699,0.0014217377337578665,0.0011123680416478333,0.0018694549702041,0.0033692477106115333,0.003019239128834133,0.0023636527790372,0.0040941417260865,0.0032461933741550334,0.0033919341551922333,39.93333333333333,0.0,40.46666666666667,7.3978087491483775,-0.006627123517943395,0.11474721600668343,6.36303220372436,6.084760498582033,7.233782264282319,0.04504195515256004,0.04576229125841663,6.054422116214844,6.034945264833962,0.016518299058583097,0.008935276360436601,0.0030211685772395997,-0.0068874173333334,-0.0008785310128836332,-0.0007175899281766999,0.0037526782090768,-0.008698597821161499,-0.011467142239110868,-0.009861982017849467,-0.004601535071054667,0.0010483589374373334,0.00155871313395,0.7475294999999944,0.021205735765392735,-0.039440057000000035,0.0133218723000786,0.0,0.0,0.0033333333333332334,0.006666666666666667,0.013333333333333199,0.0066666666666668,0.010000000000000035,0.010000000000000068,-0.0033333333333333006,0.49,0.07666666666666667,0.21,0.3466666666666667,0.6,0.7033333333333333,0.9199999999999999,1.39,0.0006325990913038552,0.0002297122221559333,-0.00010724435719083333,0.0007414275531314666,3.3248866622888805e-17,-0.001987103079174601,0.0,-0.007832387716968701,0.0,0.0009444472424274667,-0.0006484077197003333,-0.0007069638563791,6.826754049300138e-06,-0.0013745723946206334,-0.0009647860087881702,0.0008557985017486001,-0.0012995468052191164,0.0,-0.0010240663456566358,-0.0010666675768902785,-2.367732473352235e-06,0.0011984330425708334,-0.0006495255219737668,0.0002050893704087667,-0.0013413834332418433,-0.0021785146056725008,-0.0014094453698403665,-0.0016262079343611667,-0.0019921986066584,-0.003229771193931367
1964-03-01,0.005698969300295166,0.0058218824674008,0.006342610742936734,0.0017786354175826676,0.009618815990828901,0.0072989025438686995,0.0076486189296486665,0.008309187028465734,0.0092470065546659,0.008161365088226033,0.0099410729270336,0.015321574483501965,0.006624768455419566,0.008807042417372533,0.005873870620658167,0.0072985183456530656,0.012305765194329533,0.006504461027862033,0.3103333333333329,40.0,0.017872915,0.0032494313010507665,0.004239529527207333,-0.10000000000000035,0.1333333333333336,-0.005311413646633234,-0.0352420265147287,-0.013402140159346631,-0.038079396563281305,0.011437381662926334,0.0056611279115047,0.0019336736949242667,0.0010204089601284,-0.0009342462082487666,-0.0007458316467309333,0.0014789485713937666,0.001964466798428967,0.0007758557308275,0.002400782800525733,0.0015569615712938665,0.002205236568824933,0.001273040166604833,0.0023843687742183665,0.0030821129321551666,40.233333333333334,0.06666666666666667,40.699999999999996,7.297801110145723,0.02326525397851324,-0.12843437827260681,6.34378102908878,5.840932516347063,7.1638188218934005,-0.03251438476954653,-0.0688395551148568,5.98728847581958,5.9068929746461025,0.010824863462713588,0.015994669357057234,0.004295511866711,-0.006887416999999968,-0.00022377994184986658,4.991823185949998e-05,0.004734416395677634,0.005563098543697922,0.008158534521903538,0.0081699346405229,0.0023895407040663698,-0.0016247303057825666,9.838488754649996e-05,0.6492605000000063,0.0140429342543286,-0.020457486333333233,0.005510912327368566,0.006666666666666667,0.003333333333333365,-0.016666666666666632,-0.0233333333333333,0.019999999999999903,0.006666666666666233,0.016666666666666632,0.0166666666666666,0.0066666666666665335,0.4666666666666666,0.03,0.19333333333333333,0.42,0.6466666666666666,0.75,0.93,1.3766666666666667,-0.0007098275178883999,-0.0001451258842895333,0.0002978158385959,0.0002776107133116,3.3248866622888805e-17,0.0029806457918872,-0.0010840117954592,0.0033727100551948336,0.0,-0.000989672577729666,0.0006463082863374667,0.0,0.0010632651227000334,0.0,0.0,-0.0017115970034972002,0.0,0.0,0.0,0.0,-0.00043124110289716666,-0.0010481805634148,-0.0006444245320834334,-0.00015115485276356665,-2.023844055306275e-18,0.0011125384739392996,0.0,0.005169056471734333,0.0031048685114166666,-0.0020015193982922666
1964-06-01,0.004860336936702066,0.005112776600877033,0.006345402551091867,-0.00047668592283046696,0.0065672362645899,0.005292743734313334,0.0031352081616007666,0.0031414877903971003,0.003441038842957033,0.011279444450142034,3.353798720221827e-17,0.005348875824730367,0.009546746115055198,0.0121892939111291,0.008453263340435216,0.005601881000934367,0.0088654977907573,-0.006504461027862033,0.17073333333333565,31.0,0.013855964999999965,-0.0012604129783255669,-0.0008052112561482998,-0.033333333333333125,-0.19999999999999996,0.002961227647744369,-0.0061502359710387325,-0.014320344256334832,-0.03347291591568233,0.0026350598357044,-0.030377248086828967,0.003027519641214767,0.0030426174740298332,0.0006048111624916002,0.0043448927568185995,0.0028547613615567,0.0037184980572615664,0.0015977353099654336,0.003019813237093733,0.0034340963075122333,0.002425451931456933,0.004645135606632867,0.0015407434839019667,0.0021303718186912665,40.36666666666667,0.06666666666666667,40.833333333333336,7.352642097681983,-0.003766518417976402,0.018442354652200035,6.366849757378997,5.91842441209763,7.1675104697455465,0.008097564189683068,0.018587858172816798,6.0225393559703635,5.85946463579585,-0.010689890115201002,0.0182741315596502,0.0033235135828247665,3.411622836087721e-17,0.0010441771654840332,0.0006034504151234333,0.006752630298300266,-0.001230013695818,0.0016460938801942007,-0.001633986928104534,-0.0008530406466754,0.00026280792341916675,-0.0011048490986252334,0.4203132,0.005244290406299867,0.007802440666666699,-0.004806691816449334,0.0,-0.003333333333333364,0.006666666666666667,0.0033333333333332668,-0.033333333333333236,3.353798720221827e-17,-0.0033333333333332334,0.0,-0.009999999999999768,0.47333333333333333,0.006666666666666667,0.10333333333333333,0.29,0.56,0.71,0.9333333333333332,1.36,0.00037824844171607976,-1.204304847579607e-05,-0.0015276312690180665,-0.0006790125804771,0.0009935427127126333,-1.6335312732114932e-17,-3.536749479504664e-06,0.0034071846905128055,0.0,-2.367508316869985e-05,-7.284090074696813e-07,0.0,0.0010632651227000334,0.0013522668985381668,0.0,0.0008557985017486001,0.0,0.0,0.0,0.0,0.00020410782286496665,-0.00011402323736666674,0.00029673483296360005,0.00029057397715510864,0.0013097593799631534,0.003248567200880067,0.0013802642220104666,-0.0032117301221645,-0.0006679158264392334,0.0076621587117997
1964-09-01,0.0037935889306599997,0.004068918274274534,-0.0022585999752218,0.0011873424162569667,-0.006904385449915434,0.006728328550077466,0.004649813991916967,0.004966717269622833,0.0018624284249567312,-0.0018033023060619695,0.0034577355002343665,0.011300015884265434,0.0089855347251748,0.011757249281238266,0.005532070574469299,0.006418916437390734,-0.00030181385494153337,-0.0003283697959820667,0.2459666666666651,43.666666666666664,0.0179808956666667,0.0007650067563714667,0.0013027023673460921,-0.0666666666666668,0.3333333333333331,-0.020257346114031367,-0.0084870213994244,-0.0043104048907496,0.042548520149087075,-0.04942084573401187,0.03216665610474576,0.0033888912053109,0.0036148561917173,0.004311698812862467,0.0062580060813986335,0.0030791214660728997,0.003503272743643633,0.002458901575887233,0.003273488614144733,0.002637301604657067,0.003419671338450067,0.0029531202092242,0.0016513362388013667,0.004997289047020434,40.4,-0.03333333333333333,40.86666666666667,7.30523271370996,-0.0194987355605368,-0.006676427291859933,6.336674776519179,5.78371859572594,7.13056352357365,-0.009466491507233202,0.0,5.9946054938644195,5.750149426102664,0.013244804522435899,0.0163299568795079,0.005767681769655778,0.003443708666666633,-0.00044825289064100003,-0.00037295191488963335,0.005142639732702833,0.0035398562758199334,0.0031595813181813006,0.0032442928862366238,0.0010104612116877334,-0.0003127347125044189,-0.0011092136153347666,0.44726056666666164,0.013698375982543835,-0.016199263000000002,0.002300708910235666,0.006666666666666636,0.0466666666666666,0.04666666666666671,0.06666666666666674,0.056666666666666636,-0.0033333333333332334,-0.013333333333333334,0.006666666666666467,-0.0033333333333335664,0.5266666666666667,0.1366666666666667,0.2933333333333333,0.4266666666666667,0.62,0.7366666666666667,0.98,1.37,-0.0003859722685636,-0.0012786678201290667,-0.00021538572742066582,-0.0014863006510976334,-0.0009935427127126333,-0.0009905901297191334,0.0010875485449387287,-0.0011586260617060667,0.0,0.001689750192766834,0.0006404021138006361,0.0007054676354592,-3.3248866622888805e-17,-5.463719536499938e-06,0.0009564808093176333,0.0008557985017486001,0.0012746988128010809,0.0010666675768902666,0.0,0.0,0.0002231533201760333,0.0010510783566450666,0.0007969268435547334,-0.0005003933143371001,-1.0408340855860843e-17,-0.0032137663141218,0.0013860033828879334,-0.005037987716329201,-0.0024371159343712667,0.0014365318187040332
1964-12-01,0.0055492708028263005,0.005599504543566732,0.010839390345013732,0.013003403537223233,0.019691906630452966,0.009550218380846668,0.010601702886308267,0.011506080553209235,0.012454060837250133,0.029129202755143264,0.005888882024477134,0.010929471943930734,0.009037396249468666,0.010800887808364865,0.009048817650559067,0.011896561157321501,0.004199626514243067,0.004570472591164733,0.6247333333333339,39.666666666666664,0.00045822766666666677,0.0025870654906446997,0.0018685133748696332,0.09999999999999981,-0.4666666666666666,0.029369089170088767,0.013416254784217466,-0.0010863670669691017,0.015475365624850468,-0.020398520342306565,-0.03787104099136467,0.0032600370758792334,0.0031476469334273,-0.0002169785810275,-0.0001033431517605001,0.004014004722234734,0.005186826645729133,0.0022888622777863664,0.0033174506246010003,0.003596045552065734,0.0032814805089102666,0.0048337699264499,0.0018772782224637334,0.003190138353864633,40.733333333333334,0.09999999999999987,41.266666666666666,7.261998951402323,-0.004040453510783452,-0.06582151229883683,6.402822444648643,5.665045952697487,7.093050752189137,-0.03466323784135,-0.029517799113813303,5.9823438124310435,5.6743250404465435,0.025639270244192033,0.016427068238010965,0.006644540435072867,-0.006887417333333334,-0.0012562535228909666,-4.501287807526666e-05,0.005840600042858967,-0.007061015779009701,-0.009390292322232168,-0.009435032092717366,0.0012582629010769325,6.480100162776668e-05,0.0020581524247660333,0.9232500333333373,0.005072014538361234,0.005881135666666703,-0.0041558164421687345,0.1533333333333333,0.08333333333333323,0.09666666666666673,0.06333333333333331,0.039999999999999904,0.03666666666666673,0.0199999999999999,-0.0066666666666665335,-0.009999999999999768,0.32,-0.049999999999999996,0.05333333333333334,0.08666666666666667,0.20333333333333334,0.2833333333333333,0.5166666666666667,0.8866666666666667,0.0010025998010812665,-0.0017292230040860997,0.0012306088757531666,0.0005581396652874,0.0009905901297191334,0.0009905901297191275,0.0,0.0033727100551948336,0.0,-0.0034881369802999,-0.0009626189908324001,-0.0007054676354591769,-0.0021098384575893333,-5.419745759900156e-06,-0.001910224902994928,-0.0017072251034475332,-9.675156617204086e-06,-0.0010666675768902666,0.0010085736388457,5.204170427930421e-18,-0.0003262240364460497,-0.0007516585068909392,-0.0007779100323934999,0.00014373502594527534,0.002558755993472833,0.0095327311120937,-0.0014084924756864756,0.003278317561884233,0.0006673989853360004,-0.005640981767533866
1965-03-01,0.004805652924328967,0.004996839387025233,0.0030739213530597,0.005371292482770067,0.004593220251727234,0.008424110453649667,0.0073718127441477,0.0082302648934592,0.0041476859619419,0.0108682481132784,0.0012265119075445666,0.012181536009752433,0.0099174266254304,0.012620310160762434,0.008852644518110518,0.008649869067888701,0.007372127264221832,-0.0032580971639091,0.24226666666666594,53.666666666666664,0.034089451000000034,0.0027372847200564,0.0042835839074288,-0.1666666666666665,-0.5000000000000003,-0.014261380036406798,-0.014692173407472234,-0.07401866787560346,-0.0917558897677998,-0.0534123752945537,-0.014264292781644967,0.003829644227905,0.0037383569400468997,-0.0021229760665448334,0.004517059164779566,0.0037842203304207004,0.005208705279235534,0.0016685662448120333,0.0038762560438758338,0.003972103721913167,0.0037387416252908667,0.0045563697437547,0.0022156224072009,0.003986493598046499,40.766666666666666,0.033333333333333326,41.266666666666666,7.276658745959662,0.04434104446713,0.07060399510155327,6.306103040632411,5.638299785402583,7.08433096735416,0.046785785898306564,0.0449731059664566,5.947032026167321,5.635875357250296,0.0035684498123505007,0.014659667178656,0.0075545370756013,0.0,-0.0010324499680646334,-0.0009546224673127332,0.0030144294178549996,0.0041044200777854666,0.006230711004050866,0.007824726134585324,-0.00040678105653876645,0.00036780951196786657,-0.0005966839182007335,0.5881190333333263,0.009582359935344,-0.006426489000000033,-0.0009350178965145331,0.039999999999999834,0.03666666666666667,-0.013333333333333334,-0.016666666666666566,3.23815048849004e-17,0.0,0.0,0.010000000000000033,0.009999999999999768,0.3,-0.16,-0.09666666666666668,-0.03333333333333333,0.07333333333333333,0.13,0.35333333333333333,0.7200000000000001,0.0014215973381990704,0.0029474851544674667,0.00023842734347500003,0.0011443605146619666,-1.1636905282633343e-05,0.0009789532244365,-1.7202674470103336e-17,-0.0001320451611710663,0.0,0.008556542972055,0.0010605587481053666,0.000699545552307024,0.0020898710045317804,-1.0709676729139401e-05,0.0019047670878127997,-4.371900049677557e-06,-0.0012650236561838667,0.0,0.0009994645622811332,0.0,0.0006054853955162,0.0005079589618160999,0.0013040600475265,0.0001136583686123,-0.0013142244582461996,-0.0021793811027447665,0.0013304114830315695,0.003199475101838534,0.0022109621255109336,-0.0017000435885438667
1965-06-01,0.004594507371310834,0.005005161151894134,0.003807095240096233,0.004614298242888866,0.004446398412523467,0.007096341621407633,0.0046334538077846,0.0046133506241073,0.0005889867125685668,0.0018661454627868005,0.00030609185308586663,0.010466219813470165,0.0101717760729287,0.0126811918896824,0.008884626510609268,0.007320339406800834,-0.0020478141691232334,0.008725294804658966,0.13380000000000328,40.333333333333336,0.025884525000000033,0.0006707720163745002,0.001535626375761267,-0.06666666666666633,0.266666666666667,-0.0115759424285304,-0.03465885991224097,-0.0013614722807416269,0.017703275104649294,-0.023608684189537304,0.0240924192119872,0.004036669196386434,0.004566503285330333,-0.0008201431185730334,0.0034490062221929334,0.0051191948348859335,0.00705228423521,0.0022118414238114,0.003765863755850366,0.0028593598845940336,0.0031120616694503,0.0028250334684945338,0.0020855125381018,0.005794400755198899,40.63333333333333,-0.03333333333333333,41.166666666666664,7.30146158961423,-0.025891012772739894,-0.0115953720284733,6.376611294328609,5.532706305195437,7.12473855590756,0.011697106603756767,0.011659906298673329,6.006086429742783,5.55625239440717,0.018206041389281804,0.012264441512624466,0.008260412968682566,0.0034437086666667,0.0020462840732165,0.0008765189845979667,0.005830358645891167,-0.0017267722735253663,-0.004597774044111902,-0.004694835680751201,-0.0012106135815421002,0.0005837249131785761,-0.0009656838792035,0.4576826666666703,-0.010582899438193266,0.05174683000000003,-0.020538478121735267,0.0066666666666668,0.0,-0.016666666666666767,0.0,0.013333333333333369,0.0166666666666666,0.013333333333333369,0.0166666666666666,0.0233333333333334,0.29333333333333333,-0.25666666666666665,-0.18000000000000002,-0.07,0.08333333333333333,0.1366666666666667,0.3933333333333333,0.7866666666666667,-0.0022697545968643667,-0.0001570875916539563,-0.0007516243632774343,-0.00030889941357430004,-2.8666314069170085e-06,-0.0009789532244364667,0.0010666675768902666,-0.001167543517067499,0.0,-0.0076827984787637,-0.0013773653615299743,-1.4650179355572372e-06,-0.0010432976696425334,-0.0013306737565126332,-0.001896650105868733,-0.0008713210789171305,0.0,0.0,-0.0030075391998789663,-3.353798720221827e-17,-0.0006670795372632333,-2.803228693033195e-06,-0.001894205357522,5.4675063107933356e-05,-1.942445344993322e-05,-0.0021157930016047002,-0.0013521794797305663,0.0021485848305520332,0.0008064831526510668,0.00303072377687269
1965-09-01,0.009095766317325166,0.008211844388111266,0.010014185781916667,0.0132668712550726,0.013372620060157067,0.005569446110892433,0.0096383997838329,0.010431505818358935,0.008416868876738032,0.0114952470899247,0.007259842793141533,0.0173178828725528,-0.0005420217936321662,-0.004699771727508567,0.004125336484094066,0.0049758631215849,0.010683350077978266,0.0050651412517503675,-0.0675,126.66666666666667,0.057268622666666665,0.0008076052665639999,0.0016866349484268332,-0.10000000000000053,-0.066666666666667,-0.017391560822508333,-0.016352052329731432,-0.042631795030292935,-0.06507072220834374,-0.016722419572673168,-0.0386656120739867,0.0041550885351148,0.0047109957648269,0.001093076347064367,0.0061989388960128336,0.004550831453185434,0.005054580243958933,0.0037862211488104668,0.0038702563402121665,0.0031877311886242,0.002837660211028733,0.003766518417977567,0.0027605402772404,0.0053123256969378,40.7,0.09999999999999987,41.199999999999996,7.289345571981049,0.03409294970680644,0.04926983482960343,6.31779199948891,5.581393941640321,7.146961852042043,0.0222304581662265,-0.0127404042734002,6.051154416531207,5.585899704028627,0.010573671291772032,0.0189776604979356,0.004554606521792767,-0.010331126,-2.5760723374033234e-05,9.985168259460984e-05,0.0052195942976022,0.0039517282520134525,0.003079168532158199,0.004694835680751166,0.0004706822714902334,-0.00032526266381806664,-1.8222482636300025e-05,-0.39469283333333033,0.0211296279324706,-0.042073575666666564,0.012292208153452234,-0.006666666666666969,0.0,0.08333333333333323,0.09666666666666661,0.09999999999999998,0.08666666666666656,0.06666666666666687,0.036666666666666466,0.02333333333333343,0.3133333333333333,-0.049999999999999996,0.10333333333333333,0.22666666666666668,0.2866666666666667,0.3,0.49666666666666665,0.8666666666666667,0.0001620876926337857,-0.000760086914562604,0.0015372267837646667,-0.0010524043780804997,-8.500040375706655e-06,0.0019267876384996797,-3.4024541902333166e-06,-5.9903555437066464e-05,0.0,0.0016877673188489,0.0013683321962630333,-2.9117040309373995e-06,0.0010465733348893,0.0013097593799631959,0.0018885791785591035,0.0025917979730145334,0.0012414663636606707,1.4166908387143924e-17,0.0009995009987521664,-2.7755575615628914e-17,0.00048152628556403333,-0.00023970846625183395,0.0012386891016222667,0.00011023746584013336,-0.0025348664617397196,-0.002082985058474467,-0.001336007132512903,-0.0056818292899241665,-0.0034855759669382333,0.0006098698622771665
1965-12-01,0.0042343172279058336,0.004189547585837,0.0050466215358683,0.0036514798667202004,0.004376489189151366,0.009528074984615633,0.008005252494654867,0.008494643996972133,0.004554646726021733,0.007364508230849334,0.003274849885568667,0.012716254235380467,0.011987262230043899,0.015661822097464168,0.007382920282280333,0.010531750785617333,0.009801117619446834,0.0012543499346795994,0.4208333333333297,53.666666666666664,0.048615025000000034,0.0006989382709636334,0.0019000269251894665,-0.09999999999999987,-0.16666666666666666,-0.005709406158236033,-0.05538011087749461,-0.027456999144375768,-0.010132492394790632,-0.04712365106028634,-0.015111145304684834,0.004273836781088366,0.0046297040535557,-0.0007647769114651334,-0.0028851595333971663,0.0063456904216921,0.0083317566333368,0.0033025532011680997,0.0040911221482323665,0.0033723460858325668,0.0033006320789130336,0.003320148057638833,0.0015998202347103,0.0055432772056575,41.03333333333333,0.06666666666666667,41.5,7.2877049351136565,-0.08826592620606659,-0.04149494397413337,6.328970960403324,5.501928164437433,7.142024175457313,-0.0586302221545566,0.009600663634570267,6.03275023091368,5.450695729839187,0.016114802899217903,0.023226903471785004,0.0085752282346044,0.0,-0.0004185113156456666,-0.00040467860527646665,0.0030055227431586003,-0.006687451246486999,-0.007370810182100065,-0.010416666666666635,-0.00016452727886363304,0.0007140090289916335,0.0003848216736072,0.14802256666666938,0.0019476359239696,0.015887355999999898,-0.010486705892782701,0.16666666666666688,0.16666666666666655,0.18666666666666684,0.19333333333333333,0.19000000000000017,0.17333333333333367,0.1266666666666668,0.0600000000000002,0.056666666666666636,0.33666666666666667,0.09333333333333334,0.24666666666666667,0.4000000000000001,0.4066666666666667,0.24,0.2866666666666667,0.62,0.0010478070186505,0.0003617017994385666,-0.00014269915668683333,0.0004027823451775333,0.0019018716262128334,0.0009181798447795188,0.0010531441035195334,0.0028582715418197665,0.0,-0.002537024678448367,0.0010331174425946702,-5.751142320900744e-06,-3.2756652467528604e-06,-0.0013097593799632002,0.0009244664493972462,-0.0008646783923488074,-0.0012414663636607,0.0010465733348892666,0.0019723923426961,0.001027222179136074,0.0008122173064403333,0.0011155502678334664,0.0018892284614607999,-9.048826435054584e-05,0.0024875737338631667,0.00402514803647,0.002614392487008602,-0.0019736023174002333,-0.002472297399791054,-0.0040452177734496
1966-03-01,0.0025982732234925998,0.0028457799047778335,-0.0003635990337836001,-0.0004719522448386332,-0.004565729477109933,0.0082177449627011,0.007551826645871867,0.0077553124064696334,0.003655637360099209,0.0032497243154313003,0.003830241383991233,0.013381794282632234,0.009034234641967566,0.010857041506033366,0.007862714481427634,0.008657561066624034,0.0032951200623460336,0.005586493654947933,0.24236666666666898,28.666666666666668,-0.006956365000000033,0.0021852769849317,0.0016732270961501003,0.03333333333333333,-0.3333333333333332,0.026800141812679232,0.026613241270018767,-0.035494493467483366,-0.08776353977587399,0.01802240709009184,-0.03512228549675,0.004827183567905133,0.0055828241498106996,-0.000547345497914499,0.0023894964928707994,0.006435243164582101,0.0082215721276194,0.0036584840797507334,0.004438230592975567,0.0033119930593758,0.0029943946755506996,0.004159279637369367,0.0028378626485357997,0.006532497232685767,41.06666666666667,1.3415194880887307e-16,41.63333333333333,7.197366749695,-0.026680902557843375,-0.0322507137070766,6.278412963817317,5.434538196890403,7.048012957307537,3.700743415417188e-17,-0.047376892070236765,5.955344439413193,5.357210925515993,0.003640342881733233,0.023479023263945433,0.0100702935217699,0.010331126,-0.0019556905577828333,-0.0013029046749523435,0.0011258555134121332,0.004429744039560933,0.008889415694053767,0.008894596651445966,0.00105037877824776,-0.0016776827571554334,-0.0008066195735008,0.03922063333333401,-0.021961470505845668,0.08808102800000002,-0.0337481702916917,0.10000000000000007,0.1699999999999999,-0.003333333333333565,-0.003333333333333535,-0.0033333333333335317,-0.030000000000000266,-0.016666666666666597,0.06666666666666683,0.12000000000000006,0.5833333333333334,-0.12333333333333334,0.036666666666666674,0.19333333333333336,0.14,0.06,0.21333333333333335,0.6633333333333333,-0.0012948292542362,0.00033803202546509996,-0.0012154156598802332,0.00012383517680584138,-0.0028694581788666997,-0.0037905945950123996,-2.653822168776146e-05,-0.009004796831738805,0.0,-0.0017181494277645627,-0.001362583843712622,-5.656764500522211e-06,-0.002080105141106644,0.001284523105330073,-0.0018674185162231148,0.0008602155311638666,0.0012187704010367666,-9.765863425166554e-06,-0.0019723923426961,-0.0010272221791360959,-0.0009595066176154666,-0.0011368815748490667,-0.0026452184481866995,0.0003894445367834667,-0.0024875737338631667,-0.004058223232956166,-0.002614392487008633,0.003578046062948767,0.0022895952495721665,0.0024333319391486993
1966-06-01,0.0046337304826942335,0.004334948168753,0.004259155677529867,0.008159938115539932,0.012759840075011866,0.0036455752508747336,0.002920963959763,0.004462967554687033,-0.0002803956634638332,-0.011643309682302741,0.004365063837589634,0.009804461150829268,0.0055548130014265,0.004581751226884634,0.0066636106434738995,0.0038630409623674664,0.011809874448449,0.003064226129869967,-0.18593333333333337,0.0,0.006403662666666666,0.0026359991181396,0.0029707540389758667,-0.03333333333333333,-0.133333333333333,-0.0018444559818850328,0.0024271951904211338,-0.04683709557797983,0.013125055078276668,-0.10982640037674736,0.013220949738012569,0.004133605721027167,0.004536464271255967,0.0034875801772805,0.0033560642789740003,0.004825423871598233,0.0060509993020450336,0.0028981489623026665,0.003925694524776667,0.0026735634029772665,0.0038355930818418336,0.0035054254141003,0.0027018047276069664,0.005650629349351733,40.833333333333336,0.0,41.333333333333336,7.0318371675861195,0.04430615324049351,-0.021865760828603403,6.11482631683825,5.21234250506539,6.825532573369723,-0.0392610118854601,-0.0743811837714032,5.74461901648568,5.1015645274100665,-0.0068749680579601345,0.01930126493121047,0.011528749418739999,0.006887416999999966,0.0019487659686359662,0.0006334640911950334,-0.0013100302999653332,-0.0027045286888546668,-0.005822564346796934,-0.004457003228426635,-0.0034514324753294,-0.0009257292899114666,6.147115163266665e-05,-0.5011597666666696,-0.024419125266328768,0.10555863566666661,-0.036169848567272005,0.21,0.15333333333333332,0.10666666666666665,0.15333333333333335,0.20333333333333334,0.20333333333333337,0.14666666666666647,0.1099999999999996,0.1166666666666664,0.33,-0.58,-0.3833333333333333,-0.10666666666666667,-0.12,-0.31666666666666665,-0.15333333333333335,0.3633333333333333,0.0008175609941711461,0.00031406611460333333,-0.00041807773363923334,-0.00046461931975249997,0.002836896555969567,0.0047121455297111405,-0.0010562784451157335,0.004013124789428033,0.0,0.0025674067873640667,0.0013260783423931666,-0.0006837609235191503,0.002060873817120767,-1.9499449146188348e-05,0.0009220844976301499,-4.417029415246764e-06,-0.0012187704010367558,-9.585292328010789e-06,0.0019379899551400664,0.0010085736388457005,0.0008598936941721667,0.00021358342598529995,0.0026584747009103667,-0.0003458038635348333,0.002424253109693151,0.0009589028044538001,0.0012795921023885666,-0.0005274644164880332,0.0011216417542398002,0.0034202274160121337
1966-09-01,0.005446714587000234,0.0036863630357857665,0.0023032601717376997,-0.003336702540923534,-0.0006382578937144666,0.0030939012029917,0.004984878879624201,0.005689832968301299,0.006375983582336699,0.008645002629951935,0.0054481423791812,-0.0022036120422199994,-0.0002495129224034329,0.0002388889952182662,-0.002566242719955233,0.0022965163540799335,0.0018410113814942002,-0.0015289815724351674,-0.31693333333333196,-18.333333333333332,0.011112909333333301,0.0024630653941232,0.0031477154611773,-0.06666666666666654,-0.03333333333333366,-0.0262872455242536,-0.0212173916134907,0.0,0.006373680482259533,-0.008230870863457371,0.011586994460602767,0.0026352632765025003,0.00024264483934703334,-0.001902747834229733,-0.007951082602554333,0.0018403415121248333,0.002758469189410267,0.00038452299385479993,0.0038645065843016667,0.0027830449420746003,0.0022459134990041,0.001320233904653,0.0020120785439499333,0.005913673646339467,40.76666666666667,-0.06666666666666667,41.233333333333334,6.85255667053234,-0.0860272008918299,-0.11012969388927013,6.007217961920933,4.977554304175786,6.619366637755603,-0.06724654755035314,-0.05062684376424004,5.55149791792572,4.896859738432276,0.0018559228041041657,0.0132172187788549,0.0102595242199926,0.017218543333333433,-0.0005880504099297999,-8.192897656123328e-05,0.0009428219639214334,0.0042771687711903,0.002961316449666499,0.005979073243647267,0.0006280264626535333,0.00018042703450076668,-0.00015001123493976667,-0.8113379666666664,0.0014022952298935673,-0.002234511999999874,-0.005905876990874266,0.07666666666666667,0.05000000000000001,0.12000000000000004,0.08999999999999997,1.1564823173178714e-17,-0.04666666666666643,-0.020000000000000007,0.013333333333333466,0.09999999999999998,0.39999999999999997,-0.21666666666666667,0.08666666666666667,0.08333333333333333,-0.18666666666666668,-0.4466666666666666,-0.14666666666666664,0.5433333333333333,-0.00044709625437799996,-1.2042175007693635e-05,0.00027479586017186666,0.0021319069751743335,-0.002836896555969567,-0.0047015353938473,3.2149120480151733e-06,-0.007131655463693733,0.0,0.0025940468140183805,-0.0017438624383272038,0.0006713664572337002,-6.253850026724835e-06,0.001204123436436751,-0.0009220844976301668,-0.0008557985017486001,0.002372489256288033,-9.409683506133212e-06,-0.0019379899551400699,-0.0010085736388457116,-0.0007884558746877666,4.077280009500003e-05,-0.0022449740196888337,0.0001030941265112,-0.0012273637327836003,-2.2405198014399663e-05,-1.9351155753252812e-05,0.001010082601445333,-0.0009578081579485333,0.00045453491343923347
1966-12-01,0.0033884330631436996,0.0024034438890380002,0.0008673703452117667,-0.005615406698342567,-0.022294306198056436,-0.0014647286199850002,0.0024080028727718,0.0014254818556286664,-0.0023288665893359,-0.021351588903162935,0.005270248503172134,0.002664973130866166,-0.007802732106599192,-0.0118144114801614,-0.002311704465964867,-0.0012532280857330332,0.009270235303934433,-0.003535550448140367,-0.5781333333333297,-14.333333333333334,-0.024263477999999963,-0.0003874678544129031,-0.0010580153477839,0.06666666666666667,-0.16666666666666632,0.020900759969052263,0.035034250160158105,-0.0036114473885700015,-0.007663172741566203,0.001662513837013168,0.038744854223548834,0.0020953501271284663,-1.5160128863699976e-05,-0.0009281255143213334,0.00030161365351470004,-5.5618899431566594e-05,-0.00033223095820270006,0.00038407993111100005,0.0031686429669163,0.001825202724671,0.0013960501505921,0.0012949109218395665,0.0035473120498371,0.004433475535270366,40.46666666666667,-0.13333333333333333,40.800000000000004,6.964690049722943,0.09170109674830644,0.057614270946470036,6.064618139848821,5.058705937382727,6.774527077330497,0.05417297649925986,0.06399166283153335,5.721204341097416,5.003265532233557,-0.010593410488667701,0.0028764374605050667,0.007942956180299833,0.010331125666666633,0.0017370465509790663,0.0012944468943149998,0.0041986681446222335,-0.004745769828697734,-0.0027176828880441325,-0.004219409282700433,-0.0003520386526858334,-0.0003079131950650333,-0.0010605957058279333,-0.2318029666666633,0.0252372739118988,-0.0812442553333333,0.022716431783701765,-0.25333333333333313,-0.206666666666667,-0.25333333333333335,-0.31666666666666665,-0.27666666666666667,-0.20666666666666667,-0.17666666666666675,-0.10666666666666667,-0.10333333333333306,0.59,-0.3666666666666667,-0.3133333333333333,-0.22666666666666666,-0.3,-0.43,0.09333333333333334,0.8766666666666666,0.0011550556743380666,2.4175834995254764e-05,0.0003580892702753,-0.0004931423306602667,-0.0009429520668258667,-7.935090956433214e-06,-0.0020736149429282,-0.0011911597253534665,0.0033501119511672,-0.0009147821373660011,0.0007073594792649335,0.0006566565477243907,0.0010209298435153666,-0.0012548166664535668,0.0,0.0008557985017486001,-0.0011967090836318749,-6.177930578547528e-06,0.0,0.0009995009987521333,-9.85636182179667e-05,-0.0008372249032264667,8.180561391176666e-05,-3.354370536980163e-05,0.0011755998793784334,-0.0019212349055833,0.0012460365247071333,-0.0076114655545988,-0.004241865788934848,0.001921521554180566
1967-03-01,0.0023612305103063998,0.0018952367029415331,0.004852591034703306,0.0019144431335428333,0.0026657922143584665,-0.0016754245813118001,0.0016160492990799002,0.0014221799943257337,0.00020849533457443248,0.0009402557388368329,-0.0002611432246008664,0.00043613776095656665,-0.006735244369822067,-0.010886545875989565,-0.0007931766980099336,-0.0019007856134810666,0.020082109155841164,0.0068581667560443675,-0.5947666666666677,-27.333333333333332,-0.011074992000000066,0.0010959342918510197,0.001076071919026,0.0,-0.16666666666666655,-0.0031476469334273337,0.016226557678744268,-0.031987996087247936,0.007663172741566232,-0.09095566222221345,0.009683305986442936,0.0009716474257318333,-0.0031683889477841,-0.003075761923025,-0.005573418588697333,-0.0027180640225463997,-0.0031575667995451667,-0.0020213749498297334,0.003047579172362633,0.0018928395410646004,0.0018701125700424,0.0024650275419227335,0.0045992845302844,0.003533859999094434,40.06666666666667,-0.06666666666666654,40.43333333333333,7.0434283975286265,-0.04835005399890654,0.13249897948632997,6.183097925415924,5.2468739679016,6.928291262300643,0.006600875765393269,0.0634318342110334,5.906012418618353,5.238750293836153,0.015676643435198766,0.0028871893218868,0.004150618739968633,0.0034437086666667,0.0007317495552244332,0.0010230835026879999,0.0072005760770756004,0.003148797831220696,0.004151376854507533,0.002788794118179667,0.0005165373233646334,0.0005334023958576333,0.00032433062607020003,-0.18344166666667203,0.019381210821120366,-0.058687495000000034,0.016847678506005135,-0.35333333333333333,-0.23666666666666666,-0.32,-0.2633333333333334,-0.18666666666666631,0.0033333333333332624,0.0733333333333333,0.07,0.0466666666666666,0.7399999999999999,-0.2733333333333334,-0.20333333333333334,0.03,0.4266666666666667,0.48666666666666664,0.9866666666666667,1.7066666666666668,-0.0015564110689580666,-0.0006280371507223333,0.00033386993788650006,0.0004931423306602667,0.0018859041336517334,0.0018859041336517738,0.0010368074714641,0.0116413571036042,-0.0033501119511672,-0.0050462966721536,-0.0010116345650514,-0.0006699115703854998,-0.0010301687002995667,-1.744104925756994e-05,0.0009144953152502999,-4.3719000496751e-06,-0.0011757801726561706,-6.1033852428502766e-06,0.0,-2.988049296733282e-06,0.00024950573547376665,0.0012973806946125334,0.00036006610145303334,-0.00011476726950890004,-0.0011967090836319564,0.0028050656417615,-0.0012648111076816945,0.005258403104888833,0.0023070916229302996,-0.005717646902672833
1967-06-01,0.0045897446493079665,0.004253279310767366,0.0017637529936842331,0.004753691770664766,0.007601565310670434,0.0055238742248910335,0.0033650404828415997,0.0016962581409719665,0.0037336097258521338,0.004568770659554433,0.0034039549193739665,-0.0024857822770794325,0.0089539010505734,0.009965557971180468,0.002364767187048766,0.004369803597262033,-0.01896669478486,0.0056734987773338005,-0.03960000000000141,8.0,0.0007954336666667004,0.004052223254115334,0.004140617084849733,0.0,0.06666666666666698,0.002938726003157465,0.008365596362091636,0.01865288454934817,-0.030384056551887032,0.0892931483852003,-0.034218051353361034,0.0026461791076156003,0.0016488834978254,-0.0075900371690928335,0.0050705774413965,0.0013618024556094003,0.0018253217100449,0.0006269745512407001,0.0031405009612530334,0.0019849768001378334,0.0023256278729384,0.0025509757745485334,0.0048583856009892,0.003353017057326767,40.199999999999996,0.06666666666666654,40.5,7.19889648148239,-0.04150431595752687,0.01135977121762006,6.2663759548490106,5.507573112834933,7.082861392766127,0.025169184169380198,0.06535514138833977,5.998860185432933,5.477931196121017,0.0009613357937485675,0.0083248619492142,0.0045208011205962,-0.0068874173333334,0.0001232242397494667,-0.0004872221940343666,0.004999708298642833,-0.0010409780481408666,-0.0013618626261718326,-0.0013587851144192347,-0.0025966797945592333,0.0003684035537726807,0.0010036104955582666,-0.45774963333333135,0.006770954778192901,-0.016290847666666632,0.007735379566710901,-0.01333333333333333,0.11000000000000017,0.2233333333333332,0.34333333333333343,0.3266666666666664,0.18666666666666673,0.14333333333333367,0.12666666666666668,0.12333333333333311,0.9666666666666667,0.11666666666666665,0.59,0.9833333333333334,1.2933333333333332,1.2633333333333334,1.6566666666666665,2.356666666666667,0.0015564110689580666,0.00035013912135802434,-0.0013853578275204333,-0.0019459815264569332,-1.0550526472199976e-05,-7.935090956466898e-06,0.0,-0.0043150548640123665,0.007688424310331967,0.0033670319955012664,0.0009965129494554,0.0006439735544490743,-9.072640093566708e-06,-1.69471418682036e-05,0.0008921938411960107,0.0008363407171499303,0.0011554026588287334,-9.018230353152747e-06,0.0018885791785591668,0.0009758793932406778,0.0003959643059780334,0.0005259874509683666,0.0007392983682750666,0.00010296702089789998,-2.037751382736863e-05,-0.0018930723688032468,0.0012095250714254904,-0.0008512948049161333,0.0018969792097175001,0.0062179642548186006
1967-09-01,0.002798129096071567,0.0026668667353799,0.0019052855356783,0.007713559931716567,0.011961751630211731,0.006895552331005199,0.0075630782724983,0.0088963009302487,0.012104523152611601,0.023182731733869467,0.00779963123904,0.004160161056202768,0.005692939420768533,0.0020605785070385674,0.01574678094776,0.008756082186562432,0.022699793589914464,0.005332351709818134,0.34769999999999834,2.0,-0.013333562333333332,0.0020482886035010587,0.0015922605641662333,0.03333333333333333,0.0,0.017306685726119934,-0.00836559636209167,0.035120171885941964,0.08176761649430657,-0.0314368931570805,-0.0103429140795649,0.0028102881885203,0.0016559217945400669,-0.0027775576634384,0.0032051528998143335,0.0014860245657306668,0.000606226107503733,0.0028785440832018,0.0033797111431059334,0.0024838473549847334,0.0010249103354157674,0.0037877796155255665,0.0038363594816476668,0.0030062475614939664,40.36666666666667,-0.03333333333333333,40.6,7.301518864309142,0.10765462886547333,0.010153069161569935,6.38107314373578,5.541258418885509,7.158752780936314,0.011906027534026703,0.018282600166556865,6.089253179337416,5.5186702177175,0.004689811459730467,0.005862707493468101,0.004137086603323633,-0.006887416999999933,-0.0015159973402862333,-0.0010253893532799333,0.0027648222602450665,0.0035359693349068335,0.0027894165568388674,0.004149944496627133,0.002830808277731267,0.0007308942504948334,0.0008322824395096667,-0.11357696666667033,-0.0065190429353441,0.022696897999999965,-0.0043195454740171,0.07666666666666677,0.09333333333333343,0.15333333333333368,0.13999999999999999,0.16,0.1566666666666669,0.15666666666666687,0.15000000000000005,0.12999999999999975,1.1166666666666665,0.57,1.0933333333333335,1.4066666666666665,1.5833333333333333,1.51,1.8466666666666667,2.546666666666667,-0.0012244864578840667,-0.0002656081503872389,-0.0151176672785801,-0.00024792365094823324,-0.0009324015403537,-5.2162800098515495e-06,0.0010303975232242,-0.0021367594536396664,-0.007688424310331967,0.017760455537645534,0.0009758793932406778,-0.0006554633830793666,0.0019634814736630996,-2.0520776266410527e-05,-0.0009094252678757728,-0.0008533905794760819,-0.0011554026588287702,-1.1775650311585435e-05,-0.0009535622026896998,-0.0009963057496665201,6.654851585588261e-05,-0.0002842149041303334,-2.5121889348900136e-05,0.00020708305112679266,0.0011277112896961924,0.0017725849960739668,-0.0012366610089192705,-0.0005825148309064331,-0.0006571347567684666,-0.001472444788787734
1967-12-01,0.005275490599917234,0.005261454873907033,0.006879557748907867,0.0029177695159645005,0.0072877448088112,0.004403922298845667,0.0034030814272602333,0.0034847721052881,0.0026684435992358675,0.008377110214063668,0.0005279839988618669,0.005058694717860533,0.005841611668788993,0.008495424119741166,0.003051671042810933,0.004078031067297,0.007553888328582367,0.008632641120549832,-0.04239999999999596,18.666666666666668,0.013607155333333301,0.00016621809436576673,0.00046113401965303347,-0.03333333333333333,-0.06666666666666694,0.005899859033133568,-0.022866105447583898,-0.015312365062341597,-0.0212243649537139,-0.005540293745346703,0.007194523889058533,0.0025488358282839004,0.0018286416470054332,-0.0009119932729581001,0.005241664651997266,0.0012763965761248667,0.0012996646408360666,0.0012396905530073332,0.0029026035718846,0.0020346978076085,0.0011164133578430667,0.0025565715210463997,0.0037927084265033002,0.0035156686646538333,40.166666666666664,0.03333333333333333,40.63333333333333,7.244186308002903,-0.05653426146205979,-0.024190230944943436,6.320219695839864,5.618683660916344,7.151976720893624,-0.005899859033133263,0.02262288142488993,6.0820457795851,5.58874718099523,0.012496896982646867,0.0053681381328688,0.006292301209191633,0.0,-0.0007425296478741334,-3.3470723404733356e-05,0.0028925622949114668,-0.005492146180824133,-0.0025940468140183332,-0.006568877551020467,-0.0017609705363851333,0.00036200569734213335,0.0008079592427794336,-1.2043395666666656,-0.0069428022811806,0.029454524000000034,-0.0052487853862145,0.19333333333333355,0.07333333333333314,0.08333333333333319,-0.02666666666666677,-0.06666666666666668,-0.06333333333333346,-0.06333333333333348,0.009999999999999731,0.0266666666666667,0.9433333333333334,0.3766666666666667,0.6933333333333334,0.91,1.02,0.9899999999999999,1.5466666666666666,2.25,0.0021993143511064668,6.030039093386666e-05,-0.033235947827629876,0.0037609449809783333,0.0009220844976301429,0.0009220559190077335,-9.467679708833327e-06,0.0031966437594328338,0.0,0.002630952252072332,-0.0009963057496665201,0.0012672592499494001,-0.001986895879385666,-1.590975984525227e-05,-9.558082076029354e-06,-6.218963485700041e-06,0.0011280326614134621,-1.1500598032405216e-05,-1.037468162771816e-05,-8.500040375706655e-06,0.00025195749129453324,-0.00031786974433686675,8.345776712353327e-05,0.0005722074541722001,-0.0011664183200976001,-0.0070533607707991336,-3.0196558044433275e-05,0.0007775682686729339,-0.0012761344452693005,-0.0019560714548673666
1968-03-01,0.006066940636773733,0.0046770109395292995,0.006595662721314201,0.0041374385977312,0.0093101866194078,0.005239703009550367,0.0028751734707991665,0.0024676325529748,0.0031914440367463333,0.0037997726087447333,0.003119891413028266,0.006193633612746966,0.0088417231652619,0.007989847823243933,0.014995958568570568,0.005040357004084333,0.0039584660814092005,0.004073020073319466,0.058166666666665,44.666666666666664,0.05008496766666667,0.0026186866879047335,0.003867816651431667,-0.09999999999999987,-0.16666666666666666,-0.029110135713561473,-0.041984136325871335,-0.0565275103388417,-0.036532875470965,-0.09157697336823427,-0.01912259071915777,0.00216016040186,0.002073386293744729,0.007171163899936501,-0.0006875892620291667,0.002501575218023,0.0023446755524597664,0.002748961027529933,0.002202707980498367,0.0016440953516105,0.0026913536404897334,0.0037888531640058996,0.0029203357421092,0.0024166913029072335,40.300000000000004,0.09999999999999999,40.666666666666664,7.2962686500307266,0.00314467741111994,-0.0222304581662266,6.417471268677903,5.661220589606951,7.183222369312056,-0.009050329688650197,-0.010667577028723507,6.09792072705003,5.621167323942146,-0.0052932559054651015,0.0034763309713822,0.007153302211519201,0.0034437083333333333,0.0017688839624299332,9.451903335656665e-05,0.0023772146114081,0.002960813456161833,-2.0345672990366877e-05,0.002530957161981267,0.0018912546595253998,-0.00026784774872096347,-0.0012944341327472,-0.3599184333333294,0.025177198097589237,-0.06607215766666663,0.025624614749916102,0.47000000000000003,0.22666666666666668,0.22666666666666668,0.22,0.24333333333333332,0.15000000000000022,0.10333333333333333,0.056666666666666636,0.07666666666666676,0.2333333333333333,-0.23666666666666666,-0.09000000000000001,0.17,0.18999999999999997,0.10999999999999999,0.5566666666666668,1.31,-0.0017983581766144333,0.00014486047421956064,-0.0027787201038049665,-0.0028630977222492333,-0.0009220844976301916,-0.0018518566148673001,-0.0010209298435153915,-0.003169595989675727,0.0,-0.039353865923735,-8.500040375706655e-06,-3.24083159994141e-05,-0.0009760865930295667,-1.547903751617096e-05,-0.0008877058064944858,-0.0008281577758871258,-1.5065572908457957e-05,-0.0009732367011114144,-7.631170278354917e-06,-8.353276782132229e-06,-0.00012526244666749998,1.0656211911366656e-05,3.496595004663332e-05,-0.0002813403745144,0.0010762947375868386,0.0078141189453209,0.0011468779622009334,0.0037053774854947335,0.0023498969257295,-0.0007784901956619331
1968-06-01,0.005093483929304167,0.004886836232611067,0.006836744010893567,-0.0002173562747197997,0.0139238142822761,0.0016392826687344332,0.0031729402693737667,0.003102569896049767,0.005202056957399233,0.0046405558418313,0.005438815513005367,-0.0010293457626726333,-0.0008293628075623335,-0.006458319855536133,0.008197348932610532,0.0013234533002199,0.0027888944787527667,0.0010522439914484349,-0.26133333333333514,49.0,0.013608075666666735,-0.0001522282435211666,-0.0002804250357092,0.0,0.033333333333333805,0.01619247361448387,0.008830538482325396,-0.0016920510106203008,-0.025396379452515234,0.039261011885460904,0.0006693442677487994,0.0033239968936300997,0.0014198728639200334,0.0023380189372818666,0.002644350580264767,0.0011707471882177667,0.0004789272854542334,0.0022579821029851664,0.004253498588739733,0.004311809639340533,0.0032797018118450663,0.0042400766521139,0.0044355701164301665,0.0038140197011434,40.4,-0.10000000000000002,40.800000000000004,7.292954208110707,0.05868070043637006,-0.006773334163650169,6.381574769173956,5.61712061433461,7.19551890812253,0.038921049251880106,-0.031228494692443366,6.178117314007917,5.653953114986244,0.0010481606665902336,0.00010887802238163334,0.005784242113452433,0.006887417333333299,-0.00022456884470786948,0.00032831502646143334,0.0016391556271766001,0.00046527449797536684,0.0026143924870087004,0.0026773761713520666,-0.0013330739725079665,-0.0016952762772840665,-0.00028883283196156663,-0.26725159999999903,0.0008164102458572339,0.011110152666666697,-0.003994205120746334,-0.029999999999999933,-0.09999999999999977,-0.1900000000000003,-0.19999999999999998,-0.2366666666666667,-0.17999999999999985,-0.15000000000000002,-0.08333333333333343,-0.06999999999999997,0.06333333333333334,-0.7333333333333334,-0.6133333333333333,-0.35333333333333333,-0.38999999999999996,-0.49333333333333335,0.13999999999999999,0.9166666666666666,-0.0015060790013164335,-0.0023943930950117,0.0002649764101349667,-0.0016427265258677998,0.0009070300381202005,0.0009095048844014424,-1.4166908387143924e-17,0.003162898447338726,0.0,0.018146464254470463,-1.3842458976514658e-05,-3.132902967583334e-05,0.0009704034024862,-1.5065572908458825e-05,0.0017452046846482664,0.0008179963205221333,0.0010728330935480842,0.0019047670878128001,-9.98108584314182e-06,-1.3606164138473565e-05,0.0001347535678403667,0.00033814124702996666,0.00015924712277173327,3.6748304730166666e-05,-0.0011089785705550668,-0.0025982373006630997,-0.002331011830323526,0.0001649663018046,0.0018437299824813,0.006590066867436133
1968-09-01,0.0036394022144741332,0.0037412529238765335,0.0019238439642350336,0.011978785884090001,0.010195191310414698,0.006205579850833267,0.0056162051086907335,0.005429868755057199,0.007738572954251799,0.015455249129151333,0.004216322635686867,0.006653649052477534,0.007035307729386366,0.010897202999013367,0.0039436836791665,0.006973772508673333,0.005899122577354467,-0.0002579120004010671,0.23600000000000435,83.33333333333333,0.03886041266666666,0.0016791158992509332,0.0019711122075142,-0.03333333333333333,-0.066666666666667,-0.0107071177631412,0.0013046331070454993,-0.03202461002987417,-0.020034641356568298,-0.05174686606376147,-0.027881099235124534,0.003175228285779,0.0024073931041517,0.0005542624046143326,0.0066639913215584,0.001675777664259433,0.002146697938243233,0.0009363302036848,0.0035478204517319,0.0034935466771337663,0.0032682015523643666,0.003764865793157733,0.004579525548730667,0.0017944195611155666,40.4,0.1333333333333332,40.93333333333333,7.36813425042406,-0.0747094293255834,0.0343372394453567,6.496140731345187,5.74675509129527,7.2725535240755095,-0.061046072233503466,0.05811779571492673,6.23594100691356,5.763721950181477,0.02185970254464033,0.008719137032825834,0.005578387946146734,-0.017218543000000034,0.0011518440948687667,0.0005436046394067666,0.004010517814938833,0.003255471810871767,0.0024968905763858,1.1564823173178713e-18,0.0051604191769163005,0.002219980555424,0.0007935286974808664,0.2796850666666633,0.023891112643987338,-0.05823899733333333,0.0184288933144624,-0.06999999999999997,0.0133333333333333,0.12000000000000033,0.1233333333333332,0.10666666666666684,0.05333333333333327,0.09333333333333334,0.056666666666667066,0.0633333333333332,0.010000000000000004,-0.5066666666666667,-0.4166666666666667,-0.24666666666666667,-0.2733333333333333,-0.25666666666666665,0.24666666666666667,1.0433333333333332,-0.00047253312739726664,-0.0014594187272915667,-0.0007396710802367667,0.00012426219466673332,-7.344381731833194e-06,-0.0009095048844014333,-1.691355389077387e-17,0.0061376416545863505,0.0,0.0016260388306437664,-1.0792026851439538e-05,-0.0012424253230448761,0.0009563842360135001,0.0010728330935480842,-0.0008827634963312999,0.00242614931888818,-0.0011087933215708334,-2.1522907106459484e-05,0.0008850889740064653,0.0009217914044898789,-0.00023382518901356666,0.0002542470267303,-0.0005730734380155334,-0.0001442239165020786,0.0021058052099243666,0.0024696778081651004,0.0022598956617928922,-0.001124447057597667,-0.0013265834722779332,-0.005861866750491833
1968-12-01,0.0032077058260355333,0.0028068506157066333,0.003981988409877933,-0.002578916765633207,0.0011636292334037664,0.005187876261575833,0.0039581667770347,0.0030329960098223,0.0026337376721004666,0.0018687753805175667,0.002752843551014,0.0079838882644302,0.006939952767533599,0.006817878819489601,0.008540189221995701,0.004714773950627588,0.010581120890777134,0.005094586874040801,0.05929999999999799,31.0,0.015421953666666632,0.0033913925824423665,0.003610292236242967,0.0,-0.06666666666666633,-0.033195997355051333,0.03887498597858513,0.0009324015403538652,0.02417548135608734,-0.043421731612633664,0.02214836646938423,0.003437125603745933,0.0035788003655235334,-0.0005542624046143667,0.008403409682713867,0.0028224224205543,0.004046898630053934,0.0008870841195035666,0.0033684737567802,0.0024556861715823333,0.0017442700878523,0.0032632171259751003,0.004417735345265066,0.0032058115661873,40.300000000000004,-0.09999999999999987,40.63333333333333,7.421403046009027,0.025288583591570064,0.13101419603653347,6.5342820132233435,5.623703487001976,7.277242459033974,0.05831381649877673,0.018635877312766735,6.263320853755296,5.74178085127292,0.015664915812231835,0.006747346989468366,0.0061608194370337994,0.0068874173333334,-0.0024138075020703003,-0.0013382886953022333,0.0018412785085705667,-0.008351422301486134,-0.0121245152926477,-0.009768009768009766,-0.0019837421546471667,0.00019661810206803333,0.0005563726667219333,0.4123599333333347,-0.012567945875140067,0.04808952033333336,-0.0188100752162447,0.26333333333333303,0.23333333333333328,0.22333333333333347,0.23333333333333353,0.21999999999999975,0.22666666666666666,0.16333333333333325,0.15666666666666676,0.0966666666666668,0.13,-0.23666666666666666,-0.09666666666666666,0.003333333333333336,-0.07333333333333335,-0.2233333333333333,0.25666666666666665,0.9733333333333333,0.0015930862670741047,-0.0002386579721314,0.0007814902125446666,0.0004345532477506666,-0.0008996856563883667,-0.0008972638885705334,0.0009905901297191254,-0.010272514466059432,0.0,0.003052493439698834,-1.0550526472184798e-05,0.0005913238731117147,0.0028420109119129335,0.0010348367885259385,-6.6426865683588696e-06,0.0007865362822658666,-1.7122554689089568e-05,-2.622916422115043e-05,-1.4337020339233309e-05,-0.0009427762219814218,-0.00028030114057206673,-9.442365159999735e-06,-0.0007122634046693334,-9.044987068073332e-05,-0.0010999460008517513,-0.0033167769510560334,-0.001146928573288,-0.002315768087713167,-0.0020355470000606004,-0.008368890395166433
1969-03-01,0.0036077451384398003,0.0038147931592694,0.0021256714736568997,0.002432058277172767,0.002395082588940067,0.00011273624855323327,-0.0010474161020440334,-0.002208119373731733,-0.0051334967327470666,-0.011507775558689065,-0.0025250427701948336,0.004463551514412967,0.0017373123483091666,-0.0022198860013119665,0.007093922481209533,-0.00020628519042169974,0.0042138621081446,0.003045110847074367,-0.350833333333332,24.666666666666668,0.005433590999999999,0.0004412695885379333,0.00036620808177840005,0.0,0.0,0.04471266823823483,-0.09091022419960613,0.025963902209693867,0.02381965466071517,0.030449926196075897,-0.026171088540545867,0.002994680695872233,0.0021027800052794243,-0.0022263120550928338,0.005547978279837533,0.0015457922912016668,0.0015817252877882001,0.0014887207811551666,0.0034261513347857,0.0038192961775405337,0.0027760208265305668,0.0042743321490063,0.0040644865417901336,0.001632123384803533,40.5,0.06666666666666667,40.833333333333336,7.349750905547676,0.02913060737167004,-0.1197430745812733,6.36993018844501,5.84905825038485,7.245176821438963,-0.0013745723946199013,-0.12583041868858683,6.199947939329003,5.791043022867886,-0.007982613493147432,0.011526135729376668,0.008027505547421,0.006887416999999968,-0.0008389818818986314,-0.0010559889789615,-0.0028709614917924995,0.008713385409118734,0.019325278363483467,0.0148765666007045,-5.599001286073314e-05,-0.0010576704148389001,-0.0007985866700384001,-0.043019133333331135,0.0100282510496603,-0.020514462666666667,0.003149572329913166,0.6866666666666665,0.24333333333333332,-0.026666666666666866,-0.049999999999999906,0.003333333333333207,0.06666666666666676,0.043333333333333,0.04333333333333347,0.07333333333333324,-0.5533333333333333,-1.5666666666666667,-1.4766666666666666,-1.2833333333333332,-1.2066666666666668,-1.36,-0.7799999999999999,-0.09999999999999998,0.0004009376254417334,0.00033414778245813336,-0.0006837036798428333,0.0008055275475742334,0.0017683507432310968,0.0035533204382961745,-5.852830575299855e-06,0.012024100125731666,3.353798720221827e-17,0.0021708088237432,-1.5390416390333346e-05,-1.490819216075689e-05,-0.0075738641921741,-0.0011175805728241396,-1.0846634019231043e-05,-0.0056142161745420666,0.0010169656110855208,-0.000942519701234892,-0.0009017411896975687,-1.5137409840233502e-05,0.0004879242995763,-0.0011535499136308665,0.0010585218953038334,0.0006338053871317333,-3.8582479739091e-05,0.003944819215667534,-1.4668456220683426e-05,0.005418242953587868,0.0030808448552885666,-0.0005005870606042984
1969-06-01,0.005036752783206267,0.005185620897556433,0.0013268666191395666,0.0034999574383404674,0.0019695966725160005,0.00576093391548,0.0043080599063773,0.005403663030219133,0.0090025914740098,0.014563101149353367,0.0065349214598497,0.0053859757630567336,0.007985864911961267,0.0119726479203323,0.0023752364390784335,0.004892760783632367,0.017238693756442398,0.0057317618678407,0.09686666666666599,-77.33333333333333,-0.05101440366666666,0.0040563419604353335,0.0035890073607192327,0.03333333333333333,1.989149585786739e-16,-0.0024345817294880675,0.0916818294824231,-0.012282091128655366,-0.026574491277346204,0.015506671878297693,0.03022793374729753,0.003207511400435166,0.0030718177255970995,0.006634818479974733,0.0017377823234436998,0.0031945990288016336,0.004297013893527433,0.0014358854042963332,0.003273005336801233,0.0032255210282817,0.003273020082139233,0.0035084441371271004,0.0050846786252467,0.0024063588844208334,40.300000000000004,-0.06666666666666667,40.63333333333333,7.25552945867587,-0.07823884562395676,-0.0077623171262635,6.32738155054446,5.770761270468083,7.181094064296173,-0.06689023182071686,0.010187550136723634,6.15193234850685,5.797069665289197,0.0032294126262707667,0.0011419073762013,0.0066927256799946995,0.0,-0.0001660440050939,-0.00011793611171233341,-0.0024715725262813666,-0.004120567939221333,-0.010929940940996932,-0.005108556832694801,-0.0030497277962343665,-0.0009368094444571999,-0.0011768677412433333,-0.678389900000004,-0.03497856893847147,0.11826179766666671,-0.040048553554553265,0.173333333333333,0.326666666666667,0.3133333333333335,0.34666666666666673,0.3733333333333335,0.1633333333333335,0.1233333333333332,0.059999999999999866,0.11333333333333384,-0.49666666666666665,-2.0933333333333333,-1.8399999999999999,-1.5066666666666666,-1.97,-2.2399999999999998,-1.89,-1.0999999999999999,-0.0015989093211459336,0.0012800459761384917,-0.0001676516234679,0.0003093006933748667,-0.0008946062499397404,-0.0017800157476357333,0.0009703025183222614,-0.0060226873810875,0.0,0.0027390888912519006,-1.2442500097957065e-05,-0.001184133868122489,0.0037400826176309,-0.0010662489262907666,0.0008217182711724665,0.002372489256287895,-3.185372770664054e-05,0.000892193841196,-1.1362409741093489e-05,0.0008874446605574667,-0.00042092597182033335,0.0004489346355584331,-0.0005718836277579333,-0.0005644761057340334,-3.718370613851423e-05,-0.0008583774114019333,0.0010592062029216316,-0.0046021060051332,-0.0003937717060260334,0.004004760500004733
1969-09-01,0.0018029657439158,0.0017359833616220667,0.0017472575794272001,0.0007911071881529669,0.007908169264292567,-0.0031345925370488,-0.004461014900821234,-0.005378905557399287,-0.0053051382729928,-0.015477657290627765,-0.0009645589028582334,-0.003487121411982534,-0.0009536731163954999,-0.0051515369404817,0.0010333310995332334,-0.0036055678221078333,-0.0018324579724226667,0.012600376832202132,-0.631066666666669,23.0,0.0080532213333334,0.0011938253901118668,0.0012373173380725332,0.0,0.033333333333333194,-0.011813483783374101,0.008747412020096936,0.016561140048882098,0.0068448674805692,0.03360156637398857,0.0109082614292119,0.0003659549680002333,-0.0039317699578079665,0.0017472057474987,0.0026350598357047,-0.005371550948466867,-0.0082950628221342,-0.000740329750928,0.0024200169395781662,0.002719740252926967,0.002746120241793533,0.002901005188417533,0.0023208680935730666,0.0020144294013988,40.233333333333334,0.0,40.53333333333333,7.220798487200606,-0.051383559942419894,-0.13602878052934655,6.327188708537499,5.81430643789664,7.109038584743967,-0.03549449346748307,-0.02668090255784693,6.079083428184373,5.739089705157046,-0.0033533807692638327,0.0018533261150306668,0.0062251165942755335,0.0034437086666666665,0.0011480126148662,0.0007958257106504668,-0.0023405347449489333,0.004881469645101933,0.004862087226864701,0.003816793893129767,0.0018879768737909905,-0.0006467939808812863,-0.00017519231811510003,-0.2550740333333297,0.0071084858525883,-0.018852098666666664,0.004185034094058433,-0.11333333333333302,0.0433333333333335,0.08666666666666638,0.14333333333333328,0.11666666666666635,0.16666666666666666,0.14999999999999983,0.12666666666666654,0.1299999999999998,-0.5,-1.89,-1.5899999999999999,-1.2166666666666668,-1.4633333333333336,-1.8666666666666665,-1.7266666666666666,-0.8266666666666667,0.001583497557343867,-0.0016857406301771334,0.001533659500991667,-0.0006808407652795001,0.0017135906185382777,0.0017112943097397635,-2.2667256024031472e-05,0.0008898385779136999,0.0,-0.006023279629118735,0.0008779668183330947,0.0017316056257013666,-7.80265524380023e-06,0.0010208122308961668,-2.0576258707694608e-05,-9.227552364566663e-06,-3.695798804519984e-05,-2.415371424782118e-05,0.0008447270632910334,-2.859880172782307e-05,0.0005287213529079999,-8.485258626100053e-06,0.0011469261739610666,0.00020269669307266665,-4.171247595800018e-05,-0.0008316417747515773,-0.0010942397125057503,3.461004318753314e-05,-0.0011403533589747332,0.007250492657379766
1969-12-01,0.002112663835199267,0.0017353509259484332,0.0031411985916220664,-0.004546973578487267,0.0056169681153677995,-0.007346031236589033,-0.004422324870142534,-0.003995138980795234,-0.001915158022503734,-0.015111596041904667,0.003417430196378733,-0.0045078104549151335,-0.011589705061235868,-0.024053455854727,0.00021228452632636682,-0.008891438099454833,0.004773008486114201,-0.0037928182661714667,-1.0289666666666675,-106.33333333333333,-0.10602155733333342,0.0030735333237489003,0.0006656535684506,0.2333333333333333,0.0,0.07013484184559347,0.05522237396293897,0.060490284971214,0.07600324698846117,0.032599247758708795,0.07729523827002548,0.0010253465115154334,-0.0013600387393619667,-0.003008690867514334,0.0018052214895156332,-0.0019188351745616668,-0.003000480726277267,-0.00023169065597626669,0.002148678982517633,0.0016117976840513998,0.0022515935584278,0.0015441062160933734,0.003641976042069067,0.0018692136888246334,40.1,-0.09999999999999987,40.4,7.11798987335452,0.12399639297059324,-0.031638852165583466,6.25364938990798,5.6372743666593665,7.01302049282427,0.025237273911896434,-0.04658731412505309,6.00549658959732,5.664079711850857,-0.019269030488345603,-0.0056923743317049665,0.004476712202786567,0.006887417333333299,-0.0030935434296832666,-0.0030116845763738,-0.004795936361493433,-0.010610602187707166,-0.015368102030111533,-0.016958968325626798,-0.004593882946148633,0.0003555526044723336,-0.0003708456360485,-0.400246400000005,-0.03292926409891803,0.11738273366666678,-0.03274310969848773,0.043333333333333564,0.029999999999999832,-0.036666666666666736,-0.13333333333333333,-0.10000000000000009,0.09666666666666668,0.03333333333333366,0.19333333333333322,0.1766666666666663,-0.25333333333333335,-1.37,-1.3433333333333335,-1.0233333333333332,-0.9933333333333333,-1.4166666666666667,-1.1233333333333333,-0.21333333333333335,-0.0019941163652491332,1.1925545096603331e-05,0.0011664248519674333,-0.0008685407234202666,-0.0034409420657208335,-0.003443133613578267,-0.0019323725614420332,-0.0028612478971304996,0.0,-0.004681529038114335,-2.8145427440377332e-05,-1.7805792228533358e-05,-1.7709436224199713e-05,-3.127101023281281e-05,-2.40306631365724e-05,0.0007670657344434028,-4.14641587306775e-05,-2.8145427440377332e-05,-2.5900193616933392e-05,-2.7702749513913733e-05,-0.00012062029513846667,-8.705303604903405e-05,-0.0004067661912526001,7.736559395874368e-05,0.0009558841758814529,-0.0007895962051679665,-1.0078359243899833e-05,-0.0032405291390767334,-0.002881636393622633,-0.009034301375668167
1970-03-01,0.0026776056552838003,-8.361658451899907e-06,0.0008417170059960667,-0.0020060809956069666,0.005523883413136033,-0.0016795178429112334,3.5005688456533326e-05,-0.0007949332204942667,0.0027519498822525003,0.0033266960507359004,0.0024691450426169,0.0001805850589514,-0.004202707062503134,-0.008293204077966734,-0.0031969280802180006,-0.0029210870735974664,0.010201109238111766,-0.0020073443686385,-0.4927666666666633,-156.33333333333334,-0.07902202733333334,0.0013443980791490668,-0.0005680542976259999,0.19999999999999965,0.19999999999999998,0.026128176306993798,0.05634464010787333,0.07636110756733157,0.05092091818413667,0.12033778184577666,0.06098869812019331,-0.0008472061983428001,-0.0060778473299205995,-0.0026481436861788333,-0.006269777319165667,-0.006082425793329284,-0.0068134174003050335,-0.004950123659237767,0.0015751404131236666,0.0002600011950057667,0.0006391254791075666,0.0005190784723048334,0.0026583260609976665,0.0039705067246279665,39.733333333333334,-0.06666666666666667,39.9,7.16302107492661,-0.0761589657631898,0.0368472914666101,6.294411984152017,5.58313382325798,7.11101668395726,0.013607331506753367,0.025396379452516566,6.143146359176754,5.775391810035246,-0.004908595550353099,-0.010974209583714834,0.0039165953344587,0.006887417000000034,0.0027508787140186667,0.0036224771987054,-0.0013892526838820334,0.006585201224271632,0.009357339592895466,0.008258169548492067,0.0029506749651201335,-0.0012178014162949333,-0.0006006556596875334,-0.9101447333333287,-0.04540766919210187,0.18112093366666673,-0.04323788891577463,-0.343333333333333,-0.10666666666666698,-0.09666666666666666,-0.0666666666666668,0.05333333333333327,0.04999999999999999,0.22333333333333302,0.05999999999999981,0.06666666666666683,0.27,-1.2733333333333334,-1.2,-0.6733333333333333,-0.37333333333333335,-0.4766666666666666,-0.006666666666666664,0.8366666666666666,0.0008284655593106667,0.0010511241590274,-0.00013864625993636668,-6.212530692350749e-05,0.0008536069538912001,3.3248866622888805e-17,0.0009483173774104668,-0.005676529041395966,0.0,-0.0011341930713660991,-0.0008897116224093445,-0.0011464238099628333,-1.2240995830900547e-05,-4.221584969570178e-05,-0.0008178810819297333,0.0007441665770865333,-4.533913681293555e-05,-0.0008919488264411843,-0.0008512118624938667,-0.0008826466619929656,-0.00026926563150696665,6.973365824243336e-05,-0.0007500422807387667,3.2607999329999863e-06,-0.0019690432427059246,-0.0028988977908096674,0.0020669608230651,0.0034617556335749997,0.001099449213719833,0.004395530325420601
1970-06-01,0.0037505261977776004,0.0034852942491051335,0.0024451804040059332,0.0015337328767260664,0.0047898132416275335,-0.0008575639572557333,-0.0040760995814377666,-0.005080550479145167,-0.004087938889640733,-0.003311208967444601,-0.0043918860405293,-0.0038150596932904663,0.004175079687187967,0.006036321227204901,-0.0016434742748184332,-0.002246526611234733,0.003310522498926267,0.0019752039793935,-0.4282000000000041,-61.666666666666664,-0.034289982000000004,0.001600522336667364,0.0002544723639381667,0.10000000000000007,0.06666666666666714,0.011342661971413967,0.027568168755881733,0.05879392846872363,0.07733105553039755,0.027678409536663395,-0.027990027755442636,-0.0008775578003235666,-0.0034652997672518335,0.004456615035488834,0.0013730624934442336,-0.0046545290085428,-0.0069244977236036336,-0.0011782738791647335,0.0003004848936670333,0.0008966287466639334,6.875586290886653e-05,0.00032624753170295905,0.0012270531577869665,0.0011295438787127185,39.63333333333333,-0.03333333333333333,39.86666666666667,7.267152790878484,-0.0053909530818666935,0.024887176256340127,6.421621867992644,5.74795643573665,7.20508211607635,0.03328177832323664,0.060988283493230065,6.205532488753543,5.778205463213443,0.00029075044849889996,-0.0082826973071951,0.0065468241251771,0.0034437086666667,0.0022257011425548426,0.0014599771106100997,0.0040215834500149,-0.0004544391981535119,0.005920818779946833,0.013590472545696433,0.0016074303657550332,0.0007803075966240849,0.00040554311654023316,-0.486622966666668,0.008053385611388466,-0.028954264999999865,0.014197718180683168,-0.44333333333333336,-0.1100000000000001,-0.14333333333333334,-0.15666666666666668,-0.2566666666666663,-0.1333333333333332,-0.12666666666666668,0.0066666666666670244,0.15333333333333304,0.9866666666666667,-0.6266666666666667,-0.5,0.06999999999999999,0.5299999999999999,0.47000000000000003,1.21,2.223333333333333,-0.0006889533848371332,-0.0006335333960988071,-0.0022262191249008,-0.016362812637456235,0.0,0.0008557985017486333,-0.0009483173774104263,0.0009077304909832998,0.0,-0.0026972667372122,-8.879890600180096e-06,0.0005587511736990666,-0.0017849696950650567,-3.4809548290789166e-05,-5.7785598097659366e-06,-0.0007826615631574668,-3.265572702411863e-05,-1.1014586618054786e-05,-0.000832293399529082,-8.743972124729387e-06,-0.0001778128038369666,0.00034788347669710004,-0.00042004037549739993,-0.00020467224391910001,0.0018616580303728667,0.006299960440181134,-0.002096081240864555,0.005628301992976133,0.0027793079103795655,0.008899280715512
1970-09-01,-0.0017292056131328,-0.002958918984630167,-0.002594362279542133,-0.0097078160557237,-0.003687388556911033,-0.011066109133088467,-0.009579643543340068,-0.011573646253683534,-0.0076292877076164665,-0.028485302555762135,0.00036969715989936675,-0.020135843839359666,-0.013225276616846866,-0.03179143681281613,0.0032514248309271337,-0.0123953378145498,-0.004500400788002366,0.008114695402837635,-1.1980666666666682,-74.33333333333333,-0.043458579,0.002675846160632467,0.00011021105517273339,0.2666666666666669,0.16666666666666652,0.02301799187966577,0.07987473561728917,0.07048139134674464,0.05720612428921636,0.09322734326156834,0.04356747078329273,-0.002490354430198817,-0.011662102356093933,0.0011457577366383,-0.0005485464759616004,-0.014464624125066534,-0.021680808804681196,-0.0037987115769564663,0.0015799108872300335,-0.00030647007592799993,-5.893272844423336e-05,0.00029022588103086677,0.0028145396600565997,0.0031061394383377,39.266666666666666,-0.10000000000000002,39.53333333333333,7.369174946041949,0.09815085967299657,0.07293922045569327,6.517330385896987,5.875152268616707,7.310727784801194,0.060522374822823466,0.019766580760433236,6.3290110423779735,5.944294837001493,-0.02059138464745953,-0.008547097070708233,0.0031415714842796664,0.020662251666666666,-0.0017808522332005276,-0.0006795433012307999,0.003718702413879133,0.002517681791751733,-0.0023763879625639667,-0.007524434564764801,-0.0014494515669083666,0.0002783225838258,-0.0015698349969704665,-0.2960020333333374,0.0261539765339031,-0.1147377556666667,0.03326406867680656,-0.3400000000000003,-0.5333333333333337,-0.37666666666666665,-0.37666666666666665,-0.4900000000000004,-0.3666666666666667,-0.2300000000000002,-0.02666666666666667,-0.019999999999999567,0.7933333333333333,-0.26,9.25185853854297e-18,0.19333333333333336,0.93,1.1566666666666665,2.026666666666667,3.3366666666666664,0.0013224615098231998,-0.0004891504341856333,0.00036277386028033334,-0.0004244413456900333,0.0016792646766523335,0.0016920510106202661,0.0009298006958595667,4.3292503152133135e-05,0.0,-0.005673549292905933,0.0008319688171002465,0.0005419329976493333,0.004369025526855667,-2.808838855770356e-05,-9.448571896150093e-06,0.0007164041631345003,-3.1564162073986296e-05,0.0008236187991920666,0.0016299950980639714,0.000825788041291452,0.00043747921361833326,0.0015209222176541,-1.6943146267299942e-05,0.0004657548558505,-0.0018884897658907336,-0.0021340107389913876,-0.0010240663456567,-0.007585488783863767,-0.0035420397112588997,-4.368478448076673e-05
1970-12-01,0.0046598989267524335,0.004403870735990433,0.008253037360657467,0.0155203096767913,0.020904549465935663,0.009486819877694534,0.009184567761579034,0.0102255472157379,0.018816201464731935,0.05715943575170657,0.0037480050378789994,-0.0012942769975229666,0.010099120049264167,0.024009205692398766,-0.0009895452585171668,0.011637463245299467,0.006696138605242467,0.008518629783183067,0.6759666666666676,-9.0,-0.002011335000000001,0.00021936254039783324,0.0002118419730236334,0.0,0.3666666666666665,-0.0236296128463692,-0.0159424684512182,0.06796701422254571,0.04666796904337991,0.09988608783283204,-0.04520662641046927,0.0018789233222383996,0.002628788599963067,-0.006323213664095933,-0.0009162549291202999,0.0037383569400464,0.007384735640272933,-0.0015796683545119667,0.0015521716047069334,0.0016469071709922668,-0.0010625746896319999,0.0038780765061995665,0.0028836047930435003,0.0012188652213674085,39.46666666666667,0.06666666666666667,39.699999999999996,7.506370280997203,-0.016600940827940034,-0.027082557424293437,6.673347660946077,6.093539087873066,7.417182744054682,-0.09048737619500331,-0.022997623828986864,6.469432817722594,6.036085893913353,0.05163740201995273,0.0081309261707621,0.0037238095314660337,-0.027549668666666666,0.0016758249058795333,0.0017070096733710668,0.0080006360459122,-0.0058434879639926674,-0.006691510985101334,-0.006719131657281098,-0.00017770925617839996,0.0007100535850975666,0.0028623106193149,-0.433481566666661,0.047233255890091363,-0.17753473933333333,0.05841730306752951,-0.6266666666666664,-0.61,-0.5266666666666667,-0.5466666666666666,-0.54,-0.3033333333333335,-0.24333333333333299,-0.3233333333333333,-0.33000000000000035,0.85,0.08333333333333333,0.12666666666666668,0.2333333333333333,1.5466666666666669,1.9933333333333334,3.106666666666667,4.496666666666666,-0.0015937888191671667,-0.00014913200761380003,0.0038130515690456665,-0.004208228953473733,-1.2594537750500122e-05,-8.545748597366525e-06,-5.158401617873551e-06,0.014150491574451566,0.0,0.004894096314630934,-0.001687767318848873,-0.0005661308166917666,-0.0017849632178707,-3.2655727024133236e-05,-5.5625551041000275e-06,-0.0014929055080858081,-0.0009425197012348587,-0.0016750454008909663,-0.0008238681433033234,-0.0008448249634069204,-0.00034196695205606677,-0.0013554700339488334,-4.136837601667204e-07,-0.0002964257384996667,0.0008791971216318665,-5.4865168971433786e-05,0.002962982472415434,0.0037709191528284996,-9.1266248548567e-05,-0.0049004522566752
1971-03-01,0.003214724468527,0.0031896600720741665,0.0019264825481085336,0.0048119633438344,0.004634341232093233,0.003192581308385567,0.0009489124919747333,0.0005901338075030234,0.0039569111022538335,0.0076750614693329,0.002402044204407233,-0.0076487630984661,0.006735409025609168,0.008481234004919467,0.008077879394064,0.0032891718057436333,0.009834671078736099,-0.011968045229774467,0.057933333333333,10.0,-0.0011685873333333332,0.0021144156713823665,0.0018542148729529667,0.0,0.26666666666666633,0.007715343297654433,-0.0139647388065723,0.03125894304444513,0.023355854205572207,0.041896071721165766,0.009488087051797366,0.0020649490434335666,0.0020235316280435333,-0.0003332222869969,0.010565695581084602,0.00017421097344973318,-0.00019481785086010017,0.0007189592261678,0.0020830241202631997,0.0017789055163887999,0.0011509698755591,0.0030257128087237666,0.0030424772140507997,0.002398741345568667,39.6,0.03333333333333333,39.9,7.5912811712948995,0.04627881495140684,0.06612941361120346,6.731297479475788,6.175994591901194,7.50793803817889,0.17551434655379664,0.11122847523801331,6.518203327382619,6.108903701740407,-0.019046315053677435,-0.007145608671950267,0.006472695278390533,-0.0034437086666667,9.059012553706662e-05,-6.316829275179998e-05,0.009773353019019033,0.005724257533471395,0.009957786711406067,0.007774235025678766,0.0016634979812323,0.0013634807296248306,-0.00013506475882430011,-0.07796536666667,0.015066392846039564,-0.052797581666666704,0.021999613830030032,0.3033333333333333,0.19666666666666666,0.14666666666666667,0.19333333333333336,0.3833333333333333,0.24,0.09333333333333337,0.15000000000000002,0.07666666666666623,0.43999999999999995,-0.36999999999999994,-0.19999999999999998,0.18000000000000002,1.4799999999999998,1.8099999999999998,3.1666666666666665,4.346666666666667,-0.013767001000423466,-0.00012308415459351467,0.00012405665396986667,0.0003967860799838334,-1.650175228313184e-05,-0.0008512118624938667,0.0009068641449719333,-0.010373302904601532,0.0,0.0022328804575456676,0.0016583782133712162,0.0010874599925323667,-0.0016963565024904002,-3.1564162073986296e-05,0.0007669979435923958,0.0007206382685067472,-4.9904308488576045e-06,0.0016460938801941332,0.0007887724196846666,0.0008158734427100757,0.00041269068765043335,-0.0003457006685056666,0.0009814802840368666,0.0002284364372496584,-3.3816670198179095e-05,0.0012442232941073667,-0.0010136591782743483,0.001856732220606,0.0023149011285023336,-0.0068071162780819336
1971-06-01,0.003143967592865333,0.0018310816440205333,0.0031428243032724005,0.0027733864801398,0.009070123910171634,-0.0015140593338138,0.0031678689160723,0.003460595161836866,0.0037459936086046332,0.0055277086358298325,0.003007740986806,0.0072413300527533,-0.008615021709034101,-0.0246380540756057,0.012037424105262299,-0.0025679744502470334,-0.0013081804846232989,0.015960510847054032,-0.3930999999999997,30.0,0.0012971029999999998,0.0021247090246691333,0.0016805557892081667,0.0666666666666664,0.10000000000000014,0.015771667050996366,0.00042544145320160047,0.0241134957704814,0.022295129715795434,0.02647894354934473,0.03571853935867197,0.0005889778562219277,-0.0011570068309598334,-0.0012246729429463664,0.003184737601603833,-0.0021355149725247333,-0.0025430483282692334,-0.0015356587291451998,0.0013480225604851333,0.0009557450281138333,0.00022579236801630013,0.0032020572178049003,0.0031058962261554662,0.0018197474488037997,39.56666666666667,0.0,39.9,7.644106757295893,0.019189950607156434,0.05588238195489653,6.78847983680702,6.2078358958617,7.596302669082149,-0.010897453895180036,-0.003115287472746533,6.617454432873314,6.208695971829987,0.02277638734728703,-0.005851191789356366,0.0041327690305852,-0.0034437086666666335,-0.001980724953760933,-0.0012944703521877,0.0059906961971229996,-0.0036481764049147666,-0.005520852487884032,-0.0033594709209921335,0.0010765015967099337,-6.753190340323331e-05,0.0013065678967235667,0.14568696666666972,-0.0146204618988198,0.04222350133333339,-0.011952117373469434,0.31333333333333335,0.22666666666666677,0.26666666666666666,0.28666666666666635,0.25333333333333335,0.08999999999999968,0.06333333333333367,0.019999999999999733,0.046666666666666905,0.36000000000000004,-0.22999999999999998,0.013333333333333327,0.5666666666666667,1.3833333333333335,1.3499999999999999,2.3633333333333333,3.4966666666666666,-0.007652271110925699,-0.0015264711925165467,0.002184088748564922,0.0014179507292979,0.0008159341071963,0.001652190151998,0.0008675636383261546,-0.0009298006958596,0.0,0.005032687585779767,-0.000838369599750379,-0.0032787149589044145,0.0008406898109033666,-0.0009425197012348587,-0.0007814550259386191,-0.0021747178180154766,0.0008826141277252,-0.0008320926616767849,-0.0008059443710233129,-0.0008320926616767849,-0.0004174229980692666,-0.0031905987507754746,0.00025271501394240006,-9.018638410858891e-05,0.0008503525162621462,-0.0013624202268506796,-2.8088388557725677e-05,-0.002398273813717267,0.0015596762185421996,0.0017506637585580677
1971-09-01,0.0045720365888257,0.004193738984210267,0.0058012924444533,0.008807028338715366,0.0135426002427567,0.009270776264501132,0.010093477303227233,0.0088718329007274,0.0101782686966379,0.0087359933209076,0.010834968990322635,0.012342538346926,0.007875322700620099,0.021777740001168968,0.005997633926377566,0.012825731345820634,0.006809681732091426,-0.004633934127283366,0.8028999999999992,22.666666666666668,0.0035002890000000015,0.0030760828260287336,0.003161597648200934,-0.033333333333333194,0.16666666666666632,-0.004740437574358633,0.0127218025638974,0.004202840022539767,-0.007107589822940232,0.018277492875131533,-0.04170396721099817,0.0022064038106878,0.001757066999009167,-0.031073671152397734,0.010145145137115567,0.0009918037712933333,0.0009803928636049665,0.0010085736388454334,0.002400826656197433,0.0013937302534673668,0.0033492287138200336,0.0014214662621523666,0.00343738912214,0.002723805042402633,39.6,0.0,39.86666666666667,7.6573767265548005,0.019246998229839996,0.0043197148808365995,6.812065849807817,6.18668397724401,7.617453809846016,-0.015458720596716833,0.024143279281606565,6.653973122357577,6.199768316319154,0.003645632262904467,0.004692476794097834,0.0025015752393583,-0.006887417333333365,-0.0001567654975165333,6.471739238463326e-05,0.006700590028516133,0.003529709518028331,0.0021716064230466003,0.0011223344556678002,-0.0022376966834984665,0.0004914059177615667,0.0011741075738929665,0.5568428666666704,-0.015650350041441403,0.0449875549999999,-0.014485439472041799,-0.22000000000000017,-0.29999999999999993,-0.24,-0.27999999999999997,-0.37666666666666665,-0.2566666666666663,-0.25666666666666665,-0.10999999999999989,-0.1266666666666662,0.09666666666666668,-0.7633333333333333,-0.57,-0.2233333333333333,0.73,0.7399999999999999,2.143333333333333,3.263333333333333,-0.003926507426740067,-0.0263362983911547,0.007941554083864768,-0.0030079368504007664,-0.0016481061732928333,-0.0008383896713328997,-0.0018018061889692669,0.006379513363036025,0.0,-2.6309972718981573e-17,-6.00739510344302e-06,0.0016317721413307317,-0.0016856416786327668,-2.502042292200126e-06,-0.0007689353659716667,0.0014461338661993569,-0.0009044132056321659,-5.920014682025964e-06,-0.0007889550034219666,-3.956267420183204e-06,-0.00027741206224264007,0.0027631539782119,-0.0011716049771928665,-0.0005400229141444666,-0.0026281345080495667,-0.0019296687370553862,-0.0028749789992607334,0.0027108271219281003,0.0008670860674282336,0.008275011534269466
1971-12-01,0.006040707478331767,0.005776105566615266,0.002996532749120033,0.0029856333658979,9.248126518799962e-06,0.015076899410624733,0.011503513632077566,0.0104452012427217,0.0092234764738827,0.012587069772485733,0.007865380249125566,0.017864033214732598,0.020619051671479767,0.022756050102975933,0.013033561446819766,0.014255725210431133,0.019122678207579867,0.0162708039076893,0.9385333333333336,75.33333333333333,0.023510481666666635,0.0022469287112277,0.0033497798505912,-0.09999999999999987,0.13333333333333366,-0.0291616579891541,-0.03423464294308776,0.003892609436669267,-0.027440067804583367,0.037919628452219335,-0.028476282592734502,0.0036956674625490335,0.0035322241575599,0.031519527541670804,-0.001283533866761933,0.0037652093212608667,0.0054375416839106995,0.0012922695487447334,0.0037662944290056,0.004444049752886234,0.004065385443981933,0.0082776616835958,0.0023316389572638,0.0037813307260971666,39.76666666666667,0.10000000000000002,40.26666666666667,7.779726631220064,-0.031110646597406717,0.0007145411810833696,6.93908425387824,6.34240946090231,7.686881372723363,0.034063646965516774,-0.03206130795097667,6.71507274804942,6.350031170664242,0.023033591831200236,0.004975834392641367,0.0030478832962792333,-0.006887416999999966,0.0022927595229861666,0.0007489301554401,0.006606580646204233,-0.007365231255318367,-0.011369380634899236,-0.010131712259371864,0.0005251014919114,0.0036474978457906003,-0.0011898077947858333,-0.23476263333333236,0.04187740032667057,-0.13261362633333337,0.033301917590770135,-0.5366666666666667,-0.3433333333333333,-0.34,-0.24999999999999975,-0.13333333333333333,-0.029999999999999968,0.09000000000000015,0.0033333333333332945,-0.049999999999999996,0.5166666666666667,-0.11333333333333333,0.19666666666666668,0.7399999999999999,2.013333333333333,2.3433333333333333,3.5933333333333333,4.636666666666667,-0.0103945363328107,-0.024792987880069898,0.014442125363739435,0.00026552492359590017,0.0016121481003707999,-1.21036801254334e-05,0.0008757899372960333,-0.002814652831471967,0.0,-0.0007222826950301333,0.0008002069400786129,0.0005363030399439713,4.262056825966633e-06,-7.4246490927206326e-06,0.0015186055119535,-6.23338413550959e-06,-9.356593826231104e-06,-5.834526980219576e-06,0.0015576352331307334,0.0007925222382706667,0.0006256679043543667,-0.00010777000625506658,0.0016787242678709333,0.00016178075820046667,0.0025348664617398323,0.0012206186142603326,0.0046678029447580335,-0.004510905851681467,-0.0036032383325637998,-0.006890257805366667
1972-03-01,0.0039559107532257335,0.004638449772668767,0.008014382327648933,0.010422714534159367,0.013688703601548701,0.005637327422822851,0.004517189293690233,0.0040302288093808,0.002319836060674633,0.004386352679591567,0.001386359137549133,0.009372359522611668,0.007099737380523167,0.010943108064716567,0.0058252647988507,0.006516347824030433,-0.007475342676233367,-0.00048115636718116676,0.32213333333333594,48.666666666666664,0.010128266000000033,0.00298149653765788,0.003186216065036667,0.0,-0.0333333333333332,0.012550866739861869,0.014205434051473167,-0.0336328403181249,-0.028767503007347872,-0.03849384622270133,0.0053334471154803,0.0037458960514472335,0.004637151763681366,5.569014019029978e-05,0.005863758601698466,0.004595406897269733,0.0058869046329021344,0.0026643970957357,0.0033601644280534665,0.0028696542360968,0.003987950292537766,0.0027850707199015665,0.003113209198710667,0.0029447921802147003,39.86666666666667,0.06666666666666667,40.46666666666667,7.7264308629000835,0.024443757695183404,0.009846004145619994,6.9332828490884,6.21641211455891,7.651339338293553,-0.04261112383663007,0.0239577781174368,6.73613623251033,6.242948404201694,0.010312145018575067,0.0054558938899204,0.006757519066998299,-0.010331126,-0.002747702699615167,-0.0014903344351534674,0.0063849170831540335,0.006499222268000267,0.012327624999321033,0.012182994310653934,0.0019273220783872999,-0.0021963072216942335,0.0009762405487094666,0.785173999999993,0.007828761286244367,-0.022580091000000035,-0.0007375219874153673,0.3233333333333332,0.21333333333333346,0.16333333333333336,0.16333333333333333,0.12333333333333334,0.05333333333333332,0.016666666666666597,0.010000000000000068,0.0,0.27666666666666667,-0.37999999999999995,0.06666666666666667,0.6666666666666666,1.8733333333333333,2.04,3.19,4.146666666666667,-5.180273528869996e-05,-0.000883141787211,0.0011119429033977668,-0.0052836847307744335,-0.0008198353310044001,-7.970715590966774e-06,-0.0008947046131983256,0.002493246444122,0.0,-0.0007160761794298658,-0.0008119614817408614,-0.0005424126578358334,0.0016813796218067333,-7.304735294866304e-06,-0.0007636033016694112,-3.0766059498607483e-06,-6.889021311332989e-06,0.0007926526975901711,-0.0007833414277508507,-0.0008060713902407162,-0.0005743573119030282,0.00026682669018756656,-0.001492605084910133,-0.00024587492436233335,-0.0008764882483685009,-3.36085876948689e-05,-0.0018925606937210855,0.003943180528722766,0.0041825248941596005,-0.0013637571667119662
1972-06-01,0.0060280557015636,0.006484794962842533,0.0053110218462062665,0.007271067144808199,0.007104331516326033,0.0051077055455345,0.006758303963255466,0.0062508603850621,0.0062241418082251325,0.010182924704305334,0.004342892103754666,0.007898084168562431,0.0031747013179307,0.004676724252266199,0.002102284733924834,0.005510185506206667,-0.003253403545286066,0.00043617243974863304,0.2356666666666648,73.33333333333333,0.0141333506666666,0.002707585759889467,0.0028010177080404334,-0.033333333333333666,-0.16666666666666677,0.0138505517534663,0.0015176177976380008,-0.003442371385283166,0.017126108261989768,-0.02567666967720003,-0.018229962098873165,0.003035045695146,0.0026593898997256666,0.003985434391512833,0.0021830472654063003,0.0026219377089636334,0.004106570645481867,0.00037889556035666664,0.0031978080858513663,0.0025527329305052335,0.0015517106269277332,0.003196013310526833,0.003172109585085167,0.0028204725539294,39.96666666666667,0.0,40.56666666666667,7.738577144591517,0.053779927799909956,-0.01415640903636997,6.918253687379797,6.248264640353789,7.702279775897583,0.014817254190280233,0.009555964956523333,6.8290149846178965,6.283357243920652,0.0117698215592128,0.009722911668295234,0.005672947651951533,-0.0068874173333334,0.002494331155393633,0.001808801925551,0.0088000545325307,-0.0022675824409172005,-0.0020387423391453334,-0.003067542213883633,-0.0004627405023462999,0.0007625650523858668,-0.0006582245215316437,0.11144210000000528,0.010060205716663734,-0.026245301000000037,-0.00028678458586516714,0.17999999999999997,0.09999999999999964,0.1099999999999998,0.14333333333333328,0.11333333333333356,0.056666666666666636,0.02666666666666667,-0.0366666666666665,-0.013333333333333634,0.12000000000000001,-0.6333333333333333,-0.1366666666666667,0.35333333333333333,1.3633333333333333,1.54,2.606666666666667,3.6033333333333335,-0.0069536937720757,-0.0035435348998931995,-0.0213665617228106,-0.0021982189610223334,-1.9216172335896852e-05,-0.0008256989719650333,-4.604719376918054e-06,-0.0026376346669260997,0.0,0.0014446739194231728,-5.750877727953944e-06,-0.0016098751685807336,0.0008301574636114333,-4.804631664979617e-06,-0.0007550022102841016,-6.074743645889524e-06,-6.78179900814868e-06,-0.0008040725899018,-0.0007742938053798334,-5.66901458369055e-06,0.00022860620438066667,0.0003008925444749333,0.0003356779143040334,0.00016103388687862343,0.0016257206009658999,-9.845766075100137e-06,0.0017724270437365307,-0.0013264731493597005,-0.0004722201061350666,0.0031900793450138337
1972-09-01,0.012234591841895766,0.009655764694615567,0.0073342564551275,0.0165697202763256,0.0131357228710301,0.0107524183798587,0.010171899611976001,0.011112480271432634,0.008872008179243234,0.0188624865819535,0.003923653095743167,0.015327572241912,0.011467840968157601,0.015418681705444465,0.008930210517944967,0.011469534190079499,0.020391970435886368,0.0007014228714113344,0.7279666666666648,86.66666666666667,0.035067619,0.0002855364547649,0.0016589391283024666,-0.09999999999999999,-0.13333333333333333,-0.014002654577612768,-0.03533655185675557,-0.035248352365634866,-0.027489637285333334,-0.0444217999349203,-0.0036357987297310004,0.0037197876978153667,0.004258397162907666,0.0017013840071304334,0.0015863106540118,0.004923717340775533,0.006570940648212266,0.0024053871623633,0.0034863396910598,0.0036259002523758668,0.0030164417559348667,0.0042319098469357,0.0027075567005004665,0.0027723757993467664,40.03333333333333,0.10000000000000002,40.666666666666664,7.808793626386863,-0.013647130125786633,-0.03263887015729683,7.031423438811614,6.260945347757603,7.751907785119247,0.04269392928565333,-0.0367343800445366,6.893291627657891,6.303245728379757,0.0197516147302063,0.014574723522997,0.007411260410814067,-0.017218542999999965,-0.0010191689959138668,-0.0010613737097093668,0.006798185450119933,-0.0032985425847413003,-0.020331504234280633,-0.01906406112253903,0.0028640224284966994,-0.0005386212536117999,0.0007234697105668334,-0.6329208333333337,0.012090371471834333,-0.018431151333333267,0.0014529908946703345,0.08333333333333338,0.14333333333333328,0.2533333333333337,0.17999999999999997,0.09666666666666635,0.033333333333333375,0.02333333333333354,-0.0233333333333334,-0.06666666666666643,0.16,-0.26333333333333336,0.12666666666666668,0.4466666666666667,1.1933333333333334,1.4466666666666665,2.1933333333333334,3.0566666666666666,0.0013022912223200334,-0.0001908717943982978,-0.013705410491655865,0.0016922228106281334,0.0007813963387352501,0.0007869840742351335,0.0017002708713453666,0.006355846798637267,0.0,-0.001449318741491604,0.0007795512661881667,0.002133422539140634,-1.2469061143591543e-05,-0.0008924592569055668,0.001481483920141367,-2.9988019787357406e-06,-6.677060624552904e-06,-5.58888705715077e-06,0.0015220726598603664,0.0007741213168590334,2.2736386815466645e-05,-0.0005463203089419999,0.00021678231319403345,7.420077791653334e-05,-0.00247991667920916,0.0005490332512510667,-0.0027132553801498664,-0.0031163790452506668,-0.0006048613305793664,0.0024599151368364662
1972-12-01,0.0011217907684291665,0.0014547518447158,0.006556891255363633,0.0091556352004781,0.017935349115491665,0.0108971897751755,0.009011072822905865,0.0095213696606433,0.006297290440215,0.011735968676361034,0.0035352130379973,0.016510083708912035,0.0131334566697235,0.02063065575365537,0.007072906506802,0.012200750319474665,-0.005287452085583233,-0.012524395145160702,0.7939666666666664,132.0,0.03830095766666663,0.002924992436271366,0.003682837349648667,-0.09999999999999999,-0.3,0.01018805895751223,-0.0309773524664525,-0.0504234056539682,-0.029322924315318997,-0.07794628014365261,-0.040593014989921634,0.0045964950424058,0.006863500785026167,-0.002693284226571,0.005698144453100234,0.007414832714716234,0.009842257145008268,0.0036455775601625666,0.0036079574350538664,0.004202944615197833,0.0051517991271037,0.004496908260075867,0.0036335682920635,0.0016572869312601332,39.833333333333336,0.06666666666666654,40.63333333333333,7.773747782727566,-0.02264244709497314,0.08163813547848016,6.962512761377673,6.186505482935437,7.742348861517027,-0.04791051984136333,0.06452824969088643,6.8463617176820435,6.252295781765216,0.0319105389602772,0.021965973769095367,0.010615618735987068,-0.010331125666666668,-0.0009728623745371001,-0.0013925580256260667,0.0037001026107959666,-0.0018297636950854006,0.007946178604916934,0.003255925911849334,0.006606518109539533,0.0004151831459863669,0.0004755854285450999,1.5485704333333288,-0.002616672835309001,0.017836640666666768,-0.013975717117515002,0.5066666666666667,0.33,0.2733333333333334,0.24666666666666667,0.30666666666666703,0.16,0.1199999999999999,0.033333333333333236,-0.0066666666666668345,-0.17,-0.59,-0.3666666666666667,-0.08333333333333333,0.4166666666666667,0.5366666666666667,1.2,1.9833333333333334,-0.035026509328103896,-0.0259797126877478,0.010561635736388367,0.0027567815562248,0.0014811182107374004,0.0022663028802773666,0.0024136088609341662,0.006356985339146633,0.0,0.011973547643149868,0.0007576847543457667,-6.6975423373225734e-06,-1.2284333177032975e-05,0.0008760408020898571,0.0014361131163901665,-4.450903199500027e-06,-6.5747300252994e-06,-5.510446428935727e-06,0.0007276546651158088,0.0007525583368913667,0.0007560575814529001,0.0007847384590752667,0.0019041810196780001,-9.465567909333443e-06,-0.0008041821351280667,-0.006945582648949767,-1.8228632629267022e-05,-0.00010966827066030058,-0.0022470595884680655,-0.009601587209175465
1973-03-01,0.0024957354926229,0.0023715486034844666,-0.0001755279042156332,-0.003785776774782533,7.123100895316693e-05,0.0018665293749851666,0.0018937241163350998,0.0017232793187094669,-0.0004808267179417334,-0.0054518489260348335,0.0020470681915861332,0.008625131361042199,0.0018071732883154334,0.0038286478183812,0.00012646380326436675,0.0021610632952152,0.0019967104022118333,-0.0054525159980943335,-0.09466666666666401,4.0,0.009307929,0.002304420829302,0.0029109503141858,-0.0333333333333332,-0.13333333333333358,-0.005354867501268999,0.01471396440997523,-0.030430473403135632,-0.037112776737913834,-0.02127397735690637,0.026334221992707168,0.0027686595002004333,0.0031799476266105666,0.000716668320942,0.005360739319477466,0.0027767420446474667,0.0042729960838065,0.00041808938656490006,0.0025882778618247664,0.002627443976855033,0.001974538888491133,0.002820970431086933,0.0029980072753374334,0.0025670959000052003,40.166666666666664,-0.03333333333333333,40.800000000000004,7.712116381795746,-0.028906991593510196,-0.0025062774713433913,6.886258734737926,6.154096048386673,7.583678599671217,-0.0572177051590102,-0.08026616218430976,6.706846911439094,6.120964042290059,0.009187089917926832,0.028503977839949467,0.0118297596379454,0.006887416999999968,0.0019629543322986,0.0013152496784586,-0.0017475613941133668,0.006923320490122567,0.013415723152587933,0.01682439537329127,-0.007549355300191366,-0.0010740651070231665,-0.00023408312501393318,0.4675067000000013,-0.02108501619506953,0.072729909,-0.03827646725451673,0.4200000000000001,0.3633333333333333,0.2533333333333337,0.2633333333333336,0.23333333333333303,0.06666666666666667,0.0700000000000001,0.02333333333333343,0.030000000000000235,-0.3,-1.1133333333333333,-0.7999999999999999,-0.48666666666666664,-0.5933333333333334,-0.6066666666666667,-0.07,0.71,-0.024716164783253402,-0.0169076107952494,0.013906033053631866,0.0017364628864213931,-0.0016239447500932085,-0.0016387598941357204,0.0021982827994221333,0.00039388341823544626,0.0,-0.009371354101759268,-0.0008116591598007666,-1.637929199174946e-05,-0.0016460938801941332,0.0008600742336229596,-8.070048056205132e-05,-5.847901919142611e-06,-8.61115057941029e-06,0.0007634851818566667,-5.432970735725909e-05,-5.249206068436368e-05,-0.00010896486078193332,-0.00026773507311143326,-0.0008204655634204334,0.0003739397375072333,0.0015576352331308334,0.00516309053442787,0.0008382427729814384,0.003922604620919133,0.0041871721829434,0.0030163757682695
1973-06-01,0.0009293551505760666,0.0012414391658944002,-0.0023492473963847,-0.003114474290519767,0.004144650235293233,0.0011963727112528665,6.244256898480004e-05,-0.0008803558823401667,-0.0060981003215374,-0.010667519239474866,-0.0038610898854241,0.008178482095351667,0.0024912755325269998,0.004621243089256767,-0.0022216476917549,0.0006116812700439002,0.007189739146351268,-0.0033293264720435666,-0.24083333333333212,-2.3333333333333335,0.0011548940000000324,0.0019870898388336003,0.0021822998293921664,-0.033333333333333666,-0.09999999999999966,0.009898060861362766,-0.015506671878297537,-0.011638755035409199,-0.0094106865425164,-0.014643643075241899,0.02408268671644903,0.002253783659347933,0.002513805825406767,0.009446886326921667,0.0076466913531708,0.0011650949762138667,0.002537750170526767,-0.0010229235720995336,0.0021395784959826335,0.0018486546801738668,0.0038781298269819665,0.0012227314046070333,0.0025484323926505,0.0020922834828341666,40.06666666666667,-0.0333333333333332,40.666666666666664,7.6401739264858035,-0.021590278719259896,-0.05454314126060003,6.825969501296,6.057851096492974,7.54421814066193,0.020575193253653364,-0.010336745580853332,6.689931470074604,6.051515010837011,0.002526716486824333,0.020142254729262767,0.0103866764118011,0.0,-0.0026306331444644333,-0.0019595431825806336,-0.0034513126101423336,-0.0010983925704764325,0.0009537353192075997,0.0,0.0003775390529433,0.00023753651446303182,-0.0009280907745002023,0.4116769333333343,-0.0107434259683045,0.0486827723333333,-0.031143033825925898,0.8866666666666664,1.0,0.7699999999999996,0.6766666666666667,0.6433333333333333,0.276666666666667,0.18333333333333357,0.1300000000000001,0.1566666666666661,-0.6233333333333333,-1.8399999999999999,-1.7966666666666666,-1.623333333333333,-2.58,-2.6533333333333333,-2.296666666666667,-1.4966666666666668,-0.021647343894919697,0.0007165275531676665,-0.007311081485974533,0.0010309115149265333,0.0093155028373199,0.012062852425155866,0.0021387103224756662,0.0509463442740958,0.063725786417239,0.0029234154608358334,0.004457160902362,0.0005075968356985859,0.0,-0.0008736738473958333,0.005479543126680166,-2.887515394196679e-06,0.0016540751252663666,-1.415796394535976e-05,0.004263362036760632,0.0036610676294851333,0.0021865805514443668,-0.0002666999405246667,0.005706022340091067,0.0005824498188525912,-0.0007922311463473619,-0.0005732302931755664,-2.98366867836743e-05,-0.00019001042259129996,-0.00030027426974989316,0.0035132786013469335
1973-09-01,0.005631999502604933,0.005909705433760167,0.0031559115340329003,0.016084020488126634,0.008937747500723901,0.006834941463734634,0.0073775217107535,0.008993592947762067,0.0076419183023119334,0.008402314236073733,0.007277706197235366,0.012723569208858233,0.006152576851916267,0.006996883104916099,0.008478295968646833,0.008074657590884066,-0.0012851625920352668,0.0085272731273198,0.41329999999999695,2.0,-0.005869835000000001,0.0044648561374233,0.004337646619947067,0.0,0.03333333333333335,-0.00029124801619880014,-0.0010598843057932975,0.0181114503211098,0.01994897200308397,0.015597387168919266,-0.0058595258812506,0.0032325986692208,0.0022561672213203664,0.007201762786780034,-7.87556609296333e-05,0.0025667203448846002,0.0032100191681555,0.0015332105921744335,0.0036607980102545666,0.0030871414383917667,0.0025066842503556,0.003940235617549767,0.0020248100731764004,0.0031258804302698663,40.1,0.0333333333333332,40.63333333333333,7.47099822528174,-0.0165113117074268,-0.1115653457399865,6.626332574080357,5.921354039157914,7.312814242278869,-0.08969229487358336,-0.08640653592934021,6.434254015012264,5.85035569603525,0.019508388249408398,0.022356018508850436,0.010933827633677935,-0.006887416999999968,0.0023053160228760504,0.0015677551993735,-0.0026031279910092,0.0020272614099535002,-0.002940613651749434,-0.000995024875621901,-0.0042265154621761334,-0.0004982890583944333,-0.0002353887306310665,-0.47370106666666834,-0.005831052482505736,0.04784840766666663,-0.024256316838989267,-0.15666666666666715,-0.38333333333333347,-0.28000000000000036,-0.23000000000000032,-0.4166666666666667,-0.23666666666666666,-0.2233333333333332,-0.0033333333333332347,-0.036666666666666764,-0.7533333333333333,-2.4933333333333336,-2.3633333333333333,-2.513333333333333,-3.36,-3.4033333333333338,-2.64,-1.7866666666666668,0.02079527242503337,0.016001747508997934,-0.012161945652803234,-0.0015976066528360002,-0.008708268998282538,-0.010779941426099365,-0.006266491922121635,-0.06370683488704584,-0.063725786417239,0.0027778245079173995,-0.0037934333801694664,-1.8848631358833544e-05,0.0032051528998138998,-2.1751377413599626e-05,-0.004932315861310166,-4.286574662466676e-06,-6.674615549301059e-05,0.0007156227248126,-0.0036517255222434006,-0.002314634618524733,-0.0011018267483269668,0.00047858730484556664,-0.0031439277590001335,-0.00021805197747123335,0.0014893959427305,0.001668060194858571,-2.880782916281614e-05,-0.002742539648384767,-0.0016028263840398,0.005556072401766092
1973-12-01,-0.005745669705582033,-0.0069171084168247335,-0.004952478774563833,-0.005830861059316433,-0.0026432125845866333,-0.0041772455115309335,-0.006149499347737966,-0.007497325497915833,-0.011499095219777801,-0.025141807994761234,-0.005171672780577734,-0.00015988207404966665,-0.0020304694447728336,-0.006523994534937266,0.007175909208686833,-0.0037797925869108005,-0.0198634976252327,-0.0044279520430737145,-0.6139666666666653,-83.33333333333333,-0.038833558333333365,0.0028137590399713,0.0016717354413883334,0.13333333333333366,-0.10000000000000014,0.020345296862123132,0.0423137513153658,-0.0012040952286378702,0.0088712161726967,-0.015597387168919402,0.0757576482187402,0.0014257623301183332,-1.4053727401966678e-05,0.006690228467229866,0.0021198987950257673,-0.0008177781879510331,-0.0014710360048729668,0.00023169065597626677,0.0020538918668612668,0.0015863858270061331,0.005373226736427467,-0.0008103221676035,0.0034308490815586,0.0023665937772362334,39.96666666666667,-0.13333333333333333,40.5,7.35964224540831,0.006447654281043501,0.04541503283203981,6.545144373125047,5.721735541201293,7.18992390126317,-0.017340394916959767,-0.002275321690133237,6.280835757022577,5.749905697744457,0.0017374323026674314,0.023852585870335133,0.01620091741627287,0.006887416999999966,-0.0006741082542254666,-0.0007427706271906333,-0.004061773951629667,-0.007068138357002034,-0.012044238458438702,-0.013089482166631602,0.0019578480176848,-0.00040543422681160014,-0.0008996234888704333,0.29792373333333466,-0.029182093127566266,0.12731218833333327,-0.0509831831415594,-0.35333333333333306,-0.36999999999999966,-0.23666666666666666,-0.3333333333333331,-0.23000000000000034,-0.03333333333333333,0.07666666666666651,0.05999999999999977,0.036666666666666466,-0.81,-2.0766666666666667,-2.1333333333333333,-2.3333333333333335,-2.6666666666666665,-2.6266666666666665,-1.7366666666666666,-1.0266666666666666,0.0012195776628411332,0.015019321954811498,-0.016033750654610168,-0.007592574037137667,0.0032546435251910345,0.0038139337168057673,0.003414569860353533,0.0023878708085115336,0.0,-0.0020143724419776675,0.0013565640093757,0.0019753517239123244,0.0014352932730554745,0.0008176884024678338,0.0018550148104637335,0.0006725513662656098,-0.0008390515033402667,0.0006793179638308172,0.0012746495212305755,0.0005991349133968,0.0011375267278542795,0.00041876489396723066,0.0023104882447023333,0.0004886645223890667,0.0014613291313575003,0.0016377520242568,0.0007881049755411555,-0.003213312425283833,-0.0036290443342039667,-0.0064512502052202665
1974-03-01,-0.002082344274296433,-0.003742259861633433,0.002597170432219133,0.0001508732481164335,0.0129818168386168,0.0016543831061891269,0.0026382826121914005,0.003146002960428567,0.0027848923828311667,-0.0007633337519032335,0.004360946299894867,0.004403775751356267,0.0005687206647994667,0.0003388617807840704,-0.0027496353694767,0.0007519375858127333,0.017835042430958865,0.0363626679147487,-0.19376666666666634,28.0,0.007392487333333367,0.0004041927292680666,0.0005259774383598333,-0.033333333333333666,-1.295260195396016e-16,0.0034090431450403322,-0.0039976963585205,0.0199005841123189,0.01897797391745057,0.0212632459584432,-0.022736083342177704,0.0012542291837368332,-0.0011685297658007665,0.008916438412067667,-0.0048087231808781,-0.0006949087108516334,0.00023118047451713337,-0.0021842764345235337,0.0023024303510574998,0.0018342017402901666,0.0017544132152516334,0.002737721207765867,0.0014951432991618001,0.0020219180816684664,39.6,0.0,40.06666666666666,7.3313279304416925,-0.11113726348936658,-0.059151789047593134,6.481585728108474,5.797343911924017,7.147839909483067,-0.050575478738583535,-0.051764294802010134,6.170458886008039,5.802912297825699,0.0201238950888071,0.02290799644001733,0.016217767103798398,0.0,-0.0013913780896320667,-0.0010916983599728333,-0.0050551974835342664,0.007930271962745967,0.017598493311868368,0.011160530434066368,0.001433323571342034,-0.0003940920011927665,-0.0005926423425250999,-0.3577024666666657,-0.013763422979205102,0.07372851533333333,-0.032638242786387835,0.7799999999999999,0.9400000000000004,0.3700000000000001,0.48000000000000004,0.633333333333333,0.453333333333333,0.20666666666666678,0.173333333333333,0.17333333333333364,-0.5966666666666667,-2.216666666666667,-2.2066666666666666,-2.0033333333333334,-2.5866666666666664,-2.956666666666667,-2.1799999999999997,-1.5433333333333332,-0.028352822125266935,-0.014177178059776833,0.019741581499184768,-0.004916966421734867,-0.0021699262212983507,-0.004091055318172884,0.004237730775230499,-0.018122367270755432,0.0,0.02107814323012867,-9.524625985110006e-05,-0.0010660292734204666,-0.00019593588304766675,0.0015778931622823667,-0.0014223030358048666,0.002639501894487276,0.0022984883605729665,0.0006259139479404667,-0.0001133828179272333,-0.00011217001628766622,-0.0005902062204812689,0.0021230975358526322,-0.0032202518163588,0.00045949012778876666,0.002106435185925567,-0.0011377828960565668,0.004704491800158067,0.004522516443015468,0.0037308591917663337,-0.003405733487643834
1974-06-01,0.0005254382321500667,-0.000355082146316,0.0027870646587984,-0.0051774016472508665,0.015480181605007933,-0.003511952073772033,-0.0014063161620840002,0.00039015731332416666,0.0005231215819978001,0.0032321647519866,-0.0006658996667425666,2.52504927913333e-05,-0.005741644035496767,-0.007929194447527434,-0.0039399205606117,-0.0029857312013389647,0.0007290455013248663,0.008061468302721267,-0.4800333333333337,-104.66666666666667,-0.03777261733333336,0.0016806910815911,0.0005596186709156668,0.13333333333333353,0.066666666666667,0.020008637538516567,0.017062276746417294,0.029003792329876734,0.02921576901958527,0.02869153625708103,0.0458801951248855,0.0002969222090527333,-0.003387865554807067,0.008927563775740067,-0.0112238611805603,-0.0021114104270676336,-0.0016797023669514665,-0.0028093999706116,0.0018704026848699667,0.0010829759486329666,0.0019725739087442,0.0013449130895910667,0.0010756701238172667,0.002498639789283833,39.7,0.0,40.166666666666664,7.181579405296527,-0.05197826720692012,-0.028122346245513494,6.27022467270874,5.64344167430209,6.907039084798384,-0.10031746979089311,-0.0336419728633199,5.874708069882076,5.573880604463841,0.022670267603317636,0.026975545620986804,0.017642163742386568,0.0034437086666667,0.0004901247964775342,0.0003709962554519334,-0.005208293453541667,-0.003903325897311134,-0.0072895787126271,-1.719986240103268e-05,-0.0006809227648479667,-0.0016766751139695665,-0.00046638952512620006,-0.7352315666666697,-0.05500275524120383,0.2671552013333332,-0.0714242056564589,0.23333333333333298,0.32333333333333264,0.24333333333333296,0.23666666666666666,0.1933333333333337,0.15000000000000033,0.15333333333333335,0.21,0.23999999999999966,-0.6533333333333333,-4.1499999999999995,-3.896666666666667,-3.3433333333333333,-3.9166666666666665,-4.49,-3.5566666666666666,-2.78,0.007602401176257434,0.02675810170264753,-0.009539869060073801,0.0060414244264725,0.002344234795972066,0.0023712928643666678,0.0039439484127741,0.02974443415621067,0.0,-0.023370453651375595,0.0005851893046986666,0.003742537916680003,-0.003010816323358067,0.001425809282593,0.0011491159642139336,0.0004915181934165334,-0.00012306286014776663,0.0005738546286297,0.0005406245972944668,-0.00010634860344066668,0.00019634135011573333,-0.0004258803571248332,0.0009526588955593003,-0.00013936542678793327,-0.0015941778376917669,0.005227942335395232,-0.0033075754297323995,0.0040152800734958,3.1718193219166677e-05,0.004664977305075366
1974-09-01,-0.0012663694979029667,-0.0023098468487005334,-0.0078226756164752,-0.012179263569124167,-0.012952188996904932,-0.012150917055022565,-0.009166583871774601,-0.0073761507117148,-0.012435398366270603,-0.021652899429778067,-0.008476229846174034,0.0013795534259345675,-0.015341275119398765,-0.012207670069110067,-0.0178711202281182,-0.012342048998963866,-0.009234169592080866,-0.0056741238109140335,-1.2059333333333342,-204.33333333333334,-0.07524094866666663,0.0025501724998016335,-0.001577771382296567,0.36666666666666653,-0.066666666666667,0.05227670242253957,0.0857386377684841,0.05375604919870753,0.06636003712752486,0.03425995635477807,0.09764687656841575,-0.0015042987209389668,-0.008996481292679534,0.0107273539460282,-0.012381180694460966,-0.008968987790632066,-0.009064447182158333,-0.008814444363917866,0.0016197776834042665,8.479067348333329e-05,0.00038438694548579997,0.0008276364751479331,0.0002477393895781666,0.004712483200181067,39.4,-0.19999999999999998,39.833333333333336,6.985451391514654,-0.0958940241505933,0.022684487748336767,6.017408032025723,5.4506452630869235,6.70356837257921,0.0,-0.052614936789133204,5.534133345071464,5.370485889406047,-0.04467862893244914,0.001745185538582133,0.018480229198620066,0.03443708633333337,0.0007206517953009333,0.0009522999747980333,-0.005080763400735633,0.004080284293396534,0.001787236044649667,0.006739846935925368,-0.0022478391494565003,-0.0005311983008941334,-0.0017449576253305333,-1.1843206999999993,-0.019359842378736298,0.11037233533333345,-0.03351916594208743,-0.8533333333333336,-0.9466666666666669,-0.4966666666666671,-0.53,-0.5666666666666667,-0.31666666666666704,-0.12,-0.036666666666666535,0.27666666666666667,-0.33,-2.6199999999999997,-2.353333333333333,-2.09,-2.276666666666667,-2.41,-1.1500000000000001,0.13666666666666663,-0.02725191262588003,-0.0024444020526951664,-0.0029117252883789336,0.0025415667276632668,0.00029956800274059996,0.0009384066574444003,-0.011176082042845266,-0.011613864402235066,0.0,-0.008047310413844301,-0.0007802489211546001,-0.0038447729804274894,0.000673794613365546,-0.0024021849964535333,-0.001965631273886982,-0.0014079796037362667,-0.0008425230603656746,-0.0014517389381035715,-0.0013907237103271332,-0.0007714267116594556,-0.0009733233899136481,-0.0009473917341171334,-0.0018902840381659666,-0.0003505175356909714,-0.0028594591915541002,-0.0048259255164648665,-0.003083842348895667,-0.00609782514011905,-0.0046107854817402,0.002821653044224867
1974-12-01,-0.0006774269788021001,-0.0038002277972512336,0.0049532846510633,-0.0129166782405428,0.011703417757348233,-0.024549252410060767,-0.024703938182580067,-0.02587709177462767,-0.023591905458433263,-0.0534710077740382,-0.011780681206040802,-0.0328940597907922,-0.0243868071708418,-0.04074214195281777,-0.035891135362375,-0.031711102509053034,0.003074031787703066,0.00034274170784046623,-2.5825666666666636,-149.0,-0.04829683266666666,3.593076863003331e-05,-0.005313835512108466,0.5,0.7000000000000001,-0.011669803222217731,0.10345448571123507,0.163287583058358,0.158809975897088,0.17043021063733765,0.057957500769142335,-0.005786861665894066,-0.0189882349120592,0.0051441350129373,-0.016869068824708667,-0.02039726716539113,-0.02284209802645577,-0.016478308621798866,-0.0005169916935058332,-0.004030114660119767,-0.0038462978461020667,-0.0023679154907002664,-0.0009920642243485666,0.004895519303283,38.86666666666667,-0.13333333333333333,39.13333333333333,6.87617359247718,0.1549272284215265,-0.12649654056830012,5.886109146865866,5.2364388525540635,6.64885562403295,-0.05223281730202021,-0.028846818777020097,5.483417864795327,5.385645045869286,-0.0356590336733446,-0.013041806040459299,0.0066378683564589334,0.020662251666666635,-0.00037339832312646676,0.0008846905569237333,-0.0013591006663595667,-0.010642518800342967,-0.019137897366999567,-0.020778116399206636,-0.004168111347358766,1.7494183698733297e-05,0.0014742961174386334,-0.6721935333333326,0.0367424606567258,-0.15361084633333336,0.032592335622907434,-1.07,-0.8633333333333333,-0.6566666666666666,-0.633333333333333,-0.5600000000000004,-0.18999999999999964,-0.09666666666666657,-0.09000000000000048,0.016666666666667034,0.3433333333333333,-0.9966666666666666,-0.9366666666666666,-0.5933333333333334,-0.023333333333333317,0.13999999999999993,1.4799999999999998,3.396666666666667,-0.03541252406643824,-0.009483177282544266,0.009970382490011668,0.004359991059567099,-0.0071538251667646,-0.007706116665046267,-0.004629704053555767,-0.0148790330118193,0.0,-0.005344438028007033,-0.001345475424192575,-0.0014054287419226668,-3.063866295056865e-05,0.0013991238819238332,-0.0018266101534658464,-8.32663043917788e-05,-6.887440463776877e-05,-0.0007131554997502771,-0.0018971991361612067,-0.0019603960239436267,-0.000686683848565,0.00036936038734818505,-0.002252311463088703,5.1645632567566664e-05,0.0006451775011031647,-0.003076247201052424,0.0021807769151892665,0.0027168235048235664,-0.0002551824026291669,-0.0043293948601519335
1975-03-01,0.0026808672608436336,0.001361666886330908,0.0062688275625679,-0.006919656286867134,0.012023070236532834,-0.004023339132684133,0.00033974011266226667,0.0035966064851629,0.009370376308667133,0.024794772874955434,0.0034824556397727332,-0.011949520904574134,-0.0087967634871648,-0.015928893062463267,-0.0025201043175513,-0.004983881185451009,0.016371925355439135,-0.017737972454464835,-0.4793666666666687,-22.666666666666668,-0.0142630103333333,0.003957330668297833,0.0007615391082046721,0.3,0.566666666666667,0.011560567326325134,0.0095459927291763,0.12053524445707035,0.10797950015798563,0.1393130941111134,-0.029220909522377898,-0.0012765252474166333,-0.006493356229292133,0.004242229988297367,-0.015225021389776201,-0.0050963955714345335,-0.007724849189327633,-0.0009652271216538333,0.0007271659349091667,-0.0009667758380243668,-0.0012299647178449333,0.00039061741545509996,0.0004964011838222,0.0018033902556950333,38.63333333333333,0.0,38.93333333333333,6.945149969203503,-0.06961610370912656,0.07180716840676676,6.0101437628168535,5.53448648545701,6.71519033551624,0.0622586357144466,0.09870698036588353,5.5406289973556335,5.492782234331156,-0.006511850318047365,-0.015548514550167402,-0.0024986398379075003,0.0034437083333333333,0.0022650361718285997,0.0016753128061856,0.0089514968828001,0.007503179727344232,0.015273667440452332,0.012231107852198065,-0.00028076598897183334,-0.0013370441474549,-0.0011015867083046668,-1.1247327999999932,0.039214770179992704,-0.14993143533333336,0.042247726275977136,-0.3399999999999999,-0.22000000000000008,-0.0899999999999999,-0.00999999999999999,0.13666666666666635,0.20333333333333328,0.2233333333333337,0.09333333333333362,0.013333333333332864,0.54,0.02666666666666666,0.32,1.0499999999999998,2.2533333333333334,2.59,3.4233333333333333,5.166666666666667,0.004883651152018466,-0.0002604520518882999,-0.010644841538666702,0.0092662447791173,0.0023351373960419004,0.003510874368792558,-1.0029738174466805e-05,0.0190363554863501,0.0,0.007306713409137233,-0.0012782446590051488,-0.00046521378466656666,-0.0013944887096369503,-0.0015245405319812,0.0005699730063248959,-0.0018286729171771,-0.0014486491054049998,-0.0013159891941931518,-1.32717964388777e-05,-0.0006366049680314385,-0.00047332977103087243,-0.002290155268308167,0.00016377018508177904,-0.0004407074760857667,-0.0006939710799552665,0.0010011281482563332,-0.0014872115239049667,-0.0008066764202752328,0.0011383612884205668,0.0035764388839778665
1975-06-01,0.0045457612826537335,0.0033465833244885,0.0026787757483184,0.008522544004649734,0.008375514701251432,0.008822247116666368,0.008401104792955435,0.0088755278180413,0.014774479058646433,0.024311269963044932,0.010940626399780634,-0.0025718829958364334,0.009288877714934233,0.0082933534309637,0.022207899865445097,0.010810982621423234,-0.0022197359884002328,0.014672644882877799,0.6703000000000023,62.0,0.013722149666666633,0.0009855751696505669,0.0030404730710754334,-0.19999999999999965,0.733333333333333,-0.027665639856989468,-0.042324201566404235,0.0265353485040357,-0.0371761682676184,0.100454058785287,-0.03284101132455017,0.0022933732471006334,0.0012458715487048998,0.0018733058236876333,-0.0004695497794795003,0.0015490048727192336,-0.0006218601963970996,0.0048987069565165665,0.0026905010468443002,0.0026572518305177004,0.0016007176492636667,0.0045442383725665,0.0016493518724563668,0.0009653058120579,39.1,0.13333333333333333,39.43333333333334,7.080518667854297,-0.015404281051713329,0.09782639671203337,6.074056942626551,5.6721208415293995,6.893845893995589,3.353798720221827e-17,0.017727421820099867,5.738633204339493,5.656759567401044,0.03231280253368907,-0.005660271000412134,0.0012866867910297332,-0.02410596,-0.0031313942892295,-0.001808240495263,0.005316551986653633,-0.001843521451114033,0.0009262968267235659,0.0008947735344652664,0.0010718657156658668,4.2898558082400044e-05,0.0008454410775892667,-1.7770978666666697,-0.0166502199011669,0.075232458333333,-0.008928845062448532,0.3066666666666667,0.2966666666666666,0.40333333333333304,0.4500000000000002,0.43666666666666676,0.20333333333333334,0.11333333333333334,0.016666666666666097,-0.033333333333333236,0.26333333333333336,0.04,0.42,1.1033333333333333,1.99,2.1766666666666663,2.9233333333333333,4.656666666666667,0.021736074771604035,0.007404020712013601,-0.031019630416802463,0.0021963903756617668,0.001095004719934362,0.0010720904943764334,0.004047462275241633,-0.006200475316848467,0.0,0.0047302402928766,0.0006039490618515332,-0.00046200053595916654,0.0019631553246705334,-4.896647363376441e-05,-0.0011753397221563999,0.0005599582565531908,0.0006703780693090999,0.0006221433540486666,-0.0006161896703505334,0.0005996069843835668,0.00011074815220520004,0.0012447893847049665,0.0010153054654689665,-0.0007750373716496001,0.0012789697479782332,-0.0009840443205096333,0.0013821195057004104,0.0026134520276753664,0.000715840960609768,0.0021823006393363003
1975-09-01,0.002324098329842992,0.003114561489402533,0.00333831739920671,0.0007148003177886667,0.004234895618854567,0.006186832932372834,0.005310759585101327,0.005594292094325666,0.006457135171313101,0.0052833167458579,0.006928181816094267,0.005329190770794567,0.007152869921756267,0.005885432131648834,0.015364768439546867,0.0077380239882377,-0.012121810371056835,0.006732630387402833,0.44916666666666644,54.666666666666664,0.0088428003333333,0.0003113743866241333,0.0008570275147896999,-0.0333333333333332,0.33333333333333365,-0.010858723478204234,-0.0036754683950086992,-0.008612524162969001,-0.06492428472833141,0.03703945463688373,-0.04023958553350463,0.0022905750674695,0.004161050169749067,0.0028129562152881334,0.005314054651535667,0.003958804545059433,0.0021551799215473997,0.0067001436897609,0.0015802322710036,0.0017668826161844665,0.0029862481907401,0.0017514587740639,0.0019685096580138667,0.0007389248315311333,39.5,0.0,39.86666666666667,7.186894024839996,0.032179309014216465,-0.012765428359093306,6.23890569074225,5.787554395193986,6.99377614390531,0.014495037313246834,0.04234541371228997,5.830782750069027,5.803816607209716,-0.0024478053506271666,-0.006253155898404433,0.0031488978063934337,0.0,0.0011614855457974,0.00030263765427563337,0.0012839576395148001,0.0054469952606434,0.0038425017236891,0.0048225567952682,0.0011405918640662398,0.0010432670625508335,0.0014528849097548,-0.40958826666666437,0.016539213628286767,-0.0772453906666664,0.029141474050405233,-0.30666666666666664,-0.26999999999999963,-0.3200000000000002,-0.38000000000000017,-0.4033333333333334,-0.17666666666666664,-0.11666666666666649,-0.056666666666666664,-0.009999999999999799,0.5466666666666667,0.19333333333333336,0.5633333333333334,1.3033333333333335,2.2866666666666666,2.4466666666666668,3.1033333333333335,4.836666666666667,-0.0031130090296481,0.0050724669270462335,-0.010554929280809299,-0.0069945148364223,-0.0017287665192817665,-0.002296072550593367,-0.001754157913991833,-0.0067934557067888006,0.0,-0.0028668620173162,0.0011875660438261332,0.0009119932729584,0.0018374200722921664,-0.0027678737453434607,0.0011109212596244332,-2.657207011136668e-05,0.0019799952898732665,0.0012179176814795668,0.001149106874261,0.0011791698386622667,0.0006933947706409,6.313509790403333e-05,-0.0004780250427042669,0.0016293302020168668,-0.0006778685810938763,0.003413112588928966,-0.0007420534225291334,-0.0014658596392382334,0.0006916648339630334,-0.00035407581629046694
1975-12-01,0.0046086068276806665,0.004141930894527667,0.006177592178280267,0.013125018132176534,0.011022048704573933,0.012227190568531401,0.009699006530620067,0.0095132112783503,0.008487079077685667,0.015563026335294,0.005502660289747766,0.0113844300447678,0.014984207969763132,0.022342119475820734,0.011533475150250399,0.013516484766272102,0.0026346754154811663,0.01603695131876867,0.887833333333333,72.66666666666667,0.0172792993333333,0.0026350041397442334,0.004655654720075667,-0.19999999999999998,-0.10000000000000032,0.009788631601455067,-0.056396185730599534,-0.03394037042495947,-0.04954327244570267,-0.023504594775885967,-0.046680936857267596,0.004817944464720634,0.006938445197050033,0.002385946666949233,0.007589593168639001,0.006955796972850501,0.0078805876856803,0.0055548720083494,0.004005962829393634,0.005203337137190833,0.0038079754784879666,0.0064684223925149,0.0023632091813047336,0.0017400655228628,39.93333333333333,0.10000000000000002,40.300000000000004,7.248252097103957,0.0614548194745869,0.059436505101333366,6.33426340430661,5.78897429486668,7.05415334543475,3.23815048849004e-17,0.036520734170509904,5.9108570179682465,5.867483861714824,0.03215272046218943,-0.0038860344359410996,0.0051070297467543995,-0.017218543333333402,0.0011313121886135666,0.0013926781520047667,0.007279337570079599,-0.008122285198015033,-0.013373331263141766,-0.014114532154165332,-0.0009296739121266334,0.0017718157141291332,0.00012127021148940029,0.21954166666666688,0.036855037289995764,-0.14404389333333334,0.04836411745050456,-0.15000000000000022,-0.21666666666666687,-0.2000000000000001,-0.19999999999999987,-0.19333333333333336,-0.11666666666666654,-0.08666666666666696,-0.0766666666666664,-0.10666666666666667,0.44333333333333336,0.11666666666666665,0.45,1.16,2.61,2.8966666666666665,3.6999999999999997,5.456666666666667,-0.010695558737690167,-0.0010493166677093002,-0.0036322943229394667,-0.006775165988887499,-0.0016689861220703405,-0.0027847558232858335,-1.14137661446634e-05,-0.0011926071159613,0.02502252434447423,0.00046772977778350005,-0.0018230164130053333,0.0004421047300011563,-0.0026014640643119997,0.0040190590722751,-0.002235283710218,-1.726623674109997e-05,-0.0020825057723778666,-0.0012619387514178763,-0.0011674177005416696,-0.0018098200529834331,-0.0017057735301489,-0.0006270497045663667,-0.0027778107997892335,-0.0013250317940884,0.0005897625302650257,-0.0014799497779008,0.0006331921108713819,-0.0017425241737783002,-0.0031548114811481005,-0.003768210146281766
1976-03-01,0.0025394216323377998,0.004148561458828534,0.0016318950882789,0.003732660236205833,0.005986093000081734,0.003753529880282833,0.0034846781666033667,0.0032663907883885668,0.0028980131665713,0.0004408364404848333,0.003943491903875734,0.007342110397780467,0.004041759166503634,0.009073280948470699,0.0013215766198101334,0.004638256920098833,0.010023270056557,0.007749899202521767,0.1968333333333304,25.0,0.008673109666666666,0.0029657771166474,0.004238833995557866,-0.09999999999999999,-0.4333333333333336,-0.00047670130875133304,0.011418341516773,-0.0582690616240775,-0.0319053138759016,-0.0763985831301812,0.0391067659988137,0.0020911397800305333,0.0014432996577386666,0.0012089475270989668,-0.003453320599232233,0.0024644064454661,0.0048911434364177,-0.0012587766108982665,0.0023399689371370667,0.0027685133283282,0.0027977008015203,0.0032937864158928336,0.0025077981005783337,-0.00022257835584873334,39.666666666666664,0.033333333333333326,40.03333333333333,7.2617574569584535,-0.09363412848880333,0.0008364705351399335,6.227192182047104,5.88247596235658,7.058807727002353,0.007017803065943199,-0.0227730813258266,5.919682448872202,5.85588956957335,0.013210243300474536,0.0037795518140602666,0.008167530890016,0.0034437086666667,-0.0014078901953516003,-0.0008869201733503667,0.007071160189952366,0.005365549798207234,0.013373331263141768,0.011190505693004534,0.0028963683560115673,-0.0005256284813395332,-0.0010171420877073,0.25184426666666604,0.001982166395908834,0.009226583666666666,0.0009939552074569,0.17333333333333356,0.10333333333333365,0.10666666666666667,0.13999999999999965,0.16333333333333333,0.04666666666666668,0.0366666666666668,0.009999999999999962,-0.12666666666666704,0.27666666666666667,0.036666666666666674,0.43,1.1933333333333334,2.46,2.7466666666666666,3.516666666666667,4.99,-0.0109027046996609,-0.002875372364846,-0.037998722310536,-0.0044924765054748005,0.0011083527694421332,0.0016736436833664,0.0005420646027781876,0.003227615471562468,-0.025022524344474217,0.0073040744484632,0.0011809450671913526,-1.0912840958866564e-05,-3.474574802056658e-05,-0.0007325179527688507,0.002221301431356488,0.0005270802540406842,-0.0013251993395753496,-1.5455762849545682e-05,0.0005644272389044705,0.0011757579945648,0.0011517419751789666,0.0007681607610067999,0.002974865539405633,0.00011205226129203337,0.0005725891548686333,0.0023118627024026,0.001282021654488441,0.0028950238921948332,0.0036364247516669,-0.0022976949434277325
1976-06-01,0.0034809958541134997,0.0026613009974228666,0.005339072057033834,0.005454094257315099,0.0075068939754737675,0.0044922161712045335,0.0034024039115199667,0.0031118790993057,0.0018083363161144,0.005192279025154334,0.0003456423874575668,0.0092577072055587,0.0056622406323095335,0.0094001450834861,0.0028140496054650994,0.0049304292708538,-0.0008042243456723,0.005396182111629033,0.20456666666666967,-1.6666666666666667,-0.0089532273333333,0.0030947114099504,0.0016065912449558667,0.133333333333333,0.2000000000000001,0.011487306462311933,0.0418358615105029,0.03906832859011634,0.06776840303151517,0.0162764091441307,-0.002649246949551067,0.0016434438214455334,0.0007571286890571334,-0.008006355448018233,-0.0015565655717549333,0.0015760470653151668,0.002962705256576797,-0.0005825809813871,0.0019827869577924333,0.0018398550022856001,0.0007620616650119333,0.002117539435833033,0.0019286456890146,0.0008005874820510333,39.766666666666666,-0.03333333333333333,40.233333333333334,7.300277747358364,0.0175479111618098,0.009877265868789864,6.342464103004313,5.931761707812558,7.127978691577099,0.041312300410253265,0.0196135000076435,5.95113137005422,6.00717720267773,0.013615588657904966,0.003074266382982433,0.0093149601349734,0.0,0.0006581969615225334,0.00025141161217826684,0.002898265343101033,-0.0017588498138019,-0.0019493232941409661,5.7164743073115365e-06,-0.0005806909858714001,0.00015026961338636676,0.0003434061040076001,-0.23119716666666568,0.0068462064240758,0.0018684753333332652,-0.005858512012956833,-2.0354088784794536e-16,-0.026666666666666655,-0.020000000000000236,-0.07333333333333333,-0.13333333333333333,-0.09333333333333349,-0.043333333333333564,-0.043333333333333536,-0.07333333333333307,0.21666666666666667,-0.09999999999999999,0.20666666666666667,0.88,2.11,2.46,3.1833333333333336,4.423333333333333,-0.0008050561414373998,-0.0094733593722018,-0.0046602628718560345,0.0017636725448052666,0.0005441584809231349,0.0005523337358764334,-0.0005731882488077667,-0.0046620806582465995,0.0,-0.005101291851174433,-2.79966964062221e-05,0.0008628674521586502,-3.6767593748700016e-05,-0.0006975970213356459,-2.189369517118962e-05,-3.9744694582005746e-05,0.0012647407610931333,0.0005754013134356392,0.0005444318237947217,-2.4667604046795584e-05,0.0002469578159981,-0.0010483815199492,-7.726139780376666e-05,0.0008087219227519334,-6.697475074439058e-05,-0.0019066201362080998,-0.0007463385896191001,-0.0002948743865752333,0.0005769993670821333,0.004104439731127533
1976-09-01,0.0030916982942557,0.0035579707438580664,0.0036849553757690666,0.002503459905051167,0.006385532565764954,0.0060905406754429995,0.0085332174561087,0.008528258925299967,0.008601121225852666,0.012852128011376867,0.006760484282396867,0.010410451999105801,0.0034540119241682336,0.0007405163647580329,0.0027944351842219667,0.004990842231779966,0.03429946995601913,0.004228284849786467,0.19529999999999836,27.666666666666668,0.0018609753333333002,0.0017629361436490665,0.0015319528018675668,1.989149585786739e-16,-0.09999999999999969,-0.007810580577220766,0.017606774727252802,-0.0033812631435017316,-0.006746627115915334,-0.0005212406587275994,0.0008568985010335983,0.0022341236370415,0.0025464394755119668,0.015081884214612666,0.004195221814361067,0.0016251898323797998,0.0012086852534955335,0.0022759827896805,0.0021146897316489666,0.0015015503675137667,0.0020378557765271337,0.0015637360595235,0.0042199695745696,0.0014627683048467333,39.800000000000004,0.0,40.1,7.416287423166547,0.08114960582498326,-0.036836758775766434,6.39444493595751,6.155975772466127,7.298692100876077,0.006079195849926801,0.0500202315252466,6.100086163290303,6.204333220065533,0.012779875966531367,0.007313817737052467,0.008567038471009966,0.0034437086666667,-0.00025141080015910025,0.00010493175445763332,0.0071372949010433005,0.0051133077814595,0.0058141008877808055,0.005847953216374299,0.0014488407023017333,5.317180122306663e-05,0.0016813422479101663,0.10396659999999736,-0.0068462064240758,0.07937658400000003,-0.0226959775333171,-0.11333333333333313,-0.1266666666666664,-0.12999999999999987,-0.17333333333333367,-0.2366666666666667,-0.26333333333333336,-0.16,-0.06666666666666643,-0.13666666666666658,0.06333333333333334,-0.15666666666666668,0.006666666666666664,0.47,1.7266666666666666,2.356666666666667,3.2433333333333336,4.233333333333333,-0.005390003954751767,0.0051662217601945,-0.028216042820605067,0.0001690931570442998,0.0016069559623516846,0.0021732197432052036,0.0010543045218914335,0.008340422687933134,0.0,-0.002575225860541141,-0.0006003588690758409,-0.0008962932341963335,0.0005374683436813668,0.002450777631521867,-0.0011027019119970295,-0.0016387659430740886,-3.59416164730924e-05,-3.116284145045332e-05,-2.7826241831613367e-05,-0.0005982066396574784,-0.00031743936054279997,7.138944382866751e-06,-9.595716078703331e-05,-0.0005622909939619001,-5.362936755716677e-05,-0.000941022370511,0.0005857347159589667,-0.0029671797461526955,-0.00030353077848546683,0.002688161622547033
1976-12-01,0.0004777111827719666,0.0010558110058198668,0.0052824595914121,0.010845904114435269,0.014581725870042936,0.006496071258092167,0.0075533169872267,0.008459523093443767,0.006771516535444901,0.010980557201183266,0.004915237675284334,0.014309536708372034,0.0053499061333242,0.0057698183287444,0.010963621027312768,0.008329814414511668,-0.008925357043697934,0.022037085385325866,0.44990000000000036,78.33333333333333,0.013712879333333367,0.0018150260955061333,0.0026225854269086666,-0.0666666666666668,-0.20000000000000048,0.02157918197227107,-0.029734637367694133,-0.026515740046355596,-0.03491370961032117,-0.019605596337574863,0.0486829989242079,0.0030929506318629,0.004043166201317467,0.005769333080987267,0.008677085506285766,0.0030213671552262998,0.0030180053419333335,0.0030266115551989335,0.0027286218453313332,0.0037143999521381667,0.0026754184248295333,0.0038084363598175,0.0036980590947995,-0.00037616032845616673,39.5,0.06666666666666654,39.833333333333336,7.4669368184062135,-0.10323273433871656,0.06926972910469982,6.482738098122687,6.333462917700647,7.3210869816543065,-0.056781788582413305,-0.013949036645166798,6.163576576518143,6.301088663883647,0.013142893334574501,0.005727517700642867,0.008023488927771967,-0.013774834333333333,0.0016806583962658333,-0.000359769547057,0.0045292388849841,-0.010158279471463734,-0.01994354458013393,-0.0187134502923977,0.00023994692650130002,0.0017507803998120996,0.0017780330205496668,-2.5988219,-0.000659413337368501,0.055403364333333295,-0.020106667841190667,-0.09000000000000019,-0.07333333333333347,-0.026666666666666738,0.0066666666666667694,0.06,0.10333333333333333,0.03333333333333335,-0.07000000000000044,-0.036666666666667,0.06666666666666667,-0.09999999999999999,0.09999999999999999,0.57,1.8566666666666667,2.5100000000000002,3.3466666666666662,4.46,0.010667792033522432,-0.011656272423224133,0.014377253365020068,0.0139060784792936,0.0010091332910005773,0.0010108080324915285,-0.0005600958572307376,0.005070053065114567,0.0,0.0097623927608804,0.0022404332969042664,0.00041289733951780814,-4.85678554508333e-05,-0.0025308719342424335,0.0031837467420858367,0.001573374748648873,-3.461656959819533e-05,-3.0091025372204656e-05,0.0015977952010786001,0.0022329307984877006,0.0010856601718526335,-0.0007213664604713002,0.0028915499445618664,0.0005060263174160667,-0.0012253590762376333,-0.0009082657753950001,-0.0032089884169798338,0.0011829527184534679,-0.002350669515993301,-0.0043221799731722665
1977-03-01,0.0037410463114841666,0.004966471160874566,0.0016086730062269,0.0038150106370391334,0.0064101266638771,0.0100010917782008,0.008266966168583967,0.006730097651881934,0.002859330267442658,0.013239386087774899,-0.0018149711045521335,0.016603486213057433,0.011878813191922933,0.015467960971368967,0.010137313580056434,0.011130626562096499,-0.025794795307660063,-0.012986819233765866,0.6721666666666694,95.0,0.025122878000000032,0.002986360858925467,0.005169538048551267,-0.19999999999999965,0.06666666666666714,-0.030181809957562134,-0.010582899438193202,-0.04002853083688803,-0.040165229968837125,-0.03991864496657003,-0.056694643648008726,0.004496949003546133,0.0064764025937318,0.008952785759583734,0.013413014393394233,0.0048957764630716,0.006256257507641166,0.0027623151841395,0.0037333587631108666,0.0043151853816875,0.0037315543421124666,0.005021909734503233,0.004507723937111967,0.0016783746425860335,40.0,0.06666666666666667,40.4,7.587867523278597,0.1274564644378368,0.024123999199853235,6.64763187402997,6.242273208910027,7.416175448539956,0.08561820288550977,0.04934232065890674,6.28914678737591,6.268295401809,0.017668297588405334,0.007141206687248766,0.009047942674566633,3.411622836087721e-17,-0.0021785757205409,-0.0009267730497978199,0.0037555791477128,0.006437200883365967,0.015119533710622399,0.012893585227879168,-0.0003099296026416334,0.0007898806402349668,-0.0008392602679118667,0.5934823000000004,-0.007475950788093599,0.08501811633333327,-0.021767485462741636,0.22333333333333324,0.16666666666666677,0.09666666666666669,0.09999999999999981,0.1233333333333332,0.03666666666666653,0.02333333333333343,0.0033333333333338665,-0.036666666666666466,-0.003333333333333332,-0.22333333333333336,0.036666666666666674,0.6699999999999999,1.9633333333333336,2.5066666666666664,3.14,4.1433333333333335,-0.00021163182066129965,-0.0090039230837604,0.0015943411947475664,0.006646018373185367,-0.0016357315532730332,-0.001130145472307233,0.000994462613712768,-0.0106136925916056,0.0,-0.004045785689961,-0.0022805963589845333,0.0004182198326747998,-0.0017343661842425331,0.0011364938842068127,-0.0026795005975846337,-0.0010712892448990219,-0.0006377758464243525,-0.0005897496851717403,-0.0016558860711895667,-0.0022728230893500666,-0.0009142768711258668,0.0012233502694772667,-0.002398116831956,-0.0006091903310158054,-3.258984058760354e-05,-3.3393426912553537e-17,0.0018150775571636332,0.004896270556804634,0.004724187493010234,-0.0028747953748601666
1977-06-01,0.003664446377066167,0.0032520583151214,0.002377580960120367,0.004449923448911233,0.005278684726529066,0.003311848044117167,0.005611748538195134,0.005587963975826333,0.0037853945527750333,0.007001789402050467,0.0022976630429735,0.010429702592221068,0.0008360299668176666,0.0021029084314081333,0.0022397088376199664,0.004748196522250189,0.019386895623648332,-0.008733747648153434,0.14406666666666468,71.33333333333333,0.00995127166666667,0.0023599097380066,0.0024865068202774665,-1.249000902703301e-16,-0.3333333333333332,0.01675869140566907,0.005635653240743735,-0.016297967996684933,0.029327009007323167,-0.05810294757428173,-0.011595372028471865,0.003983990560249933,0.002968259447653033,-0.0117599108118244,0.005468051112355633,0.003096706620839933,0.004215491852004733,0.0013253827932129998,0.004376601937355667,0.0039038049758961997,0.0042834948076345665,0.0040635925872602,0.003837635449996133,0.0042898381525742334,39.93333333333333,0.0,40.43333333333333,7.59542028599952,0.007698571598216598,-0.036110309328999834,6.675022222852934,6.260813456984134,7.461196332442813,-0.009337678742559993,0.0305019221924899,6.371047785082744,6.2865325497594995,0.013094280324095235,0.012386643443744433,0.006667582508070966,0.0,0.0009155706949994,0.00018535087128087867,0.002678054476527933,-0.0008352613382796997,1.3606164138467205e-05,-0.006650198984492868,0.0013217729548656333,5.9165363311133335e-05,-0.0004656014864412333,0.400549566666664,-0.0034264885371679335,0.0661583456666667,-0.013018857203169934,0.18333333333333338,0.1666666666666666,0.17666666666666686,0.20999999999999988,0.176666666666667,0.029999999999999704,-0.019999999999999962,-0.023333333333333567,-0.06333333333333313,-0.04666666666666667,-0.33666666666666667,-0.09000000000000001,0.4666666666666666,1.3066666666666666,1.7666666666666666,2.3866666666666667,3.296666666666667,-0.0150061528500018,-0.013171754560280467,0.004086955753538633,0.0082882401411102,-2.5561392085964724e-05,-0.001059422853765329,-0.0010454271170358001,-0.0007133521985134994,0.022037008370687502,-0.005275515553158199,0.0005314290375843343,-0.0017197352032317665,-0.0011299445848372608,-0.000644132541295309,-1.1340375707814196e-05,-0.0005220267767068859,0.0005659365311015,-1.6977496332666712e-05,-0.0005446466610938061,-1.4475760341522937e-05,-0.0001358768462105,-4.7801371053999685e-06,-0.0009148128797389217,0.00029457761472633334,-0.0005902053146410001,0.0008830027238588665,-0.0006502345683004001,-0.0024116410156504,3.5129666915266707e-05,0.0011665573159538338
1977-09-01,0.007561555522150533,0.008529076767095101,0.005839899154591099,0.005228752167064099,0.010650637632002335,0.002488482150903667,0.0010701543781466334,0.0008107529294260333,0.0035228558434084664,0.0013864844968824999,0.004503910345351666,0.0001403426064387666,0.004020012733817633,0.0040740645482991,5.8414495931300055e-05,0.0017216928044912,-0.006580641573618699,-0.0025508377962057665,-0.10760000000000029,102.0,0.017918568,0.004034552593249499,0.004726129375129034,-0.06666666666666667,-0.10000000000000032,0.0032073557880207327,-0.019755411187124334,-0.005860956852622535,-0.010835190134976967,-0.0007432184424232014,-0.012719776572453134,0.004376796833482134,0.003541632772219433,0.0178991253282232,0.005215554061795267,0.002598005611979767,0.0033403078854205,0.0014142292462633,0.004698373755466867,0.004191194793134367,0.0039607991448799,0.004961109640102966,0.005524779289120333,0.0040420255572795995,39.93333333333333,0.0,40.5,7.606147232318926,-0.033601566373986765,0.0381573986696934,6.703332409991783,6.275897817968926,7.4580676556924566,-0.019498735560536495,-0.024817659398250033,6.382499163093702,6.345774544749873,0.012656399696187067,0.015197513694658932,0.007765703780464733,-0.0034437086666667,6.019808481263332e-05,-0.0005617424850126667,0.0019044856352019,0.004732259341890166,0.002807829347946534,0.014385382059800634,-0.0011331911201123,-0.00034823458145596676,0.0006237249336033,-0.018611299999998634,-0.012048040265848233,0.11246200000000033,-0.01995686088369683,0.203333333333333,0.26000000000000006,0.20333333333333314,0.19333333333333347,0.19333333333333347,0.1033333333333331,0.06,0.03333333333333313,0.043333333333333,0.01,-0.35000000000000003,-0.08,0.44333333333333336,0.86,1.1066666666666667,1.64,2.5066666666666664,-0.030517089219375803,-0.0286653641807382,0.014638098044721798,0.010469508060950266,0.00046824979984953324,0.0009958074974614,0.0009907832039720281,0.011360338408949233,-0.022037008370687502,0.0016807064379306992,0.0005168124333963,0.0016739839227296,0.001687786598694459,-0.0011792476815246345,0.0015206983557739886,0.0010208860785778,0.000551406417533732,0.0005331267916893197,0.0015465649927680757,0.0015992478296074667,0.0003582184622264,0.00030185898738469994,0.0013483758539251335,-0.00020950702848873332,0.0005258641608602999,-1.3814921498600096e-05,-3.446196263954442e-05,0.0024379411917596996,0.000877448173733734,0.002774278975437333
1977-12-01,0.0017867796988693667,0.0022579539036543003,0.0019002182780199668,0.0015819951542267,0.0026568217201686007,-0.0025294434928212002,0.0010628544909594324,0.0019331222556332,-0.0005937712299122327,-0.008034600917458801,0.0027891920901744996,0.005910591579122501,-0.0063822546360571,0.0009544955866534671,0.0045303158296358,-0.00015458871092436632,0.0224121850232907,-0.0181842620995081,-0.2569333333333299,61.333333333333336,0.025502102000000037,0.0008638970542840335,0.0026839603968096663,-0.16666666666666666,-0.3666666666666663,-0.018757878660702935,-0.022883174614697733,-0.04335104274939907,0.0032876978850569644,-0.09838345568643574,0.026934677471765898,0.0030550332796496003,0.0011674936475175,-0.06257071294146914,-3.353798720221827e-17,0.0039578064042337996,0.005397401777889433,0.0016423861855691668,0.0037777291754761667,0.0042163911156638334,0.0044284553175935664,0.0040177208514062335,0.0048434219000294335,0.0033348575469117,39.300000000000004,0.03333333333333333,39.93333333333333,7.526300553125743,-0.2628191201214231,-0.038157398669693365,6.6261373921336535,6.301576019959007,7.463544486787003,0.0020020080200732295,-0.006504271407859937,6.44495722426079,6.303825466860814,0.005039436861609997,0.013955161984632966,0.0090842960165028,0.0034437086666667,-0.001343270083860233,-0.0007180522121163667,0.0007195541560127334,-0.0088632901622917,-0.013434347888803266,-0.017308206361935367,0.0019559186810121335,-0.00014857857377013328,8.944633585743348e-05,0.4522226333333297,-0.019285817563345,0.1508506713333335,-0.027096494180112635,0.0900000000000003,0.07333333333333333,0.11666666666666675,0.1100000000000001,0.12999999999999975,0.1633333333333335,0.1499999999999998,0.13000000000000014,0.08333333333333343,0.02666666666666667,-0.36000000000000004,-0.06666666666666667,0.5133333333333333,1.0133333333333334,1.2133333333333332,1.6766666666666665,2.44,-0.04685664375553144,-0.005951680090810833,0.021618262515509034,0.0011099621769769662,-4.121216213624782e-05,-4.196379903062007e-05,-4.1336025489034384e-05,-0.0018088623752194,0.0,-1.2802621978533329e-05,-0.0005664119176532333,-0.004601402742996034,-0.0005681652580967434,0.0022161307896458333,-0.0010448543736073334,0.0009860712126607877,-4.367861282973584e-05,-0.000565595905470351,-0.0005499530514928666,-0.0011017909202586998,-0.0003605850971446667,-0.0005510909449961333,-0.0015940469999360999,0.00041369071263759995,0.0005063896324762001,0.0012689422568609888,-4.1984675648829246e-05,-0.004362567086579501,-0.0050784477393263335,-0.0009280023964226674
1978-03-01,0.004177409531706567,0.0048567420745874,0.0066420429660308,0.012962029147257532,0.018475169005733733,0.014546426523296366,0.011725055944290567,0.011811727156498501,0.0070003402645586995,0.011618115309477267,0.0049088731766306,0.01893124735085853,0.017564454739554734,0.014758564899989933,0.004671874278080233,0.0125357233961722,-0.007287136478006498,0.024846798860808466,0.8015999999999973,120.33333333333333,0.026693929999999935,0.0034824445031495003,0.004379389768182866,-0.09999999999999987,-0.13333333333333341,0.0125443746220354,-0.020347697491088102,-0.03643214059302153,-0.07693547468659316,0.012265303234015265,-0.0529091156182234,0.0060697167293734,0.0088220849968626,0.07696954132323497,0.019463263147304868,0.0037168825731696,0.004969428646733766,0.0016809112521578666,0.0050140011347932995,0.005305863115288133,0.0054540953174099,0.005342635610566234,0.0044092353658502,0.0034492187360542336,40.0,-0.03333333333333333,40.43333333333333,7.649780104582593,0.2594349963000833,0.019264619663546565,6.785484911763256,6.32114343105992,7.51533903310564,0.03231398173074347,-0.015976155523983234,6.5292444647228605,6.327243377454273,0.031611952002834336,0.022538084424699196,0.012015622856681068,-0.013774834666666699,0.003971763659696267,0.0010715873571056334,-0.0014242587294719666,0.006645603261103133,0.012471831308978365,0.006915498294808669,0.00045076649271360967,0.0007462774856821667,0.0013588954052750001,0.5857720333333333,0.03017241646832297,-0.11428969500000001,0.0203062318645979,0.19333333333333344,0.09999999999999987,-0.013333333333333336,0.09333333333333332,0.16000000000000028,0.1166666666666664,0.10666666666666658,0.07333333333333297,0.09666666666666701,-0.1366666666666667,-0.6833333333333332,-0.22,0.5133333333333333,0.9933333333333333,1.1666666666666667,1.5599999999999998,2.33,0.009584197876307399,-0.0202878675705014,-0.021563255501990036,0.0016729437039809333,-5.759414857799995e-05,-0.0005513135897903335,0.00044197842958633324,-0.0021835590220288664,0.0,-0.0004200798707625333,0.0015241945551934001,0.004975424563963201,0.0010973607836897087,-0.0011663436685420668,0.0014447925443660187,0.00043087613243353323,-4.9548442269415996e-05,0.0010426514537697244,0.000460025802091745,0.001001450262972251,0.0008265616419615,0.0010790782358354,0.0023420889143814,-0.00012924018599240003,-5.393020600453352e-05,0.0016189541739873336,-2.8778386298600016e-05,0.007506757937028566,0.006854850471603033,-0.004508017466281601
1978-06-01,0.004547185421039033,0.004193172731133266,0.0024906716129003,0.0034041557555776667,0.007933393346618233,0.0032278394567803667,0.0039380261760153,0.004505360736081401,-0.0005194802445362999,0.0005258472788643333,-0.0009867438312678666,0.013759360752126101,0.0024804749959767333,0.007208941044935733,-0.0040112990959946665,0.003702983811957167,-0.0073402568740412325,0.0012890952486437994,0.063566666666669,27.0,0.006396380666666667,0.0020058082020366665,0.0022962282964821665,-0.033333333333333194,-0.2333333333333332,-0.0013966500879511734,0.024611420670350898,-0.04464462936729426,-0.04819374293703583,-0.040951224368447704,0.021465054079440566,0.003732011335064967,0.0040174389770939,0.0066255737552968,0.009019888414689666,0.0027826371066493,0.004193283801605767,0.00046541941844030005,0.0036218386741554334,0.0037227443642055664,0.0047907175936122,0.004201913286734033,0.004855686108969067,0.0011977948270859332,40.166666666666664,0.0,40.56666666666667,7.626693389438543,0.003384123821339735,-0.03249078093627313,6.722909572736857,6.32363143255312,7.5043917462849405,0.03111064659740671,0.0008602155311632995,6.4712254947296834,6.338821085564017,0.010390249417826068,0.020138392206943564,0.0101871591033943,0.0034437086666667,-0.002955270950193866,-0.0002209176857841666,-0.0013644714471746,-0.004013532614293933,-0.006176840728615333,6.204274496956579e-05,-0.0020529608253261667,1.5051787648000001e-05,-0.0016613697114843333,0.5201371333333418,0.021500007774105698,-0.06887666033333344,0.013451487272648333,0.22666666666666635,0.2566666666666668,0.22333333333333313,0.1166666666666669,0.16333333333333364,0.05000000000000033,0.020000000000000323,9.251858538542972e-17,-0.003333333333333332,-0.06,-0.8766666666666666,-0.47000000000000003,0.4466666666666666,0.5933333333333334,0.6866666666666666,0.96,1.7433333333333334,-0.054816149578481764,-0.06037187572646493,0.021735067955324035,0.006433724883676433,-0.0019469105648021515,-0.0019493232941411337,-0.0005310681152771666,-0.005474420629926534,0.0,0.014499078163325999,-0.0010858545169943933,-0.0016521532195739,0.0005059737936446333,0.0004923091909114582,-0.0015101835062371312,-0.0010218565245064,0.0004914408294549586,-4.6299511614542694e-05,-0.0005415892838091333,-0.0005667418316187001,-0.0006890651288857333,1.729916612899958e-06,-0.0019460138466848669,-0.00016345392638636666,-4.815563910913327e-05,-0.0013030854195189001,-3.599547568064422e-05,-0.0010988869253013,0.00019558193832833336,0.002989005564460967
1978-09-01,0.002232529239450967,0.002760020786871167,0.0012334272476186333,0.003640154751588267,0.012492098708622267,0.005912966039759333,0.0053973030690073675,0.005477621884684401,0.0011315734166845,0.00015225500803043324,0.0016099698243596666,0.015615832208592069,0.006449036072444466,0.0099566242527005,0.0053345769514526005,0.0068562586125907,0.0023676663740959335,0.014266660317875135,0.325066666666667,63.666666666666664,0.010604705000000034,0.003400119093048,0.0036235977763870333,1.989149585786739e-16,-0.10000000000000032,0.005207535178272466,-0.0149019963626763,0.0,0.03937856904884967,-0.046070286115494026,-0.0179162246146116,0.0034418885774976666,0.0041317226916775,0.007516677077716667,0.0024794434166531,0.004373304069542133,0.005916159205251933,0.0018089517713732667,0.003175077755908933,0.004609615397775667,0.0047458638401381,0.0038253559731338664,0.0045731335367821995,6.292276249613334e-05,40.1,0.06666666666666667,40.53333333333333,7.607992419953686,-0.0208401189937799,0.08253461629478989,6.72734104513081,6.2510975798068875,7.481877638832629,-0.0016542631140434305,-0.022200835119473464,6.531924621960886,6.24125677624295,0.020442306331315066,0.028479541907497463,0.011726286894872333,0.0,6.303698843590008e-05,-0.0006860705981237667,-0.0016513946748037333,0.00865681395102,0.015534374627811468,0.020689218572329467,0.0009648032948407192,-0.0006461139581809666,0.00022445622304983343,0.13320743333333468,-0.03086976895572373,0.1797690129999999,-0.0380405789190828,0.5733333333333337,0.77,0.5200000000000004,0.6233333333333334,0.5666666666666663,0.16999999999999985,0.13333333333333355,0.11333333333333333,0.11666666666666652,0.11333333333333334,-0.8966666666666666,-0.4633333333333334,0.20666666666666667,-0.43,-0.4333333333333333,-0.18666666666666668,0.5566666666666666,0.001555864233373001,0.006009319586192469,0.003451783207567867,0.0094235798243859,0.0023155951077127,0.0023391908862153334,0.0004003851932485333,0.003980903240013434,0.0,-0.015717087712428565,-4.824832213548439e-05,-8.912669211230654e-06,0.0009871725759135665,-5.907816140618215e-05,0.0009083518569547357,-3.842807229877959e-05,-6.92730660153147e-05,0.0004541670523202212,0.0004436557886524524,0.00044770367401650004,0.00020003669424643343,5.563783771800016e-06,0.0008661461694098667,-0.0001222480712089667,0.00045189438721390004,-0.00044232503553305515,0.0015642038067928668,0.00043877046880546705,9.15317575020663e-05,0.000728810047294633
1978-12-01,0.0043101536089657335,0.0048278219395261664,0.0024236775374123667,-0.003465909692269067,0.005128558953010434,0.0014994986102738665,0.0027582449888978997,0.0026641376514241998,-0.002529158481923867,-0.0005579486209400328,-0.0033882835628575004,0.011035556931756833,0.00017788055742976676,-4.069088476923305e-05,0.00017883602708726695,0.0011135904946169,0.022792099912792935,-0.008288286159475668,-0.1707000000000011,-39.0,-0.010516451000000033,0.0030119142683298996,0.0028734929632214332,0.0,0.0333333333333332,-0.0004596117009916685,0.014393219871127032,0.0144436406076733,0.016509563949144098,0.011675540703750235,0.02710733358264443,0.0024946672949622,0.0014287083993901667,0.005500489631295334,-0.004825538544489901,0.0026207483402800667,0.0039867950269176665,0.0003236470652113,0.0029066317440526,0.003172694713647633,0.004194558262694133,0.0025457750972913665,0.004231070135095467,0.0011096814159489666,40.0,-0.03333333333333333,40.46666666666667,7.4484882863215764,0.04203715325429014,-0.3011211657908967,6.571573171917547,6.206631605138777,7.36674715575061,-0.06781282674496016,-0.1112404010831065,6.438887052879213,6.1973036028665165,0.009060438335014335,0.019717082681618,0.010749208812253367,0.006887417333333333,-0.0007692358138327559,-0.0001685956372190317,-0.0037458254091043,-0.013722441047102135,-0.029355521109301997,-0.035174882035456566,0.0015807506764105002,-0.0023304000398433,-6.283303531103331e-05,0.3427130999999974,0.012164025482922733,-0.028664867333333403,0.0003850113632867987,0.10000000000000041,-0.06333333333333366,0.22666666666666688,0.0566666666666665,0.07666666666666666,0.09666666666666683,0.0966666666666663,0.07666666666666687,0.08333333333333309,0.1366666666666667,-0.8033333333333333,-0.64,0.26333333333333336,-0.9166666666666666,-0.9833333333333334,-0.8300000000000001,-0.0033333333333333327,3.979861903513337e-05,0.014204290694488966,0.0072974751367752,0.006332777966036,0.0003616309910796668,0.0017286562073610002,-6.850162239756669e-05,0.0064936012140239,0.021723211691526998,0.031027788568023806,0.001407854484865444,0.0003945659215641335,-6.299136310221794e-05,-0.0005713318754114665,0.0008638002686108732,0.0022526190027361997,0.0004683171061495998,0.0004496288226878,0.0008877947173505334,0.0013938001305977999,-0.00011214848972536673,0.0009264004639722668,0.0010544369197515334,-0.0010965197164982665,0.0004399859843324118,0.0023250718005149,-0.0011204266824551706,-0.0016569363803711004,-0.0035380935649834337,0.00032078921438186657
1979-03-01,-0.0028168259183676005,-0.0032362713756531668,-0.0006215502074678335,0.007691487956061368,0.009316171736692533,1.2875456353999882e-06,0.00010701913329449915,-0.00016021819790999932,-0.0025949314841412995,-0.007995458961670334,-0.00017919517905410002,0.0051401421954645,-0.00011716461749216682,-0.0013327526127910338,0.0036338053762167335,0.0006351456853783341,-0.0120907001679195,0.011097979829864968,-0.20920000000000036,54.666666666666664,0.024155467333333333,-0.0010574767782038916,6.7798908442999635e-06,-0.10000000000000035,-0.03333333333333312,-0.014812027768625663,-0.011569839659798867,-0.015249767562433866,-0.011840953552837567,-0.019906411567207336,-0.009908726755066793,0.0027361056607594666,0.0038378386709651004,0.0036172059825521,0.013105701113611668,0.0017130071788447,0.0025321747254836336,0.0003233331277332333,0.0023102837676886334,0.0014654453820549668,0.003182960028743367,0.0010331959091883333,0.004454719324446734,0.0008976010266756332,39.699999999999996,-0.06666666666666665,40.03333333333333,7.508147555326963,-0.08197088652516327,0.22409631681317685,6.627126163100606,6.22222177124615,7.418296304274928,0.025427768249876668,0.09040028208932978,6.515878714917946,6.213844076830626,-0.0029012720743419006,0.018296167194323566,0.010784688016865801,-0.013774834333333333,0.00023991589488163317,0.0004167809958414333,-0.002672665033127967,0.006526855204655566,0.0149779359458595,0.008114603102607301,0.0007916836827049665,0.0011484875660402237,-0.0005036608001223001,0.5755337333333365,0.005051622242332867,0.0193576606666666,-0.014419585696705234,0.059999999999999776,0.0,0.09666666666666646,0.043333333333333,-0.04000000000000043,0.03666666666666649,0.050000000000000135,0.07999999999999986,0.13000000000000042,-0.21333333333333335,-0.5966666666666667,-0.6133333333333333,0.05000000000000001,-0.8833333333333333,-0.93,-0.6966666666666667,0.24000000000000002,0.010208978194322066,0.0285142153000229,0.008943245663678066,-0.0113428206059009,-0.0013966575331600666,-0.0027477133548773672,0.0012148279545278,-0.007037987442657201,0.022524267624636666,-0.04457883939960446,0.0003668691636328667,0.0007755980478718814,0.0032491592277412,0.00046065503810793334,0.0007758659769615,-0.0023592491114179,0.00042329251406383336,0.0013452981243509668,0.0003599911289263152,0.00034580470832747736,0.001661143253297541,-0.0017892483544627998,0.0010741908235423333,0.0029497064038970333,0.0013828383201167967,-0.0012395494673051006,0.002543408225146,0.004120023424080767,0.0033168641372913667,-0.0012377172386794338
1979-06-01,0.0028708094949513336,0.0014887793873701665,0.004121942705393167,-0.003264235357447,0.012098290331844433,-0.0026655433026423338,-0.0027579620322398003,-0.0035331253763228997,-0.0075047852798220994,-0.022487518090855464,-0.0012628461211647332,0.0004540971039522004,-0.0025845388874898667,-0.005732723236551634,0.0017618752207389998,-0.0034113602264244,-0.007853001764879098,-0.0025120634948429,-0.5300333333333364,-15.333333333333334,-0.023966822666666665,0.0029468128413718997,0.0015051072296081332,0.13333333333333366,-0.16666666666666652,0.05759328180452833,-0.013812396621391167,-0.009828721884821298,-0.024025765864272634,0.008855675794907295,0.04117123678845636,0.0018916623499709,-0.00015958508184314395,0.0078366691654509,0.005000637321084333,-0.0017645336506723333,-0.0024228671877495997,-0.0006469801929446,0.0026829119102634667,0.0008032572300843667,0.0024382326149243335,-0.0012172109242290666,0.004395970023753733,0.004945412829294167,39.86666666666667,-0.06666666666666654,40.166666666666664,7.504247157848766,0.03085051912174977,-0.04417607193803027,6.6727275145242535,6.165053829824867,7.37006784369441,-0.0507564039091832,-0.04605011282693994,6.438878076282234,6.200423211292996,-0.012697968398655399,0.008714332836503266,0.0128484618678577,0.006887417000000034,-3.519701532566678e-05,0.0008100277330660434,-0.0020823349163544332,0.0008927099720482667,0.0024863754077892007,0.010048141631752367,-0.0030262637962406996,0.00035609197427150023,-0.0006340261319153668,-0.18232250000000752,0.024697882553662467,-0.07669074333333346,0.0046221374195234,0.23333333333333295,0.15666666666666668,-0.03000000000000001,-0.01666666666666633,-0.046666666666666246,-0.06000000000000011,-0.07333333333333361,-0.08999999999999993,-0.040000000000000334,-0.5499999999999999,-1.2933333333333332,-1.3033333333333335,-0.8366666666666666,-1.63,-1.6033333333333333,-1.3266666666666667,-0.22666666666666666,-0.013850252424225268,-0.0007462077398780997,0.0276571858080762,0.004298916088346833,0.0016732323037696865,0.0029644153957613995,0.0006871442430881333,-0.0050587460170721,0.0215961791696643,0.0189196650290695,-0.0005747889331474999,-0.0011930072757850667,-0.0017139662977922,-5.9148585838415583e-05,-0.0009832317335813333,0.00041001284692250003,0.0008651473058351667,-0.00015632735233473335,-0.0009913347883001055,-0.0005873582229991333,-0.0008928655298618473,0.00025775419358710003,-0.001481147772552313,-0.0008527464577414665,-0.0024391269119456984,-0.0015733839338395667,-0.0026161273352260667,-0.005744845308594066,-0.0030534387736652,0.0007551648794545
1979-09-01,0.0010563953387390979,0.0012229406715119,0.0005262851218986333,-0.0027582619089845666,0.005293660660246499,0.001736575193002567,0.0030686038183744334,0.0037721823966987336,0.0019934452738986,0.004089519279167099,0.0011681213601389333,0.004393087041243567,0.00035339322996156647,-0.0017897214634432334,-0.0012372171663382553,0.0010201189743947665,0.009510353013641734,-0.014053537242287034,-0.127499999999998,-37.666666666666664,-0.002625073666666667,0.0022632387917831667,0.0026821420234804,-0.0333333333333332,0.0,-0.028048997508649334,0.011343249528770466,0.009828721884821265,0.009334925935038232,0.0104463233975733,0.016112182187096466,0.0010062316553967332,-0.0014931566515929999,0.004452346652325166,-0.0012250941617774,-0.0018430051687114,-0.0022755088299414666,-0.0011120388406702332,0.0019612844119886908,0.003139626677138267,0.002427925066569933,0.0042036096222665,0.0023797483364903,-0.0011521933987009,39.833333333333336,-0.03333333333333333,40.13333333333333,7.423133804963097,0.06955824673143003,-0.14373145135799317,6.607302562347563,6.100497803410284,7.284396514195187,-0.002200228010453433,-0.12684205325363665,6.42518308200179,6.0466759959555,0.0025674289405503655,0.0088798815938406,0.007860990245133532,0.0,-0.001410936850873533,-0.0014771637475160333,-0.005824659116262467,0.003899007037404966,0.0071050000805122,0.007456669437655899,-0.0021340045065238664,-0.0008079486546958333,-0.0003738003594566334,0.028357033333340664,-0.011686022279760934,0.10860519866666657,-0.030395786324600632,0.7466666666666667,1.05,0.7566666666666667,0.7766666666666664,0.8033333333333333,0.623333333333333,0.5400000000000006,0.5099999999999997,0.546666666666667,0.016666666666666663,-1.5433333333333332,-1.5666666666666667,-0.9033333333333333,-2.47,-2.6999999999999997,-2.6833333333333336,-1.4833333333333334,-0.0028485885047572664,0.03901317988750374,-0.015495317983058867,0.0025812436635587336,0.0006927432893301333,0.0006416488975791,-0.0014061460402231003,0.008350352775753234,-0.043613200319603695,-0.0038102805546872676,0.0003462504278788187,0.0011448968140817006,-0.0014785459997656335,0.0004249207378382947,-7.932993763108227e-05,0.002109364894317033,0.0003129268497963666,-0.00013459755514469993,0.0003735139099107874,-0.00010979673382390005,-0.0002351157549928,0.0010729277738512,0.0001648354428306,-0.0008408911368847667,0.0004294235860005,0.0014758331119964,-0.0005301605809100316,0.002382784761984166,0.0037525250143725336,0.0010974341221245667
1979-12-01,-0.00020353741251119984,-0.0008676354878502999,-0.0011217935856760333,-0.0013150445825408667,0.005160127792654733,0.0021184644148705,0.0028370187067192003,0.004712440145515901,-0.00011705028384413315,-0.0100907037987269,0.0038801888794228003,0.0098718148447923,0.0013801144514173993,0.0014023469749148332,-0.0001539496112004333,0.0022330668212144334,-0.0079177514350513,0.002426219733783267,9.999999999861971e-05,-84.33333333333333,-0.030378063333333333,0.0027763690520666664,0.0014063661340551665,0.1333333333333332,0.0,0.011249174804183566,0.05186370356308483,0.0305694754964998,0.0704825038503397,-0.0270844538581443,0.0038095652745410336,0.001138936534085,-0.0009768310851837,0.0060655543377805,-0.0008674912725273332,-0.0013846360149016,-0.0006333211327884666,-0.0026560565497255,0.0019397124917290998,0.0006676593561619334,0.0019252739493615,0.0009043223376376666,0.0033033607053222663,0.0010905696117434,39.699999999999996,-0.03333333333333333,40.06666666666667,7.240305639597107,-0.3024540337099498,-0.00553263046968,6.47502573526448,5.8935950138839965,7.125984077711347,-0.047360837871256535,-0.020310850331720004,6.284103644835473,5.874800942198544,0.023216118273335067,0.010302211744648966,0.008642893466519733,-0.006887417000000034,0.0036946720136607,0.0014116149859016332,-0.0064388109248624675,-0.009540132842274701,-0.0205565404098171,-0.024840273499249166,0.0031806951293136335,0.0006478164980109521,-0.0002873061264855334,-0.319087300000007,0.03534510401317716,-0.13880453,0.01738286479697697,0.31666666666666693,0.06999999999999966,0.35666666666666663,0.3466666666666665,0.5100000000000001,0.5566666666666668,0.5866666666666667,0.5400000000000001,0.5266666666666664,-0.5566666666666666,-1.61,-1.7299999999999998,-1.2566666666666666,-2.6566666666666667,-2.7100000000000004,-2.5066666666666664,-1.2266666666666666,-0.00046698144788053414,-0.0008640316510293335,0.023199469369214933,-0.006909006044453734,0.0006416201413009,0.00019907542199693336,0.002923930259033987,0.001702040045519967,0.020995482936620267,0.019196283887662435,0.0007189721489642666,0.0003323174128985667,0.004466559610523433,0.0012977042248258,0.0003067693646272669,-0.0018004146503587334,-0.00019245907411403335,0.0006992977172393333,0.0007405640690419501,0.0002913064163359667,0.0012857218631362334,0.0016777592844450333,0.0006862226317744333,0.0015599427517963334,0.001780019309048167,0.003689542394079766,0.0014327353830853996,0.0017118864291714667,-0.004188978625638966,0.0018981348372306007
1980-03-01,-0.0031962805634494335,-0.0032178664871249005,-0.008631240189920933,-0.019186364525097,-0.009303009208985332,-0.016345956549051632,-0.0141662404932495,-0.012161581791193601,-0.015112505739230868,-0.04262427912633937,-0.004900849842709166,-0.011519477300258268,-0.0185385914668581,-0.029489023216576666,-0.018315329043031032,-0.0196243981579543,0.0028716180654310003,-0.03485041412401794,-1.7344000000000002,-303.6666666666667,-0.07442765266666666,0.0007240070378712668,-0.0035186815123939997,0.40000000000000036,0.10000000000000002,0.06017059807682943,0.056708761233379,0.0826240280299779,0.061100489560100966,0.1157933033808549,0.12914693432188137,-0.0017024943749751667,-0.0086888251407391,0.009724053012853633,-0.012613519504383768,-0.0086621468451901,-0.012324729787766955,-0.0025359378442033997,0.0008926212830614666,-0.002442543564087633,-0.0015481958207139333,-0.0023974374861215667,0.0023396599948271334,0.004651238257955268,39.36666666666667,-0.16666666666666666,39.666666666666664,6.914378382437779,0.07879625935474323,-0.20042207624345323,6.19725221265985,5.493929437670077,6.782779753565563,-0.07374565768120996,-0.11566621653606678,6.036103688299227,5.4312006790480565,-0.06276745025215526,-0.0004171791380009997,0.0098735715377825,0.034437085999999964,-0.0028272936076767334,-0.00043096398914180007,-0.007285193839625333,0.004517655468234534,0.008336143586057767,0.022154052234208632,-0.0076295190717910995,-0.003127971202276,-0.0054653137669540665,-1.317779599999996,-0.022729281037556764,0.16166551366666634,-0.034796913969552,-1.0500000000000005,-1.43,-1.4266666666666667,-1.4033333333333335,-1.51,-0.8833333333333329,-0.7433333333333333,-0.46333333333333404,-0.13333333333333366,-1.2333333333333334,-2.9333333333333336,-3.0733333333333337,-2.4233333333333333,-3.5066666666666664,-3.7933333333333334,-3.2633333333333336,-1.3233333333333335,0.004540434035814935,-0.0221675902732157,0.001873194361289567,0.005322915307243566,-0.003218773116245167,-0.0035909400967162664,-0.004266627990194067,-0.001676874265935301,-0.04322594110284409,-0.026529203793688765,-0.0009662826586396346,-0.0015233535215841666,-0.005180639479030833,-0.0014690451268919993,-0.0012673741371900047,0.0003584833577689334,-0.0002056050345601667,-0.0014216600626202303,-0.0013357601307895331,-0.0005407337932741167,-0.0010075113911863,-0.0023228871451881667,-0.0016646105427716668,-0.0002907535063943001,-0.0014269008527783335,-0.0045246779134203,-0.0005370622748648001,-0.0014623973428697999,-0.0017540122586119332,0.0007760200855229778
1980-06-01,0.003971343007152067,0.0005757606267877666,0.004808421814967033,0.0056126883248246,0.014746866038261535,-0.005646155973808867,-0.0014870663185364997,-0.0011024464119420334,-0.0006120134720338333,-0.002925093977780834,0.00019843556124999996,-0.004809731756413812,-0.009873091635834134,-0.015942965593508635,-0.005158855914997901,-0.006325576030054532,0.026808205845709903,-0.014025804230008368,-0.6467333333333339,26.666666666666668,-0.0022392226666666667,0.0005481996308033667,-0.00040788332211863336,0.06666666666666667,0.5,-0.031548148380521106,0.006330105408882365,0.07238286866352621,0.06261877530959953,0.08577440947541813,-0.05114907854245607,-0.0011854720309643666,-0.005184396379853833,-0.002404548569416533,-0.004312850995120234,-0.0056005625503482,-0.007344733878712266,-0.0027454476891103333,0.00026681770979779994,-0.0006907711839302666,9.604976922206665e-05,-0.0001793631347689,0.0023233523645984334,-0.0008925678815796999,39.13333333333333,0.06666666666666667,39.26666666666667,7.16744638394438,0.04633295826888337,0.1620316141694265,6.504998885466557,5.707737583909119,7.125914508161113,0.050020231525246595,0.16429597435977333,6.373192057212776,5.8256537532229835,0.0329071120544011,0.005445786571282134,0.005941233528728734,-0.013774834333333333,0.003503166640474367,0.0011994815487262668,0.0046140551085711,-0.0031417134865276224,-0.013264626712306299,-0.025891601923788338,0.007039420906247667,0.0010058720059792669,0.0031292532840699137,-1.6753977666666666,0.04563052396856313,-0.1973640879999997,0.044754874145159336,-0.456666666666667,0.026666666666666988,0.18333333333333335,0.2533333333333337,0.2833333333333334,0.296666666666667,0.306666666666667,0.21666666666666665,-0.006666666666666525,-0.62,-1.2833333333333332,-1.1133333333333333,-0.35333333333333333,0.49,1.0066666666666666,1.7266666666666666,3.466666666666667,-0.0021918658492298348,-0.006945898844271899,0.009760135659175866,-0.0042572615432311675,0.002193747283491467,0.0025420561514837665,0.0017851012857796665,0.010654618801954332,-0.012904837393563467,0.013644972897264934,-0.000867503500426939,0.0010893938226746067,-2.616123168409995e-05,-0.0009380240696034246,0.0018891705219153,0.0019546002292984664,-0.004323450147542667,-0.0016846517992356663,0.00035110313835613337,-0.0012619919481353032,0.00018182188994466666,0.0014045247633527333,0.0012446491480972667,-0.0007405250473371,0.0007911323340223666,0.0010151645787369334,0.0013210773865945,-0.0038230177344657002,-0.001031843050480267,0.002031854495179767
1980-09-01,0.005101037643679933,0.006506865179177967,0.0032751838368644663,0.014059560643543634,0.011469776902191668,0.015237361902418802,0.011858197130568167,0.011376822525080167,0.007114837148171967,0.028830607166238902,-0.0007891138022590001,0.018068124727760832,0.018632331666517267,0.030462405360657765,0.015045096974511132,0.017295134859070267,-0.015141325040401268,0.0063613655420003,1.1545333333333334,116.33333333333333,0.01932302866666667,0.001437848007300331,0.0024231043324161334,-0.06666666666666667,0.3999999999999997,-0.027348562795555836,-0.020694516195889367,0.024801757228395935,-0.009885403194296033,0.0658132249602351,-0.08233213307529337,0.0023887829912438,0.003654108521450467,0.0150846281566294,0.0024281160556807,0.003368032616386633,0.0053942363877806,4.752738773793335e-05,0.0019318198826034332,0.0013257438453493,0.0023116033068717,0.0012632690772674668,0.003029126600687533,-0.00038616713159223324,39.56666666666667,0.06666666666666654,39.766666666666666,7.314000001101856,-0.046332958268883444,0.11416343631559005,6.58983405256206,5.870769113766893,7.2513829318409435,0.013388680575110001,-3.23815048849004e-17,6.504146117630413,5.929109366535546,0.027861102990698928,0.009291706986978433,0.006033625478480033,-0.02066225166666667,-0.002987923406554833,-0.0011274845537076973,-0.0022275171325981664,0.0054128072312096,0.015993056172530436,0.0120597942147156,0.0042412019064584335,0.0009710350741085,0.00023152927191403324,-1.3250343,0.03140180359093047,-0.1208590416666665,0.031950998113198036,2.08,1.87,1.5333333333333332,1.3633333333333333,1.3033333333333337,0.6633333333333333,0.5266666666666667,0.44333333333333336,0.49666666666666665,-0.2866666666666667,-1.3033333333333335,-1.2766666666666666,-0.4566666666666666,-1.0733333333333333,-1.1966666666666665,-0.7433333333333333,1.0133333333333334,0.014566286504989466,-0.016490643703416602,0.0033162200268592335,0.0077311332724165,-0.0015415622987863334,-0.0015304596927648666,-0.0011581083577028334,-0.0109408130469794,0.012904837393563467,-0.010886567053017167,0.0011106713964856333,-0.0003932551884865334,0.0007135604340081,-3.8991049305100015e-05,-0.0012319052363520024,-0.0013370310701914668,0.004552108815828667,0.001542847425091,-6.863682389826656e-05,0.0015047455379889633,-6.09975484293e-05,-0.0008655546982462332,-0.0006908376312475666,0.0005015052503463334,-9.571168226833329e-05,-0.00041627337542848863,0.00033671170242473335,-0.00403616049510151,-0.0022439718442003667,-0.0011503221074819665
1980-12-01,-0.0003962457262532665,-0.0005332280561092998,0.0016012528351219666,0.0014683678919192999,0.0124781938460039,-0.0012933971072954331,-0.0010635556908861333,-0.0013011696200336334,-0.0005712548799513986,-0.007078087946354666,0.0018618143887252333,-0.0021696239196904664,-0.0015054738625174,-0.004085179450153134,0.00034854348070203323,-0.0017710216597903998,-0.006994690046144399,0.019205027549714,-0.335833333333331,-59.666666666666664,-0.007999900999999967,0.0020820851408824667,0.002156187008544267,-0.0333333333333332,0.16666666666666655,0.014614496681998568,-0.011678044279482533,0.0021399602708539003,-0.028193993368985096,0.031422182623600435,0.012798465947665733,0.0013124242515148666,-6.90975175737e-05,0.012309287150798933,-0.003954719746831833,0.00021497286712758983,0.0004025070927813334,-9.506155299970003e-05,0.0018112325738298,0.0020778631033314668,0.0021936638641649,0.0021895808415284667,0.0028068967059482,-0.0009163948710947333,39.73333333333333,0.0,40.0,7.257638118592166,-0.05382915663037332,-0.1385051479872201,6.623476985058917,5.677074488693594,7.108922379754596,-0.01889844789218,-0.0702589652256667,6.4144743868756136,5.707065916607147,0.00021736508303503316,0.005414422649379767,0.016248877114545434,0.010331125666666734,0.0014419120664277997,0.00013317980078926683,-0.0044820720109394335,-0.006644789732247867,-0.0098869903073749,-0.003366008242615369,-0.007433555619686067,-0.0010877371282672001,0.0012006571136987333,-0.5421042666666693,-0.0184320585283209,0.11416515733333327,-0.017357022309485135,0.02666666666666669,0.10333333333333335,0.353333333333333,0.1833333333333335,0.13999999999999965,0.19333333333333366,0.16999999999999968,0.12666666666666634,0.24333333333333304,-1.2566666666666666,-2.8699999999999997,-3.7133333333333334,-3.4599999999999995,-4.826666666666667,-5.103333333333333,-4.846666666666667,-2.7899999999999996,0.039338252838960135,-0.011763081898825065,-0.014222255873881401,0.003354607313077567,0.0006658502795117335,0.0003000497633063001,-0.0007661001945319668,-0.0016442558969606005,-1.1564823173178713e-18,-0.0031463730499187333,-0.00047906597547134046,0.00034444308940263357,0.005073282723718833,0.0008055067678138001,0.0010409078299644001,-0.0027186794060331068,-0.0017526522495515666,0.00029138310703686666,0.0018180599315353334,-9.956886754705059e-05,0.0006526918157062667,-0.0006427552582071336,0.0025973515134342334,-0.00021152466107106664,-0.002127780033871167,-0.0010739227833382,-0.0022860634960234667,0.0050222007251180005,0.0025971399698636,-0.002896510706567466
1981-03-01,0.0014348548808443666,0.0017470570213955333,-6.818923510586664e-05,-0.0056410480019521,-0.0025944100692830334,0.002171381116257333,0.005062854104830366,0.005811426394128266,0.003977866296237,0.014051463067752965,0.0001711530245115334,0.007114266806787215,-0.0006470807742637663,0.004566093045563599,0.004593797292988766,0.0044983540752557664,0.0031973170863365667,-0.0187540922683006,0.1485666666666675,-19.666666666666668,-0.004833274333333366,0.0030043490238510335,0.0028390957380933697,0.033333333333333326,-0.16666666666666674,0.012147899491228131,0.024248269009771232,-0.017967108934158465,-0.008291537590957933,-0.02674784368335074,-0.009742553913111933,0.0006980958430826334,0.00041437041759333345,-0.03669973057856427,-0.0010727978608731329,0.0027288201838869333,0.0033449399431090335,0.0017069738582969,0.0008001892487249666,0.0015992411833985,0.0018968143364581334,0.0019699543604415,0.0020736199583677667,-0.0030318137557134336,39.8,0.033333333333333326,40.1,7.14291594331834,0.0709269214262234,-0.03926101188546333,6.486405853747776,5.639214848313844,7.074945766245814,-0.02598718048990667,-0.07021735447339326,6.350256546872057,5.76363703574964,0.016731181130532267,0.0041667340261278,0.0049485101920865,0.006887417333333299,-0.004936968894938633,-0.0014358439670469336,0.0028689921880780994,0.006011700921708833,0.015558116177085366,0.007284092358719167,0.005078321151704434,0.0015098158131413,4.573903648953326e-05,-0.2009243000000017,0.008458739164458301,-0.011906816333333,0.012896291184289,0.8633333333333333,0.6900000000000004,0.5033333333333333,0.41333333333333305,0.5433333333333333,0.406666666666667,0.30333333333333323,0.32333333333333386,0.19333333333333355,-0.96,-1.8633333333333333,-2.4633333333333334,-1.57,-2.3033333333333332,-2.6799999999999997,-2.47,-0.6966666666666667,0.0206299400850304,0.0233267706758052,-0.031314129060630566,0.000722403105676233,-0.0018179502274880332,-0.0021551330453543995,-0.0003851922108584332,-0.0038511086108054334,0.0,0.008327706708663866,-0.0008070163250956334,-0.0014278773034919635,-0.006372351269026434,0.00034403278245746663,-0.0022209364877919333,0.003024268967919567,0.0014716172045151717,-0.0004558264406533333,-0.0030623931333346593,-0.0011800049126851001,-0.0018637407620049333,0.0011196485579813666,-0.005267325909775934,-0.0005408746569732,0.00037759598154313333,0.0006380458135574353,0.0003864865373976664,-0.0010958260481306007,0.0011806122042000002,-0.0006940811525536
1981-06-01,0.008058682897218566,0.0072649280384708,0.0036720374057567667,-0.0014527572967182332,0.010871489073025433,0.0034754233254078,0.0006581478225866667,0.0007405611111114334,-2.2966735754366473e-05,-0.003370777136212567,0.0012683011877667333,-0.001440288290820633,0.006214871757995966,-0.0016693933403638002,-0.0028533390794989667,-0.0009575269472090333,-0.0010302622510349007,0.012218997423795534,-0.2755666666666677,-12.0,0.0011937656666666664,-0.0015202499123935,-0.0011863643554346876,-0.033333333333333326,0.2666666666666669,-0.0088180700757897,-0.014041307024328367,0.0029882166354999995,0.0015511118418804332,0.004323450147542367,0.026015197243939536,0.0009807091872738002,0.0015149663175027,0.06293962511586461,-0.005026580964157,-0.00031988060246610005,-0.0006264060383909,0.00018912530058179996,0.0007883682229087334,0.0009487247854741333,0.0010924820313332,0.0008494043543827667,0.0013538361130595667,-0.0018158602126383,39.666666666666664,-0.03333333333333333,39.96666666666667,6.915196369425977,-0.044510464208176566,-0.06689023182071657,6.223759271664697,5.432257106523923,6.8380354504052265,0.011800642350306636,-0.08017843134202317,6.126429271882366,5.466353940715156,-0.007884231582514467,0.0014803212498867334,0.0072037500579001,0.006887416999999968,0.0021124351886072667,0.0014455334798688666,-0.0031953452193145666,-0.0014372621799078333,-0.0016501683866187,0.008527435244992566,-0.0011327819142981667,-0.0004784766928296667,-0.0013631751077246002,-1.267590099999995,-0.005357941610353932,0.057779306999999995,-0.006705213170699833,-0.23333333333333342,-0.10999999999999999,-0.2633333333333337,0.07666666666666637,0.17333333333333298,0.31,0.28,0.19000000000000036,0.13,-1.8033333333333335,-3.59,-3.8699999999999997,-2.8866666666666667,-3.8866666666666667,-4.423333333333333,-4.3133333333333335,-2.5500000000000003,0.0163079419910018,0.0186523942983386,-0.0457989666281814,0.006105277511623,-0.0006987670618814334,-0.0006908465339909667,0.0003222477968832001,-0.0019077641428906663,0.0,0.008165269160146,0.00030324123102863323,0.0013906647887357666,-0.00038960046018429224,0.0006989526368388999,-2.4667604046833304e-05,-0.0008445597340142667,-0.0005424741182201667,-8.561626262080012e-05,0.0007002820703923331,0.0003021909856698002,0.0005869968363233,-0.001425136375064,0.001588897051225042,0.0004358592820833667,0.00114484471522,-6.762834191749994e-05,0.0012219094292911362,0.011360710363304568,0.00016609416647319998,-0.0019550851865082334
1981-09-01,-0.0013829742803347668,-0.0013041538269238332,-0.004618384121134467,-0.009448559777493834,-0.0064494259310775666,-0.008081231617324033,-0.002863802899894867,-0.0012625495985272334,-0.0013711705184062666,-0.015402479995900567,0.003848053533645267,-0.006172815926016533,-0.0131756514468851,-0.0208170114911853,-0.011599714911724268,-0.0087891036642027,0.006227294111923266,-0.002478071501893867,-0.8594000000000032,-138.33333333333334,-0.032660890666666664,0.0015629736091504664,-0.0015995039717597,0.3,-0.43333333333333357,0.04606306762118647,0.04070243950812904,0.015121069026484066,0.03660247931292143,-0.006068654832190833,0.04271476535625557,-0.0014374128453026333,-0.005304857839965,0.0069020321753703665,-0.005420173623926733,-0.006082468198677834,-0.007814322075718133,-0.0032298153327741668,-5.448120286823331e-05,-0.0014330775871069332,-0.00018062735934933332,-0.0017556823299565334,0.00019295707244103332,-0.0006627730943715333,39.46666666666667,-0.16666666666666666,39.53333333333333,6.772100841196347,-0.0551079934751269,-0.04451046420817336,6.086015802636807,5.261564871124526,6.651172377458771,-0.09300800323622334,-0.04367608746880333,5.958579802549621,5.229149985406603,-0.02459265411483717,-0.004004505875836733,0.007160928738028201,0.024105960333333367,0.0022488550267344997,0.00030846453112513334,0.0024038782959276664,0.0042143328291052,0.0016339902000687336,0.0042065255902340995,-0.00046984044213823343,-0.0010342394878938667,0.0010175116314018664,0.18908140000000162,-0.017693922448728167,0.12245398599999979,-0.01734640392308447,-1.503333333333333,-1.6900000000000002,-1.55,-1.406666666666667,-1.4366666666666663,-0.7266666666666669,-0.5166666666666663,-0.22333333333333327,0.01666666666666698,-0.38666666666666666,-1.72,-1.4066666666666665,0.01666666666666668,0.15333333333333335,-0.13333333333333333,0.2833333333333334,2.0533333333333332,-0.0649041691869654,-0.014899234308969965,0.014722496027995968,-0.009957594067245534,0.0006784880980446653,0.0006809672099334999,-0.001342053446625074,-0.0017878762898074002,0.009390292322232133,-0.014679199380545967,-0.0011158825012301664,-0.0017424678117171667,0.0010113867551335,-0.00010358765567126602,-0.0007182311208691,-0.0025788618756334334,-0.0008331779005853337,-0.0011334783125338667,-0.00039609953977787194,-0.001110928906784433,-0.0002952021552444333,-2.3642431873333327e-06,-0.0008387105824619582,-3.844797650786666e-05,-0.0008275368001650151,0.0012074326863048001,-0.0025366806432912665,-0.012049170447394167,0.0006697019773138671,6.150779477179988e-05
1981-12-01,0.0004531245079070667,0.0003617557155303,0.004464179141418733,-0.0008232275676475336,0.0064872192805391,-0.003799445626902666,-0.0011449918812772668,-0.0012728440891824333,-0.0003815132646188997,-0.012059091778676935,0.0037464499217773335,-0.006422602712650767,-0.006467892834846734,-0.013982714717771433,-0.0015643211998908,-0.004583306886437367,0.011603056625084165,-0.014271132543996432,-0.5138666666666634,-98.33333333333333,-0.018839407666666665,0.0007041515537888999,-0.001483565734597933,0.19999999999999987,0.3333333333333333,-0.00034995628761256653,0.035096446249195466,0.05407345915762263,0.06912644920521543,0.0374740459280109,0.014030446667145334,-0.0022303743141147366,-0.007254640367944972,-0.0008230106489660333,-0.0062351937912688326,-0.007841343538307967,-0.0096196094873271,-0.0049526094389863665,-0.000465930176433216,-0.0012770373999077,-0.0018334774593053666,-0.0002221245814748667,0.0005140067839383,-0.0013919639619501334,38.63333333333333,0.0,38.699999999999996,6.7714321553584,0.05191817646974336,-0.15141842409253314,6.22837829999914,5.0964865019455665,6.683748235204203,0.0,-0.08712158804480347,6.127394154727081,5.143607196606257,0.002576027338850699,-0.004252752754897633,0.01940562844126073,0.030993377666666804,-0.0028517642272015663,-0.0019859265581123335,0.0040988157514722,-0.008961049787382465,-0.0166266552944281,-0.024336986107316702,0.0012831879650250667,0.0007761992722127666,-0.0002665145633725001,-0.033511700000000665,-0.023598731192564965,0.15933408199999996,-0.02244916379348047,0.49000000000000005,0.79,0.8733333333333334,0.7699999999999995,0.7733333333333333,0.38666666666666605,0.3466666666666664,0.3499999999999995,0.26333333333333314,-0.21,-1.2533333333333332,-0.8033333333333333,0.51,0.8066666666666666,0.79,1.4366666666666668,3.4866666666666664,0.019043472119906632,0.017715107767544164,-0.009868703178867034,0.007441033068775833,-0.0013602299974205666,-0.0006809672099335334,-0.000666004875609682,0.005979196301957466,-0.032739793449102404,0.0019283818573268667,-0.0003668612456015822,0.0010325253480448335,-0.0041623849908546005,-0.0012143685635719618,-3.689588976246904e-06,0.0018000118297255667,-0.0014724384454615387,-0.0010796000311025225,-0.0007285522409882406,-0.00036414472054335746,-0.0007823354040087668,-0.0007271161021241334,0.0003107687714676333,-0.0014302616942886333,-0.004560734361345034,-0.010498003166339432,-0.0028499933610056003,-0.003478884343798767,-0.004235582594855433,0.0029687202684295665
1982-03-01,0.0020756748595160217,0.0017541487498332002,0.0008280142516746001,0.0023534088560683334,0.0021321471987985,-0.007564170346043768,-0.005072890205945833,-0.004756390528731367,-0.0019156919059301997,0.004983799001507467,-0.004351344327159133,-0.0112001425049528,-0.010111053279156101,-0.009030376238138,-0.011305189701067433,-0.005663069499719166,-0.018096131194248535,0.01648260108961737,-0.5656000000000033,-79.33333333333333,-0.014147790333333299,0.002982949907716867,0.0011807214738801001,0.16666666666666674,0.26666666666666666,0.006672955630164065,0.0179774486204097,0.0573724622065711,0.03828294249321473,0.07816468599942121,0.029876964625726667,-0.0016826293547507999,-0.0068766629522253,-0.012683948594016699,-0.0031618867750822337,-0.007366264510312766,-0.0090095574626397,-0.0047323639102471,0.00010414729487703334,-5.406720565539999e-05,-0.0015295558358101667,0.0013048721113489,0.0006413958748906666,-0.0001665937853546,39.1,-0.03333333333333333,39.1,6.863271547035346,0.055931152077016634,0.1959288883007065,6.271790808852626,5.1882901333249665,6.813643691372394,0.09009677657997328,0.21097610685562998,6.203828075762903,5.27476094125874,-0.008779915416327,-0.0038197560446254337,-0.0010697595194102665,-0.003443708666666665,0.0003045575731797333,0.0013472193430610336,0.0033981392307449333,0.007104790036822034,0.014149849643239834,0.021094703184820537,-0.0010714532394076666,-0.00024538507406350005,0.00027927513052123336,-0.2589236000000029,0.005485904101014364,-0.006017497333333462,0.006005671329099999,-0.10999999999999986,-0.36999999999999994,-0.46333333333333354,-0.4833333333333332,-0.46333333333333365,-0.26333333333333314,-0.2700000000000001,-0.33666666666666667,-0.17999999999999972,-0.93,-2.1999999999999997,-2.1133333333333333,-0.9333333333333332,-0.7799999999999999,-0.9066666666666666,-0.25666666666666665,2.0566666666666666,0.0102588221235395,0.002340341993554901,-0.006671628626637434,0.005338677063207134,0.0003372112916147334,-0.0003372112916147334,0.00033217076324640007,0.004606414185871834,0.047189772643933446,0.0008156969642270001,0.0020853877494249667,-0.000690820209629598,0.003837726613078334,0.0006737499698878667,0.0024401950865235666,0.002800121009395367,0.0013752143078169,0.0024485427935916335,0.0010465080165680334,0.002082160923472767,0.0009717507577153669,0.0010129518117363333,0.0011406403503213005,0.0008559103768716998,0.0052494523227129665,0.010997159454821966,0.0040307172833776,0.010854475068654766,0.007651652822091866,-0.0027918532470285
1982-06-01,-0.00043651900648870173,-0.0019196492543317666,0.00037481803652356685,-0.0091175388489984,-0.0011510218363426003,-0.005028815393871166,-0.0033782632593975,-0.0041010016379538,0.002198791929563033,-0.00043046359525720015,0.0031172838359320664,-0.015668140013201232,-0.006736838385211534,-0.0106295990274579,0.0027254599255691994,-0.0036846997881442,-0.00040259257139306704,-0.0101603176343058,-0.389833333333333,-120.0,-0.015645759666666665,0.00019007535645043338,-0.0016120262307618668,0.13333333333333333,0.43333333333333307,0.000856898501033636,0.0059158318155159,0.040209329262871435,0.03270031854834077,0.04774150727672754,0.025122465021462762,-0.0027637089283173333,-0.009095768695007167,-0.022812141211084967,-0.0095020272879426,-0.008211919086248734,-0.011136718626131534,-0.0036063091044997667,-0.0006353084408997009,-0.0012097916009074,-0.002800459264511367,0.0004263497514251717,0.0005762029668722999,-0.0015240269139654664,39.0,0.0,39.13333333333333,6.93955917719931,-0.013833243635583104,0.03719702180281987,6.34879752030286,5.27979374949627,6.866141627894577,-0.01495018872178673,-0.08017843134202324,6.240831957533717,5.37574723268866,-0.0119847267173429,-0.011094519560603066,0.0020674037664504667,0.017218542999999965,0.0028185622834374,0.0003658426953006,-0.0007756861267846667,-0.001407404210084163,0.0025053292881326334,-0.00011606624704246667,-0.0028237595495730666,-0.0010007182354122,-0.0013230458883211667,-0.509362166666667,-0.019761056005384234,0.1358030180000003,-0.01646975429087433,-1.4433333333333331,-1.0899999999999996,-1.1366666666666665,-0.7599999999999999,-0.6366666666666667,-0.24999999999999967,-0.18666666666666631,-0.183333333333333,-0.10666666666666665,0.06333333333333332,-1.4533333333333331,-0.7999999999999999,0.6266666666666667,1.5466666666666666,1.4833333333333334,2.09,4.3933333333333335,0.0265862145541787,0.0296992003700846,-0.016106921617955797,0.0031198119194627005,0.0013280230049582075,0.0016665583509333332,-0.00033350011119463323,-0.008600455995004532,-0.025895776488951135,0.0023268920842871,-0.0024599697479719667,-0.00034170513841522463,-0.0017700954208483,0.00027665205530613327,-0.003139740638830567,-0.004964630779578033,-0.0007426926424540017,-0.0021290349638146667,-0.0017610952846451667,-0.0024547945637332,-0.0009448455222972665,-0.0025837414668530667,-0.0024114092017805335,0.00022106821422523333,-0.0015100292460218667,-0.0030651771924466663,-0.000818473872362275,-0.011100257923703333,-0.006502490642567134,0.001807400252304233
1982-09-01,0.0009412321046031666,-0.0010316313523398334,0.0071178434429908675,-0.0018989248263346671,0.013495176619524466,-0.0051178493972822,-0.0033742337132735664,-0.0037720751815357337,-0.0005710623692935999,-0.009517370682115866,0.0024957392805739,-0.010399677487110267,-0.006935673668664433,-0.01982571133291833,0.0014141205211747998,-0.006524921773192766,0.010024890690008467,0.0047003378118611674,-0.5462333333333333,-40.666666666666664,-0.0101684963333333,0.0016127801918047666,-0.0017476370674043666,0.3333333333333333,0.3000000000000007,0.0066931549356379,0.01591299430478323,0.06449578057710721,0.053251850681104905,0.07516625354157457,-0.019208582414699766,-0.0021592487847540667,-0.008060266065738134,-0.0206668322604789,-0.0025239898482810005,-0.0086186254439836,-0.012414510768229166,-0.0027931731096757996,-0.00022363860841126667,-0.0020321947073155336,-0.0031733238653058,-0.0013385803055119333,0.0008305386823508,0.0009820213744919668,38.86666666666667,0.0,38.96666666666667,7.111210276293018,0.08439863212686986,0.04631715336462013,6.526277604030177,5.494447305315727,7.0365002032427,0.06633374866420337,0.0778716170604999,6.413245023346508,5.564966294958797,-0.0053578797518642985,-0.0033276364082676,-0.0033313760653209666,-0.0034437086666666335,0.0024656372837229003,2.5227173828666076e-06,0.005860841494705467,0.0035768000412896,0.003227549412251467,0.0007635702939427653,-0.0019262350881634998,-0.0006291526550304666,0.0017209703943426666,-0.17258103333333,0.076742897711354,-0.4207750363333333,0.08974480928520107,-0.30666666666666703,-0.48666666666666697,-0.20333333333333334,-0.5133333333333338,-0.7566666666666667,-0.8733333333333334,-0.8366666666666666,-0.6766666666666671,-0.6733333333333333,-0.3233333333333333,-1.8399999999999999,-1.0733333333333333,0.036666666666666674,1.4033333333333333,1.5266666666666666,2.5066666666666664,5.1466666666666665,0.012576017264376833,0.006426093442885967,-0.018453173769603266,-0.005125401079621833,-1.0498233017166604e-05,-1.182228737753332e-05,0.0010001670000834,0.0046768947528299,-0.012553735593115333,0.0013570574622609327,-0.0010230229818937334,0.0,-0.0003396162630340668,0.0002619559324316671,0.0003392705975669333,0.0006894176880196666,-0.0027371684677971,-0.0010272221791360666,0.0003374886245127334,-0.0010212797589431,-2.630929148063329e-05,0.00038912440777670007,0.0006874995493206668,-0.0005311896517588001,-0.0007382639912991666,-0.0023914008211014678,-0.0003994003847432335,0.0062090774799148,0.004282742563612266,8.75070887635665e-05
1982-12-01,0.0015985397030752336,0.0023655538804471577,0.0016694369138643332,0.0039765402548143005,-0.0012507287787772335,0.0016945572022139669,0.00020298437460833374,-0.0009600591815266997,-0.001391468175141233,0.012952922623755482,-0.006427964989451967,0.002587034061867667,0.003250824080050867,0.017281119041803034,0.0095879286052011,0.006387585335130633,-0.019387300908909968,-0.0151310969222325,0.3870000000000015,41.666666666666664,0.005862668666666633,-0.0012510314631176001,-7.736254308569998e-05,-0.13333333333333333,0.7000000000000003,-0.022285417604836735,-0.033985097009329265,0.011397121582759831,-0.03638185038563227,0.04995478221552457,-0.06514966498024254,0.0004914568080085668,-0.0009214048067261333,-0.02138731473909537,0.0014326065956774003,-0.00031909379805009525,-0.00016559855938663338,-0.0005514200320088999,0.0009481902673596334,0.00043651449464006674,-0.0012658997134522333,0.0024515687512695,0.0020356297360599337,0.0005628343165184666,39.1,0.0,39.199999999999996,7.326396700330523,0.15639364083142335,0.10434455454973346,6.730798946702433,5.741134160365046,7.254975553178627,0.10819554312908003,0.0433510427493999,6.642607148006843,5.801103698352974,0.018188211191591933,0.006745495420836067,-0.0045880563813831335,-0.013774834333333333,-6.289487806560023e-05,0.0038158858825403986,0.019451435450720634,-0.008287297644267,-0.022029701461831298,-0.021105428519097733,0.0004974986322586333,0.0005401018676719332,-0.0011548765760801,0.044021866666663266,0.020364351921723003,-0.0906073753333333,0.03922024653811313,-0.23,-0.11666666666666665,0.013333333333332966,-0.03666666666666633,-0.08,-0.040000000000000334,0.0566666666666667,0.11000000000000003,-0.1166666666666671,-0.3733333333333333,-0.7433333333333333,-0.6066666666666667,0.10333333333333332,1.4566666666666668,1.86,3.1633333333333336,5.296666666666667,-0.027736382033301737,-0.03731239775497477,-0.02090205432819613,0.00040751461940223365,-0.0009876550435524278,-0.0013175247719411,6.673346689998911e-07,0.0023398377942927336,-0.010233201635232567,0.0065966128837793014,0.0006802723449510665,0.0016860599091176667,-0.0023993248407755,-0.0004219018802992536,-0.0010181574581678333,-7.754192110600005e-06,0.002046387340130067,0.0,-0.0006816634959090333,0.0003396162630340999,-0.0004365468627683333,0.0014820452898695001,-0.0011568671306065,-0.0004791184825796,0.0014405899067589667,0.004134443957233234,0.0019385100482243584,-0.004278366811207667,-0.004306463372595067,0.0038725212682052287
1983-03-01,0.0035744006836075336,0.003402320008625833,0.007502178256166233,0.010653747710639034,0.015221594410997833,0.009000284102095501,0.0086231249861875,0.0078936555532777,0.009293145657739,0.018728098180863,0.005851004371062466,0.0082339383733041,0.009394375897587867,0.01907707191660313,0.010910565925896334,0.011003948847675466,0.01982158615585307,0.0209605790813381,0.749500000000002,122.0,0.013464025333333301,0.00048773887580289997,0.0018551087561634002,-0.10000000000000007,0.43333333333333335,-0.017111924789621934,-0.021449893852078166,-0.007481157967129432,-0.024609430329475167,0.004146900660676567,-0.014460938460642836,0.0027143068460411,0.0023445677627857,-0.010083578975327967,-0.0003365304004508335,0.0035525725012721006,0.004475223521279033,0.0021503837735980668,0.002833409628303567,0.002841517591756767,0.0017560740364430665,0.0032251499943599,0.0029046088948411664,2.0827475612605895e-05,39.46666666666667,0.16666666666666655,39.76666666666667,7.385999372449216,-0.12303248797909683,-0.04207257242246687,6.77366710051227,5.86581719157592,7.357557689662166,-0.05717021356324666,0.05599724374637677,6.770941137508309,5.889489558186614,0.02247334402696967,0.0037169967280743666,-0.0007982770361536334,-0.02066225166666663,-0.0003585106844733998,-0.003928410986898267,0.003579714835579666,0.006141648243890367,0.013676403596188132,0.014289578074287733,-0.0009388207816358,0.001051038783243,0.0005380178092006333,-0.10217809999999843,0.0371349606385432,-0.15832311733333335,0.05031925291928683,0.04000000000000037,-0.003333333333333105,0.026666666666666533,-0.003333333333333202,-0.006666666666666601,-0.07666666666666692,-0.11333333333333319,-0.183333333333333,-0.28666666666666635,-0.2733333333333334,-0.48333333333333334,-0.4366666666666667,0.24,1.3099999999999998,1.6966666666666665,2.8333333333333335,4.596666666666667,0.006412970995735634,-0.0019331366886774666,0.0084381820625315,0.00040701702317850005,0.0006577853151637666,0.0009915723722476334,0.00033617882739929986,-0.005013803576023734,0.018132651768514033,-0.0044015459362378336,0.001006493467632386,0.0003219782920093333,0.005114886363381366,-0.0013778277417928,0.0026950220392277335,-4.1564876015000715e-06,-0.0006899597811441334,0.0013481649655021001,0.0013440878426462,0.0013481649655021001,0.0003768543469299666,-0.0010581151902532666,0.0031582042329198665,-0.0007476792137874668,-0.0014465234451950962,-0.004408023125070466,-0.001568043592871467,0.0031613816543553663,0.0031810453302399335,0.001798194428675518
1983-06-01,0.0009121637609527999,0.0024931464686469666,0.006333347179438766,0.007733234899966766,0.004549190837818601,0.010877659016901733,0.009279879078428066,0.008800879634812768,0.008543350631594634,0.020127997512398032,0.0042097319737202,0.012323249633765932,0.0125269069579879,0.0147157632609982,0.0063701078646743,0.010196312929385732,0.014209787460796867,0.0039291028331846336,0.7171666666666647,76.66666666666667,0.011492330000000031,0.004289524894507067,0.006512836583115766,-0.19999999999999976,-0.16666666666666666,0.009400781264265733,0.0062079169267722665,-0.036281128967715404,-0.049771753441928,-0.027793869646350167,-0.023799870505839,0.0017985688495159,0.005722731166632233,0.0002955410441488335,0.0115809828146241,0.004568295873961933,0.005832186104194967,0.002631527284124233,0.0005255261874719334,0.0034780429925013664,0.0030657500905295,0.004769050086196033,0.0037509773156447998,0.0002290163836793,39.9,0.10000000000000002,40.23333333333333,7.499880501656676,0.0479647265533568,0.02029612322500333,6.88511186855244,6.059821622501803,7.472310497802096,0.06256116664511334,0.021620211400679868,6.860015892910781,6.041160508936247,0.0210496559360157,0.008720941136126899,0.0045815925512441335,-0.013774834333333333,-0.0027967862659533335,-0.0008922073062675668,0.0019847571648169333,-0.002402722316795167,0.001745017753490466,-0.0008959810874703671,0.003957961890312966,0.0009649667957528334,0.0023738957053491337,0.5451877999999983,-0.003471190122822633,0.02499827400000007,0.005342881327516635,0.31,0.40333333333333304,0.3833333333333337,0.4299999999999997,0.543333333333333,0.5333333333333337,0.4899999999999996,0.34999999999999937,0.1833333333333335,-0.04,-0.2333333333333333,-0.08333333333333333,0.8266666666666667,1.8533333333333333,2.0566666666666666,2.83,4.163333333333333,0.016747590649294566,0.013503871744878966,-0.015092990474865333,0.0012450955064028334,-4.85334878653334e-06,-5.864408999573026e-06,0.0003205535691872333,0.009914287699619634,0.009331585710817165,-0.0022853521162593342,-0.0003463021777495665,-0.0016778417072282666,-4.888063358019987e-05,0.00030572117594504636,-0.0010196222291713002,0.0009899968860163668,-6.091154121566518e-06,-1.616186104146664e-05,-1.3414086133749803e-05,-0.0003476639642500333,0.00047811186317459997,0.0005453759418534333,-0.0016810661902983,0.0015976676170374668,-2.7036573338666144e-06,0.0023520810529949333,-0.0011594214587750335,-0.0015388656252816998,0.0005685004495615665,-0.006636153422342434
1983-09-01,0.008024932052107267,0.008763241743835633,0.0043070031951541335,0.012098485355045567,0.015744326295739835,0.008862418152469966,0.007296407748081967,0.006809115244357667,0.0027935061894307,0.010533503928358133,-0.00016041106280176632,0.016328798105243802,0.010464452360131367,0.0179560633103522,0.006612325281176733,0.011198677287825467,-0.02156272406067633,0.002144909657454334,0.7902999999999972,122.33333333333333,0.024359013333333332,-8.910313242199968e-06,0.003657393574644134,-0.33333333333333365,-0.10000000000000032,-0.027239679503285402,-0.04597283417400736,-0.046976566701989235,-0.03947753240839297,-0.051625193395069,-0.034844049059222136,0.0063956600370372,0.0072897534622751664,0.004183234118554733,0.009379000351386732,0.006956539631177067,0.0091243104109537,0.0035908756224388,0.006102816485734366,0.004939148759037866,0.0049704777946644,0.004950647317982,0.0033401652654015666,-0.00039567263780189996,40.1,0.06666666666666667,40.6,7.45953023443683,-0.06842104201212017,-0.024810864927589864,6.87483046182541,5.991123956497617,7.411823849759327,-0.056171194609206936,-0.0250744737458633,6.784947314536503,6.01277160783651,0.0310339032245537,0.016678119697246533,0.0064182930031086,-0.010331126000000032,-0.0006095773553186669,0.0005917803527862711,0.0027876736539227663,0.004613851190826833,0.0017182168628881668,0.0026619005064045993,7.12099198833255e-07,0.00020234323059993334,0.0008846184544832668,0.12026890000000401,0.005698144453100201,-0.008140603000000001,0.006197602993959733,-0.07333333333333364,-0.14666666666666667,-0.19333333333333336,-0.19333333333333313,-0.19666666666666666,-0.07333333333333333,-0.053333333333333344,-0.03333333333333333,-0.010000000000000267,-0.3133333333333333,-0.6233333333333333,-0.45333333333333337,0.5466666666666666,1.95,2.2033333333333336,2.92,4.116666666666666,0.0010615475244609661,-0.0131146162025167,-0.005818264436664967,0.0007825679908243666,-0.0016357565232102697,-0.0022967552121937666,-0.000996466266175064,-0.0118444045649794,-0.008929037396999665,-0.0009635365011722673,-9.910871532929503e-06,0.0006623600707428662,-0.0013504567372203081,-0.0003530184854436062,-0.0006666432210667667,0.0009443279469924334,0.0013115309344181331,-1.3175139436035526e-05,-0.0003420422853865665,-8.928629004441762e-06,-0.0009486818013979666,0.0008117013105968333,-0.0008619576671159666,-0.0014146535659022668,0.0007035467994560602,-0.0008806779993680334,0.0015117183884636746,-0.0033057839984026,-0.0006253096402175333,0.0018534243024052998
1983-12-01,0.0058483449021668995,0.006676609398045467,0.0013175072969334328,0.008085036072203634,0.009174639843234767,0.009702541522413866,0.009497030028169467,0.009859682555788967,0.006282078855398335,0.0164732869824336,0.0022868226079087333,0.013277467811333502,0.009918492741631067,0.018842558342021934,0.0034251788662723326,0.010399616757566066,0.014123193681400067,0.0134368202762311,0.7084000000000018,133.33333333333334,0.024942693999999998,0.0011474684770185,0.0035342349842869335,-0.2333333333333333,-0.2333333333333333,-0.0019978083976166646,-0.02067342081361573,-0.0557018399002421,-0.05583979032960623,-0.05561478290664973,-0.0485997461691614,0.004619094767511633,0.006515054848979467,0.0022532430616791334,0.014916904898110867,0.0047150500706412335,0.006223187300768333,0.002340217305741,0.003994645042186633,0.0056108660537219,0.005646199989363,0.005229104400104434,0.0034288815700923,0.0005829327157578667,40.300000000000004,0.03333333333333333,40.733333333333334,7.567482912452413,0.16985299971693024,0.11107340041161344,6.9158882870260205,6.149280648697057,7.4977553029773665,0.1237089901757568,0.1397528100801667,6.787580899398207,6.188285325632257,0.013423415263678365,0.011856746419175201,0.008160967895832366,-0.0034437086666667,0.0003619694794074001,0.0010297019689353667,0.0022578474674566666,-0.0127284746881286,-0.0331861976805727,-0.029563197742727237,0.0031727457380113662,0.0004709760287135,0.003248982503225867,0.793649466666666,-0.016334017007548468,0.09061559900000006,-0.025881544669808996,0.08333333333333343,0.07333333333333365,0.11000000000000014,0.08333333333333333,0.03333333333333333,0.043333333333333,0.05000000000000034,-0.10999999999999999,-0.006666666666666363,-0.19000000000000003,-0.5433333333333333,-0.42,0.47666666666666674,1.9433333333333334,2.2399999999999998,2.7433333333333336,4.123333333333334,0.005318086486306266,-0.002039584594433167,-0.007973058269069034,0.0030319093937872,0.0019449461100086334,0.002606805278412933,0.0009757574486451833,0.00036053306361546675,0.0113768365064712,0.002587137328678334,0.0006378123922973629,-0.0019792371074671,-0.0006632693233609336,0.0015645903175555236,0.0013017210638540555,-0.0029356136378604,-0.00035180132135704026,0.0003111671330395184,0.0009625936126944665,0.0006416172414720666,0.0017629037229420668,-0.0013578491986975998,0.0021894064306451004,0.0022723796289668,-0.0007114195886787983,-0.0017393722646539336,-0.001137816685397,-0.002401641063206267,-0.0031825307110426005,-0.0024451560375693105
1984-03-01,0.004784976493774867,0.0053075334295903664,0.006917037133770267,0.0047498527175792,0.0059468329311241665,0.005351630270711067,0.004538287283291167,0.004125810528755633,0.0009243800801023,-0.0027410321913552333,0.002421522071540667,0.0078114282990351,0.0061799401467957,0.006022343289253333,0.0024789325712456663,0.004140626925352066,0.014693485123482966,-0.013844894883003634,0.17500000000000168,77.0,0.014902850333333334,0.0030466098541239,0.0043665334289878675,-0.1333333333333332,-0.06666666666666664,-0.0164287431599461,-0.013411770730633035,-0.012143186741702434,0.010213564968079668,-0.027059767972610033,0.020020312054883863,0.0033501835149352334,0.0034812823142899665,0.002920990185157167,0.0034589377220761667,0.003516285926726967,0.004720867126776399,0.0015994214619727998,0.003306830228013967,0.0033696368920820333,0.003401607001067633,0.0031207015789185,0.0030319777292374,0.0016185290763755667,40.300000000000004,0.0,40.733333333333334,7.473617318211983,-0.12271578170032023,-0.0779287680822168,6.795470730332636,6.122733181428213,7.465772064261923,-0.02728795669272327,-0.10829855626406991,6.74582613502526,6.186934294106237,-0.002395631427130368,0.014577866952410035,0.011875947807974166,0.006887417333333333,-0.00046253747321056666,-0.0012228078145218666,0.004110514870090367,0.008973745430572467,0.027751294672258297,0.008172730229204098,5.8910503459999944e-05,-0.0004496686953977,-0.000974268315337333,0.5780976666666634,-0.0014866755025101,0.03160668000000003,-0.017957656758582033,0.24333333333333337,0.44333333333333363,0.246666666666667,0.376666666666667,0.5400000000000004,0.5433333333333337,0.523333333333333,0.39999999999999963,0.3833333333333333,0.04666666666666667,-0.49333333333333335,-0.23666666666666666,0.8766666666666666,2.3466666666666667,2.6133333333333333,2.7133333333333334,4.173333333333333,0.009390292322232067,-0.0044801000783181,-0.0123169911863592,0.012168332458284766,-0.0016129670726953763,-0.0012957580294672,-0.0006579881269924379,0.0003337840000969003,-0.006138216019777901,-0.009865279138530534,-0.0009836569954062,0.0016447919773980666,0.0006352915415185776,-0.0019319538775037,-0.0013078089956985999,0.0028683234149011,-0.00034264072209713335,-0.0006633438648009334,-0.0013064795572101003,-0.0009865680077775665,-0.0018137052796649,0.00023972446072779985,-0.0025641282489032003,-0.0019128075559427665,0.0006915359960613625,0.002897818076920075,-2.912979926299996e-06,0.006168363362634783,0.005100075880633833,-0.0014155531235836999
1984-06-01,0.0053802691765234,0.005972744015335066,0.0022226324822553,0.0010829387443269999,-0.0023987002445284666,0.0025375778919823,0.0035101224997558336,0.0035489859227768998,-0.0018022034153410667,0.006785098984127766,-0.0051760140871867,0.011355741289742033,0.0015490917786370668,0.004948796402492299,-0.0031485499518334333,0.0036267663393216,-0.022158554535155698,-0.008765181814716234,0.090166666666666,0.3333333333333333,-0.001153181333333334,9.677518752223332e-05,-9.507691787056666e-05,0.033333333333333326,-0.4999999999999996,0.03964671294008384,0.0038873132492807994,-0.034043165025460204,-0.03040376638831856,-0.03663487698503687,0.026021876810390903,0.0032922948689654333,0.0031066037572937,0.0035712076463276336,0.006738724072629734,0.0021882322442199668,0.0038487408150279004,-0.00048386324846026664,0.0033536946912976332,0.003978827081978001,0.003792739447565733,0.0042530528745009,0.0031242718505979333,0.0024953457909712,40.266666666666666,0.0,40.56666666666667,7.44838414966233,0.007246662212133469,-0.0316329139409334,6.754689873025391,6.02647443616915,7.405730560208561,-0.04203715325429006,-0.0349446871051935,6.686382250279084,6.100815122835253,-6.6325047161011385e-06,0.0029601256203323333,0.008014541789740067,0.0103311256666667,-0.0009958907725590334,-0.0008477844304043999,0.001062666941589439,-0.0023919148621388666,0.0036523675661159997,-0.002054501775950302,-0.004214273086121567,-0.0001573039536315,-0.0024764898320376997,0.674641733333336,0.0162025663551259,-0.05513816266666701,-0.0042481653790396685,0.43999999999999995,0.17666666666666644,0.21333333333333337,0.09999999999999953,0.053333333333333434,-0.16333333333333366,-0.23,-0.13666666666666663,-0.03666666666666681,-0.19333333333333336,-1.1566666666666665,-0.7633333333333333,0.6666666666666666,1.8333333333333333,1.9033333333333333,1.9766666666666666,3.6333333333333333,0.020933633746343466,0.016620377682032266,-0.018801697543780967,0.002335229023109734,-0.00032066701206370004,-0.0009666512332632001,-0.0012907393512442383,-2.576470567853285e-05,0.006792702843431799,0.0023816396149489,0.000314487749261501,0.001298841348688743,-0.0009669612045275332,0.0002932487140005744,0.0003215878790780227,-0.0015998078730653,0.0002992784350842668,-8.337204730133317e-06,0.0003154087618411652,0.0006366651892050954,0.0006001828167083666,0.00038250681204870005,0.0015916167664789332,0.00014348712849476678,-8.599912711433245e-06,-0.0008661763210878734,0.0010990614360439001,-0.0001557047669257666,-0.0004851168328870666,0.0008804959686935001
1984-09-01,0.0033186982325865665,0.0035143127580088336,0.0060664197579968,0.003930634000717233,0.0126092076642153,3.1177529460366605e-05,0.0033694890681885,0.004180741128469836,0.0028465239166089334,-0.0024464141341416,0.004957476847020034,0.005999623054814167,-0.003425182135239033,0.0002236829303185669,-0.0022397840684844996,0.0014867346572313665,0.009542232722991666,0.0125921332158037,-0.10643333333333276,25.666666666666668,0.009398667999999966,0.0014278296033183667,0.0025544602875004333,-0.09999999999999969,-0.10000000000000032,-0.016768396149032534,-0.0082446737717318,-0.021956897762414333,-0.0231288315981777,-0.021117035860094432,0.014649773377263633,0.003315665633425133,0.0004374176060354333,-0.006600875765392933,0.005092489560659867,-0.0003328710401445001,0.00044812912866433333,-0.0016017504428434998,0.004261583059150167,0.004932644872201367,0.0028182282644480332,0.006771082160573367,0.0039828085660277,0.0017826998077066336,40.13333333333333,-0.03333333333333333,40.46666666666667,7.4135291929644564,0.10517229048174341,0.0343651696756601,6.645141649907839,6.0590678527942465,7.3464159566239795,0.0664011145894001,0.04886782473062346,6.595059883471336,6.028663639297747,0.0060077081892865,-0.00037550475214644775,0.005407695946614634,0.0034437086666666335,0.0022599925232273,0.0022709699550379665,0.0046789830152838335,0.005533260256497933,0.007788703943091201,0.045877085877085756,0.0010963217974980664,0.0010301442570478667,-0.0011910860435187668,0.417124099999999,0.0038303011922673335,0.0076784243333335,-0.0130907522364691,-0.7366666666666667,-0.7166666666666671,-0.62,-0.6,-0.6666666666666666,-0.4499999999999997,-0.3833333333333333,-0.19333333333333347,-0.3833333333333333,-0.17666666666666667,-0.6666666666666666,-0.5233333333333333,0.5266666666666667,1.7333333333333332,1.843333333333333,2.2866666666666666,3.6833333333333336,0.0075062878451165995,0.001879162884684733,-0.019333632174926202,0.0033838655164162667,0.0019261659085249,0.0019351749170679316,0.0009682107016655981,0.003562221587539067,-0.013544404840819833,0.010677224075843797,-0.0003255195235304011,-0.0019569527832612997,-3.370660332200024e-06,0.0002837551765626619,-0.0006453696756221024,-0.0012584592586461964,-0.0003330825817349668,-0.0003258027698024581,-0.0006428450466572981,-0.0006471542865605011,-0.000551293825608,0.00015720645042033329,-0.0011547875355922667,-0.00042479135317916673,0.00033219849617629793,0.0,-1.6031132462401843e-05,-0.004173989232471066,-0.0019907552988319,0.00021380838145053328
1984-12-01,0.0021509011854916,0.0015361640102427665,0.0047299929298777335,0.0006980089913296335,0.0046517835356609,0.0009650598549339,0.0010731356247690666,0.0013398003020637331,0.0014829381867939332,-0.0034247344641314664,0.0033331881778927,-0.0009101015038347,0.0008421662954,-0.0037317756903782998,-0.0021498682867679333,-0.0011028887223874667,0.0206827839038694,-0.014655722721497766,-0.31686666666666957,28.333333333333332,0.000899921666666666,0.0020549066879933,0.001828791831541033,0.0,-0.3666666666666664,0.007674339649997967,0.013312917428208367,-0.006767720905135566,0.009381178753494701,-0.018804696426697035,-0.012729768068821201,0.0018044740190342667,-0.00025391452772420515,-0.0050010976607834665,0.003233132362904433,-0.0009263897167552,-0.0006873778978324999,-0.0013162722771279999,0.0024743328166489,0.0015784037800082,0.0017235830938470665,0.0013188165222987333,0.0037605428520664334,0.0007756688537939334,40.03333333333333,0.0,40.300000000000004,7.40920857749427,-0.0417210476513367,-0.14833746839880657,6.662787908939204,6.0631494091645,7.408076048957914,0.06028401627153337,-0.04711803943524343,6.577307886765287,6.14518452107265,-0.006701533911729867,0.0033433914942679333,0.0028115732064251334,0.0034437086666667,0.0016049008528199332,-0.0002168706756770666,0.0073042272508469334,-0.009138256882179,-0.01338654379329717,-0.0282555060388814,-0.0013211003856966998,-0.0006201370490809999,0.0017731688497733,0.6994878999999979,0.0280503354007893,-0.09582139766666653,0.015579418551651333,-0.3100000000000004,-0.16333333333333333,-0.11333333333333336,-0.13999999999999968,-0.17666666666666667,-0.06666666666666667,-0.02000000000000009,-0.05333333333333267,-0.0833333333333335,-0.07333333333333333,-0.38000000000000006,-0.18666666666666665,0.8033333333333333,2.6333333333333333,3.0533333333333332,3.703333333333333,4.886666666666667,0.0423357064421229,0.022288301193276166,-0.041816104600956396,0.009458492221295066,-0.0009641642788130999,-0.0009685236838047666,-0.0012941870266598686,-0.0029835712462723,0.02836406818422117,-0.0043648546709296665,0.0012530837382286606,0.002894374191153709,0.0012641166246485334,-2.4907820319999944e-05,0.0019157140851892,0.0025056858154069946,0.00029627240983950753,0.0012507329219758666,0.0009441239886189555,0.0012542317260184968,0.0010736801708409666,0.0012419685655228666,0.0017839439354814,0.0006860301166992999,-1.79206652193312e-05,0.001421466262152533,-0.0007356279440606001,0.0009002573386259668,-0.0005764134072633666,0.004345914300549767
1985-03-01,0.0015205477388556667,0.0018167424191339668,0.004376791895703999,0.0064027126514876005,0.008054613196206832,0.0003198488365772,0.0010971576072102333,-8.959517965520019e-05,-0.0014876669563917667,-0.0009038711936407664,-0.0017222292057613002,0.0015076035555815,-0.0005132284203130667,-0.00017930819114870015,0.002110868516134033,0.0020794225172496334,-0.024196415237035734,0.007772331306653033,-0.05166666666666705,31.0,0.0041239546666667,0.0010371859511829277,0.0011772782164314148,0.0,-0.2000000000000007,0.0030590024452331003,0.013846506147107668,-0.013816689830393367,0.0038059404904420995,-0.0281930906736723,0.0008497986331997993,0.0027827385167794004,0.00015519297115083335,-0.00036799885978043334,0.0088197899322685,-0.0020658339202009666,-0.0021007842411032668,-0.0020087760751448334,0.0036298990002876,0.0035612169770047,0.0017078753783164333,0.005084434098092033,0.0040650910312726,0.0025388823752603,40.166666666666664,-0.03333333333333333,40.43333333333333,7.476410698669723,0.01872342382235336,0.16036282055674328,6.680384509867991,6.1390871348897305,7.43826146088114,-0.015040145093490033,0.08026267176464004,6.61987402169698,6.115745459751603,0.004207092238120334,-0.0023985174955268,0.0002243124432931,-0.010331125666666666,-0.001191156825873,-0.0011141379251548335,0.0021604180406203668,0.006898760524880033,0.002537675104767869,0.0017542653440923335,-0.0008397702722277,-0.0005231065084082727,-0.0006157378686661,1.1746116333333327,0.007290248663943034,-0.012936226000000202,0.0004495929310458999,-0.17666666666666664,-0.23666666666666636,-0.263333333333333,-0.24666666666666667,-0.27666666666666634,-0.2633333333333337,-0.21999999999999997,-0.1366666666666667,-0.026666666666666655,0.09333333333333334,-0.29,-0.013333333333333327,0.88,2.6833333333333336,3.106666666666667,3.8966666666666665,5.176666666666667,-0.023320390816456066,-0.011387512846520531,0.04425497645240516,0.005103323990473433,0.0006342957639592,0.0009610770713616334,0.0019417494031026333,-0.0014443818301514456,-0.03451048594140537,-0.0007338392392786675,-0.001264326098971435,-0.003213506176596,-0.0025196782552899333,-2.9011061291051035e-05,-0.0025488260197399667,-0.0034345836733905666,0.0005914685571308801,-0.0009525781503626815,-0.0012614332304131,-0.0012667282560014667,-0.0007553865770123332,-0.0028569711389187335,-0.0016954592969448002,0.0002116859476378333,-0.0010126343957930332,-0.001421466262152533,-6.140099416159153e-06,0.0132544692042273,0.0079972432160667,-0.00029163303863076706
1985-06-01,0.001649992247976083,0.0019363547236756335,0.003995970382424667,0.0010835122973441996,0.003465763806915467,-0.0007773087982932667,0.0007976730911887665,0.0012493910533487,0.0015639237103896335,0.0031405700587846335,0.0009783934540810667,-0.0006338977915141666,-0.0024778259757587333,0.0007903406556583337,-0.0014823099832336278,0.0003927859195312331,-0.0037549488178312673,-0.0022485181674027003,-0.149000000000001,-6.0,0.001524717999999999,0.00016484112688176667,0.0005077242015077665,-0.03333333333333366,0.0,-0.006146337588406966,-0.0053902443211952,-0.0049817777083408996,-0.006689187683603232,-0.003527369776845632,0.009743736670195366,0.0018037266279874332,-0.0012152570443397335,-0.0083514788579526,0.0024974102254879,-0.0018533646915408666,-0.0025688810521901,-0.0006887054791573666,0.002766267604898167,0.0016359148134441667,0.0011201048684903998,0.002345512431120333,0.0040161128387250335,0.002921079542109776,40.13333333333333,0.0333333333333332,40.5,7.438818507121439,-0.012849556705746798,-0.0026350598357067767,6.632049735562034,6.1430495962143965,7.461448362078087,0.002554290915189966,0.017372000379669832,6.632251947945747,6.16920305583382,0.0097274800145832,0.006381267721993766,0.0009008257832861552,-3.353798720221827e-17,0.0012580543655689002,1.0757255818566545e-05,0.005355284555684233,-0.0011566813310513334,0.005620607969709967,0.006561500179508901,0.0008147388891783666,0.00024669941706474273,-0.0013049099058886002,0.6224905999999967,0.006073765756675933,-0.008584734666666533,0.009295709929505366,-0.023333333333333175,-0.03666666666666666,-0.11333333333333347,-0.11000000000000003,-0.13666666666666685,-0.17666666666666644,-0.17333333333333345,-0.22333333333333327,-0.21666666666666679,-0.22666666666666666,-0.7133333333333334,-0.5666666666666667,0.13333333333333333,1.9333333333333333,2.4966666666666666,3.216666666666667,4.673333333333333,-0.04333617161310397,-0.0194507066501727,0.034422494415217005,-0.004415075583340199,-0.0015920034143513666,-0.0016039573734968335,-0.0009704034024862331,-0.003983114104551766,0.01912260628565,-0.0061292034021329656,-4.042024349866164e-06,0.0006358382642155984,-0.00031548718243036653,0.0002613631390022,0.00031640565577746674,0.001555759451983386,-0.0009330608018608666,-0.0006227368321560754,-1.4672869400970494e-17,-0.0003137025919481,0.0003119233810989,0.0013404286244859999,3.0672814679299967e-05,0.00018545693549379993,-1.9980199623999503e-06,0.0005673760235101667,-0.0003585816308802128,-0.004313583470455166,-0.0023419086111585666,-0.0048715808480102
1985-09-01,0.0036370371308886,0.0038552811935635336,0.00021069863504319963,0.00023616849175606627,0.0010591796092539669,0.0012197171342623334,0.0021943501841592333,0.0027827853823853333,0.0030789587678207338,0.0057674648151458665,0.0020787366651931617,0.0016338867769212335,0.00013360196033643324,0.00034832538160013346,0.002293101117818267,0.001632465733318,0.0069885822946638325,-0.006047220878142434,-0.007533333333332337,30.666666666666668,0.005245581000000034,0.0024313135137236158,0.002826582938512867,-0.0333333333333332,0.133333333333333,0.0023181779900524335,-0.0079129310889356,-0.007615112817623467,-0.0432259411028443,0.0198550148616343,-0.009192527063785733,0.0020480696986897,-0.0003682772085262433,-0.008488644084035967,0.0038480465822884335,-0.0011094510942471333,-0.0014899302647209001,-0.0004928051360846667,0.0028102415748929668,0.0016604029057909666,0.0010212009130944,0.0015742228914549003,0.005093477712533033,0.0011013336143452,40.166666666666664,0.0,40.666666666666664,7.4585421002432435,0.014247182792423374,-0.05293035312791997,6.6473891059237635,6.13889698510678,7.485008181405667,0.013709097141286567,-0.06761439750491649,6.62197867928096,6.28113573795313,-0.0170093753355533,-0.0004048203714599336,0.0030860202295243666,0.0,-0.0015890288959031667,-0.0006625342630561334,0.0011898741233480334,0.0045738120242606005,0.005751136643028232,0.0006586153199337336,0.0006108088508662672,2.842820619086156e-05,-3.425914058216663e-05,0.6207134333333407,0.015900716226023334,-0.05199829233333313,0.022284293138721132,0.050000000000000135,0.016666666666666535,0.03333333333333353,-0.0066666666666668,-0.05666666666666697,-0.17666666666666697,-0.18333333333333365,-0.1666666666666667,-0.16999999999999985,-0.18666666666666668,-0.82,-0.6866666666666666,-9.25185853854297e-18,1.6066666666666667,2.143333333333333,2.893333333333333,4.29,-0.024950650827538168,-0.0505072584107949,0.013105062767406432,0.004633090924857167,0.0025384946618319,0.002881098144015633,0.0006510418736272999,0.012720103887887732,0.008930504716019567,-0.0037280695856276337,0.0009141403822943645,0.0006280274665183536,0.0028144174121103333,-3.3408653547336145e-05,0.0018912643946986413,-0.0006253921534409934,0.0005822752409354333,0.0015219015634028998,0.0015453589724927,0.0015333892831647332,-0.00013222721075980228,-8.451145396853334e-05,0.0017675512244169668,-0.0010552098084055,0.0003292051151026333,-0.0011342695841826667,0.000701740500318185,-0.0110649456966634,-0.007314098343912866,0.005057475931236767
1985-12-01,0.003457160157595367,0.0030566648425332673,0.0031767004653089994,0.0012857196971000663,0.004234592541349,0.002732074534968367,0.0016976704557925663,0.000980581443404433,0.004038649952359,0.006113512884149533,0.0032596640380230003,-0.0033648058471086664,0.0039033147033776332,0.004458529194316433,0.005185619882357267,0.0031508214618782998,0.0026817740626589336,-0.0044057119702850004,0.14830000000000132,-44.333333333333336,-0.011187851666666632,0.0021371904452938332,0.0014565947844798668,0.06666666666666667,-0.16666666666666666,0.0050629048008819,0.014994235947616735,0.014915740457084601,0.07069790504254177,-0.030666773446019133,-0.020892055188901068,0.0013651665558136667,-0.0004964011838222078,-0.010344369322955202,0.0017036392667364331,-0.0006410258385803334,-0.0011906410058018,0.00024649363937236666,0.0019474165692176665,0.0006650933742484,-0.0004761711216130667,0.0011779070773953,0.004185906828494567,0.0016949358047716667,40.23333333333333,-9.25185853854297e-18,40.76666666666667,7.560045478738494,0.11552744785050316,0.08805052501386344,6.737686323903294,6.171505897877123,7.496853165045894,-0.025360768819146434,0.10687540939037987,6.673659257840623,6.143993500184867,0.018202414988966967,0.008082996020621099,0.0016977368236966,0.006887416999999933,-0.00037218148008153363,0.0001147072552421333,0.002556305757187467,-0.011273910318155467,-0.0163958676838652,-0.0135328825023822,-0.0023262786710181,0.00024003991464526667,-0.00047063817085771665,0.11187126666666834,0.035052654499984265,-0.11756035833333334,0.04744768640436833,-0.06333333333333334,-0.04666666666666657,-0.060000000000000366,-0.0633333333333331,-0.08999999999999982,-0.31333333333333324,-0.3600000000000001,-0.29333333333333367,-0.29333333333333367,-0.3933333333333333,-1.0133333333333334,-0.9533333333333333,-0.42,0.49333333333333335,0.96,1.8699999999999999,3.2866666666666666,-0.0287223004060403,-0.032975954032720196,-0.0023002217232523992,0.006664970797157534,-0.006354138269689234,-0.008024284045132985,-0.004580360457641299,-0.018976860914670234,-0.14608936226927727,0.0092362138391818,-0.0021397344590067383,-0.0031512035828500005,-0.004662080658246614,0.00024335819867300006,-0.004392799422236107,-0.0009397015804729334,-0.0006120951261860333,-0.0027368607997111335,-0.002464899785519356,-0.0027603337937837,-0.0009682557468669666,-0.0007346116633474,-0.004556901409874421,0.0006803669036935001,-0.0003324825775339003,0.001415430293817033,-7.740053616700203e-06,0.005876517849922432,0.0029778098639135337,-0.0044529783051435665
1986-03-01,0.004591351162381667,0.004418411852590434,0.005183369902169733,0.003758167567749968,0.004604303749919933,-0.0013508227216468,0.0011412840430882001,6.319951943703336e-05,0.0028146210097386333,7.514385745246669e-05,0.0038326282301849664,-0.0029917837941790333,-0.004226040754095267,-0.0028385813404986668,0.0010184525431367667,0.0008747031563629332,0.0014770077148842005,0.009702934901149865,-0.012333333333335396,-25.666666666666668,-0.0037871280000000003,0.0018372414015542001,0.0018660795441700002,0.0,-0.16666666666666677,0.006571131786669667,0.012853918094804066,-0.011161101375596333,-0.018582548245643565,-0.004253566863404767,0.014562209692191635,0.0013495226961115,-0.0019359209445326219,-0.03545768867959193,0.0013566698960989336,-0.0013236535054659,-0.0018093486318915997,-0.0005425268145427334,0.0023667799633818334,0.0022932906993293665,0.00042858460754993324,0.0037083510482868996,0.0044625077690773,0.0006160145622372666,40.03333333333333,0.03333333333333333,40.63333333333333,7.5429421183001,-0.06997259636498336,-0.03512017188594346,6.65994968139109,6.23725781702392,7.501832816481158,0.0396998971803765,0.009132991396036837,6.571198663852893,6.254439776501873,-0.013096691308520066,-0.0004123845342475666,0.0002954661130226334,0.0034437086666667,0.0036395011392027668,0.0020645120296608668,0.011541016776480598,0.007835501513249,0.007128957079634003,0.008497768381489301,-0.0001186278804852662,-0.0001834168434076,0.0008652440430960668,0.43443423333332837,0.027824254162422235,-0.08404943933333336,0.040772988079896565,-0.33666666666666706,-0.33666666666666684,-0.30333333333333307,-0.3066666666666667,-0.32,-0.2733333333333334,-0.3299999999999997,-0.19333333333333336,-0.27333333333333315,-0.3,-0.85,-0.8266666666666667,-0.39999999999999997,0.2366666666666667,0.49,1.8533333333333335,3.22,-0.01766638083908133,-0.033790507439124866,0.020656375094192898,-0.0068587551690616,0.0060782191195605335,0.0081043401610425,0.0032545545209371335,0.016843153888858136,0.19337307843756366,-0.0010591385677795001,0.0015258607434569334,0.0018888582524677,0.0044183223260458,-4.474723412873329e-05,0.0034629868329210333,0.0015656831666230667,-0.0005955913981852,0.0015186510048238666,0.0015420122046251334,0.0015348673404043,0.0006088640489278,0.0016403850603978,0.0037356703219212,-0.0011195546708313666,0.000326629689865089,0.0005597177202916664,-3.282521720799949e-06,0.008380751275844601,0.0045689983184929285,0.002636435669236567
1986-06-01,0.0023759298777931664,0.002466973443129367,0.0030279286936193673,0.0045687833705964,0.004880947742574166,0.0001979793451318333,0.0010656582377874667,0.0005557484634630666,0.001745611435458671,0.009335113549438665,-0.0011115812051096666,-0.0011894529249088003,-0.0008367028349528334,3.603873819106693e-05,0.004847268681485167,0.0012456076495350667,0.010966254699146033,-0.0027069464010315,0.0010666666666688945,41.333333333333336,0.011295135333333333,0.0017594668549301999,0.0028175524358366,-0.09999999999999987,0.266666666666667,-0.013952214577603999,-0.035814471935612,0.006507157248340001,0.006207504032667334,0.006779894745707632,0.017986044775958197,0.0011399690578493,-0.0017749573151525668,-0.019486958454052367,0.0012837420008716333,-0.001976327929951233,-0.0026240777639353666,-0.0009391766179411,0.0020315921955695753,0.0022456495437896662,-2.7195344172166864e-05,0.0031605738402327335,0.0044575571858036,0.00019847177325500002,40.03333333333333,0.0,40.666666666666664,7.5020776262740725,0.0619881826908202,0.0701212748892702,6.591437246084457,6.16619022278588,7.475967137921433,-0.001171647369146667,0.0088894156940533,6.544188278452441,6.179904377392017,-0.0024332702078435665,-0.0034309306620586,0.0008998071102930999,-0.0034437086666667,-0.0015204248867274667,-0.0009842811213622,0.0060315192479425,-0.0016335325019015002,0.0046929059965957675,0.004105799026117701,0.0012523230870179001,0.0010097928360617914,-0.0014308013808730666,0.328997033333337,0.008962966738777101,-0.014515355333333403,0.013213543024316834,-0.22666666666666657,-0.23333333333333336,-0.20666666666666678,-0.21333333333333326,-0.24000000000000032,-0.24,-0.18000000000000002,-0.12333333333333303,-0.03666666666666656,-0.22999999999999998,-0.6933333333333334,-0.6566666666666666,-0.24,0.6166666666666667,0.8733333333333334,2.36,3.6766666666666663,-0.036485530959943197,-0.026693292341470633,-0.007759506184391134,0.0030871117599681336,-0.0003244120288506998,-0.0006590702665389662,0.0006747640630768336,-0.0023309742712171997,0.027068981592415997,-0.0006900356217439668,-0.0006144209482066401,0.0031491529155648333,-0.0046310046736915,-0.0003081732152852216,-0.0009663406633100264,0.00031166553938799995,0.0005691916331294001,-0.0006116209667033666,-0.00031311328741376646,-0.0003107780433342,-0.00019216477336833323,-0.0004042551858335333,-0.0005958426531670666,4.57723844914e-05,-2.5681622357878395e-06,-9.455366181000102e-06,-0.0006973457745420332,-0.0051137301193756,-0.002505959876829167,0.003955695222874
1986-09-01,0.0009165731032284001,0.0010332881794644668,0.0011254934722019667,0.0020511848253169335,0.0032301830293905,0.003634082623465,0.0027720307605537,0.0029655140788599995,0.004107028464101867,0.007595384883943433,0.0027629823730581666,-0.00010114924648823335,0.004662229196125167,0.004885943766127832,0.003249070435583867,0.0033652917906179,-0.0022843920492207,-0.0037898902405138664,0.12779999999999828,74.0,0.008547361666666666,0.0013627065851290335,0.0013908436282327665,0.0,-0.16666666666666655,-0.009437374670722467,0.030782929861450366,-0.0110178259878655,-0.0147753245900214,-0.0076371605418316,-0.038280619021855734,0.0024012590335698333,-0.0003015356986951667,-0.010625450948373832,0.0011444354706716998,-0.00032417076818680007,-0.0015532802260160331,0.0016295121704021,0.0032189580756813332,0.0015152628751901,4.759039633899998e-05,0.0019742206650548,0.003384669261257233,0.004042844016648633,40.06666666666667,0.0,40.666666666666664,7.416627594489728,-0.0656579445269433,-0.04589136376651007,6.496057639833507,6.108348153660731,7.419523386145696,-0.02308147072499653,-0.010017448355466632,6.435435025248297,6.187228550885053,0.0095700980589844,0.0019023431943286668,-0.0001148400777684335,-0.006887416999999966,0.0008477457119561334,-0.0007962743298017667,0.0044019975335372,0.0066731947036394205,0.008265177647462435,0.0098243951085374,0.002630568000662433,-0.0007621758255869,-0.0023990510509376,0.6083374333333333,0.00013602666311326775,0.009971236666666597,0.0016832215671367008,-0.04333333333333334,-0.053333333333333295,-0.06000000000000006,-0.046666666666666634,-0.04333333333333323,-0.0133333333333334,0.026666666666666516,-0.013333333333333697,-0.03666666666666651,-0.22,-0.68,-0.5866666666666667,-0.16333333333333333,0.91,1.45,2.8833333333333333,4.243333333333333,0.004819745000493133,0.018241301891060897,-0.014275295031583634,-0.0005285667341746,-0.0016230315360088333,-0.0019877727995038,-3.3393426912553537e-17,-0.0003934975652098999,-0.0805652967620925,0.0010422103331440002,0.00030013728894041566,-0.0018947725640557668,0.004307022614463033,0.00023229492373683333,0.0009620051959977668,-0.0006253910527425252,-0.000296081946441829,0.0006055103087992666,0.0006144300159431,0.0003034226080492999,0.00017837727218241372,0.0001698701355064,0.00014639292852953347,0.00018663644920216665,0.0003212299857562365,0.0010836286045061666,0.0003452398121428701,-0.0145954393451812,-0.009281513064555835,-0.0049872271599666
1986-12-01,0.0016040694274028669,0.0016209614121909667,0.005064329531425199,0.008025172182404566,0.0086963095295918,0.0062924267006998665,0.006371595897506467,0.006109293459834267,0.004180745207159567,0.0094988205407054,0.0020892927333309662,0.011497446207017868,0.006186974008590834,0.009283738029335034,0.005208076707833833,0.006983879446594933,-0.0008194515481741681,0.0012756166189469666,0.37730000000000036,-14.333333333333334,0.005135415000000033,0.0013683515461029667,0.0023511964661319003,-0.10000000000000032,-0.1000000000000002,-0.0020002060218343334,-0.02842818636171263,-0.013122015382586567,-0.010779969325951067,-0.015220671574751899,-0.013532771197187566,0.0020242541266863334,0.0013189981368195,-0.005294228937652933,0.005201145731193734,0.0005147122923722334,0.00028012513904109997,0.0008854786789148,0.0022362050428051334,0.0011438386974837848,0.0017425599658811668,0.0008196067023883332,0.0035622531118140667,0.0006071112006023667,40.4,0.10000000000000002,40.93333333333333,7.493771574616393,-0.0112581057062,0.09466173685682004,6.442398125122703,6.198933368947884,7.471854197340356,0.047951758655386534,0.07640890208920308,6.376456524987297,6.2515874918639796,0.008941225457178932,-0.0010820340235688,0.0013506089576012,-0.017218543333333402,-0.004770852635344533,-0.0012826046376069999,0.0014545082176372667,-0.013088070423998266,-0.0250883195438464,-0.025816826960374267,-0.005129409164409766,-1.6639725174066634e-05,-0.0006400200857114999,-0.965612300000004,0.045444147858710295,-0.13650117233333334,0.043342444177199464,0.02,0.09666666666666668,0.08,0.06,0.05333333333333346,0.009999999999999962,-6.47630097698008e-17,-0.09999999999999987,-0.13999999999999996,-0.48333333333333334,-0.9633333333333333,-0.9533333333333335,-0.61,0.21999999999999997,0.6666666666666666,1.93,3.3000000000000003,-0.030087675310989964,-0.0199108769466187,0.023543445685564334,-0.012818793356253766,0.0012814501529033,0.0016319269108674664,0.0026827777276094665,0.0025807413017559996,-0.0249188778984549,-0.0034578456691093003,0.0005903320345446,0.0009099580254530947,0.0019176839435388938,-0.0008187807689733379,0.0012499541753072335,-0.0006242199077638999,0.00027465159204203735,0.0008885905043672666,0.0005948173918257704,0.0008957527232859334,0.0005719279464983666,-0.0005660207568191334,0.002842179694224033,-0.00016852872030626668,-0.0009741848142006334,-0.003592614674149634,-3.575835789126295e-06,0.0035926249658034663,0.0015684777324024332,-0.0005927543228070001
1987-03-01,0.0025045923376521666,0.0024906461368819333,0.0021754527686518,-0.0011952905725323,0.0049127698971899,0.004696741532466233,0.004354854391895434,0.003256441361597633,0.002936763790615667,-0.0009517145335212335,0.004473561906947533,0.005289668686800299,0.0050982860502388335,0.005011229007062266,0.005861898969541201,0.004521607074959,0.007820213503955535,0.011967534108417598,0.16206666666666533,93.66666666666667,0.01971561199999997,0.0024700763999921335,0.0035078474687946,-0.09999999999999999,0.066666666666667,-0.0008034552448776683,-0.04658731412505277,-0.0020532324257549,-0.004008064322267298,-0.0002996254883391343,-0.017412319252837732,0.0026614566144379,0.0013423028606039666,0.0034410176291853334,0.0027673612199906,0.0008180896965263667,0.00031097430498167007,0.0016172934762928332,0.0030563410477508334,0.0026852567462913664,0.0013228601903562667,0.0032180219593792667,0.003838410318980567,0.001483739906379433,40.36666666666667,0.0,40.93333333333333,7.41171342234525,0.0473608378712565,-0.05417297649926017,6.460645659701883,6.043072608812817,7.377445935825423,-0.045445481184043325,-0.09619364963892969,6.399144502789038,6.017376441492367,0.014923019829083733,0.0093977628440426,0.0057250351843431,0.0068874173333334,0.0006221136572629998,0.00018863744437186674,-0.0004886591256703333,0.007461677405711533,0.008637391074866968,0.008385871790711501,0.0023007281899515334,0.0008134321857807001,0.0015033704575717812,-0.6295948333333267,0.009591304970700933,-0.011861693333333303,0.005293541647280033,0.25000000000000006,0.2933333333333333,0.02333333333333343,0.1533333333333332,0.34666666666666673,0.49,0.4533333333333333,0.3166666666666662,0.2866666666666667,0.06333333333333334,-0.82,-0.6,0.06,1.09,1.51,2.3966666666666665,3.6033333333333335,-0.015458241212120768,-0.029345068364344,0.028941977407213534,0.0017694084137751,-0.0006422258023036667,-0.0009808291530358998,-0.0010252241711500667,0.0013094241025581662,0.03057018150739387,0.021533573295719435,-0.0003086118537349183,-0.00033226106386258095,-0.0025917888423142,0.00023873865535146665,-0.000956220699371142,0.0012426492750125335,-1.229218524446673e-05,-0.0006079682576297666,-0.000617298067819979,-0.000612198431129,-0.00032216533948003335,0.00027033264328610003,-0.0024249648113002886,0.00047503230640533325,0.0009666512332631667,0.002210297991940534,-2.8341809305353362e-06,0.005552941319824833,0.0033791740577265666,0.0020173155085870336
1987-06-01,0.0025702286798102996,0.003633386790172067,0.005550068212112,0.003064729166502166,0.012933975797652734,0.006516539668148733,0.0059269366868785,0.0062292066042077335,0.0048642477077208,-0.0005877116234301333,0.0069661366210388665,0.0096684989739802,0.007220256186159567,0.0077409844841902,0.006025231128382966,0.005734899826228033,0.019016400560570468,0.0038001593775005664,0.274866666666668,73.33333333333333,0.019194549000000033,0.0008599434987874,0.0018419111633688,-0.10000000000000007,-0.16666666666666666,-0.012707758780572667,0.008617792942111166,-0.0378776380297975,-0.05822982170600993,-0.02071443680387207,-0.005482913749559,0.0022598071020040003,0.0016490423715248002,0.0033574475512013666,0.0014404527097434002,0.0016679969601961664,0.0017670350610892,0.0015121608333525337,0.002441951246272067,0.0023202677324777334,0.0018204519786746665,0.002335122400031233,0.0022404669472422,0.0011667261940697,40.36666666666667,0.0,40.93333333333333,7.37229714872467,-0.044825971409516406,-0.017901392990620036,6.434781800931933,6.0612562808054165,7.324046022298897,-0.010140198900236564,-0.03273067539307347,6.361324525100353,6.003606428681633,-0.004219062784247399,0.012057020081002165,0.002624819672501933,-0.0068874173333334,1.0286390154666941e-06,0.00047600733287083335,-0.0019754960783909,-0.0015945478471322669,0.0028177119036862006,0.0034148503820866996,-0.0007364838320193667,-0.0004068963071783001,0.0018283709233006668,-0.164558133333334,0.04350005624041311,-0.10382293033333334,0.043060279928317034,-0.03999999999999967,-0.07333333333333336,0.12666666666666673,0.033333333333333805,0.010000000000000323,0.0200000000000001,0.04999999999999997,0.1133333333333333,0.09666666666666686,0.08,-0.88,-0.7133333333333333,0.15666666666666665,1.4366666666666668,1.8566666666666667,2.7899999999999996,3.9633333333333334,0.014613179492566698,0.015882047687864102,-0.013677341658481066,-0.0038749952015137337,0.00031311243682157023,0.0003178814097193124,-2.5962764216712014e-05,-0.0015286744020714664,-0.030840616667842404,-0.009386096969843234,0.0005752171473082333,0.00059429262295,0.0018766485608570666,-2.370662577504146e-05,0.0006055050835307333,0.00030111144577793335,0.0005416825849436647,0.0008682574592215666,0.0005847999364367334,0.0008758605894302668,0.0004704344952377,4.728521582139999e-05,0.0009476427926141333,0.00037994739452619996,0.0006382306985836999,-2.7163283933337675e-06,0.0013612180424675336,0.004441905606148767,0.004574894004186067,-0.0010545523840148666
1987-09-01,0.004113871567602266,0.004808557509230434,-0.0013845328678332332,0.0023442455708178335,-0.004302641765049734,0.007399846609012867,0.006284699786195734,0.007022797081109933,0.004862149345641467,0.012984047757506133,0.0017279570079092,0.014033689857038132,0.0087312744655109,0.013885493588481934,0.00575792072761,0.008901718145564733,-0.019554341176467534,0.011270156945864232,0.5876666666666693,30.666666666666668,0.011753693666666667,0.0006144701106490334,0.0013182575009681667,-0.06666666666666667,-0.13333333333333333,-0.0019906811745015666,-0.011327187092292098,-0.014696257661549734,0.014869444895219934,-0.0402993099175773,-0.0198788501791215,0.003084042110706,0.0028944559247261665,0.004090030863938067,0.0032507896941442334,0.0027303264265085667,0.0026484495079111665,0.0028591680228876666,0.0031404930393297667,0.0030326567454436334,0.0024096892591487667,0.0031995475649170334,0.0011404884117040333,0.0024561820008421,40.333333333333336,0.03333333333333333,40.96666666666667,7.39025635756774,-0.0012650236561867,0.04608718899997357,6.478750658127701,6.0140085513096695,7.294630988941357,0.013864632432946765,0.019273190296276638,6.323424318231677,5.950761422788133,0.014268824033861099,0.005598364587862967,0.0077479384655691,0.0034437086666667,-0.002176343712768867,-0.0006165162520520333,0.0004506258239394668,0.0057693959733556,0.003958106880608267,0.005636844282057567,-0.0007858412359101336,-0.00010241561443950667,0.00028004354927976664,-0.20856950000000052,-0.0986715357329377,0.320218641,-0.10396719685672019,-0.013333333333333567,0.15333333333333335,-0.11666666666666668,0.013333333333333234,-0.023333333333333355,0.010000000000000009,0.033333333333333215,0.11333333333333336,0.14333333333333334,0.41,-0.9933333333333332,-0.5599999999999999,0.34,1.7233333333333334,2.1999999999999997,3.17,4.32,-0.03518285435841993,-0.028163332181199468,0.034757383887185266,-0.0022455269166849665,-0.0006301199103895999,-0.0009598478732352397,-0.0003408502314062667,-0.005567967904351434,0.0013543148558182033,0.0018764943389634667,-0.0003039411325952667,-3.743936164466853e-05,-0.0012628146498787666,-2.0724982937233303e-05,-0.0006234776343149334,-3.3698285768000093e-06,-0.0005654810594715487,-0.0005979852700879799,-0.0003072084211224,-0.0008938748606534,-0.0006856427941679,-0.0005529032540684334,-0.0011163098893076666,-0.0005305703913434,-1.3789014294366778e-05,0.001897044947238233,-0.0010323752136181333,-0.010468147109775136,-0.0071697973354479345,-0.0008255602990260331
1987-12-01,0.004973510727712834,0.004490302874160066,0.005696738634480568,0.005797113916107333,0.007500433338120001,0.0034083222484522,0.004337883502378366,0.0047345963353262665,0.0035467943533318332,-0.004714585934951667,0.006672238310811066,0.006895181054043534,0.002301849877297067,0.0025185887914550664,0.0008046294102073663,0.0024467620720779668,0.026380315052961734,0.0083158943675426,0.11749999999999734,-88.66666666666667,-0.009095359999999999,0.0016991077876842666,0.0021136025944237,-0.0333333333333332,0.13333333333333333,-0.0123094202879681,0.004292928403046966,-0.011127860319407233,-0.008135209122713467,-0.013967497218003166,0.012791337627205001,0.0027041149778022334,0.0008143783887912,-0.0025925523171294,0.0006463708314565,0.0008989274508029666,0.0007047542880513666,0.0012041532253069,0.0032645300255159,0.002498623581627,0.0021413704778865,0.0024703983346246,0.0016004573971456998,0.0017297086783637334,40.4,-0.03333333333333333,41.06666666666667,7.228947734418476,0.018489027170960032,-0.09158433375097334,6.266934521714717,5.854199513673637,7.2004150345386835,-0.028331070944466866,-0.014023737973563303,6.186275776722691,5.896414453726507,0.012323674249334567,0.010679059669286632,0.0070155321669448335,0.0,0.0019855773847767986,0.0021965229548346,0.0037317113743192327,-0.012592040741931931,-0.014685346408227466,-0.013071258832388633,0.0010434606882397,-0.0015719535817447332,-0.00048398548640333355,-0.6458949999999998,0.017362965393280333,-0.041981381333333366,0.0038369050809964004,-0.03666666666666677,-0.19666666666666666,-0.009999999999999934,-0.08666666666666667,-0.10666666666666698,-0.21333333333333346,-0.216666666666666,-0.20333333333333314,-0.20333333333333378,0.29333333333333333,-0.98,-0.5466666666666666,0.20666666666666667,1.3866666666666667,1.8966666666666667,3.07,4.266666666666667,0.0021869032937656663,-0.01570396270952003,-0.003245063739046966,-0.012510011365455565,-0.0003134305198807001,-0.0003185209134907666,-0.00033150728496463255,0.005964491880157567,0.008198656208047635,-0.022815972398644132,-0.0005831907997674667,-0.005326264219637133,-0.0009332717249155665,0.00047108360032293325,-0.0009161709844498333,-0.0003045500177464839,0.00025936974463883694,-0.0005821869741880667,-0.0008856008029681999,-0.0002958259761619,-0.0001345935132905936,-0.00026069522771,-0.0013747103773328335,0.00041642727878876646,-0.0022236041762829332,-0.006225482696950433,-0.00067852314211435,0.004268393330153333,0.0018657643089194,-0.0008331126739991
1988-03-01,0.0020737990698270333,0.002305428390399633,0.0036638101295685664,0.0045491588457107004,0.007139820456957934,0.002040087017289967,0.0011697463273510334,0.0022370219630453336,0.0003903628520269996,0.009857099630229934,-0.003182497523071133,0.008805418890152935,0.003079467499348167,0.006969056857884834,-0.0006913662989127672,0.002920905665332533,-0.015539715101092866,-0.0044633841711547995,0.20213333333333602,61.666666666666664,0.0142487596666667,-0.0002339403493110001,0.00018962683410116664,-0.03333333333333366,-0.19999999999999998,0.004117954409287233,-0.0119002829332331,-0.017926525215899,-0.019791800805334332,-0.0161507944619824,-0.0052702020088808005,0.0023839675307849337,0.0017762900875309667,-0.0015943214682722668,0.0042348981551842664,0.0012879758429627335,0.0017097185922854332,0.0006244447871761333,0.0025633055342926666,0.002739217373556167,0.003314094330254567,0.0027105423886784,0.0009257836532695333,0.0017589181430383,40.43333333333333,0.06666666666666667,40.96666666666667,7.31806179381864,-0.1015370448507434,0.027793869646349872,6.369640636559293,5.966124873574036,7.289884062141383,-0.009543937558109799,0.015269845343766799,6.280077158526076,5.991458307466247,0.0025595972836297332,0.004269976644874134,0.0056914588984581,-0.0034437086666667,0.0008981009928087667,-0.0009341317236692667,0.0026879698381326333,0.007580791810632668,0.0065270746380432,0.005213357218317899,0.0029511920041933332,0.0014689259783079668,-0.00022948920949099997,-0.03507123333333577,-0.002593037839696201,0.03935068599999993,-0.02339450972986883,0.17,0.20333333333333337,0.19999999999999998,0.2100000000000001,0.2533333333333338,0.29,0.29333333333333267,0.16666666666666644,0.14000000000000004,0.043333333333333335,-0.89,-0.62,0.19333333333333336,1.3533333333333335,1.8800000000000001,2.8066666666666666,3.99,0.004638459261976066,-0.011497728197912333,0.020460152333363398,-0.008222328682000367,0.0009359019114792334,0.0012710706619788,0.001245152021367263,-0.0021252178974764326,-0.00048788047760780123,0.0252054452326972,0.0002779343766180667,0.003254945230322833,0.0012380082321238664,0.00020914874984136154,0.0006027729189277334,-4.4562572396499856e-06,-0.00028217502178876666,0.0002772088312165335,0.0005766457909771334,0.0002807413134900333,0.0004724781096892667,0.0005622577893218667,0.0014545054987907997,3.0003384540100013e-05,0.0015728033726108666,0.0037669488645854002,0.0006633100137904666,0.0003578618359310999,0.001618993773240867,0.002087948175847233
1988-06-01,0.0035530195141343997,0.003953237073311267,0.003413596572356167,0.0020901819562754334,0.004447182077485033,0.00268276458319,0.0018241183983400333,0.0015604671507372,0.0020330304350455334,-0.003548224467967267,0.0041168160375762335,0.0012425139493291333,0.0037000644924862665,0.00043457222525746664,0.004129882636936034,0.0009343865885267666,0.027215296249397464,0.0006513880922286667,0.0420666666666659,-6.666666666666667,-0.003285139333333366,0.0028893199976428668,0.0028749078345852003,0.0,-0.06666666666666698,0.008191465878680866,-0.010477290549266001,-0.0016230504779368691,0.01743051584253267,-0.02072574831729697,0.001060727492821066,0.0022535011798959664,0.00041821761163456664,-0.0036520707150516,0.002540662706352967,-1.8630820971900074e-05,0.0008819554131699,-0.0014427955002792332,0.0027925689801376664,0.0029435607855069997,0.0029703360328460333,0.003092054930119033,0.0007695270828230001,0.0011991447621800334,40.43333333333333,-0.06666666666666654,41.03333333333333,7.299320892396774,0.038356443261596575,-0.030439386178263302,6.350212538043347,5.97567692352882,7.2870218242755165,-0.03650617526882683,-0.025852744781960067,6.323123530675243,6.03066777620768,0.0103035931205658,0.008358608950713267,0.0083612507004081,0.0034437086666667,-0.0007491195688995334,-0.0012051202848161332,-0.0012740833740272333,-0.0017072028541583334,0.0038647978514401334,0.0022694304473965337,-0.003288859296611133,-2.1750803700333315e-06,0.0006291831424416334,-0.46427799999999797,0.009748033384587034,-0.0030942963333333386,-0.0234107344906264,0.30666666666666664,0.3566666666666667,0.26666666666666633,0.27666666666666634,0.25666666666666665,0.11999999999999972,0.05666666666666667,0.0699999999999997,0.056666666666666976,0.09999999999999999,-1.0066666666666666,-0.7266666666666667,0.04666666666666667,0.9400000000000001,1.3233333333333333,2.22,3.35,0.038464779811321764,0.023161222385133667,-0.032367903397627865,-0.0036841767427692,0.0006052770805003667,0.0009267099727688668,-0.0015893789727157998,-0.00036217682614630005,0.008809195246449797,-0.008095781242064467,0.0005513586983474833,-0.004050975783803716,0.0015080027209902205,-0.0005141502996754333,0.0002896863379776666,0.00029658640899475657,0.0005159539387226999,-8.611150579266669e-06,0.0002755325520699,0.0002737967295158,1.86875112175667e-05,0.00023913227716216667,-0.0003476698003307,0.0001170000932838084,-0.0006292017195475518,-0.0005359057960323002,-0.00033681025695680007,0.0007598421466680333,-1.1499952841266783e-05,-0.002549568029307567
1988-09-01,0.0025986573913497667,0.0027878131717725004,0.0026310600068969996,0.0051778860386975335,0.008623849673568865,0.001232865514359067,0.0020051346031492332,0.0024818464775166,0.0011453866190868332,0.0134998596230182,-0.0035844750781015996,0.006238376886666633,0.00032140057506230003,0.007265222708857967,0.0009644841654071002,0.003700798587351433,-0.015851925998549135,-0.0038839695894156336,0.24300000000000002,-35.333333333333336,0.006007329000000001,0.0013945540206284999,0.0023568626999737334,-0.10000000000000002,-0.3333333333333333,-0.0079761342605119,-0.0010152292111854668,-0.0367284565231231,-0.03275888692314053,-0.040995074281222336,-0.026725032210830335,0.0029613634189023332,0.0014457719998883331,-0.007476486217501966,0.0003162255557663999,0.0020802058559331333,0.0023304826999783336,0.0016826554324348,0.003403646168810734,0.0012966078435153333,0.0023908398029218,0.0003925640565505,0.0010743620688865333,0.003816042432519566,40.46666666666667,0.06666666666666654,41.06666666666667,7.331282357306123,-0.028740391815709938,0.0292250557520965,6.3965260776691295,6.1131822025179305,7.303995621459464,-0.027324527653226707,0.001341383433243401,6.330585820319382,6.144985289269273,0.0006357169203438003,0.005371303073472267,0.004081295610705,-0.006887417000000034,-0.00012934166421569993,0.0011282883100352408,-0.00045717366316643334,0.005778729868223333,0.006430064700111299,0.0022560311989842335,0.0007735277768772665,-0.0011306482829438666,-0.0019605467136732334,-0.6854063000000017,0.009102242506820032,-0.00037988566666663043,-0.0207129872201327,0.1133333333333333,0.13333333333333344,0.2333333333333333,0.15666666666666676,0.1033333333333335,-0.05000000000000032,-0.09999999999999969,-0.21999999999999983,-0.2433333333333332,0.07666666666666666,-0.83,-0.6833333333333332,-0.05333333333333334,0.3833333333333333,0.6333333333333333,1.3133333333333332,2.3166666666666664,-0.025401202931809568,-0.027422489209885565,0.021310155722622667,-0.0013921323924095327,-8.978071062002834e-06,-0.00032181367519583127,-1.6973505205902853e-06,-0.005898791821762367,0.003737745737983767,0.0102201794632378,-0.0002933238630594298,0.0046178693444764,-0.0021405006443148337,-0.00026180891050812076,-8.676149698866616e-06,-0.00030530691223373336,-0.0005419311533669666,0.0002682966887999061,-0.0002962191399271333,-1.241735296573331e-05,-0.00021406424380609999,-0.00033576234596563334,8.241493503469996e-05,-0.00030975573434706665,0.00030505272626126667,0.0002638174521038667,0.0003201109529704,-0.005602007395154933,-0.0022296952619402332,0.0015528561332329666
1988-12-01,0.0056366753999762,0.004971329982713099,0.0017019846742530999,0.0010343517766842666,0.00031724456455426683,0.0010070411487044003,0.0016706003527531333,0.001980396267310733,0.0019710219742483,0.007930643999383001,-0.0004118153524587667,0.0031222650772085997,0.00021661296183296658,-0.0026371298148377327,0.0013921753812787332,0.000963937493006666,-0.0013305797119438957,0.0009418882839471668,-0.037033333333330955,-14.333333333333334,0.004738579999999998,0.001350847347835567,0.0019352270414767093,-0.033333333333333,-0.06666666666666633,0.010280049600584833,-0.015611593934183432,-0.03948815556262066,-0.04469725789943574,-0.0339106309726579,0.014867139454263835,0.0025228578130954,0.0006928568974142666,-0.0036754897479325337,0.0003159258442663668,0.0009614146846453333,0.0009336652441150334,0.0010055311798086667,0.003053444198294833,0.002861762342896234,0.003980949227847401,0.002368791435130133,0.0008162436483546001,0.0012374163487697,40.36666666666667,0.0,41.06666666666667,7.3356959816199705,0.006259964883863166,-0.016202566355126503,6.391999405682136,6.013473957534884,7.278730015248274,-0.0016792646766500368,0.024511361348716693,6.290509777057767,5.993880934182833,0.0112429470159506,0.013408215735777168,0.009437044930834868,0.006887417,-0.0014872370586068,-0.0016150298323092,-0.0022411317040920333,-0.0128194706212715,-0.0177380213509141,-0.013487177255900132,0.004779125965032867,0.0004573196754951668,0.0009393187690159994,0.20954726666666534,0.027153648819660103,-0.06366042866666667,0.0018299066452119666,0.3366666666666663,0.23666666666666625,0.2566666666666663,0.22999999999999998,0.25666666666666654,0.16000000000000017,0.06999999999999983,0.06333333333333376,0.043333333333333036,0.09333333333333332,-0.79,-0.7033333333333335,0.016666666666666666,0.09000000000000001,0.04333333333333333,0.53,1.5566666666666666,0.0233532924250323,0.012050436449556168,-0.010313670745889134,-0.0081686467902869,0.0011728691563949627,0.001792315668293587,0.0008875190154359001,0.003884429730465336,-0.0072194229511291326,-0.024803304831488432,-1.1888350104077755e-05,-0.004247044176083866,0.0017904269308118826,0.001128699966967167,0.0002827389348816333,-3.7369417240666627e-06,0.0002463760451141938,-0.00028636945113577595,0.0002702511094447666,-1.1223376048633333e-05,0.0003348591691839666,-2.2911089108850244e-05,0.0010464635740874998,0.00011067625309213343,0.0003017096851333385,0.0002578310633305333,-6.71510173627972e-06,-0.0004787748396963369,-0.00017697912790796502,-0.0017425286713175332
1989-03-01,-0.0010252798564120667,-0.0012382574133618998,0.001365345764697333,-0.00045315908374789996,0.010296364424521634,-0.0011032116196343002,-0.001737560838456,-0.0020237700138281338,-0.0031335963314390665,-0.009427389478507435,-0.0006053492684590668,-0.0011233142457479667,-0.00034954699083119986,-0.0035247302216786327,0.0007060977820137334,-0.0023642366701075333,0.0025360563479368014,-0.009273102272731032,-0.3671000000000027,-31.0,-0.005501609000000033,0.0009164310400422666,0.0009207203430942711,0.0,-0.13333333333333353,-0.015158978790203401,0.0189837353217695,0.011061849661884601,0.021699634070451796,-0.0005253481518218694,0.02202684716312873,0.0015045999354897002,0.00012456144138010003,0.0025218257166974333,0.0013236284764973668,-0.00027704669831446667,-0.0008431961613688667,0.0006209550170499334,0.0019022489727523,0.0021117824417734334,0.0008006714235519333,0.0032212776851038333,0.0006108737201433,0.001195547870583,40.43333333333333,-0.06666666666666667,41.06666666666667,7.21772792481649,-0.07438118377140325,-0.011697106603756766,6.29130942350985,5.912929726867479,7.18639171450734,-0.041160352257009834,-0.023175354216203464,6.2121924330364235,5.961766699376663,-0.014583832065404466,0.005322257908107533,0.007577427732587766,0.0034437086666667,-0.0009945228529109334,0.0005646975234980334,-0.0035544634396527997,0.0070657235515418325,0.0022876231690570023,0.0033119980953951003,-0.0031124209747088335,-0.0003761348770924668,0.0003146209185894999,0.191193500000002,0.0218315655030755,-0.03963540866666667,-0.002689396287772867,0.1500000000000003,0.03333333333333366,-0.03333333333333335,-0.04666666666666667,-0.09000000000000001,-0.12,-0.10333333333333333,-0.02333333333333353,-0.04999999999999966,-0.09000000000000001,-1.2,-1.1966666666666665,-0.5299999999999999,-0.5933333333333334,-0.7000000000000001,-0.11333333333333333,0.7466666666666667,0.03130768556864733,0.025429398827475264,-0.0241824632290846,0.0009517417729876335,0.0002503822000416667,-6.470528783855159e-05,-0.001204663302400084,0.0022602020045663002,-0.013441863825762429,-0.0065892181178322,0.0005224501037271668,0.004522256326448366,-8.512498106286644e-05,-0.0005000059041219,0.0005458104905502999,-0.0005947072645007,0.0002385639617491,0.0007986371432305333,0.0005292995093973332,0.0005282354266287667,0.00010739634550383335,-0.0002266568914560668,0.0006920963413502337,-7.74270126247333e-05,-0.00031013461855583323,-0.0007797463474026666,-0.0003282081901724628,0.009342320530487632,0.0038496253533898336,0.0019045011832445
1989-06-01,0.0027589943257547663,0.0025140683123823664,0.0048300786331479,0.0038899226152390334,0.0069371356790218,-1.2968928071019117e-05,0.0004978450975891332,0.0006709300729585999,-0.0016116134574610333,-0.0028999891922136998,-0.001094775666494167,0.004642727998317967,-0.000620639854448,-0.0015199413572758664,-0.0020858442578898,-0.0004205894493152663,-0.0055960352162634,0.002014865528508667,-0.2412666666666666,-48.333333333333336,-0.012625334999999967,0.0018629241403693,0.0015789607834281998,0.0,-0.1999999999999997,0.004124659162481367,0.008447657076951099,-0.011573489567912732,0.012822093609265442,-0.04137072356934363,0.010117114474712833,0.0006387914912704667,-0.0005678239180468667,0.002103688424909366,0.0019443715557094,-0.0014072531363288334,-0.0021780638343997334,-0.00019093990688646666,0.0009847372991439332,0.0013906168461735667,0.00013325845654796795,0.0014562865627561,0.0008634925463694333,0.0021004763031147,40.36666666666667,0.0,40.9,7.233282942611377,-0.059227059079150074,-0.017655178526636534,6.289638105259967,6.040332366630274,7.179931537167614,0.007533277305746498,0.014353163153480203,6.216916974232973,5.9735282284371465,-0.0015431870592118337,0.003070617439931266,0.005257804451291,0.006887417333333299,0.0024865647193135997,0.0017734620573689665,0.004730911386049,-0.0009209297140915998,0.008876523066301266,0.006819474462518467,-0.0005480964797067997,0.0017419085581821335,-0.0013198487393323334,-0.32983506666667034,0.033032304477865836,-0.068135193,0.022402043231573767,-0.2733333333333334,-0.3,-0.1766666666666662,-0.22333333333333302,-0.26666666666666705,-0.2733333333333334,-0.25000000000000006,-0.20333333333333328,-0.19333333333333313,-0.4666666666666666,-1.2766666666666666,-1.4933333333333334,-1.0833333333333333,-1.1833333333333333,-1.1166666666666667,-0.25666666666666665,0.6733333333333333,-0.013474814955496434,0.0086434424694796,-0.0074412465711016324,-0.004701058931447201,-0.0038157318903329334,-0.005048029074057566,-0.0014866421429043334,-0.008769317212000067,-0.0032394468256998986,0.014937009128024864,-0.0016207487360114844,-0.004240605837927,-0.0049206559517832,0.00018062116603060184,-0.0025659394865297277,-0.0002977519924047044,-0.00027166602849393334,-0.0013551034929184665,-0.0016488079784417334,-0.0016393475665482,-0.0011737880418332001,-0.00023111466041660002,-0.004057669000347367,-0.0001381517448818811,-5.489778855364621e-06,1.786144342466658e-06,0.00031597769040940993,-0.0024476696249156006,-0.0024048564752489,-0.001519624161028383
1989-09-01,0.0028569716344174333,0.0025602946379266332,-0.0006897670627175667,-0.0026094462682664,-0.0011283049217117337,-0.00041419023038799995,-0.0008299969198685333,-0.001965966766004667,0.0009132938686858333,-0.0039551879625049,0.0027666054789223667,-0.003737539697741567,7.764320709120001e-05,-0.0022245506354512667,-0.00023488389592843338,-0.0008661246467740333,0.005616757813225934,2.634202957393338e-05,-0.2959666666666673,-29.666666666666668,-0.011934666999999934,0.0012620441678509668,0.0007273234422046334,0.06666666666666687,0.09999999999999953,0.016520134070351102,-0.0004910386353250996,0.02844862810785287,0.009302929372358866,0.052232817302019036,0.0022346452407303644,0.0019427797320119334,-0.0005410243191997999,0.0021401093794744,0.0021195757472262998,-0.0014504904338341,-0.0024674547213733335,0.0001432151830123,0.0026498574719434,-0.00041361996591683333,-0.0008257904811065,-0.0012228527418513,0.0006588118196795334,0.0012576537510652,40.333333333333336,-0.03333333333333333,40.766666666666666,7.204593040970416,0.0706567502386968,0.08777645341590672,6.249403735842127,5.934169798187277,7.201048809248903,-0.019162363639226535,0.010063657426383299,6.209848951989476,6.014808871822183,0.017743133358693566,0.004563626572008333,0.0024818583582041334,0.0034437086666667,-0.00013455097634315657,-0.00034500583861726673,0.002595093212039,0.006302608182689466,0.006640199812305934,0.0083742976214526,-0.002059393333962767,-0.0012652563246854,0.0010127487819359,-0.2944698666666645,-0.0062125657732481,0.05598135999999993,-0.009746691049360033,-0.14666666666666653,-0.07333333333333367,-0.06999999999999977,-0.08333333333333333,-0.13666666666666671,-0.09333333333333331,-0.07999999999999997,-0.023333333333333466,-0.0233333333333334,-0.27666666666666667,-1.11,-1.1866666666666668,-0.81,-0.82,-0.7799999999999999,0.1366666666666667,1.04,-0.0084572851897804,0.0047929710182404335,-0.004651776732170266,-0.0017338204371643998,0.0017549366678017134,0.002377004677147967,0.0005957701913652,0.0100774505409896,0.015077436244913233,-0.012416434806395633,0.0013264376171603,0.0045114672153946005,0.0023185956770358338,0.0006032052560781,0.001701424282501333,0.0014829384261822681,0.00023515116662349567,0.0005294902961846003,0.0010831311994363001,0.0010752697496275332,0.0006850082746154666,0.0009363886279602666,0.0019872186038417334,6.0808024672599987e-05,0.0005935875229021344,0.0020340936794133,-0.0006444182793290811,-0.006057048861795999,-0.0009131208846291334,0.0024128327774194333
1989-12-01,0.0021654251180258334,0.0016405327297318332,0.002722592883677133,0.0034020846973040336,0.008552831187371867,0.0031609543684902666,0.004143087957297133,0.0041973675376387005,0.0023084367447596663,0.004509832180907568,0.001521313084796067,0.007401546502937366,0.001989815215576833,0.0013156629985595668,0.0046923698511527005,0.0044278155791304665,-0.02747404718601,0.009627477672820168,0.13693333333333133,-37.666666666666664,-0.0031656473333333338,0.0028573848045378666,0.0032268616763406997,-0.033333333333333666,-0.0333333333333332,-0.0024729634291359,0.0050395172676296,-0.0163809452198658,-0.016569338819886998,-0.016161622421941267,0.0206300838059358,0.002089947631465767,0.0008319817955365335,0.001830555002513833,0.0032158567301804,0.00013043032857853326,-0.00015291221578016614,0.0005722462063513333,0.0024454874251122,0.001783757361627867,-7.633005147470004e-05,0.0021439878124039666,0.0007585530088386667,0.002207879132405633,40.166666666666664,0.10000000000000002,40.53333333333333,7.2495555199074895,0.06449828579735979,-0.044663615294409965,6.253484236349347,6.072732023631296,7.30607640843064,0.02652914597278323,0.014547763243969983,6.290586473544249,6.099541957327287,-0.010601941180241298,0.007608268525810767,0.0003751733673157667,-0.010331126,0.0005791506181465001,-0.000746199273009979,-0.0006569467519428334,-0.010394385316536968,-0.015165113468735997,-0.022592642140468234,0.00023086161668096675,0.0005429061199769331,-0.002204244100161861,-0.8965096333333351,-0.009692772681766533,0.0625165216666667,-0.008206558209167568,-0.10333333333333344,-0.06999999999999987,0.016666666666666736,0.0699999999999999,0.1133333333333334,0.20333333333333345,0.20000000000000026,0.10999999999999997,0.10999999999999992,-0.13,-0.6366666666666666,-0.75,-0.38999999999999996,-0.20999999999999996,-0.13333333333333333,0.7166666666666667,1.6600000000000001,-0.028127058804602836,0.0049763366138675,0.02520039910679257,0.007551107563922233,-0.0008645528021773661,-0.0008653706108402321,-0.0020543132996764996,-0.002274242517507866,-0.003414154435214501,-0.0007196936870786005,-2.1804510115066775e-05,0.004674693811424833,0.0008605621312511672,-0.00048177586053733935,0.0005358846721827988,-0.0008911120138803918,-1.8698054472154983e-05,0.0002504522578767668,0.0005117681750090372,0.00024695861374073036,0.0007399139492924666,0.0007693878909158333,0.0022389791221820005,8.560948886206666e-05,0.0011619893606903988,-0.0010278754137824332,0.0034613210540409664,-0.0031285931401482336,-0.0009049629839997334,0.0030764054402272335
1990-03-01,0.0020821760474844003,0.001954363955974233,0.0015200031916655001,0.0007707338108086671,-0.0018439758325149668,0.0018183262653141002,0.0019396735105176998,0.002227601261997333,0.0004381930652328,0.0012539713000476675,0.00014255054822036664,0.008363044280936233,0.0016735012317253665,0.005999832197963066,-0.0024888312526455667,0.0013156750680947335,0.02798179859407847,-0.0250808323741524,-0.1037333333333333,-63.0,-0.012331671666666698,0.00048489096518440004,0.00025747590941983334,0.03333333333333347,0.0333333333333332,-0.011147200682700033,0.031241611700085797,0.015674979548287563,0.0200461195795111,0.010516119244975366,-0.0028030999103568328,0.0011918673916403333,-0.0025301091806018,0.0036312248790482,-0.005898759998580367,-0.0018119539886432999,-0.0022405437087537,-0.0011454764995271,0.0022338016832736,-7.35202220347488e-05,-0.0006495121164072,-0.0003328290745502247,0.0008576117733684,0.007650252400676266,40.1,-1.850371707708594e-17,40.53333333333333,7.130315572832607,-0.17182200110749982,-0.01632466819882013,6.196696006409294,5.871148244416176,7.045189516643416,-0.1244014152966466,-0.08309431317241654,6.068110188446901,5.851210120204577,0.012337036346746532,0.0072854002719147,0.004260271163637633,0.0034437086666665993,-0.0019161933115850332,-0.0014067903726170665,-0.0006179060134646334,0.0060864243791139,-8.09779321515001e-05,0.0071864258347017025,-0.0010232964603857334,-6.725714564424937e-05,-0.00041572654662520007,-0.969020133333335,0.019397274433551732,-0.03326980066666663,0.0311706202697891,-0.0200000000000002,0.03666666666666656,-1.3299546649155522e-16,0.01999999999999973,0.07000000000000019,0.10666666666666687,0.09666666666666619,0.08333333333333343,0.08999999999999973,0.036666666666666674,-0.4366666666666667,-0.42333333333333334,0.11666666666666668,0.4633333333333334,0.47333333333333333,1.1933333333333334,2.0666666666666664,-0.015616571076122068,0.018578628062002767,-0.0036955074424940676,-0.006129277506195868,0.0005671349973074485,0.0011445000020951668,0.0026490205641772,0.000983501956671499,0.0016940050717994999,0.011633930548912397,-0.0007878371378936666,-0.0060563697684375,-0.0011362076757246667,0.00015471123903969998,-0.0013837020007928334,-0.0002940744198971599,-0.0002630400822901334,-0.0005298154708883333,-0.0010678900420056,-0.0007981192407173396,-0.0007169513825300666,-0.0014170401323040335,-0.0021657891363690003,6.840495741102739e-05,-0.0011882134486825666,-2.2427131446665395e-06,-0.0019133403517549667,0.005459280411688634,0.0022195623351592996,-0.0030833248925903334
1990-06-01,-0.0004068325801901999,-0.0005013258481536666,0.0018384248674852336,0.0024059567830263,0.0057151339173486,0.0017814224689465669,0.0011696670578696334,0.0016612244596986004,0.0018485660571168668,-0.005746390250097666,0.004572867997152234,0.0037291018149397336,0.002514430336808033,0.0029433100520130998,0.0004875180747650335,0.0015188554147492666,0.0002652714428735663,0.0223054739582024,-0.05556666666666385,-71.0,-0.022844858,0.00025673296674826664,-0.0009777848293553626,0.09999999999999999,0.16666666666666682,0.0210312607143989,-0.0022109300600397642,0.04241318522005807,0.0429395396029513,0.0417819360126943,0.02615720514716517,-0.0006744627108551666,-0.0033378490506473664,-0.0010754274372087333,-0.0054951505020923,-0.0027459765214961998,-0.0035604604832499332,-0.0014854237667757334,6.205230251350002e-05,-0.0009130005118838334,0.0005413479477021667,-0.0015119935912988002,0.0008554109406760001,-0.0025547045026120332,40.13333333333333,0.0,40.6,7.050982384917407,-0.01859711987613663,-0.02125553945299667,6.1799692973106595,5.7515794002944,6.989217843267073,-0.0304499261960765,0.004535217351926733,6.02982508454733,5.79071632885728,-0.0089638128425206,0.0009698654472227999,0.0034467122035651662,-0.0034437086666666335,0.0030829177654905665,0.0019083054875892,-0.0021176081631732666,0.0014257319406263003,0.011401575925727167,0.008732068074489901,0.0008564718849666669,-0.0017893406913091,0.0008905393661796335,-0.48838523333333267,-0.019094794074017134,0.08800447566666664,-0.008118329386140368,-0.016666666666666528,-0.123333333333333,-0.09666666666666657,-0.12666666666666668,-0.18000000000000002,-0.1000000000000002,-0.003333333333333225,-0.020000000000000195,-1.3877787807814457e-16,-0.18666666666666668,-0.59,-0.68,-0.25,0.21,0.37666666666666665,1.1133333333333333,2.0866666666666664,-0.027440873585076634,-0.014558623054270766,0.041764295721743096,-0.008594282195866366,0.0033715069659022673,0.003969220078277933,0.003527369776845633,0.0286692433427156,0.13193299974103123,0.016562109603993864,0.0022811347403379665,0.0010728910036359,0.006698616070105812,0.000346921106770508,0.003262668788721,0.0005884085081898329,0.0011684613457616998,0.0025444052625331667,0.0023320075448136665,0.0020578815822341998,0.0014607608815578332,-0.00011315674038873322,0.004001374970333,0.0006970293953744666,-0.0014598254996410055,-0.0014936544783452,-0.002175917689870833,-0.001877475800745534,0.00022404752116849994,-0.0012628043823476336
1990-09-01,-0.002782883375299867,-0.003940161673126466,-0.0023327110801046667,-0.0115823379234469,0.0013878374450702665,-0.0061693145146222,-0.005927223071076067,-0.0069583688701851006,-0.0061430832764605,-0.028608894195516234,0.0015805414128759667,-0.008747441536785699,-0.0064581050530206005,-0.011626158920157168,-0.0013940394810412335,-0.006774501258203534,-0.004739100979767499,-0.016702109357525533,-0.6834333333333357,-202.0,-0.039827241,0.000211589840213,-0.0013945845310718667,0.16666666666666666,0.066666666666667,0.012029304953649967,0.0298284639590228,0.0434977263123327,0.043082094646427066,0.043996369341468756,0.05023525720694386,-0.0011698697733848,-0.0051848004454638,-0.00029390156202276676,-0.0089720458110888,-0.004219225041370066,-0.005840390553354166,-0.0017333564987307333,-7.368839534706604e-05,-0.0006790071134272999,-0.0018249850964627999,-0.0006773085034250333,-0.0009561919946060667,-0.0001264439462058667,39.93333333333333,-0.06666666666666654,40.36666666666667,6.992311131481951,0.08194498750542646,0.009466491507233167,6.069255844596573,5.628590119501233,6.853399821170297,-0.0209336337463434,-0.0314698948236899,5.9151168578654305,5.5639791229359,-0.023699899310379666,0.002083718511512933,0.0029972727467934,0.010331126000000032,-0.0014030943047114001,-0.0014668495736256668,-0.0031676999475947,0.0039341350820449,0.0065166658407263675,0.008815499490148367,0.0006331235365895001,6.432703440053344e-05,-0.0006723474023022999,-0.31654340000000064,-0.01595665092440157,0.08254601399999993,-0.008522693986487665,-0.10666666666666713,0.0100000000000001,-0.12999999999999998,-0.11666666666666654,-0.15666666666666682,-0.1399999999999999,-0.11999999999999966,-0.0366666666666667,0.06999999999999955,-0.09000000000000001,-0.8433333333333333,-0.87,-0.5,0.24666666666666667,0.6266666666666666,1.4233333333333331,2.6266666666666665,-0.013181674639754634,-0.04402716756663357,0.0108490583360445,0.005400918166701733,-0.0017466533576797332,-0.0023553503810275333,-0.0026766674861005667,-0.05186669238846763,-0.16111360579377568,-0.032376671067180965,-0.002049147167364906,-0.0008041821351278998,-0.0048073928638412,-6.601783010838598e-05,-0.0027331478936751335,-0.0005884085081897999,-0.0009698176462571975,-0.0020633076860496332,-0.001842755927466884,-0.0018218231386433453,-0.0017875321472381335,-0.0003703600263926333,-0.0040346907591899,-0.0011323367471195,0.0002902336564146668,0.0014870061094668333,-0.0006085119503157835,-0.010925116965079099,-0.0010930158879389332,3.684654134220004e-05
1990-12-01,-0.00016801055050486667,-0.001905701260182433,-0.002180804188816633,-0.0037246651855653667,-0.004894907685503234,-0.0058780726854147,-0.005728966275372366,-0.004767272452492133,-0.004102651171963067,-0.013283591676600233,-0.0010276128836303334,-0.0061516233533002,-0.006057788388546599,-0.010948163111599865,-0.006210886452088,-0.007084495666793333,-0.0001878710160203,0.009360514890778934,-0.6535999999999973,-116.0,-0.022904353333333332,-0.00013222790975576666,-0.0015560977901470999,0.13333333333333322,0.09999999999999953,0.013568592087412465,0.0339144780771828,0.021842642581651934,0.017248031521829067,0.02726523940844437,0.026695250892364797,-0.0014895929333100999,-0.005528617226816533,-0.0005885816714664001,-0.011041179650482832,-0.004137731988608967,-0.005590024478297599,-0.0019365825471068332,-0.00040363587665783336,-0.0026703600910895,-0.0024790424207446335,-0.003391949149039,-0.0006558206176556667,0.0005776383264374333,39.93333333333333,-0.03333333333333333,40.199999999999996,6.8101671035598565,-0.2024015835864065,0.020678463639816846,5.931944625038404,5.453710098747884,6.724603614782873,-0.0392610118854601,-0.010051012723563332,5.784853411232143,5.408187784486174,0.005307179137843066,0.0032584945649999663,-0.00040282459672563313,0.013774834333333333,0.0012757234835850332,0.0013616562162461667,0.0015264289219437332,-0.008167492378631167,-0.02151988216160647,-0.020489548954895534,-0.000943507337484433,-1.389423432813344e-05,-0.0006244731846655334,-0.8239248666666672,0.04628977861430336,-0.155474786,0.054557510394554136,-0.5199999999999997,-0.473333333333333,-0.37333333333333263,-0.366666666666667,-0.3466666666666667,-0.18333333333333304,-0.18000000000000008,-0.15666666666666687,-0.18333333333333313,0.30666666666666664,-0.5233333333333333,-0.52,-0.17,0.8099999999999999,1.1833333333333333,2.15,3.4933333333333336,0.003062242702848267,0.003388655150055566,-1.6970869506200092e-05,-0.0024729812071014666,-0.004090885080399833,-0.0054825130483553,-0.0037144083348508,-0.006327373121394128,-0.029801859735481998,0.012485736351432434,-0.000501411854828616,0.0010490436143397667,-0.005601319624506233,-0.0006404116147701666,-0.0015868836637604666,0.0017421642445140668,0.00021036575474209996,-0.0007519455968552157,-0.0010162609497863975,-0.0007601675662417333,-0.0002529397543125334,0.0020315456470125994,-0.0019575686707871665,1.3567545385099992e-05,-0.00028600030354550016,-0.0019615709913030667,0.0009170111239633598,0.004069068289470667,-0.001065000628957,0.0012859719051470666
1991-03-01,0.0018463983536769668,0.0008747990528293999,0.0036406605368238,0.0072944873927809,0.005371248412072166,0.002300797812196133,0.002405782375694733,0.0031870516888626,0.005881515248055032,0.014542017282180469,0.0031035477925982994,0.0018363563396494333,0.0021730056473048,0.0004393112111871335,0.0013152215715411999,0.001184907761463,0.018446670378663068,0.002863056053119666,0.019733333333334675,-27.666666666666668,-0.009820708333333332,0.0004123777271018668,-0.0008928766579370667,0.10000000000000014,0.06666666666666703,0.003330585577306401,0.0160946691240659,0.04714283894670499,0.046408002539269765,0.0479951360168025,-0.026508770701020968,-0.0014808830988339331,-0.004130105561065,-0.004199141612321066,-0.008840069936464733,-0.002761264963584233,-0.0032043748247853,-0.0020944517411601664,-0.0007775992826613334,-0.0022717510101290333,-0.001466538529927,-0.002833826996461933,-0.0017721112090776667,0.00028844422207306665,39.766666666666666,0.0,40.1,6.87932069105171,0.10650755943581323,-0.06786631841374674,5.9627448968961465,5.495653004473977,6.844424598754693,0.036160214331356834,0.03546013451952307,5.910776494851803,5.536677330067866,0.0017364797266221667,-0.004815587559711733,-0.005840025144614434,-0.020662251666666732,7.706045481103341e-05,-0.0006403671512357015,0.0018847380061227,0.003131905782934366,0.008051027769273732,0.0052395209580838,-0.0018243979612361666,-0.0013852125081239332,0.0005515183453397001,-0.9550817666666647,0.014168518059474167,-0.04402955233333337,0.0201159142973397,-0.15666666666666665,-0.19000000000000003,-0.16000000000000006,-0.10666666666666642,-0.046666666666666336,0.07666666666666687,0.0733333333333336,0.009999999999999768,-0.07000000000000016,0.19666666666666666,-0.26333333333333336,-0.19000000000000003,0.32,1.7866666666666664,2.1366666666666667,2.9466666666666668,4.026666666666667,0.04627297539894843,0.019070707550884667,-0.04350098963395219,-0.0014462593554742666,0.0030056072694588667,0.0038490900020517666,0.002571692592812367,0.0305496437072789,0.0718387738324286,-0.004058992213817767,0.0009840051594179001,0.000255589492705412,0.006176330350460099,-0.0004206402461722973,0.002113887689141049,-0.0005897574498948416,-0.0004715725336549333,0.0009856436862577666,0.0015071615729486335,0.0010017538218211333,0.0012087481220198334,-0.0015613952945600334,0.0031982851198434667,0.0009042143315429667,0.0005702931423846001,-0.0002435757019844005,0.0012044577995045,0.005518369382854166,0.002573615654058567,0.000303636711856
1991-06-01,0.0015850864245331002,0.0014684208879795666,0.0011702113896124332,0.0014190954652874997,-4.288568068433358e-05,0.0036388400547192664,0.0030484221688492335,0.0028043389439443,0.0031991007210236664,0.0093472524478629,0.0011156376171239336,0.0040379524041147,0.004380301231533467,0.010389598184842233,0.004071606804976667,0.0052525914582555325,-0.000906665497027166,0.0006061208588059333,0.33463333333332906,-36.666666666666664,-0.0033135563333332994,-6.869420271666464e-05,0.00012486307774576668,0.0,0.3333333333333332,-0.016512030892588566,-0.013297109675767367,0.029447546555609005,0.0224084352825958,0.03741113164852967,-0.011686453743196266,0.00014161340984128497,-0.0018472180213381332,-0.007338454807347734,-0.004685555663244834,-0.0008798433122502334,-0.0022517095756834334,0.0011706187038467667,0.0006649597688135668,-0.0002850605927454941,-0.0005767518652337,-0.0005437527907912667,-0.001220629987736,0.0012410644310888667,40.1,0.10000000000000002,40.5,6.955855136519227,0.008439269328096766,0.03079110671034023,6.051589839148593,5.568451318026573,6.867200514314017,0.021123204644196567,-0.001532569749543367,5.943509260525123,5.511476757101126,0.013771213210304908,0.0022272768725854334,-0.0015882451688001,-0.0034437086666666335,-0.00024028951703946653,-0.0011678858115183,-0.0012462592916403332,-0.00010802869229176663,0.0073905693338336,0.006653359946773133,-0.0007034791574920001,-0.0009901671606354,-0.0012417687694530667,-1.0802318999999982,0.009913117564968767,-0.023091751666666643,0.019119697534130467,-0.040000000000000036,-0.06666666666666683,-0.043333333333333425,-0.07333333333333326,-0.11666666666666657,-0.09000000000000007,-0.05666666666666657,-0.03666666666666657,-0.06999999999999977,0.16666666666666666,-0.3,-0.18000000000000002,0.3566666666666667,1.9666666666666668,2.356666666666667,3.1266666666666665,4.04,0.014040698637930666,-0.0034065867506241003,-0.007766619917096766,-0.0013652292768863334,-0.0002733293970349334,0.0002809032477744334,0.0008783519196864666,-0.003328137011795134,-0.0024646680571402285,0.007635094138058733,-0.0002538590396212001,0.001788969917779033,-1.2288559966333485e-05,0.0009035222958730001,-0.0005303474894100334,-0.0014386526974252665,-0.00023935368335753057,-1.085326173173334e-05,-0.000509903287341,-0.00025520629065309996,-0.0006016555579071332,-0.0007467404394488,-0.00025108913549289996,-0.0007142248467101659,-0.00028429283883912946,0.0014641311973053333,-0.0009061729175564782,0.010515061373761634,-0.00027779854610326645,0.0006784018965602332
1991-09-01,0.0019482892181148,0.0009289844323294667,0.0003868579284151668,0.0006780588232212333,-0.00010294815082549965,0.0019410217426392331,0.0028239558129676996,0.0034009214866118336,0.004531654918439233,0.013006113405678766,0.0015548433163390333,0.0023952369617912003,0.0008328297851210002,0.0036761696912197667,0.0005600985212807335,0.0023248441708139667,0.015044198874254733,-0.0058205889394950345,0.07780000000000131,-17.333333333333332,-0.005212958000000067,0.001452768289568693,0.0008104719180052666,0.0333333333333332,0.2999999999999999,0.0013514836546318668,0.003494218393576867,0.033244988594893464,0.012656544396360063,0.054629285035038805,0.0104911738130955,3.07788432373333e-06,-0.0026482323328492333,-0.0098509012565054,-0.006614961561982199,-0.0012749988573877,-0.0025968607584427334,0.0006809672099331335,0.0006946508596048667,-0.0009469489830771335,-0.0006752240610966787,-0.0010615761555403998,-0.00045889108585939995,0.0010754432085100334,40.2,0.0,40.63333333333333,6.970740958662507,0.002766267604896432,-0.0143083482390134,6.114877681863907,5.5690408488188075,6.890583911674927,0.022607532112920065,0.006088449325763368,5.983603237971657,5.51043344372022,0.0005463602535945994,-0.005469842672465433,0.0020865374132146,0.0,0.0016191512010988666,0.0006445400489483733,-0.0018781692674899667,0.005319351188591466,0.010209863354697942,0.012392369257586201,0.001234786904850833,0.0008258808630395,0.0014398289581241666,-1.1567428666666724,-0.0029923329464441664,0.0085818526666667,0.012624094571464434,-0.2833333333333333,-0.24666666666666634,-0.256666666666667,-0.26,-0.2966666666666667,-0.27,-0.16,-0.09000000000000001,-0.06666666666666717,0.14333333333333334,-0.2333333333333333,-0.19000000000000003,0.10666666666666667,1.72,2.3766666666666665,3.39,4.326666666666667,-0.019250218497282066,-0.01797981420317993,0.01838577448995937,-0.004394895342739,0.0008143894000139168,0.0005451907163651666,-0.00029406897721499277,0.0006767054712782002,-0.015277984054813796,-0.0017613681504403342,0.00047702995549859525,-0.0007956237972604483,-0.0002767427216910333,-0.0007826999137027345,0.001044917386349649,0.0008580013317240667,0.00021534325197660007,0.00023008929656231697,0.00048752516418587593,0.0007349363889733,-4.328115028893328e-05,0.0010343354427450335,0.0005027480185582,-0.0004872557085993,0.00028141270842693325,0.00024411083722506666,-2.120194909700056e-06,-0.011701119736293565,-0.0044576958002054004,0.0030347367174540004
1991-12-01,0.0058961713236016676,0.004780275894890533,0.005769986887708766,0.002961609593983267,0.006249266682052233,-0.0009149908789639,-0.0023939117827437672,-0.0032221823991343667,-0.004031404491636667,-0.0037171685384086994,-0.0041181389521281,0.0006126735217845668,0.0009462170889905666,0.004082740149948233,0.0007304020433345002,0.00021843936379333366,-0.022398755772350103,-0.0020068468758642675,-0.13900000000000065,-3.6666666666666665,-0.0062000776666666325,0.0013285669608720336,-4.8119858158533205e-05,0.13333333333333366,0.633333333333333,-0.0181134064509851,0.020003675836652666,0.05253787139554807,0.03217626132550647,0.07126589629865727,-0.0024034954666400676,4.000991019499999e-05,-0.0026242722014858666,-0.0069287169993653,-0.0020175879437841332,-0.0026241417204755668,-0.0037166470990115004,-0.001021973207278,0.0007280221610332,-0.0005724789740633667,-0.001158855333875,-5.199761861443336e-05,-0.0004595236999485,0.001107658145767068,40.266666666666666,0.0,40.63333333333333,7.061520974671017,0.04861729233752023,0.10985204830761335,6.14308193958385,5.6088024226793465,6.997644904348353,0.0185971198761366,0.11387673688716016,6.060618830174743,5.604419599363813,-0.007537360099954431,-0.0046749772479923336,0.0003783149809297665,0.0,0.0017504231872985997,0.0013129835059484667,0.0014707708626664334,-0.0073302758121165,-0.013155390621530335,-0.013393963192019466,-0.0006894982565276998,0.0004204885334683,0.0008268984075296334,-0.9675482666666637,0.02225051854797903,-0.06388624500000013,0.0449357600245873,-0.2499999999999999,-0.29,-0.23999999999999966,-0.226666666666667,-0.19999999999999998,-0.013333333333333383,-0.026666666666666543,-0.0633333333333337,-0.07333333333333314,0.09000000000000001,-0.27,-0.20666666666666667,0.09999999999999999,2.1633333333333336,2.98,4.093333333333334,5.033333333333333,0.004912054019577068,-0.005008429790658,-0.0003373250414373992,0.015078744390115001,-0.0005457785437098668,-0.00027468001334590014,0.0008814406416813667,0.005097702018315901,0.014218519156678431,0.019609478277247735,-0.0007322650675612666,-0.0020434291324648,-0.0018779392394187306,0.0005054208511649779,-0.0010490378064510668,-2.9270769985000316e-06,-0.00045644830348833335,-0.0007317141214870001,-0.0007465033399427666,-0.0009905658147163667,0.00011238221891010003,0.00018289916560886672,-0.0011102991189163001,0.0005978126472026481,0.0002797546519444,-0.0019466561900066664,0.0014784623972117301,0.0056173746155578,0.0042260827999853,-0.0027191324956185
1992-03-01,0.0034139969340310997,0.0028365090632877666,0.002609038112361133,0.000640118927005767,0.0028277791559047,0.0064383642463668326,0.0070969451394253995,0.007386645161392467,0.008243153852944166,0.023164751849721568,0.002968524084659,0.009605201457941633,0.005609242811082633,0.009922841382270366,0.0036655675002253,0.007195314429274566,0.0031013464565864345,0.0006429206918268001,0.374066666666669,43.333333333333336,0.0015047800000000334,0.0023812795631557335,0.0017561137424202333,0.06666666666666633,0.366666666666667,0.013944867805491902,-0.019165703287836067,0.0263745522166297,-0.0040844622685882,0.05071219348518557,-0.019239091260082233,0.0010263036622770335,-9.034239824029999e-05,-0.004249082680558967,-0.0005063108998472002,0.00013862896158773334,-0.00033386754927930006,0.0008275530598395668,0.0013126112411558334,-6.031817855560001e-05,-0.0016409927458470666,0.0004339314143800999,0.0010712382010318333,0.0011395413765396334,40.36666666666667,0.06666666666666633,40.800000000000004,7.090547036779834,-0.040453619001420166,-0.019486066828863363,6.21704007967418,5.653020885521499,6.969719217591316,-0.010499555686456802,-0.0622777757525368,6.062678123670934,5.54859138133137,0.031329252199687,-0.00031820984830706664,0.0022224821389329333,-0.013333333333333334,-0.0029822606991984336,-0.0019561219555489003,-0.0027698911576286337,0.0033048190190596662,-0.007149982038002267,-0.008245784324921101,0.0008371993470195001,-0.0007294589132591335,-0.00030105996212924396,-0.8165745166666666,0.0018129781086442993,-0.002167423999999867,0.0226741658092801,-0.0799999999999999,-0.07666666666666667,-0.06999999999999999,-0.06,-0.033333333333333,0.036666666666666695,0.01666666666666657,-0.0033333333333332668,-0.033333333333333194,0.22999999999999998,-0.03666666666666667,0.09000000000000001,0.5299999999999999,2.9633333333333334,3.6266666666666665,4.476666666666667,5.353333333333333,0.007828059853175232,0.007924184280179868,0.0058913063987408665,0.0046468113397664995,0.00026799620911254667,0.00027012279288560003,-7.188090771233398e-06,0.0026259260847920664,0.008198832726865236,-0.015809737691478233,-5.693382865899693e-06,0.0020329159919147,0.0010628591549313,-0.0009268032404125666,0.0002564563830610332,-4.812424911299991e-06,0.0002146384841106362,0.0002323413585166999,-5.947336336584413e-06,0.00024034361381305652,-0.00040174804408956664,2.4592703481945813e-05,3.280182044323337e-05,-0.0006567726985384001,-0.0002825770112393,0.0017025453527816665,-0.0008955056955547667,-0.010702557065969266,-0.0013243611860106334,0.0005404803051876
1992-06-01,0.0023259989920833336,0.0021961118926186666,0.0028358695197546664,0.0025846753132867995,0.004375030313067133,0.0013353692623025665,0.0021356314465416,0.002319552039420967,0.002796764531757052,0.0011474554570888335,0.003385189036756633,0.0025132950963141997,0.00031448986530629996,0.0028092426871141663,-0.0009770438291892333,0.002440468878854233,-0.0057052782783111,-0.016286324433448133,-0.017466666666668334,4.0,-3.227600000000006e-05,0.0012827919378394666,0.001267562231949,-1.989149585786739e-16,0.06666666666666671,0.0018483436629518997,0.006159853091612367,0.012816615072801234,0.010340231219152235,0.014627274863653868,-0.008246843135595467,0.0008242827351996667,-0.0013732033877052001,-0.006891139598884533,-0.0017417849342216002,-0.0010510563883870333,-0.0016408022816976665,-0.00019453361120133338,0.0013842127583168333,-0.000785131192958,-0.0022556155658973666,-0.0006628173471495332,0.0009662579553270334,0.0023027689272183665,40.3,0.0,40.8,7.06419266531056,-0.0369171214309031,0.027793869646349872,6.154051536386253,5.6776283654886095,6.97876034978832,-0.002677390565753335,-0.005208439301026634,6.0736890798222865,5.57940938972527,-0.014652439637298864,-0.0082110539657106,0.004517221309415667,0.0033333333333333335,0.0011864244445035333,0.0005887786153409666,-0.0025997201948101335,0.0008466326042313333,0.013420301628432434,0.0139369889369889,9.660902179313339e-05,0.0003916162417540667,0.0008861386202555334,-0.5064630633333317,0.002497790105869001,-0.0036660906666667018,0.013564056344276066,-0.17333333333333342,-0.1666666666666667,-0.16666666666666663,-0.17999999999999994,-0.24000000000000013,-0.3633333333333337,-0.26666666666666666,-0.10999999999999956,-0.16000000000000036,0.14333333333333334,-0.10333333333333335,-0.016666666666666666,0.31,2.5366666666666666,3.4599999999999995,4.6433333333333335,5.41,-0.0465001181784964,-0.011778046707521932,0.023796150800513834,-0.002343301976086,-0.0008164284287394,-0.0013757070015503819,-0.0014559995534062333,-0.010358687938812334,-0.017609292012567532,0.009632168540149933,-5.604328783570519e-06,-0.003293756159431,-0.0005326584259845957,0.00015409048183819997,-6.014013855233263e-06,-2.8485666367927833e-06,-7.5271992452401815e-06,-0.00024459592257739996,0.00023595645736246694,0.00023632483341600003,2.415904183666566e-06,-0.00039447833921059985,0.00018243727236823336,1.6276526642933366e-05,0.0008306730150928,0.0014482282013370997,-5.376895403857547e-06,0.011920403978395602,0.0039674792333872005,0.0005748759251297333
1992-09-01,-0.0022323248953662667,-0.0021417123276948,0.003849617342277033,0.006516602622634566,0.0063027687251040665,0.004609805298603466,0.0033179757644286666,0.0038670841289425335,0.0035652202865623667,0.008842383345580601,0.0016841169842131667,0.0050983997955039,0.0062536865939339,0.006160205192722767,0.004490840033414666,0.0036384059212561334,0.014363166865311234,0.017772642149366764,0.09326666666666954,20.666666666666668,0.004489443,-0.00044608013794619994,0.00014023160858953336,-0.06666666666666633,-0.03333333333333399,-0.011749081385698168,0.009602144651998162,-0.017396914201813867,-0.023139942197331,-0.013285891430411931,-0.03898996134517377,0.0011213016438405999,-4.536690491243335e-05,-0.002997522281302933,0.001814162164629033,-0.00047704241892706665,-0.0008739207049473,9.728099684733335e-05,0.0014166984732295667,0.0002719855091975,-0.0007927546000316,0.0005901017841723333,0.0018231586015116667,-0.0007422333678590661,40.266666666666666,0.0,40.800000000000004,7.102034941492076,0.005952539133336497,-0.06552550797649676,6.253825118071473,5.6773758111087105,7.022250110988466,0.0258527447819568,0.007782454665663367,6.13050023932201,5.624013161865044,0.005390346128635866,-0.0034250872009676334,0.0014907657310078667,-0.006666666666666667,0.0003821666348559332,-0.00021814628121853336,-0.0003592252136884334,0.003518065916767133,0.007228912837655233,0.0073692903881583,0.0011601887212533669,-0.00011644012067586671,0.0015207108138705,-0.04433380666666648,0.003893300838072966,-0.010144789000000098,0.0027272607351267997,-0.06999999999999994,0.09333333333333331,-9.251858538542972e-17,0.04333333333333336,0.07,0.14666666666666667,0.09333333333333334,0.049999999999999704,0.10333333333333362,0.2733333333333333,-0.17,-0.023333333333333334,0.25,2.5366666666666666,3.49,4.866666666666666,5.670000000000001,0.03243314058228457,-0.006266735558482099,-0.0804216581780879,0.020808729477429067,-0.0005387261966021333,-0.0005433307369769,-0.00028922633774066666,0.001991726992420933,-0.015031890872736034,-0.0224888109096438,0.00022864448542610875,0.0015090553763791668,0.0012950646537142332,0.00014794439602194693,-0.0005165812613438191,0.0005536608805774945,0.00042381180059793345,0.0004615359337790667,-8.365361339600003e-06,-7.66268311706668e-06,0.0002105124515037666,0.00033518538004469997,-0.0004611848054253667,0.00045213511320576675,-0.0005569296283483667,-0.0007269873862335999,-0.00029302425349635376,-0.0046189538195235665,-0.0009024286974750664,-0.0012860085904886668
1992-12-01,0.004184577198745501,0.0035574288859573666,0.0023279307069430997,0.0055550580100565,0.0053006170887091334,0.0034234381732209662,0.003389519970564367,0.0027365104825456,0.002395916961474933,0.006961162175966466,0.0007428152301264668,0.004726683788114,0.0034649445885434997,0.006606931935529767,0.0014002960949251332,0.0038967881381667,0.00042252607073313295,0.00018272242813063312,0.14789999999999767,15.0,0.0059940943333332665,4.411591072713331e-05,0.0011169394581038332,-0.10000000000000035,0.10000000000000005,0.014165601562764233,-0.04160702906519437,-0.020957257460564666,-0.03027873905073654,-0.014535944181374999,-0.022849771383298165,0.002325262129457833,0.0022157489622458997,-0.0050565608117239,0.007725667705148667,0.0009137323720131,0.0007396204076694666,0.0011651628525524667,0.0023529240711148334,0.0019127278658767667,-0.0005825539848558334,0.0025459636934415998,0.0023151736333405664,0.0010774634256668276,40.46666666666667,0.10000000000000035,41.03333333333333,7.10302624063083,0.03364197286331996,0.033242232646523505,6.29135057988612,5.507729296519763,7.062124937532786,0.021668276769666466,0.008855675794906398,6.179989415776476,5.5968557184085626,0.017199350417450635,-0.004481665561115167,0.003297531340676766,-0.0033333333333333335,-0.0029602781179888667,-0.0007115252712850332,-0.003501929069893234,-0.0067811211799201345,-0.022635998000080232,-0.022585254441331703,-0.0010703703772411666,-0.00016738444734706667,-0.00044879010352620005,-0.38384327333333673,0.014545687234006335,-0.03689791766666654,0.000738713178746267,-0.0200000000000001,-0.16000000000000003,-0.0666666666666665,-0.0900000000000001,-0.09666666666666673,-0.20333333333333334,-0.20333333333333367,-0.12999999999999975,-0.19000000000000003,0.37666666666666665,0.06,0.19999999999999998,0.5433333333333333,2.7900000000000005,3.5533333333333332,4.876666666666666,5.633333333333333,0.020072347494021165,-0.008504130239596902,-0.019626070272948035,-0.001899039793820533,0.0010713832232429,0.0013560089127869666,0.0020198359396274668,-0.0006686639195155672,0.03802386310577847,0.012223217260142867,-0.00024008391649990002,0.0024957556655638997,-0.0005272377099065333,-2.530650321620005e-05,0.0007626719277157523,-0.0011148282409489667,-0.0006554090783052,-0.000473380731397,-6.861509521766328e-06,-0.0002448717540743333,-0.00015401739936420002,-0.0009369983741065998,0.0007981421566632332,-0.00037252801588912005,0.0002717293125865814,-0.0004815188822016667,-4.01882720092829e-06,-0.012819526049731569,-0.0034142928813819333,0.00035858009146879966
1993-03-01,0.0015599608841861668,0.0019585804363308006,0.002493956310112267,0.0001314199284371334,0.008863665987549967,-0.0006454592227429666,-0.00042034160691530015,-0.0009279136976542999,-0.0019690066235780665,0.0039000708673197666,-0.004129802118495567,0.003353158212604167,-0.0009351969057433998,0.0019865488298292946,-0.0011497179706324,0.0005372804646031334,-0.015637498127362665,-0.005895258799500167,-0.09353333333333065,36.0,0.004346694333333334,0.0020849406925454667,0.0023392886016626335,0.0,-0.23333333333333298,-0.009574710631691633,0.004746408204827535,-0.009432092226147068,0.010737124601562035,-0.023722560682767832,0.005230974353067334,0.0015804047693516333,3.004491717109997e-05,0.0011867436456543666,0.0027463977059779,-0.0007546423638231,-0.0013797068475558665,0.00014535940342296665,0.001970791956016025,0.0009148244706148667,0.0009197050870284333,0.0007594982360992667,0.0028466724811396665,0.0008629880039361,40.56666666666666,-0.03333333333333335,41.06666666666666,7.0878785614023,-0.022046600834846608,0.0067116361363531996,6.26043265064889,5.691340926269483,6.994284721971261,-0.03693812211343004,-0.012724191168343205,6.11251872239837,5.602105170731281,-0.006069483186689001,-0.0054099905807844,0.0036352460646788664,-0.0033333333333333335,0.0047712184299335,0.0029409137051062003,-0.00037739809042459997,0.0028211585391255,0.010372129065484632,0.009572508852196031,0.0024003481603409,0.0016855414614112333,-0.0023183118624672005,-0.3487965633333327,0.002668334522430067,-0.002997247666666732,-0.013148443637546433,-0.009999999999999997,-0.013333333333333334,0.009999999999999934,0.0,-0.010000000000000004,-0.0766666666666664,-0.07333333333333314,-0.0933333333333334,-0.0599999999999998,0.14,-0.08333333333333333,0.02,0.3,2.1633333333333336,2.986666666666667,4.4799999999999995,5.156666666666666,-0.015140845843057069,-0.0300690894073424,0.0241580422888278,0.0025296564094648,-0.0008028907936372724,-0.0005446175796723999,-0.0022998702211598,0.009306021475282466,-0.022138129084864,-0.014129174583812465,0.00022638096899406664,-0.0042446283397279665,-0.00025968427043093317,0.0006427681991523333,-0.0005116190995906,0.0008295317429218115,0.0006305930375362334,-5.297506776637247e-06,-6.764113873435744e-06,-5.0766961875667776e-06,0.0005260611783702667,0.0003362242095308,-0.0011007766049582,0.0011969876336075335,-6.735299367432329e-06,0.0004743090434495667,-3.96358554850008e-06,0.017157329432341367,-0.0017514598717962664,-0.0026128399708303996
1993-06-01,0.0013813069533744002,0.0006058097020152333,0.003178418766013967,0.003154447601457834,0.004234328550286567,0.0012399633221906,0.0006733744612403333,0.0003786080838305665,0.0029377573362191,-0.006923193645016299,0.006519542787795367,-0.0055154143554590335,0.0019644728914904666,0.002207933764555445,0.0009991289596997,-0.0003831714996537999,0.035920965778158134,-0.0010659103494905333,-0.16433333333333647,32.666666666666664,0.008800786000000034,0.0009141844578793333,0.0020500456780887665,-0.10000000000000007,0.166666666666667,-0.01907029645774767,-0.0028140356433855977,-0.008161008250715633,-0.017826797130726234,-0.0011280326614135996,-0.002531904275527333,0.0018908444195239668,0.00018021265531763337,-0.009382233687606267,0.003696379894134767,-0.0005173203847785667,-0.0004724303956097667,-0.0005818183295324666,0.002318961051283067,0.0017774633413865334,0.0006930626946033334,0.002293707530396167,0.0033152998494542997,0.0013516259951208665,40.6,0.033333333333333666,41.06666666666667,7.152942873852052,0.0193692102690933,-0.008979218577269833,6.3219046401903,5.719321336899314,7.0709714534869645,0.005168062178653634,0.029759528146176568,6.197524368418594,5.661504517597266,0.007422273750229633,-0.00039985986895509995,0.0014125146665128331,0.0033333333333333335,-0.0028351439462562535,-0.0021340243059716,-0.0005318777809849999,-0.0002238303489972999,0.0029454759293408004,0.0023701423624471005,-0.0014854328606928007,-0.0009591642226975667,0.0026026198858843997,0.14825585666666533,0.006582526165134433,-0.017332171333333302,-0.0032538225630706,0.009999999999999934,0.0133333333333334,0.020000000000000066,0.023333333333333334,0.02666666666666666,-0.05666666666666667,-0.12000000000000004,-0.19333333333333322,-0.20333333333333403,0.16666666666666666,-5.782411586589357e-19,0.12333333333333334,0.43999999999999995,2.07,2.7733333333333334,4.073333333333333,4.823333333333333,0.0104521627352056,-0.02048832306351993,-0.012351560603006467,0.009879948426931467,-0.0032128762792564005,-0.004344752257491534,0.0005719997616552666,-0.0102982325772706,0.008128787862794867,0.0219817896781918,-0.00023460238825766665,0.00424462833972798,0.0002525671619695001,-0.0013480235152719333,0.0002537749139198332,0.0005427770431675614,-0.00022136523897899998,-3.3293927590973935e-06,-4.012577424109826e-06,0.00023297664755083722,-0.0004600537890482334,0.0004517761143315987,0.00042981566861483326,-0.0009926594105878668,-0.0002748811959703978,-0.00047686744209673337,0.00028159839458426667,-0.008156192847399298,0.004465841188559667,-0.0003660073586904663
1993-09-01,-0.001296935103074033,-0.0012573920043727669,0.0033589381870959335,0.006081570276232133,0.007370128816247,0.005728796809663067,0.0053452338797761005,0.005952653896025934,0.0031884644926629666,0.018383721098614334,-0.0023688706560118333,0.014580765256880866,0.006222278343396466,0.011302625108817133,0.0016787010972111333,0.0066931504274583,-0.0052073585198278,0.017503228275022487,0.3769000000000016,38.0,0.007655932000000001,0.00023650690589779996,0.0008621703666934666,-0.06666666666666667,0.20000000000000032,-0.009474265954956101,-0.0100405269985654,-0.0044356387497224,-0.019115255823490898,0.005602372772127232,-1.1564823173178713e-18,0.0023537802937542668,0.0021549864048969664,0.0010427537179366333,0.00557116032458,0.0011926071159612333,0.0019528675385688,9.704027239776666e-05,0.0024033541941310336,0.0020198481574583665,0.0021492093817840666,0.0019328745041295667,0.0037211510612700665,0.0006999862575144469,40.766666666666666,0.06666666666666633,41.3,7.222698018636966,0.038064122508549965,0.011186732164099803,6.375236766219451,5.768124201059304,7.1682664592993035,0.027075146640863263,0.05256769381054007,6.286069261409644,5.7518653017058865,0.002599758849727367,-0.0075630655341315,0.0031814707036149667,-0.0033333333333333335,0.0003405175819353667,0.0009315520634019667,-0.00039245372178433333,0.0016681060310945667,0.0065678928519291,0.008954919525162067,0.00020023739385223333,0.0005127856179868666,0.0007637713998220001,0.6330206800000017,0.006368648066901367,-0.0145107316666667,-0.004047412274100967,-0.0033333333333332334,0.07333333333333321,0.0266666666666667,0.04000000000000001,0.0466666666666667,0.009999999999999823,0.013333333333333605,0.02666666666666657,0.020000000000000257,0.24,-0.010000000000000004,0.11333333333333333,0.41,1.8,2.436666666666667,3.72,4.403333333333333,6.681142497729868e-05,0.0129527757719711,-0.0023775979501356338,0.002386948063149467,0.0037492132144899336,0.004076691661353803,0.0005729842717417318,0.0003773508337558337,-0.030339456977635737,-0.0159686793340086,0.00022317118220720007,-0.0015070941712188666,-0.0005186121376909337,-1.1091845059633346e-05,-0.00025684049904806626,-0.0002856465903535663,-8.570500508997374e-06,-5.167598126566582e-06,-0.00024126893645790002,-0.00024095110536283328,6.276532968953327e-05,0.0001441945390926667,0.00018908527163313325,-4.517604802833337e-06,0.0005345603073568129,0.00047230817735410005,0.0002746515920422,0.014808967059464,0.0010493776519121666,0.00017286915691833304
1993-12-01,0.005048008789743833,0.004983754054505833,0.004743213097433367,0.004466861401137167,0.005949393622524134,0.0031701267605642666,0.0024398045952335333,0.0019627872143983334,0.003789489130689367,0.0065304458380047664,0.002746289753424633,0.0006290180739121331,0.004105410342373966,0.0074446463739006345,0.0009565384366453,0.002857916104590333,0.013123035647879235,-0.012120624509760966,0.031333333333331326,123.33333333333333,0.013740737000000001,0.0024528364256959667,0.0025131496955067335,0.0,0.133333333333333,-0.05062855773213527,0.024986208596840698,0.014419023839529067,0.04538761153115744,-0.0076803997155660995,0.007251917639020465,0.0023550097215891,0.0015626075003106331,0.004310033325798134,0.0024464941626820003,0.0012278943637570334,0.0023084349799736667,-0.00033976462109266666,0.0025522471559190334,0.0029189519151445,0.0025647929342037332,0.003093626481983667,0.0031016992238613334,0.0014303927613585335,40.699999999999996,0.033333333333333666,41.23333333333333,7.227170399957941,-0.02231316089170308,-0.03232056928093327,6.429936785480937,5.856705707812494,7.22330663519661,-0.07675367302769352,-0.05614554569157654,6.38894896552043,5.84729997858075,0.016823988314149232,-0.0023958053342045663,0.0033331545474819327,-0.006666666666666667,-0.0018963301573400333,-0.0012129464345438333,-0.0010534974319889334,-0.0031632726808471998,-0.0203046972312843,-0.0218160695952883,0.00034269620361550003,-0.001523418620434333,0.0007933675038150333,0.28596909666666664,0.006199771359007699,-0.009124884000000067,-0.005115358447690034,0.0766666666666666,0.02999999999999999,0.04999999999999997,0.056666666666666705,0.09666666666666668,0.1133333333333334,0.08333333333333341,0.0500000000000001,0.03333333333333307,0.26,0.01,0.18333333333333335,0.5866666666666667,2.1266666666666665,2.7433333333333336,3.89,4.613333333333333,-0.009120001840566968,-0.0049038069745600335,-0.00036036039545756654,0.006266319835449734,-2.5764795754666613e-06,0.0008146643566260943,0.0008562859212831335,-0.0032467061851075667,0.022756972564194743,0.02387333824684153,-4.369607631266644e-06,-0.0017415831577650002,0.0010104858468196667,0.00031292906081383334,-0.00025204790110796665,-0.0013573348320731003,0.0001975152023963,0.00022297051667584272,-0.00023546730835260544,0.00022974900463851962,0.00014042203760843329,1.9309217646433405e-05,-0.0005509222160447667,0.00043550046621906657,0.0007889183104610001,0.0016363038619166,0.0008260520037940001,-0.0025680142698038,-0.0030683400698527665,-0.0026735132144809666
1994-03-01,0.004645722143425933,0.005413004236246467,0.0008477853833867335,0.004549843145318501,0.0050220429285617665,0.006840802530752133,0.005852247342961434,0.005592316906970866,0.005674167312237467,0.008446617443420667,0.004620622350009234,0.006741200861162933,0.0081050950607393,0.0143019828271922,0.006308780687034767,0.009175174722816001,-0.0226517056675529,0.008535992630856467,0.5059666666666703,67.33333333333333,0.020775371333333334,0.00028048918966836666,0.0021174460533875334,-0.16666666666666674,0.16666666666666666,0.0,-0.03248317788347183,-0.03159905398856793,-0.058573624254200596,-0.012157642795236468,0.009894719429233634,0.0033524172756067665,0.003720639239803633,-0.004888938183588766,0.010726750850381566,0.0019513404630722667,0.0027557970268082665,0.0007760965865302333,0.0032608356985210332,0.0034751435407192996,0.0032734546088549004,0.0036106449404614,0.000867177826852,0.0019784511665854668,41.13333333333333,0.0666666666666668,41.733333333333334,7.325005884800277,0.01748215845751667,0.07072483998121343,6.495271337451826,5.8896075880163,7.227259813916106,0.0814485863216066,0.04165050837832997,6.378847983598683,5.845390205377934,0.013081423629039668,-4.389089669963337e-05,0.0058103554798449334,0.0,-0.0007395671297538,0.0008316510347630999,-0.00038007563399073335,8.001649609269978e-05,-8.717255857546939e-05,-0.000109275286301234,0.0019834315437410005,0.0014468864653786,0.0012546562139371332,0.440234853333332,-0.014947724505287767,0.050674021000000034,-0.027494699172818198,0.25333333333333335,0.36000000000000004,0.2966666666666667,0.38999999999999996,0.4799999999999997,0.45999999999999996,0.4033333333333333,0.303333333333333,0.28666666666666657,0.52,0.1366666666666667,0.52,1.18,2.776666666666667,3.24,4.1466666666666665,4.786666666666666,-0.010225037792964433,-0.0080865558439912,0.005586598106462534,0.009401328205407266,-0.000533760455658,-0.0013575526416674333,-0.0008579963110087,0.000326317532994833,0.03413232563419973,-0.007436034004174234,-0.000231469212586121,0.0014962637296603999,-0.0025206853037002,-0.0001749302782855666,0.0005014385284800315,0.0024229534525484365,-0.0008307043482392275,-0.0004556512928761416,-2.264660889040086e-06,-0.00023658113576096665,-0.00028703111394563335,0.0005128054184426666,-7.80610499781e-05,-0.0005338182635990334,-0.0008043531484364666,-0.0011782320564581279,-0.0013980917625269335,-0.010279769060231802,0.004373568037751833,2.5965915589337466e-06
1994-06-01,0.0006073097279788334,0.0007871431240685667,0.0039590598421922335,0.009361445112740932,0.009014771692897966,0.0048587990026834,0.0039987410116113335,0.004443170127214134,0.005063694913636367,0.009519901884687567,0.003379146691251833,0.006884117583274701,0.005950944995528933,0.006877586962821533,0.0051359454131852,0.005136107821721533,0.0025694784526777334,7.899165910529975e-05,0.14629999999999663,-17.0,-0.002519919666666667,0.0012618279497148002,0.0012943107278011,-0.0333333333333332,-0.23333333333333298,0.002379620601402633,0.014180896788494766,-0.010264565663800499,0.011777758269606869,-0.025944687872938733,-0.021822485857410232,0.0028580968283667004,0.0025304172358602,-0.0008121595849770333,0.003586718227628134,0.0023500479220737998,0.003192021364945634,0.0011124825920288,0.0029396011794483,0.003654864817329167,0.0037639867615126663,0.004049268706236067,-0.0003851338768517333,0.000725953100004,41.166666666666664,0.0333333333333332,41.766666666666666,7.267219351400223,0.0279884600391099,-0.03403262334100323,6.447304070090659,5.828673948483737,7.212460243132623,-3.23815048849004e-17,-0.012946611105420234,6.3518704061752596,5.801734300560387,0.007519306942108734,0.0027500143293443,0.007178687315305367,-0.0033333333333333335,-0.0006710051691699,-0.0011473693457517335,-0.0038532799112840667,7.707663490686666e-05,0.008779931037344065,0.009635146687037301,0.0005974817479822001,0.0006298080264327,-0.001145134258749767,0.428790303333334,0.009718691485104767,-0.019766634666666633,-0.013083587451108466,0.15333333333333324,0.08999999999999997,0.11333333333333333,0.09333333333333342,0.08333333333333338,0.033333333333333236,0.020000000000000104,0.0266666666666668,0.0400000000000002,0.3933333333333333,-0.009999999999999997,0.39999999999999997,1.11,2.5033333333333334,2.8866666666666667,3.723333333333333,4.403333333333333,-0.02298076795512957,-0.012480652508131134,0.008316257668852533,-0.0006040618762567333,0.0013232781703038333,0.0021597063296244644,0.0019620329458905667,0.0048501750173504665,-0.051478637569391396,0.003169784613871402,0.0006663352423602,-0.003739262847299867,0.004950350395476467,0.00030220520493585886,0.0007348017204161202,-0.0016206485929390012,0.0010167919152455666,0.0008885435190061332,0.0006833738611296999,0.0006822435979631,0.0002818688780467333,-0.0009197507159545334,0.001595736184982633,2.0123033149999998e-05,-0.0005341457521300999,-0.0009358206482753665,0.0002732723825447769,0.008684389855103466,0.0004338767768198662,-0.0007788823471130668
1994-09-01,0.004337440860660167,0.004066007363887167,0.002808164557605767,0.004012087225096501,0.006008504984974833,0.0059239808553445674,0.0051834566228029675,0.005248567729600434,0.0017196897911189335,0.004903360236049234,0.0005075830320142,0.013158250690329899,0.0068523107675565334,0.012239932986387399,0.001954195411544867,0.0071504447348808,-0.014610454616526268,0.008742588923345134,0.30030000000000256,84.0,0.023769510333333337,0.0015604881203667334,0.0031577456440571665,-0.13333333333333355,-0.26666666666666666,-0.006553456200749698,-0.05718611904783713,-0.010340563307320897,0.004207039437738073,-0.021725357653416797,-0.008280440843968532,0.0027877726541150998,0.0025113528335124337,-0.0012802622814636,0.004573782585061034,0.0020427880783693334,0.0031293012928117667,0.0004343105934723667,0.0028564493204067333,0.0037715226849226666,0.0034196777687499,0.0042653568438268995,-0.0020292858731683332,0.0010515527730572667,41.13333333333333,-6.47630097698008e-17,41.73333333333333,7.298526956812213,0.0555125630308965,0.05493215474618977,6.468135540896733,5.868611115195326,7.231756556751702,-0.014287901477259732,-0.005546439667989835,6.3907044787573435,5.8515214060066,0.0093589366614868,0.0044386824803197,0.006347585733422467,0.0,0.0002317706983368333,0.0005163059048586333,-0.0016426375381147667,0.003243751431638067,0.0072562617359993335,0.007863099361413,0.0005921721317344999,5.67951852973e-05,-0.0016365907984153335,0.6049658000000017,-0.0023273083823340665,0.020711998000000068,-0.02640187406906633,0.2733333333333335,0.3233333333333333,0.27,0.28,0.326666666666667,0.27999999999999964,0.24,0.203333333333333,0.19333333333333333,0.52,0.02666666666666667,0.4566666666666667,1.21,2.473333333333333,2.793333333333333,3.6033333333333335,4.24,-0.005814990619344333,-0.006385883602753166,0.0100069255138612,-0.0033054104854417002,0.000266549962707867,0.0005424337703129669,0.0002420370446302352,0.004360229872987132,0.029532235954922367,0.008814889397402935,-0.00045372560925883336,0.0012376612119385335,-0.002723369210836909,-1.848967528178073e-05,-0.0009939043894877,0.00052573054544247,-0.00041591936561593336,-0.0004521645397102667,-0.00046196136183503333,-0.0006922460342717,-0.0001333229943695667,0.00046371318681020845,-0.0011696010550983668,0.0001490803296624334,0.00025719551206635584,-0.0011493651092603005,0.00026898363636823093,0.0005195802840892329,-0.001308126383472467,-0.000533088362823033
1994-12-01,0.0038488259604113335,0.0029908521452312667,0.0002518853120213115,0.0020825682679431667,-0.0022304355693941666,0.0035168675281228336,0.002799879109998867,0.0030609581440424667,0.002716176522601333,0.0028568049378746665,0.0026668707631021,0.005391310093331166,0.0044087833530002665,0.007965964350255933,0.0016399392663339668,0.003368492116955233,0.0178889991316907,-0.00015738715769913363,-0.02366666666666602,2.6666666666666665,0.005272847333333334,0.0005656438458517667,0.0011011165489366666,-0.06666666666666633,-0.333333333333333,-0.0052595536695264995,0.0050448108060793,-0.04276460661942467,-0.022182408732883897,-0.06050185442554163,0.009764122818721667,0.0023678373174149336,0.0008088865895411667,-0.004638266529971301,-0.001153625454495733,0.0015480503074331,0.0024244882136533,0.00024103937223069987,0.0027538316650126,0.0029276552838422335,0.004176073503767666,0.0024812210099682997,-0.0013597532453134,0.0006877463281208333,41.166666666666664,0.0333333333333332,41.766666666666666,7.23810944953508,-0.10098318152752306,-0.0797183438523732,6.4291199215599235,5.828805313983967,7.177212213998604,-0.06716068484434691,-0.027988460039110197,6.342136887175247,5.730730347199117,0.008376168228838432,-0.00041372068729353325,0.0083135149527618,0.0,-0.0013628282562431666,-0.0005160183942513333,-0.002183633489645167,-0.006075619962332467,-0.01858481373108607,-0.019400649178441864,0.0026611565543369665,0.0009636663646838999,-0.0006217668530362335,0.6290728666666668,0.014786130145374402,-0.035325791,-0.013980150339952133,0.21000000000000005,0.11333333333333355,0.15999999999999986,0.10333333333333333,0.053333333333333365,-0.11666666666666668,-0.16333333333333314,-0.14,-0.15666666666666687,0.5766666666666667,0.06,0.5166666666666667,1.33,2.0033333333333334,2.0533333333333332,2.76,3.3766666666666665,-0.006258867478333299,0.000654844359059366,-0.0036273503170973,0.0086315638186984,-0.0008027360711182818,-0.0013576482221697333,-5.451760846763321e-05,-0.0014306680131482331,0.0025975019525962344,-0.0153115380659754,-6.5055998431285105e-06,0.0004982050337198001,-1.0648334495033345e-05,-0.00016939747060215206,-2.1883107009333428e-06,0.0002534267038590647,-9.127543732966615e-06,-5.855524306933259e-06,0.00022110039652052635,-4.662585039812714e-06,-4.253554665970003e-05,-0.0006885408152233667,-0.000231551008308,0.00015909324001985785,0.0002570457319355335,0.004362385263806434,-8.095625529066687e-06,-0.008931684938660934,-0.0043871173368034665,-0.002679780618386167
1995-03-01,0.0014883298842208,0.0013127448021468837,0.0036098459018502997,-0.00017601775003936652,0.007618952210275233,0.0015134602947932,0.0011403631771746002,0.0014215555176668,-0.0006215576882588999,-0.004362007828307267,0.0008007036803233964,0.006872491143177833,0.0019719367461856333,0.0033957042893269667,-0.0011102847156081333,0.001014670622791,0.010256182836810667,-0.0062362580531943,-0.23203333333333376,-109.66666666666667,-0.021061063,-0.00066675275861943,-0.0013555316676529359,0.06666666666666633,3.3306690738754696e-16,0.0032169071651443337,0.0198778250285911,0.03144684325732844,0.039823209217665,0.02361333179636857,0.030624158769199997,0.0010068131489404666,0.00020191531712336662,-0.002254264983605733,0.0017928074975864336,-0.0001544819090716667,0.0007721265878846,-0.0015456724792765,0.0012052253726875667,0.0007454764660277518,0.0014651492460645667,0.0006066078583302262,-0.00024339784457376665,0.00018888173933186668,40.666666666666664,-0.19999999999999982,41.199999999999996,7.1517789631637605,3.700743415417188e-17,-0.030602516417706532,6.350258872308072,5.73801738315633,7.1323814739099864,0.02576389143388326,0.004831002434190267,6.30556450301174,5.705532293562854,-0.002212854373080799,0.0026979551681804667,0.0080076639822846,0.01,-2.123299034666818e-06,0.0026117285526492,0.0006191907663500666,0.002975237688627133,0.003106437199636001,0.0035274960419087683,-0.001987302520575733,-0.0005791684519567666,0.0016426793787290667,0.6469510666666687,0.027783632658702068,-0.06484202233333333,-0.0017169956536259336,0.02999999999999996,-0.03000000000000023,-0.033333333333333194,-0.1200000000000002,-0.23333333333333336,-0.32,-0.2800000000000003,-0.20333333333333328,-0.21666666666666656,0.09666666666666668,-0.33,-0.23666666666666666,0.22,0.7600000000000001,0.9500000000000001,1.92,2.486666666666667,-0.027930675571967198,-0.0478015433136596,0.0032495878892077,-0.009561023377963834,-0.0005261657602465001,-0.0005358934683868333,-0.0019011807739014667,-0.006806773433152867,-0.0120463382977388,-0.013055739222774733,-0.00022664909371883338,-1.7243792447274601e-06,-1.562888280364618e-05,-0.00031522026293223334,-2.887778056666577e-06,-0.0010502710276337,-0.00020838315951605697,-6.925327654746147e-06,-0.00045625836840196667,-5.512015734821772e-06,-7.75683383513021e-05,-0.0010522460434258334,0.00033627539276776685,-4.2414824487005765e-05,-0.0005240690666914066,-0.0029906103463730334,-3.559903384366646e-06,0.011691820458891534,0.005755614649384433,0.003506545973575167
1995-06-01,0.002827036476419367,0.0032156140461948334,0.0033787850756221995,0.0059184170466005,0.005755030333149933,0.004043458536946133,0.0051789570856089,0.005426807786018134,0.0045491062417515995,0.004978748774998234,0.004389353883879866,0.008834674213808265,0.0026396185380196005,0.0065144173838758675,-0.0062157564323059,0.0031291391068251004,0.0205471680791923,0.0017108910554765667,-0.08590000000000016,77.0,0.009050442666666667,0.0012238819342768128,0.0011526864909765667,0.033333333333333666,-0.26666666666666705,0.016123105232038533,0.014269908692363035,-0.024971414398013498,-0.028979762244199004,-0.021175287607728233,-0.012848573855015631,0.0017015173031733333,0.0006481863633140667,-0.0028094251605443998,0.004188138095849733,-0.00034784628352286666,0.00028908698511585334,-0.0013097593799630332,0.0019602696128059,0.0014579939410375331,0.0016437136669437667,0.0014207191808518333,0.0009239678150827334,0.00018877477100786663,40.733333333333334,0.06666666666666687,41.166666666666664,7.232621329300367,-0.029470319114683566,0.07232356406904324,6.4533430391526805,5.80001149708129,7.206317984326287,3.23815048849004e-17,0.036317061262849934,6.375782046771074,5.825375443601776,0.0033289123605478,6.703658696656685e-05,0.0035923620965274666,-0.0033333333333333335,0.0011330493457499334,-0.00036083872957463334,0.0043308286674884336,-0.0006902669438657666,0.009186300775139567,0.00900106598125069,-0.0022531269930752,-0.0010391543729841332,-0.0010076431669225,0.22158113333333065,0.0217390702043678,-0.0413424786666667,-0.0027560021662092326,-0.08999999999999957,-0.0799999999999996,-0.0899999999999998,-0.0866666666666666,-0.08333333333333326,-0.05666666666666662,-0.04666666666666667,-0.026666666666666988,-0.003333333333333336,-0.01333333333333333,-0.43333333333333335,-0.4633333333333333,-0.20333333333333334,0.19666666666666666,0.45,1.5633333333333335,2.18,0.0075815288213946,0.03571403095028903,-0.004354044955032999,-0.0013990668894939666,-0.0005214447465868,-0.0005312086117591667,-0.0005329071212321,-0.0020874851821715335,0.015964852756627436,0.011233016720464534,-3.446739685651392e-06,0.0035378600692726352,-0.0023886339025362335,0.0005939562407680084,-1.431214063103703e-06,0.0002599084107108666,-5.635420023963889e-06,-0.00022206621469027048,0.00022182716680239998,-3.174300140665823e-06,0.00020417637338323333,0.0013579409487087333,-8.234522239753333e-05,8.091990593033333e-05,-0.000517598447687,-0.0002282205481325605,-0.0008186228882919334,0.0046385879686905,-0.0003860827075214673,0.004408930983839067
1995-09-01,0.002847331901755,0.0039774106424991,0.0022475833821517335,0.0024840741366082,0.0034410668839495334,0.0015838551316778666,0.0005755024897859334,-0.00028402591010933347,-0.0012866398050072666,-5.839315328666715e-05,-0.0017598783417890668,0.0041232804896057665,0.002827671938703667,0.009687990927040533,-0.0020413367412806587,0.0028030849542354332,-0.010085074699814164,0.0015498671413848662,-0.15473333333333533,-24.666666666666668,-0.0019106983333333331,0.0006995033075926333,0.0008958572021680666,-0.033333333333333666,0.06666666666666667,0.009620677413291633,-0.011281628273369967,-0.007329400291381734,-0.021128594419254427,0.005089157376929501,0.0188708186217165,0.0014672791289615334,0.0005176431029069521,-0.0025307424527905996,0.0045096516467732,-0.0006192910900395667,0.0002246722277856667,-0.0019010068340706,0.0016996874992903667,0.0012287256125411668,0.0008926075923701666,0.0004523019629634666,0.0018885791785591,0.0005828106664870431,40.8,0.0,41.266666666666666,7.241456281987213,-0.061334547658979936,0.0,6.451703062836486,5.848760845791953,7.2562577889848,0.013497120451580033,0.0042735628096866665,6.447775776840399,5.830923589788683,0.003808731003818634,0.0051307483714666665,0.0036239919828607004,0.0,-0.0009101151451072334,-0.0014131097447874664,0.0011199726999049668,0.0022092654678722333,0.003502659199471734,0.0035181536729524676,0.0009809867279993668,-0.0004921664797044667,0.005725178406942533,0.8032177666666683,0.021035177199834665,-0.03750335100000007,0.0021539210749724337,0.01999999999999987,-0.0266666666666667,-0.0133333333333333,-0.046666666666666724,-0.10666666666666673,-0.18333333333333335,-0.18666666666666665,-0.18333333333333368,-0.17000000000000012,-0.02,-0.48,-0.49,-0.24,0.06333333333333334,0.27,1.3666666666666665,2.0,-0.014960414941095167,0.024422017141199636,-0.0009160733937065334,-0.0004430333665549332,0.001038426227013377,0.0007941795392980783,-0.0005320565109408409,0.013412631189611167,-0.0034269687432947615,-0.0060085005706716,-0.00022063685578700001,-0.003787420097434433,0.00023629367099636667,-0.0004629170059204,-0.0007309062639680666,-1.6200064315458626e-06,-6.474397860779498e-06,-0.00043571887141406664,-0.0006713664572336668,-0.0004490755313814332,-0.0007267840464579,-0.0010673199331456666,-0.0010877426747285667,-0.0005222637660976666,0.0005100740602557666,0.0008975582078027665,0.00026698013938552,-0.01623392027389177,0.002572122869192867,-0.0039006356347037
1995-12-01,0.004490437598504899,0.0035717629775130996,0.0031568763738472664,0.0012304560279184004,0.005299569003825634,0.004117013766209133,0.003148029762132966,0.003754945405489133,0.0022405720272678,0.001850767129739699,0.0023756481253783,0.0071227165547688666,0.0053093886555769,0.010984951094027766,-0.0041015693492525,0.0037639018372190003,0.017849033447455465,0.009551817029544234,-0.11330000000000033,10.333333333333334,0.004174908666666667,0.0008485026509645,0.0011987026543588668,-0.0333333333333332,3.700743415417188e-17,-0.011946980090541466,-0.0125583157131368,-0.004591836136808533,0.006389972035906702,-0.014394633037627565,0.0002209700666492015,0.0016096701352026255,0.0011617661982932666,0.0013280230049582667,0.0035273697768456666,0.00042588619146973335,0.0016642697398593668,-0.0014697260730021332,0.0017190018893794429,0.0007656598130705746,0.0006203380482082667,0.001238888146761,0.0019739592122368665,0.0003765705100781667,40.300000000000004,0.0,40.63333333333333,7.288101957488056,0.0958940241505933,-0.03939003582101341,6.478346931598016,5.969478037010309,7.255698962918344,-0.027563905281706564,0.004219465623976367,6.42052322747719,5.9334832251877065,-0.011672024185319435,0.007000613558528667,0.0015200227481155669,0.006666666666666668,-0.0005475544420283333,0.0006686421505559667,0.0010315769444471333,-0.006462239643637333,-0.0186739579881821,-0.019340515670506365,-0.0018369017192076998,-5.168427093133123e-06,-0.005441561949098767,-0.07099860000000034,0.028937551563131464,-0.049655586666666564,0.019106385717623464,-0.19333333333333336,-0.19666666666666666,-0.176666666666667,-0.16666666666666666,-0.163333333333333,-0.10333333333333346,-0.0400000000000002,-0.009999999999999573,-0.01666666666666683,-0.06333333333333334,-0.47000000000000003,-0.52,-0.3466666666666667,-0.043333333333333335,0.26333333333333336,1.4133333333333333,2.07,0.015099715930766566,0.012350895509832767,-0.005701822634313034,0.005326410090171467,-0.0007779077820734333,-0.0007900164892810334,-0.0007986172455716,-0.0016998381734880334,-0.007012123528878267,-0.011433241107490633,0.00021175860764267125,-0.0002497643346795666,0.002142143214982167,-0.0003054364926701333,0.0004843293590954002,-0.0002605090189110667,0.00018838935856843337,0.0004265078652660333,0.0008841738163771,0.0006608459203460666,0.0005352809976599666,0.0004335728476642666,0.0015363898342819332,0.00018046757857346663,-0.0017722237444234665,-0.0031294944451563003,-0.0015957901018255002,0.013315487291207502,-0.0068054597026788325,0.0046330414870290665
1996-03-01,0.0034746685773014,0.0032351087974345333,0.0032737727526968665,0.0056616890651278,0.0066792333102429005,0.005360490114636467,0.004877856275954,0.0046455085323842335,0.0014980306363693663,0.0060181336684606325,-0.00020490399672026672,0.011802698083005934,0.005951968168602666,0.007936097603662866,0.004800118234325767,0.005988531267192033,-0.006560924538443466,-0.002194385199590933,0.04500000000000202,-42.0,-0.008368690666666666,0.0017878238585714334,0.0016012756278443333,0.0333333333333332,0.2000000000000007,0.0063285337658346985,0.011991181023653666,0.013589992520905066,-0.0192301378798989,0.04119819735705323,-0.030271335731415036,0.0021239782567109337,0.0011006535297433332,0.0019222736038451334,0.005070503096700134,-0.00015480475528780003,0.0009882217665418667,-0.0019203834783573335,0.0023730836404869,0.002148354249123633,0.0017076320591868667,0.00252553433522881,0.0022008596292230668,0.0007518671699907666,40.766666666666666,0.0333333333333332,41.199999999999996,7.30031305422801,-0.007663172741566536,0.0465368129003035,6.497223934856376,5.867095855899426,7.280897364431446,0.060294580674776534,-0.004219465623976401,6.44740474019711,5.865917014508827,0.029049111245232268,0.011604599979136133,0.0008342413920440333,-0.016666666666666666,-0.0009820463603296664,-0.00019670696244193328,0.0013236471150008665,0.0042581527806697,0.0021719633836972674,0.0026173063476765354,0.0008516843259712001,-0.00031418425388336665,0.00048176471148350013,-0.0007044333333349936,0.0059457723062743,-0.0017796903333333013,0.0006823228139905003,0.006666666666666834,0.0799999999999997,0.06333333333333323,0.1166666666666667,0.23333333333333287,0.366666666666667,0.31,0.20999999999999966,0.22333333333333336,0.10666666666666667,-0.27999999999999997,-0.21,0.25,0.9933333333333335,1.25,2.233333333333333,2.9166666666666665,0.0155636418723405,0.0017420150463036,-0.004544730425267833,-0.0014331715768171665,3.3248866622888805e-17,0.0005196332677109001,0.0026539519268163002,-0.004254671271016967,-0.03787702682419557,0.0231642621464774,-5.786250134166664e-06,0.0012583379735253003,0.00021167431697693336,0.00014140730162783403,-2.4171341662667114e-06,-0.00025829783030823335,0.00018499925634282095,0.0004187667768554377,-8.708222303866643e-06,-0.00022677321964822964,4.910719560325197e-05,-0.0010878630585804997,-0.0004651924470125667,0.0004817405867753,0.0017630263123459,0.0026729132939533663,0.0015848187974821005,-0.0045781045717259,0.005745667679760167,-0.0016755000527807666
1996-06-01,0.0025879198092262335,0.003459967532461267,0.002236576572691967,0.0021890916367919328,9.09111226151e-05,0.004168660849301726,0.0033115314955693333,0.0026829860531674666,-0.0005139064732550331,0.0040938669540872994,-0.0022735714889987003,0.010648557255249666,0.005235200083757434,0.010479948649804767,0.0024131370366673667,0.0060096659667708665,-0.019524528595598067,0.0042379787415539995,0.04780000000000007,46.333333333333336,0.0204538756666667,0.0009636904826416,0.0024413195383209334,-0.16666666666666666,0.09999999999999998,-0.03411706148903893,-0.023819654660714836,-0.019420195076313266,-0.013687162265924565,-0.023892337663174206,-0.012520570899123234,0.0019524950065263,0.0017222889195823998,0.0005386481107494001,0.0052930259266433,0.0006574242709606334,0.0013025193286981332,-0.00034585837733123326,0.0020084026253487336,0.0017637454512898002,0.0021905483993519335,0.0017923091986536,0.0027544441293869,-0.00042698918724326453,40.93333333333333,0.0,41.46666666666667,7.3119560830886,0.015154124692253133,0.019613500007643236,6.507656541887236,5.9012281536491065,7.26583979867634,0.01865288454934993,-0.002129932699590197,6.442427913630676,5.842808770593803,-0.014901449117272,0.0028563369787348004,0.0020698475639763,0.0,-0.0007832417230589332,-0.0004561334386851,0.0013743988954255666,0.0011150243462995982,0.0088534754878616,0.0091449052739375,-0.0007909287189251666,0.0019018579593345333,-0.00039919789407306673,0.44364653333333565,0.0007301607006438005,0.014362482666666634,8.358664091206655e-05,-0.006666666666666867,0.010000000000000333,0.00999999999999993,0.0033333333333332624,0.010000000000000009,-0.03000000000000023,-0.03333333333333333,-0.05333333333333323,-0.04000000000000037,0.18333333333333335,-0.19999999999999998,-0.07,0.48,1.2766666666666666,1.5099999999999998,2.31,3.013333333333333,-0.013841128732155067,0.0047418841234966,0.0075476564237304325,0.0007052103062008333,0.0010147141270762,0.0010272160396095668,-0.0010577796828842,0.0008643719785480999,0.04439827964043333,-0.023262923725003878,-0.00021564198100863677,-0.0017818548221401002,-0.0013966500879514668,-0.00015239045469929086,-0.00023869197821465728,0.0005151984539271,-0.00020111247560299997,-0.0006384903866433668,-0.00043945070740153343,-0.00022136935774803333,-0.0002570108906618,0.0013397562788141333,-0.0008690857771046001,-0.0003620029029436334,0.0002434482065927,0.00021378063551390005,-4.507636038066636e-06,-0.005239076180758434,-0.0042726758506793664,-0.002766559255264567
1996-09-01,0.0020511892459034666,0.0027034869296619335,0.0022390135112641,0.006073784195931333,0.007020274526393433,0.004985692092923566,0.0055306133464734335,0.005781595640427767,0.005520226102359999,0.000984913564989167,0.007264498474243365,0.007963255563392266,0.0042881576685127,0.006952314745192766,0.0028184151851556663,0.0051549371421707665,0.016604157314722767,0.007161136269038666,-0.025099999999999678,119.33333333333333,0.006951743999999968,0.0023613083657198,0.0015663660824465,0.10000000000000035,-0.4666666666666666,0.05229805525766979,0.0030344618599894985,-0.016270739997573867,0.0036394075346243976,-0.0329315012956452,0.004589516780816568,0.0020706833609948003,0.0014873704639347667,0.0016107413893129332,0.004857618101816234,0.0004054093685965333,0.0009814637221528333,-0.0004947067297666,0.002212131516820567,0.0018091405784546332,0.002531558314434667,0.0021311161742071333,0.0023094236363221665,0.0010408943078203667,41.0,0.033333333333333666,41.5,7.280256714117432,-0.020362563993279768,-0.010644349034336633,6.4780362279266095,5.870565407880506,7.235009189022066,-0.0162633880564797,0.0010666675768900996,6.404513358047553,5.809649152485886,0.0273917879835105,0.011111206201446067,0.0014986993967600938,-0.006666666666666667,0.0025759255613241002,0.0013495601877722668,0.001354816695434,0.0024843606174667905,0.008319885573856933,0.008336392028075635,0.0014594470841444997,-0.0005586869004895,-0.00027519802912699996,-0.12338963333333193,0.0348298098485443,-0.0593738753333334,0.0316470560532173,0.02999999999999996,-0.0033333333333332993,-0.0066666666666665335,-0.02,-0.08333333333333333,-0.14,-0.14666666666666667,-0.12,-0.12999999999999967,0.17,-0.24666666666666667,-0.14333333333333334,0.3166666666666667,0.9966666666666667,1.2366666666666666,2.1,2.7866666666666666,0.0194559070119745,0.013415890757435434,0.023337257612802833,-0.008388197981949065,-0.0007630468192866001,-0.0007766079186512334,-0.0007950193824655,0.009101798629125734,-0.02618264024567803,0.020636354330482266,0.000627499184003746,0.0025426006829620995,0.0016175652771141334,0.0002833551988044309,0.0014174365795099843,-0.0007724993801207773,-7.5887989761794115e-06,0.0006264650516660333,0.0006437830557454575,0.0006443526377320334,0.0002748165575369667,-0.0008823399416281333,0.0016884465225534334,-1.7487403730433258e-05,0.00024333020878140313,-0.00044322443882953335,0.0007760871605699669,0.0012712835400983669,-0.00017134366912029998,0.0020994067125812
1996-12-01,0.004238201908149667,0.004337635594547833,0.0035994737857901666,0.008599985764804566,0.0066596448049799995,0.0065594547374599995,0.005308360255920168,0.0050426274264996325,0.0018061468998584,0.008263159658450066,-0.0007195342890883332,0.013154702871028134,0.0081273320330816,0.012813502385813335,0.0074907159207743,0.007839696739305601,-0.009347620491891901,-0.003849658624364567,0.1849999999999977,32.0,0.008316210666666667,0.0009689105107177667,0.0013720279665309333,-0.06666666666666687,-0.033333333333333326,-0.04529416362873737,0.021918498893131567,-0.002946440832970066,0.005870993256092267,-0.0109396366414393,-0.015879641534349166,0.001997634653342533,0.0014103995542011332,0.0036106778206707337,0.0031606909331618996,0.0007323468872464668,0.0013881022015678334,-0.00029717683989183334,0.0021397236558069,0.0009690524448781332,0.0014414436876677,0.00044139754292813333,0.002200228010451,0.0005617548504167667,40.9,0.0333333333333332,41.56666666666667,7.24598865913789,0.0,0.01910742703594348,6.448541137218103,5.782400284693776,7.253068518908987,0.07054972396282656,-0.013030975263756767,6.4120240204367,5.83794850585173,-0.0010987173343538006,0.0007426745528379668,0.002070631198627333,-0.006666666666666667,-6.460829177495966e-05,-0.0009489364193904667,0.002375059528265,-0.005177703386941667,-0.017561166184468402,-0.018480064780444033,0.0002745026616951665,-0.0005315214088798001,-0.0008040624598055333,-0.37325346666666803,0.0272718504175818,-0.044956652333333263,0.017289240693303967,-0.03999999999999974,-0.04333333333333347,-0.006666666666666834,-0.003333333333333533,0.0366666666666669,0.076666666666667,0.07333333333333321,0.07000000000000034,0.050000000000000204,0.12666666666666668,-0.26,-0.17666666666666667,0.29333333333333333,0.9566666666666667,1.1900000000000002,2.066666666666667,2.73,0.0437613744944965,0.03024657219539593,-0.007441735719083666,0.004331154473984367,-0.0010043962689868333,-0.0017768166976823666,0.0002661203808788,-0.04092070318794686,-0.025379755949180096,0.0012735995486537002,-0.0004250944446525541,0.0009982731727925687,-0.0025345764010774666,-0.00043692177900446673,-0.0007129629111674,0.0005148006171245,-0.0003831622249471666,-0.0004247939204375349,-0.0006507974542015735,-0.0004365040792008285,0.00010205012757383335,0.0014069719398189335,-0.0008412169940473059,0.00020063005620170001,-0.0002553222700381666,0.00020875837438363333,-0.001040005089878,0.0025558772088848667,-0.0018615868981779332,-0.00018565007448616654
1997-03-01,0.003325418334522766,0.0038488384067444995,0.0010791468756217036,0.0011818895706199666,-0.003706955329120567,0.004240655059093966,0.004330812985531133,0.004555239367120367,0.0015439970674944667,-0.0006212073619445332,0.0024337867213685333,0.011467351228749431,0.004127595089582433,0.009363136463467033,0.0015261972608847998,0.005288947611338866,0.0046337898665873645,0.0092329624005352,-0.05026666666666781,-112.66666666666667,-0.0028063473333333664,0.0017653808895125667,0.0030157223930101,-0.10000000000000002,-0.13333333333333347,-0.002889432329307167,-0.04473277401522413,-0.0029727178170715998,0.012376481146330533,-0.017905538824472,0.0031546792492634,0.0024184563072330335,0.0017826480357729334,0.0028723176643395327,0.0041106324955227,0.0009419731943207333,0.0018209834619036666,-0.0004462626177896,0.00257194816665,0.0016857023418701,0.0023648384688303666,0.0013276703691330668,0.0032964495505449,5.102170983723332e-05,41.266666666666666,0.0333333333333332,41.766666666666666,7.288597968267934,-0.013388680575110001,-0.04891669700302997,6.496216142169067,5.894126503848977,7.260970241387263,-0.09016322397047012,-0.013561192212150068,6.45654475191373,5.85172605963677,-0.0032171958117667675,0.0008256651737952999,0.002568776589943867,0.006666666666666667,0.0007094083075382332,3.1767307367166694e-05,0.0032777215571017666,0.0029515477861255662,0.0033984304179766334,0.004522757719688665,-0.0006842066249757332,0.001741293155804233,-0.00013549404077176606,0.2545106333333353,0.014181493226389,-0.021295347333333336,0.0018553486062448665,0.10333333333333311,0.10666666666666667,0.013333333333333502,0.0799999999999999,0.11333333333333334,0.12333333333333334,0.09666666666666635,0.09000000000000034,0.086666666666666,0.07333333333333333,-0.35000000000000003,-0.15666666666666668,0.42,1.1566666666666665,1.2966666666666666,2.1533333333333338,2.7733333333333334,-0.004849074151804733,-0.010379061199984664,0.0013506065503266003,0.006043050496984066,-6.861188998599835e-06,0.00024226891158963325,-0.00026780809759210006,0.03378477501540573,0.05995702577976003,-0.005082513403882767,-0.0006267629549506015,-0.001007986045978033,-0.0014010325246029667,0.0002807196765909667,-0.0011756162673914163,-0.0002574996909308137,-3.47181947784782e-06,-0.0006244147938935875,-0.0006434317167960667,-0.0006432938632162467,-0.0008462426936430388,-0.0013599306281643333,-0.0012952552151927997,-0.0006000384751996333,0.00048111353681062826,0.0006399714726761314,0.0007652032401161999,0.006198060050990634,0.002770704278618767,-0.0018166910967364
1997-06-01,0.004682755093856,0.0051334751055633,0.006760229218067165,0.006870205240742801,0.009405701290050432,0.007686548826487599,0.00703586940321,0.008225859319649533,0.005760175735816533,0.013708765021916,0.002531691711274033,0.014654379888644266,0.008514469205569366,0.012376185042219767,0.003453748271999433,0.0087320404910936,-0.014706879832935999,-0.004715188988829901,0.18346666666666997,107.0,0.017668094000000068,0.0012197356349213668,0.0014028401198314,-0.033333333333333666,0.19999999999999987,-0.0002639218929114002,0.009408262258533034,-0.018914164119975634,-0.04710172954737113,0.007526189894937168,0.006524163414164032,0.0014275306848858334,0.0019819727319702668,0.0006414183150642333,0.0030357915248557,0.00170415206845042,0.0032405066077020334,-0.0007451012714264335,0.0012937019099439333,-0.0005292621977061668,0.0024840563984262335,0.0013131414478462667,0.0034928395328197004,0.00027198396803680013,41.06666666666667,6.47630097698008e-17,41.63333333333333,7.2721947592988405,-0.008299183873910229,-0.030375133278649966,6.503708701286669,5.855360860361017,7.265560800828424,0.0219859892639335,0.022304862928440167,6.454901890264949,5.8740039893651,0.0168028293286019,0.004247696017366967,0.003089442998997267,-0.006666666666666667,0.0030831726906373337,0.001786454844345,0.003923697570868034,-0.00022797023511423329,0.015639604456805536,0.013329679697966168,0.00012904469779296667,-0.0016201086163472667,-4.3468505259300034e-05,-0.34242380000000106,0.03569025072853694,-0.05618515666666666,0.0238398109586974,0.013333333333333369,-0.033333333333333166,0.029999999999999968,-0.03666666666666647,-0.10333333333333346,-0.1366666666666667,-0.13666666666666663,-0.12,-0.12666666666666657,-0.016666666666666666,-0.5,-0.3933333333333333,0.05666666666666667,0.68,0.7966666666666667,1.7166666666666668,2.3233333333333333,0.0180407694267406,-0.0035506686399058318,-0.005913352633977666,0.0024300274833903668,0.0020304011950811,0.0025712396580933,0.0010636900881448,-0.0021178055486237995,-0.0131979267206859,0.0005178993729604333,0.0008302204374839333,-0.0022547949364701667,0.0041737663723496335,-0.00028781489962230325,0.0016477528335568333,-0.000778513393976,-0.00018928495083306434,0.0006205400489,0.0008560740317754001,0.0008525153837055334,0.0004168468739746,5.086418212606669e-05,0.0019307108494856999,-4.0121269827600026e-05,0.00047432100852416666,0.0004166807517310002,0.000754716349569,-0.006819175654400733,-0.002199851845854033,0.0003204843585606666
1997-09-01,0.005125243682222967,0.0058015832115027,0.003130226688651134,0.0052442959453399,0.0016400286265358666,0.008680418915969733,0.008841209765484368,0.009397730813005533,0.008425423261052766,0.015066405967796001,0.0057060661549988,0.013424842304806,0.008479811632330867,0.015615863000774033,0.003723784879886067,0.009325004098686833,0.023933185674118566,-0.011628370298867067,0.17919999999999933,148.0,0.034169204999999966,0.0008358345723896333,0.001644527747144366,-0.06666666666666667,-0.19999999999999984,-0.006128603224756432,-0.014953073738019471,-0.032652797936194695,-0.0184412803762205,-0.04544199718517943,-0.0161321802872833,0.0030730631061607998,0.0021915303086441997,0.0011050055191936003,0.003008392777294567,0.0019614060610960667,0.003024992208122334,0.00024855219504733335,0.0032857141223677,0.0043046173899506995,0.0021019791098317,0.0020981487215922,0.0035923317923174,0.002437920359805367,41.1,0.033333333333333666,41.766666666666666,7.329918924265553,0.12084668779704356,-0.009558599992223527,6.5420167241814795,5.937575763151677,7.30470101332308,0.0,-0.013203046031683466,6.493607728765373,5.964231923450747,0.025132504447192602,0.012075202395408232,0.0039001729676743,0.0,-0.0013980414123680668,-0.0009603865887590333,0.002939609126901667,0.003935879246691966,0.0043666302101092,0.005883291834259033,2.3623093542333416e-05,-0.0005089716840650001,-0.0006884498354373,-0.3216606333333328,0.004172615609064667,-0.0007949016666666334,-0.004749559486451132,-0.0066666666666668,0.046666666666666544,-1.295260195396016e-16,-0.006666666666666969,-0.0333333333333332,-0.12000000000000026,-0.13999999999999999,-0.11666666666666647,-0.13333333333333333,0.04666666666666667,-0.5,-0.4033333333333333,-0.04,0.4266666666666667,0.52,1.4866666666666666,2.0433333333333334,-0.024191178653693367,0.020425232081863434,0.0172962297635554,0.005303385391892,-0.002029824655569267,-0.0023133524812980334,-1.2728646264292705e-06,0.0051031187089955994,-0.022599382294671833,-0.0075437666166668004,-0.0004176791307006504,0.0015037619488337001,-0.0037037293051552667,0.0005599381280753129,-0.0014111043232031334,-3.0422591089333587e-06,0.0005492660376041218,-0.0004149690690059,-0.0004289899517508333,-0.0004289659832205058,-0.0002462134001136,-0.0006008686749457,-0.0014524824194745332,0.00025340176149353337,-0.0009732261377650668,-0.0006509985813042185,-0.0010248310536649667,-0.0009417264453119994,0.0016471530434731668,0.008445839981457766
1997-12-01,0.007327525956246267,0.007786544669598834,0.0037583729427751005,0.0044534556339256666,0.0017946164591660333,0.0034960519263430665,0.0033831670978650666,0.0031063030627311336,2.8686681550799944e-05,0.00015295165489526683,-1.849545328683337e-05,0.008083510075061034,0.003624365852229333,0.006868650850089233,0.000621061778779167,0.0048297809665817,-0.028783618720015763,-0.0018996760125793999,-0.21729999999999897,1.0,0.0002408183333333346,0.00036729877387503334,0.0003926668650618,0.0,0.0,0.012276184440773134,-0.01842463033620523,-0.0014708610002920983,-0.010399456951953798,0.0066844808155766015,0.004629704053555766,0.0021157468965728667,0.0023557224076971336,0.0027177991945791335,0.005492166388478367,0.0013453485372765998,0.0025101903301359336,-0.0005470596776829666,0.0020579270410862665,0.0011109559811590666,0.0023570037468510336,0.00032887287822390003,0.0035987753967407997,0.0004214395247886,41.166666666666664,-0.033333333333333666,41.86666666666667,7.351246045988876,0.03512017188594313,0.10427268190777339,6.5218069965307395,5.909276186625557,7.3464632611825325,0.06234618222403004,0.07594876028037346,6.490441069793133,5.966735064124791,-0.017754791399712633,-0.0022342361653026,0.0047326892768282,0.006666666666666667,-0.00047648839670639994,0.0008031278190169999,0.005472570942071199,-0.006685840860964001,-0.023059073425126503,-0.022111805484410735,0.0002454710775958331,0.0024456761495216333,0.001292946875056567,-0.4176603666666656,0.028829196183038964,-0.0403232033333334,0.026864677061051764,-0.0033333333333332668,-0.06333333333333327,-0.016666666666666562,-0.033333333333333236,-0.0500000000000001,-0.10333333333333329,-0.10333333333333337,-0.06666666666666646,-0.056666666666666664,0.006666666666666672,-0.4266666666666667,-0.41,-0.16333333333333333,0.03666666666666667,0.11666666666666665,1.1566666666666665,1.7299999999999998,0.013056256666983068,0.001246916837725266,-0.009631167221901599,0.004825231236707767,0.0005038790147354999,0.0005090558997347001,-0.0016030208964172667,-0.0135300570763466,0.0043184622863314676,9.938998906143294e-05,-0.00041254130678323336,-0.0002505323931041,0.00044646282069479994,-0.00014901301588063332,-0.00023532041238280002,0.001042277866872595,-0.0005541501095773666,-0.00020557097989413328,-0.0006380943046456333,-0.000423549400485,-0.00019325814603019998,0.00044114909205459995,-0.0007419238207058,-0.00012646130446823333,0.0007049073797751335,-0.00042666184277163335,0.0004954422761714001,-0.0091085362783924,-0.003417302361985033,-0.004491460185779666
1998-03-01,0.004893071584742567,0.005453034454530867,0.005658819105363433,0.0032348344155620334,0.007667390842703633,0.003461721535128767,0.0038309342279134336,0.0034895832381469996,0.003615943642083466,0.0045118260780784335,0.003252351301686189,0.0045649137104653995,0.0029407811209303,0.0027088475165056997,-0.0006755230254823665,0.0028043841883217,0.0164444806433683,-0.0019377962031320002,-0.361933333333335,2.0,0.011447191333333334,0.0006314881201614334,0.0013174041431096943,-0.06666666666666601,-0.2333333333333337,0.008824608979874235,0.0055154653714696,-0.06466602881859672,-0.08969229487358217,-0.04386422832858283,-0.008251770160203066,0.0022030697171265667,0.0010964020519944667,-0.004989939426252434,0.0049653351084711,-5.673597925870002e-05,0.0007006963843873,-0.0012966304001782,0.0024692814067380667,0.0017060562120321664,0.0017902127925666668,0.0014381630365693666,0.0037815998956638,0.0014960145464547666,40.800000000000004,-0.06666666666666633,41.4,7.344464283823771,-0.08553049512725003,-0.08200312535040351,6.555266724966617,5.959945271976683,7.357846472354926,-0.05999045981633344,-0.05004576550460004,6.578722001627628,5.968446714333074,-0.0011715826199450998,-0.0016624035023730668,0.0020493132939568,0.0,-0.0003732026217718334,-0.0007337662396793939,0.0048639696744222005,0.0026468100383549666,0.004898190947043068,0.003317496040676766,0.0018060788442726666,-0.003370919542036,0.0001144531272695666,0.17568293333332938,0.026490996581218368,-0.03128701266666667,0.027068896890493768,-0.0066666666666665335,0.016666666666666635,-0.02999999999999997,0.023333333333333168,0.04333333333333363,0.04666666666666653,0.0266666666666667,0.006666666666666801,0.016666666666666597,0.013333333333333334,-0.48333333333333334,-0.39666666666666667,-0.07333333333333335,0.14,0.17,1.2233333333333334,1.8399999999999999,0.0036029037755610665,0.023133558710645364,-0.000528616558889701,0.002732825237888734,-0.00025533002652741244,2.2406844898033757e-17,0.0008020159661385096,0.0032189681029034336,0.00046237626055666464,-0.004474539931314868,0.0008210184774659333,0.0012568224655215001,0.0021105124788461,0.0002675646949924057,0.0014121001697955668,-0.0010441146621052333,0.000360714141455295,0.001023437504419,0.0012757820504033666,0.0010545194917306999,0.0006307886764593333,-0.001438954749674567,0.0027379236082862002,0.00030939826983453336,-0.00024366838820289992,-4.270198768082733e-06,-5.573374873633329e-06,0.0062242532598576665,0.0025714454164293,0.0001440186494712665
1998-06-01,0.003789649875525767,0.0043296455920399,0.003936148246997533,0.00032752658670833396,-0.0009800325569990665,0.0034834550792757664,0.0041690806250759,0.004418951077065699,0.0028027446428972335,0.007236310173839365,0.0010939721421531668,0.008259805530659733,0.0025033205594704997,0.007221606950611934,-0.0005960837910802333,0.004119148966179767,0.011217761564717335,0.0027672292465771003,-0.17433333333333204,2.6666666666666665,-0.005357468666666701,0.00048010134071673334,0.00016494427123463334,0.0333333333333332,-0.3333333333333333,-0.005600233544794767,0.0022148475728895668,0.029115630389416797,0.07201747210417529,-0.008449456621486365,0.0014962085610470317,0.0018489804083371333,0.0007926424682640334,-0.0047098393353799005,0.006936791816962401,-0.001155731020147633,-0.0007311948823579666,-0.0018539444008395334,0.002102064821935167,0.0014591979155227,0.00046921032711226665,0.0014411004939506999,0.003082364544265867,0.0014058362958214,40.833333333333336,-0.033333333333333666,41.4,7.408912768930423,-0.03587688806412329,0.02405414874941,6.6651167699474305,6.015185377494354,7.380532165579563,0.03347291591568347,-0.012699948744089898,6.60141257896542,5.988917549382236,-0.002967579408033799,-0.0015534130568373666,0.0015245390461888335,0.0033333333333333335,-0.0005561608188630001,2.5875768261689653e-05,0.0034699607711762997,0.0009133263973998,0.012392564651595134,0.012938825376020466,-0.0021802952188227664,0.0014285645916777333,-0.0006939149238676667,0.32117156666666835,-0.010322822385176943,0.022228869333333363,-0.006842148554353967,0.019999999999999834,0.0,-0.033333333333333236,-0.0633333333333332,-0.07666666666666666,-0.11999999999999987,-0.10333333333333333,-0.056666666666666865,-0.0533333333333334,-0.049999999999999996,-0.6033333333333334,-0.5166666666666666,-0.22333333333333336,-0.13333333333333333,-0.11666666666666665,0.9833333333333334,1.59,0.0032074174508076995,0.023340098634525866,-0.0008148967102981668,0.0200073468233599,-0.0002555257567319333,-0.0005173978282340777,-0.0005442048999976334,-0.0099352446966187,-0.004733892438126571,0.005505737439558266,-0.0004127718455005333,0.002964965636198967,-0.0009442905305074,-0.00014826089955616664,-0.0007077915800224999,0.0007833924483176,-3.938282001552632e-06,-0.0004127503107067356,-0.00042706011704306664,-0.0006349683559987333,3.32613000669996e-06,0.0013643870657862333,-0.0009380640869830666,5.55626393140666e-05,0.0014018542302936,0.00040251214635563334,0.0017436282127072003,0.014792214983088433,0.0007947902670366663,0.0025752596184644328
1998-09-01,0.0033214470706107,0.003325920962555,0.0044939754178508,0.007404279700310166,0.010974562845137932,0.0016605564921956665,-6.822362754226663e-05,-0.0008716967474985664,-0.0033834549869803,0.005189084691961267,-0.006893875006195566,0.004061913301109167,0.003962796128938567,0.010496474321660865,-0.0033655623904298017,0.0029265142499221666,-0.023672195410231134,0.0010614322800055326,-0.20020000000000002,3.3333333333333335,0.003986586000000031,0.001959290683154527,0.0022502961532874367,-0.0333333333333332,0.26666666666666666,-0.011358059845639734,0.0058909216440123325,-0.007462998297826068,-0.04075983860902917,0.022453849918289068,0.003605931866511966,0.0017785245796731002,-0.0003414251382528463,-0.008345025354143033,0.0045808753324146,-0.0018460941493524334,-0.0015897795276071998,-0.0022687828643927666,0.0022834481403635667,0.0014264791750501998,0.0009479884769643,0.0014712008920198334,0.0025760383191008,0.0014165625565395335,40.766666666666666,0.0,41.36666666666667,7.409395463092743,0.024341711671630073,0.009360989580943469,6.65593767678293,5.96623775992251,7.41151779533018,0.034269831288739866,0.021917125854259933,6.602762085046403,6.03598470388357,0.0062106437497799665,-0.004427116198170233,0.003490163029757867,-0.0033333333333333335,0.0024726577589391334,0.0010125482727598666,0.007753323745045633,0.0020315455182693,-0.0007465475311683665,0.0007661574376404337,0.001610837732497666,0.0031443436257045667,0.0008034647310128668,0.2313933000000029,0.0209798619149021,-0.027519124666666662,0.026055096381405865,-0.24,-0.11666666666666652,-0.16333333333333336,-0.17666666666666667,-0.22666666666666666,-0.24333333333333304,-0.1699999999999997,-0.036666666666666396,0.0666666666666667,0.049999999999999996,-0.81,-0.77,-0.6833333333333332,-0.69,-0.41333333333333333,1.2566666666666668,2.0666666666666664,-0.025047967511652003,-0.06154102323601763,0.005442215182141366,0.0012574540657297004,0.0005112457482890331,0.0005179987545620666,0.00026800055043783334,0.012198608144757367,-0.020233175645550504,-0.0023156558972419992,-1.7425165449667008e-06,-0.003971255708616333,-4.994449917332909e-07,-0.00041771292855552505,-0.00046882333091716666,0.0002621575702044668,0.00017458971209872794,-0.00020492532579503335,-0.00021197566589816665,-1.5782492006333453e-06,-0.0004456718428752666,0.0003196393310318334,-0.0009349372269413666,-0.00042447674299683335,-0.002113381774515133,-0.0004138670815712336,-0.0027388194758905817,-0.0074558873193364,-1.827474926823323e-05,0.0009639016268669998
1998-12-01,0.0034547758390826334,0.0032059942574277998,0.004004302674796133,0.0072241223070677665,0.007059644888446567,0.004646989195147533,0.0037434207506047332,0.0039166179786741,0.004912655101216233,0.005326485784173912,0.0047197377055416675,0.003281467086689033,0.005828661498754567,0.009188110998015767,0.0041592117863622335,0.005643542550841633,0.0019233759303342683,0.014589755636524567,0.061866666666664426,104.66666666666667,0.016642264,0.0014085814500492,0.0014483155969529,0.0,-0.2333333333333333,0.007355171016584165,-0.008790232154182802,-0.008278044012579434,0.015485480274403933,-0.02945431309641783,-0.015657399139890667,0.002336754027760133,0.0005324705713558334,-0.011315191954611633,0.006703551399877367,-0.0013577751292116332,-0.0009513732309483,-0.002029741898588433,0.0027633742105657336,0.0025340676778083,0.0020600706606828,0.0029567982378839335,0.0021676063724923667,0.0016588734015042003,40.86666666666667,0.0,41.4,7.459298018387053,0.06965297210741667,-0.02779386964634983,6.704889542867753,6.017366591726639,7.456633605447443,0.003809565274539864,0.01287926423513674,6.66559369452528,6.026541070302904,0.005700250700781967,-0.0034725734909214997,0.0015843449685028965,-0.006666666666666667,-0.0031458520743343,-0.0012594858621325334,0.0047976840216821665,-0.004634634361384133,-0.009390292322232133,-0.009403907544843734,-0.0045648448469528995,-0.004147632935690167,0.0021916914879991,0.35435833333333244,0.02849903505490603,-0.03372236900000004,0.033056902480656,-0.02333333333333326,-0.10999999999999976,0.010000000000000236,0.0066666666666667,0.05666666666666653,0.12333333333333303,0.056666666666666476,-0.0033333333333331696,0.016666666666666736,0.19999999999999998,-0.3,-0.3,-0.11333333333333333,-0.036666666666666674,0.09999999999999999,1.5966666666666667,2.6133333333333333,0.009956649765826,-0.010188538176001268,-0.0067911654564988,-0.009370508314134668,-0.0010131661154971334,-0.0017947698317672337,-0.0005559287100868998,-0.006341044684679869,0.02520119531933157,0.0004851342356317668,-0.00040650411542044227,-0.0017791375315736335,-0.0016635191142159334,0.0003999268061178377,-0.0007006877336476716,-0.0015802033101979668,-0.0003617885391461334,-0.0006078433129263332,-0.0006321802910500667,-0.0006261110970614786,-0.00020083903779466667,-0.00045755274465916675,-0.0006400258432109332,4.096636410845775e-06,0.0004591089961708333,-0.0006095704228479,0.0007333974146521001,0.002164123932262866,-0.00041282078770936686,-0.008217741172643333
1999-03-01,0.00017817411807876665,0.00027854087989353333,0.0051173471686845,0.003807406811607367,0.006894905604527868,0.0034861783786818332,0.002020676186981,0.0021817057354933996,0.0018012475070369003,0.0057195578591826,0.00019562903432036698,0.005172845008366934,0.005444539116618633,0.009393229046512,0.0011103158033609333,0.0037662199584120593,0.016050410701774168,0.00523798786244,-0.05489999999999876,-53.333333333333336,0.006355846666666667,0.00033564209965439995,0.0011396365019097426,-0.06666666666666667,-0.13333333333333333,-0.00722239533933237,-0.0280397264124105,-0.0100356619978544,0.016496421633394633,-0.0364637926733787,0.00011053998885359947,0.0018033420000603002,0.00015003034958026667,-0.009375917070663034,0.004480561860082934,-0.0011902032149108668,-0.00043054408298339033,-0.0024521183378614,0.0021917676490203,0.0019042453739128334,0.001082465878546,0.002169793395172667,0.0013799071021746666,0.0014035803728547668,40.63333333333333,0.0,41.333333333333336,7.392267618607456,-0.05811779571492346,0.0505863021279265,6.591837557625463,5.97848466288982,7.399263610486884,-0.0317700599347731,0.0038647775936398996,6.5752694775512,6.009236539985267,0.0007482998170977329,-0.0022049164012762005,0.0040343962785686005,-0.0033333333333333335,0.001090282142820067,0.00011872766559706676,0.0018925037384267332,0.0042948722822637,0.018440622010882368,0.01786994367639533,-0.0010248955435967334,0.0016097999706502,-0.0008580620021453605,0.7638724666666631,0.02211010722156607,-0.030005597333333366,0.022194428189614868,-0.006666666666666532,0.0033333333333332668,0.02,0.03999999999999993,0.04999999999999973,0.17666666666666678,0.1799999999999998,0.17666666666666653,0.11000000000000006,0.06,-0.35333333333333333,-0.2966666666666667,0.01,0.4566666666666667,0.5533333333333333,1.9666666666666668,2.813333333333334,0.018312383983952133,0.014893741172120833,-0.0025079777064463,-0.008247007106770366,0.0017721972772927665,0.0025621623897531,0.0019212661282559664,0.026906447822106234,0.020318556056360505,0.0265387218993679,0.00020086372004816654,0.0017791375315736665,0.0014347642220115993,-0.00027684710815763334,0.0007034550816434337,0.0007881039219602001,-0.00018086538690289308,0.00040246217441780005,0.00042087547678953344,0.0004147284454252669,0.0004050569092729,0.00042994062688323274,0.0006569299949186329,0.0003149829461701334,0.0011293304591919666,0.002799456566277067,0.00047276260785576664,-0.011087937028841302,0.004783983090344899,0.0020707578831735333
1999-06-01,0.003548427055894933,0.0036000086843449666,0.0037050952956804,0.003393803417042733,0.007114022081806799,0.0031898635599576,0.0011496831839741,0.0006647747288222998,-0.00013112518690523364,0.006696323311664368,-0.002922506456527267,0.0035462213572191336,0.005944510842827693,0.0101371156076449,0.0008077667968299,0.0026796874382718668,0.010342930170434833,0.004463209104208667,-0.12286666666666667,-33.666666666666664,-0.007871963333333367,0.000773087345149729,0.0006993830512538,0.0,-0.10000000000000031,0.0046141399865889665,0.006458362375185867,-0.011262332525794198,-0.016941756814308498,-0.0056181105183274365,-0.012212614911675801,0.0019583236464714997,0.00029985826904940007,-0.002336913174377533,0.0035618310714576,-0.0008858083395075667,-0.00036948091719443335,-0.0017478962526252001,0.0023455784789554,0.0018675638300731,0.0020066988369458996,0.0018003969872500668,0.0013742182136648334,0.0023971469021238,40.8,0.033333333333333666,41.4,7.3930325010630105,0.0675080880371569,-0.010706516474036767,6.573526169083,5.974619931774853,7.429491892753866,0.012271324374236633,-0.0028943741911534003,6.641607957300547,6.01886083849586,0.0061291221536562655,-0.00015810180836516645,0.0030248186492093,-0.0033333333333333335,-0.0006347080659088335,-0.0005713094288856334,0.0027025515032633664,-0.001770900950102233,-0.008250009176137501,-0.009177536514879365,0.005310564474876899,0.0015182928488040668,0.0001141327639680333,0.2600532000000017,-0.0011480607136713991,0.0035825979999999993,-0.0057456786794483,0.10999999999999992,0.15000000000000022,0.07333333333333326,0.10333333333333367,0.11666666666666688,0.133333333333333,0.13333333333333333,0.15666666666666698,0.14333333333333353,0.21333333333333335,-0.32666666666666666,-0.18333333333333335,0.17,0.8366666666666666,0.9366666666666666,2.3333333333333335,3.1,0.0003314441292603341,-0.024874686499720664,-0.0019868430858708,0.007243963787463266,0.0014992256365037669,0.0020121494702911667,0.0010661901630015667,-0.002469494422720167,0.011410555178842334,-0.0172541069787835,0.0005980182281518331,-0.001524392900654933,0.0034479580842266336,0.00025793634957986663,0.0013829735169220041,0.0007945971184254718,0.00035048460674914276,0.0007955367528026283,0.0008307377093196332,0.0008206319442409666,0.0003875295327941334,0.00029948437828451545,0.0018429219524262665,-0.00011367808004849997,-0.0016016320239905333,-0.0029974567700990335,-0.0007343019906432862,0.016066398894150066,-0.002549460958023267,0.0012891825505620999
1999-09-01,0.004058301333583834,0.0046226281811119,0.004033581719941833,0.004029555611375899,0.006010628811079467,0.004630960061400466,0.0031141424481526004,0.0023531181321665667,0.0036430662773516338,0.003325092695263866,0.003828250343527033,0.0016127250501251332,0.006638924225951501,0.008452729382803467,0.007168961600678834,0.005773352454137466,-0.0247195919081783,-0.00016478237000386656,0.1290333333333343,8.0,0.007477033333333334,0.0014194316296555001,0.0017867406224443,-0.033333333333333666,-0.06666666666666633,0.0020882344464423336,-0.009077156241586634,-0.0181242426773297,-0.023539189071317832,-0.011528526549926532,-0.010481212826296235,0.0022945366760638666,0.0012781827415543998,-0.00019548431798663336,0.0050730530392234,-9.642550714753335e-05,0.0001540001567394,-0.0005158362733753333,0.0025306859118631336,0.0018828798726246668,0.0016724955502607334,0.0016647139256437667,-0.00021434849515776665,0.0019736953424835334,40.93333333333333,0.0,41.4,7.396487414513227,-0.06300351498158348,0.028426305900736665,6.596877944439086,5.95286756738545,7.3921184264602635,0.00597030885550993,0.031417512748729934,6.592200700019194,5.953182294776323,-0.004994628180417233,0.0035392780302849667,0.006696635145688134,0.0,0.002197926337861267,0.0001143229639773,0.0017206386249931998,0.008941011821412333,0.0016476709060734007,0.001668145022734766,0.0038157230855660335,-0.0006394173688238667,-0.0008688895430951333,-0.04569336666666834,0.015577657264135668,-0.016458868333333303,0.002818475691458202,0.11666666666666647,0.18999999999999964,0.11666666666666699,0.11000000000000025,0.11666666666666659,0.04333333333333317,0.029999999999999805,-0.013333333333333567,-3.700743415417188e-17,0.42,-0.41,-0.26,0.13,0.6533333333333333,0.7399999999999999,2.1533333333333333,2.9633333333333334,0.0097931054411566,-0.026261923856117364,0.003037556277006166,-0.005809780253511667,-0.0007657337924938,-0.0010300173980019999,-0.0005537898906616,0.0013985577119829996,0.013451880283714773,0.0010377540818575991,-0.00020452815031467126,0.0005081319508685999,-0.0032092940635242997,-9.209203112961603e-06,-0.0016080326986669332,-0.0010586215352367374,0.0005194323041998334,-0.0006009727282672001,-0.0006249128597215999,-0.0006197241658757667,-0.0003071902150629,-0.0002212396446565,-0.0018854248835463664,0.0002354425462947,-3.3322109843048134e-06,0.00019800020382199283,-0.0002419425751667665,-0.0076252469733748,-0.0018537770503321666,-0.0030489727352337004
1999-12-01,0.007066215061845667,0.007686400273501033,0.006278542576424101,-0.0019682152886092348,0.008759283737606,0.0035500641621416668,0.003689214281643267,0.0035427795059268332,0.0016931495695621669,0.005079439570304867,0.0003532642101180001,0.010149164571759335,0.0033625406048980663,0.0077912468833775,-0.003211248208404333,0.0031727219922909997,0.022759098897599802,-0.003263209192787133,-0.07603333333333301,157.66666666666666,0.019831228,0.005737400667705633,0.005633063436598934,0.0,-0.10000000000000032,0.005420173623926766,0.0247831305672766,-0.019422969374658667,-0.012672091262947334,-0.02696613371434033,0.013902970846161234,0.0016667465954860001,0.0006372580869378333,0.0010412607712278333,0.0021366001949315,3.8573550159666655e-05,0.0007382119839196667,-0.0011376575320802666,0.0019050450671891667,0.0018083574872733666,0.0008754173851510333,0.002179672530231667,-4.288624429626669e-05,0.0016709285911844665,40.93333333333333,0.0333333333333332,41.46666666666667,7.434334219250769,0.04590575018573337,0.015093568177719932,6.649148989768766,5.990506024446151,7.438713604167887,0.013528426705026533,-0.010753620739406436,6.600715371413801,6.03022184526046,-0.004833088725084399,0.007366986954231433,0.005304086700035566,0.0033333333333333335,-0.006262910030643334,-0.0004349239082616001,0.0018086629348011334,-0.02402230250786867,-0.018673674217025,-0.016901974935534532,-0.003194517602792067,-0.000852052284388166,0.0007123930751997002,-0.4231004333333317,-0.0005108153539170336,0.005245475000000002,-0.021596442020991497,0.10333333333333335,0.016666666666666937,0.16,0.1733333333333332,0.2233333333333332,0.23666666666666689,0.163333333333333,0.10666666666666634,0.046666666666666405,0.38666666666666666,-0.1366666666666667,0.060000000000000005,0.5666666666666668,0.9899999999999999,0.9933333333333333,2.1766666666666667,2.776666666666667,0.016831729733756632,0.014766216778612966,-0.004243704784576467,-0.003700442306340567,0.0021961494677217,0.002933416937925034,0.001556557272811767,-0.005570373921052433,-0.0070485711351972,0.00032138700784340005,0.0007810288391721,0.00025027057057866654,0.0022319362373532004,0.00011970698263013332,0.0024953634151166667,0.0002614847584588925,-0.00035759964011816665,0.0009747861627668001,0.0014281653504708332,0.0008053596013759,0.0007505396235278,-0.00016795924506466677,0.0028564175866057,0.0002054397923405667,0.0006607977266366,0.0017487653051017332,-4.381089398400057e-06,0.0056208797092084,-0.0011701925802742,-0.0005513067141421334
2000-03-01,0.003909103108844267,0.0029664180129321672,0.0027874591059487332,0.004902827619929433,-0.0007679844794961666,0.004369192280860134,0.0039553406255968,0.004222433145776467,0.0021908152432542,0.002042207762738333,0.0022842674996414666,0.0112028364704327,0.0049160256357563,0.008162843381885334,0.00011629643318783322,0.004295584529078962,0.0064979029175304985,0.0010416381049248677,0.018166666666663334,-138.33333333333334,-0.01860509633333333,-0.00015915144498216674,7.80788697749664e-05,-0.033333333333333194,-1.295260195396016e-16,-0.005160061762632837,-0.00017438312369106682,0.0063493983235648,0.005908574199702701,0.007337822512392701,-0.0133119541428659,0.0024921666391518,0.0005143407308991333,0.004132818019292834,0.0019753144225157335,-0.00011573404433146671,0.0006752611271838,-0.0014535661304014666,0.002947445347137,0.0007282626174405666,-0.00040635957691686667,0.0012913666800943998,-0.0004291661894928,0.008751840177305667,40.9,-0.09999999999999999,41.4,7.378714876597983,-0.028472583718116604,-0.0515282672741198,6.603845036642963,5.920957764575516,7.375500814832766,-0.027629219935256466,-0.0479105198413633,6.548070401465007,5.9606261319331395,0.0084027460388671,7.586176710876653e-05,0.005060961622779267,0.0,0.0008221426836370338,-0.0017954873786046332,0.0029408056145368336,0.014656036309947468,0.024336383018282462,0.021870896145273433,0.0011376246356895002,0.002828258007978,-0.0005274794049251666,0.18569236666666708,0.007031802962347133,-0.007096598666666666,-0.0162881404303983,0.1799999999999997,0.2233333333333333,0.08000000000000028,0.12666666666666668,0.03666666666666687,0.003333333333333669,-0.026666666666666672,0.10333333333333367,0.20333333333333373,0.20333333333333334,-0.3333333333333333,-0.12666666666666668,0.18666666666666668,0.4366666666666667,0.18333333333333335,1.7233333333333334,2.51,0.016740751230909037,-0.003270446842161101,-0.019518816486674636,0.0100678414348029,-0.0031905299980348003,-0.0044248437362319004,-0.003148203340248379,-0.0016667391133005013,0.011607787246710993,-0.005017330011516667,-0.0007907581083588999,0.0005090860633438,-0.0022252502481775994,-0.00014124984592396667,-0.0020387423391454995,0.0015940534988922665,-6.7117021887000096e-06,-0.0009816827549196333,-0.0012289678740129001,-0.0006113536920166002,-0.0007723969066780668,0.0009598007004507334,-0.0029959950551287,-0.00035445253618689995,-0.0011085255754590335,-0.0019405014814171003,-0.0007061387099990335,-0.0017374071429626335,0.0024512799660160664,0.0030284212567727674
2000-06-01,0.0045385119138572,0.0053049959878054,0.0026488156939826,0.00020481176958083328,0.0018665813998275,-0.0012350504294801334,-0.0015264249443548334,-0.0014486504548253,-0.0027259093023488004,-0.007100212451440433,-0.0009705242255992056,0.0009523054686801001,-0.0008457321625714334,0.0026645807974758,-0.008871618638391832,-0.0013218188285083331,-0.004185808762496934,-0.0016767552966638667,-0.42416666666666464,-98.0,-0.021506482999999996,0.00029483824429673335,7.806058512823332e-05,0.0333333333333332,0.10000000000000038,-0.0018250599626963675,-0.0031545976769835012,0.01692161763338233,0.0009746595638117014,0.0325702674315026,0.0342036487724163,0.00032533983569215026,0.0005000440165521667,0.0009612618408324666,0.0012777056285007667,0.00017358600131936667,0.0012548026264139,-0.0016690172041317333,0.0002852580674221334,0.0007776102856631,-0.0012900832589147003,0.0010203409610725,0.0006435422553637,-0.0049225996239285336,40.733333333333334,-0.033333333333333666,41.300000000000004,7.32674370179934,-0.031133725029466902,-0.0341085373208901,6.543179800345707,5.933373040038926,7.349413075951861,-0.014723739437709901,-0.012863332423290068,6.5361899006323405,5.976552582494183,0.0002190797317041707,0.018841089707890998,0.0054800299124645345,0.01,0.0022141927929236003,0.002803166282056672,0.0015324046191530667,-0.0016069971895046667,-0.011469250882757466,-0.010836874417273367,-0.0044448623244761004,-0.002466445844850567,0.0018916666331652001,0.9666522333333347,0.015379537610257565,-0.02355075233333337,-0.0035813446157129335,0.0766666666666669,-0.02666666666666667,0.10000000000000014,-0.009999999999999834,-0.0500000000000001,-0.21000000000000033,-0.2033333333333336,-0.14666666666666686,-0.21333333333333362,0.016666666666666666,-0.61,-0.51,-0.38000000000000006,-0.3433333333333333,-0.53,1.0999999999999999,1.8399999999999999,-0.0007959855069160337,-0.0007396768328996,-0.0044698625021146665,-0.0028873774629013,-0.0009677733560116997,-0.0007238511711692005,-0.000512590335113733,-0.02370780103282337,-0.021358919743879864,0.0042531656648910005,-0.0005846245286985999,0.0002569043158639316,-0.0028130668092869672,0.0004974890326616667,-0.0013377944378195666,-0.0013274941214393378,0.00016019342896456657,-0.0005802265086153666,-0.0008061455192669999,-0.0008000939394161334,-0.0002992818845518666,-0.0014079239686918667,-0.0011266483380172,0.00023446114471129998,0.001089681693967978,0.0015239294044772668,0.000931436502221177,-0.0027891681965114337,0.0017335481802920334,-0.0018442078589734998
2000-09-01,0.0013696719550448666,0.0016853315511268334,0.0028428125662089006,-0.0014121593828010672,0.0037781829651973003,0.0002497507108239999,0.0007659061332046667,0.0014323741151267336,0.0006280101738669004,-0.009691702896605368,0.004504605241807899,0.0027355374494026662,-0.00042228733519330007,-0.0007906683481732332,-0.0034207449327855375,-0.0005876668380100335,0.020030675319864834,0.002038203019398667,-0.35243333333333277,-10.666666666666666,0.008428543999999967,0.0010462067278702999,0.0016059362994920333,-0.06666666666666667,-0.16666666666666666,-0.005004703521460833,-0.01864908412484063,-0.019446882236201432,0.017996794632179697,-0.0595537091781339,0.0221616888783439,0.0008107057384449333,-0.0007977234896880668,0.0039440663700052005,0.0010284295236537668,-0.0016430392704543,-0.0010095918873869343,-0.0027301039893377,0.0011787485077239333,0.0003944848933699,-0.0011699106749283124,0.0007866084174192335,0.0019658176633789333,-0.0012340647634581999,40.63333333333333,-0.06666666666666633,41.1,7.3366320674066365,0.013700558561850132,0.0185536157018502,6.526905151252481,5.935149383253254,7.369527111378427,0.020840118993776663,-0.016810284542296838,6.56783388038172,5.996426843226094,0.0011671729871635661,0.005605792191823032,0.0038566900254253665,5.782411586589357e-19,-0.0009185289506170668,-0.0011769863981533999,0.0014659372537272333,0.003292226156495933,0.0024983351317499664,0.0042630277019291,-0.0001545299922263,-0.0006267424051653332,-0.0009431878653624668,0.7639717999999976,-0.025020762950332134,0.024760449666666632,-0.03981301429100063,0.0033333333333333006,0.009999999999999768,0.02666666666666657,-0.003333333333333565,-0.0299999999999999,-0.1199999999999997,-0.03666666666666677,-0.0333333333333332,0.0066666666666665665,-0.01,-0.42,-0.48666666666666664,-0.4366666666666667,-0.71,-0.7600000000000001,1.0266666666666666,1.8099999999999998,0.012026040886808165,0.0028532132624136328,-0.014434844192658869,0.013179037407773897,0.002392833291127733,0.0028598499362795667,0.0007724993801208664,0.009688971243420197,-0.002810015278579603,-0.019498645934762165,0.0005745476860550248,0.0,0.0036780793956860337,-0.0007714565792294667,0.0017816471443238334,0.0005320565109408333,-0.0003466677841504409,0.0009545190640890001,0.0009983165449455333,0.0009870784585747333,0.0004884604508059062,0.0014536110320409665,0.0022338559429651668,-0.00033618191854916665,-1.2674833485881503e-05,0.0007364546898893134,0.00022243355302729991,-0.0110603095555106,-0.0010416336100517003,-0.0005723288947316665
2000-12-01,0.0035830706190739664,0.0022819158926481666,0.0017615565510933002,0.0013855878609246328,0.0032972993066782996,-0.0049845402671361665,-0.0037957060491719003,-0.0027888523426904,-0.0031278532020122666,-0.012206427037120266,9.52447639208e-05,-0.004391653861452133,-0.006567990902124901,-0.0080950031950761,-0.006730505488622599,-0.005668983306877633,-0.0030809321556584993,0.0001560938303486996,-0.7221333333333367,118.0,-0.0013411046666666666,0.0017186304408133334,0.0007031993316003667,0.09999999999999999,0.1333333333333332,0.04219685377486083,-0.004877220756021201,0.041870123384290935,0.024010376069627363,0.06189618778061947,0.03499549137828597,0.0005828912885880128,-0.0019822740454588333,0.003647835147191933,0.0011714757994045334,-0.0033497204848966333,-0.0035423641914284665,-0.003018528848825667,0.0011653622176771667,-0.0004199515702356,-0.0035230726761508,0.0008303503718891,0.0019119292746232334,0.0023360469376089666,40.06666666666667,-0.13333333333333333,40.5,7.3684504510974165,-0.009070854508296764,0.012501465152819968,6.598504220517583,6.016612288163427,7.397146436326763,0.04526718038635324,0.0430705771600035,6.568812203807856,6.0986518759057695,-0.016443310447750534,-0.004660403165159334,-0.0015177434155659003,-0.0033333333333333335,0.0032817918698582996,0.0018020225206096,0.0056130754187142,-0.004398038709280633,-0.003375334891874334,-0.004245849445307398,-0.0008582205106319997,0.0004706161118873999,-0.0009304825339692,0.164558366666668,-0.01796153713736713,0.016118234666666665,-0.0215321338230486,-0.33999999999999964,-0.44333333333333297,-0.4299999999999997,-0.45,-0.47000000000000003,-0.2700000000000002,-0.20666666666666686,-0.11666666666666677,-0.13666666666666652,-0.27999999999999997,-0.69,-0.8433333333333334,-0.9266666666666667,-0.9833333333333334,-0.79,1.1966666666666665,1.9833333333333334,-0.021149313684850634,0.021389261729355635,0.0061843833475127,-0.004568963902924266,-0.0011983119565691666,-0.0012035972247567337,-0.0007578631532909,-0.049126221110884244,-0.012704669797671535,0.017528289974068897,0.00018389025965663336,0.0005148006171245001,-0.0010750631748850336,0.0006130086130398668,-1.4726371499902966e-06,0.0002646512627793,0.0003217797232715998,-0.00038505337270380017,-6.351247261499974e-06,-7.847960084433314e-06,4.9705823362133254e-05,-0.0011952353963241,3.2723349778366696e-05,0.00030879132037789993,-4.1596732159666595e-06,-0.0020686479180511666,0.0006879947402838879,0.010758593664776933,-0.0010417937933724667,-0.001249548864175667
2001-03-01,-0.00018658933384386664,-0.0014392224285337664,0.0009246554477198666,-0.0037897666845487007,0.0032401357686951664,-0.0037618087643188,-0.0034526760888722,-0.0028144515152735664,0.001066656133318125,0.010816141666758166,-0.0024102842938402667,-0.015413600561150731,-0.0041959104277076,-0.0021909599563866666,-0.009358691307709768,-0.0039313476718116,-0.017367356934252967,0.0020803604127888333,-0.53913333333333,-224.0,-0.042118021666666665,-0.0008896048167047668,-0.0012619659005022,0.0333333333333332,-0.2333333333333337,-0.0180159117066853,0.049271277303388206,0.0024501725197806005,0.04035554733484523,-0.044910864656718764,0.020247816723006302,-0.0009527514967455334,-0.004938768426248633,0.0014978493655328,0.00038957881230256675,-0.007321952645299934,-0.0086584954677538,-0.0050384193430286,-5.847926232626667e-05,-0.0023641214192693,-0.0029278706643739998,-0.0025366562878316,0.0013107562184900001,0.0019554127853507334,40.03333333333333,0.0,40.43333333333333,7.386764217779334,-0.044182218653993195,0.021768366135919866,6.581294139404126,6.0082589405611095,7.416577171777257,-0.07043636455573336,0.004016112838723234,6.610127819736436,6.0636821997451165,-0.004705522359934965,-0.003947995700244727,-0.002665603514235667,0.003333333333333334,-0.0008280763412837887,-0.002704432989024966,0.005439599264325266,0.0038812479676702,0.011073397034072563,0.009436133486766432,-0.0014897540913090667,1.2818344348033322e-05,-0.0005776776874775,0.6190577333333307,-0.009156463903979497,0.0039032889999999674,-0.000781094930271999,-0.426666666666667,-0.41000000000000036,-0.42,-0.36333333333333334,-0.3,0.013333333333333336,0.09666666666666668,0.06333333333333363,0.06666666666666661,-0.36000000000000004,-0.8033333333333333,-0.8566666666666666,-0.7533333333333333,0.0033333333333332993,0.3666666666666667,2.3833333333333333,3.22,0.0164098526044275,0.015505472620335867,-0.0060207726908371,0.004244678116735301,0.0002333366750612,0.00023025514355269993,0.0012667691045574,0.0456290645985063,0.014294248982301201,0.008560637269268001,0.0009379185567788998,-0.0026014010666266666,0.006404682150860134,-0.00026181342433709683,0.0017593012066203664,-0.0015974532516776668,0.00015759778633336603,0.0014985382773484,0.0011733490174498332,0.0007715547949563332,0.00036103311160719996,-0.00019279563094386684,0.0019408913287556667,-9.468087844616666e-05,0.0006300087936413336,0.0018653285013736339,-0.00024327716872609372,-0.0009808428476756985,-0.0022630940771855667,0.0048495033460156
2001-06-01,-0.0007961496249167963,-0.0007525328811273333,0.0028056344006017336,-0.0005626660179795668,-9.829889686346644e-05,-0.0041010963886899,-0.003986396358620533,-0.0040984265061778,-0.0008807780147381332,-0.002960222058746633,-0.0001410546140663332,-0.0135121989113743,-0.004274648990840567,-0.0074014544784519335,-0.0015160838353249666,-0.0049664231931808,0.010785021830839634,-0.000941853079157067,-0.5474999999999993,-133.66666666666666,-0.046433543,-7.908760850603329e-05,-0.0020756189939336333,0.20000000000000018,0.40000000000000036,0.031197389635087298,0.022377650733288835,0.07143880810605703,0.0450801026264972,0.10576251674278382,0.002944288332836066,-0.0009782053938754334,-0.006278174955651133,-0.0008104994797133999,-0.0010724392598753334,-0.008654809803329467,-0.009444780811659666,-0.007316701072088667,0.0001907891954620292,-0.0015038489270887666,-0.0021530604565480004,-0.0011460676337205667,0.0007166195193454333,0.0029824801901707667,40.03333333333333,0.0,40.4,7.39250222164317,0.06855630693031646,0.0028612478971332678,6.61312832825275,5.96425762642716,7.3858255506969135,0.016988814530673302,-0.006042461530853367,6.569463104685473,6.001113079939266,-0.013910330703513565,-0.006960665775514667,-0.005260494558457367,-0.0033333333333333335,0.0027541205069701,0.002272343089536233,0.006662902284728467,0.0011266785353416,-0.0034622903383910997,-0.0017871017871018008,-0.0010071796245068067,-0.0023233463051708,0.0012569529864823001,1.0825819666666658,-0.025021917742761232,0.030587227666666703,0.004071509471316533,-0.18666666666666668,-0.17333333333333326,-0.0866666666666668,-0.11,-0.10333333333333333,-0.11999999999999993,-0.13999999999999968,-0.08999999999999993,-0.07333333333333367,-0.21333333333333335,-0.3433333333333333,-0.39999999999999997,-0.24,0.9166666666666666,1.3666666666666665,3.313333333333333,4.133333333333334,-0.013981546250155298,-0.0011000748119798336,0.002490961528602967,-0.00025965596898826676,0.0007210210942787988,0.0004927800873995337,-0.0012826006893345,0.0033701983898142343,-0.0020193633249587645,-0.0208664019295952,-0.0016963565024905667,-0.00027840750069903333,-0.007276643249541967,0.0007201988260578,-0.0033079993619958997,0.0005303306416566214,-0.0001732061719414001,-0.0018758256219095666,-0.0023525996301125,-0.0015521952766501667,-0.0009163986725593999,-0.0002928186371237001,-0.0037693525562636997,-4.464294257824654e-05,-0.0008611046918428333,-0.0003846671735661001,-0.0006901765909950668,0.013006893218453433,0.004068119268730166,0.0009006385485467333
2001-09-01,-0.0004140698680904333,-0.0025597147223822996,0.0030103087271251007,0.0010520897061384665,0.006681853124190336,-0.004786113489982867,-0.004256767142767733,-0.004219796948181133,-0.0005726152623495,-0.0001671828605529999,-0.0007093541322164667,-0.012816176196898767,-0.0055614824235646,-0.008783505972260134,-0.0018470871916192663,-0.004030688059645266,-0.021426533449130435,0.010917626403067865,-0.41796666666666704,-83.0,-0.033243485999999996,0.002216634722562533,-7.3400151941665935e-06,0.19999999999999987,0.3333333333333333,0.013652282397971532,0.053272508166271194,0.07319692241914867,0.06303486956412546,0.08502242116150027,0.03907484414349107,-0.002221681572563567,-0.006527930111163333,-0.0035771782633082995,-0.0021061466488471667,-0.008485079766156,-0.009922256312077467,-0.006072422186472067,-0.0012884071867376333,-0.0031452268998612,-0.0026845467977883665,-0.0012932273625990665,0.0010090825062416334,0.0016923691863024667,39.699999999999996,-0.06666666666666667,40.1,7.357422717811867,0.02668090255784336,0.009363911622336601,6.579926088132933,5.91373715761252,7.373685807815043,1.1564823173178713e-18,0.025427768249876703,6.580014887189276,5.955661801839187,-0.013309375482205501,-0.0049772896772685,-0.010856689756395232,-0.01,-0.0017788787758060327,0.0005656293045888331,0.008824421109321632,-0.001196432748230299,-0.03882806451047502,-0.03798136944204374,-0.0008191982074947666,0.004086888547024999,0.0029874032684139664,1.7624608333333365,-0.014102678871729902,0.01971101699999997,0.03494414633757797,-0.52,-0.48,-0.49666666666666665,-0.47000000000000003,-0.43,-0.19999999999999996,-0.1066666666666663,-0.01666666666666684,-0.013333333333333336,-0.17333333333333334,-0.32666666666666666,-0.34,-0.10666666666666667,1.45,2.1,4.506666666666667,5.366666666666667,-0.005983092265656,0.002840096900498801,-0.00037129865530383284,0.0111330761400369,-0.00262570609355999,-0.0033334937731849,-0.000797400079298133,0.0206170708585288,-0.0530954491027473,0.0085800341330288,-0.00018774054753303328,0.0013034359276945663,-0.0046375533748361335,-0.000503398674296984,-0.0013422182437346664,0.0008052625918803999,0.0003196342915776334,-0.00018721333451043342,-0.0003951665144966002,-0.00019351718008459997,-0.00018552437106280012,0.0010108167207875669,-0.0018428710504124668,0.00014982948138383303,0.0008290959854500733,-0.00019188130018979983,0.0006655047380501334,0.006635909776823832,0.0042877666506271,0.0010255798018305
2001-12-01,0.0012154341501145,0.00034697060530493334,0.0014764900450154666,0.0015422370063238999,-0.0023967548547687003,0.002161694009016243,0.0004956661308836667,0.0003162869075960667,0.0030885119707001665,0.009978491896161666,0.0005393103446384336,-0.0050315470845475,0.004488559713149,0.007287373219755334,0.0035736972827813997,0.002754281203939267,0.006968162253072233,0.004382748046989367,0.1179333333333308,-113.0,-0.017812943666666668,0.0009530640095244333,0.0004889809049698331,0.06666666666666667,0.23333333333333303,-0.011635469522713535,0.0014258884922610324,0.0392929663822823,0.046360227458806406,0.031056929845721132,-0.03823837360834933,-0.0010386444939343333,-0.004758989323120066,-0.0029151009616092,-0.0008856093770285,-0.006530109186160799,-0.007769724082983434,-0.004471301160488467,-0.00024406332525233918,-0.0019825800606624666,-0.0022438821079172997,-0.0018340561130057666,-0.00037804805262036675,0.0009988458327753666,39.833333333333336,0.03333333333333347,40.2,7.435429072057503,-0.04198413632586994,0.021455125318300166,6.662909388990093,5.997495491473799,7.44414099665709,0.09015125616387017,0.012021644973599999,6.662445447231179,5.973598749055877,0.017046278725629166,-0.006442117865567833,-0.004305063047367433,-0.0033333333333333335,-0.0015401024699235333,-0.0009310878436406667,0.005359767751212234,-0.0018412811030004996,0.02617116618077403,0.0245545470907361,0.0047408533574679335,-0.002350272493708334,-0.0019441360350089334,0.5880780999999993,-0.008671773828674534,0.012039151666666666,0.04814800117418047,-0.1166666666666667,-0.06666666666666667,-0.04999999999999996,-0.019999999999999934,0.016666666666666566,0.10999999999999972,0.08666666666666674,-0.15333333333333335,0.026666666666666533,0.01333333333333333,-0.07666666666666667,0.013333333333333334,0.44,2.58,3.25,4.846666666666667,6.173333333333333,0.009180464166801168,0.029276589614335134,-0.0030088018721102666,0.0008781288400336666,0.0019266289752979655,0.002645643554533129,0.0010403091425785001,-0.022371095181744894,0.05813919196859387,0.002309097144188766,0.0007500122580260277,0.0015970473719312496,0.004596507508649,-0.0006103943407686001,0.0024485363297559334,-0.0027129284587446,-0.00017314779305948181,0.000748223284608058,0.0011808720591256455,0.0005802148259282667,0.0007860129068794332,-0.0014505498903793002,0.004125472436176533,9.343412124116666e-05,-0.0006372547150985667,-0.0007415842823005333,-1.3324835051600021e-05,-0.01572506090044293,-0.005212135742874332,-0.004441225578453933
2002-03-01,0.0011248752561948334,0.0007478381397038966,0.00041668987036366675,0.0028542183416841,-0.00012046678084230017,0.005519787071987601,0.003794980715353133,0.0027347268629271337,0.003598991736971533,0.009660661446476733,0.0011998930800741997,0.0013777305514800664,0.007929115303168,0.009733727634094034,0.0089003166568293,0.0049935324716748,0.0274753128119022,0.00020946928099500073,0.32463333333333333,7.0,-0.002220887666666667,0.0006560979496643,0.00024666303903233335,0.033333333333333,0.6,-0.016134949890883668,0.0009042180833759664,0.042989232414759236,-0.00023920584688790002,0.08656648578596826,0.008251246384312799,-0.0002652709474476334,-0.004015936247685733,-0.007141062451823668,-0.004064486541789533,-0.0038890770430299996,-0.004268001887841833,-0.003263789709759333,0.0005249782601583027,-0.0005105949428288,-0.0011633025825948,-0.0003081380810942334,8.404773956096664e-05,0.0019267876384999334,39.96666666666667,0.13333333333333355,40.56666666666667,7.417251964327813,0.03197337395957985,-0.01961350000764356,6.667227325822997,5.988272646762753,7.4336021842027735,-0.05296709419528659,-0.019641024332283135,6.644112415535694,6.03544531984608,-0.0010689604234546159,-0.0041178283173586,-0.0003401446539707333,-0.0099999999999999,0.0007013401361935333,-0.00020017786267876683,-0.0004974802472078,0.0021949932320254376,0.00435514402501817,0.0034483466026606325,-0.004550204484214467,-0.0003302134930761667,-0.0020320057758802996,0.23221716666666734,-0.006550909946462,0.015530880333333297,0.0443320908981004,0.0033333333333333335,3.469446951953614e-17,0.0033333333333333353,0.013333333333333365,0.040000000000000036,0.06333333333333337,0.0833333333333333,0.08000000000000017,0.0666666666666668,0.09000000000000001,-1.1564823173178713e-18,0.18333333333333335,0.7233333333333333,2.8833333333333333,3.473333333333333,5.03,6.333333333333333,-0.021940011113301666,-0.018638465070529166,0.008580988453470167,-0.009789046442389234,-0.0014471878532707333,-0.0019275104221909665,0.00026862810458303313,0.0074728456143974,-0.008273280521936432,0.0006319117216330005,-0.00019066260474433333,-0.0018704123892622337,0.0019973772546629993,0.0006979019501089667,-0.0006673342235575334,0.0021699926482927332,-0.00032799543684153336,-5.299901967666775e-06,-0.00019729703643959982,-3.335518097899795e-06,-0.00034175168948163336,0.0018634707089688334,-0.0023368160933484663,-0.0001286344855584,-0.0002120682166955744,-0.0005471957453172333,0.00020832393609876662,-0.006358940966919133,-0.0024966384007557994,0.0027354577483282004
2002-06-01,-0.0001898435954466074,-0.0002426207023742666,0.003804727926681833,0.0033393774238401337,0.008886706691589167,0.0022742475920635003,0.0017049305458376,0.0019930669001038334,0.0014570376324606331,0.0046987778600999,0.00010420353664270024,0.002835379889233067,0.0030679142693096997,0.007098875595934755,0.0015499659428748,0.0032161786391459338,-0.007329606568964334,0.0020896478874450667,0.2262999999999995,20.0,0.003978070000000033,0.00016324822908823033,0.0004050104678654765,-0.0333333333333332,-0.10000000000000038,0.009706058346961768,-0.007699174397677602,-0.0091111468759622,-0.01971503315900323,-0.0002118419730236347,-0.012793330288234333,-0.00012760929253552493,-0.002337944802811467,-0.0035301369356517,0.0008467194192955,-0.0036492328589042,-0.0038637594523986333,-0.0032960629390560332,0.00033308663023310004,-0.0005769963542559801,-0.0004998037422065667,-0.0012977448104803,0.0007135514487916667,0.0011600132348359002,39.93333333333333,0.0,40.53333333333333,7.419354747226369,0.011977336408686862,-0.02875344809480307,6.637075788197016,5.962892153530613,7.45595346796167,-0.0290037923298767,-0.0048520992580669,6.676342671284016,6.033853953056057,0.010072021529158702,-0.0028459624191755667,0.0030030798360005,-0.0033333333333333335,-0.004025983332213133,0.0009207323278577333,0.004717693505183933,-0.0023573554694289334,0.008293230027540835,0.008255991883305865,0.0017632704241054332,0.003745830147766233,-0.0009955750906189666,0.5451423666666627,-0.05592625198651924,0.08768592433333337,-0.02662092758518397,-0.0033333333333333335,-0.03,-0.0366666666666666,-0.08666666666666667,-0.19666666666666666,-0.39999999999999997,-0.3,-0.12666666666666654,-0.16999999999999993,0.01,-0.07333333333333333,-0.04666666666666667,0.23333333333333336,2.0233333333333334,2.8733333333333335,4.77,6.07,-0.019815085288015764,-0.020063843549524837,0.01713429747893833,0.004103141948653867,0.0009621749007333669,0.001199301498017098,0.0010443245305789667,0.002823003757827768,0.007974257305024636,-0.015190266222520066,0.0005530331884931668,0.0034872178560488,0.0008635119503024001,-0.00048213223060086666,0.0013337789640515667,0.00027401015380500003,0.0003113873824443,0.0005492633394111,0.0007788165536730353,0.0005709280554798999,0.00043487280077886666,-0.00042676756790110005,0.0022399866698202,1.7637584823766668e-05,-6.528011698307256e-06,0.0,-0.000664263119113021,-0.003547210311538733,-0.002287449039450567,0.003295005027223866
2002-09-01,0.0014818739036564332,0.0014369717374122664,0.0007630643780638333,-0.0008568413298312994,-0.0013307466536101001,0.0012646625092225334,0.0020845492089873,0.0019528321838461666,0.0024295967424524333,0.005991551999001022,0.0009193157356168204,0.00025572989136643347,0.00010364005651109995,0.0007234794686814668,-0.0006769726086686001,0.0007840776692911664,0.0205963130214875,-0.0002579470315930976,0.05963333333333293,-1.0,-0.0036965046666666674,7.355053756206661e-05,-0.00044895685333890006,0.06666666666666667,0.3666666666666667,0.002609054213993265,-0.0026507760634982332,0.019616798851564535,0.0015197594715062,0.0342077141539144,-0.0011877504719504661,8.6779633820218e-05,-0.002474115240993,-0.00019721921490403323,0.0005963919885267668,-0.003956328423296134,-0.0049831858823689,-0.0022741275996871,0.0006159495688630334,-0.0008805309330413334,-0.0009839445402039652,-0.0005771621339570667,0.0022148475728892333,-0.00012354258499830008,39.800000000000004,-0.0333333333333332,40.4,7.458054432004407,-0.0553283791580868,0.03691712143090311,6.64695079397814,6.10617381076748,7.490497698312226,-0.008180369638706895,-0.002945527266833265,6.670743266886904,6.167323025171417,-0.013642540569613032,-0.0088026875393634,0.0034334336058817333,0.0033333333333333335,0.004899432294133533,0.0004612829686922,0.005167077183577533,0.002965505859114533,0.0009120169247256669,0.0009121830550402003,0.0006222844843897,0.00038333573862053334,0.0005425161395849334,-0.09800276666665768,-0.0009584016669294306,0.005576642666666631,-0.0021742095563349003,-0.13333333333333333,-0.11333333333333334,-0.13000000000000003,-0.10999999999999999,-0.09000000000000004,-0.08000000000000006,-0.07000000000000008,-0.02000000000000023,0.013333333333333341,-0.006666666666666668,-0.13333333333333333,-0.1366666666666667,0.006666666666666664,1.3666666666666665,2.34,4.646666666666667,5.97,-0.007065176179508009,0.007246595944999432,0.007357892833068268,0.00044573218141650005,-0.0002404135216611666,-0.0002393776284801332,-0.000525460491519836,0.006049129784445666,-0.0485849633354462,0.027644758651111562,-0.00037322226223326666,-0.0018813882102142665,-0.0017330367405342334,0.0006766281161235668,-0.0006664447404940334,-0.0013814082486754504,-9.420548774566679e-06,-0.0005559751849336666,-0.0003914448269473,-0.00038497606817393333,-0.0003242605708726756,-0.0006415362953842667,-0.0007824005546928667,-0.00011624038396153334,-0.00020911915724739993,0.0007141584592157,-0.00022411875707300006,-0.013108723346856366,0.0013552281543151665,0.0003595456135719666
2002-12-01,-0.0013729695754450333,-0.0019292253115085999,0.0010526252587220667,-0.0043482653641617,-0.0003627100171209336,0.0013022594155481999,0.0015921111389171998,0.0017951384169266665,0.0023370706861927004,-0.005278432761264433,0.005465142439771767,-0.0026495377820700667,0.000905678855259793,0.0011114740325215667,-0.0030066484568082668,0.00029038781278543354,0.010136505787535563,-0.008493827324017534,0.030533333333333173,-95.0,-0.012586805000000001,0.0024249525613578666,0.002338183500206367,1.989149585786739e-16,0.29999999999999966,-0.0176334313694797,0.013814851726721167,0.010606711999329837,-0.005606656133623498,0.02237231657517184,0.015607100244662836,-0.00044690119070623334,-0.003912407981908633,-0.0013177852044779332,-0.0022919871068971336,-0.004747269992003267,-0.005824302136866501,-0.0029974635556536664,0.00026143430343062416,-0.0007641335045996,1.194400649906668e-05,-0.0009224119461179,0.0014131359485573,0.0006635036716063351,39.73333333333333,0.0,40.36666666666667,7.469711930206956,3.5850951836854015e-17,-0.0970909135275031,6.666927152796297,6.15617370478444,7.524192989964297,0.010194474457360202,-0.007984413674163202,6.708810540169071,6.202911391818197,0.007923597233351266,-0.0006479335076790002,0.004617366886584716,0.0033333333333333335,0.0014005659750558664,-0.0009015441350666,0.0013421429477749333,-0.002401415439111467,-0.0121410485888533,-0.010472549257596,-0.0025167446565307334,-0.00039770995606736676,0.0002371629754082333,0.5243173333333288,-0.027835920444726266,0.05867256066666663,-0.038708660074736535,-0.02666666666666667,-0.04,-0.02,-0.03,-0.06333333333333334,-0.049999999999999996,-0.049999999999999996,-0.11999999999999987,-0.18666666666666698,0.03333333333333333,-0.07,-0.04,0.12333333333333334,1.7466666666666668,2.7466666666666666,4.863333333333333,6.04,-0.024923140250070502,-0.0062809897900837006,0.007717656265604767,-0.012843721372999599,0.0037585552080073334,0.0048764366719862996,0.005776640745684638,0.0043794271329244015,0.0596319853504523,-0.003910061343253435,0.001269083309831955,-0.0010909012196176333,0.006069872467880228,-0.0012649570389072667,0.0030701971434255334,0.0008230608261102333,-0.00032137184613920003,0.0010809968954565167,0.002103777167921064,0.0013107435103686669,0.0010707099609072778,0.00019605435471380006,0.0033839825082975995,0.00044963827721416664,-4.734840724700017e-06,0.0003496722309987664,0.00042183090709386665,0.020211629268906368,-0.003180682268795367,-0.002273909035632333
2003-03-01,0.004307000723638733,0.004253972318451767,0.0045502799821915,0.0049693397983639675,0.005948881773136367,-0.003121401500504067,-0.0027950248549674667,-0.0030056301553805335,-0.0036078247917184342,-0.0019385074858702335,-0.0042964991232296,-0.0027025099023320997,-0.0035659060940937,-0.0015562409126979669,-0.0036202109676179337,-0.0020776965135927664,-0.02089210656420683,-0.004088846495703766,-0.14143333333332953,20.0,-0.0024940203333333,0.0009113699001558334,0.0001502888237243,0.0666666666666664,0.16666666666666732,0.0218997970090937,0.002543570780388201,0.0161579195115908,0.0228433861459667,0.011425672553397569,0.010380080245241166,-0.0006266699718035333,-0.0028578552777738333,-0.0029175970365316662,0.0019442214693713665,-0.005044748274663333,-0.005519499108888301,-0.0042781335905133664,-0.0001752921191234667,-0.0010568599003537,-0.0009329201087796666,-0.0005125606318188,0.0023145370943282,-0.0008798134347671999,39.73333333333333,-0.033333333333333666,40.233333333333334,7.44192777398883,0.015822179079639998,0.08616097258650661,6.648556008023857,6.087042431806393,7.494456690626364,0.021387314739096535,0.027146777313390033,6.701489875861654,6.13812054009306,-0.004958793044657166,0.0014290329239165336,-0.0008517117198939333,0.0033333333333333665,0.002028647700855767,0.0012943767537360333,0.007880000895787867,0.0011110742189612123,0.0126813607270363,0.011875525843054334,-0.0007309219016118333,-0.0014557129997996333,0.0008639912024648666,0.47066336666666597,0.037237609460209035,-0.067470588,0.02222888903511783,0.0,-0.016666666666666666,-0.033333333333333263,-0.033333333333333263,-0.04000000000000006,-0.12666666666666668,-0.10999999999999997,-0.24333333333333318,-0.22666666666666666,-0.043333333333333335,-0.14666666666666667,-0.13999999999999999,-0.02666666666666667,1.4866666666666666,2.5233333333333334,4.36,5.47,-0.012255089412060799,-0.005547938432944935,0.0029925182154994004,-0.029507185313669568,-0.004462532942388467,-0.005804296236534934,-0.0077910411805921,-0.011624153473196694,-0.029704990900300998,-0.0024356220132422967,-0.0023668022895772995,-1.2284785908566915e-05,-0.0129047266987386,0.0010163033561362,-0.0068417293367512,-0.0011265761313096333,0.0006127919073115334,-0.0023554215722624,-0.0042187657765829995,-0.0026325033926370665,-0.001782874219194,-0.0010635986304089334,-0.007613640618239134,4.9207641807466736e-05,0.0005943162106922644,-0.00018316086926826067,0.00020910610692436663,-0.0004329324835458005,0.0019928953796875663,0.002663058137473
2003-06-01,0.0019100491200305667,0.0017807264806078665,0.0062202389617847,0.0054935675244015,0.012578609899647333,0.0014470756467839668,0.0012847803847524332,0.0016626901682303332,0.001195896252219433,0.005148858834870633,-0.0003914032190523999,0.003416661717395767,0.0016876364545277002,0.0034579836377357336,-0.0032275287736164334,0.0010582894730003665,0.00048532513346296637,0.0011472533825701665,0.09443333333333236,-33.0,-0.0028702363333333336,-0.00012516570379200005,1.2117114334699985e-05,-1.989149585786739e-16,0.06666666666666667,-0.02154259033086613,-0.0007610353381896337,0.023185100399354997,0.03891419258702923,0.011214105472745066,-0.019256344360774932,-0.00011010861162216293,-0.0019598892780845665,0.0006653362155718,0.0026734140036121005,-0.0041935070716026005,-0.004294389013942567,-0.004030972926470766,0.0002613667770704,-0.0005959595540492,-0.0015907777264605669,8.959790699599986e-06,0.0003704847556444,-0.0001700561995310666,39.73333333333333,0.0,40.199999999999996,7.531275453772143,0.006557588532903502,0.03344932461142667,6.745443680337547,6.139158604548487,7.553934446331243,0.047323420423463304,0.026824117740856565,6.760231064783117,6.164339259163666,0.0029059209458661,0.002272142872782233,-0.0035855524507924664,-0.016666666666666666,-0.0026797272849119337,-0.00018306822781850008,0.004930246000465466,-0.0003910514385685666,0.013765905490794766,0.012758341024135101,-0.00021294717056186707,0.002715963820511333,-0.0009114423203324,0.08046429999999795,0.018552447467978767,-0.022337750666666698,-0.0031500337551732677,-0.07666666666666667,-0.04666666666666666,-0.04000000000000003,-0.016666666666666666,0.043333333333333335,0.2833333333333333,0.29333333333333333,0.22,0.21,-0.05000000000000001,-0.16333333333333333,-0.12,0.06000000000000002,1.75,2.8333333333333335,4.36,5.5200000000000005,0.017337934526175634,0.0036557788744564002,-0.005907563757285566,0.002949341256844766,0.0027982254608792667,0.003452254876921867,0.0032547024702074337,-0.007182666630051536,0.010175625360919031,-0.0004214162121905657,0.0019947893675705,5.505046751800036e-06,0.012358944290639301,-0.00035055596432916666,0.006202213608132366,0.0005492041133369432,-0.0007773509720640667,0.0021692114420899,0.003636747721157133,0.0022497344535790335,0.0015072460275962999,0.0006270445771194666,0.007519148594196466,-0.0003303998989189559,-0.0006018104200774466,-2.32060827793362e-06,-0.0008543971078534667,0.004393721733809003,0.0057427314179007,-0.012803389925930534
2003-09-01,0.003678247196649633,0.0046775078321636,0.0014767956645265,0.0034264247676259337,0.0007766330105667667,0.004859046087900267,0.003937230380265566,0.003980242204594767,0.0028030891087673,0.0102220297045263,-0.0001449641220894335,0.008695395118306734,0.006144780593703333,0.012333905672167701,0.0042419423306956005,0.006043165236039633,-0.006046379513334368,0.005187570132235867,0.47213333333333196,44.666666666666664,0.009668384666666634,0.0012608851443302001,0.0021137404312655,-0.09999999999999987,0.2333333333333333,-0.017718421554594868,-0.015065542886434068,-0.013092313963934865,-0.032968024686304866,0.0018328797326389995,-0.03252052929492777,0.0008389802639107666,-0.0002765359424863,0.0025162349652907666,0.001770437918271,-0.0013941188591595668,-0.00030080844304986666,-0.0031624636651029665,0.0010618065812586,0.0005959595540491999,-6.619667052493333e-05,0.0005818704130646667,-0.0007826180095969667,-0.00032489385505899993,40.03333333333333,0.13333333333333355,40.666666666666664,7.59858563829756,0.07002382324895311,0.029631341934746466,6.79771771449832,6.2269407029463295,7.582377537619787,-0.023698640561243305,0.0042680907486634,6.780981736684107,6.222054567404907,0.0162428403047799,0.009395635395703034,0.0035453839877028666,-0.0033333333333333335,-0.0019625483049606333,-0.0028733426504364665,-0.0026285064829008665,0.0011274129888221,-0.022474847827330297,-0.020725296266595365,0.0023146402973944664,-0.008212042634797067,-0.0014893152534885001,-0.05158949999999596,0.019740039198423435,-0.010485468333333298,-0.003945689022723167,-0.01,0.006666666666666667,-0.006666666666666633,-0.003333333333333334,0.009999999999999997,-0.026666666666666766,-0.050000000000000266,-0.07666666666666647,-0.11666666666666663,0.06,-0.07666666666666667,0.0033333333333333335,0.27,2.2133333333333334,3.28,4.683333333333334,5.72,-0.012116290802453633,-0.027768246847136798,0.019455718413865567,-0.020503761881784332,-0.0025549711354821997,-0.0032048991213653997,-0.0014970085041546334,0.0020671647219522005,-0.0006255226021258017,0.0031125064968457006,-0.0012682615247519334,-3.353798720221827e-17,-0.0065819250067671664,0.00010056960258913326,-0.0024306814148067003,-2.0685304132399853e-05,-0.00030932887420012797,-0.0016235279398030334,-0.0019091308392210338,-0.0013110169110020665,-0.0007036772935924335,0.0006342865765637334,-0.003215587638032133,-0.0001321211267777418,0.0003916713444015333,-0.0005276565624002666,0.0010480014484232335,-0.0121422067452173,-0.005109510806636433,0.010537793682663499
2003-12-01,-8.509569932023332e-05,-0.0012892368076814667,0.0021942844464373002,-3.576774951713346e-05,0.0030821400818753,0.0027852103572669333,0.0027673395050366333,0.0029479498208102666,0.0032301546973639,0.0026287481213701663,0.0035261122607253333,0.0044158074077929,0.0028183530262847665,0.004521554964947567,0.00011363825537872609,0.0020336895761431336,0.025891195302969,0.0030262297047196998,0.18063333333333265,69.33333333333333,0.014959620000000002,-0.0006605179394547333,0.0002840300666016504,-0.06666666666666687,0.06666666666666766,-0.030329902408246966,-0.009842305845544633,-0.017200376258360902,-0.005227001854050765,-0.025906351725245066,-0.0020725455369567333,0.000864903413289,7.683855485333332e-05,0.0030861378068361,0.0020536958024746665,-0.0008626221518739666,0.000188037085899,-0.002576383823398,0.0010217824936731002,0.0011623618266446334,0.0018126425153924001,0.0008686753827890667,-0.00020625787016233333,0.00023209934789449995,40.06666666666667,0.0,40.86666666666667,7.568387416318676,-0.033176531782346495,-0.08707183308786996,6.819237863419779,6.217733348412724,7.584915770077323,-0.0053051517686331,-0.0376744628011301,6.815926727847784,6.219072376514373,-4.2200247570132556e-05,0.009122505077360267,0.003946189063950533,0.0,0.0035738519815966666,0.0018667925853623668,-0.0005281977376961998,-0.0031550765963865995,-0.008043087347134067,-0.00864665505583447,0.0010493745548524004,0.005601926516597434,0.0009982058064465667,0.38284260000000386,0.028425458104716302,-0.024419787333333335,-0.019685530925978266,0.0033333333333333335,-0.016666666666666666,0.0,-0.01,-0.03333333333333337,-0.07333333333333343,-0.07333333333333315,-0.0500000000000001,-0.13000000000000017,0.049999999999999996,-0.09333333333333334,-0.01333333333333333,0.26666666666666666,2.1566666666666667,3.17,4.556666666666667,5.44,-0.022518845417465,-0.007627517003434434,0.03331417961947677,0.004263052038773801,0.00023217809092320024,0.0006805038089921332,0.0029154704809561667,0.005398909547353466,-0.0037091591479104327,0.013136120994889934,0.0005346954182959999,0.0008267883527774333,0.0031443459793309004,0.0004247809820710667,0.0013089022053904998,0.0014466384010847332,0.0003012257567209001,0.0008927557214948667,0.0013178968499427,0.0005528268275221331,0.0002879114434358333,0.0010284433784318334,0.0009229898609659999,-8.378708302844995e-05,-6.366243630066696e-06,0.0012162990054066668,-0.0008443747419966982,0.007230077313907401,-0.001066808458789467,0.0067117501772017
2004-03-01,0.004029965393479833,0.004403633847518333,0.0033767305023116334,0.005092199652149033,0.008007487910404067,0.002448835935350767,0.0014874989147172335,0.0011308149510309336,0.0002421979272879332,-0.005318251283598269,0.0024226778297563004,0.0032003565580917335,0.003731713993596833,0.004929548319209889,0.0041794701975395665,0.0033962493291843335,-0.020551752188294064,0.005852725775750867,0.28366666666666623,59.333333333333336,0.006435247333333334,0.0008078776525764,0.0007450296426825667,0.0,-0.10000000000000032,0.03863422976739183,-0.008032517193020268,-0.015223345611062665,-0.021768366135922094,-0.010397559798537466,-0.023492992226487968,0.0022271656378140665,0.0028763508291961334,0.007624548994752266,0.0053195190539163,0.0014674563374086,0.0022482099614050334,0.00018468926504406667,0.002097965450528067,0.001775327206736,0.0017790237323620668,0.0018503739358207668,0.0015232946084443,0.000988478777072,40.06666666666667,0.0333333333333332,40.9,7.5978867805242905,0.015154124692253463,0.023991166541696803,6.822867221510613,6.251743902512847,7.647298885686901,0.025719693515539998,0.017572260724133332,6.881163534721646,6.296340897790853,0.0032811305651326665,0.010376109482783334,0.006950715838917966,-0.006666666666666665,-0.0037825566835245662,0.0019355825266522666,0.0056147408121299995,0.0022028647083673,0.013375672321788233,0.0131967056119518,0.0001615524888203333,0.0017910330696263002,2.5119958724074753e-05,-0.17542626666666664,-0.012045677168184566,0.03714180233333323,-0.05970318706774424,-0.0033333333333333335,0.0433333333333333,0.03,0.10666666666666667,0.18000000000000002,0.26,0.21333333333333335,0.18000000000000002,0.16000000000000034,0.08333333333333333,-0.03333333333333333,0.13,0.4666666666666666,2.3433333333333333,3.3000000000000003,4.7,5.44,0.0103091487243036,0.01671738229986097,-0.014838351596196633,0.012060776142859336,0.0029349201308953663,0.0033123823414842666,0.0008697606369348666,0.0045853206664429,0.0265764681855766,-0.03271848739932123,0.0007050281356081712,0.0008281577758871666,0.0018616244478429668,-0.0006673302414492411,0.0012952777068738998,-0.0002902336564144898,0.0001456001740534,0.0007039217254816889,0.0005547672514649001,0.0007293325530894221,0.0003731783973035,-0.0006764602066787333,0.002049032312397933,1.8117336617633293e-05,-0.0005895450804609227,-0.0012199501528712263,-0.00041887995882326675,0.003410380260843867,0.0054972353977878335,-0.014740736718244366
2004-06-01,0.0028357927750845002,0.0029715671128430665,0.0024321598475642334,0.0030639783560329668,1.3585373361933153e-05,0.00016238050131323325,0.00043800374251733333,-0.00012793268535003354,-0.0021614925856535665,-0.003349197149405899,-0.0016868038444535667,0.005042230334574966,-0.00021683068402763339,0.0031479866215944337,0.0050906601785743666,0.0022516408761257003,-0.018636357346288733,0.007173240858248133,0.17343333333333533,-56.333333333333336,-0.0028663039999999988,0.0011291046867363333,0.0017263813992916,-0.0666666666666664,-0.3333333333333337,-0.007802696966004767,0.024972883037781234,-0.028818295266193967,-0.026042455066489136,-0.030844904377429903,0.004480949867375632,0.0006144814494052666,0.0009431672350732334,0.0037478559029979334,0.0026282600981737,6.971799098153333e-05,0.0013788753893824333,-0.0020991611017529,0.0005489515812921666,0.0006944037519709666,0.0011886732159015999,0.00018846359440929323,-0.0003287716536609667,0.0001850138807905,40.03333333333333,-0.0333333333333332,40.8,7.575236914098877,0.038436948837,0.005509767317070001,6.8018611420945865,6.26069686251354,7.631587020598819,-0.038436948836999996,0.012379848983153233,6.864921136616857,6.297955019816094,0.0004883979155465001,0.0077515226159139,0.009452572569887333,0.006666666666666667,0.0032143950748905665,-0.0026978776554388664,0.00045949462875030005,-0.0017485935843216335,-0.008642707631015899,-0.00790088826554467,0.002660838877980067,-0.002495819823888733,-5.636353873821097e-05,-0.11998186666666782,-0.004209839444709067,0.02441739033333337,-0.0409176741942748,0.14333333333333334,0.16333333333333333,0.15333333333333335,0.13666666666666663,0.07999999999999997,-0.12666666666666662,-0.14666666666666642,-0.1300000000000001,-0.09666666666666661,0.27666666666666667,0.12,0.42,0.84,2.4566666666666666,3.2633333333333336,4.586666666666667,5.38,-0.005655622279407301,-0.0058818638005078,0.006340946738469568,-0.016399998346111267,-0.0018079016722770335,-0.00265209820349725,-0.0003045172769228002,-0.008434260885059334,0.0019983584201379717,0.008196947780386201,-0.0012437254645307,-0.002762131981256407,-0.004144719511245366,0.00020553986863417723,-0.003035679433146433,-0.0008760408020898495,-6.057225027651239e-06,-0.0010651314520835002,-0.001686807763538094,-0.0012861323637152532,-0.0009111096661108334,-0.0012372628707044333,-0.003384299973616533,-5.052744043890121e-06,0.0005798665527579221,-3.3248866622888805e-17,0.0014426779763501332,0.0006727375984727663,-0.0010654511213002333,0.0039294019639288
2004-09-01,-0.00029673160333959996,-0.00024045354278179996,0.0035263332104096333,0.0026780757601430998,0.009131494490150133,0.004144439645543199,0.0027183487833856673,0.002942817400726066,0.0026366936197582333,0.0005510015512445333,0.0033638824150413666,0.0023963779670521,0.005972457863035599,0.006519403317877999,0.004581398544776033,0.003094616698458114,0.020031753019486235,0.002452904087732601,0.19266666666666754,-23.0,-0.0018194496666666994,0.0013480965828455331,0.0015677669915845332,0.0,0.2999999999999993,-0.0027683561661617,-0.03048498659329717,0.013091589556102802,0.0140713533244181,0.012369262771692034,-0.011950495694889533,0.0014218532850425335,0.0008041455306114333,0.0027678337302339665,0.004162581882826033,-0.0009074732490450334,-0.00018600153003886662,-0.0021124643550057,0.0015449412779979998,0.0013975165609707333,0.0011075879897995333,0.0016296382806112002,0.00041091392448913336,0.0010157448184895668,39.96666666666667,-0.0333333333333332,40.6,7.557999499656973,-0.06946708985900356,-0.055353678640726635,6.803889131516656,6.21667150144259,7.636366827189923,0.04008304271719313,-0.0376373684739297,6.872723895270137,6.301371202836976,0.015624496536234532,0.006803527109407067,0.005853958881295643,-0.0033333333333333335,-0.0004403230361822996,-1.949037438583335e-05,0.0002594344460321333,0.0029116069991553667,0.006469510141214499,0.005719012170625065,0.0011771352861582333,0.0007729688242052408,0.00024158174091223317,0.576142033333326,0.023630869746298234,-0.02910216166666663,-0.0068524099326049,0.16666666666666666,0.18333333333333335,0.19666666666666668,0.18333333333333335,0.16,0.020000000000000098,-0.029999999999999832,-0.0433333333333335,-0.08666666666666643,0.22666666666666668,0.060000000000000005,0.28,0.5166666666666666,1.6466666666666667,2.373333333333333,3.716666666666667,4.46,-0.024997325236908133,-0.017170727898395303,0.0073171461139142,-0.030811585529716263,0.0010797720327137335,0.0019120758948674998,-0.0005378537529005333,0.022558279572090598,-0.06378297660601906,0.0003493876508558989,0.0013924033613488,0.0027641946428531884,0.005175837308900534,-0.00032850665602523555,0.0027632525374817335,0.0020334493723395772,0.0004393071041350948,0.001386122359860985,0.0020143716725812668,0.001620481877496945,0.0011110125711481335,0.0019018145754960668,0.0025300374785664336,0.0004581585550734408,-0.00039207397530753325,-0.00034704150280353343,-0.0008316699192933335,-0.004402350298260999,-0.0006226138507378333,-0.0005419858312884
2004-12-01,0.0020866132487385677,0.0008531337285102667,0.0029523725370346333,0.006466299421437167,0.005235693889375201,0.006164073893094633,0.006948514271840866,0.007402324712443467,0.0052990843702381,0.008085688640883366,0.004308548497668833,0.012413711388099366,0.0051291674493067,0.007444627784219667,0.005360018364233533,0.007455345077451834,-0.0056332113638667336,0.010624434508997069,0.48453333333333165,164.33333333333334,0.019715514333333364,0.0004541479920744,0.0003658618075004,0.0,-0.19999999999999965,0.013738718295995133,0.0008539714320668669,-0.007286264604166433,0.0026392325789285653,-0.014817254190278165,-0.017698666310609564,0.0013281280319675,0.0005904932161276334,0.007556374612610067,0.0029018249347962,-0.0007931512828461999,0.00026037309066256664,-0.0025653184646466,0.0014747555349199002,0.001508474726174167,0.0012630078201798334,0.0011582266581615,0.0011887938157274334,0.0007981094766578707,39.93333333333333,0.0666666666666664,40.666666666666664,7.663834309057346,0.06615031290794673,0.12124888484695646,6.9141652373386835,6.308863839871694,7.655171708229166,-0.010000750101266533,0.02345083033432997,6.904160892362473,6.318964871140614,0.006735101369900499,0.0059752651177227,0.0060114877263905,-0.0033333333333333335,-0.0019252221334321664,-0.0009673150234134666,0.0004784260606615998,-0.003858050225529333,-0.025400017521967896,-0.0243996743996743,0.0004905919364069335,-0.00027524689061660004,0.0020700999548069333,0.18579580000000329,0.0086386068876682,0.0031137899999999657,-0.0064958188437775,0.19000000000000003,0.17,0.15666666666666665,0.16666666666666666,0.17666666666666667,0.08000000000000014,-0.006666666666666834,-0.10666666666666626,-0.1266666666666666,0.23666666666666666,0.04,0.29000000000000004,0.54,1.38,1.8933333333333333,3.03,3.6833333333333336,0.005840430421595634,0.0007797378651268998,0.004696166047151399,0.011846897762837934,-0.0002273109656515331,-0.0002226760537166666,-0.000705715225405433,-0.026033433859499567,0.0386137672863095,0.011037776975788898,-0.000179739447522,-0.0016625138370131001,-0.0009825579200196666,0.0008317897037483949,-0.0008469695668061999,-0.0014456345573675665,-0.0001552437325192611,-0.0001798856727175333,-0.0009206359080620001,-0.0005452564979805333,-0.0003563014786341,-0.0006344162396899021,-0.0004998428496968665,-0.0002468363142454334,0.0009553690281172332,0.0015572309660921667,0.00040027193371163324,-0.0034120216291497,-0.0018910451236759994,0.004920009014507066
2005-03-01,0.0037113625791397333,0.0038898453401673,0.0022347855208293336,0.0020787944118996,0.0014940274002122663,0.0005318269483431667,0.0019502875787192333,0.0017888003580198996,-6.21597214121664e-05,-0.009516251367237168,0.003084687141255873,0.006756318852276303,-0.001302226738859,-0.00042907410112153323,-0.0034733239747444,0.0007708526859856999,0.005233908176558169,-0.002908226777427334,-0.08320000000000032,-56.0,-0.00019739033333333414,0.0020092458987803,0.0028936967615050004,-0.10000000000000035,-0.16666666666666666,0.0006057303744515635,-0.016611828815949036,-0.025464967693327633,-0.03401207300294357,-0.01895646549896547,0.0159195287790362,0.0016396630767587332,0.0020359751114232,0.0073888684251484,0.006506747753413433,-0.00039728449100626665,7.435497093829996e-05,-0.0011955337654571,0.0015609322795283667,0.0017211853571084332,0.0020027134969981,0.0014848225276704347,0.00032719839028,0.0005667242414345667,39.9,-0.0666666666666664,40.4,7.591583851892214,-0.02961040456887343,-0.04989213314411011,6.842740136650829,6.227264177363684,7.649059639977174,0.014890813350530031,-0.015765571567686803,6.906570066049397,6.308088487843843,0.016786893323754864,0.005813202835969533,0.003979425320432333,0.0,0.0008858650496632667,0.0004664823019180667,0.0,0.0013770850473309667,0.02469342748153353,0.02369549352307977,-0.00016469166636843332,-0.001924279484425,-0.0032982446568686663,-0.28098280000000364,-0.0059858093096882,0.030704355333333364,-0.01994573488708397,0.16666666666666666,0.14666666666666667,0.09999999999999991,0.10333333333333333,0.10000000000000007,0.026666666666666672,-0.01,-0.016666666666666757,0.06333333333333309,0.22,-0.02,0.23666666666666666,0.51,1.2,1.5200000000000002,2.486666666666667,3.233333333333333,0.007029456569979199,0.0052032340824916005,-0.0055571685169304,0.004113959362971067,-0.0024000743024181997,-0.003614707635321667,-0.0037829133388346333,-0.008782345536216901,-0.028755803456249868,-0.0214468692420494,-0.0015610227551064667,0.0008322933995292001,-0.006928796834815833,-0.0004326864713931667,-0.0025373051115670665,0.0008659268827294666,-0.0004469371598382001,-0.0019013284462682,-0.0014607023124041665,-0.001435634426255659,-0.0007378550184583667,0.0011642325829805333,-0.003511809570811467,-0.00017071356583226666,-0.0009619562007844,-0.0020733601014686666,0.00019580179363283342,-0.0038266133026804,0.00023267556208674957,0.0008241773011897664
2005-06-01,0.0019558097485318665,0.0019673251697174096,0.0038236420822984336,0.0037421144651552003,0.008640814457900001,0.0014899006237613331,0.0025027318637966,0.0030516842472596,0.003216429285502367,0.005024083580250534,0.0026211015136222335,0.0018047227127772666,0.00019360639912443327,0.0036888869531797003,-0.0041492117898054995,0.0012602607120575332,0.013994475752786199,-0.003913130148768033,-0.06529999999999807,115.0,0.022548679333333335,0.0011548076469054334,0.0019363319871251667,-0.0666666666666664,-0.06666666666666761,-0.023049500466444935,0.010732275794416567,-0.0144729511052468,0.0046256885698501005,-0.0296743643170667,-0.011669803222217667,0.0020234322166091333,0.0008109207945890999,0.004698683087686533,0.004538922709317667,-0.0012885859191401666,-0.0008188183364096,-0.0020866994068236664,0.0022639550592604665,0.0018150617362474666,0.0017461984283363332,0.0020028859840988335,0.0024843823640570664,0.0012525600538862332,39.9,0.0333333333333332,40.46666666666667,7.6363968194910194,0.03292718151993023,-0.0008691878023598364,6.88989904279934,6.2697562369845405,7.696183191075947,0.0016142081585964318,-0.0009510229941366646,6.976086020379181,6.329926218989563,-0.0028905240000269353,0.016959204774720998,-0.00041364295226563335,-0.01,0.00027608443233116675,0.0007805852158474,0.0006865366664321333,-0.0004717872604456666,-0.010083441188115034,-0.009983632380811769,-0.0012571153802968334,0.0032420752648422333,0.0012387909983632667,0.14405480000000173,0.012763000004119868,-0.005658373666666668,0.0012661860583276334,0.16666666666666666,0.18000000000000002,0.19999999999999998,0.19333333333333327,0.17999999999999994,0.08999999999999997,0.04000000000000003,-0.020000000000000066,-0.016666666666666465,0.22666666666666668,-0.05666666666666667,0.1366666666666667,0.3566666666666667,0.69,0.88,1.7700000000000002,2.6566666666666667,0.01228584154310273,0.012313458376516132,-0.011233016459420134,-0.0138784714437352,0.0034331802641931,0.004803406345670434,0.0035097676112971,0.024733286749668532,0.0546383438808943,0.018794643728638434,0.0022181740864196955,0.0013976260866786665,0.011715984942309033,-0.0010385429016999,0.004997340877441,-0.0014484023049199,0.00014116014277979998,0.0027206124485671334,0.0030438939542003335,0.0024714949737542668,0.0011542200696469005,-0.0018407073158253975,0.006402400604733834,-4.435825599543331e-05,0.0003739417257650661,0.0003451451186326001,-0.0002097516058816,0.004038818764006133,-0.0004290172771372664,-0.006284108911403699
2005-09-01,0.0030540287777913334,0.003897168722705966,0.0005644307088725001,0.0028964067848539,0.0038786168166666996,0.0011753839364535001,0.003848222001015433,0.0028676443396852005,-7.84789574375e-05,0.0054083614576682995,-0.0018692509148054998,0.011837857695017967,-0.0022814395043691655,0.008369983170487899,-0.007711572862268601,0.004007748587222667,-0.0132316281859423,0.001946309988663399,0.1556666666666667,35.333333333333336,-0.0008206253333333559,0.0006358864092294667,0.00015208253900080002,0.0333333333333332,-0.29999999999999966,0.03129808345474137,-0.003198163797920367,-0.0109472416797424,-0.013176946252211634,-0.008883012764072733,0.0015797817879653665,0.0012269557925759331,0.0019590745579852,0.010293011433010266,0.0058096836414479,-0.0003757986117693,0.0002979848971124,-0.0015258466468133667,0.0010818526648327333,0.0006156452556170334,0.0015110331103281999,3.6977220982366624e-05,0.002667327520776733,-6.099141562816669e-05,40.300000000000004,0.0333333333333332,40.86666666666667,7.6594668108472135,-0.0066668889022236015,0.0060372499810134594,6.923198886470893,6.307270389598757,7.70376342002612,0.009524457481353402,0.008463078001606833,6.9728891584252395,6.36594443833476,0.024909840534228702,0.018100526405505097,0.006701519617693034,0.0,-0.0022327040606908667,-0.0008298598503593341,0.0008636226335152335,0.0027422291104986997,0.010775345754683733,0.011420413990007164,0.0004892408118563667,-0.002242198030772967,-0.0011234139255265,-0.5590517333333294,0.0035478038126817665,0.012089806666666666,-0.0069596007999989315,0.16666666666666666,0.1800000000000003,0.14666666666666664,0.16333333333333322,0.15333333333333332,0.11,0.09333333333333349,0.1100000000000001,0.1433333333333334,0.22333333333333336,-0.13,0.13666666666666666,0.32,0.4633333333333334,0.6,1.5,2.44,0.012459847037191767,0.022848613950905265,-0.011240309791238731,-0.0063712225464905336,-0.0065434785152970664,-0.0081694850677095,-0.006097137436804033,-0.017718545869876767,-0.056322731746658,0.007105602919364666,-0.0037244613514770997,-0.0008378722467720333,-0.0227795566624153,0.0017275559286448001,-0.0100686901659941,0.0005809722877794333,0.0008451360231015,-0.004380334246297567,-0.005668341249659935,-0.0040294997549846995,-0.0020390335705394334,0.0008824726739978527,-0.011284697604548201,0.000584286534127,-0.0011325075396294,-0.00017002198060096668,-0.0014046008365025666,-0.0022094286394510336,4.603404112069994e-05,-0.0038825107058867332
2005-12-01,0.006924991310158966,0.006835966300359966,0.0037210031433696,0.004448190758732033,0.007009445434997934,0.0022728797188197,-4.809901158606654e-05,-0.0006386504440802667,-0.0021444792638760663,-0.005706585105497367,-0.0009736964548861332,0.0046209902989253,0.005286706954257067,0.004396094136049266,0.0063227287955876675,0.0020271064242338662,-0.020884356902778265,0.0042239880723551,0.014033333333330178,25.666666666666668,0.013524378333333332,0.0012769963673727334,0.0022334521956685,-0.06666666666666667,0.10000000000000035,-0.03039140586704143,-0.029615193806497398,0.007949502348898635,0.02279844047478483,-0.004902049129898732,-0.029075438398574367,0.0018025382823705666,0.0026436305620134667,0.007922061316063633,0.006145376409924866,0.0005635391593023,0.0011892828611674332,-0.0005101716447709,0.0016353648752087998,0.0009852286951682668,0.0027659800751908665,-3.333921680392926e-17,0.0020866004495025,0.00028960988324419997,40.36666666666667,0.0,40.93333333333333,7.66181777754754,-0.015506671878299896,-0.05669632945277343,6.996983531077124,6.22891697766358,7.6766173396326565,-0.012760728857006534,-0.004675158451503567,6.96763855372422,6.2996729978510535,-0.001505966253465901,0.0163046055968158,0.0067304584605647,0.0,-0.00016902471073143346,0.000379364540206,0.002498814153409933,-0.0023670475306352998,-0.017434834731645903,-0.017021276595744702,0.0003374711652573666,0.0002893678231788668,-6.124841939759984e-05,-0.20435590000000567,0.010417100057158768,-0.0018504493333333326,-0.0030863275250583334,0.16333333333333333,0.133333333333333,0.18333333333333338,0.12333333333333313,0.11666666666666688,0.04000000000000017,0.009999999999999962,-0.023333333333333428,-0.04000000000000003,0.18000000000000002,-0.12666666666666668,0.023333333333333334,0.18000000000000002,0.12333333333333334,0.17333333333333334,1.0233333333333332,1.9633333333333336,-0.0014779730148447325,-0.0016743259451515492,0.002507500794399467,-0.009326618255881066,3.469446951953614e-18,-0.0008120182659604007,0.0024870444214851995,-0.023990643970493067,0.0021427531373170625,0.0005723719512256668,0.0018456292248781334,-0.0036579313329901664,0.013277702885325766,-0.00021618082140703325,0.0053043663375908,-2.5204798456665247e-07,-0.0010036107215828,0.0020030105338737997,0.0024554174172577996,0.0017361150357129663,0.0008964247215663334,-0.0004890871460541546,0.0054645796808049,-0.0004308010864096667,0.0005626946691991809,0.0008503007233625668,0.000399440830702968,-0.0077421849617731004,-0.005094635783677867,0.006874990258470899
2006-03-01,0.0013446521377199335,0.001384339698012333,0.0018511123772621,0.0001250712797530668,0.0018723429557644666,0.0018241636725569998,0.0022671451453393668,0.0036406655378498666,0.0022483090129042666,0.00011588378374109987,0.0029472683047802335,0.008545793707825433,0.0012745720465184333,0.000256903479249,-0.0024401958897674997,0.00029516573626896654,0.021572003290516232,0.0035120890941081665,-0.11313333333333266,46.0,0.012455329,0.0009457211386175666,0.0014652751622178668,-0.06666666666666687,-0.23333333333333298,-0.0041650938892473,0.01574604950677797,-0.033436959765555635,-0.06987895082494817,-0.0042241837512555,0.044975888625482234,0.0012697027387264335,0.0009011609775845334,0.009916447703157368,0.0021243920944341663,-0.00018774054753303336,0.0010371531129168667,-0.0023054846949659667,0.0013430154276552666,0.0003320180585830333,0.002252357632337067,-0.0008711413418751333,0.0017156460560550002,0.0007305271849163334,40.43333333333333,-0.0333333333333332,41.166666666666664,7.554631935739337,0.0069810579484167285,-0.04436575687647346,6.852403874445483,6.157853046634131,7.603455590976883,-0.06833872224055014,-0.0687788109992734,6.919880409052904,6.23101218566899,-0.005998611377243332,0.017757495984708868,0.008936210151696,0.0033333333333333335,0.0016625192716750333,-0.0008784330899634335,-0.00026578074497746667,0.0011076088745071335,0.024092655444578465,0.023013785959040536,0.0025274375610149667,-1.6884722824633332e-05,0.0003812045180874666,-0.056954333333332635,0.0034701702241921664,0.009995448666666667,-0.015267999550477767,0.14999999999999988,0.13999999999999965,0.09666666666666666,0.10000000000000053,0.10666666666666684,0.1433333333333332,0.1799999999999997,0.20000000000000032,0.16000000000000045,0.15333333333333335,-0.16333333333333333,-0.05333333333333334,0.11666666666666665,0.09999999999999999,0.16666666666666666,1.0,1.8399999999999999,-0.022775145079297936,-0.017804000033031533,0.0222569082375763,-0.011481649184313101,0.0037594383459023336,0.005242739914774433,0.0044968544852999,0.031130394338918965,0.026277217221560765,0.030262239571260036,0.0008278155114883667,0.003933250998729034,0.002578495420548166,-0.0004180346261520919,0.0018336013283771328,-2.524869010163873e-07,0.0004169727427214273,0.0011536888319302666,0.0012193278905776334,0.0010298669366317667,0.0006947260883996333,0.00035493717541910014,0.0022333367834586663,0.0002307804585877,0.0007432016287167395,0.0021870462316768667,0.0003971763416075127,0.0002164697513898003,0.004686569424208667,0.00040058651328263306
2006-06-01,-0.0001813261717587333,-0.0006593267683185,0.0009499734575844666,-0.0005049612022134997,0.0037051099692532665,0.002346492649068967,0.0022724746774045335,0.003743337403859267,0.0017853907057917666,-0.0006879335780496654,0.0025817513344028667,0.008234110726309434,0.0024338808314207,0.0013395604198598997,0.0032510580057758,0.0022127623030524664,0.012317295976819432,0.0083815812083549,0.027933333333336936,82.33333333333333,0.008274657666666699,0.0014245553439912668,0.0012376737666528333,0.033333333333333666,0.0,0.007511325336647399,0.008568679258508499,-0.0014505389875937007,0.006135142514238467,-0.006821003447444365,-0.01906753660162153,0.0010844804430748332,-0.00041334519616079997,0.0072484131745079,0.0003023823616074,-0.0010815649845407,-0.0009629636326788999,-0.0012877486880723,0.0013814397847203,0.0007139945610354333,0.0011688816098965667,0.000348729783685968,-0.00011941011531333338,0.0012897270492065,40.56666666666667,-0.03333333333333314,41.233333333333334,7.45503259043467,-0.0625054578903533,-0.0498439113236566,6.771920208413779,6.044012736801817,7.486034003642423,-0.002002008020073267,-0.01905280461331633,6.801306927989514,6.075972985708077,-0.0083609048571963,0.009593065073977032,0.006737472878654033,0.0033333333333333335,-0.0013966164571348665,0.0011770869382292668,0.0012973626874223333,-0.0021378188408708665,-0.0226592329503371,-0.0231823449387817,0.0008821112968036334,-0.0020327067344201332,0.0008495267368295338,-0.2557705999999967,-0.000739832780805467,0.018339060666666667,-0.013372673439601366,0.10333333333333317,0.07999999999999997,0.08,0.04999999999999966,0.026666666666666533,-0.05999999999999997,-0.07666666666666683,-0.09000000000000018,-0.053333333333333434,0.14333333333333334,-0.26,-0.16,-0.006666666666666664,-0.18333333333333335,-0.13333333333333333,0.6466666666666666,1.55,0.003481887923890467,0.0122825567497774,0.004500263244828734,0.002453411428721734,0.0022696879190557333,0.002785143656076933,-0.0008427224039788336,0.009070027785325766,-0.0120746057025031,-0.04936019836861769,0.00048026570446723336,0.0013983240176275666,0.0010184553467208334,-1.0987098665800021e-05,0.0005846273721897,-0.00029150005726236665,-8.614472049472967e-06,0.0003122309506598665,0.0005053845922601,0.0003272172109613332,0.00015297844404333334,0.0003826123944238666,0.0011233521328204664,-0.00023240993873909995,0.0001751212259114,-0.0017013153432101,0.0003949321299553,0.014586227758433866,0.004243920030081766,-0.0011087975074204667
2006-09-01,0.0054151451698333,0.0060882907594509,0.0036173544685237,0.0003744032655982667,-0.0013195249724168665,-0.0010357638773949667,-0.00033263679672989997,0.00025376728135413336,-0.0013351319346028665,-0.008115154751180267,0.0008050803928547666,0.0027701724770429,-0.0019687708700332667,-0.0035783676291062327,0.00017729366502049998,-0.0007940493681581334,-0.0021193706760144677,-0.0026903860497278845,-0.23323333333333585,-21.666666666666668,0.003903020666666667,0.0015125534795146333,0.002088516925146133,-0.06666666666666667,-0.30000000000000066,-0.011994515278993333,-0.005084590885387499,-0.020071950781032296,0.013566802193876034,-0.047955611240085266,0.012491703722182265,0.0008961822698901,-0.0024611299517538665,0.005269368872376067,-0.002339799026107266,-0.0028381042744982667,-0.0027934684971023,-0.0029157538425709333,0.0015560284912965999,0.0015375356845434,0.0010626850584009669,0.0015734576109179,0.0007555426239,0.0010885844482372332,40.43333333333333,-0.10000000000000035,41.06666666666667,7.372037594304864,-0.019297992806303437,-0.028027705736846566,6.720387806218916,5.922903914690287,7.368890948724936,-0.040518400525933466,-0.05016031697943347,6.703415692026309,5.930571690269393,0.021964591314309934,0.024074900171031633,0.003847306114235933,0.01,0.00012160568276623335,0.00017092037370623325,0.008311968015014734,0.0036091805049904666,0.019928495465736468,0.021205899832513933,-0.0039345944362834005,0.0018034097235398682,-0.0004008755503311333,-0.17593100000000103,0.025298126324898067,-0.027434637000000036,0.017447078949209435,0.0,-0.016666666666666566,-0.006666666666666498,-0.0066666666666665665,-0.023333333333333334,-0.07999999999999984,-0.09333333333333343,-0.11666666666666665,-0.1299999999999999,-0.006666666666666667,-0.36000000000000004,-0.33,-0.25333333333333335,-0.6033333333333334,-0.5666666666666668,0.19999999999999998,1.0999999999999999,0.0010267225971612333,0.003990704691900333,0.003222498345998366,0.005235012881610267,0.0004497079814319675,5.1900247828866784e-05,-0.00037604799705806606,0.026984765367523932,0.0089112590248078,0.007390781222797599,-0.001310233958147533,-0.003348225764222027,-0.004564972466567067,-0.00040179398546023333,-0.0026259462669671334,-0.0005899136554712494,-7.264516796733255e-06,-0.0013015947443433663,-0.0017234299181773337,-0.0011861001308490788,-0.0009330583324800332,-0.0007793728978763333,-0.003380184766583,-0.00012310542850036668,-0.0003780678866703334,0.0008089968290721381,-0.0005977579763663665,-0.011915996745120299,-0.0034239477918967995,-0.0011267353656814003
2006-12-01,0.0039927411701435,0.0025365825576718,0.0025022544202165,0.0052444156636687654,0.0043690966065502,0.005406175867211867,0.0043223491551411,0.0039714047616537665,0.0034592676396793336,0.003017277266666934,0.0036039663584448664,0.002063143135699133,0.006782039926209633,0.007551166178377967,0.008491323842138535,0.004774177293663567,0.025211318882593,0.006587193597976167,0.18113333333333514,18.0,0.0008095746666666664,0.0012595971839081,0.0011957400624774,-6.47630097698008e-17,0.1666666666666667,0.008260009666162334,-0.00669733336089607,0.007933250114213001,-0.022118665116467835,0.0330803446698189,-0.0035953096367169327,0.0012065213807972667,-0.0010582256050367484,0.005547474901648,-0.0017438351743303,-0.0009752507521737333,-0.0009738928904040666,-0.0009776133706089,0.0016471679377284667,0.0016818766436337,0.0024308313159313666,0.0014344011775809147,-3.972273535403334e-05,0.0007237529418653334,40.46666666666667,0.0,41.0,7.31945240040548,-0.03243297032892984,-0.1118651427158935,6.64492856837429,5.941196452022486,7.390539226949,-0.006873095734246604,-0.017547911161806595,6.69716720862624,5.9876041015136465,-0.005753470591094135,0.014359414018134233,0.002784866959320433,-0.0033333333333333335,-0.0022425036120422666,-0.0009326707718499,0.0009172476908941334,-0.0040862745570554,-0.018475405878091034,-0.017529577770541635,0.0010163941979136333,-0.00014073471909746655,0.00015492948212763336,-0.5833721333333317,0.013215350922262267,-0.0075910479999999675,-0.0011805281119934,0.0033333333333332334,-0.0033333333333332334,0.030000000000000037,0.0033333333333332334,0.0133333333333333,0.0433333333333334,0.04,0.019999999999999896,0.02666666666666666,-0.013333333333333334,-0.2966666666666667,-0.32,-0.2333333333333333,-0.5866666666666667,-0.57,0.12,1.03,0.0009966740088006665,0.008926416790446349,0.0079906014962213,0.010144265453447167,0.000988924175063733,0.0017493650180065337,0.0007966787062422999,-0.00995391246002919,0.024720895695105338,-0.0005065619535275326,0.0011252256837088,0.0021616282421558332,0.0030972856304372666,0.0009303825087544999,0.0025157153209992666,0.0008560843384121,0.00023301271352740022,0.0009677204813345999,0.0016849200762454337,0.0010914094792170332,0.0009196558363105999,0.0007736897235609,0.0028860519486141665,0.00027913265950433333,-0.0005522842423195999,-0.0013179956259787666,0.0003889213624000667,0.002754010325999067,-0.002324360819345733,0.0007778683286395003
2007-03-01,0.0019554249553218666,0.0027715120642591664,0.0011829111602533,0.0020657004119897333,0.006284599396762967,0.0029992105546039,0.0015067243368097668,0.0013989351583611335,-0.0022057923752134665,0.0053621940750137,-0.004620265248765834,0.0096726613612488,0.0049315414024709665,0.008240699178593899,0.0056011399760731995,0.0045295676679737665,-0.019335229258183866,0.0027467736756602665,0.15186666666666332,-14.0,0.003311457666666634,-0.0006826916130589666,-0.0003516463768604,-0.0333333333333332,-0.03333333333333297,-0.014558354500887471,0.0022983313301354327,0.0030016711916953675,0.04468366937358503,-0.0327857504541497,-0.0196760992863722,0.0010524376282733002,-0.00019412402086690003,0.006466762556912034,0.0020480705867189663,-0.0016956272757001334,-0.0017677521449682666,-0.0015701697335804001,0.0012934572571771,0.0011835971085455423,0.0015173253882428666,0.0011658979539544334,-0.0007954504033378334,0.0009325277567721666,40.53333333333333,0.03333333333333347,41.23333333333333,7.2904325649472135,0.0475380357329464,0.13310374751126344,6.584101891948163,5.892542982150377,7.325605418440574,0.002306814281523369,0.0059525391333365004,6.628516332547253,5.928389385724677,0.011671616251296266,0.0148746703232104,0.004451480492871667,-0.006666666666666667,0.002821660568509734,-0.00011379146027756688,0.0014661663456697332,0.002309057055028233,0.0276117707577074,0.026092129865714797,0.0013863271178514425,-0.0008103593743200663,0.00012335224670439999,-0.004376966666664474,0.0149644763965074,-0.011126385333333369,-0.001445054021852699,-0.0033333333333332334,0.0,-0.10000000000000007,-0.059999999999999935,-0.046666666666666634,-0.013333333333333636,0.010000000000000201,0.026666666666666703,0.03666666666666643,-0.02666666666666667,-0.4066666666666667,-0.41,-0.3333333333333333,-0.6733333333333333,-0.5866666666666667,0.16,1.0966666666666667,-0.004931537410617433,0.0007418834211089664,0.004277573008815833,-0.022337467105334633,-0.0022997255656965,-0.0026453801987864,0.0003326881041623001,-0.0275188328276661,-0.030151566084758233,-0.0009822866153890626,8.454250779473336e-05,-0.0015080218092373334,0.0027615163242196337,-0.0005918217202281333,0.0007323580141562667,-0.00048619234124853327,-0.0004112696840788958,0.0002548476246788667,0.00037066997986256664,0.0001284675155052666,-6.72526819076e-05,-0.00028942948012956665,0.0009393604106673332,-0.00037370195755310353,0.0010709808367317,0.0015928157722423335,-8.638635205266617e-06,0.004836969104348532,0.0038377526744887668,-0.0019469061548571297
2007-06-01,7.745214522359564e-05,-0.00036425092887290003,0.00243172218995485,0.0017864015854603668,0.0003808025647705664,0.00022099680200209993,-0.0009083836206000333,0.00023381793750766673,-0.0013170717291173997,-0.00039926580693446607,-0.001598258990849333,0.0005069811395559333,0.0016849470466621334,0.0025738390505821336,-0.0008841757482521995,-6.848721831013331e-05,0.0048525384326433,0.0034099041927492333,-0.18773333333333175,-37.0,-0.015007623000000032,0.0001724407055263763,-0.0005052844335112,0.06666666666666633,0.133333333333333,0.019698523176918968,-0.004148474840352033,0.0149016925296325,-0.004269652764193666,0.031984146861423264,0.016823754642045368,4.830812865166666e-05,-0.0023533918254046785,0.004358670354773,-0.0027481671073114997,-0.0024270493748617668,-0.0025363058410565334,-0.0022371448626625997,0.0005096510747470334,6.28397274619e-05,0.0009182742262811666,-0.000223811868715184,-0.0011567853010555334,0.0004952836409545,40.56666666666667,0.0,41.333333333333336,7.2272304158778935,-0.15920918478546664,-0.005532630469679968,6.521564740867767,5.784761261361631,7.21711145476273,0.011300517225230101,-0.050892280069653205,6.497475855363947,5.830431124762771,0.0099334218014236,0.0147134153130217,0.003360089385305733,0.0,0.0003909016675214332,0.0028087092885762,0.004912935416088,-0.0008103914761588334,0.0028700874306028987,-0.0016239997637818998,0.0018586760910978002,0.0002467127739583667,0.00043045768627323326,0.5023223666666653,-0.012706544913977333,0.03965155666666667,-0.020103520566985097,-0.07666666666666676,0.023333333333333133,-0.17666666666666667,-0.13333333333333341,-0.14666666666666672,-0.08,-0.026666666666666543,0.10666666666666667,0.08666666666666673,0.09000000000000001,-0.6333333333333333,-0.52,-0.38000000000000006,-0.39666666666666667,-0.25333333333333335,0.5933333333333334,1.49,-0.005061020840801734,-0.011340282548193699,0.004472100185616634,-0.0115199574296615,-0.0038095652745407673,-0.005009590642713067,-0.006076193730586733,-0.009756490314274833,-0.005473988816466204,-0.016122147834581234,-0.0012720811522684333,-0.0010845111642507,-0.005884144909188367,0.0004447416060443333,-0.0028969113105382,0.0008760907766100667,-0.00019541979499583344,-0.0014732978451595666,-0.0019607485376905666,-0.0013858690859056668,-0.0007396485240193,-0.0011991364798837002,-0.0034708677906835667,0.0002696091043817333,-0.0007214429832185001,-0.0017612310047296334,0.00038044176050990004,0.0020826986294017664,0.0034063938476442666,0.0036248759297281
2007-09-01,-0.00018272408121333333,-0.0003872764585709333,0.0012404898788791667,0.0011174455870204,0.006666728932719534,0.0017079384074462332,7.931280506193328e-05,-0.0001321378113014332,-0.0034700189135019005,-0.0038835664954210334,-0.0033079182757257673,0.0061982868501067,0.003712934692895367,0.0063770313137011675,0.0030845530570360337,0.0021190514564504667,-0.006719279082907967,-0.0058018647999501,0.0509333333333331,33.333333333333336,-0.0005196123333333335,0.0023615160222879,0.0020825061377707666,0.033333333333333666,0.10000000000000032,0.0039298167027443,0.012889180590679833,0.004681924172300766,-0.030177797736336068,0.03259592447829867,0.0162633880564774,0.0006707590041111334,-0.0022792369615984667,0.002874435494749567,-0.0038327257651697665,-0.0016925419603606333,-0.0020965628420672997,-0.0009917690545512,0.0012320324876705,0.0011165695405015335,0.0005140240151479333,0.0014135146969316333,-0.002044135546890733,0.0016158020867150667,40.6,0.0,41.266666666666666,7.101806381414387,0.09418899059500359,-0.038390462074026764,6.404949679523679,5.592888915283953,7.11097588222083,-0.045145990298369874,-0.010472065411126634,6.401083831330534,5.67964958644894,-0.012611270506551966,0.009670930977116833,0.005430261552511633,-0.006666666666666667,-0.0029332896174117332,-0.0023101449912979665,-0.0024049857253315332,0.0018429194849656667,-0.011253152075749435,-0.007764823924942464,-0.0021754653510583665,0.0005723250979361334,-0.0011885203659017334,0.0010732666666606512,0.0020036546382010342,0.013947915000000033,0.0010911031603725353,-0.17666666666666675,-0.18333333333333302,-0.3100000000000001,-0.3066666666666667,-0.3233333333333333,-0.25333333333333335,-0.17333333333333312,-0.11666666666666663,-0.0833333333333332,0.22,-1.0433333333333332,-0.89,-0.8166666666666668,-0.7066666666666667,-0.33,0.8833333333333333,1.7599999999999998,-0.022766082556349137,-0.0165689388131464,0.009654934832885266,-0.029878596897382,0.008449327128187,0.010726375233840466,0.010947301440452572,0.031138390641880367,0.03920836542991651,0.0014326249693924302,0.0025066436275850003,0.0023946250933860333,0.0113617765711635,-0.00025313874607816667,0.0055693982230857,0.0004011504143998667,0.00042786279906286665,0.0028962767174209,0.0036429750266956666,0.0026916401636609,0.0015359556852132335,0.0010623998673579666,0.006353847464935401,-2.4517060317633354e-05,0.0005272369434006872,0.0012584354802247335,-5.3091395845332396e-06,-0.008330274849145766,-0.005627245875558633,-0.001356594930541667
2007-12-01,0.0021609094898077667,0.0015886415607214335,-0.0014208820401444,-0.004255483477547732,-0.006240638318347533,-0.0014415599264795001,-0.0008485008500862335,-0.00011123348952233334,-0.0022254230406222003,-0.0098846668338443,0.00022066931643543327,0.0046469208657115,-0.0021333417472853,-0.0005031100219842333,-0.007982935264660268,-0.002365535924976533,0.0088481930987661,0.004187785503262368,-0.2135666666666651,-122.33333333333333,-0.02365035633333337,-0.0003945953907228666,-0.0009997126774650667,0.0666666666666668,-0.13333333333333364,0.0010066699484466677,0.0186559201094164,0.0110844239029285,0.039261011885461265,-0.011099804689682934,0.010497633077245433,8.676225023463863e-05,-0.0017920373625005999,0.0065476550662986665,-0.0031161195595092663,-0.0014819698134834667,-0.0018790194517759,-0.0007955453259101333,0.0004411596839659333,-0.0008653290286387666,-0.0008049103418130356,-0.0012714628200196333,-0.0008856687980168666,0.0012364728560528,40.46666666666667,-0.06666666666666667,41.1,6.9794298031608735,-0.010417514501366867,-0.11247054828771663,6.340717374116459,5.464160785134343,6.98863381499394,-0.05823898580291004,-0.08656940680312675,6.32183752863877,5.467354946392731,0.011590301629559832,0.019306189217201602,0.0068488444350484,0.006666666666666667,0.002494248701755,0.002671235709874133,0.0037408805298279,-0.002566038779629133,-0.012203496650932498,6.455143540669847,-0.0026641101397730997,-0.0012905720789386332,0.0009318117007168666,-0.13597359999999967,-0.0256833844243838,0.06571132300000003,-0.009721764115092868,-0.5033333333333333,-0.5733333333333334,-0.3833333333333333,-0.47333333333333333,-0.4833333333333334,-0.29666666666666663,-0.13666666666666658,0.029999999999999933,0.14,0.11,-1.0966666666666667,-1.0466666666666666,-1.0466666666666666,-0.6366666666666666,0.13999999999999999,1.7299999999999998,2.9499999999999997,-0.010336979238187667,-0.012359191167489235,-0.0174360843435129,0.010649666255308665,-0.004896281483942367,-0.006542937269594267,-0.0046694822519238325,-0.009260097695267,-0.022568691551459533,0.043636924767313325,-0.0018044184818064666,-0.0023425465994503666,-0.008066928246346177,-0.0010482622884163666,-0.004006863976501999,-0.0012307506928780998,-0.0002616493811530123,-0.002074696066274869,-0.0024342949867793666,-0.0018557864068518665,-0.0010983693539152667,-7.427653189866661e-05,-0.004411970171382834,-0.00016689462384768833,-0.0001885149067738667,0.00013535303788713327,0.00018124733020725807,2.3156346901614944e-05,-0.0017950789548137665,0.00012943279490360005
2008-03-01,0.013295867195556832,-0.003184890739271133,0.0019906627353124,-0.0033801257190575994,0.0037466849141421666,-0.005421698464967133,-0.0071419032148999995,-0.006216221165280333,-0.008816462681617501,-0.0205761684845527,-0.005240490823386901,-0.0027621352263389,-0.0035015369462142332,-0.0065517764198685,-0.007044875308326134,-0.006958568148323932,-0.011912225646323266,-0.0038075241847309997,-0.4895666666666663,-28.333333333333332,-0.023726184333333334,0.0014071295147276,-0.0005660861080774667,0.1666666666666665,-0.09999999999999899,0.07051413505534483,0.014584799891770134,0.04266563014585503,0.029426662180005034,0.05363328726739553,0.018737560395790033,-0.0011490185588686,-0.0045535744806919,0.008220249307717267,-0.008103429778252834,-0.0033033854499097334,-0.0038290146623770004,-0.0023980918780092,-0.0005128316331314541,-0.002609547582535367,-0.0024771985296946665,-0.003386934403144667,-0.0008072006204784334,0.0009799561623685667,40.43333333333334,-0.03333333333333333,41.166666666666664,6.9045994689759524,-0.002656056549726634,-0.0346331983393832,6.235429288393671,5.429640461079597,6.8975548937477305,0.08511556393627995,0.006826177114513503,6.215659241991163,5.381898871851937,-0.0110547673557247,0.011103782955782867,0.0022184210147125996,-0.006666666666666667,-0.00017383368893909994,-0.0032606416727028,0.0013491339775910333,0.0022436549346351,0.022053054349240767,-6.390117994100282,-0.0015962325890900668,-0.0023570065212569664,-0.0006976072475139332,-1.5561377333333308,0.011688028966756766,-0.012822945333333434,0.03271913033736697,-0.3333333333333333,-0.14,-0.13,-0.0733333333333333,0.003333333333333336,0.12333333333333334,0.04666666666666667,0.013333333333333334,0.03666666666666649,0.38666666666666666,-0.8633333333333333,-0.6733333333333333,-0.51,0.5333333333333333,1.3999999999999997,3.2533333333333334,4.640000000000001,-0.013811454803598003,-0.0084224999489792,6.78610208642005e-05,0.0002335786004115329,0.0035521145879068663,0.004801972042401467,0.005337667192496734,0.0038362442659281,0.02745367065225293,-0.04211482814469807,0.0011617144768898333,0.0014571547976813,0.004313691462028166,0.00027375763394429996,0.0017965263311842331,-7.646825434816665e-05,0.0006664406022146668,0.0013228263966580998,0.0017635959867314665,0.0012210414526213,0.0007626898116705,-0.00027315858928273325,0.0019770582321078003,0.0005213726528454334,0.00016589056534703335,-0.00032859102168105353,-0.0003866534899397,0.003939327182123967,0.002065176129388333,-0.00021320642863760045
2008-06-01,-0.015630070363838403,-0.0013812548154768668,-0.0022653599952529332,-0.008701444724569735,-0.0033426265422971334,-0.0076929327620147,-0.009175284854495166,-0.009294031460441901,-0.0088975167152867,-0.020450861883498834,-0.005554150433726799,-0.014689318950137134,-0.006196605211018232,-0.009473089513100767,-0.0135083502433989,-0.0103348004947632,-0.0125685739583844,-0.0037556123773668,-0.7016666666666677,-173.33333333333334,-0.03676856533333333,0.0007293665623452624,-0.0016145075893334668,0.23333333333333303,0.366666666666666,-0.002244677393781036,0.0359538081829201,0.06906320779065596,0.0809338004821072,0.0594901536306189,0.055306995873393106,-0.0015511682334369999,-0.005462944731115467,0.008712961402155833,-0.007413891012844766,-0.005129640687166833,-0.005847070477582099,-0.0039002529567154338,-0.0008296484307527334,-0.0026939254078855,-0.0031041172317068,-0.0027218340927591665,-0.0017827521121803,0.0012430647036361737,40.333333333333336,-0.06666666666666654,40.96666666666667,6.839503457907893,0.028113716144583367,-0.027899672958883567,6.069780284838953,5.24358387001916,6.884444617734327,-0.17105860037031317,-0.013795072054283467,6.150599798985024,5.330257686023244,-0.020035809000455998,0.004325396907411467,0.004757279006004333,0.01,-0.0037078527239484335,7.560806366649989e-05,-0.0018903202271752,-0.0015658704985540997,-0.015237497016956697,-0.0609750162032417,0.0001041532267128005,0.0010103297484948001,-0.0014213108076255334,1.662967599999997,-0.030253913062752002,0.07047004533333323,0.008961229782201333,0.006666666666666667,0.04999999999999997,-0.003333333333333304,0.03333333333333333,0.040000000000000126,-0.003333333333333327,0.0033333333333333687,0.023333333333333036,0.07333333333333374,0.7233333333333333,-0.26666666666666666,-0.01,0.29,1.3066666666666666,1.9966666666666668,3.66,5.123333333333334,0.012308223381693198,0.015608489630800798,-0.013589661632998832,0.017606066458833402,-0.007258480382655367,-0.009331271695694534,-0.01248095693935567,-0.0557692178826556,-0.08089017830464311,-0.004045740434192434,-0.0024632122254729994,0.0020749687534318997,-0.011304334728582,0.00021161210553089998,-0.004777923119213766,-3.1190377681533276e-05,-0.0007961881682753,-0.0029059510884439665,-0.0036628799689222996,-0.0026389649954102336,-0.0016968823167336335,6.845173239020004e-05,-0.005026764052230033,-0.0008455022211437433,0.0003291324867891667,0.0008945853386356668,-0.0009440202665727667,0.0030817709271371333,-0.0013127812843070003,-0.0044248849280457
2008-09-01,0.004843069419325201,0.0037544293894319334,-0.0037585329493886334,-0.0206433925601619,-0.030874993570285735,-0.016005658741966,-0.013987924695790932,-0.011446480094864266,-0.004272386183972767,-0.024334913347989134,0.0012599993004783667,-0.03241306491543867,-0.018282978578582732,-0.0347889881420477,-0.026631971769596696,-0.02216957849559087,0.016507749794444398,0.009533494314435996,-1.5200333333333382,-147.66666666666666,-0.027557573333333335,-4.311088118766594e-06,-0.0025417534429348666,0.2333333333333333,0.40000000000000074,0.007991077075764267,0.05574047200250207,0.04573870538430033,0.030715392153889336,0.05775318050843473,0.06090213140163373,-0.0040769846181891,-0.009987129246828366,-0.001937185471592,-0.014410707244910734,-0.0081397335883058,-0.0094762665349694,-0.0058684559051176005,-0.003005689559755533,-0.005531883100006767,-0.004965118746,-0.005662815552622467,-0.004293220954553533,-0.0001034118533051667,39.833333333333336,-0.16666666666666666,40.36666666666667,6.614929750850867,-0.27837248061011,-0.054484357496523174,5.957701400858539,5.0389450310246895,6.573811722873067,-0.05999045981633346,-0.12361985964356341,5.877308446392423,5.093415448463577,-0.05497636848068247,-0.004988680418340034,-0.009025364092872567,0.05333333333333331,0.0123314891373969,0.0015422944549066666,0.017862633424860733,0.07922185295578064,0.22146741555604899,-0.2509184839493353,-0.0027163581657561006,6.688807093506444e-05,-0.00022788494532536665,0.036091100000002575,-0.12413087859086215,0.328238352,-0.06133233469698313,-0.5366666666666666,-0.40666666666666657,-0.51,-0.39666666666666667,-0.36999999999999994,-0.2833333333333333,-0.12000000000000001,0.16000000000000023,0.6866666666666664,1.4900000000000002,-0.39333333333333337,0.12333333333333334,0.41,1.5766666666666669,2.6199999999999997,4.96,7.41,0.0313477135626847,-0.040103620537655864,-0.0692307914665011,0.048117675212089095,-0.0076970864780937,-0.009494476535071667,-0.013343821713044735,-0.0088613714795628,-0.05123059183321967,-0.0332329769642238,-0.0054581698281743,-0.0018477251945083,-0.03052301500056843,9.312793136293333e-05,-0.012785378700321532,-0.0005568314453917471,-0.0004886193811766967,-0.006201823774593033,-0.008208247446966433,-0.005830053735633001,-0.003687423445486867,-0.0004899059085072666,-0.0147309427981724,-0.0005935229221120667,-0.00018544996545863328,0.00027229930115970003,0.0009298006958595667,-0.0068132092439760995,-0.0037564532032862328,-0.006197503425589469
2008-12-01,-0.009143468641347232,-0.0148885787622497,-0.0008268639477876336,-0.006896228066664167,-0.0037278549402455993,-0.019952796546247566,-0.0193294045570174,-0.016545668064327532,-0.0146279776455372,-0.04843002639527374,-0.006098911623094933,-0.017669187859071133,-0.020804558884104065,-0.0421694910594346,-0.011469072573473434,-0.022650436120597934,-0.009104229776101033,0.009823156986903668,-1.455866666666666,-122.33333333333333,-0.028184912999999968,-0.0002177824861758665,-0.005739625253924634,0.5000000000000003,0.43333333333333374,0.011300517225227097,0.06281259460379653,0.10989198401920663,0.1218518606259239,0.10040741860547203,0.07141820129898763,-0.005519727404786033,-0.0174255701654958,-0.012681535974245733,-0.018457589466095232,-0.017197445414505335,-0.020753415043924302,-0.011272032065977702,-0.0034284017461244667,-0.0061137370838744995,-0.007040048734207667,-0.006130580638272866,-0.0054350157542603665,0.0002363228268667,39.266666666666666,-0.16666666666666666,39.699999999999996,6.2962708741884335,0.021865760828603403,-0.03965064762045678,5.64085802561367,4.860474162509647,6.31410314793061,0.01379507205428343,-0.03211036964614333,5.670813044759747,4.6978807232014,-0.0662368410423024,-0.018797743385350767,-0.016177266136171067,0.0,-0.012404040409253832,-0.0009541267375218996,0.012618789773743066,-0.11008699893910617,-0.28823399153807866,0.04347593645037998,-0.0002887718248884667,0.0019233367042872666,0.0006314074275035666,1.3591215333333366,-0.030747516265155834,0.06630786866666664,0.055795404065670705,-0.056666666666666664,-0.29,0.036666666666666674,-0.09333333333333332,-0.15,-0.13999999999999999,-0.22000000000000006,-0.2833333333333334,-0.37666666666666687,0.7766666666666667,-0.023333333333333334,0.16,0.34,1.4866666666666666,2.4266666666666663,4.946666666666666,8.040000000000001,-0.007672285135789866,-0.014220856573440833,-0.020287053507400933,0.007608393228980634,0.009860828627653065,0.012731566007391665,0.014611206284805634,0.028145149438152533,0.07490153219703677,0.011167027855871231,0.0071667121080878,0.005193605883631799,0.04207127724387583,8.238881439573333e-05,0.017558418146898933,0.0020184678797837,0.00012075699384646672,0.0085393848089043,0.010880254274820067,0.007637948372991,0.004554384845001767,0.0012312491543774607,0.019842608759899065,7.900061009986666e-05,-0.0005160223881850904,-0.0024008509712065665,0.00036326456286226664,-0.0004533142311965675,-0.0021842451998157677,0.011919619116781632
2009-03-01,0.004289368832717834,-0.0026425539963484002,-0.0015719159391842667,-0.009412274170565867,-0.0013137639574457665,-0.011187874445999633,-0.011818717391110832,-0.0125134130477944,-0.0072766067044988,-0.014651567337966567,-0.005474013285993434,-0.022870725020434666,-0.010488242390554,-0.0226986452582786,0.0009907702887955335,-0.011880638079087867,0.0018530836092545664,-0.007960423985021366,-0.6925333333333311,-105.0,-0.015414900666666667,0.00045050149390253325,-0.0032921143973763667,0.3666666666666667,0.733333333333333,-0.0203169206502896,0.04151175192455683,0.08417181948706857,0.07209321924040733,0.09374752568852968,-0.016988814530675935,-0.0046554249797884336,-0.016072625717293666,-0.024625044748886434,-0.018390337404660166,-0.014342385433184399,-0.018400698050867834,-0.007780772547338433,-0.0027305192347111666,-0.005058872076163534,-0.006776258025451967,-0.0037837287525371334,-0.0052700353605038336,0.0006048135957387335,38.9,0.033333333333333326,39.333333333333336,6.228579433775047,-0.0392610118854601,-0.06147634637784003,5.541166735751493,4.656916215449493,6.27226472705824,-0.04839400328150014,0.021746840622800107,5.606418547676043,4.687790045409627,0.0009415538757888663,-0.017279661065415435,-0.013032389900147366,-0.006666666666666667,0.004519705312933834,0.0010877698542621666,0.004671431401243699,0.034767125337997,0.07610207205514836,0.25574060674633664,-0.0023358062442848,0.0011852951848349334,0.0016471862595537335,-0.5451928333333353,0.037980337115651366,-0.1780868733333333,0.1573476523442194,-0.013333333333333334,-0.09999999999999999,-0.04,-0.05000000000000001,-0.04,0.08666666666666667,0.1399999999999999,0.09000000000000001,-0.006666666666666469,0.32,0.013333333333333334,0.18666666666666668,0.39333333333333337,1.7666666666666666,2.8433333333333333,5.3066666666666675,8.12,-0.0165269742170413,0.013115196987829,0.022260279847500935,-0.0257007979607136,0.0009782656384238334,0.0015153723978024666,0.0048864828392586,0.029529734431268235,0.07874518705841732,0.053141303603116065,-0.0007218766329326002,-0.005783983478896033,-0.001749329558302667,0.0002172855078364666,-0.0012783305518553336,0.00014996122920063338,-0.0004086332360193333,-0.0008246949393609001,-0.0010386145334623667,-0.0007867117170169334,-0.00025007621114910006,-0.00047819073419636676,-0.0018840166414850667,0.00029341582328583333,-0.0005085021845327333,0.0010310994849309998,-0.0016603747541073294,0.0026463312058281336,0.0038459944614690662,0.0016732920547954007
2009-06-01,-0.007619062373914634,-0.004998385607706234,0.004184629257336667,0.0045512561939039,0.012153461052355033,0.006588672135187333,0.004924453456348233,0.005741846932528133,0.0059773727177269,0.0334445315765232,-0.0007417849449534332,0.005035205454544733,0.008742859773623967,0.016639793748086135,0.0078119295709496335,0.008240542464983534,-0.0090893604443479,-0.0031630936730679,0.6045666666666639,-70.33333333333333,-0.005993849333333366,-0.0009491335867555334,-0.0018016773682815,0.0666666666666664,0.9666666666666663,-0.03300462924726977,-0.042274819789267504,0.0362196572625297,-0.029471237817310633,0.07909639664368373,-0.030075030530908264,-0.0025349438807176334,-0.0092084884350889,-0.013514651202551234,-0.013664258043194868,-0.0067629404729192336,-0.0082549201025668,-0.004402441277017934,-0.0014449007050150668,-0.0025990772354926336,-0.003967111106627833,-0.0017545354390051332,-0.0027308567145999333,-0.0011811442870482333,39.23333333333333,0.06666666666666667,39.833333333333336,6.37727031872384,0.06958493795403668,0.09164768222478337,5.657913818603297,4.833583519671703,6.4034677678714536,0.029870719563230164,0.03652073417050986,5.733605670549653,4.819500213508763,0.0178997873359131,-0.0109390118622414,-0.012567750369494634,-0.036666666666666604,-0.001719721412428033,-0.0023196576703898,-0.003225777146228733,0.003190010892015598,0.005327298551498168,-0.0030088974851218697,-0.0027295604718844332,-0.005419617613465967,-0.0017290696403909995,0.2650519333333344,0.037456428373931296,-0.15809908666666667,0.18361449615244965,-0.006666666666666668,-0.02666666666666667,-0.0033333333333332997,-0.013333333333333334,-0.01333333333333333,0.14666666666666664,0.09999999999999992,-0.09333333333333323,-0.49333333333333335,0.15,5.782411586589357e-19,0.10333333333333333,0.30666666666666664,2.4033333333333333,3.4466666666666668,5.25,6.88,-0.012042304114988267,-0.006082050335198967,0.02325407953747177,-0.0195293939494595,0.0040446680452872995,0.004995774502993666,0.0032454505078052674,0.005389037520452601,-0.0230650773705873,0.014120062811683098,0.0006241491527439331,0.0010989928945382332,0.0009674744989934687,-0.0001785542447203273,0.0003088790520898666,-0.003168190562354833,0.0008392859672665,0.0006358821614619996,0.0007256869652486,0.0006794336342542665,0.0006185996959171665,-0.0008874824277140331,0.0014481774456068658,0.0005878022182154218,-0.0005032316368279552,-0.0019149664211459666,0.0009136084431222666,0.0013294947743928331,0.0009166100774050332,-0.0005254159405169668
2009-09-01,0.0006363111316674666,0.0007027356502433668,-0.003246173334892067,0.004524280959804667,-0.0022121232355261995,0.004962531580337533,0.002664795776646833,0.0023972904161641997,0.0017298219290697331,0.015834610524234034,-0.0019459045070077334,0.0030070076567669667,0.007910516686306332,0.0159002016395986,0.010700700701579335,0.006919838366670467,-0.0026767629587730324,-0.0014142813108520998,0.537133333333334,55.0,0.002213930333333334,-0.0009280146169666001,-0.0019965234478588,0.10000000000000014,1.1999999999999995,-0.014364047684931361,-0.042491538218795234,0.0373059720679952,0.0066219512472383,0.05316556596854011,-0.041323891243893136,-0.0010593798499715804,-0.0051491087034012005,-0.002270524510284267,-0.009177274313335234,-0.0032886463204277665,-0.004252963846353634,-0.0017773870150232668,-0.0004037957287662,-0.002387940311211367,-0.0028698620274773667,-0.0022771243086262,-0.0010298669366317667,-5.916722151513335e-05,39.36666666666667,0.13333333333333333,40.26666666666667,6.342911544696896,-0.009804628402096496,-3.353798720221827e-17,5.6614462374444265,4.741764775738816,6.404850657615946,0.018523283718269997,0.024253118094143534,5.731945411022873,4.7726251636041335,0.006144509241937733,-0.012567119253177467,0.0031249279631400673,-0.006666666666666667,0.0015529995312905333,0.0011644278310652667,-0.0006370159026776668,0.007536370724382734,0.012549621403582734,0.0032997434509667023,0.0031199102225135003,0.0078113335365811,0.0008764788997938001,-0.5331604333333361,0.0249075054056981,-0.10583439066666663,0.16537845967974288,-0.013333333333333334,-0.03333333333333333,-0.04,-0.03666666666666667,-0.049999999999999996,-0.11333333333333334,-0.06333333333333334,-0.023333333333333168,-0.08666666666666646,0.08333333333333333,-0.05000000000000001,0.043333333333333335,0.22999999999999998,2.18,3.266666666666667,5.026666666666667,6.176666666666667,-0.017684554297403367,-0.020385595675081768,0.001348185311532134,-0.008665757078161166,-0.0002626063701194001,-0.0006747947673838671,-0.001619468230306233,-0.0010416375592618328,-0.02462147102003243,-0.020974612805099834,4.5584683866683466e-08,-0.0020659186830842666,0.0009233467337719667,5.210248627056667e-05,0.0006065327712511334,0.0038469545054263,-0.0004335013079792333,-3.6937043909733375e-05,0.0005139093856746667,-2.8265137356666995e-06,-0.00013403007612830002,0.001549796473442267,-0.0009003110648221333,-0.00016237513526163339,0.0006663367248308246,0.0005894955510346,-2.67284192159986e-06,-0.0037907568837347336,-0.0032661153832768326,-0.0019147960189495998
2009-12-01,0.002857659975204481,-0.00023508563516233335,0.0026651397783534,0.0023578896046743,0.002265964833661967,0.005882967538677033,0.0028432320354469334,0.0028337849953222333,-0.0009710630621976333,-0.003670323577707333,-0.00017975813913919994,0.0089387807609495,0.009626348690376601,0.012400397257277833,-0.00010921745459226689,0.0026451786786901334,0.0407846314838052,-0.008211422419321934,0.2715333333333328,54.333333333333336,0.003979649666666666,-0.00039882265388336673,-0.0001875631271535999,-0.0333333333333332,0.30000000000000066,-0.001067046972016733,-0.0065237465157092995,0.006298390322752301,-0.00638317377762003,0.012241413278153701,-0.005613809643457167,-0.0009059545747327714,-0.004604773781621767,0.005220633610196433,-0.011672027290416631,-0.0017148458858541,-0.0018121170046422,-0.0015630261976131998,-0.0003210101366277,-0.0008043465863488,-0.0027708255678865336,0.00040420658513203554,-0.0013349715321985666,-0.0008442760406772665,39.733333333333334,0.0,40.666666666666664,6.396106627644623,0.014600874219463334,0.015652327695923396,5.7286733945632475,4.81762902240213,6.476817691902077,0.017547911161806564,-0.01190602753402667,5.7514658270448225,4.955537287987113,0.03922152960205056,-0.0029917727378414995,0.0021506358809641663,-0.006666666666666667,0.003907481636547399,0.0007997274831789665,0.00033140019299736655,0.004637368559367967,0.0065163792975722334,-0.0063205358771860065,0.0004813058665312329,-0.008981765160487034,-0.0020468432791223667,-0.4771934000000053,0.0003337574474798997,-0.026104132000000068,-0.1565392079517729,0.0033333333333333335,0.0033333333333333335,0.02,0.01,0.01333333333333333,0.043333333333333335,0.09666666666666668,0.0533333333333331,0.0066666666666665665,0.07333333333333335,-0.04666666666666667,0.04666666666666667,0.23666666666666666,2.2733333333333334,3.5500000000000003,5.17,6.2,0.018899225111268566,0.0032407035596709005,-0.020306119114532967,-0.0006614696241054001,-0.0066131969993174005,-0.008307657460509167,-0.004337822523926165,-0.022857975142107034,-0.017550919775087798,-0.035617821564670436,-0.0014317421405586669,0.0021273729618111,-0.0080382802802109,0.0003440464491256,-0.0033747727365114667,-0.0017939267743175668,-8.315526597910013e-05,-0.0016474875551217704,-0.0023726025845990668,-0.0015557328339552937,-0.0008391056463175001,-0.0013803026887950333,-0.0026266911156852,-0.00017041950758190004,-1.7378202692667811e-06,0.0008684379041716666,0.00017904807065706666,-0.0012335263333837683,0.000803502331568367,-0.001361809940080867
2010-03-01,0.006660727038441967,0.0080661827856823,0.003098966041605967,0.006122769039009767,0.006986636891364033,0.008082541904452767,0.008087436540431666,0.008040546717616033,0.0046667510607641,0.018196609706277133,0.001046150591790233,0.01616693943430557,0.008065459056968333,0.019340825478282166,0.0044685452582807,0.011132781570723302,-0.022053207509027367,0.011369742695663335,0.8838666666666662,107.33333333333333,0.008273750666666734,0.0008599080963851666,0.0015837508466850668,-0.06666666666666714,1.400000000000001,-0.004062176915368201,-0.026918614305551838,-0.0009353318144806668,-0.07058382455961533,0.026593036264729364,-0.0185909326675174,0.002401923729406,0.0021505450938293,0.011081498368371634,0.0012099226835265333,0.0020915101297955996,0.0032358093739107666,0.0002982848819475334,0.002441405590206533,0.0008451937567125349,-0.00028517583448461713,0.0008972576476604001,-0.0011237908292987002,0.007624071503697567,40.36666666666667,0.20000000000000004,41.166666666666664,6.451906680637653,0.009390292322233207,-0.0030722183683066645,5.81407595504185,4.766622724686104,6.447824662863954,-0.06594191444330673,-0.025169184169383466,5.781123485985057,4.835837360836973,0.017070794091746767,0.003475057956170067,0.0037437392166582667,-0.006666666666666667,-0.002788182225672533,0.00016067629905926672,0.0031614241811795,-0.019849452717054433,-0.034101045813935034,-0.0499907594695762,0.0011222164807828663,0.0020736835932938665,0.0018806913424048337,-0.6705928666666617,0.010809870208558602,-0.023929775999999996,-0.15876299211299735,0.023333333333333334,0.08,0.016666666666666666,0.013333333333333334,0.006666666666666668,-0.05999999999999991,-0.09000000000000001,-0.12999999999999987,-0.09666666666666664,0.13999999999999999,-0.03,0.04,0.22,2.21,3.48,4.986666666666667,6.003333333333333,0.017354148171540167,0.006712195131627567,-0.020895890578285867,-0.005371590217761501,0.002243418451355967,0.002671573644400462,0.0020129789226519335,0.0011655912960633994,-0.03711110081824643,-0.00018097164296384158,0.00014410757072326667,-0.0007552415098957668,0.0001910472403053665,-0.0009259123572079999,8.61866634996667e-05,-0.00020553131083795415,0.00015660072173716665,0.00015327720363643663,8.328122525676674e-05,0.00021972972819767306,0.0001144178491735667,0.00026976945444089984,-0.00023939927814533332,0.00020340914541053332,-1.9713212189924047e-06,-0.00014520837348996665,0.0007156595906655,0.002623742547119307,0.0014633119620105336,-0.0023034346831775
2010-06-01,0.0022880903111594663,0.0017903516901208666,0.002526285136647467,0.006178373966829233,0.0022331271935070664,0.0032274594904419668,0.0012260580433834,0.0017879257540111334,0.0006153016623109332,0.0004691873245270019,0.0006673026303326666,0.0051015831257563,0.005545900655972567,0.006588629076787767,0.004213509440101667,0.002115739580767733,0.014241131031178399,0.0021716168417253005,0.27513333333333434,3.6666666666666665,0.0011707253333333664,-1.081629496549995e-05,0.0004712710868410666,-0.03333333333333314,-0.09999999999999898,-0.012492277501939,0.040785431807266896,-0.018328518404925265,-0.014777031355725901,-0.01959676178507287,0.011131171259881034,-0.0005796903055402262,0.0009576122626117666,0.0101241407923262,0.00024145841934716675,0.0007809453005910667,0.0017004429677692668,-0.0006715167352216667,-0.0008216809596840666,0.0007343944219103666,0.0004958012751335,0.00040725756467743335,-0.001040718940884,-0.008455623372343601,40.36666666666667,-0.03333333333333333,41.1,6.327338244977053,0.013607331506750128,-0.006230711004050131,5.62746018705052,4.7589438674757,6.366451800313854,0.03459893122721671,-0.013335111537900034,5.677688610429324,4.777916279989563,0.0031667503080191994,0.0017039359925205336,0.008241342770049266,0.006666666666666667,0.0025711589496332336,-0.00024302306347756658,0.0020715721251439332,0.0002473783691219667,0.0009962991569164668,0.001493255413099267,0.002636429457827369,0.0007185702787288334,0.0005657122415871333,0.007257166666666666,-0.011385734300863466,0.030514194999999997,-0.13340182544494633,-0.0033333333333333335,-0.056666666666666664,0.0,-0.01,-0.03666666666666667,-0.23666666666666666,-0.24,-0.1566666666666667,-0.13,0.18333333333333335,-0.03666666666666667,0.01,0.10666666666666667,1.5599999999999998,2.7866666666666666,4.513333333333333,5.783333333333334,-0.027902952039821502,-0.0248228927192165,0.021812373992890335,3.204049921563335e-05,0.001862202236213267,0.0024842608299436666,0.0003704923525234,0.013888111050537966,0.04682976792694007,0.05320068561907093,0.0006600679639380667,-0.0010183782808710665,0.0038745043641537,0.0003677529895105,0.001814353879154567,0.0010338085590975,-8.131148523767553e-05,0.0007344848873316001,0.0010765473719235,0.0006801488608137743,0.0003500034505883,0.0011620350042183998,0.0017857858386909232,-0.00023784464842791116,0.00016139718208663036,0.0001399168914221,-0.0014383337671377333,2.6369380722233587e-05,0.0014626548090645333,0.006800293530921766
2010-09-01,0.000898977133995,0.0015303005409622666,0.0020088792497675,0.0026146582260751666,0.009770812104921534,0.00026988777382273317,-0.0009223226136588226,-0.0020859288603446,-0.0029878271348803445,-0.0031268974849201665,-0.0029627957512016333,0.0026116950299025633,0.0016181225116144334,0.005593664516684467,-0.0027246674417271,0.0008491657931385333,-0.019028308897855898,-0.0020441496454809,0.17530000000000234,70.66666666666667,0.002726355666666699,8.435779429900002e-05,-0.0009432094064483333,0.10000000000000014,0.06666666666666533,0.02879573206887187,-0.0207214771676316,0.010711521257017935,0.0306187453100077,0.0035492323136310337,-0.03609625847897157,0.0008500377933758999,0.0006555966636216668,0.011039842063307,-0.0010879429422102666,0.0009520106865009526,0.0016449334286161665,-0.00014940983366843334,0.0008807166705396,0.0011933348790685177,0.0012054350380138333,0.0007438107432348333,0.0002170845621064667,-0.001983289602078333,40.6,0.03333333333333333,41.333333333333336,6.328258144653276,-0.009009557462639964,0.009302929372356763,5.617861863030661,4.693393541188796,6.328525124750063,-0.03459893122721667,-0.010363529023343235,5.627082130695634,4.74722574520139,0.009354073272280166,0.009404196878839066,0.010068352840553635,-0.0033333333333333335,0.004125908939971467,-0.0010799463312990332,0.0013184152834077336,0.002031789483490067,0.0004755339296640991,-0.0007421269970119011,0.0009149343453606334,0.00024303132696403343,-7.269939009310004e-05,0.3095688000000034,0.0325723213508331,-0.05368815633333334,-0.0525948827572287,0.0,-0.006666666666666667,-0.006666666666666668,-0.0033333333333333335,-0.0033333333333333327,-0.040000000000000036,0.019999999999999907,0.12666666666666634,0.08666666666666654,0.06,-0.049999999999999996,-0.006666666666666667,0.05666666666666667,1.1233333333333333,2.46,4.503333333333333,5.576666666666667,-0.017828151178278965,-0.011336642065574368,0.006324900405374833,-0.008929250293915,-0.00039699841186723327,-0.00022564206829606687,0.0012145225318030332,-0.0028799829798942995,0.007036004428628233,-0.017219272101629667,0.0003567800439983001,0.0013210021224126331,0.0011702560509654666,-0.00028534820394821286,0.0005974741092093001,-0.0010498316543641002,0.0001748177547247,0.0003721396891357332,0.000335608265030377,0.00040310547440588546,0.00020618660402090005,-0.00036188062885673337,0.0009244311220669999,6.398918310129998e-05,0.00015838098312656669,0.00013635364503316628,0.0007114908428775,0.0008678682038052335,-0.00014242076808973375,-0.0031467986866046335
2010-12-01,0.007353348215362467,0.009244088270036066,0.0007222492189882,-0.00015580031876480036,0.0071568517662250995,0.0012060636550561665,0.0019250587450703668,0.0035077595012262667,0.0031423183454769334,0.010297356640980899,0.0013466696710278333,0.005875164392692833,0.00040779301175533313,0.008641687929546666,-0.0017436042149127334,0.0023550384274386,0.013173054632992167,0.0035303513245858995,0.25739999999999935,5.0,0.006837632333333267,-0.0019761081804177336,0.0008380086634319333,-0.2666666666666669,1.1666666666666667,-0.05500897332379897,-0.021024723919675036,-0.0205941443451974,-0.012320554451091932,-0.02369087542769083,-0.019939498403636766,0.0007817526803392885,0.00024317929939246673,0.0003875969428967668,-0.0033464428794237,0.0018959030772466333,0.0031728496367548664,-0.00014947683359583337,0.0008666205813500667,0.0016338909112102336,0.0015267954195312334,0.0016549027875392,-0.00017365633804246666,-0.0010786041499688,40.53333333333333,0.06666666666666667,41.23333333333333,6.3278260882676705,-0.11307190752231995,-0.1774882662898234,5.687665837624519,4.740191862017034,6.366754352094134,-0.02151284037918973,-0.021746840622800103,5.634132006451743,4.79168592404,-0.0013702767892022003,0.004346402147955133,0.008648849190167932,-0.0033333333333333335,-0.004598313454304267,0.0016135176489158666,0.0010227635089718001,0.0237022972938119,0.04349074475937383,0.050344672725930635,0.0004490133846655152,-0.002830222176768834,0.0003878635315004328,2.4952870999999957,0.03236124432317577,-0.043266555333333366,-0.0077697288428946005,-0.009999999999999967,0.0,-0.003333333333333367,-0.0033333333333332997,0.013333333333333334,0.3033333333333334,0.2733333333333334,0.11666666666666649,0.07666666666666692,0.09000000000000001,-0.03,0.01,0.11333333333333334,1.89,3.25,4.923333333333333,5.9433333333333325,-0.011958347219723298,7.593437687083294e-05,0.0033868661848327005,-0.008431675073908967,0.0021113683998429333,0.0024632051643465,0.0019662926964235665,0.0043497807609813,-0.008398459110010402,-0.00023876712529703344,0.00022622746406380452,-7.459380274000016e-05,-0.0008718402560641665,0.0007033352337130332,0.0002004872490688333,0.0014719109215371,0.00026000984597666465,0.00011618420138856667,0.0003274671901044785,0.00018975671573636668,0.0002640330740778667,0.0005276743958528999,0.00026327063985490015,0.00021288277154862727,-0.0004909414046854334,-0.0011376593924524332,-0.0003587571238948334,0.0013129183308730249,-0.0012663094684554077,-0.002786619226860401
2011-03-01,-0.002296093878547,-0.0023663814786285,0.0034547537177669,0.0113897555580547,0.0092605665231975,0.0103106764599525,0.0020722445876115,0.0010676244939666,0.0025563729208562,0.0180240646276877,-0.0014044257727521,-0.0028960833231543,0.0193589154956584,0.0125388671396598,0.011434626336543,0.0061949468273008,-0.0400545061092972,0.0249831748780718,0.51209999999999,35.0,0.003958264,0.0010567860339669,0.0017560651461305,0.0,1.7,0.0263804266801033,-0.0452684701182715,-0.0011015238859322,-0.102736989885441,0.0355126089622839,0.0111456262149172,0.0017229685055841,0.0035838318121026,0.0216978122170595,0.004758427719441,0.0018887368252134,0.0027824169314243,0.0004484305007874,0.0014296937419509,0.0019378286241718,0.0032746501658067,0.0013559977435768,0.0006511688710926,-0.0010358728153967,40.7,0.0,41.4,6.39692965521615,0.1758906664636597,0.2355660713127703,5.83188247728352,4.75359019110636,6.36818718635049,-0.0168071183163807,0.0652405218684002,5.73334127689775,4.78749174278205,0.079990612966915,0.0118571108077496,0.0113405912671247,-0.02,0.0012099078213019,-0.0006978925059968,0.0013192121488572,0.0028908908755616,-0.0023624421146895,-0.0123662464053776,0.0025609703575497,0.0009205707938413,-0.0009800062084259,0.241664600000007,-0.0126677018940438,0.0402707910000002,-0.0472360230067093,-0.02,-0.02,-0.03,-0.01,-0.03,-0.15,-0.17,-0.0899999999999999,-0.12,0.09,-0.04,0.02,0.12,1.97,3.27,4.99,5.89,-0.0337200799394062,-0.0108391779420591,0.0021683247351913,-0.0112006058434646,-0.0032868327654878,-0.0041496570147163,-0.0002066250753198,-0.0070439097362449,0.137226503472135,-0.0355224320585146,0.0019508921342312,-0.0020778545325361,0.011538130625997,-0.0017126961758151,0.0057970831576659,0.0005031711316583,-0.0004925307178158,0.0017932107522193,0.0029738815280309,0.0022112630809418,0.001229947646407,-0.0032024048383174,0.0060066195168291,0.0003059182916409,-0.0019455254452438,-0.0004268915643352,-0.0021164023138959,0.0057399356389229,0.0062505837241086,0.0077826303275889
