date,RPI,W875RX1,DPCERA3M086SBEA,CMRMTSPLx,RETAILx,INDPRO,IPFPNSS,IPFINAL,IPCONGD,IPDCONGD,IPNCONGD,IPBUSEQ,IPMAT,IPDMAT,IPNMAT,IPMANSICS,IPB51222S,IPFUELS,CUMFNS,HWI,HWIURATIO,CLF16OV,CE16OV,UNRATE,UEMPMEAN,UEMPLT5,UEMP5TO14,UEMP15OV,UEMP15T26,UEMP27OV,CLAIMSx,PAYEMS,USGOOD,CES1021000001,USCONS,MANEMP,DMANEMP,NDMANEMP,SRVPRD,USTPU,USWTRADE,USTRADE,USFIRE,USGOVT,CES0600000007,AWOTMAN,AWHMAN,HOUST,HOUSTNE,HOUSTMW,HOUSTS,HOUSTW,PERMIT,PERMITNE,PERMITMW,PERMITS,PERMITW,AMDMNOx,AMDMUOx,BUSINVx,ISRATIOx,M1SL,M2SL,M2REAL,BOGMBASE,TOTRESNS,NONBORRES,BUSLOANS,REALLN,NONREVSL,CONSPI,S&P 500,S&P div yield,S&P PE ratio,FEDFUNDS,CP3Mx,TB3MS,TB6MS,GS1,GS5,GS10,AAA,BAA,COMPAPFFx,TB3SMFFM,TB6SMFFM,T1YFFM,T5YFFM,T10YFFM,AAAFFM,BAAFFM,EXSZUSx,EXJPUSx,EXUSUKx,EXCAUSx,WPSFD49207,WPSFD49502,WPSID61,WPSID62,OILPRICEx,PPICMM,CPIAUCSL,CPIAPPSL,CPITRNSL,CPIMEDSL,CUSR0000SAC,CUSR0000SAD,CUSR0000SAS,CPIULFSL,CUSR0000SA0L2,CUSR0000SA0L5,PCEPI,DDURRG3M086SBEA,DNDGRG3M086SBEA,DSERRG3M086SBEA,CES0600000008,CES2000000008,CES3000000008,DTCOLNVHFNM,DTCTHFNM,INVEST
1960-06-01,0.0022112071016741,0.0019349494768725335,-0.001766366362293466,-0.0043708540940977664,0.0031640886766624,-0.007250319726474133,-0.0011449823800498,-0.0011506321089973,0.0019128124615532,-0.0007911780242488339,0.0026474095998493662,-0.006856003604586099,-0.0163380107996886,-0.0275585740781009,-0.0021193770017702337,-0.008399696056670767,-0.0016320934049567002,-0.0007571163491943662,-1.006166666666662,-34.333333333333336,-0.010907787000000032,0.007397911832840699,0.0076177195485615,0.0,-0.3666666666666663,0.014103161032850002,0.017959744558968,-0.0386532936982894,-0.041678233017234334,-0.03512017188594213,0.013559077317757134,-0.0006494980701147334,-0.002296299622415767,-0.0035006156034373664,0.0133804812214938,-0.0051541355580173006,-0.008089339075352066,-0.0009379402780667666,0.0002564504536017664,0.0008983117186698665,0.00014995876386960004,0.0013013621118709337,0.0019837392410520997,-0.0036563437901910335,39.63333333333333,-0.10000000000000002,40.0,7.1458924066028935,0.11797715266432658,0.1499253848110265,6.094107330881333,5.73092801050235,6.915641599802317,0.019498735560536506,0.03984838354993,5.672969336154456,5.666232729261253,0.006735980506071266,-0.011427447893552165,0.0027683032809578665,0.010331126,0.0002383506239086667,0.0005434572067887118,0.0010464706590278666,0.0026787454939333666,0.005509767317070304,0.0037664783427494995,0.0018313226127129663,-0.0014458330112006332,-0.00043499172472340024,0.6652078333333303,0.013301848057847001,-0.04015728733333337,0.008960063366904233,-0.17333333333333323,-0.2266666666666667,-0.2833333333333333,-0.29,-0.21999999999999983,-0.0633333333333332,-0.03333333333333314,-0.013333333333333334,0.003333333333333266,0.37666666666666665,-0.7033333333333333,-0.4066666666666667,0.17333333333333334,0.6033333333333334,0.5633333333333334,0.7566666666666667,1.55,-0.0016874942130177667,0.0006015675260734667,-0.00038036828528,0.010828164949162599,-0.003007539199879,-0.0039920636822385,0.0010804979747235,-0.007630709249442799,0.0,0.0019493232941409746,0.00045060274970479996,-5.204170427930421e-18,0.0011129670885049667,-0.0015117183884636304,-0.0009965129494554164,-6.817259938785013e-06,-0.0013976260866786668,0.0,2.544261098099317e-17,0.0,-4.3952533194333366e-05,6.647255962463339e-05,-0.0006868802579228333,0.0004411994059512001,-0.0014914267983070332,-0.012627772634100498,0.0,0.0029923723044848667,0.0036013819696882002,0.005984489910425766
1960-09-01,0.0004986737129574333,-0.00011734564279920001,0.0019528465536373001,0.0026528030214709995,-0.002539868764589067,-0.005054271951233699,-0.005402202438291866,-0.0038667344477924,-0.0038366648601026662,-0.013343861279656833,-0.0003770346628904667,-0.011504273158163167,-0.0066867505868758,-0.0043566477406551994,-0.006892007997318567,-0.0058522853587339,0.007282299573970333,0.005639739128680133,-0.7683000000000016,-50.333333333333336,-0.017751061666666665,0.0010327071590830667,0.0004983577777313668,0.0333333333333332,0.3333333333333333,-0.011909514667376135,0.008629570326002131,0.04655337152196517,0.039745860455792634,0.05425714095705506,0.031716563308526326,-0.0007429583243088334,-0.0031856523637738333,-0.0018133299638094333,-0.0044758421162667,-0.0029441244343732333,-0.003432461266250733,-0.0022513763954717,0.0005881405853399446,-0.0006884890119227175,0.0010851881532554335,-0.00022051571680670003,0.0027575497031222668,0.0024420133640242,39.36666666666667,-0.03333333333333333,39.666666666666664,7.09710456230543,-0.023226640212663203,-0.03363284031812663,6.032898019765523,5.663953882601796,6.900039294119122,0.05084199470008686,0.010778460214310068,5.588452680885187,5.66864254909854,0.005805354565070534,-0.0014621594039538335,0.0012539199692565,3.469446951953614e-17,-0.00023598821044683305,7.79206380234334e-05,0.006659130175352533,-0.0046673822245944995,-2.9539043249666882e-05,-0.0019349765112476158,-0.0031493061969274333,0.0010471919393661,-0.00014609825251276666,0.5176265000000057,-0.014576546870647933,0.05074208333333336,-0.009734550578604067,-0.24,-0.13999999999999999,0.006666666666666664,0.029999999999999933,-0.09666666666666668,-0.17000000000000007,-0.11666666666666665,-0.06666666666666674,-0.08333333333333344,0.4366666666666667,-0.5766666666666667,-0.22666666666666668,0.13666666666666666,0.7366666666666667,0.8966666666666666,1.3766666666666667,2.1666666666666665,-0.0006340518586555,-0.0022802169147979334,0.0011872126142454668,-0.003341886474397534,-3.3248866622888805e-17,0.0009905901297191334,-0.0010804979747235,0.006587023239383265,0.0,-0.0009760865930295667,-0.0004506027497048,0.0007270086487867667,-0.002244677393781333,0.0014914267983070332,0.0,-0.0008806455214668001,0.0013802642220105,0.0,0.0,0.0,4.2182199461999994e-05,-0.0005552903025494664,0.0002687472332602666,5.8934812357699984e-05,0.0,4.625929269271485e-18,0.001546793185500749,-0.006829574662519967,-0.004214752924462766,0.006526976173793666
1960-12-01,-0.0019790123508028334,-0.002828760150128067,-0.0036657871742866006,-0.0070103982616493326,-0.004319954178458366,-0.011556624059754933,-0.006281710678330434,-0.006678895745726,-0.005052990475705767,-0.019101696802759534,-0.0003774616112702333,-0.011129837761177234,-0.019217017998609965,-0.03441109174106833,-0.0064488289942018,-0.012428305732640832,0.0027895888381091333,-0.0011197692353864669,-1.2210000000000003,-54.666666666666664,-0.03406303933333333,0.0011573921000422997,-0.0024688666007802004,0.3666666666666667,-0.16666666666666666,0.07529426320456241,0.06360143341013677,0.050315027287163396,0.04354006080568793,0.05765968420721293,0.016987966218720733,-0.0029947068893456997,-0.009024173872341832,-0.0101282455422389,-0.011110230761271168,-0.008433694026682134,-0.011473263608616932,-0.0041763028787838,0.00022738901455930001,-0.0023756998332125,-0.0016353670862709665,-0.0016136003971259332,0.0014353776991642665,0.004017757767075533,38.800000000000004,-0.09999999999999999,39.13333333333333,7.074745925678918,-0.09704147221425345,-0.05578848854676663,5.9293920350161,5.698672995292287,6.874467169845446,-0.06437042140511344,0.026214375773040064,5.60669058057836,5.612773759555804,-0.020508962575708733,-0.012333994192455101,-0.004057412818948967,0.0034437086666666335,-0.00023749671765036675,-2.0859720886933343e-05,0.0020738680599867334,-0.0006686729089551881,0.003425089369840833,0.0034595034595035004,0.0027508497526323333,0.0008914852803433332,-0.0015112887169094,0.5737646999999982,0.011887888889693466,-0.04154878166666657,0.014334458117687502,-0.20666666666666675,-0.053333333333333365,-0.07666666666666656,-0.10999999999999993,-0.06999999999999994,0.02000000000000009,0.013333333333333336,0.033333333333333166,0.030000000000000138,0.9733333333333333,0.01,0.3333333333333333,0.6966666666666667,1.45,1.5899999999999999,2.0233333333333334,2.8000000000000003,-8.514755730863331e-05,0.0007183641826632999,-0.0006286959984286668,0.0033758152579103,-0.0009905901297191334,-0.0029571641721153,0.0,-0.0011277333387657493,0.0,-0.004016112838724766,0.00033562681137234664,-0.0007270086487867994,0.003368905553327733,-1.3227775685015252e-05,0.0009847372991438298,0.0026350598357044,-0.0013802642220105,0.0011204492342349332,0.001056524920426386,0.0010982986322842,-0.0001286563935769666,-0.0009524345100014667,0.00028337010649349986,-0.00028474242740493327,0.0,0.0024691470926206,0.0,-0.0016999164605871334,0.0011577859351022332,0.0008229041749477332
1961-03-01,0.005631920654116634,0.004558676561701714,0.0061628323344167,-0.00012607457095373253,0.0025728717999123664,0.0020213749498294332,0.0015805295507722334,-0.00039775360427999994,-0.0007840709643383003,-0.014279887274143319,0.0033802252352752335,-0.0011732745241430666,0.0033502154483204005,-0.0008865861170204999,0.009419288347057601,0.0012234012110380003,-0.0007946460479417664,-0.0011244981398899668,-0.13066666666667,2.0,-0.004738399,0.0014552556341668665,0.0003646640896105394,0.10000000000000032,0.5666666666666668,-0.04023372694510256,0.0018115986619857694,0.0825693369347228,0.08945467386900592,0.07510242458650677,0.009325240841835761,-0.0005152032508899334,-0.001982738050937,-0.0068583206479931,0.005544133349713967,-0.0032494346761341507,-0.005966376549919734,0.00047843082928266664,0.00025562736465486666,-0.0010276879135424,-0.0014045669139183667,0.0008077765874497664,0.0009102144658440667,0.0005423835072407333,39.166666666666664,0.03333333333333333,39.4,7.12220964999286,0.14940542502027676,0.08000154976009007,6.072910988900543,5.728090231546857,6.883998099947733,0.057802064378670026,-0.012849556705746766,5.6038792511754325,5.646451052224317,-0.010183236878203166,-0.0029178960543975335,-0.0036801506259926333,-0.010331126000000001,0.0011789525635563665,0.00028599726766413334,0.0058953949168166,0.0033300310250287,-0.0087494086916453,-0.0070640549363954,-0.0025553638162434333,-0.0001846251628527001,-3.899096295789951e-05,-0.4867004333333311,0.04040666733808223,-0.13584051633333336,0.046184026227577966,0.013333333333333345,-0.06666666666666674,0.04666666666666683,0.013333333333333365,0.006666666666666633,-0.023333333333333265,-0.033333333333333236,-0.0433333333333333,-0.0266666666666667,1.01,0.3466666666666667,0.5333333333333333,0.8700000000000001,1.64,1.7833333333333332,2.266666666666667,3.06,0.0011669480030150666,-0.0005988233352640333,-0.0011775423047150667,0.0016920510106202336,0.0,-6.707597440443654e-17,0.0010840117954592286,-0.003294919744180716,0.0,0.005046510361948967,-0.0003356268113723306,0.0,-0.0011242281595463999,-0.0014781990226220001,-0.0009847372991438335,-0.0008806698209462334,0.0,-0.0011204492342349332,-0.0010565249204264,-0.0010982986322842,-0.00025524859194137116,0.002609613697497767,-0.0011740024955389666,-0.00028142359892946667,-6.649773324577761e-18,-2.713372859626644e-05,-0.0015467931855007667,-0.0024903062245384,-0.005503373848507433,-0.007569564691183132
1961-06-01,0.0064216157169158005,0.0058001553435585,0.0029882716813673664,0.005736824886162967,0.0014901920988385998,0.016512917060743735,0.010866698442948533,0.011326904715148202,0.0153452360675595,0.04473684033391953,0.006660126860324067,0.006594604708359267,0.024881917964628002,0.0384712905807817,0.012311568699479,0.0178287811545853,0.010185507854850067,-0.007593562725213399,1.1534666666666684,29.666666666666668,0.005410252,0.0008240281258154332,0.0007230825354168335,6.47630097698008e-17,0.6999999999999998,-0.003959729789503569,-0.0131277760001251,0.04029734763333467,-0.020560582448959735,0.09685325742646529,-0.047880306308930635,0.0019696069792315,0.0032383674392987664,-0.0011396022495953001,-0.00034381986888739935,0.0040068082533236,0.006235054477222334,0.0009548065089829667,0.0013034870676733336,-0.0005453555115758333,-0.00016341410088126666,-0.001569476047739867,0.0025870004382962998,0.002967435825849967,39.333333333333336,0.06666666666666654,39.733333333333334,7.13525449331505,0.049068004898786634,-0.0346486960883367,6.121404026805091,5.6844729437547,6.9398548063431065,0.03161926448622317,-0.013364819067293266,5.688982167285403,5.715952257461557,0.03092316338285293,0.005881870083149666,-7.117185051500002e-05,-0.010331125666666633,-0.00023861415111556665,0.0002751499555276666,0.006222609306918499,0.0027378661791296667,0.005286388810460001,0.005319148936170266,0.0016984334714139008,0.0014564406995275,5.5496812385266736e-05,-1.0022702333333404,0.007708066597200966,-0.02305377200000007,0.015774671539547067,-0.09666666666666668,-0.04,-0.02,3.23815048849004e-17,0.0600000000000001,0.07000000000000008,0.046666666666666606,0.036666666666666764,0.0033333333333336,1.1266666666666667,0.57,0.7533333333333333,1.2033333333333334,1.8833333333333335,2.0566666666666666,2.5500000000000003,3.283333333333333,0.0,0.0027632782054448665,-0.0009187508426483666,0.005954928878699167,0.0009905901297191,0.001966574042396193,-0.002175120243782277,-0.0022964153176078667,0.0,0.0009716104968462199,0.0,3.3248866622888805e-17,0.0011092633642248333,0.0014587915332662665,0.0,0.0008760408020898742,0.0,0.0011129670885049756,0.0,0.0,0.0003402649096161611,0.0003025556734961333,0.00013821833892653325,0.0005579983134766,0.001446133866199412,-4.3921486015293124e-05,0.001518605511953613,0.005796812181972734,0.004936544396192234,0.0096590740311108
1961-09-01,0.0015449284151399332,0.002856344241700433,0.0020516635456298,0.007050637648822766,0.003977859176617467,0.0064583154351401,0.0041744978950307,0.0030579090332044996,-0.00037504855601673315,-0.012595094679436732,0.0025538676129887674,0.008341170720452566,0.011777433511708665,0.019556801220590034,0.006914607442365067,0.0061166817908042655,0.008380500497913767,0.005710607891097133,0.27736666666666565,43.666666666666664,0.014102413666666633,-0.0031232140792584137,-0.0022909249278247334,-0.06666666666666647,-0.03333333333333329,0.0032432688294553036,-0.029966164281199536,-0.025153349420814666,-0.0175105314776268,-0.031231701809675536,-0.001232242632637999,0.0025285037957676,0.0019992205872328,0.0022753216901331666,0.001258942841285,0.002195543681521533,0.0034732475841643333,0.00042348213837386665,0.0028068562620078667,0.001301316586104,0.0018931964958361,0.0007077780237049334,0.0021832737141433333,0.004118103166978367,39.53333333333334,0.10000000000000002,39.86666666666667,7.213574906089416,0.04938591480988327,0.0035149710588697667,6.210981669956237,5.777527001433596,7.01468290413674,0.007457432584846657,0.021985989263933164,5.749287841528013,5.753505609643951,0.008598750789657798,0.005460088890692667,0.0037513224765076667,-0.0034437086666667,0.00022928321141316662,-0.0002378468689171667,0.0037513548408872666,-0.0007156152850504666,0.0016952433115675419,-5.569789461959985e-05,-0.0016143244463575999,-0.0017493530493357331,0.0005886237583082667,0.020900733333339323,0.008228392926389433,-0.014116968000000037,0.012785997926797832,0.04999999999999997,0.04666666666666667,-0.016666666666666635,0.0466666666666667,0.0,0.0299999999999999,0.0333333333333333,0.040000000000000036,0.029999999999999933,1.2133333333333334,0.62,0.9133333333333334,1.33,2.216666666666667,2.296666666666667,2.7533333333333334,3.4233333333333333,-0.00033189386770136664,0.00012072125139506667,0.002665728832860133,0.008382067563654833,-0.0009995009987521666,0.0,0.0010911084483230667,0.0022964153176078667,0.0,-0.0010143529765182,0.0004450378943231001,0.0007222826950301333,-1.457163049480189e-05,-1.2657667066904741e-05,0.0,-0.0008760408020898738,0.0,-3.7037242801666683e-06,0.0,0.0,0.00023249281405990002,0.0004094884067598,0.00028739389858989996,8.946267153296661e-05,-0.0014461338661994332,-8.595385138199818e-06,-0.004535217351926256,-0.005742533413386,-0.0029768490614999004,-0.0012440690160321335
1961-12-01,0.008232982134525267,0.008425048319398132,0.007607937855085532,0.004984716128434533,0.008417955689994967,0.014358235979340434,0.013305067312831632,0.015248056367599766,0.015404268539928101,0.03866271279369027,0.008966137298008233,0.009600362168649132,0.014962226024137167,0.013862334936316034,0.018822943204462234,0.016984391056448167,0.0048556624351857,0.015490439072631966,1.1493000000000013,43.0,0.024712212333333334,-0.0006652698213341334,0.0018208468321318997,-0.2333333333333332,-0.10000000000000031,-0.023202610126985768,-0.03292858591272817,-0.03923379766873936,-0.03211036964614394,-0.045130934252233836,-0.04011955033466386,0.0029532196345265667,0.004437320792286234,-0.0041485704540314,0.0037485486200694667,0.005023842723377967,0.0060949779363698,0.0035256991940546666,0.0021710140244118,0.0012962560611656667,0.0007742357905818334,0.0024178705265900666,0.002169066664982233,0.0015124042884521,39.96666666666667,0.06666666666666654,40.46666666666667,7.235749978772613,-0.0583781107092835,-0.009456899043069766,6.21847949226525,5.82957572931999,7.043350259230723,0.06541203279809331,-0.011545165554253167,5.768219763789337,5.836431405594503,0.024445410696049635,0.006690221231441601,0.0030825496410671663,-0.010331126,0.0002234041172695109,0.0001653280437986333,0.005683237213396467,0.003216887737724,0.0015583634429981003,0.0015857407358191664,0.0042178131352532,0.0020142685568576,0.0012431545022835,-0.13390093333333644,0.021494255264004267,-0.032780459,0.026870726429120136,0.15,0.046666666666666724,0.10666666666666665,0.06666666666666667,0.03999999999999993,0.0033333333333334333,0.02666666666666663,-0.010000000000000066,-0.006666666666666867,0.6566666666666666,0.060000000000000005,0.3466666666666667,0.7000000000000001,1.4433333333333334,1.5733333333333333,2.0100000000000002,2.7133333333333334,-3.089065482676667e-05,-4.824642218416667e-05,-0.0003083235719725667,0.0038576956749427,0.0009995009987521333,0.0009935427127126502,0.0010911084483230876,0.006579018558518033,0.0,2.0918595293433737e-05,-0.00011164896838183334,-0.0007222826950301333,-0.0021929903660142017,-6.246818027166809e-06,0.0009847372991438335,0.0,0.0013468031790016667,-0.0011092633642248,0.0,0.0,-0.00029667570620916665,-0.0004570170464657664,-0.00010804558380013328,-0.00037225833361746665,2.8912057932946783e-19,-0.001213716320214733,0.004508038638279667,0.004274504896509134,0.0060105013764317336,-0.003975742010095966
1962-03-01,0.0033619336699507673,0.0033600951627338004,0.002681191019148833,0.004840561053012934,0.008452091654923166,0.004296924095542833,0.003962495648567534,0.004692680560931067,0.0021438912533555997,-0.0007377310739298341,0.0028186581729564334,0.0079092229135568,0.0031967125216997004,0.004258542824058833,0.0009221569527953997,0.003935927854891367,0.006971876843653466,0.005715726258979234,0.09569999999999701,19.0,0.014338752666666668,0.0015991565123165358,0.0029860791516321664,-0.13333333333333347,-0.266666666666667,-0.002508453709649028,-0.03781027272732077,-0.05269235507986993,-0.058321684907509906,-0.04801312340764596,-0.008329173840770332,0.0024391755154967334,0.002240316475459633,-0.0017264419037828,-0.0011314787963145664,0.0030776118061126337,0.0045911348178779,0.0009408819168357333,0.0025442944256580664,0.002278801115319667,0.0041032643438224,0.0023650219685453348,0.0019022307663304333,0.0024431148063079667,39.766666666666666,0.0,40.333333333333336,7.2145020654542735,-0.005249452322713298,0.007117708156856434,6.22629437634431,5.828660113056813,7.04714628810763,-0.0412365514420066,-0.00592608200709351,5.800915028354546,5.805041480585776,-0.0092512876312168,0.005364039392727467,0.0062520182392713335,0.0,-0.00023390464396713328,0.0008344239187370667,0.005675908687266834,-0.0039031314992902994,-0.006717659343770467,-0.0050761421319797,-0.0033462474003393993,-0.0005522604913107666,-0.00010161216345083322,-0.08450883333333087,-0.0068063103054407,0.028846203666666737,-0.008310847733191901,0.17333333333333334,0.02,0.04,-0.0033333333333332347,-0.04000000000000013,-0.07666666666666666,-0.04333333333333317,-0.010000000000000066,-0.019999999999999834,0.7866666666666667,0.26666666666666666,0.4566666666666667,0.75,1.38,1.5599999999999998,1.9533333333333331,2.606666666666667,0.0018330298810800667,-0.0001930555505899,0.0006755677968881666,0.0021346150208858333,-0.0009935427127126496,-0.001981197756264924,-0.0010911084483230667,-0.0043860281925038,0.0,3.0609262056998515e-06,0.0003301812998344863,0.000722282695030157,0.001098298632284198,-1.2333117505190552e-05,-0.0009847372991438335,0.0008691878023602334,-5.419745759900156e-06,0.0011019293781665,0.0010432976696425195,0.0,0.00035755198034693336,0.00022334235640966672,0.0005187034822453333,0.00021162560414909152,0.0014094453698403665,0.007084229493506201,-0.0014914267983070354,0.0023115345730702667,-0.0036980257123093324,-0.0046054774630478
1962-06-01,0.0026356534656240666,0.0029639542735013335,0.0020358688295988667,-0.0018847222325296337,-0.0002414958383164332,-0.0003561897572232667,0.004621787422223133,0.004273247943418033,0.002483750334308367,0.004405025296907165,0.0014012078377702668,0.005289459968414734,-0.006062726838721166,-0.010751392052134533,0.0022687626067304,-0.0010690882424463,0.009661784881548134,0.0038743047650059335,-0.3206999999999973,1.0,0.003459895666666666,0.00047305487806310003,0.0008861325555370333,-0.0333333333333332,0.03333333333333344,-0.024717556628439802,0.0161271761087942,-0.0247026573845739,-0.0110149315924858,-0.03633957922093157,0.025018347448849464,0.002217842817938,0.0013404727121736001,-0.0057135187099947,0.0021465362547035335,0.0014423047678254,0.0016140305186192999,0.0011983860764998334,0.002680487382647166,0.0015205070861993,0.0023816640311625,0.0016379470282998666,0.0023940126845470667,0.0036869824531416996,40.1,0.0,40.56666666666667,7.292665554323427,0.0254576595948602,-0.029430869048559835,6.24739500581055,5.947438730404187,7.070117362115364,-0.014007663258283337,0.0258750540101768,5.805966799648712,5.881312426412797,-0.0051402750244905334,-0.008206034949237034,0.004756646480211367,0.010331126,-0.0011400784116807683,-0.0012052570144381,0.005523221623843566,0.0012938552925413668,0.003384298232242679,0.0,0.0034065199553597997,0.0020390102195730333,0.00016829367745843331,0.965179933333333,-0.077968972366871,0.26692529066666665,-0.08683311896496075,-0.056666666666666754,3.23815048849004e-17,0.0033333333333332334,-0.02333333333333343,-0.010000000000000066,-0.01333333333333333,-0.0066666666666667,-0.036666666666666466,-0.006666666666666834,0.5966666666666667,0.11,0.19666666666666666,0.41,1.0266666666666666,1.2666666666666666,1.6900000000000002,2.4066666666666667,-0.0018716472257173996,0.00014471005091198994,-0.0008298365952178333,0.011977336408687768,0.0009935427127126333,0.0009876550435522758,0.0,-0.0022222304527297998,0.0,-0.002029447060681318,-0.0009944221966930334,-1.561693531800026e-06,0.0,-0.0014275539306670335,0.0,-0.0008691878023602403,-0.0013413834332417667,-0.0011019293781665,-0.0010432976696425334,-0.0010840117954592,-0.00023222687987853696,0.00036937192914886664,-0.000730165124242,-3.1250693374999515e-06,-0.0014094453698403665,-0.007096541352906134,-0.0014716727363723,0.005013156767062033,0.003839205493205667,0.005609667870747466
1962-09-01,0.0023034967905915,0.002349931100517533,0.005708067696810633,0.0005758274744346002,0.008299466680525667,0.005649952968711933,0.0052557972057525005,0.004917188804531567,0.003865509130945166,0.0068581909359483675,0.0031298274768114336,0.0058914665941696,0.006417479287598467,0.008630142883094499,0.002778875530604,0.006363693697591967,0.003509022411712734,-0.001052332993602266,0.28613333333332963,-23.0,-0.010627158,0.0030070721414965,0.0025997053977858003,0.03333333333333313,-0.3333333333333332,0.030097116230794103,0.02647123696753853,0.0052108340832756,0.037940878146761836,-0.026632428285480302,-0.006318041336616134,0.0019948337354609,0.002061094440148133,-0.002517352153462333,0.008120986790158468,0.0010722949906304667,0.0014605493115749666,0.0005196966025172667,0.001959958790222267,0.0006240807778497666,0.0004034402942476342,0.0016708766617311334,0.0017530719094948,0.0032801046001378668,40.06666666666667,0.0,40.5,7.264073850420033,-0.06621009827862687,-0.01575096161685019,6.2313823836435835,5.9625790368199665,7.093335622718013,-0.016120357231139932,0.022720883810323205,5.867292984340473,5.93460330858169,0.017437970229178635,-0.0007722845488226,0.005287928818293067,0.0,-0.00022838489953586668,0.0002560829039583333,0.003013495060478367,-0.0019794557146336554,0.0016540964348754333,0.003367003367003367,-0.0019158836210369998,-0.0010179771616713,-0.0008280261203985666,0.3274077666666621,0.013906795486405768,-0.03894367733333343,0.0011154739283881995,0.07333333333333321,0.029999999999999968,0.016666666666666666,0.04333333333333334,0.010000000000000028,0.020000000000000132,0.023333333333333265,0.013333333333333301,0.0033333333333335005,0.48666666666666664,-0.006666666666666668,0.15333333333333332,0.33666666666666667,0.89,1.1433333333333333,1.49,2.1999999999999997,0.0006173412882875334,-0.002691675737858067,-0.0008795079860603001,-0.0033872500864997666,0.002971787885984033,0.0039448192156676,0.0,0.009786034186753367,0.0,0.0010178124956299061,0.0018684713915502,0.002152860013137295,0.002157504835205789,0.0,0.001949323294141,0.0,0.0,0.00109469173373,0.0020768499168786667,0.002164509770182688,0.0014221304282694667,-0.0007566435834656,0.0044342937673854665,-0.0003658050725232204,6.071532165918825e-18,-1.6020249598533518e-05,0.0014716727363722933,-0.007890681545964234,-0.003928593929111067,-0.0016622874556476333
1962-12-01,0.004542931895915766,0.004437511856038966,0.0046106511647158,0.0008969898781175679,0.006863477558062801,0.0017460685267241998,0.0013864557294241998,0.0027775943109175,0.0027836324782162998,0.0042595987503552665,0.0017255065250506001,-0.0006881469179500334,0.0010562272369658548,0.0017690487950035002,-0.0004044612117963334,0.0024418732124994666,0.004162640736072199,0.007982791081076633,-0.03613333333332966,-10.666666666666666,-0.0006214073333333329,-0.0014036887470295332,-0.0012176437498319665,-0.033333333333333014,-0.16666666666666666,-0.003255795298740633,-0.0059248280091927326,-0.008626482662606969,-0.00533344711548026,-0.012192568713309196,0.008795349574874366,0.00029760312436440003,-0.0014882522213106,-0.0068439751424964,-0.002758940872950533,-0.0010293368961923378,-0.0004739769279146667,-0.0018224940607111668,0.0012338636698944333,0.0005636394644561001,-0.0002811340870583666,0.0009227145361970666,0.0023645174128387667,0.0013541971228588667,39.86666666666667,0.0,40.36666666666667,7.360466344884144,0.13164886797231345,0.044006050492753496,6.384265240356499,5.981661380145467,7.104462697410881,0.013246776216503135,-0.011835562818969964,5.864305807547107,5.961138609624608,0.014539518452145567,0.015543922952994414,0.0022172663814436,0.0,0.0018123888239965334,0.0006976630842029,0.0076820028405106,0.005784799587630534,0.005063388497991668,0.0035058488666737018,-0.0015766776047827999,-0.00037079695935381926,0.0004514420442405666,0.5786025333333383,0.02565368037870963,-0.06194125166666666,0.014885706561400265,0.0100000000000001,-0.016666666666666566,0.0300000000000001,-0.006666666666666667,-0.0166666666666668,-0.0466666666666667,-0.040000000000000036,-0.026666666666666634,-0.036666666666666736,0.34,-0.11,-0.043333333333333335,0.07333333333333333,0.6766666666666667,0.98,1.3333333333333333,2.033333333333333,-0.0005478332888235,-0.0005380705512877654,0.0002855001780471667,-0.00027866798334726664,-0.003965330598696733,-0.005923064388939033,0.0,-0.011892868909627234,0.0,-0.005136208450948466,-0.0015376194206328999,-0.0035911988016693003,-0.0021575048352057663,0.0014035108454478334,-0.0029225599952524,-0.0008646783923487667,0.0,-0.00109469173373,-0.0020768499168786667,-0.0010804979747235,-0.0017574493095429001,-0.0004059036464297331,-0.004625125535626667,0.00011997013188760001,0.0,0.0011201343772597606,0.0,0.0018367697597619671,0.0036170944634316333,0.002738955944550099
1963-03-01,0.0017889730864215332,0.0015723020776252,0.00034040624767079996,0.005709362969866433,0.0015299224617439664,0.008255868640610167,0.006172805657432167,0.007859638827185466,0.009226428784354333,0.007671102778525466,0.009839642735506799,0.0013748761236386001,0.0110778465266222,0.0094000806926025,0.011161494466598166,0.006880180871631933,0.010517659941946533,0.015413148016541799,0.31506666666666666,21.333333333333332,-0.0009180579999999994,0.0026661748258405,0.0020054963274205,0.06666666666666667,0.3,-0.006020165575506234,0.026001413035468,0.005877955867023101,-0.0446811855093878,0.053616957465692665,-0.025733254162653096,0.0017327153576622001,0.0002427268736540667,-0.0003294350457571332,-0.0032292441188159667,0.0009436801224117667,0.0012018587180365,0.0005738582944327333,0.0025080411345683334,0.0016262358360012998,0.002594520781788533,0.0021508451266172668,0.0025940468140183003,0.004318460777959333,39.96666666666667,0.0,40.5,7.248389827994316,-0.10165005002795328,-0.01444269225451344,6.297213513641336,6.05092384890673,7.1222010509396725,-0.001446133866196568,0.0026666808890233318,5.909768996647187,6.0392346876672,0.0071180891785746665,0.0242458679475822,0.002366407123931267,-0.006887417333333299,-0.0004586456552733067,-0.00014859224215543334,0.0058396058077686,-0.0051305731910056334,-0.010101783165109767,-0.006872852233677032,-0.0006696360197372334,-0.00043445786642886666,0.000950893246659,0.9599129333333284,0.015746049506777667,-0.042145885666666695,0.0052753356998772,0.016666666666666632,0.0166666666666666,0.006666666666666633,0.013333333333333334,0.006666666666666667,0.040000000000000036,0.02333333333333343,-0.0166666666666666,-0.0133333333333333,0.3433333333333333,-0.06,-0.0033333333333333327,0.06,0.6733333333333333,0.9266666666666667,1.23,1.9266666666666665,0.0009330918016171667,0.00013146192711367035,-0.0003212049000308,0.0006498632704072,-5.958286039516355e-06,-0.0010113114876488,0.0,-0.00014527493510992982,0.0,0.0051362084509484675,0.0003279226367108667,0.0007176177870337002,0.001084011795459229,-0.001403510845447837,0.0009732367011114333,0.002600793428061633,0.0,0.0010911084483230667,0.0,0.0,-0.00014540102110206665,0.0005787316024296,-0.0002813422952787999,-0.00018207590997813329,0.001368927317551116,-1.532161995753308e-05,0.0014398870481720988,0.0010552639771154333,-0.003832405744017133,-0.0057486794602101
1963-06-01,0.0039040981964000667,0.0040675927757925995,0.004617710968350167,0.005116146938602767,0.00180056743891,0.008057556732631766,0.005727846584492533,0.0030261307436491003,0.004020638040221034,0.013841560300934433,0.0003343231337115333,0.0034125831273330667,0.0120377627752259,0.018040437546272433,0.006549126313330733,0.008404559052087934,0.00232999400483,-0.0072824324882095675,0.43850000000000033,-19.0,-0.0011697296666666665,0.0009460634061018665,0.0014716073284830667,-0.03333333333333366,-0.16666666666666666,0.00350880432899577,-0.0018481895532579996,-0.006190211939818699,0.05001463262486793,-0.060217833231085836,7.192658875433283e-05,0.002000377753880933,0.0023831828797362333,0.003823298237086233,0.008942414077714567,0.0012825461506900334,0.0020657853559550333,0.0001563354988404333,0.0018016850585518666,0.0009131215300849666,0.0007393270309628642,0.0005962875463758335,0.0020852567237939668,0.002048855320939033,40.233333333333334,0.03333333333333333,40.56666666666667,7.40172788323499,-0.012527570383013506,0.07560893224350333,6.357779465184197,6.0896397736366294,7.19095169004424,-0.025595714404590072,0.04234541371228997,5.98024506169939,6.04342826854299,-0.012205582102490432,0.009570747421025334,0.003323910591085733,-0.0034437086666667,-0.0006709160265658334,-0.0004950587815084334,0.005766027150174601,0.0019036046843576666,0.0050891573769296,0.0017182130584192667,0.003066189400504,0.0034080213177938665,-0.0008146517336917058,0.47572513333333716,0.02180774567199847,-0.045339789666666706,0.013483282795125465,0.003333333333333402,0.0133333333333334,0.03333333333333333,0.0433333333333333,0.0566666666666668,0.043333333333333335,0.020000000000000035,0.013333333333333334,-0.0133333333333333,0.35333333333333333,-0.023333333333333334,0.06,0.18000000000000002,0.7933333333333333,1.0,1.2566666666666666,1.89,-0.00033129550816995095,0.0038834676535781,-4.76122459506678e-05,9.273427054756665e-05,0.0019960139482075334,0.003983099373632833,0.0,0.007835713132922233,0.0,0.0010209298435154,0.0007628287728701001,0.0007130127495832,-0.0010840117954592,0.001386003382887846,0.0009704034024862,-0.0008714366433640666,0.0013097593799632002,-3.559903384366646e-06,0.0010303975232241872,0.0010735382333474,0.0009978963628618667,0.0003418462397363667,0.0023664654040281667,5.929219736153336e-05,-1.1152188339215256e-05,-7.583427178566634e-06,-1.2333117505183047e-05,0.0049163562031715,0.0041964519226477,0.002000409585171767
1963-09-01,0.0036018762668075673,0.0037076039753417673,0.0022665713608064665,0.0038177172473931008,0.0026017662042020335,0.0026423269786179002,0.003983583362938955,0.0046524473371178,0.0026534486330587336,0.006224579330347267,0.0013339494315712998,0.011672854478653535,0.00032825482759026606,-0.0039241964117799,0.007311138313004666,0.0026462926905176667,-0.002662950015732534,0.004322498181412999,-0.039033333333335994,8.333333333333334,0.0028634236666666333,0.0023419245777927668,0.002576895983017577,-0.03333333333333314,0.06666666666666647,-0.004686661856099499,-0.009125637021840096,0.0006242199077638663,-0.03531619266979353,0.03718045824430257,0.002118340075268699,0.0024559694469813,0.0019217293837699,-0.0013604350503187,0.005402603408951367,0.0010650316854317,0.0012261545074861333,0.0008325532478785334,0.0027331679198496334,0.0016431958158407334,0.0013893691245456332,0.002472156479249367,0.0019507492885939665,0.0040957119086737,40.2,0.0,40.6,7.421028203323863,0.045041955152560036,0.020899531405186498,6.4525655591400435,6.068991011576344,7.205799034467353,0.07656493826714338,-0.013120357960193431,6.01470006380502,6.0540458081229005,0.0108791444509091,0.0028415864477118334,0.004764745538570467,0.0034437086666667,0.0004388852949155332,4.675158470523331e-05,0.005429306586157967,-0.0013124980845401334,0.0016537554486767668,0.0017182130584192667,-0.0017507838836629335,-0.0028770432396989665,0.00016264663186226673,0.8595828333333307,0.012779031807445667,-0.034765122666666634,0.003949540565953033,0.1633333333333332,0.16666666666666666,0.13000000000000003,0.14000000000000004,0.12333333333333328,0.04999999999999997,0.029999999999999968,0.026666666666666398,0.0,0.3666666666666667,-0.036666666666666674,0.08666666666666666,0.19666666666666668,0.5833333333333334,0.7033333333333333,0.9566666666666667,1.5066666666666668,-0.0006635804660636999,-0.0003142744379740333,-0.00029773071642420003,0.0004632847630181001,-0.0009965129494554333,-0.0009935427127126333,0.0,-0.0044780686506358915,0.0,0.0009931749751389068,-0.0014161134005993999,-0.0007130127495832012,0.0,-0.0013860033828878334,-0.0019351894112743838,-0.0008646783923487743,-0.0013097593799632002,-0.0010875485449387047,-0.002054463868880842,-0.0010735382333473952,-0.0007892496720252333,0.0012931598881286332,-0.0028156500347817,0.00017850754870806667,-1.0971950210263726e-05,-0.002244677393781367,0.0014093426253026682,-0.008771568560383332,-0.0033628180336299335,0.001953790950885534
1963-12-01,0.005154809727731767,0.004986141184233767,0.006236539885576167,0.0051169821728075,0.0092174716058402,0.0032743296253481004,0.0045883208419053,0.004263338915170767,0.0045926771101303,0.0045138228307487335,0.005280173894803367,0.007776587573519567,0.001962769467765133,0.0042485779592655,-0.0013278187783229665,0.0039285475053018005,0.0092317130414803,-0.0016557426970328333,0.06226666666666839,42.0,0.009874452333333332,0.00026330560754906675,0.00019063400990289997,0.0,-0.29999999999999966,0.015184714351658066,-0.0032814046782589346,-0.019916006102160832,0.0045440495966859685,-0.043914694016809065,0.013441633946023067,0.0016486254795892998,0.00017104543341929997,-0.0004911190214773667,-0.0030146630977393334,0.0008071543271454332,0.0012575241717733667,0.00015587249913846658,0.002411788478884867,0.0015186055119530333,0.0032632950908422337,0.002585011954436033,0.003266221016234,0.002819797577629367,40.166666666666664,0.03333333333333333,40.666666666666664,7.3941414123686435,-0.06551622602803003,-0.06597069100768997,6.376468644928259,6.087700133181137,7.24257736812708,-0.03264184572343667,-3.23815048849004e-17,6.0875041123972835,6.05343507686925,-0.0065498430846204665,-0.0004961943309691666,0.0038139241238764,-0.006887417000000034,-0.0010905635735166334,-0.0006347178711312,0.004427292531914233,0.004850887409052234,0.004766749132081567,0.006664583984171548,0.003712679726847067,-0.0007431018738303,0.0015904907967616334,0.5855953000000037,0.005985741035751166,0.013462798999999871,-0.0040745157077898995,-0.03333333333333333,0.0266666666666667,0.0466666666666667,0.053333333333333365,0.08000000000000003,0.02666666666666667,0.016666666666666535,0.013333333333333334,0.0033333333333332334,0.4533333333333333,0.043333333333333335,0.17666666666666667,0.27666666666666667,0.5533333333333333,0.6666666666666666,0.8799999999999999,1.3866666666666667,1.544711679843333e-05,0.00030214649701586666,-0.00014300525763646685,-0.00012347965813863334,-0.0009965129494554001,0.0,0.0,-0.0078323877169687,0.0,0.0019307143970133,0.0014065609062992469,-2.457524924300477e-18,0.0010700918767493665,0.0,0.0019267876384996966,0.0008580013317242333,0.0012945000087992169,0.0010770068604822334,0.0020449961891719974,0.0010632651227000215,0.0005565585563620479,-0.0020212806519257,0.0023835825480712333,-9.137320354153334e-05,-1.0796046488742964e-05,0.006579160946107133,-0.0014333857105217,0.0031829853738401335,0.0034083923556777,0.002141814506362748
1964-03-01,0.004255729068238,0.004644107764204534,0.004584082351892767,-0.0009251203267837323,0.0021985694804680335,0.005173171882409566,0.003239932125764467,0.0016245203285779669,0.0009766255771789,0.0,0.0009806091220071335,0.0110220676011941,0.0077375059849111,0.0067554326245932,0.008938028215395633,0.004848027170226,0.007079201782884533,0.0033033015765737673,0.11599999999999966,0.6666666666666666,0.0011978876666666333,0.0024154528369841996,0.0026768823533451333,-0.03333333333333314,0.06666666666666633,0.0016868183312051671,-0.025400959496804668,0.010427699460221568,0.010784321483922004,0.010051012723562732,-0.0276706217436799,0.0031003132913133002,0.0016035513695330996,-0.0016423091195330003,0.004618515430146666,0.0012282164542789667,0.0015741863180576,0.0007264427947824,0.0038681768153043332,0.0042846979851507,0.0017147794318669333,0.005911952306252133,0.0028766809247384333,0.003977438860110433,40.0,-0.03333333333333333,40.46666666666667,7.403571304009641,0.03436516967566007,0.03410853732089011,6.403300483086123,6.006544706650133,7.206964689686637,0.025094353473516712,0.026868010804876736,5.994766833232517,5.9719937722221035,0.02053548194119573,0.0155418808989669,0.004207937732621933,0.006887417000000034,0.0010834572681629334,0.000395024813909,0.004911412181558334,-0.004882689360655966,-0.008150365288054734,-0.008425968224963132,-0.004984173775572166,0.0004116482553875667,-0.00044362482461756666,0.8791246999999963,0.020184413705122133,-0.039055451,0.013153357785085066,0.016666666666666736,0.0133333333333333,0.006666666666666633,0.020000000000000035,0.03333333333333327,0.03333333333333307,0.029999999999999933,0.010000000000000068,-0.0066666666666665335,0.48666666666666664,0.06666666666666667,0.21333333333333335,0.3633333333333333,0.6166666666666667,0.7166666666666667,0.9133333333333334,1.3666666666666665,0.000863898049989222,-0.00047121797445636663,0.00019066004642823335,0.0003394590550901333,3.3248866622888805e-17,0.0009965129494553995,0.0,0.010080946345775365,0.0,0.0008514266016988002,-0.0007578359149825334,0.0,-6.826754049333676e-06,0.0,-0.0009620016297115333,-0.0008580013317242333,-0.0012945000087992333,-3.4686271348333187e-06,-0.0010209298435153666,-0.0010632651227000334,-0.0002893958244725667,-0.0005369070488881667,-0.0009616042511821667,0.00026448431114216666,-5.333376000466889e-06,-0.0043861705800929,-0.0014035108454478334,0.00048535815208339993,-0.004060030253461634,-0.0037578349135056663
1964-06-01,0.0051889924313618,0.005418368143825,0.007076051099661001,0.010967218785668335,0.0074756469857887664,0.008238701284711132,0.0076486189296486665,0.008641837627927801,0.010236848302072032,0.014106697819855601,0.008700827342934767,0.012464976309478166,0.008804509805240732,0.010342332171256899,0.012172778737999332,0.007924937184018833,0.014941562611223867,0.0035960520693022664,0.36383333333333256,53.0,0.019736878666666666,0.0014591718842584332,0.0021983782753410334,-0.06666666666666667,0.03333333333333329,-0.0121848708267637,-0.004478347701089598,0.002556739923770035,0.0031065773162674746,0.0019743394343739,-0.0193702383907078,0.0018487307255939,0.0016128105347287666,0.001150465436559167,0.0023384449646351333,0.0014552840351124,0.0014246557997404667,0.0014997568805951,0.0019692866799782666,0.000804459391779,0.002296329051281,0.00027412972355789965,0.002022732127537967,0.0020055385534216,40.300000000000004,0.06666666666666667,40.766666666666666,7.3049745203339755,0.02236209773879003,0.013890898800190066,6.34550072335879,5.839090891036406,7.155333982763686,0.0025348664617400687,-0.033006919733619904,5.98137366071989,5.9068929746461025,0.015521347258304723,0.017977504270591634,0.0044327305895238,-0.006887417000000034,0.0002115148736544,0.0005437010851772667,0.0052720228839389,0.0017991027699390209,0.0032598307983581726,0.0033249581239530993,0.0023395092257811694,-0.0006936598707053668,-0.0013862965751781336,0.48284393333333736,0.0060363822632822995,0.0030829676666667,-0.0039482497001281334,0.023333333333333265,3.23815048849004e-17,-0.02000000000000003,-0.0533333333333334,-0.02666666666666667,-0.04000000000000017,-0.016666666666666566,0.010000000000000066,0.0066666666666665335,0.44333333333333336,-0.013333333333333334,0.11666666666666665,0.37000000000000005,0.5833333333333334,0.71,0.9166666666666666,1.36,-0.0008870689936352202,0.00027784635106053724,-0.0004649250615136333,0.00012335399653523333,0.0009965129494554333,-3.3248866622888805e-17,-0.0010875485449387047,-0.005698144453100033,0.0,0.0008376911168346338,-7.302924198696425e-07,0.0,-3.3248866622888805e-17,0.0013577751292118334,0.0,0.0,0.0012845231053300666,-0.0010735382333474,0.0010178124956299335,0.0010598843057931667,0.0002657502755981,0.0004334734473294333,0.0007662228188136333,-0.00014990202009009998,-1.0540017813501975e-05,-0.0011054418210754337,0.0013860033828878998,0.003994217210804466,0.003467602222318733,-0.0008399202270083667
1964-09-01,0.0050630089288367,0.0052232943325692,0.0030567632836789997,0.0090064730552696,0.009431103942693133,0.005587255139329833,0.0015718365304622,0.0022047999461126335,0.00031562731655756664,0.0,0.0003180608574511667,0.0070877211522773,0.0124885104689718,0.017144282069924202,0.007838580358064147,0.0065157124644214665,0.0030305068922839664,-0.0042546013083801,0.2501333333333331,19.333333333333332,0.010251572666666665,0.0011754908916596666,0.0017291603374657335,-0.0333333333333336,-0.30000000000000027,-0.0031171082400534007,-0.0036265090250457988,-0.044192246204690804,-0.0550107266715976,-0.03308498603178033,-0.012418827912769733,0.003893420401557933,0.004391230698097067,0.00027333608201049985,0.0025324591579801666,0.0048885308355733,0.006615509723076199,0.0023651700855496,0.0036388866739471334,0.0032838174803811334,0.003193187293931,0.003499054461836767,0.0018926003055605666,0.0040093004551735,40.333333333333336,0.06666666666666667,40.86666666666667,7.331559087579417,-0.04342173161263337,-0.014905612927266868,6.34984225751126,5.90137524170865,7.163581151161534,-0.03038405655189,0.035244064596283466,6.030957311744096,5.828068897442616,0.0071884051968916325,0.017108542012265332,0.0054062667803490005,-0.0034437086666665993,0.0012524458436467998,0.0004272290332233334,0.0071838612965852006,-0.0006681117225932008,-9.473285399119967e-05,-7.389162561573469e-05,0.0006412960775620665,0.0007060705775526,0.0013514265149563332,0.5883573333333344,0.012915354199946568,-0.013597659666666635,0.002746719316317,-0.0166666666666666,-0.03666666666666663,0.0166666666666666,0.040000000000000036,0.003333333333333202,0.020000000000000167,0.010000000000000066,0.0033333333333332334,-0.009999999999999768,0.45333333333333337,0.04,0.16,0.31,0.5966666666666667,0.7366666666666667,0.9533333333333333,1.3666666666666665,0.0003396791869903,-0.0010257137949742001,-0.0012908794102111665,-0.0014832693428243667,0.0,-0.0009965129494554164,0.002175097089877433,0.012409780589451939,0.0,-0.00013930702697113306,-7.270012254305909e-07,-0.0014094453698404667,-0.0021265302454000997,-0.0013577751292118334,0.0009592332758717333,0.0008557985017486001,-0.0012845231053300666,0.0,-3.098368553900062e-06,-3.3593853667666525e-06,3.91583819995e-05,-0.00021221105246620005,0.0003273898840115668,-0.00011934972408932467,-1.5500631653490398e-05,-0.0021645554054209666,0.0013574963292839002,-0.006965822810003634,-0.0026835120014254334,0.006474776635335767
1964-12-01,0.005699178010774567,0.005857248271727933,0.002339069296170367,0.007427894562740798,0.005123195310924067,0.009407339770372801,0.0104942018786717,0.0120213469800802,0.012358695333611766,0.025118688758813134,0.0072294574310780004,0.014296220871178966,0.007975800521017535,0.0101073845825213,0.005667710654816467,0.010879434599297398,0.0030032030235256336,0.0026247643109766996,0.6010333333333333,31.333333333333332,0.011819850333333368,0.0007949761300499,0.001128712434460592,-0.033333333333333326,7.401486830834377e-17,-0.006123629006013767,-0.012381491468330735,-0.016390638805620868,-0.0096196094873268,-0.023256523518374667,-0.000413114859071001,0.0029185586988992,0.0027962414937938666,0.0022329413893320336,0.006454501062361666,0.0021292722303704,0.0020839913665995995,0.0021958460615856003,0.0029811535531447998,0.0032799201496794,0.003278600600569167,0.003938829648711533,0.0012949571881260334,0.0037596293492073002,40.53333333333333,-1.3415194880887307e-16,40.96666666666667,7.311811128417207,0.1090372646205466,-0.06734220929109323,6.351962582116907,5.757442371296388,7.102826932616903,0.009543937558109766,-0.05700482862642353,5.96507230078042,5.721145633772786,0.010423131357052667,0.015073852549066432,0.004454141329691879,-0.010331126000000001,-0.0012713249129694332,-0.0006843381186231334,0.004345096828502033,0.0022453537930443,0.001411349945640967,0.0030867121384362574,0.0045648990529997,0.0006420387403841144,0.00017097271500553322,0.17350839999999357,0.0021907628996374003,0.01743322299999997,-0.008070283475529001,0.13333333333333322,0.0933333333333332,0.10333333333333343,0.08999999999999997,0.059999999999999776,0.0033333333333332993,-0.006666666666666769,0.0066666666666668,-0.0033333333333335664,0.48666666666666664,0.10666666666666667,0.25,0.35333333333333333,0.49,0.5966666666666667,0.8533333333333334,1.2333333333333334,-0.0003396791869902333,-0.0020660486396908997,0.0008611414907844007,-0.0004648785096387999,0.0,-0.0009935427127126392,-7.0505702152046795e-06,-0.008960194765158566,0.0,-0.0072352779009471,0.00010503425992126668,0.002113423104221748,0.004232861112375734,0.0,-5.489182194427961e-06,-0.0008557985017486001,-1.9081958235744878e-17,0.0,-3.079562024633301e-06,-3.3381569702666558e-06,-2.211741167721638e-05,0.0005280342416768332,-0.0004883360008656,0.00017379135815519999,0.0012995468052190667,0.004277031436821933,5.777894077537334e-18,0.0017990737359454333,0.0036520642927371665,-0.0037910460557775
1965-03-01,0.003879142214323967,0.004055470575367533,0.0086576100414716,0.0035510297446475006,0.0012138509432476335,0.010020879312659766,0.010174903178092,0.009845028656399668,0.008681457059257667,0.019084153812610565,0.0043250114940056004,0.009381722717761833,0.010062856936161733,0.0136518022161224,0.00490624053412795,0.009960647928869934,0.004748457389139,0.0019555112267721666,0.4248,51.666666666666664,0.022979225333333336,0.0021888546956762667,0.0029708414419401335,-0.09999999999999987,-0.2333333333333333,0.005927838496224232,-0.008949083345396068,-0.030778789998406428,-0.0052971224455450605,-0.05937817681324611,-0.0201048805482452,0.0032489539096355,0.0029865968839921666,-0.001632389811494667,0.0008238084720382332,0.003627568157379267,0.0044711084433277,0.0023836794871450336,0.003383095988658233,0.0034429495324198,0.0034528310942472337,0.0037360393059806003,0.0021082290937531668,0.0037843041375247664,40.766666666666666,0.10000000000000002,41.3,7.24800767618983,-0.028339497922589874,0.04528692235878007,6.365138157554983,5.65327372872252,7.106245457276374,0.004008064322266701,0.0013201337387001623,6.00345904974131,5.694995065374613,0.016302947408913002,0.016983580680043634,0.008208995519367998,0.003443708666666666,0.0006162814275641333,3.559433201576667e-05,0.0059798876372901,-0.004062425068545633,-0.004662080658246634,-0.0064102564102564335,-0.002657489871465,-0.0002335048139312667,-0.0010848867596150002,1.0299905000000067,0.0112038963733738,-0.013611793333333266,0.0010011615344298664,0.06666666666666655,0.0699999999999999,0.030000000000000065,0.016666666666666632,0.013333333333333369,0.020000000000000132,0.0100000000000001,-0.006666666666666867,-0.009999999999999768,0.3233333333333333,-0.08333333333333333,0.006666666666666668,0.03666666666666667,0.16,0.22999999999999998,0.4466666666666667,0.8133333333333334,0.0021864059788621,0.0015242044980855664,0.00021493821271336666,0.0020098077367184,0.0,0.0009935427127126335,-3.491114241266618e-06,0.0022296627169322678,0.0,0.002614392487008567,-0.0001074000795062667,-0.0007039777343812582,-0.003169595989675733,0.0013360071325128604,3.3248866622888805e-17,1.4456028966473392e-19,2.934573880194099e-17,0.0010598843057931667,-0.0010116345650514,-0.0010531867634561282,-6.221991864259996e-05,-0.00038846403181570587,0.00027450622498946677,-0.00014740014591859132,-0.0013245878098759338,-0.0021567269066972,-0.0013912328136336455,0.0010470828721226,-0.0040869491949375,-0.004124656235370933
1965-06-01,0.004163741713008167,0.0043393179600421,-0.0007410404561043332,0.0029046484455565002,0.0059177860272648,0.006612715157621434,0.005263076846298866,0.0064043879942060665,0.0020622890302480334,0.0048035807955111,0.0012253840768245,0.0125498670903606,0.008665995369987134,0.009154979098014599,0.012690816353201134,0.0065726802191554,0.003518279510858733,-5.782411586589357e-19,0.0604333333333359,52.0,0.0236539576666667,0.0020805175802678,0.0027616135640968664,-0.03333333333333347,-0.13333333333333366,-0.009132991396038266,-0.006542571826813633,-0.004214131138392164,-0.015615657765596166,0.009158085184082869,-0.0088514594022418,0.0037947929585406665,0.0037569205785245668,-0.0021341286064829,0.0038855245677004,0.004072132570983667,0.005992746853115333,0.0012106550838547334,0.003814143777553567,0.003876012665039933,0.0038478165959123997,0.0051195545595656,0.0018628526769843999,0.003906424024897533,40.699999999999996,-0.03333333333333333,41.233333333333334,7.291547285060727,-0.009227809582806834,0.0675804652675632,6.3308976140063535,5.59657873775125,7.092487981238,0.009168881929946667,0.06557009808201637,5.970086479479576,5.56568710088118,0.00016111909385923355,0.014452714464770965,0.0062415136950052,0.006887417333333333,-0.00021157118870713336,0.00011848855617203342,0.0020894192840753335,0.0023004349037562336,0.001517811458461367,0.0015720390720390914,0.0004949065027840335,-2.0148943914700018e-05,0.0005685093238583665,0.6976377333333309,-0.006943483346287134,0.04412364233333336,-0.0182221985884409,-3.23815048849004e-17,0.0,-0.04333333333333344,-0.04666666666666667,-0.0233333333333331,0.0,0.0,0.013333333333333334,0.0233333333333331,0.3,-0.20333333333333334,-0.14333333333333334,-0.05666666666666667,0.07333333333333333,0.13,0.3666666666666667,0.7433333333333333,-0.0007913006777571962,0.0008673022178671,-1.1937376524033292e-05,0.00036971997505120006,0.000976086593029583,0.0019493232941410002,-6.914983732883862e-06,0.007434509782607466,0.0,0.0008097607687315329,0.0010541610057065334,0.0006980805343714667,-0.0010432976696425529,-0.0013360071325128665,0.0009402003954663667,-0.0008580013317242243,0.0,-0.0010598843057931667,0.0009995009987521333,0.0020833401150571335,0.0005415613004133333,-0.002466388082686933,0.002425913999645067,-3.0415591560766663e-05,-9.749296832666388e-06,0.0020479145921339,-0.0013522668985381332,0.0038485832575603667,0.0027434371841673667,0.0018832768685971334
1965-09-01,0.011684172046912467,0.006175493885694466,0.0121189350595614,0.0036667287172627663,0.007333160976737433,0.005364710206922699,0.0060372007278286,0.006850091776882533,0.0046662215590668,0.004996802085534934,0.004254044975863467,0.012094463522492965,0.0035681281997246334,0.0057935284817279,0.0038822728461123004,0.006167158836766401,0.008920652126813101,0.0006487462924937003,0.033466666666664646,65.0,0.03362340200000003,0.0004029171690061668,0.0012226756546513335,-0.10000000000000002,0.10000000000000032,-0.005889075908722366,-0.05326087703535177,-0.02372542615596493,-0.034499026136302305,-0.011955304396165536,-0.003546403217237565,0.0043652067058713,0.004613348902111,-0.0020926331188201,0.004142095021961734,0.004956720826483467,0.0065127005251444,0.002608098369176233,0.004238358482630467,0.0029868532564609335,0.0028962660587226337,0.003058684714420767,0.0026597423567882666,0.006840853790675267,40.666666666666664,0.0,41.13333333333333,7.300114786435227,-0.008289355526003198,-0.013570395019003497,6.385453545773086,5.531469445396589,7.120956775742994,0.007663172741566801,-0.00217156034039657,5.99310831041763,5.553638001920163,0.003829200358157534,0.013927949823134033,0.006884779919387733,0.0,0.0012032526666769,0.00047515367070970004,0.0069419806417337,-0.001195178482335,-1.422343595763644e-05,-1.1564823173178713e-18,-0.0018364653414471002,0.0004450627646037427,-0.0004592643243791666,-0.629842166666671,0.0165917364905376,-0.031028882666666636,0.008907311658238999,-0.010000000000000267,0.0,0.040000000000000036,0.0700000000000001,0.07000000000000003,0.0333333333333332,0.0266666666666667,0.019999999999999865,0.020000000000000132,0.3033333333333333,-0.20666666666666667,-0.10000000000000002,0.01,0.12666666666666668,0.17333333333333334,0.42333333333333334,0.8166666666666668,-0.0012561037932409477,0.000494813366053973,0.0005248405688566324,-0.0018217512499293332,-2.8498919181589133e-06,-0.0019493232941409668,-0.0010700918767493667,-0.009607361176905633,0.0,4.262056825966633e-06,-0.0006349532947400074,-0.0006980805343714667,0.0010432976696425334,0.0,-0.0018939444891437,0.0008580013317242497,0.0012507832061833333,0.0010565249204264,3.3248866622888805e-17,-0.0010432976696426004,-0.0008064574264069666,0.002512596116239,-0.0037797010153231667,0.0004297283314835334,-9.601858920499825e-06,-0.0020639900826404,0.0013306737565124324,-0.006051472000970966,-0.0033019264995743664,0.0019465327461517228
1965-12-01,0.0028121435106414996,0.007840890403855334,0.0051785675547822005,0.013675961434804734,0.013674664770604134,0.008845344857977866,0.010653848965411434,0.009468062234618933,0.0054573350821759655,0.012299777184416735,0.0027063033909765,0.017954795407375965,0.005951598477635067,0.0015628949304340332,0.009074895435178301,0.0093129112831409,0.0008497079284405666,0.011159705169753198,0.31850000000000034,115.33333333333333,0.05549913199999997,0.002633791569500367,0.0036089682931639334,-0.10000000000000007,-0.16666666666666666,-0.0416254525369561,-0.0011648235499244323,-0.0350189931529347,-0.008985269996176099,-0.0649193739449876,-0.02987651638803437,0.004479977836117133,0.005449885850695733,0.0035715608591502003,0.008524599770699567,0.004903642031119734,0.005676950367135366,0.0037260988629477664,0.003982796945914834,0.0033656611424692667,0.0025151446481157668,0.004762397411531266,0.0024100638643877333,0.005151195919652267,40.76666666666667,0.09999999999999987,41.266666666666666,7.326349748344107,0.0651415939307931,0.07419646038993356,6.35203842688156,5.532069272328477,7.170050018675696,0.011174230679546433,0.07219538358935,6.081190521031263,5.53950918219503,0.027817031115982733,0.01937713072846847,0.0056720029669220665,-0.010331126,-4.004294064156663e-05,-0.0002047620747953568,0.0047031117100123,0.005456316085477453,0.008887210853326,0.0076781100036914,0.002239201419110767,-0.0011110425753609666,-0.0010716598756049668,0.278630700000009,0.008650845338753033,-0.003611085666666567,-0.0017428744320513335,0.10000000000000037,0.09000000000000001,0.15333333333333318,0.15999999999999992,0.1733333333333333,0.15666666666666665,0.11000000000000021,0.053333333333333365,0.0366666666666665,0.30333333333333334,-2.3129646346357427e-18,0.16,0.2966666666666667,0.34,0.30666666666666664,0.4466666666666666,0.7999999999999999,0.0,-0.0011094038023316,0.0006429951268657001,-0.00018582180170903287,0.0009535509373882855,0.0019157140851893651,0.0,0.007232900228205733,0.0,-0.005923317741887133,0.00030947129512260346,0.0006937220679414619,0.001043297669642547,-4.336808689942018e-18,0.0009402921138804095,0.0008624411883169592,-0.0012507832061833628,-6.655286127685868e-06,0.000984631843679633,-6.449885998494429e-06,0.0010402079372959668,0.0021875087988828664,0.0020503451298898,-6.19057991775e-05,-9.457740451819692e-06,-0.001027222179136,-1.0540017813501975e-05,0.0017011905017779334,0.003502419502323067,0.0014347363281910005
1966-03-01,0.0042390938185299,0.0042361289454516,0.006938754490224067,0.006865087558652534,0.008967363559665466,0.0099430784182441,0.007368505869906533,0.008137496303223168,0.005089045869502267,0.003006067209872667,0.0059367688122882,0.012225443867912867,0.014175776106849433,0.017214329541065734,0.0093349308864551,0.0098486196058528,0.0081139259632293,0.0015648565935717327,0.35809999999999803,94.33333333333333,0.04970190066666667,-7.991050062253339e-05,0.0005823225051179333,-0.06666666666666667,-0.10000000000000019,0.0196068677623309,-0.017159184198413335,-0.040845449384005,-0.0500202315252443,-0.029728542835403732,-0.0463240596757184,0.004621072462795633,0.0056877268640421,0.0008188000514411666,0.0014647745849909004,0.006753784394823201,0.008811085689384733,0.0035871700700274996,0.004071764289744667,0.0030377779233016996,0.0033353002719221335,0.0024566315559339,0.0023927636499377,0.006071927914622533,41.13333333333333,0.03333333333333333,41.6,7.230295687238747,-0.09132327019593318,-0.07235483507927697,6.277412376391073,5.499042143523063,7.120832262075133,0.0,-0.03317653178234326,5.996030527398436,5.452200623290697,0.022688517950284065,0.026958000663438966,0.009538823921642932,-0.0034437086666667,-0.00042814363686303325,-0.0006901785192703769,0.0023039442934207,-0.0071824819790634,-0.011959429221633964,-0.012388811488586367,-0.0029066279797624332,0.00031799885137806673,0.0004236070117666999,0.27066973333332706,-0.010520778063396435,0.05419625133333323,-0.022891995621708367,0.11333333333333336,0.18666666666666654,0.06999999999999999,0.07666666666666667,0.0833333333333333,0.06666666666666683,0.08333333333333343,0.08000000000000017,0.10000000000000016,0.41,0.053333333333333344,0.21333333333333335,0.37333333333333335,0.36333333333333334,0.21333333333333335,0.25666666666666665,0.61,0.0017633669762178999,0.0008920525589906999,-0.0008218252246830667,0.000123892710340308,-0.0019267876384997,-0.001915714085189333,0.0010531867634561334,-0.008157148764844333,0.0,0.0033841238213393374,-1.0766037849366741e-05,-5.727327657622321e-06,-3.2552242279493267e-06,0.0025940468140183332,-1.049141802085974e-05,-3.3248866622888805e-17,0.0012322872937753334,-0.0010498696342986999,-0.0010022960991794,-9.526213759455024e-06,-0.0003871303106464667,-0.0022141211581855,4.418282028803335e-05,-0.00014616492761967915,-1.3923407338200093e-05,0.000999500998752167,-0.0013201337386989644,-0.0008365104367881335,-0.005151823838451387,-0.008425262643760267
1966-06-01,0.0024493480765723666,0.0029374804558503667,-0.0020601922894210338,0.00035432353053959964,-0.002737649971531799,0.005253438240787633,0.005885650931221166,0.0068944709635114995,0.002515680715669675,0.0007470499173816899,0.0032208355803502995,0.010005171978507433,0.005100983104298534,0.007321097104958833,0.004119042233904867,0.0057197510881935665,0.0098042292819449,-0.004398154531835767,-0.022633333333331663,-21.666666666666668,-0.005501641999999969,0.0025300564222252,0.0026995541775450666,0.0,-0.4666666666666666,0.0260911257608261,-0.014649773377263866,-0.0682907941052837,-0.08377147609363533,-0.05096922386255367,0.0167858170322728,0.004812748402002833,0.005089157376929133,-0.0010374868451362327,9.742315817776644e-05,0.006319034763286266,0.0079387361860566,0.0037906808864261,0.0046699674978724,0.0037785455560132666,0.0034659696079200665,0.0043044450029725,0.0026010875552679,0.006483486788472533,40.96666666666667,0.03333333333333347,41.56666666666666,7.145743983905693,-0.045810011013393194,-0.07947034114833328,6.243565011900227,5.37779781360378,6.96292686016956,-0.09711726711358,-0.11177004048034667,5.892369241411903,5.285447066838817,-0.0017713286545439331,0.021392563346712603,0.011325521177292066,0.013774834666666699,-0.0011809305473272668,-0.0010811389568056,0.0007797274510572334,0.0021820429791545,0.0014781990226220001,0.0030651502980593333,0.005326946372389794,0.0007458349145115666,-0.0007197065881451334,-0.04477399999999898,-0.010747472640307001,0.05353021933333333,-0.022217982127019236,0.16999999999999993,0.09999999999999991,-0.030000000000000072,-0.0433333333333332,0.0,0.0166666666666666,-0.020000000000000132,0.050000000000000135,0.0866666666666666,0.5133333333333333,-0.32666666666666666,-0.18000000000000002,0.02,-0.016666666666666673,-0.13333333333333333,0.08999999999999998,0.5766666666666667,-0.001863751139444554,0.0003744331572909333,-0.000644583907219,9.288932297353335e-05,-0.0019047670878128001,-0.0009483173774104261,-0.0010531867634561616,0.001984132842431761,0.0,-0.0008712301177819336,-0.0007284770877813221,-5.6335330422836025e-06,-3.2349739504944353e-06,-0.0013144547116297819,-0.0009298006958595482,-0.0008624411883169668,-1.7956867608255885e-05,0.0010335925594161153,-0.0009818367432523666,-9.352218580633426e-06,1.3910253371233363e-05,0.00040867531479123344,-0.0011023762256408,0.0007541886267923999,-1.3616835857799934e-05,0.0019373755619661003,0.0,0.0037007460601253,0.0031307729008863,0.0011993808052889994
1966-09-01,0.005002360020170533,0.0033078004112424998,0.0064368954335376665,0.0022007942039708995,0.0058298302866634,0.0051719254076118,0.0034292814831119,0.004432498154585966,-0.0005572415686675667,-0.009590352403436433,0.0034779871713722,0.010365838707875467,0.006764793998816433,0.0092820643285149,0.0044325018564332665,0.004862827330307633,0.002939413390358867,0.013327920678390101,-0.09136666666666766,-33.333333333333336,-0.0017161416666666672,0.0017973759735531003,0.002204989106343033,-0.0333333333333332,0.13333333333333333,-0.019159968521435335,0.0059373919213665015,0.00900020060616893,0.051577866758375,-0.043270537173996836,0.001487413467237102,0.0027546226529502667,0.0015527269251259333,0.0026148197495186667,-0.005401011763688335,0.0028636578045487665,0.004674044414901534,-3.3248866622888805e-17,0.0033741656595591995,0.0022677618254546335,0.0022943975932682333,0.0022049900804953335,0.0021335202812483,0.0048866494702283336,40.766666666666666,-0.06666666666666667,41.26666666666667,6.987725284476894,-0.06557009808201669,-0.017957663313383165,6.07970614495231,5.124371887359433,6.7551372268825,-0.08307193054132998,-0.04027882438108996,5.669472428627493,5.009987554041833,0.00833731893832023,0.019309996631179733,0.009999729494989966,0.013774834333333366,0.0017504712450652328,0.0011899986219982334,-0.0008256506216657,0.0010214571205864331,0.0057842523723471324,0.007603368103556667,-0.007122033776952634,-0.0017053225962394998,-0.0013340538540334334,-0.8144059666666603,-0.0335915899272049,0.14192403899999997,-0.043664754073346135,0.07666666666666667,0.12666666666666668,0.29,0.37999999999999967,0.2833333333333334,0.17666666666666667,0.12333333333333334,0.13999999999999999,0.16999999999999985,0.38000000000000006,-0.36666666666666664,-0.08,0.09999999999999999,-0.02,-0.27,-0.09000000000000001,0.4566666666666666,0.0009639824564439001,0.00012088794394786667,-5.97467932509e-05,-9.288932297349995e-05,0.003782706327231534,0.0018833343532799005,-0.0010335925594160999,-0.0009965129494553667,0.0056594455114725994,0.0008579783271321001,0.0007103930187470999,0.0013481019238924,-0.0010368074714640666,0.0024869263155891668,0.0018365519369898168,1.9804759684068547e-17,0.0011837614518420336,-0.0010335925594160925,0.0009647860087881667,-9.182947267483144e-06,0.00022739632995336667,-0.00012656811837470007,0.0007180302245434668,-3.908973033706669e-05,-1.7696139591248775e-05,-4.2502369564633196e-05,0.002544541618357033,-0.0068594266316649,-0.002858633652372966,0.008307649165643267
1966-12-01,0.0033401302069435332,0.0023660543119662,-0.0002321855720895666,-0.0041243399609326,-0.003695688659159766,0.0007685328438406334,0.0036550133651670666,0.0043743296839578,0.004433487086450133,0.003058929267560467,0.004866000581640267,-0.0013057717076992333,-0.003491556775952259,-0.008078190729881933,-1.0331672517833087e-05,0.0012674135430962334,0.0039669705804788,-0.004588887993607234,-0.40726666666666095,-9.333333333333334,-0.01823205100000003,0.0025540901791511667,0.0021362506529095,0.03333333333333333,-0.19999999999999965,0.005738107904754801,-0.020813001085095966,0.0,-0.009456899043071836,0.012946611105421163,0.040095087402256396,0.0028547691215662333,0.0009100014751813333,-0.0010870165619909333,-0.004886649470227733,0.0020807855625891666,0.0019358796093810002,0.0023114799357438665,0.0038501076175864336,0.0026958910509768,0.003213759836518367,0.0024620464082041665,0.0026755996498177333,0.005765037586437867,40.733333333333334,-0.09999999999999999,41.13333333333333,6.834215436700263,-0.00918331725608023,-0.0377270315743366,5.982108055452916,5.00129680727191,6.605741361464947,-0.017208121801769966,-0.07133702258364667,5.58082084224104,4.884373884253977,-0.023040321054673168,0.006463559351739533,0.010269404044928833,0.013774834333333366,-0.0011689082697366332,5.0089867338333365e-05,0.0016264105844176,0.0025290466134476335,0.0012486492734190998,0.0011920636844869662,0.0004229576946528332,-5.004270625503333e-05,0.0008669595253767001,-0.2729570333333417,0.014748331516615034,-0.06178080233333317,0.0083189450349093,3.3306690738754696e-16,0.03666666666666667,-0.13666666666666663,-0.24000000000000002,-0.20666666666666667,-0.16666666666666644,-0.11333333333333334,-0.03333333333333353,0.029999999999999902,0.4366666666666667,-0.35333333333333333,-0.15333333333333335,-0.12333333333333334,-0.35333333333333333,-0.56,-0.17999999999999997,0.5733333333333334,-0.0003852585127937334,-3.630774169671023e-05,9.558972953873333e-05,0.0020991611017532,-0.002818231353299167,-0.0028129562152881663,0.001033592559416115,-0.0010738870814247664,-0.0056594455114725994,2.2372040318138545e-06,-0.0006141002459768038,-0.0006917732461706998,-0.0020387423391453247,-0.002538769945878949,-0.0018365519369898334,-0.0008557985017486001,-0.0023980918780090997,0.0,-0.0009647860087881702,-6.030181056427992e-06,-0.0003564314842243667,0.001486800840537733,-0.0009691975284746001,-0.0004815326038758334,-0.0012055468233962336,-0.0019378933818359999,-0.0038047825649923195,0.005133937623381733,0.0051351159399507665,0.0030869440998415334
1967-03-01,0.005522891338260334,0.004105341619986534,0.0020684824488436332,-0.003343497225550033,-0.016570152791002737,-0.004116899493820234,0.0022657699875976663,0.0013037705542750999,-0.0004361479725746334,-0.014759161103354268,0.005201353884914567,-0.002501424366839067,-0.014024460217110799,-0.017676641896500634,-0.007495442805918,-0.004464225459127533,0.015365668814285032,0.0014212262350389668,-0.8361333333333346,-30.666666666666668,-0.007704241666666632,-0.0013641127148791698,-0.0013136930825504,0.0,-0.19999999999999965,0.0008417512890647663,0.05131963562861097,-0.03755772083470443,-0.027481223070358166,-0.05138355994241924,0.062255439820529536,0.0016879738865765333,-0.0013507276736858663,-0.0021299326995904335,-0.0028248756636574997,-0.0010759279937021667,-0.0014205640275820333,-0.0005283001850285999,0.003225757299989633,0.0020012275358596665,0.0015953348260288002,0.0017946794640254999,0.0038638176174471336,0.0041496143538364665,40.333333333333336,-0.06666666666666667,40.666666666666664,6.986202890102134,-0.09651533529661314,0.03649474428056333,6.110247343983313,5.103476716585257,6.8581988425848195,0.04340487999951007,0.11431491704227674,5.79347358538579,5.1110321015884494,-0.014684190229836835,0.00028660893326026664,0.007016787563577699,0.006887417333333299,0.0022854660246274,0.0011268145605998665,0.005709376306637467,-0.0068165041005672335,-0.012757442594198165,-0.013173486624814067,-0.0001972485888082001,-0.0005297498386675334,5.029512524616671e-05,-0.48059779999999835,0.031609806209050205,-0.09523693499999997,0.0289818410764789,-0.2900000000000001,-0.2533333333333337,-0.2333333333333333,-0.2833333333333333,-0.2833333333333333,-0.15333333333333332,-0.10000000000000003,-0.0866666666666668,-0.10999999999999986,0.6266666666666666,-0.31,-0.30666666666666664,-0.21999999999999997,-0.16333333333333333,-0.24,0.2966666666666667,1.0566666666666666,0.0007162250777276334,-0.00036237486002002866,0.0007398924227408668,-0.0003386751934691333,0.0009402921138804333,0.0009323121276855036,0.0,-0.0021895088512527,0.0,0.0008624411883169994,-0.0004052685402967334,-0.0006766572277534426,0.0020387423391453,-1.7825788572503255e-05,0.0,0.0008557985017486001,0.001171647369148149,-1.4166908387143924e-17,0.0009564808093176333,-0.0009995009987521333,-0.0005244895669901667,-0.0015287548921900666,-0.0004254229528354667,-0.0002520479097025683,-3.3248866622888805e-17,-1.0853697584399871e-05,0.0012602409466352666,-0.004738648584310066,-0.006864956728575715,-0.0021444107072156
1967-06-01,0.0016520482600986665,0.0019162294659758334,0.005085426776633939,0.0019758662187908,0.009160965062365033,0.0001658101450227664,0.0010989252606052667,0.0004479188841923004,0.0001373805813844996,-0.005747361529830933,0.0022920780869323336,-0.0008147740702994668,-0.0012020533772757664,-0.005689357465977333,0.0025657548778988664,-0.0006849389812254666,0.008697425615557166,0.0096975921348691,-0.48236666666666433,-0.6666666666666666,-0.012543892333333367,0.00408864616531562,0.0037865604373781003,0.03333333333333333,-0.19999999999999987,0.02392110173148923,0.005327358446189166,-0.010878976437674099,0.020208207272145166,-0.0607738522646517,-0.038941574071524036,0.0011172060021564668,-0.0024114879290196337,-0.0031376666320464333,-0.0026447092251403333,-0.0023868230570649666,-0.003073340194730967,-0.0013002978274545,0.0028767301835846333,0.0011640100293206668,0.0007042256140496334,0.0015313542482366,0.004794677850306,0.0039830107732079,40.03333333333333,-0.0333333333333332,40.4,7.099113092416347,0.1198851906922898,0.06384607063295654,6.2077498123589505,5.3127691741078324,6.99568880263109,0.0910135074862799,0.07005211859579993,5.951697834107674,5.320057186921473,0.026561092616544133,0.008852000820247367,0.0027564076181854336,-0.0034437086666667,-0.0009930437809592334,5.661886602376659e-05,0.0052596308630867665,0.003666749971270196,0.007095362118629533,0.005722566067393666,0.00206654562418,0.0008174840716331334,0.0006986942899291,-0.10119036666666666,0.0074097604568334995,-0.023765634666666664,0.006115675502845666,-0.18333333333333332,-0.19666666666666655,-0.24000000000000002,-0.11,0.043333333333333675,0.1566666666666666,0.15999999999999995,0.10333333333333346,0.10000000000000013,0.7266666666666667,-0.33,-0.13,0.25666666666666665,0.7666666666666666,0.8300000000000001,1.2733333333333334,1.9900000000000002,-0.0012486141125830667,-0.0002414646209194423,-0.0006085012875523,-0.00046238505587920003,0.002812956215288133,0.0037585833270214037,0.0010368074714641,0.007459933458472667,0.0,0.000844951867729367,0.0020080382011268333,0.0006503049959033,3.3248866622888805e-17,0.0011710398206004,0.0009119932729581334,0.0008492573595994955,0.0011512424028829388,0.0010025070213182552,0.0009482862784951667,0.000993542712712617,0.0008847858360812999,0.0002215457395798666,0.0015348430794545666,0.0005952296079572,0.0011716473691481416,0.00183603019899362,5.3487307175951555e-18,0.0049110091669118,0.0033017191118395327,-0.006875910779990067
1967-09-01,0.003533529067502967,0.003417968977119033,0.002581593102758,0.0034613583104210668,0.0070938794518458,0.0050246367694406,0.0034489810053467333,0.0018692076431497664,0.003392289952772567,0.007159294831867367,0.0020135502917308,-0.0023884294302656656,0.007464763842062033,0.006440770169229302,0.006791954918051999,0.004786119949374666,-0.0168200414284714,0.0063293824664248,-0.001566666666665717,-1.6666666666666667,0.0034062736666666342,0.0023299596633599,0.0025749128925311,-0.03333333333333333,0.033333333333333326,-0.007317608212822201,0.004499505890298533,0.0199293061263243,0.016729914841285037,0.025653680378709243,-0.0232029415646616,0.0020922791073664333,0.00021438197480346641,-0.0085711805748261,0.0050674939675037,-0.00033702187895969974,-0.0019929845202059336,0.0022602216969911,0.0030173627776121665,0.0021363469649161334,0.0018918912253677667,0.0031354482210410334,0.0045132862288035,0.0025622328227831,40.266666666666666,0.06666666666666654,40.56666666666667,7.242169341204967,0.12337524722095357,-0.002044996189170034,6.301430113598123,5.5522703707343695,7.11283800613505,0.02417548135608677,0.05693924410415654,6.017228105208363,5.496181367711487,-0.010911020766791098,0.004286023273683233,0.0052823588000550335,0.0,-0.0006074445240361,-0.0006672258516158665,0.005330288291384033,-0.0005736514969131995,0.0027066639689176664,0.0027523158252097993,-0.0035321620632728992,0.00034877646410894737,-0.00032816853663140006,-0.330821599999998,0.0155978038288156,-0.04137562333333333,0.017161281459684333,0.0033333333333334333,0.1166666666666667,0.2933333333333332,0.35666666666666663,0.253333333333333,0.1300000000000003,0.09333333333333353,0.07000000000000008,0.0833333333333332,1.08,0.4066666666666667,0.9433333333333334,1.2333333333333334,1.42,1.3533333333333335,1.7233333333333334,2.436666666666667,0.0020016843454425,0.00010864850472930002,-0.0008968776151068999,-0.0016079190114625334,-0.0028129562152881663,-0.0018805546749344516,-3.2149120479999945e-06,-0.00426669215323,0.0,-0.0008449518677293667,-0.0010144954884142164,-0.0013123376531131257,0.002980645791887167,-3.353496232233697e-05,-0.0009119932729581226,0.0008300073170528203,-0.0011714781493352038,0.000981625821113475,-0.0009644749739323332,-1.1705969460272496e-05,-4.826078252761738e-05,0.0007623771916461667,-0.0005628854926689,7.222748683006665e-05,-2.02357464523442e-05,-6.0553764339966835e-05,-9.540979117872439e-18,-0.008988905445658434,-0.0025997866848138664,0.009983720006003068
1967-12-01,0.0034649850560134333,0.0030972607341480337,0.0035452574641770002,0.013869210428197234,0.012068559242520033,0.0110081462753085,0.010131839547172101,0.012883716559697467,0.0168481502174066,0.037298552200595435,0.008662892391755867,0.0091731807263701,0.012230748433741367,0.0113318619123257,0.018364324359682566,0.012169048897167732,0.0274476698885316,0.0031316018833511,0.6466333333333313,22.666666666666668,0.0005766616666667013,0.0028961025328282253,0.0027451422498684336,0.0,0.06666666666666633,-0.010357214556584598,0.009183317256076998,0.026451886174166134,0.004629704053555767,0.06180107444378773,-0.008107665046739635,0.003687486251402867,0.003986778709683933,-0.0013647238442209665,0.0031035915252738,0.004299453782812366,0.0059133469815186995,0.0017686043259429332,0.0035405701938379663,0.0029375517393622,0.0011532389447790339,0.004412675398668833,0.004031451644179833,0.0031966452138049665,40.333333333333336,0.0,40.63333333333333,7.2738983322824895,-0.1216436415952501,0.0284905769346766,6.35513413628351,5.523816479218264,7.1680054952806564,-0.004140839999519867,-0.0036934819255230664,6.098449164843693,5.558537841841956,0.04033815886362647,0.009873923694212167,0.005108214082992367,-0.017218542999999933,-0.000209108867747,-0.00024089670704530012,0.0025363501555736665,0.003887326619596334,0.0024446998714437,0.0011491887070769335,0.0051345191839973665,0.0007279929736831668,0.00013607579505090008,-0.12690520000000066,-0.0017790843342083325,0.005436608333333333,0.000695430567300967,0.17333333333333334,0.18666666666666645,0.18333333333333335,0.17666666666666667,0.15666666666666654,0.1166666666666666,0.13333333333333372,0.18000000000000002,0.17666666666666633,1.13,0.58,1.0966666666666667,1.39,1.5266666666666666,1.47,1.8533333333333333,2.5500000000000003,-0.0018858752439985,-0.00018094700368610563,-0.04856355999541817,0.0015462191809609335,0.0009272143206255666,-0.0009324015403537,0.0010176959653766333,0.005326576459023167,0.0,-2.3129646346357427e-18,-1.1705969460272496e-05,0.0019323725614418669,-0.002980645791887167,-4.061326027971051e-05,0.001787314380461694,-1.6750839639242374e-05,0.0011239100674374331,-0.0010022960991793906,-7.890573526717995e-06,-8.60004214094564e-06,-0.00048124548670936676,-0.0018392907778815332,-0.0004858702930949,-6.496370439247402e-05,-1.5692182157763287e-05,-0.0009433215545994666,0.0024154695069224293,0.005552282942249533,0.004970944648997333,-0.008027153379683702
1968-03-01,0.007181854151194566,0.0059916634495061,0.007997796262467834,-0.0019409856707183666,0.0057933133175278,0.0018721752560482668,0.0012427417505178335,0.00044560042460379986,-0.0007569977744183663,-0.005413263644431467,0.0014633264640080332,0.004631556784442333,0.002754457071484426,0.005171014321238634,-0.0030402751390713333,0.0012511702611807333,0.010558502453841101,0.0022885837320021003,-0.28060000000000196,32.666666666666664,0.028475768000000002,-0.0009994882456847,-0.00041541825615593313,-0.0333333333333332,-0.03333333333333297,0.007142401613029367,-0.053321549897559606,-0.0271967654413047,-0.02629798082322103,-0.028537917574330596,-0.026260292617704902,0.0019623241838318665,0.0012380362693349288,-0.0013131243609428003,0.004257694403205433,0.0007757955402590333,0.0006338572109670333,0.0009996437338462667,0.0023175235977112,0.0014717847702883002,0.0022421255173223,0.0011801657273243,0.003148638020875267,0.003025568268865767,40.199999999999996,0.0,40.666666666666664,7.282199091479391,-0.02139771921302013,0.018319628093586532,6.38323391499554,5.670853384745193,7.165634745630389,0.07103107182023648,-0.026062473190596805,6.0917298871166,5.6029842203595805,-0.0025153852808657007,0.0053313781358556335,0.0053698543916696,0.010331126,-0.0002000274543776001,-0.0005394143154292,0.0023671285188647004,-0.004968632311720168,-0.008000384033180966,-0.0107433217189315,-0.004048288160264567,-0.00011477486139543009,0.0004951257357366998,-1.5022528666666704,-0.022460905309201532,0.08241662766666667,-0.021110073722170764,0.18000000000000024,0.0266666666666668,0.06666666666666686,-0.053333333333333434,-0.0433333333333332,0.0033333333333332715,0.013333333333333456,-0.0266666666666667,-0.0266666666666667,0.79,0.26333333333333336,0.46,0.6866666666666666,0.8433333333333333,0.8233333333333333,1.3399999999999999,2.0433333333333334,0.0010481704205274334,0.00015682641102366667,-0.0009155228393675115,0.0013854913033148001,-7.673507599115227e-06,0.0009220844976301668,-0.001033476029162825,-0.003203383961706508,0.0,0.005089157376929432,-8.60004214094564e-06,-2.941782133521487e-05,0.0,-3.1492591391252236e-05,-0.0009019663610896272,-0.0008364084988573259,-3.064429635200438e-05,-1.1433340766130376e-05,-1.0317042723550097e-05,-8.450692323247466e-06,0.0005552207531032,0.0015245637487785,0.00047359076573763316,0.0003291185875814667,0.0010865110121916334,0.0025910005099794007,-5.974709922499964e-05,0.0022873108775775335,-0.0036410880599327,0.0007683324610345666
1968-06-01,0.004766359434741533,0.0046633398023085,0.003899355588293567,0.0040146059252161,0.006782570362943233,0.0054221771383858,0.0031274715905290997,0.002683908675667233,0.0032611104917214004,0.0077395882138084,0.0015195460060679334,0.0025656628078936333,0.008913221492076967,0.008762169074844067,0.014647489732055265,0.005212673706683667,0.0012874288127968333,0.0057737259719811,0.07476666666666665,21.0,-0.0006968249999999657,0.0036600611724851,0.0035321642276831,0.0,-0.19999999999999998,0.020362563993279164,0.013335111537899869,-0.03289050916901016,-0.0326418457234361,-0.033263156869457265,-0.0027434997121721003,0.0030079099567844668,0.0021780188493221333,0.0081931971720023,-0.002468781343891833,0.0029572678699487,0.0026132145553698,0.0034988500911149333,0.0034134876626789,0.0028489124495649667,0.0033091941973749667,0.0039662640695491335,0.0024976701311588,0.004056731705126367,40.36666666666667,0.06666666666666667,40.699999999999996,7.28210188313781,0.0650435050288435,-0.018319628093586636,6.36829551474909,5.66821385309668,7.165740210854544,-0.05742374031348336,-0.015411065013069871,6.1051831784449995,5.599577045222887,-0.015492266286030334,-0.0014041353741157,0.007521045700321667,0.0,0.0010324076932442304,0.0005257419508266334,0.0019669524502189,0.0024082048382550666,0.003913939292227833,0.0080168369642054,0.0015859475039861667,0.00046540212914973335,-0.0003254754169071333,-0.21240706666666642,0.04017021092219273,-0.11204463333333332,0.0384286544728781,0.3400000000000001,0.20333333333333345,0.11666666666666632,0.10333333333333335,0.13333333333333366,0.030000000000000193,-0.006666666666666997,0.056666666666666636,0.0733333333333335,0.09666666666666666,-0.46,-0.32666666666666666,-0.03666666666666667,-0.12,-0.23666666666666666,0.2733333333333334,1.0433333333333332,-0.0021306232799703667,-0.0001930276018017727,-0.002104111383618133,-0.0024051908238934337,-7.547540068366728e-06,-7.589182379866826e-06,-3.098368553900062e-06,-0.0031796743489196267,0.0,-0.0026590129560365348,0.0009535509373882855,-0.0006545138300526324,0.0019493232941409668,-0.0011510935305869298,0.0008736710142424453,-2.0422896929000087e-06,-2.9829820891924628e-05,0.0019156175118852162,0.0009044040905782619,0.0009454388942068009,-1.0845627736333306e-05,-0.00023502300513466667,2.4705914435299988e-05,-1.6843238854033324e-05,-0.0022222304527297282,-0.004368782501766867,-0.0011963009489225666,0.004252269692670334,0.004093717283687033,-0.004269960562108833
1968-09-01,0.0051257175046970005,0.005004352936729433,0.0035276720485839332,0.0020669262177743005,0.0013401087518331994,0.0016780092982874,0.0032228157074170663,0.0035031346546033995,0.0044812620902069,0.0048275840949659,0.0042362685438881,0.003287331278622567,-0.0008103259255407667,-0.0063808173034460005,0.009927578996782033,0.0008033340830451,0.0022048571934899664,-0.00011073146140816506,-0.30426666666666313,73.33333333333333,0.06268407033333337,-0.0011056401955104,-4.3757739713133365e-05,-0.10000000000000002,0.0999999999999998,-0.044863384657588136,-0.014613068374806906,-0.0256536803787094,1.312607430155784e-16,-0.06826480421533777,-0.0045069155986154005,0.0028301572621795665,0.0018811354623574667,0.0030558316079875663,0.0091892427271182,0.00043859655450619994,5.421010862427522e-20,0.0011269203577543333,0.0032921181099082666,0.0037693391006901333,0.0027619752417417,0.004506212827331266,0.005042026470758733,0.0022172416221668666,40.4,0.033333333333333326,40.800000000000004,7.326981249100871,0.06826480421534006,0.007449099563999933,6.424309098827304,5.64050248412353,7.235121625146406,-0.022046600834849866,0.0716359459973266,6.217378325893377,5.706573534727507,0.015503901682295798,0.0037933499498231335,0.0055368987264697,0.0034437083333333333,-0.0009126016503486666,0.000257751785635,0.0028654383846689335,-0.003416457351516833,-0.0026343471898392997,-0.0027413934534677663,-0.0013551982298887664,-0.0010628485327419332,0.0006298034110070667,-0.18255489999999466,0.0026428945851690346,0.0053303736666668,-0.0018755487679429663,-0.09666666666666666,-0.14333333333333306,-0.10999999999999965,-0.13000000000000014,-0.17666666666666683,-0.12333333333333307,-0.08666666666666671,-0.10333333333333361,-0.09333333333333338,0.01666666666666667,-0.7466666666666666,-0.6466666666666666,-0.43333333333333335,-0.4166666666666667,-0.48333333333333334,0.13333333333333333,0.9199999999999999,-0.00025566235230836676,-0.0024395837081048,0.0003911707629688,-0.0012091349350851334,0.0008946958834881672,0.0008971033467353091,-6.140488230347464e-06,0.0042195923976812676,0.0,-0.0016141505413464002,-0.0009757646443641875,0.0005914901644786237,-0.0019493232941409668,0.001090619413343,-0.0008898312312542667,-8.069168916319893e-06,-0.0011272990279507158,-0.0019377035369609666,-0.0009219199643429963,-0.0009672728361690701,8.042696907530002e-05,0.0007829310352832666,0.00011737127588769992,-0.00011959881371777861,0.0032310430685532003,0.0016877673188489001,0.0022829499265083074,-0.008027422826404633,-0.004336309438565766,0.011087186155941767
1968-12-01,0.0034262192544277335,0.0033560123833122333,0.0015732325055979,0.004239995910995866,0.012539579070742464,0.005996253200311466,0.005032458105752767,0.003311617761918233,0.004557054767694233,0.014968274953247665,-0.00021903799189983315,0.006583595408608933,0.0074101270954721995,0.0110425616411264,0.0006511019006791331,0.0068232987638147885,0.010384438896601433,0.005822900574895467,0.22349999999999667,41.0,0.015433821666666667,0.0025475792636785997,0.0026413998955660666,0.0,-1.249000902703301e-16,-0.001524558902856299,0.008012192609413665,-0.022046600834848402,-0.08026267176463929,0.06412396421581854,0.014513602761096431,0.0036980408137967332,0.0033624684290038003,-0.0012189729896533,0.006587641012063834,0.0028731107266104666,0.0038078652976771335,0.0014033138885303665,0.003860922107794667,0.0033096497938463003,0.002739277661702833,0.0038112302484395997,0.004664917429037001,0.0021477027875574997,40.333333333333336,0.0,40.86666666666667,7.36641603356117,-0.0652481923753667,0.0063841440715867,6.511499550777796,5.749965388982257,7.255024073486536,-0.0145583545008865,-0.07268913276078354,6.242892285674626,5.764778475101903,0.0015554654400134341,0.007494725589433901,0.005446427724105934,-0.0034437083333333333,0.0008120182659606666,5.917889259463334e-05,0.0031342588328291,0.0059693421135209,0.0036587698259915665,0.0012373397196028342,0.003860873665865367,0.0006109664975205335,0.0008577436289786997,0.5101038999999996,0.016686191298280865,-0.036162130333333334,0.0108845892080347,0.0799999999999997,0.11666666666666649,0.25666666666666665,0.27,0.24666666666666667,0.21333333333333315,0.19000000000000003,0.16000000000000034,0.14666666666666694,0.04666666666666667,-0.33,-0.22666666666666668,-0.08,-0.13999999999999999,-0.14666666666666667,0.32666666666666666,1.11,-0.0001162750148413333,-0.0012071479059830668,-0.0004470897923456,0.0,-0.0018066891564463,-0.0018115986619856,0.0009934343812247164,-0.0061864738331260825,0.0,0.0016023964141772668,0.0009269162452832334,-2.339615201086646e-05,-0.0019267876384997,-4.32872324915105e-05,-8.972271196361695e-06,-0.002434120034479133,0.0010560815651580334,-1.0670251872126115e-05,-0.0009045686238654134,-1.3151370966324663e-05,-0.0004653552888576001,-0.0020860892660409997,-0.000517023251725,6.085354622696667e-05,-0.002174518148126867,-0.0016877673188489001,-0.0023181432257367743,0.005298363091376,0.005674299341867067,-0.0019948573003067
1969-03-01,0.003354171859974967,0.0031066905431546,0.0033344163241567667,0.0017506188025612265,0.0032974152373478004,0.0067399263289019,0.0066052586834087,0.005864088022688532,0.0068165820426117005,0.0008127769663349667,0.0092854100854058,0.0077831144834062,0.006764188823469834,0.0071407229113466,0.0105905220043265,0.007219142659477467,0.010521251098528866,0.0014287106235147335,0.29023333333333295,60.0,0.0175915856666666,0.0025740476325151664,0.002547397435817367,0.0,-0.09999999999999953,0.016190615796973434,-0.012740404273399472,0.0018939444891436993,0.06768256243702382,-0.0986834407074322,-0.018022407090092202,0.003147637885275467,0.0028762376710211334,-0.0018368586183343,0.004973115936069867,0.0026689892286668334,0.0035893256491879998,0.0012114448149365,0.003279193068089233,0.0024730466885453,0.0021286311140115664,0.0031947566347684335,0.004501193678224834,0.0022975392510323667,40.333333333333336,0.0,40.666666666666664,7.424190668130947,0.08327059946545658,0.006264166449786816,6.488883054486457,5.650302459282076,7.288798857542857,0.041896071721166495,0.0489637066048202,6.246650713563743,5.736464417470361,0.012021613434110165,0.006303788511655567,0.0075369750234539,0.0,-0.0012037761465257,-0.0011437668357755,-0.00020943286271626663,-0.007373087370678367,-0.011099966819747868,-0.010091699073407265,-0.0028923190849869996,0.00011086434714106671,-0.0008410288807952334,0.122132000000003,-0.023333138032784365,0.07974128766666663,-0.03134971110087333,0.25666666666666665,0.21666666666666665,0.019999999999999796,0.03333333333333353,0.04999999999999966,0.09666666666666673,0.08999999999999957,0.13333333333333344,0.09333333333333312,0.09000000000000001,-0.47333333333333333,-0.32,-0.20333333333333334,-0.2333333333333333,-0.38999999999999996,0.13333333333333333,0.8099999999999999,-3.101352191789535e-05,5.9693122566666674e-05,0.0010469239536393,0.0011472345944553667,0.0017873143804617,0.0017921190121266998,-2.9615677374341277e-05,0.008192646755470434,0.0189924782475135,-0.0024183902937239,0.0009037180713081486,-0.0006217905132501756,0.007560724572700701,-4.1627640807566684e-05,0.0016940753840257695,0.0056006506286385,0.0010159512080845105,0.0018286204793600163,0.0017683507432310868,0.0018288357387604114,0.0008729881372273666,0.0023289152217407334,0.0010692194602515334,0.0002852068044051333,0.0010203249964523436,0.0072906916062227675,-1.49647953216167e-05,-0.0022664014149747337,-0.0054149521670149,-0.009838761967788967
1969-06-01,0.0032470256753071667,0.0034628998258027003,0.0023018904125045665,0.0010173814436770332,0.0029779622116740674,0.0007496010159871331,-0.0018483636156229669,-0.0020525360379532,-0.0036326800401155664,-0.002348789771217633,-0.0043257431730185335,0.004508701828150234,0.004612468988309667,0.001123110676130367,0.005686782667099234,-0.0007224754612279666,-0.0013179814930627334,0.0025432198769208664,-0.39563333333333167,-31.666666666666668,-0.028707987,0.002558453445342233,0.0022029491377596666,0.03333333333333333,-0.06666666666666667,0.0124491562572005,0.012323476972848533,0.013871627078544902,0.013949036645166802,0.013719357497835797,0.005249452322712965,0.0034675840370301998,0.0024457462213434574,0.00022318938452413326,0.007824005009331567,0.0014696154421525332,0.0016638241121249666,0.0011607133858456333,0.003961473724546667,0.004458726942564967,0.0036851753232974003,0.004637332330249867,0.004539245200470833,0.0035247874667885663,40.46666666666667,-0.03333333333333333,40.800000000000004,7.342628588618023,-0.021746840622800065,-0.051679199281826606,6.392294549992183,5.84905825038485,7.223880260747887,-0.06182537784748996,-0.0426939292856533,6.164608541303406,5.839813395958196,-0.008565321482932365,0.0100397206133884,0.007125205568007266,0.006887416999999968,-0.00033973150037169814,-0.00029955329604190007,-0.002207026380978533,0.0013810378533992338,-0.0010850573207674661,-3.469446951953614e-17,-0.0012393835005193332,-0.0018360972427903333,-0.0006356676394319666,-0.09018783333333613,-0.0005375261528997982,0.011766177333333303,-0.005777370279745532,0.7033333333333335,0.47000000000000036,0.14000000000000015,0.19666666666666677,0.2333333333333333,0.11333333333333333,0.09000000000000001,0.04333333333333347,0.06333333333333356,-0.7866666666666667,-2.13,-1.9833333333333334,-1.7533333333333332,-1.7966666666666669,-1.9733333333333334,-1.4400000000000002,-0.7399999999999999,0.0012228453349974334,0.0006569420562619,-0.0003067570422021,0.0008346862696714334,-2.8295346847192134e-05,-3.309997851215843e-05,-0.0009905555994437385,0.0007636505821852329,-0.018992478247513465,0.002234645240730067,-0.0009551687225184334,0.0005736063339595001,-0.0046962898086626995,-0.0010833593647010397,-3.2210787417764494e-05,-0.0031898170053835002,-0.002125988758765146,-0.0009447694475387922,-2.3146058582822406e-05,-0.0009470377726343333,5.045040692559997e-05,-0.000786086264517,0.001139116707959767,-0.0004947962736734333,-3.8107577733296566e-05,-0.0033920116851590006,-1.457163049480189e-05,0.006155931545992001,0.004371782142066233,-0.00018807101654693252
1969-09-01,0.004759750670299733,0.004786720406316366,0.0030308900769733,0.005295816874509001,0.008631976493955867,0.0024459368911709336,0.0012065456594559665,0.0021241042880266333,0.002641129698477866,0.00024356266331423382,0.0036520563160440667,0.005332742987340366,0.004419602084009966,0.008091190874060532,0.003998658206549834,0.0024191554742312668,0.0115867461688149,0.0055369095117979,-0.116433333333333,42.0,-0.018909489666666664,0.0024446666686484997,0.001579882972087867,0.06666666666666667,0.10000000000000007,0.0057592535839938,0.0622308220106171,0.020208207272144833,-0.0013689273175512024,0.05897690271969266,0.004740437574358931,0.0013093152357601667,0.00010151769024229999,0.008317928637667067,0.0010899192271854,-0.00035784580284156626,-0.0002912989203421995,-0.00046380045514266666,0.0018901994202622666,0.0019919182833927,0.002191706462378167,0.0021564153274144667,0.003606800311866667,0.0005389819806911333,40.300000000000004,0.0,40.6,7.25091653497588,-0.20350497199322662,0.06300926602467997,6.3399000284892,5.780451875408743,7.159136153010416,-0.0195177695838602,-0.039519911574853496,6.15193234850685,5.759885503320613,0.021600222477811532,0.0037247375621127336,0.007416020278560201,0.0,-0.0001685884595878,-7.151706315400065e-06,-0.0024553493459474334,-0.0004538235327734667,0.0072466622121352,0.008839159475403367,-0.0002954039582630666,-0.0002715384908145667,-0.0003878149727357333,-0.6565734999999983,-0.015942447861821,0.05860971133333329,-0.019709160575433933,0.0833333333333333,0.08333333333333333,0.21666666666666648,0.19000000000000006,0.2600000000000002,0.2733333333333335,0.19666666666666652,0.053333333333333205,0.11666666666666685,-0.49666666666666665,-1.9600000000000002,-1.7333333333333334,-1.33,-1.78,-2.1266666666666665,-1.92,-1.0666666666666667,-0.0012771259425948666,-0.000334634941553475,-0.0007681299443241667,-0.00037071366193563326,-0.0008875588422575738,-0.0008852745403231514,-0.0009818367432523334,-0.004866266473717566,0.0,0.009810590202328667,-2.4682399239157042e-05,0.0005626610870924443,-0.0018726641014077334,0.0020446389268871,-0.0016918596902878002,-0.0007927074683224045,0.0020105686283412596,-2.4548612400654465e-05,-2.2547965167426815e-05,-2.42842815239199e-05,-0.0002288060271700667,-0.0007285129743580002,-0.0009403015914037667,0.0004266536772852,0.0019533213430931633,-8.038692947499985e-05,0.0010489383763668543,-0.007615222350716867,-0.0038170055915653996,0.003817856395137933
1969-12-01,0.0016411574837710667,0.0014294264688648334,0.0010316731644093335,-0.0014289817276065334,0.0063990431630542,-0.0039554539735154335,-0.003933850736254433,-0.005167799088436888,-0.002320884750528067,-0.0141528436097954,0.002703381738310333,-0.0080111254759728,-0.003785027990207733,-0.011508023061265832,0.0009131218133725001,-0.004940281369745967,0.007821415943939567,0.005450492307037399,-0.739433333333333,-93.33333333333333,-0.009361692999999999,0.0013667762048411001,0.002080818698442933,-0.06666666666666667,0.0,-0.021972565273918294,-0.028909403731388828,0.018246677658555765,0.04843107533106573,-0.038136783725914766,0.0402579506048095,0.0015335400408720999,-0.0015114547464042001,0.0,0.0027992398917184667,-0.0024255598201084337,-0.004311732431579766,0.0005564831565134668,0.0029842781441757663,0.0030013065418472338,0.0034434645301040004,0.0034242009682922,0.0032802966124816334,0.0026284869597373,40.233333333333334,-0.06666666666666667,40.53333333333333,7.178398432435844,0.05497660469403017,-0.1119860766426033,6.2887280171645505,5.787466312343967,7.079242084945766,-0.02612302237183307,-0.017957663313383165,6.04282421036051,5.705346945699406,-0.0197600179304871,-0.0021414770301847333,0.005902663850710833,0.0034437086666666665,-0.00016959551512216666,0.0002732464482508,-0.0020457806191773666,0.005249452322713,0.004779054382135766,0.003739456876797833,0.002802008259555657,-0.0004896899171023196,-0.0002949421730485333,-0.2925980666666703,-0.012212693760399268,0.0451181143333334,-0.015219143966872767,-0.059999999999999665,0.11999999999999983,0.24333333333333332,0.19333333333333327,0.11666666666666635,0.13,0.1633333333333335,0.19333333333333322,0.19999999999999982,-0.32,-1.5866666666666667,-1.3366666666666667,-1.04,-1.2733333333333334,-1.6433333333333333,-1.4733333333333334,-0.5666666666666667,0.0008906345451072335,-0.0005370101433754357,0.0018544516210954336,-0.0012697248285152335,-1.345885963269985e-05,-0.000873744493291352,0.0009620016297115352,-0.0009483173774104663,0.0,-0.003931244553415868,-2.8752363102698298e-05,-0.0017558031745003998,0.0027817437677413333,-0.002067145916119733,0.0008077844966588731,0.0007779077820733142,-0.0010481472395498107,-2.389571909235963e-05,0.0008251263847084667,-2.8295346847192134e-05,0.00013910453441993333,-0.00015903892544420002,0.00040743735094746664,2.627948520793333e-05,-0.002031273714549814,0.0006460594538906227,-0.0010837458043035698,0.0008618244162897667,0.002551091362330233,0.0018257405529791668
1970-03-01,0.0027045155415930003,0.0024077151231504,0.0017397180606340667,-0.007849876093667166,-0.0005606769060489668,-0.006883123211149999,-0.004464176777836067,-0.0043505089993274995,-0.0027629226690388006,-0.009997122483281135,0.0001290650260801999,-0.0025955871714179336,-0.010412769489248066,-0.0186921441618664,-0.005300797632174634,-0.008054780139271535,0.0019929803491201005,0.007747239112987533,-0.9367333333333324,-124.33333333333333,-0.12012170433333336,0.0035502380831792003,0.0005202947700772333,0.3,0.10000000000000032,0.07383394195709224,0.08309968680801547,0.08564941533305404,0.07603779586651717,0.1052317028931518,0.06647628164850704,0.0009811348994735669,-0.0021334808997893,-0.0038302019149023,-0.0009004147380332334,-0.002261735732083384,-0.0030249317909335004,-0.0010674101243311333,0.0024449819450407667,0.0015849952388370333,0.0013694533082162334,0.0018083874545216734,0.0038182929915890665,0.0033493104754900665,39.96666666666667,-0.09999999999999987,40.233333333333334,7.115974246149553,0.12659912045319646,0.0023894964928699025,6.231336229016276,5.578564504477356,7.006315704760016,-0.012928675011720195,-0.016386411986026764,6.006310590815836,5.6594660280469,-0.023662647756466967,-0.0077942962244416,0.0035930829560915332,0.013774834333333333,0.000645474872153567,-0.0008524441973731667,-0.005604546583568533,-0.004806484372695167,-0.009592615767067167,-0.007519008729935231,-0.005338553294408299,6.886407713376675e-05,-0.0012504270076014667,-0.5654387333333281,-0.009123845068516566,0.03584171466666684,-0.007860235146064367,-0.4033333333333334,-0.17000000000000015,-0.3966666666666667,-0.44,-0.4000000000000001,-0.25,-0.19333333333333336,0.039999999999999904,-0.0066666666666667,-0.020000000000000018,-1.3633333333333333,-1.38,-1.0199999999999998,-0.84,-1.2066666666666668,-0.68,0.18333333333333335,1.5468262994066735e-05,-0.00011928746000489428,0.0011797948371484333,-0.0004657445683426667,-4.394377833033247e-06,0.0008557985017485998,-0.0019157457233888332,0.0047148357953883,0.0,-0.0010827298697098006,-2.7849141218302033e-05,-0.0005752086558231331,-0.0027562316762733334,0.0009900384729976187,-0.0016380049341429732,-7.194529280177998e-06,0.0019026659728561001,-2.7849141218302033e-05,-0.0017092082384403667,-2.7413407913160867e-05,-0.0007012647634738,0.0005894748007640327,-0.0020874260807321,-6.942783205042298e-05,-2.28000125488003e-05,-0.0015531257892278999,0.0010365586633947655,-0.0016164910388548998,-0.005423878621713267,0.002630004852301901
1970-06-01,0.0024265664230167334,-0.00019164511187126656,0.0036687146792848332,0.0032443467457413332,0.010771958425403133,-0.0023266214065471333,-0.0005684103045154668,-0.0006156238364397667,0.003985985067732233,0.006580457118830633,0.0028933213533335,-0.0025230603077470667,-0.0049232125901417,-0.008517910129453599,-0.0017785647379264665,-0.0029744572031523333,0.004784482434809034,-0.004530324939179767,-0.4932000000000017,-114.0,-0.059675965,-5.657182817366915e-05,-0.0019074799629793665,0.16666666666666666,0.09999999999999969,0.0199503705096191,0.043257745442570494,0.0690960598414719,0.06808989035639766,0.07104967352973778,0.033375945642324135,-0.0019745519089789335,-0.007366700435535833,-0.00044055295801113367,-0.005545834546420967,-0.007899699191767633,-0.010470480778513034,-0.0039276650241066,0.0005128153543214666,-0.0001180233462505,-0.00010816923663509994,-0.0005182366704445743,0.0015151541238911331,0.001688435215379852,39.63333333333333,-0.06666666666666667,39.8,7.179296496894653,-0.09323796760086987,0.028507391146053298,6.33537802959307,5.621570772094977,7.162736604506759,0.0679158736555433,0.048044633861260067,6.205272478339943,5.804298801628756,0.009482056556339666,-0.009768662969184634,0.0046291682361487,0.0,-0.0004933922046991335,0.0015105471807119334,0.00013040360080236662,0.0008599653049999883,0.0012099226835262653,9.247443081966504e-06,0.0034730077462678,-0.0014416183170879668,0.0014064552207019333,-0.673252066666671,-0.053124011072043974,0.21034851700000004,-0.05019597050357147,-0.04999999999999966,-0.03999999999999987,0.016666666666666673,0.09333333333333353,0.19333333333333327,0.2133333333333333,0.2566666666666662,0.21333333333333346,0.20666666666666653,0.27999999999999997,-1.2033333333333334,-1.0533333333333335,-0.4266666666666667,-0.10666666666666665,-0.16666666666666666,0.26,1.0966666666666667,0.0004405440199781333,0.0011822273544768596,-0.0011241813507490666,-0.010767373911234342,-2.1803521922667338e-06,3.3248866622888805e-17,0.0018993712054105737,-0.0037665184179779,0.0,-0.011997212580145333,-2.2547965167426815e-05,0.0011318630003795667,0.0026968192648631328,-4.171247595819434e-05,0.000802246676855105,0.0007478922591603667,-0.001988455018068732,-2.698782176019998e-05,-8.354428264915198e-06,-2.220017006152938e-05,4.20087000495667e-05,-0.00012617896654896666,0.00036082558327463324,-0.00016247910861513334,0.000923257941990509,0.0013714875030314995,-3.2452886547599886e-05,0.0042041151389907334,0.0045322970985791,-0.003699543149306433
1970-09-01,0.002475581292544,0.0014885989104810333,0.002959753607800767,-0.0003779878181759667,0.0037078617361453003,-0.002083217807493633,-0.005576618511916834,-0.007585859921715733,-0.006192527173099799,-0.0187113864046493,-0.0012133380572786998,-0.008974667757194367,0.003372719811029266,-0.0009051931398265991,0.004366349756102967,-0.004057946541780933,0.011443998963328967,0.0067483421588325,-0.5670666666666667,-51.666666666666664,-0.03199051633333334,0.0018939673853909666,0.00036113893996986675,0.16666666666666674,0.10000000000000032,0.0207679611120515,0.0385136918633145,0.060604690457756294,0.0525910918628979,0.07556953915956863,0.023858418858145835,-0.00039913697278611666,-0.0038135274672974006,0.0032900415142842333,-0.0016542631140428338,-0.004454242536986866,-0.005767585750408667,-0.0024548097539221336,0.0011458515130335666,0.0008017359081045668,0.0007368222396296666,0.0011381678539320002,0.0018843087675962003,0.0019416511659162332,39.53333333333333,-0.06666666666666667,39.800000000000004,7.301212311980403,0.06399166283153333,-0.03572789007311347,6.463642900664973,5.809096789779107,7.230324642930554,-0.014119757946379999,-0.01253709024859353,6.24072013019408,5.844611269235586,-0.004634944002903633,-0.008564667890843999,0.00562216559855,0.006887417333333333,0.0023608551447710483,0.0013750942130006667,0.005431388755383133,0.0008215693690128332,0.008265719359651733,0.010963163230821235,0.0004401852821003334,0.0018634378639514517,2.0237127593233206e-05,-0.39049246666666226,0.029481173717952835,-0.11466162366666656,0.03640799463583703,-0.44,-0.2966666666666669,-0.18666666666666668,-0.13333333333333364,-0.273333333333333,-0.18666666666666654,-0.15000000000000024,-0.13000000000000028,0.046666666666666724,1.1300000000000001,-0.3766666666666667,-0.19666666666666666,0.2333333333333333,0.7799999999999999,0.7566666666666667,1.5166666666666666,2.706666666666667,-0.0006881224053886331,-0.0008482368658050001,-0.0017283473107258,-0.007365527365112767,0.002532697219640367,0.0025455915563319664,-7.979986194933415e-06,0.0075976698428522,0.0,0.0017202264675929,-1.762316389074678e-05,0.0005502263554951333,-1.4260554595123034e-05,-3.4402387556031735e-05,0.0007888462406974956,-1.7101471585207192e-05,-3.228566357623327e-05,-2.1860360397721497e-05,0.0008158734427100666,-1.7354445019596067e-05,0.0006286532202725334,0.0007637310745032001,0.0012570071264648667,0.00014596419271276667,-0.0009938293809071334,-0.0049735606932738,0.0009894663835810782,0.0005162412537670665,-0.0014831207385904007,0.005997889373491434
1970-12-01,-0.0003545422710491333,-0.0011886813675665,-0.0011404279003627664,0.0012856110298139327,0.004904740595857032,-0.0011924440093906326,0.0003642259225111663,0.0010230123575120653,0.007701420015253233,0.0172038002180931,0.0040466208979897,-0.008717649108776367,-0.0034589790534858673,-0.0066568021663808985,-0.0014971921191098668,-0.0009088311772042999,-0.004677720965544667,0.006419572397591698,-0.31043333333333667,-64.0,-0.03753409,0.0028647510044379,0.00040740462892390004,0.23333333333333287,0.3,0.01940889903703887,0.030343943083043962,0.1117946332849933,0.1164501180432877,0.10322677328230001,-0.013345791019945699,-0.0007149444896169003,-0.004809867930716166,0.00016365273219653338,0.006387639573747567,-0.0072953208539399,-0.0101946687328578,-0.0029507141091595335,0.0011079966017911666,-0.0005421396850889334,-0.00043207154868813336,0.0015603253157306333,0.002899789112185233,0.0027098301875346665,39.300000000000004,-0.06666666666666667,39.5,7.43926966913599,0.015638973262583466,0.10637236035331343,6.6032052676195905,5.917250177058136,7.382197741916347,0.13728496873564353,0.0661503129079467,6.394906248584206,5.986836145499436,0.013368452844777131,-0.0047594430293968,0.0024208410373897666,0.0,-0.0019136464897245669,-0.0005681359895254333,0.0031702703891414333,0.004106208380020366,0.0010951148446401327,-0.0014177106756612333,0.0005402174291090668,0.0014714391357104667,0.00046014907662693334,-0.4218319333333322,0.028865850388006833,-0.1253230366666667,0.0368581182737372,-0.4633333333333332,-0.5299999999999999,-0.4166666666666667,-0.5233333333333333,-0.576666666666667,-0.4466666666666667,-0.3333333333333332,-0.15000000000000002,-0.0900000000000006,0.7266666666666666,-0.21333333333333335,-0.06,0.08,0.9466666666666667,1.2866666666666666,2.3400000000000003,3.7099999999999995,0.0004640587319657667,-0.0002862703819283667,0.0007398259561110001,0.0004917630594409665,-0.0033841238213393,-0.004246341925809934,-0.0009376471255382999,-0.0133449386543541,0.024270785158322535,-0.0078896179294379,-2.5768878937793e-05,-0.0005746686252153334,0.0016722826176873333,0.0009232579419903667,-1.8762958172916882e-05,0.0007084488058549016,-3.12124475468541e-05,-2.9686363588520534e-05,-2.40306631365724e-05,-2.5380871718401965e-05,-1.9771831250933383e-05,0.0006759959732919001,-0.0007081645474243335,0.0002744636738714667,0.002755864105160167,9.879324057278371e-06,0.0030257393837054667,-0.0073353074399105335,0.0005197195491373332,0.0045984930323926
1971-03-01,0.0045643626802101996,0.0044666789103129665,0.0053330204556402,0.006486071017664068,0.011739703080099398,0.001557190620489233,0.0005426286804070668,0.0002353624147928335,0.005706129747846567,0.020852481496351633,-0.0004934568425895,-0.0088824741749985,0.0032756978451235334,0.007280983750208733,0.00024630982033349997,0.0022745324548828667,0.011296078545338999,0.003979266816931334,-0.028066666666665335,-10.666666666666666,0.0008331616666666999,-0.0003786860004482667,-2.5448206550033334e-05,-0.03333333333333314,0.2666666666666661,-0.03326489398936427,0.0105500583921139,-0.0012121225477944992,-0.036203680308424795,0.055952378767462806,-0.013618678831337034,0.0003200331574255666,-0.0028110011210653,-0.006776532860631467,-0.0012677729671377337,-0.0029984049586773334,-0.003729506564435267,-0.0019176427595066334,0.0016922571748161667,0.0018584566531677333,-0.0012502660394814334,0.0024391646035522665,0.0025976567125045,0.0016308812092890753,39.53333333333333,0.09999999999999999,39.800000000000004,7.509350404274323,-0.036666965071443465,0.03837566386609009,6.655496876119184,6.125088956233173,7.415670168193969,-0.04664039690776358,0.04031753680588677,6.46441264251402,6.034546245294586,0.009761807310439968,0.0062190920040379,0.005765007785176533,-0.010331125666666633,0.0010496096630573002,0.0017107910695891334,0.010546500991643134,-0.005404605665895334,-0.007994340365548967,-0.009319390061439567,-0.0032855524127193662,0.00024172989217503336,8.057547173833333e-05,-0.355760033333334,0.033599030989529204,-0.12148724466666673,0.04496426166333047,-0.3966666666666667,-0.5133333333333333,-0.49666666666666665,-0.4633333333333333,-0.4366666666666667,-0.3166666666666669,-0.22999999999999965,-0.143333333333333,-0.21999999999999956,0.7333333333333334,-0.01666666666666668,0.060000000000000005,0.19333333333333333,1.6266666666666667,2.16,3.36,4.673333333333333,-0.0009675191491932,-0.0001378663703036913,0.0038952750953068333,-0.0036563437901913002,0.0008302204374840667,0.0016835267334783333,0.001841625310656593,0.0010721103600004334,-0.024270785158322535,0.011135343022057334,-0.0008448879372795333,-0.0011074207306594,-0.003445336443553867,-0.0009833086577117108,-0.0007907743062950788,-0.001479759052950341,-0.0018467267918718798,-0.0016666701389018458,-1.5634405074579683e-05,-0.0008385123630147317,-0.00037376132049826667,-0.0014182719386838334,9.773026061646679e-05,-0.0004075645227961083,-0.002821476432414046,0.0026749911024493665,-0.006079195849926933,0.0076134079673521,-0.002236682404107667,-0.007040227510320432
1971-06-01,0.008360138923372598,0.0024232409362537,0.004427779707509401,0.007978539025510033,0.010370176267301833,0.0049490837301701665,0.003280137036523,0.0026535504320344566,0.005471352453467567,0.009917014983484832,0.0036043719185236667,-0.002630216545031134,0.007593576254543867,0.005047488667434934,0.016255751482424533,0.0048206264091823,0.0029255970573868998,-0.002849017464735934,0.17703333333333615,44.666666666666664,0.010310500999999934,0.0005220757359545332,0.0007160488734439333,-0.0333333333333332,0.3333333333333333,0.0055505445308140005,-0.006372894288142598,0.0203153367390267,-0.00996664856522473,0.0591757177878157,0.0031060509931369663,0.0018482861621666612,0.0011921639622756665,5.565294834426669e-05,0.007623992596368934,-0.00029160471926440004,-0.0002936426559004334,-0.00028860030662813344,0.002133502143234833,0.0014746697272384,-0.00013811201081459992,0.0030807812079593666,0.004132853603773367,0.0025724262052465668,39.6,0.03333333333333333,39.93333333333333,7.61093455921755,0.05556541296362676,-0.011219007667826636,6.757162388154083,6.193862391691046,7.53416674569842,0.02356693794403687,0.020456315458763336,6.545855538202001,6.1398309462240634,-0.003881868892069799,-0.0108185258696564,0.0049072805053711,-0.010331126,0.00010497877354256659,-0.0014612959863067668,0.007505997123820866,0.0011904364037853272,2.963127583106735e-05,-0.0021921921921921,0.0028494484289778,0.00031702475739843076,0.00019600674822819997,-0.8217760333333314,0.00040136468826839955,-0.004595195999999933,0.0044402279014235995,0.39999999999999997,0.39666666666666633,0.4566666666666667,0.4899999999999997,0.65,0.51,0.2733333333333334,0.143333333333333,0.09666666666666647,0.4366666666666667,-0.3133333333333333,-0.11,0.43,1.5899999999999999,1.6833333333333333,2.91,4.043333333333333,-0.016403717880148865,-9.968334991699733e-05,1.3781223085522034e-05,0.004898906212625734,-8.189605752798498e-06,0.0008198033476222332,-2.0127153297049522e-05,0.0065218852433733,0.0,3.411622836087721e-17,0.0008157916472459168,0.0005451077802434333,0.0016877673188489,-3.12124475468541e-05,-9.056272963692066e-06,-6.3426221036808174e-06,0.0027137191945665086,0.0016380049341429342,-1.9124225235107043e-05,0.0008098471582558085,0.0003758222209667,0.0003209180162269283,0.0006190441663436666,0.0002266428437889427,-3.3455445738353715e-05,-5.038378891816681e-05,0.0019379899551399263,0.003197583284003733,0.0028061787636470665,-0.0017861511253617994
1971-09-01,-0.0010862936911386336,0.0031418818285763334,0.0037766371792398007,0.0012149464190856331,0.008574038441786001,0.002464691365367434,0.0065587814720971666,0.005624411805192999,0.004339752883793867,0.0023408528728842666,0.0052376031295520665,0.0131606502527218,-0.0037912972038853,-0.008355627370993568,0.006516779701546967,0.0032737944837826663,-0.0022453077813820075,-0.0010569238270915667,0.058833333333330184,-13.666666666666666,-0.005987864333333333,0.004056957607303333,0.0039214653535826335,0.0333333333333332,0.10000000000000014,0.018006311417410433,-0.007981897865451332,0.01995608311419547,0.025614234980955303,0.013286783097736501,0.025684907446354568,0.0016798758851296334,0.0012649065728674,0.0028812236123740005,0.005365819345480899,0.00029160471926443333,-0.0002612330332241667,0.0011049468454107333,0.0018598476080147665,0.0022114447303091,0.0032892258430017,0.0035276911979232333,0.0024553377966380335,0.0015339803111231332,39.5,-0.03333333333333333,39.833333333333336,7.646565583296296,-0.0120253521579367,0.03332234126314313,6.786968118418557,6.197230547466816,7.6122071989405695,0.0534896827854432,0.00550976731707,6.63645550576722,6.203736617154593,0.014849918491548734,0.0010384067347123,0.0048360833711059,0.003443708666666666,-0.0009175356273865666,0.00025152634613716664,0.007065859486772534,-0.0008295968676046668,0.0054701823755521324,0.012327327327327301,-0.00027234825290693303,0.0007544914376443667,0.0011893073328738668,1.0429768333333331,-0.0010713816642763663,-1.7487000000065978e-05,0.0028206035433422324,0.21333333333333318,0.1033333333333335,-0.02,1.850371707708594e-17,-0.07666666666666666,-0.1300000000000003,-0.12666666666666634,-0.06666666666666626,-0.053333333333333434,0.25,-0.4633333333333334,-0.19999999999999998,0.27666666666666667,1.04,1.01,2.0833333333333335,3.2300000000000004,-0.009296784225841433,-0.01859353155936164,0.006901218911528499,-0.0027200334451233338,-0.0008220308317312335,-0.0024844835515270332,-0.001821498157359596,-0.0027791283322256086,0.0,0.0007207210014983069,-0.0008321720660965501,0.0005442178079618189,-0.003371272580871833,-2.5228634512313174e-05,-0.0007724993801209525,-0.001447702342338386,-0.0018212599376609667,-0.0008259866681825565,-0.0015873045867478726,-0.0016380049341429524,-0.0009765548663221334,-0.0026032836662528364,-0.0009291725480807333,-0.0005280663436787649,-0.0008968905518740001,-3.7057212668746316e-05,-0.0019379899551399335,-0.004179066726243534,-0.0012184697354946335,0.0003570242645649999
1971-12-01,0.004352723624355833,0.0047575730103380665,0.0046391378403433,0.008917012928272065,0.0076287406038335,0.007723810373671633,0.0072388525327306994,0.006659525006535533,0.0093567712650578,0.010767491715579133,0.008774696402420267,0.006628351408431733,0.0083451899290866,0.0114925045469853,0.0074005023973604004,0.009227727781599367,0.0035038142846765333,0.0090797633283094,0.5297333333333348,43.666666666666664,0.004741416333333334,0.003498588082151067,0.0032551041224184334,0.0,-0.13333333333333366,0.002741124874996567,-0.010802414318259365,0.011632160995498,0.011629086333479999,0.011635852736933834,-0.0532100485306278,0.0022960925170576667,0.0013981414489183666,-0.00011035700591870146,0.004076196668892267,0.0009314245203526334,0.0014667798566202,0.00014385384672680008,0.0026844355637584334,0.002196869908059267,0.0028795353933604665,0.0028537220885873666,0.0033356149429852335,0.0030974909967996667,39.699999999999996,0.06666666666666667,40.03333333333333,7.69647437978307,0.08902092841634669,0.01794477035203657,6.8482827005055205,6.222736751338066,7.639581897045996,-0.031479488944416496,0.03621128033426666,6.680586363627596,6.237519051784493,0.011240267270987767,0.0029396726476396003,0.0030027832579619666,-0.010331126000000001,-0.0005963075921719666,-0.0007008629874994,0.0060138837466044,0.003843137033526831,0.0010246357587483004,-0.00023260965883913307,-0.0028933026478365,-0.0036331823437736332,-3.303814708150018e-05,0.46599173333332994,-0.0007721881548314047,-0.0043192163333333295,-0.0038269898580782663,-0.47,-0.3433333333333333,-0.22666666666666666,-0.24666666666666634,-0.2700000000000001,-0.14999999999999963,-0.06999999999999999,-0.06333333333333348,-0.06999999999999953,0.22333333333333336,-0.52,-0.3466666666666667,-0.023333333333333317,1.05,1.14,2.5500000000000003,3.6633333333333336,-0.006518666137626433,-0.018186622079978034,0.0076331064207646,-0.004538823460313166,0.0024420133640243665,0.003280104151845367,0.0017873143804617334,0.0027293510853127006,0.0,-0.006543285348295267,-5.978054561743086e-06,-0.0005477603458713579,0.0016835052620229,-0.0009119932729581576,0.0022909597625873665,0.0014461338661993569,-7.1112375334969605e-06,-5.891311199768267e-06,0.0015686303458042332,0.0016142081585959836,0.0008107318907364266,0.0030547870350447668,0.0009073644181094,9.936837921446669e-05,0.0034296747539455997,-0.0006510886257699193,0.005681955757662833,-0.00011723704094753334,0.0045441848181647,0.0049745087507672
1972-03-01,0.006406543473743733,0.0059215200033222665,0.006228354230483266,0.006006964214858366,0.008722556292754634,0.013565252815966633,0.011185268542177001,0.0100763088035777,0.006888549463836533,0.008823482334249766,0.006282616333972532,0.0200140631480054,0.017089805385879068,0.023010701857045,0.011835843842016866,0.013494152896995433,0.024042988850507336,0.01106525933892693,0.8797666666666633,85.0,0.0209341356666667,0.0038165105682541997,0.004533817930408133,-0.06666666666666667,0.2666666666666671,-0.002451521613223498,-0.0227154169545007,-0.013520740174057197,-0.05138355994241937,0.026900735932121833,-0.012756261809299702,0.0038377201135653335,0.004492533605072033,-0.0013825541733603665,0.0046225702283446005,0.004714019322825833,0.006442046734182533,0.0021503909428718,0.0035546764449539,0.0039638001303631,0.004941923035083533,0.0067986777532939,0.0021459301582827336,0.0034943819642195,39.833333333333336,0.06666666666666667,40.333333333333336,7.785343528004013,-0.013824416068856612,-0.05126711161517977,6.949454717305589,6.395355164755936,7.68247671527174,-0.025440755853210196,-0.05466765875675691,6.73554356351181,6.359456869363196,0.0154171842740111,0.005547658021701034,0.0023969506837324,-0.013774834333333333,0.0021267344049059997,0.0008779137341058666,0.008286377733030934,-0.002715257790259301,-0.004287304547469335,-0.008695205303458532,0.0022557152661560665,0.004870904991401001,0.0007365271616794666,-0.06421076666667129,0.02750467832143617,-0.0817278613333334,0.018932545130170866,-0.10333333333333332,-0.18666666666666668,-0.09333333333333334,-0.036666666666666715,0.023333333333333445,0.06,0.04666666666666693,-0.003333333333333268,-0.046666666666666766,0.43333333333333335,-0.10333333333333333,0.26333333333333336,0.8666666666666667,2.1766666666666663,2.4933333333333336,3.6933333333333334,4.693333333333334,-0.004071795811472201,-0.018782075380550267,0.0118581128138127,-0.0002669603372912,-0.002442013364024367,-0.002453998813689567,-0.0009043116566027001,-0.0017969495449589006,0.0,0.011619811917419868,-0.000812018265960383,-0.0005415652423339392,-3.3393426912553537e-17,-7.384351820534836e-06,-0.0022909597625873665,-0.0007222826950301333,-9.307217282192448e-06,-5.8064422479020524e-06,-0.0015686303458042,-0.0016142081585959998,-0.0008349260907753999,-0.0008302739509608668,-0.0016410593518720665,-0.0003150062209925,-0.0017853997335082635,0.0005844368093736308,-0.0038403304470062995,-0.0016110238326128331,-0.004373699430576799,-0.0014461044555747332
1972-06-01,0.0027851840194668006,0.0034798358935296332,0.0037140242501255334,0.005754600549566967,0.007355697995762334,0.004199694423053684,0.0041104273407983,0.0034140523174911665,0.002554317353962033,0.006854896552489733,0.0005319160946980666,0.006482884849461833,0.0044022105537422,0.0071774503299885,0.0047382481268177,0.0053668093753285,-0.0187463835912666,-0.007109646165762933,0.22646666666666704,39.333333333333336,0.0126001423333333,0.0015167511688869801,0.0020775351995538332,-0.0333333333333332,0.0333333333333332,-0.0034919568583336633,0.016285775197312165,-0.025577931410463033,-0.0050378792700161365,-0.04632370530678053,0.0130613724331958,0.0036991468140581333,0.0037005660088850006,-0.0008322933995292336,0.0040558168302447335,0.0036860080721681336,0.004530906380892867,0.0024204562820806666,0.0036985325005396336,0.002789796164108733,0.0029549588986489336,0.0030261687901512,0.004514741702585267,0.0018952196886801668,39.9,0.06666666666666667,40.53333333333333,7.714805156817824,-0.021295755817083567,0.023594752344123098,6.92662926823422,6.17487436816781,7.6634675417713725,0.012409780589453434,0.03221980140169687,6.742190125735097,6.24969503131761,0.011343062743197366,0.007625034186972334,0.006349067092980766,0.0,-0.001869913535576467,-0.0007058321737251674,0.0048747191776357,-0.0008116272822787999,-0.0030628086848019666,-0.0020131718961204,0.0006931582717119664,-0.0013010840829569333,-3.837986631497707e-05,0.952730433333339,0.0009272143206257333,-0.0026393616666666665,-0.0078665752308722,0.20999999999999988,0.16666666666666646,0.06,0.07666666666666667,0.08666666666666666,0.013333333333333494,0.0133333333333333,-0.0033333333333332646,-0.0133333333333336,0.2333333333333333,-0.5299999999999999,-0.06666666666666667,0.5433333333333333,1.6766666666666667,1.8433333333333335,2.9766666666666666,3.9233333333333333,-0.004954487258057666,-0.0001344461525579667,-0.0062977402776902,-0.0064039718237581325,0.0016025671893678697,0.002424253109693133,-0.0008830027238590257,0.0008470991428909004,0.0,-0.0065148653576565935,0.0008003205125127097,3.332114676772117e-17,0.0,-7.265409024774054e-06,0.0007532959891457872,0.000713012749583183,-6.85299972961554e-06,-0.0008003205125127334,1.6046192152785466e-17,0.0007945971184254516,2.895756465623846e-05,-0.00020602579507666673,9.549561609200003e-05,7.856766324745677e-05,-0.0025157352117943055,-0.003049853758058833,-0.0009345952725362856,0.005778821415528701,0.004065655335906433,-0.007236677630896066
1972-09-01,0.006353210212258368,0.0070649113437539,0.004807362919361467,0.011503532405521133,0.011168803968518598,0.0068022557132436,0.007549936207603567,0.008131668425947,0.007912499237867167,0.013592924158698666,0.0051743834131299,0.009619648106194563,0.0059460120316149,0.008363143440607233,0.0021303691182398337,0.006947307527331266,0.008558962820228234,0.0106751933815408,0.35236666666666866,75.0,0.018671384999999967,0.0014755544991604669,0.0018628130719502,-0.06666666666666687,-0.10000000000000032,0.0106514531605593,-0.022933668853090634,-0.002934291248651634,-0.004542943685202097,-0.0012143304261667993,-0.02147624586467174,0.0022789493947908,0.002592887140818833,0.006328433303693567,0.0025933957729875,0.0025036590006711334,0.004066235403564399,0.00014183391462846664,0.002142965954602,0.0016447587078835,0.0014630049017139001,0.0022610186696750668,0.0016664508681376335,0.004200698044025166,39.96666666666667,0.06666666666666667,40.56666666666667,7.770562240955543,0.0659419144433067,0.024159857503463462,6.9643146394339,6.238785328580277,7.7328956863503935,0.018313706010433233,0.04347890714164657,6.882587495594123,6.267184918105784,0.029374356026362864,0.013388202356374867,0.0073446554355415,-0.013774834333333366,0.0021797584468430335,0.0012792942774956335,0.0093063314063671,-0.0011334426838963336,0.0020542350459562663,0.0010193679918451004,-0.00040713748422169997,0.0011411124278447335,-0.0007856526687870334,-0.19848893333333237,0.004293220954553568,-0.009078700999999967,-0.006317714696779667,0.1366666666666668,0.15666666666666665,0.25000000000000017,0.25999999999999995,0.19666666666666657,0.11333333333333313,0.14666666666666653,-0.0033333333333335677,-0.036666666666666466,0.14,-0.52,-0.013333333333333327,0.41333333333333333,1.3399999999999999,1.55,2.466666666666667,3.43,-0.0010895553072116668,-0.0014310191449835334,-0.017049283870448267,0.001188960920857,-1.9032936501983458e-05,-3.47566168223667e-05,0.002607575227069749,0.000803069243727867,0.0,0.005056073824390501,0.0007869840742351416,0.0026773905657548336,0.0016625138370131084,-0.0008948551235561333,0.0014863540937691336,-6.0488932041023675e-06,-6.746614043281103e-06,0.0007889550034219941,0.002301505115514833,0.000781449946889875,0.0009909852862227666,0.0006664407213022001,0.0024683886163529333,9.636660145730001e-05,0.0024420133640242997,0.0036037091530810666,0.000875505404078164,-0.007568492742391166,-0.004227962370353067,0.005492852611722533
1972-12-01,0.012200795781080099,0.010037500043937433,0.008035706043869899,0.015302313097246065,0.0143542086759402,0.011913231762300767,0.010719393956375433,0.012083084173485433,0.0098332620882235,0.021972904335460466,0.0037461645262123673,0.016665958024731267,0.013340944378888801,0.02002582975407177,0.009234404701096767,0.0132347807164003,0.014155040590230733,-0.010192517555489701,0.877266666666666,173.66666666666666,0.05362754966666666,0.0020950440160820336,0.0034429798955706004,-0.09999999999999999,-0.23333333333333303,-0.053681684353848035,0.016377562859214965,-0.03904004181881204,-0.0188174590658591,-0.06199262266568863,-0.018456378422491433,0.004476255194922133,0.0046579573430846665,-0.0037274959493531334,-0.005291783052763066,0.0071248398777606,0.009621650316564234,0.003292440106653967,0.004397466241173333,0.004819683672305167,0.0036622685523225334,0.006137839509735901,0.002787958402584733,0.0026658004317863665,39.93333333333334,0.03333333333333333,40.666666666666664,7.792973313335707,0.03936651381175013,-0.1044781895180667,7.018291331746087,6.267923084313093,7.7555099260198,0.09746265449639678,-0.031704320198176504,6.882255241455463,6.30260776965233,0.015035305100472733,0.013529438786031035,0.0067736732836323,-0.017218543000000034,0.0005991049275824333,-0.0006287278605710667,0.006976480177481301,0.002928788433312533,-0.003210891985128731,-0.006508272563318432,0.0013249959396732334,-0.0015679423259407667,0.001328457411479,-0.37200260000000096,0.0238091478654443,-0.04483514199999993,0.013351797759763702,0.15333333333333324,0.11000000000000028,0.1366666666666667,0.056666666666666664,0.0,-0.029999999999999968,-0.0633333333333331,-0.04666666666666653,-0.0533333333333334,0.11666666666666665,-0.28,0.03,0.29333333333333333,1.01,1.23,1.9933333333333334,2.85,-0.0015349221289160666,0.00013447119386120223,-0.0133883447816997,0.0046470092953406995,0.001553743807916367,0.0015460077027922667,0.0024815821498596663,0.012337897979725267,0.0,-0.004338456037356804,-0.0008020666892615667,-0.001620865645328356,-0.0008364084988572999,0.0008806698209462334,-0.0015013699730639,0.0006995079911903001,-6.6426865683588696e-06,-5.562555104088317e-06,-0.0015430671698030334,-0.0007963196142579666,-0.00042854715909970004,-0.00010546928906053328,-0.0013474944814125666,7.409368359273336e-05,-0.0008394461746565931,0.0016890875558448332,0.0017170592572081332,0.0017579751034440332,0.0043544402759755005,0.0033532930185755996
1973-03-01,0.0002910243904506334,-0.0003680557463059001,0.005715267421702734,0.0034055871150625327,0.013008218014141065,0.0073071823576277345,0.007660476713867766,0.007512184893315034,0.0044617824505752,0.0054569960214348,0.003969643347373867,0.0149308571355373,0.006861145821426134,0.012832276458908299,0.0033028013425863336,0.0084249129599684,0.0025856249818533667,-0.0122400224816072,0.462966666666668,43.666666666666664,0.019509390999999966,0.0034052188505283667,0.004178338753712034,-0.09999999999999999,-0.2666666666666668,0.0214296214714224,-0.0285889405858084,-0.04121337171525997,-0.03170956935601673,-0.053097359775892104,-0.0215861891160542,0.004469380019957667,0.007096472276003767,-0.0006069134618244333,0.012627143140301568,0.006093682384391234,0.008056967299353299,0.0030284178769062337,0.0033233151817254,0.003635318096423567,0.0041196789867458,0.0033340666392031332,0.0039672740839424335,0.0014826181672837335,40.0,0.0333333333333332,40.73333333333333,7.773606868190133,-0.07123155403876007,0.0944415890276099,6.985733547423487,6.10354013379656,7.68912291283932,-0.07418562299528343,-0.042348294464973506,6.775672879356944,6.23660661147922,0.0274028540048453,0.026889079671168034,0.012225754211113932,-0.0034437086666666335,-0.0044280255478277,-0.0030173863132031335,-0.0016284371101432337,-0.0003584279704170329,0.006315908593162468,0.008547008547008565,0.005878036313378433,0.003004140476414567,-0.00010915145648716674,1.4712842999999978,-0.014791465374874134,0.046477877999999966,-0.029112173146847397,0.5866666666666667,0.453333333333333,0.34,0.4033333333333333,0.44333333333333336,0.21333333333333335,0.11666666666666663,0.06999999999999999,0.033333333333333194,-0.30333333333333334,-0.8366666666666666,-0.5499999999999999,-0.22666666666666666,0.043333333333333356,0.06666666666666667,0.6833333333333332,1.43,-0.052864889608160666,-0.046646950662264174,0.017648860579085768,-3.3442019926066645e-05,0.003688899053731367,0.0051353503126319,0.0006369548014320331,0.0012289603090800134,0.0,0.0252948991749576,0.0023012039067792332,0.0010399180487616,-6.096724534966451e-06,-6.925327654894173e-06,0.002873167278718966,-0.0007069262952623762,0.0008405580007417807,0.0007706119202858411,0.0022177723023886087,0.002285428246642633,0.0012956359903282333,-0.0002332135812051666,0.0034998432216586666,0.00030262693137849994,-2.652012405246629e-05,-0.0029294703371012323,-0.002639379168242695,-0.0004533404824295004,-0.0043874062920441995,-0.009181624438130134
1973-06-01,0.0030358490415072666,0.0034948063362592,-0.001440190518645233,-0.0031179771305810335,0.000596499635425,0.0021530427291092664,0.0008999061168660999,0.00037273204116653326,-0.0035445937612802003,-0.006097963098286466,-0.002231249906319434,0.0093584728703031,0.0036153012606438668,0.005645624050867867,-0.001253087791324,0.0016267630791903665,0.0011427600979342662,0.0015245171378926664,-0.1462000000000027,0.0,0.002144173666666666,0.0026234201581699997,0.0028806787905560995,0.0,-0.3333333333333335,0.027831320725916864,-0.023709114671861136,-0.0440287298810522,-0.0328363010145054,-0.05906005243117873,0.01659856489048357,0.0026245312544764666,0.0031802638540370334,0.004443413118274867,0.0083720089353729,0.0020306090812092334,0.0034901261757233665,-0.0002783964527081,0.002380425561465067,0.0023581914154775997,0.0032321376876496663,0.0025534947536437,0.0025621443080521334,0.0030657661403256666,40.13333333333333,0.0,40.733333333333334,7.667223134714327,-0.012781118399213162,-0.004395668093986634,6.793567146446546,6.1580976970856165,7.581895630836374,-0.03501157656543974,-0.062090076416456697,6.761651683751803,6.082705537425917,-0.0004231810110778,0.0247799862824524,0.012192478458178634,0.006887416999999968,0.003007099294858133,0.0021193194972051,0.0011867136173743331,-0.0007987796272060334,-0.0041604330518283,-0.0032679738562091335,-0.0033999643486358664,-0.0012887105993660334,-0.0004679150982659999,0.388506333333339,-0.0233367218575499,0.0840781286666667,-0.04025296413447523,0.4666666666666668,0.41333333333333333,0.366666666666667,0.2400000000000002,0.15333333333333332,-0.036666666666666334,0.06333333333333356,0.0266666666666667,0.0333333333333338,-0.35333333333333333,-1.2133333333333332,-1.0266666666666666,-0.7999999999999999,-1.0966666666666667,-1.01,-0.5100000000000001,0.27666666666666667,-0.017430037231086434,0.0032886569521994665,0.013708702058956433,0.0005680585472508597,-0.0031428983856519412,-0.004684826315791354,0.0005338527055039001,0.00028964520287363277,0.0,-0.021563516927240133,-0.00081628547009,-0.0010628504097720303,0.0008020546034368,-9.066100942555812e-06,-0.0014995079055413515,-0.0006995455523069999,-1.7091825838076925e-05,-1.790333987239307e-05,-0.0007951773851217946,-0.0015636516573317636,-0.00046227014272676663,-3.499393561559995e-05,-0.0019114205041653334,0.0003869205879474333,0.0007468427067158001,0.0011297102602264365,0.0008318354794563592,0.0049312408379176,0.0039894182244258666,0.0024061391796461663
1973-09-01,0.001970009758661433,0.0020417643300850003,0.0033391989693470673,-0.00015534501329383336,0.005544731582964667,0.0034072400322975997,0.0035320138412986667,0.004220977482502167,0.0011743898108826333,0.0005784879326329317,0.0014929360013414333,0.010408675019909134,0.003233235008986433,0.0034807302873972,0.0016660012624640666,0.003085785621101933,0.014656906643206902,-0.0019540456776295668,-0.025099999999999456,-21.333333333333332,-0.003995949999999967,0.0010777513393336999,0.0011835510726368667,-0.033333333333333666,-0.06666666666666633,-0.016327993800130065,0.025198320425099997,0.0025575573038866995,0.025436064354441203,-0.032283275329972334,0.010983970170928633,0.0016822057415351998,0.0008929905623518668,0.007543018918599767,0.0034796678185990333,5.374177090783332e-05,0.0010777597830919667,-0.0015819869634464666,0.0020286941489378665,0.0016495237030179331,0.0023697750475405997,0.0012119419301192666,0.002373696026024733,0.0004802382812136667,40.03333333333333,0.0,40.666666666666664,7.607499560858003,-0.0403485604304,-0.0166323237148734,6.77979438065461,6.0407114582804065,7.482435123767556,-0.0793033404768367,-0.01106184966188313,6.580256999205194,6.05076341337465,-0.0010524422523694999,0.019067396069047532,0.009338272234045868,0.0034437086666667,-0.0020869937553484497,-0.002411660506510567,-0.005059509601996,-0.000752444088836266,0.005018219168588799,0.010675381263616565,-0.005380914343289966,-0.0005746067759909015,-0.0022407683569879355,0.007984066666665327,0.0025348664617398,0.008023941666666668,-0.016759257704412132,0.7633333333333329,0.7700000000000001,0.366666666666666,0.40666666666666634,0.3333333333333333,0.12000000000000004,0.06333333333333334,0.08666666666666677,0.16666666666666632,-0.6166666666666666,-2.236666666666667,-2.1533333333333333,-2.0533333333333332,-3.223333333333333,-3.3533333333333335,-2.973333333333333,-2.0933333333333333,-0.003975753588418034,0.0012284921105486333,-0.021083543668107534,0.0032890085946688,-0.004393254148136599,-0.005786590477070434,-0.0101135723508907,-0.032577068281888576,0.0,-0.004328219172313567,-0.000791957311553567,0.0005036891814382666,-0.0024321081681547667,0.0008535384705393333,-0.0021119394830286,3.3248866622888804e-18,0.0007990614858534896,0.0007444095768408001,-0.0014710574437037,-3.630021602226673e-05,-0.0005796044739480666,-0.0002156969398567667,-0.0024499397639842,0.0005306107253208578,0.0007212714157263713,0.0022290812906527666,0.0007986206022800999,-0.003023286851325567,-0.00242294482863236,0.0022140633132930665
1973-12-01,0.0027709960285052,0.0030573315770361,-0.0045382410296301665,0.009299365806876134,-0.004284609009859666,0.0032534917276489,0.0009377299258401667,0.00040665684536213276,-0.0035138362638480005,-0.009610807457752066,-0.0005429649893394008,0.0084368196355943,0.005794320639269133,0.0079473894849842,0.011606117673723068,0.005687163045836666,-0.0373229818578841,0.0051535442105033,0.20689999999999964,-42.0,-0.018643205333333333,0.0038806452490138337,0.003541078200563267,0.033333333333333666,0.03333333333333335,0.017760455537645534,-0.009036698003158698,-0.007732305471717435,-0.03663532600983347,0.03534608401477467,0.04679864870999131,0.0032409182999976666,0.003253982355915333,0.008052811305450533,0.0001573069086925667,0.0037582664993814,0.004534824357059801,0.0025090723429628667,0.0032351924017793,0.0023086060542419668,0.0033218828699853333,0.0028868757333662663,0.0021891128608342667,0.004243912081490066,40.13333333333333,-0.06666666666666667,40.6,7.402523141630417,-0.0846479776066434,-0.12223057406073644,6.592358863628384,5.846553831656493,7.219518308703883,-0.06857799913956668,-0.09250301491291008,6.338520285807454,5.7460802779509805,0.006550896867181531,0.0218054840909261,0.0142717237375726,-0.0034437086666667,0.0021591763947208333,0.0023829291757696334,-0.0016556027484808666,0.0046596621577359,-9.298118881803363e-05,-0.0034153914393435674,0.0017254294720121,-0.0005060088053854333,-0.00020734045484083313,-0.28765096666667034,-0.0360333182442396,0.15652076266666662,-0.056238050413502,-0.27666666666666684,-0.3433333333333337,-0.28,-0.29666666666666663,-0.34666666666666696,-0.08333333333333333,-0.11666666666666663,0.016666666666666597,-0.050000000000000266,-0.82,-2.4966666666666666,-2.3833333333333333,-2.5833333333333335,-3.1666666666666665,-3.2433333333333336,-2.3466666666666667,-1.5599999999999998,0.0196292832095856,0.017967928884492765,-0.014206315464900967,-0.0029553081630217,0.00352293163456323,0.004172581031785833,0.011378381479871663,0.017634889905701865,0.0,0.034040365492981735,0.0014140823192742003,-1.8676228900894216e-05,0.003984672121515741,-4.317146199713309e-05,0.0026827777276093334,0.0006865776543369099,-0.0008680170726173336,-5.084788864007514e-05,0.002073617653198409,0.0006830313232013332,0.0014105131179508127,0.00021634871211076664,0.0038123556040559003,0.00013472607529356668,-0.0022959379031494997,-0.003958024981306529,-0.0008566814128314607,-0.0043279359765282,0.0006281300218186666,0.0019278159591117926
1974-03-01,-0.007049808194527866,-0.0084466311738585,-0.0015936285334474,-0.00021386743589129988,0.0108974310776458,-0.0032556953440036067,-0.0022781115531228997,-0.0026210129874534326,-0.004837189720724633,-0.0178932380638246,0.0011967018601668998,0.0014506143507424668,-0.0043450736810455,-0.011509930697189566,0.0032473688690898995,-0.004283926034971367,0.012366872876288968,0.0032504086388480866,-0.6508333333333337,-23.666666666666668,-0.013908564999999998,0.002058398326500567,0.0016087473015389002,0.06666666666666633,0.0666666666666664,0.0113815060515495,0.02286188796908797,0.033857461648030565,0.055801490030238966,0.0020263486921271666,0.030915358611795302,0.0011301108310727333,-0.0012921545977721668,0.004698913429917767,0.001255789884946067,-0.0021322034322311997,-0.0028812810854515,-0.0009270853795163666,0.0021862820771343335,0.001972265491846833,0.004431340454650833,-0.00016125765550846667,0.0028411636868999335,0.0019370285770623,39.9,-0.03333333333333333,40.43333333333333,7.365917449664619,-0.003174627170420071,0.056458190142633306,6.52245316880592,5.74403361947797,7.2271080632317535,0.006700393107029967,0.10455251961834654,6.295875902116066,5.782236453073559,0.014357152793748398,0.024733294704704534,0.015765260704834933,-0.0034437083333333333,-0.0006633847896223666,-0.00031359183806000003,-0.004980099903084667,-0.004370978637814699,-0.0057143323623537025,-0.007913584595514802,0.005434944909712733,0.0001836447140638666,-3.669171498306669e-05,0.3201347333333333,0.009226129140714967,-0.011925176333333407,-0.0136321338417867,-0.19999999999999998,-0.21333333333333263,0.17,0.09000000000000026,0.16333333333333333,0.16999999999999968,0.1566666666666666,0.10999999999999988,0.046666666666666266,-0.8233333333333333,-1.7066666666666668,-1.843333333333333,-1.97,-2.296666666666667,-2.27,-1.4266666666666667,-0.7799999999999999,-0.0128702997092185,0.0023559888382905987,0.003320479725901266,-0.0092664314832218,0.0005237416497451998,-0.00015248987637863387,0.0016082173831917998,-0.011097228652166566,0.0,-0.0139447930078494,0.0006128333246114,0.0009597206505527852,0.0029138221553458,0.0016171624310798004,0.0011932349374303003,0.0006684377617195762,0.0015492722282927334,0.0013896272737509256,0.0012487141638028334,0.0013204052394914668,0.001114473969279331,0.0018599852822428972,0.0020736372635845,0.0002577476222101333,0.0007267053755106332,0.0005405214758588001,-2.3681110180366644e-05,-0.0017078837461573999,-0.005307764478140233,-0.0013708911495342337
1974-06-01,-0.00012471495583333335,-0.0015717904332473332,0.0012872992786540332,-0.0021397803287914333,0.009025283592807867,0.001039955490368634,0.0019483145824083336,0.0024015388483806005,0.0032318491990164337,0.0034552004196807666,0.0031429157385784666,0.0018876028625480002,6.259589905730004e-05,0.003286932260765837,-0.002791961682906267,0.0011676583113452666,0.0202203455161909,0.031129585354086334,-0.148266666666667,-10.333333333333334,-0.017997404666666664,0.0015091950146626334,0.00046807865272963334,0.10000000000000032,-1.3415194880887307e-16,0.0114064082182474,0.0260406330820236,0.0289383494449439,0.024748529996403604,0.0354230645313483,-0.006481085568075568,0.0013086908673340999,-0.0013536970252498333,0.011093647255165701,-0.008650249337250067,-0.0001783007976896,0.0011266639837389668,-0.0022823163757621,0.002456938869160033,0.0020456498390549666,0.0025974729159129336,0.0027464341248399,0.001991046238321867,0.0020429073137909,39.53333333333333,-0.06666666666666667,40.0,7.322200893500036,0.014053603608093232,0.0165780018913765,6.461058327732044,5.766552805213677,7.053792612124343,-0.06177036521410673,-0.10590478651688663,6.056088260211003,5.73016110915236,0.023131077210338802,0.023337637265730304,0.016652841775875633,0.010331125666666734,-0.0006351947831430333,-0.0010505952662773668,-0.005334628536919167,0.0009064178499024997,0.0028530844652232324,-1.156804904850021e-05,-0.0034671412174865335,-0.0013514812994527001,-0.0002222599991039666,-0.528839566666666,-0.027254397809623267,0.12253550566666656,-0.04386200381302174,0.86,0.8466666666666663,-0.01999999999999987,0.09666666666666635,0.30333333333333334,0.2633333333333333,0.1100000000000001,0.15333333333333332,0.21666666666666667,-0.61,-3.096666666666667,-2.97,-2.56,-3.1833333333333336,-3.7066666666666666,-2.8866666666666667,-2.1866666666666665,-0.009766656216924767,0.0009498625164144342,0.0069899125640383005,-0.0019259924266294998,-0.003336697865033484,-0.003904051976170551,-0.003256247603947967,-0.006474764717680499,0.0,-0.01580183999581693,-0.0007728589317815,-6.110503073276364e-05,-0.0017024211332606666,0.0022967454537181665,-0.0013555217648474,0.003251836456820933,-8.026765653583355e-05,-0.00010678822308766667,-0.0014127783654356999,-0.0014381772559048666,-0.0010237361631453667,0.002795238174582732,-0.0042007681312602,1.0972053861066638e-05,0.002113193535600967,0.0021311398936251,0.0022883708311752667,0.008794097107078467,0.0055226365036998674,-0.003843817427756434
1974-09-01,0.0004069211212390334,-0.0006293151590674334,0.00022388368317229992,-0.0068482059223384335,0.006601308638574134,-0.002823040361970066,-0.002399601736209,-0.0003611947495148667,-0.0035286234050243667,-0.0022213651782582665,-0.004105753126929466,0.005551449897401801,-0.003281736204303467,-0.004932686418186166,-0.0049360052298629,-0.0029920996773016985,-0.012353895774576767,-0.0022874272895023993,-0.46799999999999864,-119.0,-0.045278801,0.0022420474062840668,0.0004214753730262001,0.16666666666666655,-0.0333333333333332,0.028881400797995237,0.034019697682924295,0.0325545278394953,0.039856782076826434,0.02111523731026503,0.0553027134538713,2.544302671483333e-05,-0.004509475226269499,0.010111406090768334,-0.011200726784405667,-0.0035501384471642336,-0.003653799089340333,-0.0033822161652482335,0.0019513901196438331,0.0007215010031913666,0.0008846733436295332,0.0019723578136297,0.0004959088442568999,0.004256713231903533,39.63333333333333,-0.03333333333333333,40.1,7.09013524115284,-0.04233323025377005,-0.09261579775789323,6.15610711110937,5.559516552972577,6.821420881912876,-0.061173293095356705,-0.040278824381090005,5.748078647775906,5.483743775816134,0.003367343768565801,0.024536149482193768,0.018018309846252602,0.010331125999999934,-1.0341871238199162e-05,0.00021226911706966672,-0.006899844974668633,-0.001632969273970334,0.0008996856563884005,0.004922256359981134,-0.0017457315564565667,-0.0014540121358927332,-0.0010956138933065334,-0.9692164666666653,-0.09206758491274336,0.45737579433333336,-0.10917920225054507,-0.19666666666666668,0.059999999999999665,0.053333333333332976,0.13666666666666696,0.0666666666666667,0.08999999999999968,0.16666666666666666,0.2566666666666663,0.3033333333333333,-0.39666666666666667,-3.9,-3.563333333333334,-3.08,-3.6300000000000003,-4.126666666666667,-3.1033333333333335,-2.28,0.0007572470656085333,0.0184611951444419,-0.0104398728586925,0.006828041556528,0.003703741808356933,0.004351088738137968,-0.005279906867494099,0.0062365035375549676,0.0,-0.007384702079471033,0.0019112687772562,-0.0014769290178928008,-0.0015370079996842,-0.0017530843351957334,0.0017648451336525004,-0.00017500437912923328,0.0006451198710628667,-0.00011457903774773333,0.0018292184467910333,0.0019143560845336003,0.0006238204155957852,-0.000790964257565,0.0022010029789525337,-6.689099748904628e-06,-0.00010498357093910015,0.0014435054246818662,-0.0008683560206464332,-0.002841566399767467,-0.0034985777633108326,-0.0011589297831863668
1974-12-01,-0.0011225682362372,-0.0031271169707138002,-0.005115979233422299,-0.0192605018492878,-0.010011114315458867,-0.024410744413667463,-0.019579525369308435,-0.018683809253637235,-0.020783301363065235,-0.049894249925200494,-0.0086877130651016,-0.018338925463730667,-0.029573521578377133,-0.035724889140065635,-0.034290075956505135,-0.02788106574740587,0.0010161694934756015,0.006996098131893467,-2.4171,-236.33333333333334,-0.07249001100000001,0.0010507309835254333,-0.003491279738927433,0.43333333333333357,0.16666666666666666,0.04590002316558064,0.0823796856234751,0.08712811752704745,0.0745927568241003,0.106383666725473,0.12443549555568707,-0.004087203980845434,-0.014205219706688268,-0.0097148756846511,-0.012624883394543901,-0.014723041665037634,-0.015853970827114566,-0.012899867498701265,7.830028193999989e-05,-0.0021265356546796336,-0.0004113876099320333,-0.0025737748211381666,0.0,0.0031515135322071337,39.26666666666667,-0.19999999999999998,39.6,6.930424808061503,-0.09821691392262337,-0.014547763243969966,5.947016636553813,5.4047487954958635,6.714882117055221,0.08430395757001996,-0.04935103331971317,5.536649080283257,5.39540591447575,-0.05367963356392083,-0.007258469944148367,0.017304198184850402,0.041324503333333366,-0.0005004696665169667,-0.00013385453332963337,-0.0031492690379097666,0.004308173495476267,4.882967477033128e-06,0.0046446831334198005,-0.0013488859231014668,-0.00013421711403436667,-0.00014060991328493336,-1.0939021333333294,-0.005178001894280466,0.032471632333333424,-0.01589170573319097,-0.936666666666667,-0.726666666666667,-0.30333333333333345,-0.473333333333333,-0.5200000000000004,-0.353333333333333,-0.20333333333333334,-0.11666666666666653,0.15000000000000036,-0.12,-1.9866666666666666,-1.89,-1.6733333333333331,-1.6933333333333334,-1.6766666666666667,-0.33,1.2233333333333334,-0.04697463152846163,0.0014761327268128335,0.0018510992706161666,0.0006077181871716666,-0.003703741808356933,-0.003654974140997733,-0.0005968369245961334,-0.0035510156309662977,0.0,-0.0020404684032818013,-0.0020645303445981336,-0.0009402921138805557,-0.0007547724663211226,-0.0008463122895731334,-0.0013117807810514954,-0.0013765251557214797,-0.0008258645435235767,-0.0007471466663491731,-0.0013594450073709733,-0.0013905283004779223,-0.0008152278336685001,-0.0022197179354744817,-0.0012562920807853363,-0.00014828523965410004,-0.0007620350783933668,-0.002118954806863725,-0.0008105598704250669,-0.005177005101620784,0.0006166592384045668,0.007198379541052301
1975-03-01,-0.00022634833356073334,-0.0025832936960222585,0.004892095550249967,-0.013165255743996199,0.009202104971594266,-0.016032083411206002,-0.016381229020416967,-0.015276524604983069,-0.0114303081484953,-0.020330813940351068,-0.008022923549922867,-0.024732774403072668,-0.015659326445974665,-0.02549487276699097,-0.026402912258260098,-0.02075991845813133,0.012384925435318233,-0.0111558844524957,-1.6788333333333334,-92.66666666666667,-0.033752957,0.0013803384519264997,-0.0037238248494677333,0.46666666666666634,0.566666666666667,0.007175543514759866,0.06701699863469336,0.149104072681222,0.168153409966305,0.11907746978128673,0.014075196390975231,-0.0043379311715187,-0.015745176245449233,0.022967900405420235,-0.0206618837412827,-0.016213466212327866,-0.01767603379079157,-0.013879412810746101,0.0001505257891304333,-0.0026343825877154,-0.003964734587854067,-3.9090596410766694e-05,-0.0009925565646415333,0.0044349577903072665,38.6,-0.10000000000000002,38.96666666666667,6.882271323492954,-0.07554872728846986,-0.025752827712376646,5.92777464359076,5.266762778622639,6.581026424455197,-0.1842189392037031,-0.03749266114223013,5.412465104577312,5.366758368014122,-0.026379106838870566,-0.0147728507646979,-0.00012839144854773321,0.013774834333333333,0.0010842810484543999,0.002655460275372567,0.0026169394128053337,-0.004627883169588301,-0.008502238466717667,-0.013166759502400469,-0.0055051851059938995,-6.808919100216668e-05,-0.0006297636584496666,-0.6088132333333359,0.07415248846908097,-0.329002018,0.07315670948936794,-0.9966666666666666,-1.0400000000000003,-0.5533333333333336,-0.49666666666666665,-0.39999999999999997,-0.003333333333332994,0.10000000000000044,-0.0733333333333336,-0.05000000000000001,0.3,-0.5533333333333333,-0.4366666666666667,0.003333333333333336,0.9700000000000001,1.2366666666666666,2.4033333333333333,4.343333333333334,-0.015639644357807934,-0.014123625528352333,0.012443342835395466,0.004123349204046133,-3.3176586478056436e-17,-0.0005915337268514415,-0.0023148241176036335,0.009684255988819201,0.0,0.0080544067118543,-0.0013139705112002419,0.0004626417582826666,0.0006549087501741333,0.000629733329763,-0.001803963409566704,0.0005097740342227344,-0.0021885935699098003,-0.0007033508554222951,-0.0018727559477440322,-0.0012987966500307615,-0.0015014241790249668,0.0009777946887415663,-0.0030811728027895662,-0.0010995446817133,0.0006089274786417647,0.005458010950490067,0.0013995259606907667,-1.4022737777466543e-05,-0.004470472623683133,0.0035786917011184
1975-06-01,0.008199472335156435,0.0020592434289958,0.0074482529605637325,0.006229581602896768,0.019283347595478634,0.001765351023546,0.0049308370988264,0.006957281650388933,0.012999572347069934,0.024281753448241933,0.008672297064536334,-0.008947355098595467,-0.0017056600591332665,-0.010608295194307634,0.014703963425786134,0.0023298913715946246,-0.006066669642266365,-0.0019656872501956336,0.05270000000000167,57.333333333333336,0.004094044333333367,0.0014637130370385332,0.0006567299329708721,0.066666666666667,1.1666666666666667,-0.03531742084888883,-0.013448940753791364,0.10512690762050907,0.054759943436265,0.17628911675038336,-0.03271663990797493,-0.0005527664610275334,-0.004035485462022533,0.0029920337141185337,-0.009505816092403868,-0.0032396482733792996,-0.006840853790675267,0.0023960746540338,0.0007756346113599001,0.00042977485754269984,-0.00021278294203419998,0.0021898116504068667,0.0005793504458638333,0.0006770941457390667,38.800000000000004,0.03333333333333333,39.06666666666667,6.9752987102288495,0.0386106051750398,0.029449723277096797,6.008472915542341,5.610602278520086,6.81131934968949,0.06718430624061313,0.11187384491363338,5.662607087139477,5.562648676399974,0.013608719687248668,-0.014765080900859333,-0.0018848646622657665,-0.02066225166666663,0.002106046834642,0.0013168791621594334,0.009028583880826767,0.0037017715278565336,0.0066356682131406995,0.0056061744118959,0.0014007118594825,-0.0010638008328127334,-0.0044979593521397,-2.5984543999999965,0.03264422104291647,-0.12178963200000004,0.03653801918743687,0.0033333333333333917,-0.1299999999999998,-0.05000000000000034,-0.003333333333333157,0.05999999999999981,0.06999999999999998,0.04333333333333333,0.03333333333333304,0.0466666666666661,0.4066666666666667,-0.02666666666666666,0.3133333333333333,1.1066666666666667,2.32,2.6300000000000003,3.453333333333333,5.21,0.0014865133814011989,0.006326826270330867,-0.019544579644877866,0.0085192197592129,0.0028910270844762667,0.004075992887587233,0.002314824117603633,0.006267751070392467,0.0,-0.0089740254495991,0.0012365515618385843,-0.0004626417582827,0.0006418527610110497,-0.0007944143270254999,0.0011412204153217666,-0.002397552855182276,0.0013886673996632997,-2.619030249263237e-05,0.0005868845468993213,0.0012274470725045959,0.0009497875275403609,-0.0022555251511355,0.0025873638546805456,0.000706179474821,-0.0013595819373430332,-0.005054164109714766,-0.0014756598805863337,0.009269500184342867,-0.021607164877532198,-0.0030101095525312
1975-09-01,-0.0004336467273725335,0.0036141116728825667,0.003052125095328833,0.006336362103005133,0.009394842665313267,0.011008130317227534,0.010809978984208435,0.011502210291108797,0.0151063689835637,0.027427643569908202,0.010146061266124067,0.0048896673682795,0.011226892848491031,0.013695104187334566,0.021476896416266333,0.013540671054212099,0.005779754833733667,0.020032177466208768,0.876600000000002,27.333333333333332,0.007271416999999933,0.0022260529963157,0.0035890671498458,-0.13333333333333333,0.266666666666667,0.000695652426399467,-0.023082466658101635,0.007305910826409265,-0.05399453934948147,0.0675166021898086,-0.035643810533423734,0.0030656242026936334,0.0041921344302391335,0.0025109114596386668,0.0044138316885309675,0.004246847546670634,0.0024919782925815,0.0069373639526701,0.0026380390186636665,0.0023965524553967,0.003449782206528033,0.002900115737075333,0.0025536596743880664,0.0009006580279097334,39.333333333333336,0.13333333333333333,39.63333333333333,7.130805230382826,0.0461341076197067,0.040348560430399964,6.152102997564984,5.6922611946876565,6.933028594278826,0.05364345560421017,0.0362529965389801,5.763489436171997,5.707276200110111,0.030935362491334235,-0.0024792096183722666,0.0035036410201053666,-0.013774834333333366,-0.0019267047847615999,-0.0024320989173860336,0.0029315158938315335,-0.004027694690620066,0.0019267876384997326,0.0019267822736031327,0.0023888561483597,0.00017940075944770004,0.006748117691613467,-0.13128976666667028,-0.02912187699781743,0.12218857999999973,-0.018668000921687133,0.23000000000000034,0.37333333333333335,0.3599999999999999,0.43666666666666654,0.4866666666666666,0.28666666666666635,0.1899999999999998,0.05999999999999977,-0.0033333333333332646,0.40666666666666673,0.17,0.6266666666666667,1.36,2.046666666666667,2.1366666666666667,2.7533333333333334,4.423333333333333,0.027594446044099597,0.0072388748371174675,-0.030101946229918634,-3.2477549919333534e-05,-0.0006349553024298379,-0.0006437898315860667,0.0011474480636577333,0.0062135040386671996,0.0,0.011403086042052465,-5.0583782936233376e-05,0.0004588209029077667,0.0018378561515497334,-6.4335386416931e-05,-0.0006115732346586998,0.0011273594087649666,0.0006505136577342,0.0005945003062108001,0.0011386299666746999,-4.984051045953322e-05,-0.0004310332693043667,0.0008258471822569333,-0.0019319044274214334,0.00023467739185846666,-0.0006784578061214001,-0.0019767112788558333,-4.498729115852288e-05,-0.005233360165902899,0.0245850190653272,0.00017111337610723325
1975-12-01,0.0020282194207581253,0.0023044119165138333,0.00566252207198861,0.0034296875520164996,0.008749683733459033,0.0063896368572778335,0.004865375476018061,0.004709798413440033,0.004747396725164134,0.004713615265385934,0.0047407125101322995,0.006394176702245499,0.008066563340907133,0.005289786119342233,0.0114989482028595,0.006985314938312833,-0.012734472716601468,-0.0031567620132560655,0.3943666666666654,34.333333333333336,0.0069580753333332995,0.0007316649368647,0.0014879600370066,-0.06666666666666687,0.13333333333333267,-0.013713517826025099,-0.024343854446888368,-0.004387547470239,-0.006692631512176371,-0.002512574710475631,-0.05790396629001116,0.0033882220288656336,0.0049434287540529,0.004741663643782367,0.006284263384008166,0.0046215442852925335,0.0036064487478833997,0.006161604891367733,0.0027946300629479,0.0021465002394104996,0.0024748151546187002,0.0033175774551908663,0.0022898356321725,0.0027320721750137,39.6,0.03333333333333333,40.0,7.201596601445172,0.021937739523190235,0.020016544593169996,6.256334636224394,5.788638406989443,7.002129249215803,-0.020912780211140167,0.028048225502516566,5.84542639314427,5.801726736205186,0.0018394714012620664,-0.0065962666965203,0.0017381065889351668,-0.0068874173333334,-0.0015235139916770668,0.00022859088369710004,0.0021590443982152335,0.0056418386682368,0.0028666737997900663,0.0038647342995169003,0.0015410182493834732,0.0012666614150147668,0.0031979003782195005,0.029249699999998935,0.015499513887116135,-0.07763367366666647,0.028309155346364096,-0.34666666666666685,-0.30333333333333307,-0.32666666666666666,-0.35666666666666674,-0.3833333333333337,-0.203333333333333,-0.1433333333333332,-0.053333333333333434,-0.016666666666666333,0.59,0.21333333333333335,0.5533333333333333,1.2666666666666666,2.43,2.65,3.3966666666666665,5.166666666666667,-0.009507344074544899,0.006342331115432333,-0.0099548664028882,-0.004051940231044834,-0.0017009786756926667,-0.0022522608209598668,-1.941540224417089e-05,-0.0099203490536102,0.0,-0.006654532757819901,-0.0006475605256704667,0.0004506839814934983,-0.0039590225836773,0.0006373824526070063,-0.0005844107829406,-0.0011630399254525666,-0.0007391001344754667,-0.0006655917015778,-0.0012104552503891361,-0.0006425862265668667,0.0001888501578359,0.0011351428029560998,0.0005670879065505332,-0.0003351806532198333,0.0006182336214307272,0.00047491731589270007,-3.465273629783611e-05,0.00020986264618606636,0.002947419881147967,-0.00033304843799030013
1976-03-01,0.004993050855189733,0.005337536237067367,0.004661144874094667,0.012123261158323566,0.008059295355857634,0.008409336136657201,0.005922374580973733,0.0055362293997576,0.0049684512077477665,0.0094156265288626,0.0030738008968207997,0.007673803621586,0.011111492741606234,0.019551110071025633,0.007095186119962866,0.009778686060969334,-0.0015999474214518014,0.013762650307614699,0.600533333333331,78.66666666666667,0.019139849333333334,0.0028336949402488665,0.005038744670150267,-0.19999999999999998,-3.2381504884900397e-16,-0.016577318121578966,-0.031238003423834065,-0.05373571044218354,-0.08920139263841725,-0.0275928958308036,-0.012477355524911367,0.004376170410830867,0.005782348659730899,0.0016995430171604334,0.0040040521493345,0.006356736992110167,0.007761573292736233,0.004222230143577433,0.003836152887386,0.0051501366072527,0.0034324353531882,0.005290666158369167,0.002031288024773733,0.0009131510515866334,39.9,0.06666666666666667,40.300000000000004,7.272576038295547,0.06708318889315647,0.05284107574662313,6.318816625220376,5.822901859636663,7.07574255958752,0.0094568990430733,0.03123800342383347,5.925798828428267,5.8927102165100775,0.04211735613973214,0.0009615142970519668,0.0072818291507381,-0.010331126,0.0018223232123076,2.9051612218666523e-05,0.0085167712147047,-0.0038441724277419667,-0.007753073668440532,-0.007774802725714367,-0.006062087325159866,0.002309863883604367,-0.0019400632578392332,0.08573753333333421,0.043616745570297134,-0.16632153400000008,0.05248212011829447,-0.12000000000000023,-0.21000000000000005,-0.14666666666666675,-0.1366666666666665,-0.12999999999999967,-0.0899999999999999,-0.08999999999999993,-0.09000000000000001,-0.146666666666667,0.35333333333333333,0.09000000000000001,0.43333333333333335,1.1500000000000001,2.64,2.926666666666667,3.73,5.43,-0.008732444073775866,-0.005665812676928,-0.013335447956698067,-0.009334876792512799,9.259272119596998e-07,0.0,-1.1337032986169533e-05,-0.0011594214587746,0.001933974205369296,0.0047565007215928665,-0.0012076607180502702,-9.819228013208605e-06,0.0018425358597573334,-9.429476336285055e-05,-0.0016717762958879786,0.0005474016762727605,-4.734213378934968e-05,-2.6984908704442935e-05,-0.001159359419350011,-0.0017905146006370668,-0.0013321657242162334,-0.0026321716302648,-0.0018683336264716,-0.0006574802576591334,-3.9312601342477955e-05,0.0009404921193500332,0.000624196529603059,0.0020474102734269,-0.0030261197936709,-0.0020658313857582
1976-06-01,0.0021584906461319334,0.0030500218205275335,0.0037657718916580003,0.0052944247612150665,0.010618388744864168,0.0034316543969587668,0.002920391369168633,0.0025318183602892667,0.0023994096692423997,-0.0006600068156945334,0.0037039957293133006,0.006595940961951634,0.003979006057728967,0.008739127088012933,-0.0005483737441333334,0.0039681959813259,0.010737636168912166,0.014920479287188334,0.13896666666667068,23.333333333333332,0.0014865173333333329,0.002337354771566267,0.0021826059205511,9.25185853854297e-18,0.1333333333333333,0.0195808826258159,0.04465663098680763,-0.015227174307525765,-0.0006802723449509986,-0.025370695510531463,0.02940807780494653,0.0013802642220106,3.0329223744633407e-05,0.0008020322008620333,-0.004829021634084367,0.0009716791196616668,0.0029546005167534997,-0.0020801654233366666,0.0018987429975425667,0.0022866735553878,0.0021060392839876334,0.002671867730994,0.002501726628185067,-0.0005342238205253333,39.699999999999996,-9.25185853854297e-18,40.03333333333333,7.278679242867683,-0.052542981401193366,-0.007054937064016734,6.2726893267981,5.915930199078076,7.065610684212757,-0.026680902557846636,-0.006451814317650001,5.92421766622413,5.8891581555455135,0.0054570847793632,0.0022579925109109666,0.010254820975915133,0.0,-0.0018330352036472336,-0.0013880089469197332,0.0045027833415973665,0.00023613448846046648,0.001960823892173467,0.0019435000879477456,0.005962822845679568,-0.0025122792420327333,-0.00025884341734363353,0.14393103333333102,0.0022999926966654335,0.014555022333333367,-0.0036507542123389003,0.21333333333333346,0.19333333333333366,0.1366666666666667,0.10999999999999932,0.103333333333333,0.04000000000000018,0.043333333333333335,0.03333333333333336,-0.07666666666666633,0.25666666666666665,-0.04,0.32666666666666666,1.0833333333333333,2.2866666666666666,2.5766666666666667,3.3366666666666664,4.7,-0.012604096182829332,-0.0014756064747428333,-0.0321820913016177,-0.0041847959692260335,-4.599001556763061e-06,0.0005550931063537333,0.0016358661178997314,0.011518270904497066,-0.0019339742053692832,0.0007271035753735333,0.0011725805518656431,0.0004381087814315169,-5.7056327286533294e-05,-0.0007196356983788128,0.0016625322636034667,-2.773363509127628e-05,-2.2844523986233326e-05,-2.2974208178545695e-05,0.001126992817538248,0.0011737101328594332,0.0009548380830626,0.0004166112414513666,0.0022314982986494,0.0002902181781620334,-0.0006454207252162666,-0.004265591343743067,-0.0007099414389718667,0.0032794659540792,0.0049801965884827,-0.003419889177217899
1976-09-01,0.0032771496753358337,0.0029654596761859004,0.002791241396002033,0.0023453496331189,0.0007021081213446203,0.005228002237472467,0.0052236830265736,0.003450881716508633,0.0030077351116487663,0.004495888235764867,0.0023645579243757333,0.006892415247555134,0.005229286783371467,0.0066486829629664,0.005857281964959867,0.005514555959850033,0.0025516998861041,-0.005578427562488101,0.24539999999999904,-15.0,-0.0031076606666666333,0.002314174549916,0.0022880466725278335,0.0,-0.5666666666666665,0.014395777561196534,0.006941682533317835,-0.005185930010308732,0.036411504591446736,-0.03889166743400716,0.011441580847024633,0.0021598890147439334,0.0024174402635222,0.004728211663985668,0.00018350307831066666,0.0027283731020529,0.0031457058189013304,0.0020801654233366332,0.0020611937189022335,0.0026001493818021333,0.0017179304958147665,0.0030860473125665666,0.003041237583011233,0.00017816975547186678,39.800000000000004,0.0,40.233333333333334,7.3470104420192675,-0.004090030863939868,0.07615896576319009,6.371084533206447,5.995177581834684,7.201460796358837,0.06203409321128667,0.0806199374660566,6.0301646243235565,6.073186764677501,0.0098662778315403,0.0036091500985252667,0.008936157555396533,0.0034437086666667,0.0003304452749474998,0.0019452698306163,0.0048751630729932,-0.0020507154607389663,4.637223041901543e-18,5.7840245241992285e-06,0.0012973953142312333,0.0007912565644616667,0.00027459819612653345,-0.22348869999999965,0.0119002829332331,-0.014742533000000035,-0.0025310597031864006,-0.07666666666666687,-0.16666666666666674,-0.1100000000000001,-0.15666666666666665,-0.22666666666666635,-0.16000000000000034,-0.09000000000000023,-0.07999999999999939,-0.1633333333333334,0.12666666666666668,-0.13333333333333333,0.12666666666666668,0.73,2.026666666666667,2.4466666666666668,3.1799999999999997,4.336666666666667,0.0003910701610313,-0.013447522045351467,-0.007027452455379668,0.0005131627225852999,0.000541477121890549,-3.673074344829599e-06,0.0004942171698010667,-0.009331869163142466,0.04430497771240333,-0.001440633815323766,-2.7702749513913733e-05,-2.113703138150004e-05,0.0005353766559438002,-5.8727665286666566e-05,0.0005297420476202919,-2.9467824503505798e-05,0.0005949967773184333,0.0005597074693538725,-2.55953405231916e-05,0.0005608991588162447,0.0004092044664749667,0.002100227801461367,4.157508921666671e-05,0.00019167010938730004,0.0011682948931186427,0.0032529283234182,0.0005957701913651666,-0.005440872067477266,-0.003506621143986933,0.0010089558957660997
1976-12-01,0.003823163884326533,0.004135921645944466,0.006834980590126233,0.010065347703805634,0.01571840147299197,0.008563579327267,0.0107105100544853,0.012346167310110167,0.011848923255546,0.023279416875068164,0.006864825534341534,0.016709597846138166,0.0062465948334943,0.005647477297502167,0.0034525346525692002,0.0076219800982993,0.036867428806854,0.011442839969078002,0.39989999999999765,80.66666666666667,0.007767666666666634,0.0027333689348723335,0.0023466930465178,0.06666666666666687,-0.03333333333333333,0.0012576474074010348,-0.003597416022852964,0.011276319676428332,-0.015943029229960434,0.03417753353560087,-0.028817935992006966,0.0023117634549525666,0.0017866703436387004,0.002796363671199533,0.004916778573456001,0.0010174097882747666,0.0015772168406596669,0.00014464453832200002,0.0025128708958721,0.0015995109129172333,0.0016582301376104665,0.0014754740725031,0.0035659439092435,0.0023075820485166333,39.699999999999996,0.03333333333333333,40.0,7.43218146677157,0.027629219935256494,-0.015236602320616568,6.403292710143254,6.206103838143387,7.305376816877723,0.022298078276676802,-0.035973778839833465,6.095073537502124,6.248843684273706,0.0291430228073371,0.009650276211453734,0.0063546349373245666,-0.010331125666666633,0.0021742531499103,0.0003662271203346,0.007536656957203266,0.0052998085732876,0.006729588518101501,0.007741131134534766,-0.00011239507610749995,0.0004155144796008331,0.0021398117954317,0.293939266666674,-0.0025372783465433674,0.07296858066666663,-0.0192120890568548,-0.19999999999999982,-0.22333333333333302,-0.24333333333333332,-0.26333333333333336,-0.3166666666666667,-0.3433333333333333,-0.24,-0.1333333333333336,-0.09333333333333356,0.04,-0.19999999999999998,-0.05666666666666667,0.35333333333333333,1.5833333333333333,2.316666666666667,3.31,4.34,-0.0032095151367104668,0.008408131080663267,-0.009553547186188333,0.014449939778848833,0.0015888014077110439,0.002152028147142362,-0.001116846216538004,0.0067836570871478005,-0.04430497771240333,-0.007291737585921575,-2.3906001612036213e-05,-1.2024299392629124e-05,-0.0018409136985892336,-0.0006751210926028333,-1.8508211701610936e-05,0.0005146962365820449,-0.0006674479455164877,-0.0006192438689701247,-0.0005753450510823334,-2.374154950205187e-05,-5.460090805966651e-06,-0.0016019997164305334,-0.000171809042487,0.0005332046022230333,-4.221880959156679e-05,-0.0009270577166638668,-4.395894241156665e-05,-0.023960634156887064,-0.0051086617673631665,0.005686304789809467
1977-03-01,0.0009316930489185333,0.0014932460957138335,0.0011150591024772334,0.0063288215044152,0.0079620017721028,0.0071020107682567,0.0061877603161258,0.006315878602489733,0.0036909742408024675,0.011362443863579166,0.0002462910862837334,0.014173376082419567,0.008084754284300267,0.010228115955212967,0.013377975515348667,0.009592961049282601,-0.0367587900316275,0.008630039322508366,0.5506000000000036,64.66666666666667,0.0134576026666667,0.0026160243004807334,0.003709668376840667,-0.13333333333333314,-0.19999999999999982,0.008116735154986334,-0.013432560588244167,-0.04791627560526143,-0.0507437644804852,-0.045726357985634736,-0.012262963275088726,0.003884562939124533,0.006098138160044233,0.009183553725671067,0.015107925620378401,0.004150362087104967,0.004656938490154367,0.0033573425307343667,0.0030337973663261335,0.004208014414072467,0.0033507057345693,0.005172976109879033,0.0043849978531304,-0.000553250472788,39.6,0.0333333333333332,39.96666666666667,7.51165508922244,0.07589290215986673,0.028446533910873182,6.553296728510159,6.34641551856956,7.352435621346923,0.07359594587391642,0.03767446280113013,6.199129367975954,6.309196328930387,0.0128320898983105,0.0033176123626971004,0.009081187104065667,-0.006887417333333299,-0.00028410402723603323,-0.0009459854203917667,0.0036134503985843663,-0.0030512738660520337,-0.00768852524703983,-0.009656315813057334,0.0006533313918020665,0.0016000790931842998,0.000573367460014835,-2.578122866666671,-0.0133156200702841,0.09893836599999996,-0.032429060390076064,0.013333333333333364,0.029999999999999968,0.08333333333333318,0.12333333333333328,0.2033333333333334,0.27666666666666656,0.19666666666666677,0.03999999999999973,0.0,0.08333333333333333,-0.03,0.21,0.7600000000000001,2.1199999999999997,2.6933333333333334,3.3733333333333335,4.446666666666666,0.013454890819853967,-0.016788484523642233,0.007656853532117233,0.010630974468055165,-5.4944753175366606e-05,0.0004661478105244331,0.0010147447115290665,-0.0011985701009228002,0.0,0.011371063566168233,-3.465263623043368e-05,-0.0017344633836693963,0.0011016720701716,0.0017730805687515333,-0.0005602931241567638,-4.031648445164867e-05,0.0005745948478010999,-2.9780251543607493e-05,0.0005159095263117669,-3.4418273839566076e-05,-0.00019265268791813337,-0.0005543783296010001,-0.00014830908804739965,-0.00012654065634707203,-0.0006229553158415035,-6.079230612866674e-06,-5.173025971916701e-05,0.02688772776827793,0.006771619552658599,-0.003507291445597966
1977-06-01,0.0027791279635511336,0.0044676249719366665,0.0012592407689037334,0.0028003518229203998,0.0054316263174261,0.0083881941859999,0.009710700090853966,0.009109068221016267,0.004864620733417091,0.010846901108064933,0.0021124539234132667,0.018744933589380033,0.006968702853046166,0.009804415684232267,0.005607056578010468,0.009266026493052667,0.010981541689853968,-0.010216795315718234,0.520599999999997,74.0,0.014129682000000034,0.0033061810127807,0.004198479363215167,-0.06666666666666667,-0.033333333333333194,0.015769808480093003,-0.020981056130625637,-0.023321878069857832,-0.0007465475311679987,-0.041778375595983235,0.0009240015156706319,0.0044627088101621,0.005453845214499699,0.0082360327798702,0.008780288573625799,0.0046311135236442,0.005431950730410866,0.0033711086651884,0.004079231010150466,0.0041755037604461,0.0037577430875253334,0.004530967469695033,0.003713196902676033,0.0034592856544790004,40.03333333333333,0.06666666666666667,40.46666666666667,7.559201402657954,-0.03495262559775337,-0.007583918994469901,6.6171891760615695,6.1990565747646,7.43415557858854,0.0399590924198335,0.017352120652016464,6.324202102109523,6.260187736762259,0.011161179045455334,0.010778477853033734,0.008244293950295233,0.006887417333333333,-0.0008812228216774999,-0.0006537194219854532,0.0031278825304467003,-0.00034040690636033327,2.5352505473633623e-05,0.0009774182676104332,-1.5390961503766688e-05,-6.845052181306656e-05,-0.0013555415903609331,0.5236650999999977,-0.004369132206711867,0.07538913966666673,-0.017240799998549435,0.23333333333333303,0.22333333333333336,0.13999999999999999,0.10999999999999988,0.09999999999999981,-0.056666666666667004,-0.06,-0.04999999999999997,-0.06999999999999966,-0.01333333333333333,-0.31666666666666665,-0.08666666666666667,0.5366666666666666,1.6733333333333336,2.2133333333333334,2.856666666666667,3.84,-0.008069177093581233,-0.008878687736743267,0.00032979293635446665,0.0020230819174073666,-0.0015931612490192,-0.003169595989675733,-0.003144677411119265,-0.015054497487830032,0.0,-0.011497969805142302,-2.5085115201333422e-05,0.002132686257531533,-0.0028514573655528,-0.0006863475182496961,0.0005047581837157997,-0.0015784423469433334,-4.3921486015419176e-05,-2.3100423324732835e-05,-2.5642800924147312e-05,-2.4918426772999973e-05,0.0001951648852468,0.0004007239236848333,0.0006495154534206667,-0.0001495463478771,0.0010938713555776667,0.0017736226670716998,0.0005437555834116333,0.0013111453317389337,0.0024863315312953333,-0.0033753285289588333
1977-09-01,0.005224175667802133,0.004857764221895833,0.003540488501191567,0.0026782121591336,0.004970331686192133,0.0021044086153716667,0.002738782311035233,0.0025294855625708668,0.0018519571559467334,0.0018298601652595667,0.0018527699068902998,0.0044358784603176,0.0014236586780507002,-0.00046156925337723326,1.603735470316672e-05,0.0019789982138267888,0.005479518327662534,-0.0019509759577372998,-0.08636666666666333,55.666666666666664,0.0178362716666667,0.0012087892126295334,0.0026824072564733,-0.13333333333333347,-0.13333333333333333,-0.028251411884858666,0.007455303233114735,-0.011492343052674768,0.008121479624713266,-0.02953584884081727,0.006849556075795334,0.004192321252962333,0.0028516052070118995,-0.001988077463890898,0.005092981563763567,0.0025917741771343,0.0038391567640475,0.0006135694947756,0.004710677244982967,0.004222351363434101,0.004216384381936766,0.004086464828994566,0.0046599437348824,0.004268815827999767,39.86666666666667,-0.03333333333333333,40.4,7.6051381354322665,-0.04667107674223647,-0.032188732797016735,6.705464920821334,6.2973082012646975,7.4460156589605075,-0.11159999847628327,-0.0276888662328698,6.369291854771123,6.302555350773173,0.009843571245997534,0.012385943231858933,0.007948229266770433,0.0034437086666666335,0.0005904300557949667,5.248238598437868e-05,0.0033120221071201335,-0.0016602662911183,0.0028943741911535343,0.006808619150835099,-0.0005304621125711002,-0.00046550435070626665,-0.0011147206999358,0.13964439999999903,-0.010434567225731333,0.0950396713333333,-0.018575378355342665,0.2499999999999997,0.2266666666666666,0.26333333333333336,0.27666666666666667,0.24333333333333365,0.09333333333333327,0.019999999999999865,-0.010000000000000066,-0.036666666666666466,-0.07,-0.3233333333333333,-0.06333333333333334,0.45999999999999996,1.15,1.5366666666666664,2.1266666666666665,3.0100000000000002,-0.015764999364353636,-0.007525092527662533,0.004621413057790566,0.004880425051157134,0.0004966320101171686,0.0010272221791360714,0.0015255556758039946,0.0094743472007801,0.0,-0.0017602153559762666,-0.0005676786524680324,-0.002123997329831533,0.001129944584837339,-6.0816152938833325e-05,-0.0005308855809179789,0.0005123969009795474,-0.00063597323695969,-2.525348183580003e-05,-0.0005403464645145406,-2.1535943496956242e-05,-0.0006063217660361667,-0.0004126528081442667,-0.0013103272358289217,-0.0002342124692302,-0.0006039508291208,0.0004143098938989333,-0.0006538065380027667,-0.0014948752608644669,-0.0023638977442938997,0.00017061646250066698
1977-12-01,0.006960391985427201,0.0076453946051297,0.005462309281586433,0.008395312990574033,0.010716911396960035,0.0017075840529643,0.0038808793585616667,0.004226700916416067,0.005854702992514167,0.0022147591346935,0.0075321493321673675,0.0035044712353002002,-0.0006214884973019334,0.009577611773454868,0.0024279330701695,0.0051363777121234,0.004533012990516234,-0.009967475675610566,0.17749999999999969,145.66666666666666,0.03349201666666663,0.0034610001642552666,0.005007044276807667,-0.133333333333333,-0.13333333333333353,-0.01829872564335457,-0.030189499396502267,-0.025409121795961265,-0.0206872164899649,-0.030070459906766867,-0.008375535018854399,0.003485362007033,0.0018163011080094332,-0.059910895826617704,0.0052611038714965004,0.0035625819474293997,0.0046719439043402,0.0017870622186469999,0.0041266417294121005,0.004227889914872634,0.004163716204539334,0.005207729325817901,0.005044327394569333,0.0029087802953024,39.93333333333333,0.0,40.5,7.637621749485636,0.015068478922683171,0.01280760180075693,6.736911201472807,6.323556944378637,7.473628629653359,0.020781043524713067,0.017884237830773298,6.411698516199699,6.343359075242954,0.017421104828082234,0.016653119362703833,0.006993935282412267,-0.010331125999999967,5.7420667215099985e-05,-0.00039046859327619997,0.0009823189820358667,0.005418513986721267,0.005524988364737634,0.0046613601452310666,0.000301405926803,0.00046461360908980003,-0.0011034688845210333,-0.12930679999999967,-0.008454368822665868,0.10044011333333351,-0.0159101669034903,0.13999999999999993,0.17000000000000015,0.08666666666666702,0.12000000000000023,0.14333333333333337,0.14666666666666686,0.11666666666666682,0.08999999999999964,0.06333333333333317,0.04,-0.4033333333333333,-0.10000000000000002,0.4466666666666667,0.8666666666666667,1.0833333333333333,1.5899999999999999,2.43,-0.04458868533967083,-0.0338316380725748,0.0206679673817686,0.007371534169758233,-2.759242313653352e-05,0.0004890806629870666,-2.06622242950666e-05,0.006103198941535666,0.0,0.007457972733440367,0.0005196879945665,0.0016719245551074,0.0005465048834966923,-0.0006084779668619344,-1.413657343804671e-05,0.0004998270463089657,-3.0513015347878012e-05,-2.45089028701647e-05,0.0005009705723584909,-0.0005599032213145999,0.0003588132597804,0.002169090036679167,0.0008912884347053334,-0.0004821718593133333,-0.0011292072823733334,-0.0009034542100031668,-0.00062459206873064,-0.04462483991730837,-0.0128348254987885,0.0027214560936252995
1978-03-01,0.0022064005390328664,0.0025495715546289335,0.0045538327833734,0.0005239984033670325,0.009254449762831135,0.0032754123931566666,0.005373439582290899,0.006238623877514866,0.003211377271160968,-3.382933105410107e-05,0.0046905575767028,0.010865853121564234,0.0010098021855402337,0.0009077220478195339,0.004870236242478934,0.0021399321875794,0.0262559313637783,-0.0012481796746852656,-0.06676666666666553,66.66666666666667,0.012224267666666669,0.0019876073568513334,0.0022944776254156334,-0.033333333333333666,-0.3999999999999995,0.0169083864709085,0.0042659058460339004,-0.0382191550799306,-0.016709942374750767,-0.06124037904945947,-0.009973460131679568,0.004120850740083133,0.003941631069664533,0.007813433582238466,0.0073404861840777,0.0030083470376502,0.0038294590022538663,0.0016842141093592333,0.0041894460033499665,0.004117307124203,0.004520006847571366,0.0036147509026070667,0.004895504102564733,0.004114883770712966,39.36666666666667,0.06666666666666667,39.96666666666667,7.508727405689304,-0.02484435062085666,-0.0190093310777701,6.621977761675924,6.26722779699442,7.471988507126471,-0.014983795954089869,0.004938361928379834,6.4591661630813775,6.315731494394839,0.008385473353285365,0.015630323164285035,0.0107759538975062,0.006887417333333333,-0.0006392441480729665,-0.00034665917322839997,-0.00013080872662059998,-0.0049204565051163334,-0.011926648310087731,-0.014065934065934066,0.0024219885450473,0.0006099914066967667,0.0036609600746301003,0.7993062000000033,-0.018255401012118498,0.14219051100000032,-0.0272509406035068,0.07666666666666694,0.04666666666666667,0.07333333333333324,0.07666666666666666,0.11666666666666647,0.12666666666666657,0.11666666666666636,0.09333333333333382,0.07666666666666692,-0.0033333333333333327,-0.36333333333333334,-0.06666666666666667,0.5533333333333333,1.0633333333333335,1.2533333333333332,1.6933333333333334,2.44,-0.029985577432768935,-0.012923140735797966,0.009025133982596432,0.008547092344390899,-2.4433123774881035e-05,0.0004707869967098133,0.00046749889118716557,0.0016954623735285666,0.0,-0.0037897756581664003,0.0005006981011105334,0.0004221604977973671,-0.0011231989955460002,-0.0006023000431267002,0.0009857470702844668,0.0019706828301831888,0.0005321269002991814,0.0005125401596864,0.00048644027054431973,0.0015608083895533667,0.0005359777712564,-0.0009144986587861,0.0012549233252424667,0.0005441735867348666,0.0015752236387098668,0.0016611293462174554,-0.000607963698646167,0.04607092320022523,0.013147855414088633,-0.0005767474960689005
1978-06-01,0.0035007784833697,0.0047228225199328336,0.004412406899148267,0.011474280140027666,0.01607145492092243,0.0103236368048551,0.006710248602212701,0.0061872943758551,0.0021333911905371335,0.0033049742973748665,0.0016067027948019669,0.0143757870499123,0.014221074890342966,0.010985255960157267,0.0049662140583857,0.009017574869696766,-0.023183775375207966,0.0033675528136401004,0.512899999999997,77.33333333333333,0.02475239,0.004190825349997567,0.0055400424706615005,-0.13333333333333308,-0.1000000000000002,-0.0097786360802165,-0.003408345987053802,-0.041445379684924795,-0.045853727816009195,-0.03647159532862227,-0.024519033001957635,0.005761603528137899,0.0082002729334712,0.0732232177058666,0.0156625748949626,0.003898887203153067,0.0052372830974652665,0.0017221756290990667,0.0048238249114120335,0.005657440297203633,0.005569085973709967,0.005882645627160899,0.004752063521147866,0.0025541291626070333,40.06666666666667,0.0,40.46666666666667,7.655956130436273,0.06634866657838351,0.0362918192550901,6.773475090570184,6.3109047459831045,7.547798997962064,0.03281335760441657,-0.020208207272143366,6.529759265339983,6.42269851630995,0.020105385652573336,0.021259890816813534,0.011124664044357866,-0.013774834666666699,0.0002415857175765672,0.00029584620392006665,-0.0015901539160303,0.0022250022437067334,0.008193778957476765,0.0082800208148398,-0.0006449745907428904,0.0005654043238516665,0.0007069343828316335,0.7675971000000009,0.03162673625651927,-0.1255137693333333,0.0211672978660144,0.26999999999999985,0.27999999999999975,0.14666666666666667,0.20000000000000032,0.26000000000000034,0.16666666666666632,0.14000000000000032,0.0966666666666664,0.1266666666666662,-0.12666666666666668,-0.8066666666666666,-0.29000000000000004,0.5033333333333333,0.89,1.0366666666666666,1.3866666666666667,2.186666666666667,-0.002308033569935699,-0.0265498132645125,-0.012167255954092168,-0.0011864519852298999,0.0014036633083295668,0.0013970339825061333,0.0004448287890772998,0.0013877889557513661,0.0,0.010000750101266234,0.0004643036807543333,-0.0004451952318822334,0.0016361388979110323,0.0005098204805167942,0.0009262684985070209,-0.0010588940356921334,0.0005025350788979334,0.0004845147418750244,0.0009494648403078586,0.0004507857817141845,1.7243079343633274e-05,0.00021449967341433335,1.1921144830733367e-05,-5.322811739830003e-05,0.0004507382458306666,-0.0013236201138074333,0.0016490363827478332,0.006405307673478633,0.005387811834830533,-0.001873769860003401
1978-09-01,0.0037712772431201,0.0031332567094176,0.0008695266013421998,0.0007996414984503,0.0037640752807301336,0.0018965224385512666,0.0023382785485182335,0.0030080310627960336,-0.0017345620816782666,-0.0031650360074414,-0.0010696906817354334,0.012145632082821633,0.0014331609176245666,0.007430905259828534,-0.002700139901419233,0.002778486892230267,0.005828472547289767,0.014446070525876766,-0.016499999999997992,47.666666666666664,0.0037066569999999674,0.0013777481116889999,0.0011294586819185334,0.0333333333333332,-0.2333333333333332,0.01780838889119353,-0.0107929358698806,-0.011028574861921865,-0.013373331263141894,-0.0084392693280965,-0.0017005525018151668,0.0025624848132525,0.0028210458287910335,0.005145866611101667,0.0034079588002573664,0.002614943079432033,0.004568599434639001,-0.0006040753494502666,0.0024624979931099334,0.0027650188170031662,0.004145689394290333,0.003133315477138367,0.0041838535273335,-0.0006946420372487336,40.1,0.03333333333333333,40.53333333333333,7.610188367929417,0.048350053998906496,-0.056451125576023366,6.712898810370567,6.302811042678544,7.462917147540289,0.01857020233800337,0.0060216691325469,6.474297713097993,6.201683883132053,0.013566262721630801,0.0217841121135412,0.010178707129180432,0.0034437086666667,0.0005425060826054,0.0008336551279966667,-0.0009709303928104332,-0.0008029866250292995,-2.3768268895599475e-05,-3.8262573081499635e-05,-0.0015116668617922476,-0.0008553699832925,-0.0032983447834264,0.22758283333333407,0.0206456131572225,-0.06535937400000028,0.013906365634117034,0.2833333333333333,0.26666666666666683,0.3733333333333331,0.25333333333333324,0.18333333333333365,0.023333333333333536,-0.013333333333333438,-0.023333333333333334,-0.05999999999999983,-0.07666666666666666,-0.7866666666666666,-0.5,0.3466666666666667,0.3333333333333333,0.38999999999999996,0.6533333333333333,1.4000000000000001,-0.0610851605602962,-0.03995759651732733,0.021482221729349233,0.012995848060052434,0.00041616221744788205,-6.262540152856694e-05,0.0004317990610462,-0.0018689308107591,0.0,-0.006239474022748367,0.0004471533531456066,-0.00041275214107639753,0.0010209083162878332,-4.517017871740269e-05,-5.881833971076687e-05,-4.219498307289995e-05,0.0004700037707549253,0.0004561524260718573,-0.001030054758901795,-0.0005697424851162334,-0.00028071128479290004,-0.00027675793697340005,-0.0010850985198985333,0.00021216440478076664,-0.0005765597909763666,0.0003669495774635783,0.0004832442089210892,-0.0047925832573909,-0.0032724046692755005,0.0020355869369538
1978-12-01,0.003685176955468534,0.004022054548851,0.0037814343094552,0.0061815435194247335,0.015331829920753534,0.006778753327361067,0.006175071941444901,0.0056457111158246,0.0011717824382152,0.0030500745627277666,0.00035126147884943326,0.015606990123933968,0.007408992231230034,0.011489544363774,0.005084749931936467,0.007806808353573668,-0.003939052829178233,0.016746983324033533,0.4044333333333346,51.666666666666664,0.003978381333333334,0.0032719861565079,0.0031265619534354334,1.989149585786739e-16,-0.266666666666667,0.004167424896653099,0.020582669022815598,-0.010090021434252234,0.03468128659102673,-0.06724654755035232,0.03246444598288056,0.0039707319532613335,0.0042546273589832,0.007403915069593433,0.0019532773193719336,0.004617888899945267,0.005803042454899599,0.0026405530343005003,0.0038608242351803337,0.004687315672335,0.005242420677277534,0.0037089624289710337,0.004768594900953067,0.0019329815697588335,40.166666666666664,-0.03333333333333333,40.53333333333333,7.620284129817544,-0.0114460458602966,0.006584576245410034,6.702450717665273,6.328072810392307,7.494394286316486,0.014460098543406569,-0.016604568570740167,6.554105752219757,6.26181563517504,0.008888257646076399,0.024725275249981134,0.0124905524676618,0.0,-0.0006925676573039,-0.0011743010814786318,-0.0017846562559441332,0.006887813136848967,0.0154556527715427,0.013533809806303301,-0.0010875850472033665,-4.246840551756665e-05,0.0004013949948991335,0.03900663333333405,-0.025978509756662937,0.14787889266666662,-0.032761597076008765,0.526666666666667,0.6599999999999996,0.41000000000000036,0.45666666666666633,0.5533333333333333,0.21666666666666667,0.19666666666666668,0.15666666666666698,0.173333333333333,0.24666666666666667,-1.0133333333333334,-0.5333333333333333,0.2333333333333333,-0.7399999999999999,-0.7633333333333333,-0.5566666666666666,0.20333333333333334,0.021782156708505668,0.010428247621032534,0.0044945260550199005,0.0038076167715269996,0.0003852541804623665,0.0013082056337451336,-0.0005390086379296,-0.003698571160295967,0.0,-0.00039424408301663195,-0.001051689822393607,-0.0008149963310221999,-9.501021424095125e-05,-0.0005662081742968487,-0.0005335457930651578,0.00042107292529328707,-0.002181418174665748,-0.0015817757201936789,-3.9325732276819254e-05,-0.0005482658171548999,-0.00033568259416326667,-7.734391177883332e-05,0.00017591782061530004,-0.0007177945641363999,-6.040151926348833e-05,-0.0008354211037723333,-0.0006161695518354667,0.00029044627499829993,0.0034635006545666995,-0.001578864075612567
1979-03-01,0.0034284751934496997,0.0036846079038360333,0.0007393499711496333,0.004263840274958867,0.007393353066576701,0.0008495258630104,0.0024698209835379,0.002537150234403467,-0.001773134105898233,-0.0022209361605702665,-0.0015557062077554333,0.0100381255348852,-0.0008498349819836998,-0.0026147182950275326,-0.0003571179312971996,0.0003492827265921333,0.019682188894843,-0.0099944478400387,-0.2375333333333364,-35.666666666666664,-0.0006755529999999994,0.0024952371338446333,0.003056893179792833,-0.06666666666666687,0.36666666666666653,-0.015464033864318133,-0.011679285580290966,0.0243084133015576,0.006092423730597367,0.04969863638854477,0.0022421609203166003,0.0030236899259765333,0.0032157175194704665,0.0063600255758787345,0.007554200215293333,0.0020453652577554,0.0033685534999255665,-0.0001846210699827,0.002949274397228833,0.003070354388822067,0.0038802951607994,0.002680375617159067,0.0041434572627251,0.0009414133724802666,40.03333333333333,-0.03333333333333333,40.5,7.4147062959467895,-0.0784083240961367,-0.03611776932941017,6.59360575581292,6.112284374173683,7.3482762541073035,-0.10011348977456636,-0.05019095282645988,6.46369188140124,6.168016484269404,0.026494960181425498,0.024271607250977236,0.0091550197573262,-0.006887417,0.0006221366336435441,0.0007225633789730666,-0.004403146181538767,-0.0077004485603025,-0.021344369122631737,-0.020479215366318467,0.003425525110944367,-0.0014702890786366001,0.0003554463063538333,0.36881649999999877,0.013558772495327298,-0.026800099666666837,-0.0016883817757636001,0.0200000000000002,-0.1566666666666663,0.13333333333333355,0.036666666666667,-0.016666666666667104,0.03999999999999967,0.0366666666666665,0.06999999999999953,0.10666666666666676,-0.04,-0.69,-0.6233333333333334,0.22666666666666668,-0.8966666666666666,-0.9666666666666667,-0.7799999999999999,0.08333333333333333,0.0011517545912152333,0.017186923003606264,0.008565959245146334,-0.0016711312281661658,-0.0010058881631070332,-0.0019451257845233,0.0017358911165847,0.004257648311914633,0.0,0.009068569376391436,0.0013854499766579667,0.0011983236392862147,0.0029639083771811335,0.0009827609940259,0.0017541184781363001,0.0008221322044856,0.0015231436655911,0.0019346285374860332,0.0013499989964718708,0.0013816310968491332,0.0010422007489406667,0.00023198437577380014,0.0020833710737462,0.0006471240109106668,0.00043290049374556365,-0.003171121305575734,-5.77836663532374e-05,0.004045444333552067,-0.0009604380425744333,0.001592294473729733
1979-06-01,-0.004001357288920767,-0.0037037066347309668,-8.863545765973356e-05,-0.005238393390237433,0.0040872477449678335,-0.0009750175747998001,-0.0016932155882913005,-0.001671269712948366,-0.005215019841639766,-0.010964954376883869,-0.002686717702150433,0.003919209956252167,-0.00023837079520916667,-0.00018192300010376732,0.0016790964080873666,-0.0005920741218141993,-0.0234266320139683,0.006276965415407766,-0.31046666666666534,18.666666666666668,0.009787091000000001,0.0001561302664760082,0.0006728919893011667,-0.033333333333333,-0.43333333333333274,0.011975957028898102,-0.021157015434214735,-0.05109878134044767,-0.0577688952325798,-0.042585531043546204,0.0018570150164851015,0.0023349966759944334,0.0021664516674514338,0.0032627884008882995,0.0037862646785355,0.0017091425094856335,0.002362246680198333,0.0005996449874695666,0.002400315303474933,0.0014608693628481665,0.0032978652760852997,-0.000212983130791,0.004437114879413166,0.0018541135062198667,39.56666666666666,-0.033333333333333326,39.9,7.519850885073967,-0.007449099563999968,0.02026163035637353,6.63362251162977,6.242833188115463,7.402420287945174,0.0474170753058397,0.01025721955558667,6.461158457110493,6.213844076830626,-0.0147293052355456,0.014254510464773766,0.0123510628427462,0.006887417000000034,0.0010102107101162665,0.0006013484995195333,-0.0024433713190576667,0.0015702080466886662,0.003290145170373867,0.005929754544364167,0.0006143731367268333,0.0019495591816985904,-0.0013221998204073335,0.5378116666666716,0.005285872244446534,0.01864408933333347,-0.015323512710590065,0.06666666666666628,-0.04666666666666703,-0.13999999999999987,-0.13666666666666683,-0.22666666666666668,-0.11666666666666668,-0.06999999999999974,-0.026666666666666793,0.040000000000000466,-0.32666666666666666,-0.8033333333333333,-0.8166666666666668,-0.24333333333333332,-1.0666666666666667,-1.0666666666666667,-0.79,0.21333333333333335,0.0034511968305358993,0.019260889839418767,0.011905740560047966,-0.0004262030159130001,-0.000932185881106347,-0.0004959076787356668,-0.0001522828005558999,-0.0033084365133222997,0.0179254655936015,-0.0039353270918657994,0.0003591299790339333,-0.0004103012076593334,0.0006067971649391333,-5.333004222171557e-05,-0.0005812265349422666,-0.0014222735689249668,0.0004295423333005,0.00035464649788786664,-9.755164447285541e-05,-0.00010679158056318928,0.0001463418797508742,-0.0008817738938236666,-8.526305458333633e-07,0.0004709996976499332,-0.0010091767973001,0.0019556118506251657,-0.0005553044748729669,0.0016337645391271,0.0012071031360611332,-0.0024553048945452002
1979-09-01,0.00302638102290583,0.0012074314640368666,0.0040822230884865335,-0.0017306731620081,0.013951254021591801,-0.0027416857425400995,-0.0004211892415858668,0.000533833015709367,-0.004493310328559067,-0.007484862218986532,-0.0032183025739795667,0.007198204741007334,-0.005142279674828934,-0.0097199930604829,-0.0010202817762152668,-0.0034915369726753,0.0002962574418079675,-0.005937729444614667,-0.526199999999999,50.333333333333336,-0.0020994476666666684,0.0028294994355383997,0.0022253839450338,0.0666666666666668,0.033333333333333263,-0.00011312857170613089,0.04105094377575493,0.00028453551308010167,-0.0051680621786551325,0.006964482529425827,0.023071689673824235,0.0008091560489553334,-0.0009685108341290775,0.007253330844087034,0.0015169600349178335,-0.0018976843150865334,-0.0014914267983071998,-0.0025908064730698665,0.0014952989807715913,0.00040061918689219997,0.0011864400334371998,0.00016384525473550006,0.003016611839972433,0.0017198724423792332,39.833333333333336,-0.03333333333333333,40.13333333333333,7.489825683113376,-0.08538960224856644,-0.00953684468042023,6.648550254000263,6.182634803209804,7.369661091559337,0.03493595893108353,-0.028453282983720202,6.449656536496547,6.189357188156467,-0.0029120974170358666,0.007753840902952401,0.010099106474186766,0.0,-0.0029699346523876665,-0.0012882012335507234,-0.002802350084972467,-0.0009783382398449666,0.004090230122030634,-0.0008898508898508998,-0.0014960388232388999,-0.0007864477523404,0.0008003543294066001,-0.12052773333333767,0.0218813681484402,-0.0590242126666668,0.0017281682800300332,0.37999999999999995,0.6233333333333334,0.3999999999999997,0.37999999999999967,0.4233333333333331,0.1866666666666669,0.14000000000000004,0.050000000000000065,0.05333333333333296,-0.30666666666666664,-1.2733333333333332,-1.3033333333333335,-0.7933333333333333,-1.8233333333333333,-1.8433333333333335,-1.6566666666666665,-0.5533333333333333,-0.01766617869746957,0.005770227211995968,0.013107564711305635,-0.0020247884191732335,0.003750586685025467,0.0041366298960383,0.0014928656842825999,0.0057045824195766,0.006327652500541468,-0.0026663793451350663,-0.0005630113031621813,0.0015566531208328664,-0.0030379857884271,-5.827735080170837e-05,-0.0005268888095096162,-0.0009092728401936999,0.0003814999186021334,-0.0005913557889357667,-0.0005226449052759514,0.00034574666338860004,0.00018761988083328587,0.0006443362983228334,-4.378256859461282e-05,0.0002329434378872334,0.00043386252685013484,0.0030181855341141,-3.3723762558256105e-05,-0.0024129823576626995,-0.0005037402149673664,0.004046040778382501
1979-12-01,0.0019244348287728013,0.0017903673429498334,-0.0012868146885159002,-0.0018462798536914666,0.002970176045793133,0.0019870965890426665,0.0018959639215448668,0.0010236820253930335,0.0003365593077324334,-0.008046874012048568,0.0038093671269964,-0.0013093844096028334,0.0020776909765522,0.00022546825783549993,0.004435183474364245,0.0015888671778206999,0.003849321962249534,-0.007154796044739067,-0.07056666666666937,-92.0,-0.020352091666666666,0.0022916088015716668,0.0019838839195275,0.0333333333333332,0.1000000000000002,0.007495980702575067,-0.0034255256200520687,0.028600628631860598,0.04522584184431133,0.007435252504765934,0.0347570918946515,0.0012707267915500334,-0.0015715132921047335,0.0055226411934604,0.00036016571125096656,-0.0024262554529356334,-0.0037992566869711002,-9.290226741676664e-05,0.002357305603940267,0.0022129191938512,0.0012712872122329667,0.0031692549444048337,0.0033275886677147665,0.0010730065804628334,39.833333333333336,-0.06666666666666654,40.13333333333333,7.356041344577457,0.030218122756043186,-0.06698796920107983,6.541036235875406,6.0023535917231134,7.195350666455137,-0.09314146240426678,-0.10069558455144308,6.343784095164444,5.9558995415014335,-0.005714834521844699,0.007008235566475534,0.0088605488813987,0.0034437086666667,0.0004345069971689335,4.5226606323733324e-05,-0.006544938311521066,0.003991053011237533,0.004403163057019666,0.010512669271793333,-0.0015862130800583997,-0.0009439779725036228,-0.00047569165449520004,-0.134058166666667,-0.0024645830083125353,0.05584085299999986,-0.020099600069062765,0.7833333333333332,0.5366666666666667,0.5933333333333333,0.5466666666666665,0.3800000000000004,0.3366666666666663,0.35333333333333367,0.4333333333333334,0.5066666666666672,-0.23,-1.7333333333333332,-1.8033333333333335,-1.3066666666666666,-2.9166666666666665,-3.1300000000000003,-3.033333333333333,-1.76,-0.0025542909151897338,0.0258863208749907,0.0006215937337479329,0.0013417280708613668,-0.0022357816851270667,-0.0030811548469248003,-0.00219666854981778,-0.004812733999465334,-0.008502156477294234,0.005957695855226332,0.0007731311938373667,0.00033887353992946724,0.0012247262767456667,0.0013638334506606033,0.00033486143157013395,0.0016704384178745665,0.0008038882838053333,0.0007794026996365334,0.00036720033977535003,0.00032457565468596664,-0.00014126469893136666,0.0005945971109809,-0.0005246993683812668,-0.00011319252056140007,0.00041513486643849994,-0.0015421569357325336,0.0009492105093614244,-0.002669218567580934,-0.0021627477354802666,-0.004009614953624567
1980-03-01,-0.0028181687541574334,-0.0028259496103940664,-0.0028545118015261667,-0.008017773728147068,-0.0008453107979680662,0.0004899364093737,-0.0005494277939170998,0.0011653814911244669,-0.0028316398416544666,-0.015299018595483369,0.0021189326563026667,0.0046493406949562,0.0015280200572263664,-0.0007402024748700001,-0.0051586115623484,-0.0015191327317002998,0.016352348911004167,-0.0153799731252183,-0.30183333333333434,-95.0,-0.02922969833333333,0.0005767122579479999,-0.0007346339322212,0.09999999999999999,0.06666666666666633,0.009165880280967533,0.037049322070898234,0.043955316720888434,0.04342867432140127,0.044663615294412234,0.0043310740790634015,0.0011816569499689333,-0.0020353026464180334,0.005605298583783801,-0.0059564307366173005,-0.0014538680299267335,-0.0009083782821335223,-0.0023777987394228333,0.0023961643394567,0.0010288909693383667,0.0031975905301019334,0.0010238772140607666,0.003629068104128,0.002381255764719333,39.6,-0.03333333333333333,40.0,7.120904988528234,-0.08856772191100326,-0.19059544118522678,6.3942545794571695,5.746317429790984,7.046513736563013,-0.07056538849128674,-0.17881624288463005,6.246610983693244,5.780442311519583,0.007678414223920032,0.010836139219953434,0.0092550110495513,0.0034437086666665993,-0.0023299961566258334,-0.0006112345173772001,-0.0077424651943505994,-0.0038526720720059326,-0.0084356721216872,-0.020992974330411668,0.0013251141095720665,-0.0007230072802058918,-0.0028846307936838335,-0.5253047333333334,-0.009726180199468632,0.09948322466666669,-0.0275564233287111,1.136666666666667,1.1899999999999995,1.0533333333333332,1.0633333333333332,1.28,1.016666666666667,0.7866666666666666,0.7400000000000001,0.796666666666666,-0.5033333333333333,-1.6933333333333334,-1.8033333333333335,-1.1133333333333333,-2.776666666666667,-3.06,-2.9033333333333338,-1.5666666666666667,0.03279185910002197,0.011052867101549665,0.0005750780808343343,0.0008820229066243667,0.00026736009229913325,0.00025851356006110007,-0.000914495315250267,-0.0109583609316356,-0.006861545922794532,-0.02569105724799713,0.0006851551273416001,0.0010534108240160334,0.0033785128811280665,-0.0005869409157324999,0.001082407076259467,-8.154503524073328e-05,0.001604320168336033,0.0015230088294130664,0.0019624998672043,0.0010975123477985334,0.0012820220275077,0.0012673719757803,0.0024871536081058332,0.0005196643799627667,-5.197717470026691e-05,0.0010692593284901322,0.0004201067912010665,0.003324853870838066,-0.0018812973014034,0.0009986606445406337
1980-06-01,-0.0006296778972908666,-0.0015370562365740667,-0.0043431021638424,-0.012469504102952533,0.00030490226928313324,-0.0192735660679461,-0.014708435123491933,-0.012092972758228335,-0.014459267919315899,-0.0423091989007234,-0.004271440388931034,-0.012730565028084966,-0.023869717231803502,-0.03679192874274274,-0.019895524595366233,-0.02208652671945707,-0.007090462510332633,-0.019494233269732566,-1.9039333333333335,-265.0,-0.0703335763333333,0.0010568024034943336,-0.003464500217978833,0.4333333333333335,0.10000000000000002,0.03199503072156647,0.0789275035903782,0.06297809394566432,0.05574610486087567,0.07244631861608103,0.11198173088890863,-0.003287435648444933,-0.011616529672539967,0.010902097499085868,-0.011406681583716568,-0.012855086183752334,-0.01777595216442347,-0.004664716735868833,-0.00021666453284293336,-0.0034238501072767,-0.0025304343930525664,-0.0030451999979282667,0.001932758922211,0.002952845368078301,39.26666666666667,-0.19999999999999998,39.43333333333333,6.958729623651126,0.04847233328616663,0.020320233263229997,6.275906959240939,5.478240267384083,6.8239844055546195,-0.00823087086345653,0.0687356805944364,6.091177322826393,5.454851257705482,-0.03927449284858516,-0.0042649020932046,0.0084675683884819,0.024105960333333332,0.0051600137647991335,0.0025466328981543335,-0.0033637787692495998,-0.0002696412644462995,-0.003037065894419934,0.011192555770869065,-0.005277337455608167,-0.0016567582008060666,-0.001957468349183733,-1.6362474333333334,0.03011622880138277,-0.118796995,0.021226350702491365,-2.5733333333333337,-2.846666666666667,-2.7100000000000004,-2.5766666666666667,-2.5533333333333332,-1.4199999999999993,-0.9900000000000001,-0.793333333333334,-0.5799999999999997,-1.5066666666666666,-3.0700000000000003,-3.0766666666666667,-2.4033333333333333,-2.353333333333333,-2.21,-1.4833333333333334,0.67,-0.025594738699080733,-0.0437465718145281,0.01929884333821647,-0.006165845924551301,-0.0008438206844564,-0.0004550189219131671,0.0007075468352049,0.008770465126122699,-0.008889415694053765,0.014593878345136433,-0.0013612367108715069,-0.0026313757077405333,-0.008654066171502299,-0.0009731233394116661,-0.0028323969672051715,-0.0012743509997677333,0.0001628941886598669,-0.0018219608023185303,-0.0033551244448079332,-0.0017740033669495197,-0.0019717276875274334,-0.0012405717034127,-0.004259985092344833,-0.0007342435377955666,0.0012561510146270334,-0.00042279758272776663,0.0004028527927004335,-0.0020694399031798666,0.016617024258175465,0.002344065983127611
1980-09-01,0.004606391576161834,0.0011486782435910666,0.003316974587384667,0.013521602079298633,0.011264029529028101,0.004201646537965367,0.0059109965909062675,0.005223124787039767,0.004569144901887833,0.017704287807442935,-9.788911102950014e-05,0.006016847526753021,0.002459252006576033,-0.0005556892633682003,0.0051114383001408005,0.004526746509347633,0.016528412673882702,-0.007627613232357601,0.17796666666666602,65.0,0.009564205999999966,0.0009912200236587975,0.0013315888709298665,-0.0333333333333332,0.5333333333333333,-0.026338846772741665,-0.0323146750305211,0.09050024044076617,0.10266371902991826,0.07429492854169846,-0.0763432899169582,0.00041409250678903323,-0.0005149725792351669,-0.000133680905474734,0.0004547522306044,-0.0008122381167984001,-0.0006693734878436001,-0.0010455288488095665,0.0007501670902710666,0.0006730517898756999,0.0017725823921566,0.0007012019225456333,0.002317813385098767,-0.0022581026821217667,39.199999999999996,0.10000000000000002,39.4,7.236432979308,0.05951835799949317,0.1548709268702867,6.526578067438827,5.817399543440124,7.220314431498544,0.0417210476513331,0.1316863956490168,6.466938505289306,5.919544050143483,0.050273736608160036,0.010581216550878134,0.0064882765740113995,-0.027549668999999968,0.0009393041123300334,-0.0010465999371156,0.004004052149334433,-6.621768428388686e-06,0.010345722403999636,0.00012525957110337085,0.004776865628280101,0.0006664796799913,0.0027112324933232135,-1.5143745666666666,0.0329315012956452,-0.12827570033333316,0.03441097207220517,0.46666666666666634,0.9000000000000004,1.0666666666666667,1.0900000000000005,1.12,0.8033333333333327,0.576666666666667,0.4799999999999997,0.3299999999999995,-0.18666666666666668,-0.6833333333333332,-0.49,0.3,0.8266666666666667,1.1166666666666667,1.74,3.33,0.0010591718861788658,-0.005398563910119667,0.009190452188348767,0.0037704211235284335,-0.0012004172425419998,-0.0019444953104358665,-0.0015288494986161333,0.0024536059298524335,-0.0180224070900919,-0.0010518134244643998,-0.00045534194289323344,0.0010754486543138066,0.0039679161594389,0.0008335710464955088,0.0018677023964643335,0.0031246547512562,-0.0038437325330633668,-0.0008577915371414998,0.0019407724292399,-5.393751062236687e-05,0.0009709252599564333,0.0007689063230159335,0.0010497596493273334,0.0009472159296408667,-0.0013878143048026668,-0.0007541570879356667,-0.0010261414176098666,-0.00369636727159061,-0.019672948496005736,-0.00022874511370576654
1980-12-01,0.005278650498946501,0.006753983932509734,0.005556419171849133,0.007933608334603534,0.0108034147215665,0.0119108044472145,0.0083497977300042,0.007687746125861733,0.003967621821069201,0.009442713020731432,0.0019412804763480332,0.012753716979870301,0.015450774654985733,0.025560133380249702,0.014038155417809499,0.013133691130515166,-0.0072594505322210665,0.005839655969402,0.8347333333333341,9.333333333333334,0.007557475666666667,0.0007896172185463335,0.0018687154001639332,-0.09999999999999999,0.2666666666666662,-0.005656183948824865,-0.052235095297155636,0.013717029060042733,-0.02152938749296347,0.0572470943056178,-0.05444725387009023,0.0026864652614524663,0.0034779550516509336,0.014488636350541503,0.0010586820756568335,0.0035054927362688664,0.005174336798133267,0.0007607096916347999,0.0024002368642049667,0.0015591601725617,0.0022757225691810664,0.0014888233159743,0.0032180987481217334,0.0008765765583268666,39.699999999999996,0.13333333333333322,39.93333333333333,7.316483362853387,-0.062034093211286716,-0.04579995646748003,6.640933198380286,5.835220492807397,7.193916960640361,-0.05881881244718317,-0.04153513948514663,6.453914765310629,5.847545404028743,0.012442738363104064,0.009110196706741867,0.014949467668403766,0.0034437086666665993,-0.0064338933994673,-0.001823269571224797,-0.0043639068030181,0.0007705200725765332,-0.010606211765102432,-0.003379941397213801,0.001217790321491367,0.0005147845262728667,0.0008385821596987333,-1.122073566666667,0.017953056557576435,-0.061395587333333425,0.01883748331164167,2.6766666666666663,2.3666666666666667,1.74,1.3566666666666667,1.1200000000000003,0.5433333333333337,0.44333333333333336,0.39666666666666694,0.48000000000000037,-0.5966666666666667,-2.24,-2.5966666666666667,-2.013333333333333,-3.206666666666667,-3.4299999999999997,-3.0233333333333334,-1.1833333333333333,0.028498389683315768,-0.007750665115706201,-0.0077664962729069005,0.0090625950372022,-2.7525461067133435e-05,0.00034298889907683345,0.0017391932588827,-0.007267284297983367,0.027155398486130033,-0.0046273352480073,0.00030804233877199994,-0.0014657250062197,-0.0008660262947094667,-0.0009230598379845334,-0.001571246296979436,-0.0035979353347480665,0.0023743710873696667,0.0007015071661884333,-0.0012406697407826666,-9.196924606736994e-05,-0.0009122688305693667,-0.0021003884618177667,-0.0002193337073032333,-0.0010426046545068668,-7.051621097840003e-05,0.0003041525693003114,-0.0005273343132327668,-0.0004993430852569663,0.0025245061360295667,-0.0020253603879286665
1981-03-01,-0.0009550612111635,-0.0009314747421059333,0.00022344958405626672,-0.0028151444706766334,0.014092449144400233,-0.0018023419524751333,-0.0007821124160536666,-0.00010020616109743339,-0.0009094344699059987,0.0018529608154794666,-0.0019510709687124,-0.0002585181867856001,-0.002793921643796167,-0.0047350042705306,-0.0027296750460242335,-0.0021094507022675333,-0.01678021375193563,0.004997700386842534,-0.3658666666666665,-10.333333333333334,-0.006892689666666667,0.003708459392457833,0.003120157976515067,0.0666666666666668,0.10000000000000013,0.023979207322632035,0.027758057516747633,-0.018515367096134067,-0.057664229480980135,0.0197463252860519,-0.002038742339145467,0.0009772011851687,0.00028934588982273333,0.011512750281348468,-0.0014375991715163666,0.0001251553281704565,0.00022939069005663333,-4.749352908756667e-05,0.0012260046115640667,0.0017678722393252334,0.0017294070162912334,0.0018823670756512,0.00240957058495,-0.0016531489570627666,39.73333333333333,-0.06666666666666667,39.96666666666667,7.215496953252284,-0.0025348664617398007,-0.03684729146661011,6.575842359416444,5.6262264041006,7.090825831038867,0.03336115285232653,-0.024581158081849967,6.382972603279934,5.699274799545376,-0.005087908300805466,0.002276458339663233,0.006967720475302567,3.411622836087721e-17,0.0051485167430733335,0.0028313725376083003,-0.0007930503722765331,-0.0011953386938587998,0.0023950092347527346,0.002564238130485364,-0.0036639620718943006,-2.466860033546664e-05,0.0005589197509359665,-0.425310300000002,-0.0007499065780051314,0.03349416833333369,0.0017450720358277994,-1.3999999999999997,-1.3766666666666667,-0.7100000000000003,-0.6099999999999998,-0.38999999999999996,0.05333333333333368,0.0933333333333329,0.03999999999999981,0.06666666666666655,-1.2333333333333334,-2.1799999999999997,-2.9233333333333333,-2.4499999999999997,-3.373333333333333,-3.61,-3.4066666666666663,-1.3233333333333333,0.024557266765032403,-0.0011105798001660998,-0.0166052943096092,-0.0015074140085419,0.0024389325140485338,0.002777787490074967,0.00025747415473956664,0.0013044457278106661,-0.009132991396038135,0.007148398039349267,-0.0008357831764952738,0.0007016266183060002,0.001319243424244533,0.0007840261202929333,-4.4726192416366543e-05,-0.00115273890098564,-0.0017146389447617284,-0.0008633165495940667,0.0003030151079314667,-0.0008341809833056173,0.00016043907614579994,-0.0003171935611631668,0.0007262286309261002,-6.206742061716667e-05,0.0007631191081607334,-0.00037666135773983247,0.0003906795480013,0.009642549594581466,0.001628561019013367,-0.00018147453898419998
1981-06-01,0.0022110818743262665,0.002885966946684833,0.0012117876530144333,-0.003060475863068233,-0.0015749884280923,0.0022208836627575002,0.0024496091192662,0.0024131543621820667,0.0018302730953445668,0.006592919370111233,1.691066983513344e-05,0.0024189823113601487,0.0019855427183976663,0.0025921969785412664,0.0015650413455515,0.001923238931152,0.016165200122398634,-0.0179615299817648,-0.05310000000000065,-8.0,-0.003313704333333334,-0.0004824483401080334,-0.0009060637134646632,0.033333333333333326,-0.10000000000000032,0.0011997613432157318,-0.003449972147640132,-0.003829766682585166,0.020744722812790033,-0.026795046083027935,0.020232265107190766,0.0010217121664588,0.0011960501975192335,0.0089382309479316,-0.006508380258792333,0.0025287723231427,0.0029678020435266335,0.0018000138478223334,0.0009587186612011,0.0016511457153462333,0.0019738093303427336,0.002000057448764,0.0016828514707937,-0.0027323399320184666,39.73333333333333,-9.25185853854297e-18,40.1,7.06859856150585,-0.08669226878663013,-0.12660755916494001,6.412885202755,5.60781910996061,7.010830340390714,-0.04831134157411327,-0.11937791113412993,6.286043181198461,5.7255002520237275,0.008847780248701165,0.0035583474709479,0.0054964126365047335,0.006887417333333299,-0.002965944806065933,-0.0024462792079314338,-0.0002888503935807001,-0.00024626263072163315,0.0008509823524280999,6.7641607705339985e-06,0.0028271544373709334,0.0005145133952331999,-0.001536409170621867,-0.355331666666667,-0.0022598956617929,0.038405752666666466,0.0005461050056794672,1.4666666666666675,0.7933333333333336,0.4566666666666666,0.42666666666666636,0.3833333333333329,0.17999999999999997,0.11666666666666699,0.14000000000000035,0.15333333333333365,-1.633333333333333,-2.8733333333333335,-3.5033333333333334,-2.6533333333333333,-3.59,-4.03,-3.796666666666667,-2.01,0.0254204190384249,0.0237046492448023,-0.04096420729741093,0.0035344379011953996,-0.0021629332771272002,-0.002846508927970766,-0.0024390518752929334,0.0047959010859806,-0.0180224070900919,-0.0008808998576960332,0.0006946795027674333,-0.000714440361876797,-0.0022155328320308926,0.0007320935742267666,-1.9627909794099863e-05,0.0029996452895234005,0.0014408978156922666,-5.965865040793336e-05,-0.0007785272789255264,0.0006943513687535334,-0.000989366261568,0.0010291099003791333,-0.0026879377431449337,-0.00046019664366626667,-0.00046390780900143334,0.002271657138973768,-0.0009115365061013336,-0.0062761295277956345,-0.0022044777549480666,-5.177841666983336e-05
1981-09-01,0.005736358167573266,0.004842789701343134,-0.0007750364367802,-0.0028727449433389994,0.006449403632007734,0.0001396136100170669,0.0014379710454234665,0.0017709958817257,6.578707315650027e-05,-0.008199581904041834,0.0032081380485881,0.0002224411068144,-0.0011099239684589336,-0.0039009377651256336,-0.0029586976405182337,-0.0006007999816603666,-0.019132446512384035,0.017741515719255765,-0.24369999999999936,-88.33333333333333,-0.013284100333333333,-0.0003138123818467667,-0.0007785911047293878,0.033333333333333014,-0.03333333333333336,0.014930052945361533,0.016375662641544934,0.001625659026501267,0.0058635343631981696,-0.002682178083737767,0.0296286873623141,-4.7367375981266644e-05,-0.0010996573547045333,0.0160999450840459,-0.004436726328984,-0.0013688543098358333,-0.0018517774786707,-0.0005673760235100333,0.0003321757038013333,0.00025054584378676666,0.00033265359061709996,0.0003044213402644667,0.0013530510508203669,-0.0026509407608580004,39.6,-0.09999999999999999,39.833333333333336,6.86945328037966,0.03742243395702676,-0.08077115580730994,6.179862116430524,5.363992302308586,6.790781486484881,-0.04582366354286666,-0.0731668533452367,6.098075125701083,5.396362911340333,-0.012185560230818168,0.0014527107104988668,0.007350853253956367,0.010331125666666734,-0.00031412989461960004,0.0010743497859975,-0.002392614948985433,-0.004248140885144,-0.0024439369837440336,-0.0050790762279013,-0.0026094116422852,-0.0006229655449914001,0.0032540140349250333,-0.6969607333333298,-0.03728276671218973,0.22715989733333322,-0.03983973523625933,-1.0766666666666673,-0.07666666666666662,-0.010000000000000342,0.27666666666666634,0.5533333333333333,0.66,0.6166666666666667,0.5800000000000004,0.3733333333333337,-0.8033333333333333,-2.5233333333333334,-2.5166666666666666,-1.2566666666666666,-2.15,-2.73,-2.6566666666666667,-1.0999999999999999,-0.008446686542710267,0.0077895688204439005,-0.0280318536674594,-0.000914799526307,-0.00035703323108086677,-7.078192796033539e-06,-0.0010116345650512332,-0.0077067756257742995,0.0180224070900919,0.0017957951735860674,0.00027832402644749994,-8.049417570133409e-06,0.0006729159447846668,-0.0005168880343365999,0.0003220088718910668,-0.00044535437433346675,0.0005686126830506999,0.0010068174926664332,0.0003245222406986666,0.0002774860244555667,0.0006842824405177667,-0.00010586797496996668,0.0010808688738094085,0.0006461120034090334,-0.0004541718674097334,-0.002027682318966333,0.0007971557379414363,0.012038742265787066,0.012377975810136234,-0.0009545085945710333
1981-12-01,-0.0010999692285291,-0.0011764934362498332,-0.00037848464653013336,-0.011491140050270068,-0.0036443164061121,-0.0101130000446705,-0.005128532245742533,-0.003524450136748267,-0.002515295273298367,-0.02228843251034347,0.0046011973391948,-0.0111930007045955,-0.015011006681156402,-0.026499490540793768,-0.021100400696613366,-0.013191572053250366,0.020448720640556434,-0.0009932346026234999,-1.1771666666666654,-124.33333333333333,-0.029728526,0.0018968219651433998,-0.0013987038300389998,0.3,-0.16666666666666655,0.0409004721599396,0.0563646462076113,0.0162563676305479,0.015889532948435734,0.016633647703495832,0.050703673021160967,-0.0021275267978246334,-0.0077163294665970675,0.004331285651052066,-0.006088810421002633,-0.008826832259319501,-0.011420722205577633,-0.0045741140850334,-0.0001387794368751,-0.002081657729865033,-0.0004991049595197667,-0.0024044747576829335,0.0002571024680744,0.0008721659598223333,39.4,-0.06666666666666667,39.4,6.77173474194666,-0.002962982472416729,0.02084011899377664,6.092259481538826,5.2316415379816235,6.63047187452288,-0.018022407090089832,-0.021917125854259967,5.9609081007236036,5.1563228060038035,-0.033724269424146434,-0.0078114018144687,0.0034994980154839333,0.024105960333333367,0.0040694457910032,0.0014102418243400001,0.005985378047861901,0.009727102861816033,0.011319921325318968,0.012480052802633432,0.003024247411513367,0.0003184537127127667,-0.004517005177123234,-0.24993096666666736,0.015147863088718199,-0.0519999033333333,0.017123128256081366,-1.1666666666666667,-1.3233333333333337,-1.2833333333333334,-1.1333333333333337,-1.2233333333333334,-0.776666666666667,-0.5333333333333333,-0.42,-0.12333333333333367,-0.5433333333333333,-1.8366666666666667,-1.373333333333333,-0.04,0.5433333333333333,0.5,1.03,3.0966666666666662,-0.036013274353957035,-0.0156520972428706,0.015908054652736568,-0.004386947374949767,-1.541318906846806e-05,-1.2559106295666663e-05,0.0003335001111945779,0.0011702366642966,-0.009390292322232133,-0.007236298587369734,-0.0021736210471058667,0.00034128891863153334,-0.0017834152995919667,-0.00047099962475153273,-0.0014191432841220136,-0.0011002718884680334,-0.0029887023226115336,-0.002547557863950733,-0.000746221745720772,-0.0025171343577898996,-0.0009860901598394334,-0.0006070843742716,-0.0008479813879634582,-0.0011730659254712333,-0.0015747643453756152,-0.0009855243700142332,-0.0020877255397166667,-0.0185862739607915,-0.014740365028153799,-0.0009301289764586
1982-03-01,0.00043637053251246674,0.0002883798448974668,0.0020522416764363,0.003786395393142067,0.0020159770864000334,-0.002424038175070467,-0.0008098906156529003,-0.0005441275670205999,0.0011816017632802999,0.0013319429258541,0.0011352448166913334,-0.0055697504031075986,-0.004056312267971633,-0.007892130100425235,0.005919347456059667,-0.0014300078876490665,-0.0006411398141092338,-0.011618572272687666,-0.27190000000000236,-75.33333333333333,-0.014977849333333335,0.0019986725265468,9.030840374946664e-05,0.16666666666666674,0.3333333333333333,-0.004503998841408101,0.01290624903637,0.07410024542073736,0.0965168832542778,0.049384981506974825,0.0033107871875616007,-0.00169489709580317,-0.006287079201248572,-0.0006801566719673,-0.005552331149575066,-0.006762981429643433,-0.0078068981828174,-0.005075872136166233,-9.420467764148272e-05,-0.00046836727694333336,-0.0015454464304062,0.0007894736292589,0.0007060109824603332,-0.0010177490744957666,38.63333333333333,-0.03333333333333333,38.666666666666664,6.779037047947123,0.0029629824724167384,-0.08922713524837,6.2560621858671,5.1126621822437865,6.721329982413013,0.018022407090089832,-0.006536157129460189,6.1715176968566,5.198844364015703,0.026622849500436568,0.0003779152449799668,0.021062500540614596,0.027549668666666735,-0.003544609745439133,-0.0014575976612238332,0.0037135144160638004,-0.009502799331188867,-0.025447172349968735,-0.023461172011600764,-0.0015980939376326333,0.0007286965253735666,0.0010472566745505,0.10801953333333342,-0.0369801953124374,0.23652333133333334,-0.034517557448391134,0.7700000000000005,0.5600000000000006,0.6099999999999995,0.41666666666666635,0.3666666666666663,0.12666666666666668,0.046666666666666336,0.1166666666666663,0.09000000000000012,-0.42,-1.4133333333333333,-1.1566666666666665,0.10666666666666669,0.16333333333333333,0.06666666666666672,0.7833333333333333,2.8066666666666666,0.013213386454445633,0.03229328077106433,-0.017620812917042,0.009811150546203866,-0.0013591592055520669,-0.0020318569228008334,-0.0016655032156552335,0.0020211877312235334,-0.024839177489067332,-0.006512387770529334,-0.0010643968597185156,-6.39671805746471e-06,-0.0020811722132284332,0.00031216609516527156,-0.0010513439098487666,-0.0010946299532734003,-0.0014421508596965053,-0.001067806572512356,-0.0010708085951251073,-0.0010580258512655574,-0.0001709293774023667,-0.0006579152695028999,-0.0012674429588678331,0.0005496770577591,0.0011171431048362327,0.0009090247775279345,0.0008035206398823667,0.0038664180788631664,0.0013232173170330001,0.0012232925902023002
1982-06-01,0.0011806522084771886,0.0006249886943360334,-0.0006182143111265999,-0.0026725438324705004,-0.00019074649476340014,-0.006165481063182768,-0.003402514269997567,-0.0032891376914651,0.0022349015024530337,0.0087401848665738,-7.278956954396686e-05,-0.013459577730493734,-0.008986105604468733,-0.007835843964305667,-0.0070483157606599,-0.0034863062729174332,-0.012887012834257602,0.02005740339968297,-0.3980999999999993,-102.66666666666667,-0.0159089943333333,0.0015600747202869998,-0.00043169446085990015,0.19999999999999987,0.5333333333333331,-0.0257837536663879,0.031311346504552966,0.050595670555392665,0.012218839004427268,0.0909483350071044,0.0248096012506564,-0.002103919559538933,-0.008301597185348867,-0.0198714979565408,-0.006389972035907034,-0.008067576227686434,-0.010202369640903567,-0.0046600224288794664,9.917535691632393e-06,-0.00028855346352803327,-0.0023939437120313665,0.0013137856715967333,0.0006405331204923666,-0.00016645859688383332,39.03333333333333,0.0,39.13333333333333,6.85272329463053,-0.0649294418530267,0.1362533346683401,6.227189973671057,5.19865366234831,6.821774175747113,0.020414541746906573,0.04615655808836675,6.203828075762903,5.2763989461928835,-0.020687277792318333,-0.0088012428852527,-9.17467980788e-05,3.353798720221827e-17,-6.472748188133398e-06,-0.0003059174381754999,-0.0007075265767720334,0.005913933232313567,0.0182380665079762,0.015189873417721501,0.0010377681750188999,-0.0009858139554973333,0.0005820811839356332,-0.266501366666669,-0.0033258023439995004,0.047619204333333526,-0.0060593619214327,-0.1766666666666663,0.053333333333333344,-0.06999999999999947,-0.023333333333333612,0.040000000000000036,0.14999999999999988,0.14666666666666692,0.07666666666666701,0.03333333333333364,-0.7000000000000001,-2.0933333333333333,-1.96,-0.7166666666666667,-0.4533333333333333,-0.5833333333333334,-0.003333333333333336,2.2666666666666666,0.032001031274699936,0.013498830171394966,-0.009172486504974134,0.014718681767629265,0.0026827777276094665,0.0040309413147878,0.0016661718876692334,0.0006742243026807334,0.026153957486852567,-0.0012326835603892333,0.0038016655379967002,-0.0006879816862952913,0.008669471536631668,0.0002802243262882667,0.005175595658245766,0.003837938159004866,0.0024201046100816646,0.004162384990854567,0.0031273280032409335,0.004144860491601634,0.0015544126649783667,0.0006252929600198331,0.004593941991234633,5.8440717259699954e-05,-0.0007701016020325666,-0.0015452654445281,0.0003810026218631333,0.0034093227949340333,0.0021105701088709994,0.0006831803332775999
1982-09-01,0.0005466270985034316,-0.0011897108879424,0.0051710371074427,-0.0037146726016779002,0.008733926750257033,-0.005034236655247101,-0.002705914303728,-0.003770489740836733,-0.00017481626109843332,-0.007584909332484167,0.0024143525756292667,-0.010956356974536433,-0.0074462630165025995,-0.013009460891324766,0.0031329810802418327,-0.0040140254500316995,0.0034581330182644667,-0.0077176759473281675,-0.40126666666666705,-109.33333333333333,-0.014901634999999998,0.0019323550581274666,-0.00013062241748329996,0.16666666666666666,0.3000000000000007,0.03171963510549307,0.007818513929098698,0.03982933701924787,0.0384824811744317,0.04108296259119964,0.03242652633894316,-0.0025393685803051336,-0.007397953371489367,-0.0229008511956046,-0.005672475894077267,-0.006878673647937767,-0.0096882116344788,-0.002479063437236333,-0.0009186230449439999,-0.001609653797567367,-0.0029798562847525,-0.00021165447157756164,0.00044764195376539997,-0.0019412058995254,39.0,-0.0333333333333332,39.06666666666667,7.0187830611583495,0.15711560426406673,-0.02741269941232657,6.451313686181617,5.330204072737577,6.910195408467357,0.037422433957026734,0.0650565664239367,6.282792039496717,5.4157336710483195,-0.0013301048581677657,-0.008983026131699467,0.0003553782583587668,0.006887417333333298,0.0034404582763179338,0.00043542557004926666,0.003452619428248767,-0.004468188573751697,-0.0025053292881326667,-0.005877413937867368,0.0004068015835295667,-0.0010969299263772,0.00025477098264836657,-0.42313126666666334,0.036515000932347004,-0.20381144433333334,0.044818329781422805,-1.2799999999999998,-1.2000000000000004,-1.5166666666666666,-1.1100000000000003,-1.0733333333333335,-0.7266666666666662,-0.6533333333333337,-0.6233333333333336,-0.4300000000000003,0.14333333333333334,-1.6900000000000002,-0.63,0.8333333333333334,2.1,2.11,2.7466666666666666,5.243333333333333,0.009935896437901999,0.015666491951326,-0.008515681908667467,-0.010835880835966134,-0.0023515970413167924,-0.002694168779403167,-6.686720141000033e-07,-0.0016827776381113,0.0241752208621266,0.01901711696584753,-0.0038016655379967,-0.0003413552098967667,-0.0079601595349654,-0.00044190966126990004,-0.005166663892115167,-0.0045436476099264995,-0.0027749032953439004,-0.004162384990854533,-0.0024491051914168,-0.0041344559952796334,-0.0014872355540010334,-0.0006327716225932,-0.0039538485451659005,-0.0003094960530351666,-0.0007468976701777999,-0.0015054537712778997,-0.0008069196557715417,-0.0085825105421898,-0.0032434303494575,0.0012763559461209998
1982-12-01,0.0028015989524832665,0.0015996059269447335,0.005551120954312233,-0.0034592354551647004,0.009039542600525266,-0.006636948120660934,-0.005036886783870333,-0.0051377331048486005,-0.004763354427317933,-0.004815806520874019,-0.0047825984321994,-0.005354323896181501,-0.008310071791861133,-0.0129185441216695,-0.0041671656195386335,-0.0069298651609892995,0.00044505924516466747,-0.003995757970555667,-0.5606666666666673,34.666666666666664,-0.001985085,0.0010880486718462667,-0.0015849380440079999,0.2333333333333337,0.5,-0.0022770487029451,-0.006648579999225767,0.060430828479985266,0.03817048756071773,0.07982053904233548,-0.0774536940826836,-0.0015434727930928001,-0.006965927026516966,-0.019696585916460233,-0.0011799422350413,-0.007582366971456933,-0.010773633895429534,-0.0026982608736550334,0.0002286509683055,-0.0014353350242283,-0.0026340626852962,-0.0006293429732675333,0.0008297435272137999,0.0012119705762275667,38.833333333333336,0.0333333333333332,38.96666666666667,7.154589744688053,-0.050638680675280136,0.03392756476998333,6.5714519468352774,5.588141101455871,7.123067908458331,0.002936876560720031,0.04833010347619646,6.509586775345923,5.68429244223952,0.0095335383000504,0.002338652448730867,-0.0045800309268576,-0.0034437086666667,-0.0017120411745965335,0.0015293934599632335,0.008427001959034267,0.007107274516933133,0.0072783706945502335,0.010803522312251566,-0.004387606966239067,-0.0005118353835164667,0.0012461377179609336,-0.1962670333333325,0.043351042749399334,-0.22271374666666657,0.06005088348822254,-0.45333333333333403,-0.6166666666666666,0.006666666666666664,-0.4033333333333331,-0.6466666666666666,-0.6766666666666666,-0.6000000000000002,-0.36999999999999994,-0.49666666666666665,-0.48666666666666664,-1.38,-1.0233333333333332,-0.15666666666666668,1.18,1.3800000000000001,2.59,5.103333333333333,-0.014586008178748402,-0.028181539868283135,-0.01923610587354883,0.0009973187671367002,0.000981156966820272,0.00032204655734816663,-0.00033350011119459984,0.0006632531631953001,-0.04070477162106364,-0.0085287743742161,-0.0010219732072783334,-0.00033927059756686667,-0.0010219732072783,-0.0004186369521207662,0.0003406574985642334,0.0020636520139488998,-0.002740680050672234,-0.0013647238442210002,-0.0006900878118549,-0.0013626335521926332,-0.00041869171050776667,7.606491212776651e-05,-0.0007191431643397665,-0.0003805719216445334,0.0014571796426718,0.005947324250954866,0.0003900524499352333,0.005098638129990633,0.003819987127448267,0.0034199905737993335
1983-03-01,0.001483385209409567,0.001725808290375491,0.0037426379101375335,0.010437950336623201,0.007455655664784333,0.0068369693832772,0.0044769950748993,0.0026948334376756,0.0043056297393541335,0.017800620225656736,-0.0004948175008386338,0.0024775066734165335,0.0093007122251764,0.020306468593379368,0.015644925289270334,0.010443062639688699,0.0003102681931916341,-0.015407644870586835,0.6800333333333374,34.333333333333336,0.006857293333333334,-0.0014917093811312333,0.0004944227008962667,-0.16666666666666655,0.43333333333333335,-0.03919755004170313,-0.027899672958882366,-0.0035943127355846003,-0.039062469182984366,0.0228589227624519,-0.0289025565292267,0.0011956915495824,-0.0005999493970237332,-0.018936087737077233,-0.0005069709469023668,0.00041914918250063804,0.00043107027478226663,0.0004011231932109667,0.0017741609682678666,0.001399073579174,-0.0007457625173359667,0.0034181446812198003,0.0024136284317528667,0.0005002189396184391,39.23333333333333,0.09999999999999999,39.4,7.39608913945781,0.16022950978191672,0.0899269540408465,6.787054540181146,5.786471412925997,7.284246530116533,0.0755487272884698,0.027466510589023302,6.6838013945476105,5.783418844034344,0.006166225894887733,0.0035142348092099996,-0.0052746218004197,-0.024105959999999964,0.001983340584401667,-0.0008479544297106343,0.017215644298601934,-0.005391369392126133,-0.021042774378872434,-0.021932911095472667,0.00032363774388329995,0.0008224091342038665,3.0018752070800025e-05,0.06999636666666247,0.02862497042510123,-0.12640618800000003,0.0463319871961696,-0.06000000000000002,0.003333333333333327,0.1366666666666663,0.06999999999999999,0.043333333333333,-0.046666666666666995,-0.009999999999999759,-0.03333333333333297,-0.1766666666666671,-0.31,-0.5466666666666666,-0.47666666666666674,0.20666666666666667,1.47,1.9100000000000001,3.19,5.18,0.0026236652796764667,-0.0051188480367437995,-0.0270592800471786,-0.0032998213871446003,-0.0016422073815016331,-0.0013155892700608331,-0.0010015030067664669,0.003009317016014534,0.023104858600841133,0.004781502752133301,0.0013619358408600857,0.00033927059756686667,0.0003227152533007,-0.001735152580228487,0.0003396162630340999,-1.924679589479997e-05,0.0034209523956233337,0.0013647238442210002,0.00033788652122653337,0.002043600762126133,-7.632896107979996e-05,0.00033499117368259996,0.0012126586221787665,-0.0008519844710108334,-0.0021850444283044333,-0.005037821527592666,-0.0011799422350412753,0.0061125722125208335,0.0028055632075645667,0.0016690085379993625
1983-06-01,0.002421765057485167,0.0030093785145955,0.007207537512264166,0.013565437308842,0.014059445760924633,0.008263054797075666,0.007789184076674567,0.007337506796479268,0.009114116386567866,0.019833692412787166,0.005166408084015499,0.007039713841663801,0.0087574988706863,0.0174371621396269,0.009877143448092266,0.0105523603967475,-0.0052559557171522305,0.025630399191470865,0.727133333333332,100.0,0.009974202333333333,0.0038717962177242,0.0048513124506381665,-0.06666666666666687,0.4666666666666673,0.017069208461323968,-0.024588716746536104,-0.010424397927111565,-0.0544042316986362,0.016459864204761334,-0.025973111537968673,0.0034652939043523334,0.004587438797174733,-0.007841774563196966,0.005368342837699067,0.004930148380836934,0.006204936147411133,0.0029931359447416665,0.0031042756561116998,0.0033914496837580336,0.003372434465443134,0.003544011943199933,0.0028985689891846667,0.0003122560727953333,39.63333333333333,0.09999999999999987,39.93333333333334,7.411368504185517,-0.08170748601099655,0.008110700219843295,6.80686014375357,5.933582084967334,7.4181431647907905,0.0822138408605033,0.04238505849508347,6.809013794005604,6.004080071220891,0.03248682221500533,0.0068504927889722666,0.0021996069194312,-0.024105960333333332,-0.0016521375886761334,-0.0013650515708149666,0.0018931630219596665,0.002908712219429767,0.016296105323695634,0.012538527475333334,0.0016135477574084997,0.0014242975455671999,0.0010038190877660667,0.048240800000001915,0.0303907062617936,-0.1261241159999999,0.041422071427029,0.07000000000000035,0.16000000000000025,0.14666666666666653,0.1733333333333338,0.20666666666666708,0.18333333333333338,0.11333333333333345,0.0033333333333330404,-0.08,-0.18333333333333335,-0.4066666666666667,-0.3333333333333333,0.3766666666666667,1.4233333333333331,1.7400000000000002,2.766666666666667,4.446666666666666,0.007339277641212699,0.002477052492440767,0.0127292184033892,0.0016269453920323667,0.0009866843908215,0.0013194834420430272,0.0023348381178817,-0.0029865804571572335,0.012430145423539764,-0.0029168878400618672,0.00033140382365196675,0.0013320031044606667,0.0027283663592602998,0.0009900920741178797,0.0006638967879230665,-1.0317521732066686e-05,0.0003293195424358333,0.0010075574421953336,0.0003263248691587999,0.0006672477308260332,0.0008135212047662334,-1.7098905881998867e-06,0.00021188732483083325,0.0012993935543613333,0.0010797213369208034,0.0005873771359712346,0.0007707132527931333,-0.0015324675314367334,-0.00028543011860966634,-0.0005230603772898155
1983-09-01,0.0027076603001331,0.004442913508103267,0.004034340723747701,0.004339935855178734,0.0032503461356583004,0.013651860518325199,0.012919444507578733,0.012855522168499766,0.011465776052444468,0.019964775795292933,0.008264970514853268,0.018923825796991835,0.014411890937876167,0.019331945799925535,0.0093570317897233,0.013611880358411666,0.03402829259310547,0.005048213850255234,0.9750333333333318,93.66666666666667,0.017088125,0.0012460406670022667,0.0045498093478612,-0.3000000000000001,-0.20000000000000062,0.007334165822161534,-0.01778199356843107,-0.04942561287776747,-0.0382897678756176,-0.055705702849746665,-0.02776124827443263,0.0045090462547375,0.006496934747058067,0.0010735382333475667,0.010806447359908433,0.005748108728736133,0.0076210332531498675,0.0028680392530926334,0.0038655396270683,0.004758039675187633,0.003675075630875767,0.0053176091456035995,0.0046106654098636,0.0004574471015068333,40.0,0.13333333333333333,40.4,7.495426954917043,-0.04158390165749013,0.0261874408343668,6.890394599299117,6.0302455839655735,7.4357004951859595,-0.016810284542296532,-0.020519297666480068,6.813128620230343,6.010222742401001,0.013330705976023566,0.008651444055013,0.006426811157718699,-0.0034437086666667,-0.0011576338824789668,-0.00021710964202329566,0.0014489976449407332,-0.004373377301099567,-0.007832017118145332,-0.0009225603337596674,-0.0012126727689777334,0.0009245610442896332,-0.0007381604716804667,0.26765463333333167,0.0015987240878309998,0.005309931333333305,0.007084451683372068,0.15666666666666634,0.08,0.07000000000000033,0.08666666666666667,0.16666666666666666,0.26666666666666633,0.266666666666667,0.2099999999999993,0.0600000000000005,-0.11666666666666665,-0.32,-0.15333333333333332,0.8366666666666666,1.9633333333333332,2.1666666666666665,2.8833333333333333,4.066666666666666,0.007798356262217434,0.0031991780830417337,-0.010810812073154033,8.113919468843331e-05,0.0003230978512087637,-0.0003331084804457001,0.0009712008171574001,0.004892632738807333,-0.0193933174011991,0.003237863631193066,0.0003261405215845706,-0.0019927235057911,-0.0003549986863709666,-0.00035183621459406676,-0.0003408223091616333,0.0012928784730383,0.0003237432237283,-1.2036542945733359e-05,-0.0003411709657514831,-1.0050463377096116e-05,-7.326460564180003e-05,0.0001974441987293667,-0.0007656227012982665,0.00021377156449926666,0.0010624166729531668,0.0011718988374923667,0.0011373247751696666,-0.0102078445520952,-0.005278111442945467,-0.003752935150684734
1983-12-01,0.008677263988447535,0.008897398475663532,0.007049875756110567,0.013153127046231566,0.011530629293004566,0.005712729058200233,0.0038962224685127,0.0038279563700382,-0.0009465720461576,0.012533467575145035,-0.006180505632981367,0.010761503630461368,0.007574582062499333,0.012855515481075367,-0.0007116212024455004,0.006042441478007333,-0.017201621717082897,-0.023587146995970965,0.39106666666666506,148.66666666666666,0.02634708466666667,8.606937536250008e-05,0.0031868295987956003,-0.29999999999999966,-0.3333333333333333,-0.028907299831494367,-0.03187822456228564,-0.04384392075334037,-0.023199889207358364,-0.056405496500833735,-0.034283076843008096,0.0035717806792684,0.006226573871340167,0.0055709561310785,0.008745234872095567,0.005669657265195534,0.007606087753802666,0.0026482410883978667,0.002704417805238267,0.003712637463157333,0.0046385260865585,0.0043852790696631335,0.0030182841968334,-0.0007072285544336999,40.06666666666667,0.03333333333333333,40.56666666666667,7.45521390965656,0.018145068851670037,-0.035944234934403234,6.87552854235978,5.98330091165067,7.420541656728546,0.009443502208739865,-0.016263388056476504,6.785758344944717,6.047475892789733,0.018049674456367033,0.014999105143372033,0.0060286543743964,-0.010331126000000032,3.945011059096655e-05,0.00028740211178406673,0.0030862197069855997,0.0063203452034852675,0.013889485479700134,0.0134553517085471,0.002718168717274533,-0.0006115664440967667,0.0017963097447234334,0.36444263333333504,-0.005629406009507066,0.04201639900000013,-0.0069276939224784005,0.006666666666667029,0.09666666666666633,0.0,0.006666666666666525,-0.016666666666666986,0.036666666666666674,0.06,0.066666666666667,0.06666666666666671,-0.2233333333333333,-0.63,-0.4533333333333333,0.5233333333333333,1.9799999999999998,2.2566666666666664,2.98,4.176666666666667,0.005503954795407366,-0.011024016162528133,-0.014734358837146133,0.0038449038247992,-9.592892048334324e-07,0.0006555242582656334,-0.0019772572241869477,0.00031874713061786725,0.0016926629755412,-0.00032097579113120035,-9.851935265803634e-06,0.0013207866236178327,-0.0009945308222958416,0.0006275320313081605,-0.0003331471328156445,-0.0013585825748296,-0.0003476271478672333,-0.0003380584901814688,-5.887726935033212e-06,-0.00033809364144971233,-0.0009846139764548333,-0.0006231422000218333,0.00023560524171863337,-0.0016994080007357,-0.0007239403727676047,-0.00029894953609423326,-0.0007787314706507588,-0.002408568529839767,0.0004447262290583666,-0.0021284722241290332
1984-03-01,0.004915497000718899,0.0057700869806242006,0.0004466456273012334,0.0022529557512687,0.004732598900308366,0.009644866622859266,0.0092445803018182,0.009289751189479667,0.007118990063609067,0.009441324032079599,0.006233395697316066,0.013205316589771102,0.010058083222002067,0.016972260507511834,0.008602233637565633,0.010999292766759832,0.011509417738460032,0.025535948063204767,0.7405000000000014,88.33333333333333,0.018697076666666666,0.0011435015361680335,0.0031277961907480666,-0.166666666666667,-0.033333333333332986,-0.011783259284015366,-0.002654998770100133,-0.05314745054325404,-0.059965526113257596,-0.048859312534776066,-0.0214646394777495,0.004305444099900367,0.0058826760763145665,0.0020653362449000335,0.011188027018001534,0.004808183601975633,0.006218626359747933,0.0025789000494403,0.0037857766320362665,0.005380660091907001,0.0051503170519063,0.004807819432712601,0.0034163305389422,0.00045778978000989994,40.36666666666667,0.03333333333333333,40.800000000000004,7.562509180464757,0.021374842723179893,0.03445945148461003,6.872372551497957,6.198268384694637,7.5172517103928405,0.016352052329733524,0.02668090255784661,6.790805430791,6.234383761644743,0.026321790931874634,0.0190065487913144,0.0096287902344153,0.0034437086666667,0.0009175165473260667,0.0008526012761663999,0.0031209879227593,-0.0013410236673703317,-0.007846196976941403,-0.012720009611341404,0.002246917545112633,0.0013112006846611333,-0.002496733509418666,0.5084583333333337,-0.014504048879592467,0.08299145366666666,-0.02714978784532747,0.14666666666666642,0.10000000000000032,0.17333333333333345,0.16333333333333333,0.16000000000000034,0.16,0.16333333333333333,0.0,0.07999999999999997,-0.23666666666666666,-0.5166666666666667,-0.4033333333333333,0.49000000000000005,1.9566666666666668,2.2566666666666664,2.596666666666667,4.056666666666667,-0.007560572241187,-0.013337177349912133,0.0050528740506144325,0.006040060357735133,0.0003080496613829904,0.00030159901854353346,0.0012947845129718334,0.002158994132187201,0.013513574124850733,0.007319307593992801,-1.4418342440833485e-05,-0.00033084808853003363,0.0022753216901331996,-0.0013055529690590099,0.00032086310144076676,0.0003159267380823669,0.000311310534407593,0.00031672240513251843,-9.584006211133585e-06,0.00031667325566076665,0.0009080777202264334,9.532327506740009e-05,0.00013964692360196682,0.0015028206858301002,-0.00035956181248763354,0.0002848916059178663,0.0003621202409950666,0.004167784837213367,0.00018351892017003332,0.001148287546721823
1984-06-01,0.005286699761482967,0.0059571732739762675,0.006388531847937601,0.007416527039315633,0.0130332132508138,0.004976116655964467,0.0045518410910334,0.0038315709927581334,-0.00036984356567986657,-0.0023594855890005004,0.0004630591585425667,0.007990448728063367,0.005408653015685234,0.006206584802151732,-0.0006088102512572,0.004224164424045967,-0.001438877006846399,-0.0050142972278818,0.165833333333334,104.0,0.021949816333333334,0.0032490435132625332,0.005166533090351966,-0.19999999999999987,-0.3333333333333333,-0.007479594186801701,-0.031863369008358795,-0.03267374822940227,-0.0202839046344173,-0.04057445762276874,0.014708268302979265,0.0037252660117097,0.004110872981836833,0.0038785182242492672,0.008539792904956033,0.0030004209329851338,0.004393403902080067,0.0007746311886052,0.0035977176774519997,0.0038346081604950003,0.0033266159498961667,0.0037546336810312998,0.002900670951156267,0.002010973125639,40.333333333333336,-0.03333333333333333,40.699999999999996,7.50787447770428,0.10407439378930021,0.0743811837714032,6.826553840262004,6.109568481748493,7.48254116466513,0.010472065411126599,0.04172104765133313,6.7701847951312795,6.182997240463457,-0.027568140859511203,0.0049508577773706005,0.009470441516696666,0.0034437086666667,-0.00028866859991969986,-0.0009559288319845667,0.0034823846139963,0.0008973474519719001,0.009929098275666199,0.011620667611662368,-0.002288552502920533,-0.0005473336810570666,0.0032879844469704336,0.9651292999999997,-0.009233011106554834,0.07101021933333296,-0.027862309441904667,0.38333333333333336,0.3833333333333337,0.11666666666666671,0.2833333333333333,0.49666666666666665,0.486666666666667,0.41333333333333305,0.32666666666666666,0.35333333333333333,0.04666666666666667,-0.7599999999999999,-0.33666666666666667,0.9899999999999999,2.4499999999999997,2.643333333333333,2.6566666666666667,4.1433333333333335,0.0201917833600205,0.012059902050731432,-0.0185265549473201,0.008885270470284166,-0.0012870028858197333,-0.0019348631445209334,-0.0009779406333730405,-0.009896205807892232,-0.012838004039567868,-0.0089180316818238,-0.000329735857758799,-0.0006581114345725667,-0.001633060733566589,0.0009313664512608667,-0.0003269391126611197,-0.0009887724176360334,-0.0003359414262939667,-0.0003313045120654334,-4.377559504232332e-06,-0.0003307169174071712,-0.0004979621396369333,-1.1951145480666855e-05,-0.00017738715963946678,-0.0007697782797784,0.0006850473145655626,-0.0011642091358672914,-1.1587149852066632e-05,0.0042516041588674825,0.004033875096244033,-0.0033522248769891996
1984-09-01,0.005451482645997367,0.006280820530732767,0.002386859429267,-0.0022798648656862665,-0.0024360191549733325,0.0003809450611577334,0.0017232924528813,0.002054613480383436,-0.002864973763147767,0.0008607177627042,-0.004320356357745868,0.008418912237545133,-0.0009929215247185333,-0.0009255294933705003,-0.001286948812206,0.000852862872952,-0.011226805588259565,-0.004174337716677966,-0.14126666666666665,7.0,-0.0020143713333333328,0.00011712653592843331,-0.0003189928912217331,0.033333333333333326,-0.366666666666667,0.006478592433545298,0.03937505276208183,-0.009579947373996334,0.0160181547672605,-0.0275456725112123,0.029970844192796203,0.0030379388073888,0.0016980127561823334,0.00035684976465983335,0.005064503456328699,0.0009633382647470666,0.0025786461841293333,-0.0016482484621101667,0.0034803073287547003,0.0036563437901909663,0.0038916520943837996,0.004066228733833533,0.003292947001565167,0.0026352225858297332,40.233333333333334,-0.03333333333333333,40.53333333333333,7.421069619396153,-0.02680718910352343,-0.04724271994290003,6.713523316274466,6.0388789682826305,7.347446467615254,0.02000600324208347,-0.06655522341730667,6.620650001426086,6.024779675949806,-0.0012132566778741,0.0032657195723834187,0.008788363902948968,0.017218542999999965,-0.0008753253271380001,0.0004263321393125667,0.001168307385688539,-0.0029491216706925335,-0.002811946437100999,0.01129966605329503,-0.0011970411942649334,-5.044181441933329e-05,-0.003403543143663833,0.277297433333331,0.027166237985203665,-0.11051684166666668,0.006427381507564799,0.08,0.019999999999999424,0.16666666666666666,-0.013333333333333128,-0.16666666666666655,-0.316666666666667,-0.34666666666666707,-0.29666666666666663,-0.23333333333333384,-0.25333333333333335,-1.07,-0.8566666666666666,0.42,1.4366666666666668,1.4766666666666666,1.5999999999999999,3.3200000000000003,0.030890281946627268,0.01655251878522063,-0.030578775572760897,0.0026733005611125336,-3.3393426912553537e-17,-6.241490119000362e-07,-0.0009672765918672025,0.002232557391581733,0.006789576236503333,-0.0030401844455454335,0.00031297996596476555,0.0009786660861651096,0.0003197406731452334,-0.00032996967234989223,0.00032065498592507316,0.0003062767276551333,0.0006164617620045965,0.0006306010303266667,0.0003138956980125661,0.0003138636002496,-0.00014166465855706663,0.0004084704007534667,0.0002380383972613,-0.00048069000147003333,-0.0003537909527449687,-0.00028822598711787336,-0.0003815410161707666,-0.005062241350323966,-0.0042198621003202335,0.0013483990276575667
1984-12-01,0.0030272157712592667,0.0020512212022356,0.004176304222281634,0.004740134721555333,0.006502490024490266,0.0011383969964996,0.0047792181228822,0.006170627620439434,0.005491434130174266,0.006073132247106966,0.005284673552120367,0.007522992868518301,-0.002662105941004033,0.0032130675898292336,-0.004277922943722067,0.0035417652532957335,0.0031576562030659326,-0.002564534273839566,0.052666666666667,48.333333333333336,0.005962887666666666,0.002112907146665667,0.002308165390129867,1.989149585786739e-16,-0.06666666666666633,0.004579920714701833,0.0025960671201146986,-0.018497017351026667,-0.0251511461632985,-0.013597759701460701,-0.008365782666708435,0.0026569167032347665,0.0007894555039975668,-0.008635031897517433,0.005490660192973434,7.398775533039999e-05,0.0005073794834367667,-0.0006323728030631667,0.0032695188862123,0.003849737325745967,0.0024912921148427998,0.005114756573181133,0.003909071096877833,0.0005532164653055333,40.13333333333333,0.0,40.46666666666667,7.39620404502955,0.04594415817463676,-0.018327378139116637,6.643499610462487,5.973661585128913,7.368229602361513,0.046727990781849756,0.0558263279186735,6.600465407334416,6.050331916067414,0.007503007219317099,-0.0016733451298473,0.004119038475489333,0.0,0.0011954993447241332,0.0015470981399276667,0.006559406079679965,0.004879630141336601,0.0063195041918389,0.009673502784596234,-0.0005730880828387001,-0.00030483634019986655,0.0019860095232662,0.6332293999999989,-0.0032264821379408668,0.04480034566666663,-0.017351631538540968,-0.9733333333333333,-0.8666666666666667,-0.7699999999999992,-0.7300000000000008,-0.75,-0.48666666666666636,-0.3399999999999998,-0.1766666666666665,-0.3166666666666664,-0.07,-0.4633333333333333,-0.27999999999999997,0.75,2.22,2.4766666666666666,3.0833333333333335,4.34,0.007278855619851833,0.003387536666896134,-0.019166759658380703,0.0014170420389259667,0.0,0.0006450579030750648,3.129821391980193e-07,-2.2275322356099987e-05,-0.033963814304501704,-8.451733103329954e-05,-0.0003239695505869265,-0.0003263051875904333,-0.0015981341382985334,0.0002856644700391619,-0.0006441225836845333,-0.001569515327792802,-0.0003302657847011224,-0.0009576752137819914,-0.0006403890677973112,-0.00032431244898693774,0.0004870418829701,-0.0010858040345726,-9.20773285299667e-05,0.0011514849185743,0.0003298223093598021,0.0020106336992355665,-1.1931565315168483e-05,-0.0026474499228505664,0.0012244463059421001,-0.0008709774697939335
1985-03-01,0.0013122809210664,0.0014962469387823666,0.003883409060037167,0.003204636718896467,0.007752601569700067,0.0012909784660450668,0.0013659818971568998,0.0006379861662347999,-0.00031551700755430004,-0.0035665420813096663,0.0009352803805704668,0.0006797322101960666,0.0011943325529732332,9.526465049273317e-05,0.00023578132151209994,0.0006183259147699332,0.004549900203338768,-0.004498872371839533,-0.17950000000000432,9.333333333333334,0.0015137016666666332,0.0021660820256172333,0.0023951225249382,-0.0333333333333332,-0.23333333333333303,0.014322474029174964,-0.0179290374137973,-0.0009732367011115661,0.012016238589199103,-0.010698705857350034,-0.0041754199397269,0.0025395434550497336,-0.00016901170768157184,-0.0017615366328437333,0.005542655949141666,-0.0015572020979046336,-0.001554422450390367,-0.0015617402897399669,0.003420007338642466,0.0027841466422124997,0.0019248802321124331,0.0038160215241275,0.0040383252240421665,0.0023054023816086668,40.03333333333333,0.0,40.266666666666666,7.445978917766833,0.009866823258763334,0.0583495991549565,6.671319758002194,6.1612485130213335,7.428163644970887,0.038478722548856766,0.03120316637410317,6.584381538592917,6.171327065505397,-0.00010744456430226747,0.0033264030261796335,0.0020099946743717336,0.0,-0.0007172922855334333,-0.0019239245707899668,0.004437744926602967,-0.002770277020227701,-0.010862852103334633,-0.02879524099637924,0.0015900972520211335,-0.00024182551800319991,0.0012665229179417334,0.9185149666666673,0.028902459806423034,-0.10257313866666638,0.0172802097390483,0.06666666666666633,0.15333333333333368,0.15333333333333302,0.20666666666666733,0.17666666666666667,0.14999999999999966,0.12,0.14333333333333334,0.09666666666666619,0.013333333333333327,-0.29333333333333333,-0.046666666666666655,0.9133333333333334,2.716666666666667,3.106666666666667,3.78,4.916666666666667,0.030237304733253336,0.013122607854750898,-0.017540315759759565,0.015756788630300268,0.0,-0.0006447455266102333,-1.5710028072352545e-06,-0.004451923723961766,0.0448842888235354,0.004380666622554499,0.0009317024673336536,0.0009548976635545759,0.002838437200500333,0.0002788064290211471,0.0012710533354714333,0.0015601284328360335,0.0002937991984873467,0.001245476985462,0.0012531006264930335,0.0006193923496295667,0.00036385339812796666,0.0008659915446541999,0.0011934771270227,-0.00017036848109610006,-0.0010233069521188333,-0.0034320999613881333,-1.167510971813343e-05,0.012266442123985167,0.0035669306054983336,0.0022786571766043
1985-06-01,0.0012873687700724666,0.0016732630394056334,0.0029408909827117664,-0.0020618227898208676,0.0045002689237125,-0.0003428381390836,0.0001381721564183666,-0.00017798394214276676,-0.00011686415886559987,-0.0053385259149520995,0.0018121588654299997,-0.0017156656084962665,-0.0008686312248921334,-0.0023254810392549664,0.00031884582553206664,-0.00038647419133163336,-0.0013904757558706332,0.007511836843605999,-0.23619999999999672,-11.0,-0.0037980603333333004,-0.001050836110618272,-0.0015113643448915186,0.06666666666666667,-0.20000000000000137,0.001794912466048467,0.009946974625858467,-0.011906027534026366,-0.005143142854954,-0.0172408514370072,0.0100024749246656,0.002116997421166967,-0.000973483856996,-0.0024374139182574664,0.004132139618876666,-0.0022372699905587666,-0.0024056637267406335,-0.001962521614397933,0.0031101181322483,0.0029083565075206336,0.0010539652212457333,0.003616950336774933,0.0038174979105954003,0.002087583713976167,40.13333333333333,-0.03333333333333333,40.46666666666667,7.4526184777223135,0.03926101188546333,-0.0483559884176466,6.639010921121013,6.12410333893564,7.4361315281815505,-0.0037807588679798997,0.011158643065463403,6.615470611118044,6.111407003714246,0.0181577674447997,0.002834376930845033,0.0011859782190667665,0.0034437086666666665,0.002377677583824933,0.0014980203650152002,0.004305185635641767,0.0014602683927647006,0.009537835397158467,0.013451356467421668,-0.0022794694513136667,-0.000305194883698206,-0.0021094315584608333,0.9939536000000023,0.017199941627589567,-0.05746071600000017,0.013567541104830402,-0.35000000000000003,-0.5166666666666667,-0.523333333333333,-0.6033333333333334,-0.6866666666666666,-0.64,-0.5666666666666665,-0.5400000000000004,-0.42999999999999966,-0.07333333333333333,-0.4633333333333333,-0.26666666666666666,0.5433333333333333,2.393333333333333,2.89,3.706666666666667,5.096666666666667,-0.02869153625708103,-0.011947092751724364,0.04314507197551783,-0.003973492804156233,-0.0009546545904761666,-0.0009595242129142003,-0.0016192280747470665,0.003997292354662255,-0.017458098282085232,-0.004664846201376833,-0.0006326807490590016,0.0009491688834749332,-0.002202304691913667,0.00026563304945673524,-0.0009543470566981334,-0.0024933804188673474,-0.0003245258846359667,-0.0006332082586736704,-0.0009458881922972,-0.0003210414515987667,-0.0003958593706089333,-0.0006421895208077,-0.00045063492563456677,-0.00030054899968753337,0.0003314819701244667,0.0011369307490723,-0.0003639596339706053,-0.002705902239056266,-0.0019714383385641666,0.001970062752059866
1985-09-01,0.001998138129042216,0.0020677577897595003,0.010313449558923134,0.007536035681929666,0.014594429860243466,0.0006312066847460001,0.0010036563186958,0.0007608631333581999,0.0020617149903969668,0.0034465191627510005,0.0015474801884884672,-0.0019434508522859666,0.00022780172233106648,-0.0012304850476879997,0.003648575962554206,0.0004390842540127331,0.009492636816071999,-0.01785967885231207,-0.130099999999999,25.0,0.007422254333333367,0.0027143852798978663,0.0035861049459348666,-0.10000000000000032,-0.06666666666666633,-0.004171461341909367,0.006946060917983066,-0.0099597332945779,-0.006542571826813667,-0.012730266244129934,0.013403395536283698,0.0019982600695005004,-0.0009054900870933332,-0.0093595820193801,0.004356456573776867,-0.001894743918478833,-0.0028185829619780333,-0.00039389467902136663,0.002920369481286,0.0014691502724796,0.0009825200547026,0.0018009121851865334,0.004455936105997533,0.0028166914743851094,40.166666666666664,0.0333333333333332,40.53333333333333,7.438818507121439,-0.03375124456839333,-0.004246341925809902,6.625630463360561,6.174471163348656,7.498196254905721,-0.029119032895703268,-0.006930256556356565,6.642724013356873,6.291497941079654,-0.00045188685168006645,0.0051686220780074,4.572578368685511e-05,-0.010331125666666666,-0.00020114530687346667,-0.0015200143164373666,0.004132955277094366,-0.0026340147792941,0.001013689234873133,-0.0022523741105225994,0.002039185907497567,0.000854652505781576,0.0016312207235511331,0.8350671999999978,-0.008579562089477267,0.053716366000000126,-0.0036263852506487003,0.13000000000000003,0.16,0.04999999999999987,0.05999999999999977,0.09000000000000004,0.0700000000000002,0.06999999999999956,0.04333333333333359,0.0266666666666667,-0.19666666666666666,-0.7933333333333333,-0.6366666666666667,0.09333333333333334,1.8733333333333333,2.436666666666667,3.1300000000000003,4.569999999999999,-0.03210847667929487,-0.016915213134983734,0.021027764512704702,0.0006574383956696999,-0.0012857123005497,-0.0009778427993000335,0.0016176417076054,-0.0018762016712846666,0.0121955350482666,0.0039697218854722665,-0.0003142488499806684,-0.0015950228860584015,-3.3248866622888805e-17,-0.00032516944907296663,0.00031640565577746674,0.0015601152427529399,-0.00031442582993553334,-5.990347838219876e-06,-2.3291801139813714e-06,-0.0003142681425112,-0.0003444433571366333,1.226122554953329e-05,-0.0005716929241359667,-0.0003048925726773,-3.984087554266633e-06,0.0014163985134597,-0.00035743781926604823,0.023269064469432135,0.014143079259598066,-0.0025460832968283997
1985-12-01,0.004140952540506467,0.004595494424248,-0.0006723821409133675,-0.0024426016025138335,-0.0040649017157281,0.0032713342347765336,0.0034149343664748,0.0038007726184291,0.0045146702868829,0.006733715757540432,0.003696000617749429,0.0018591028909969668,0.0031302505345521332,0.002391173711760033,-1.8208385876766764e-05,0.0025997079583923665,0.012117473745634369,0.014713368309523467,0.08159999999999933,-34.333333333333336,-0.0018093063333333326,0.001288792710830316,0.0017263275149463333,-0.0333333333333332,-0.06666666666666698,-0.009777575303257199,-0.003389417809750666,-0.005093732078373233,-0.0019880774638910367,-0.007656885746529632,-0.019533146699944368,0.0019119927940007997,-0.00014170528349011766,-0.007439838566806534,0.002395875735404667,-0.0004706636196581333,-0.0007312617192376667,-4.926957858823332e-05,0.0025578080338514004,0.0014951351997235997,0.0007893737697384999,0.0019090004086485667,0.004788949662804767,0.0011200458556163667,40.199999999999996,0.09999999999999999,40.76666666666667,7.5076448895129895,0.05060200428933643,0.053816660769623326,6.719913274678684,6.14579854289401,7.4630775427683105,0.008197134379109933,0.0529803693832965,6.6468040435814535,6.139359654083937,-0.00018156366123633452,1.0750110605499639e-05,0.0039944828793032,0.0034437083333333333,0.00016647154653026656,0.00023127888924623333,0.000527681390705,0.004841666419603833,-0.00021154845290576735,0.006100367092265299,-0.0018624094329092327,-0.0003772474922234385,-0.0023766725780121,0.175265833333337,0.039562643734233995,-0.14921768633333313,0.047296038212949504,0.1166666666666666,-0.02666666666666667,-1.3877787807814457e-16,-0.04333333333333323,-0.1333333333333335,-0.36000000000000004,-0.37000000000000005,-0.30333333333333357,-0.3,-0.33,-0.9366666666666666,-0.8466666666666667,-0.25,1.1300000000000001,1.6566666666666665,2.473333333333333,3.8733333333333335,-0.03482063614615143,-0.051300962915825636,0.019111170438238897,0.006074360008073834,0.0038164139563411337,0.0044831848314951465,0.0016242798165058334,0.0032730990737081327,-0.04758261854436436,0.002474667391467466,0.0009082715487794948,-0.0003181940894405797,0.0015540043686037182,-2.8315461078669496e-05,0.0009340434360514669,-0.00031284219408789996,0.00028517665620596673,-1.0922199076433305e-05,0.0009163368905742104,0.0006042393805829666,0.0005541587278225644,-4.633336745176668e-05,0.0011545916086254124,0.0003976999775982,0.0016411857922693333,0.001693012663277933,0.0017475527862532332,-0.032365250000354465,-0.016351860079539666,0.006845420656794034
1986-03-01,0.004557940995955666,0.0038951706783182673,0.0006483918329873332,0.0033965213753202,-0.0022268627352784666,-0.002918209795293633,-0.0015066816085598002,-0.0018854004634431003,-0.0002514781393403999,0.005422260130686733,-0.002367240209897433,-0.0029726341086912336,-0.004517155620436134,0.0020499154696610998,0.0019717175659209334,0.0008616747712449998,-0.0139857438638632,-0.0162685052541865,-0.02196666666666634,-16.333333333333332,-0.007105461666666633,0.002471747620711833,0.0019073734508220667,0.06666666666666667,-0.16666666666666666,0.014137413781196402,0.005458211623929867,0.007906688293661366,0.027115213151317364,-0.008971665757093234,-0.0035227674733929342,0.0010968086044679,-0.0012780657245627664,-0.018926710892082203,0.0018365519369899668,-0.0013024905436083,-0.0018658762492394666,-0.0003944190175714333,0.0018371373068124667,0.0008421193486114,-0.0011643001021657334,0.0020653398904819337,0.004279619713586833,0.0012157825869098333,40.13333333333333,-0.06666666666666667,40.7,7.548519972310127,0.0011716473691467018,0.046323705306779865,6.692696664660111,6.17490382060697,7.49424169860169,0.0234471631194134,-0.008469905175123133,6.622475000345596,6.2096187083494,-0.0023597447074289665,0.007952459299970535,0.0017173522410569332,0.013774834666666598,0.00028352745717883315,0.0007505751979615666,0.006655722784689267,-0.0023400456334602,-0.007024321171073068,-0.010607294600190331,0.0019328521359379004,0.0004108787260573667,-0.00142223385446565,0.022509799999994657,0.0379542067782097,-0.119489958,0.053049884507136526,-0.26333333333333303,-0.18333333333333335,-0.18000000000000005,-0.18999999999999975,-0.21333333333333315,-0.42333333333333356,-0.4933333333333331,-0.3866666666666667,-0.36000000000000004,-0.31333333333333335,-0.93,-0.88,-0.36999999999999994,0.3333333333333333,0.73,1.7466666666666668,3.19,-0.031405908253147,-0.04216262165016007,0.005196813248186033,0.0012873710752304664,-0.005764921265268,-0.008111567896304,-0.005607971820132534,-0.0078836122403037,-0.026091960223977934,0.0013761723815806,-0.0033537138231907668,-0.0015817458192029668,-0.012317839247444931,0.0008034026791558001,-0.006317829606335999,0.0,0.0005701761267372,-0.0030372135454713334,-0.004312168730721467,-0.0030648682736439336,-0.0018478804418712667,0.0003907061843057,-0.007377516096815866,0.0002082040302428667,-0.001975966820019748,-0.004808165265735767,-0.0014042256504478668,0.007589013046935933,0.0008789448265969626,-0.011066682119977566
1986-06-01,0.0015545946516054333,0.0013578389476063331,0.0032944477863792667,0.005564564191474834,0.007277229566280233,-0.00028441516126746666,0.0014186160788055666,-0.0001285165352440666,0.004038525699867771,0.0041688050588286,0.003987685145550466,-0.006132838326290299,-0.0022731620150207,-0.0042802822798038665,0.0042686386676565,0.0006339464206924333,0.0051464439903809,0.0076706165308729314,-0.03230000000000174,71.66666666666667,0.005935335333333333,0.0024479081896248665,0.0022556740977203,0.0,0.19999999999999987,-0.0048371883136819,0.014996543982926267,0.008586664127461967,-0.015040145093489733,0.029098502753395664,-0.009490242347968199,0.0007437737303022667,-0.0023559242232095885,-0.03233992417337107,0.00020343811027190013,-0.0017826368556328666,-0.002741218189803067,-0.000246749092127,0.0016997179019402758,0.0014525054454276,-0.0010246749605181667,0.0025396155236817003,0.004497901607702867,0.0004771277727619,40.03333333333333,-0.03333333333333333,40.63333333333333,7.537749068511123,0.0011675435170666003,-0.024054148749410004,6.653928012258543,6.241290124260196,7.503700234997379,0.023081470724996538,0.020208207272143106,6.574437181114927,6.2328424302702,-0.006954997838380599,-0.0048876459395656,-0.0006848786463630667,-0.010331126,-2.8150061278699786e-05,-7.394824940119996e-05,0.008420605125099732,-6.105302112819945e-05,0.004515816815916136,0.004669044860832768,-0.0009935868949198666,-0.00025315944382950855,0.0014013583814017332,0.759539233333336,0.018150770496026734,-0.05011770433333334,0.02609456310331217,-0.1866666666666669,-0.16333333333333352,-0.11666666666666657,-0.10000000000000027,-0.09999999999999996,0.06,0.006666666666666631,0.04333333333333363,-0.05333333333333323,-0.27666666666666667,-0.7799999999999999,-0.7400000000000001,-0.31333333333333335,0.4833333333333334,0.6833333333333332,2.0833333333333335,3.3533333333333335,-0.013208672403329966,-0.021480085769055367,0.0092078841064073,-0.0026276950371186335,0.005160220200569199,0.0065476920639702995,0.0039717954560035,0.007422883808316367,0.021712291384231325,0.0006921584512197335,0.003049160733632433,0.0012674286499129333,0.013709362145673835,-0.0008696413316000333,0.0057154602445219325,0.0009394087946139333,0.00026887537660306673,0.0036502118052146003,0.0043250529543777,0.0033812739294214003,0.0019720941757867,0.0011117219819386335,0.0070076602074098,-0.00019546687507770001,-0.00032856910825309677,0.0028253953131154,-0.0010443872773455666,0.007564505508347234,0.0051663723419371,0.005171673107219233
1986-09-01,0.0025847433052424997,0.0027147052159529335,0.0110050296494286,0.010252710309416666,0.023560345045005104,0.0024092249913477332,0.0025329169569253004,0.0024719324623474997,0.0023210812783910667,0.008398638277035334,3.654492132333364e-06,0.0030895124815926663,0.0022589583976412335,0.006228994227333934,0.0013328290286016003,0.003586297346580367,0.0022813471288078,0.0020232509716663002,0.17240000000000086,-30.333333333333332,0.0005262690000000329,0.0008767520704389334,0.0015448074108720333,-0.06666666666666667,0.06666666666666714,-0.008123407534387268,-0.007855235399437,-0.00028748025355293294,0.012888608501263268,-0.0113903281737251,0.021765780823855534,0.002608561918139633,-0.0006741398053584,-0.019036759301351968,0.0014880977095614667,-0.0006090367496896333,-0.0011462749651318333,0.00024674909212703337,0.0036083614706031667,0.0032053070034869335,0.0020326098041761665,0.0039115400901957665,0.004276686083752966,0.0025923528009765,40.1,0.03333333333333333,40.666666666666664,7.471873993722983,0.01032784850665687,-0.02962279591227987,6.559580369289357,6.11268458051018,7.4560148844971,0.022684487748336733,-0.018984964309156666,6.49835976850427,6.16960489687494,0.011385694986189568,0.00017481617607199994,-0.0006762597820729002,-0.017218542999999965,-0.0001222634413385667,7.720357724106667e-05,0.0061168885936462,-0.0026987165475350003,0.002636813118946433,0.0014005602240896632,-0.0004520215082986666,0.0007918528512132001,0.002126928907139,0.60882296666667,-0.009650522386582299,0.05051693033333323,-0.006298124981144532,-0.3433333333333333,-0.3433333333333333,-0.3333333333333333,-0.30666666666666637,-0.32000000000000034,-0.24,-0.11666666666666665,-0.08,-0.04666666666666693,-0.22999999999999998,-0.6833333333333332,-0.62,-0.21666666666666665,0.7200000000000001,1.0999999999999999,2.623333333333333,3.9733333333333327,-0.035692134582868566,-0.0265142529189889,-0.0086631475014483,-0.0006241300013441665,-0.00032283736545279983,1.9625409804333665e-06,0.002034251446105767,0.0007733893500263001,0.041632781154631,-0.0017699033907527667,-6.67216007864026e-06,0.0015627470411517335,-0.001284670152011267,0.0005114109550113784,0.0003197370965419403,-0.0003151888868500586,-0.0008798872581573103,-4.170084398366578e-06,-0.0006247564517920665,-0.00031415704232856667,-0.00014910579532283327,-0.0008359955555808,-0.00012440332320549992,1.6789239468600024e-05,-2.1250362580715887e-17,-0.0002842255250269667,7.241347224334199e-07,0.012550442797523466,0.007787842023957399,0.0038449070364322668
1986-12-01,0.0017837218065081002,0.0019175508298161,0.001170115115593933,0.0011420794040309667,-0.0010748741577787334,0.0058877761130181,0.005672109516960201,0.005695402119599134,0.0069655843972702336,0.010933335584588767,0.005419944400687534,0.0027482643427375,0.0061388726413548,0.0046550260256597335,0.008918602656399868,0.005681722358269199,0.005464927262119466,0.0022113176633036,0.296866666666664,-24.333333333333332,0.006436446666666633,0.0006075797231653333,0.0019413163097550667,-0.13333333333333353,-0.13333333333333333,-0.010743991837294133,-0.03243941688262867,-0.023377889130937166,-0.022315532872912134,-0.024309050345063834,-0.032973240166475896,0.0019124358787205333,0.00030137990988170004,-0.006169866933159467,0.0036246833199952335,-0.00038121382624050005,-0.0012436665236818,0.0009851738613129001,0.0023984344877660668,0.0010033212706232666,0.00037379497526873333,0.0010395486801666,0.0035845515695106665,0.002180904305115267,40.03333333333333,0.03333333333333333,40.699999999999996,7.44429498292097,0.018675943823219864,0.1017286579935499,6.453858694848223,6.188791523634751,7.459880962390479,-0.01342463304598003,0.04557713178506346,6.413605076869927,6.3177018620200895,0.0050718855029264,0.0008576661544967668,-0.0010094245790448668,-0.0068874173333334015,0.004751865869088166,0.0006064836518548999,0.005019805414534033,0.006264317283412387,0.005744015684026667,0.0054813292223363655,0.007945707312888,0.003598858353109967,-0.0045179017775585995,-0.03128590000000001,0.014104931657304767,-0.040992743000000074,0.0161367130987788,0.34,0.14000000000000004,0.10666666666666695,0.06666666666666671,0.03333333333333353,-0.08333333333333337,-0.11333333333333351,-0.13333333333333372,-0.07666666666666623,-0.4200000000000001,-0.9133333333333332,-0.86,-0.47000000000000003,0.48666666666666664,0.9966666666666667,2.41,3.8266666666666667,0.002209908447938233,0.015409470719106366,-0.006989817608715267,-0.0017344839308951335,-4.386051479066556e-06,-0.000332806770096,-0.0010188494941827666,-0.002289632484297433,0.022501038250017164,-0.0027645481719472662,-8.783602771050936e-06,-0.0006286035059177054,-0.0006702669851022724,-0.00030344099011433333,-0.00032620907679703335,-0.0006242199077638999,-0.00029430928686951385,-0.0006137823942339668,-5.120349549096359e-06,-0.00031183179929550006,-0.0006328449493874196,0.00040893165678953337,0.0002595746264240002,-0.0013043341890679998,0.0006478784028569698,-8.731242477200024e-06,0.0010378880367943437,-0.030010683810495833,-0.017220635189641367,-0.003422666476278533
1987-03-01,0.0011829511585374334,0.0013439430564652,-0.001806606173808134,0.0014385817642222334,-0.003776377092020633,0.0035733987938882665,0.0033321892369197995,0.003104172979661833,0.0015077455468090334,0.001783985942895,0.0013997138620140664,0.007416540259552133,0.003850818510178967,0.006919613595980267,0.0006632919963726001,0.003954143379270467,-0.003759087922746068,0.006323297478252467,0.12766666666666968,131.0,0.017149227,0.0018468665308688,0.0020407982019297333,0.0,-0.033333333333333194,0.0088787732071166,-0.0005567155086705335,-0.014340823415823633,-0.021095473470181134,-0.008513599428378734,-0.024112702549820998,0.0021652288707774666,0.0010026362549725666,-0.0019671543272752998,0.0030569060599958003,0.0005526179151479667,0.0003735874118522034,0.0008351145281390001,0.0025140486222892666,0.0018869620433949847,0.0017613785124398667,0.0019638177572331,0.0033357438254147335,0.0008410351144044334,40.5,0.06666666666666667,41.0,7.473722449217617,-0.02208312851373326,-0.03058495453401643,6.44937075800993,6.1541587388297,7.435036477371393,0.027382657203000132,0.006329304081563171,6.3951017357640625,6.095767193246837,0.005913208695543434,-0.0008275040421915001,0.005600947688600134,0.0034437086666667,-0.007586408396425,-0.0025271822496959,-0.0010576853720045,-0.0058225375530970664,-0.0172822807985134,-0.01738609112709833,-0.0087208702682012,-0.0026811264611858003,-0.0012383995688936523,-1.124212666666674,0.05420649586510016,-0.159789866,0.05008951996393247,-0.25999999999999995,0.019999999999999993,0.019999999999999667,0.016666666666666566,0.05333333333333346,0.03999999999999993,0.046666666666666606,-0.04333333333333367,-0.1200000000000004,-0.20333333333333334,-0.6833333333333332,-0.6766666666666667,-0.2966666666666667,0.52,0.9733333333333333,2.1466666666666665,3.44,-0.026149032338019,-0.022591506338564465,0.03367420919791847,-0.014992957501741332,-0.0003249905982422333,-3.5243888509668814e-06,-0.0003436728959442664,0.003781129769434065,-0.007809956724213196,0.0085897984568337,-1.5069367530118263e-05,0.0009024084017559311,-2.58041209309336e-05,-0.00028543349928730446,0.00029599914798130003,0.001247273048665067,-7.913620672234293e-06,-1.2951627292666646e-05,0.0002886876429870001,-1.3163957087333278e-05,0.00042363737297583325,-3.3199485981400045e-05,-0.0003047792933072001,0.0008782336336918333,0.0006453660256727334,0.0030455215903822997,-3.5610671379354177e-06,0.006309012208763068,0.0010280124137864999,-0.0017858891805492335
1987-06-01,0.0014387358747048665,0.0017869311226211331,0.003170370842336233,0.00014436297701673345,0.0072338451409137,0.006027059054732767,0.0050944224683414675,0.004053341904773934,0.0030894198278063997,-0.002650140962058367,0.005321234159337267,0.007816755201481666,0.007141238147630134,0.0066393296652136,0.008050678652231734,0.0056956448198913,0.0099236181067305,0.009482882577282232,0.25569999999999965,25.666666666666668,0.015975576333333366,0.0010436120821714335,0.0024979176811221666,-0.1333333333333332,0.0,-0.02228817205148027,-0.0321463692173145,0.002726340272595267,0.021425017079161,-0.013966827503465668,-0.0111884390798404,0.002416325962657333,0.0011849453198978668,0.0030930334601614665,0.0030946724338225995,0.0005707112454533667,0.00024882586456046667,0.0010776399295409,0.0027840648221003333,0.0025674472273274334,0.0013351422782138334,0.002850368538728267,0.0031983467293396997,0.0011700023712167666,40.333333333333336,-0.03333333333333333,40.9,7.385193418247513,-0.039975246856246635,-0.04265662698779,6.446551419315424,6.018965721619611,7.33979487950288,-0.0510332358604266,-0.05806804075799323,6.378235559486271,5.979148439777693,0.0102931475906587,0.012603599672848034,0.0055327119022164995,0.0,-0.0025752711230338666,-0.0005470553025317999,-0.0013200259481998,-0.00010124301556050021,0.0022623042402401005,0.004072134962187334,0.0008776165489322,0.0007958658138150666,0.0025544388479250666,-0.20266689999999565,0.009991206506827966,-0.008157941000000035,0.0071165282960193995,0.20000000000000032,0.2533333333333334,0.02666666666666667,0.13000000000000014,0.25666666666666665,0.41,0.3833333333333337,0.3200000000000001,0.30333333333333357,0.11666666666666665,-0.9933333333333333,-0.6699999999999999,0.11666666666666665,1.3,1.6933333333333334,2.5166666666666666,3.706666666666667,-0.006694016795597534,-0.015507531391918133,0.0075546784979410335,0.004840635334360566,0.0006300855520615667,0.0009619581664178003,0.0016444110609083,0.0013715182834053666,-0.00025229708335046684,-0.004693745372761934,0.00028119528050629997,-0.0018365519369899453,0.0012627481360008,0.0004889893565561666,0.0002967986653660913,-0.0003217749992341667,0.00026872856207659797,0.0002846010747319334,0.00028686175034902094,0.0005842876297400667,0.00037794126317686666,9.025839189500003e-05,0.0006043945549653447,0.0003517833516520333,-0.0006503641263945,-0.0022246179133058996,-0.0003448783146761999,0.003970492715652667,0.0048483011408974,-0.001002720863756533
1987-09-01,0.003180190134925633,0.003852553977684033,0.0025826712404679333,0.005058915364719166,0.003936087205701666,0.006044524806485167,0.0059531823684994,0.006202451496873066,0.003137031741756767,0.005708293595357167,0.002149595854883267,0.012732573324145966,0.0061500842742101,0.0075443346142702325,0.0064524773109674,0.006701726484892533,-0.0081587767189131,0.006020173167999733,0.36783333333333235,67.0,0.018410386333333334,0.0010209128034960667,0.0019630977660648,-0.10000000000000007,-0.23333333333333364,0.005946019029293499,-0.022526806225348167,-0.03731017522330373,-0.04772561915840957,-0.02779386964635013,-0.0131873737700149,0.0024346590951887666,0.002498804898353367,0.0055730502685526,0.0006547504233112665,0.0029143669997738664,0.0029098748436399667,0.0029214326645294,0.0024155461448855,0.0024232298012864,0.0022668980683928663,0.0021172249706579,0.0020288786787941333,0.00021405568129096667,40.300000000000004,0.0,40.9,7.392775868879467,0.005108656826073433,0.01879989615404003,6.487901064993406,6.042559791921733,7.32228932082415,-0.0307911067103402,0.019329085883449934,6.35559700732702,6.01194019608344,-0.002355111401459567,0.008498158775631466,0.0020803244919189337,-0.006887417000000034,0.0023701248814231002,0.0011439049207257667,-0.0005322089845722,-0.0008270546557440668,0.005621268684001801,0.0022825732989333997,0.0025319095980806667,-0.0018924607114021068,-0.0003401047425833333,-0.2709868666666653,0.018603978410298566,-0.036506413666666605,0.0166623938504336,0.163333333333333,0.14999999999999988,0.24333333333333348,0.21666666666666667,0.2900000000000003,0.3066666666666664,0.33999999999999964,0.28666666666666657,0.26333333333333364,0.06666666666666667,-0.7999999999999999,-0.66,0.2833333333333333,1.58,2.033333333333333,2.9133333333333336,4.0633333333333335,-0.0012397348863557357,-0.002914827295806032,0.0032178820601971997,-0.005852730641533767,-6.2654706779964875e-06,-0.000328688857286721,-0.0013278384628509453,-0.004209931788207533,-0.0229924110542232,0.010184102511180933,-0.0003071882915189667,0.0017969495449588,-0.0012907653783704668,-0.00028389196460014144,-0.0006307246947709667,-0.0009254980494309333,0.00026273991304573337,-1.3373082250466682e-05,-0.0006082899051620666,-0.00060333736543,-0.0001377301221578667,1.4412543414433349e-05,-0.0009493170677400666,0.00018131901030956664,0.00031635297373653324,-0.0016440627744143002,0.0013539493503137332,0.0019772445268942,0.0011719322559186,0.0014879760128627998
1987-12-01,0.007570360789130666,0.008512496467274566,0.002727482617538067,0.0015032376316840002,0.004253717958323,0.007916498489633933,0.006843081693705334,0.007855245067293999,0.006474390087177801,0.007246497150527599,0.006154960267566934,0.0126860897439888,0.009198229162534266,0.015203612399226067,0.006449746630044199,0.0087163497641036,0.002486116622503564,0.008689529354972666,0.594666666666665,-31.666666666666668,0.0010296226666666672,0.0019883197056653336,0.0025996079450081,-0.06666666666666667,0.0,-0.0047902521766196,-0.008645538659273198,-0.018171303029197634,-0.0038226718638805,-0.03143318943280053,0.009547191987794634,0.0032766807078049667,0.002901140737755233,0.0011993009027632003,0.005449712667176667,0.0022159706024637666,0.0024566363305199334,0.0018370846596097333,0.0033885091865410335,0.0024521326090951334,0.002662952715484167,0.0026019477858033,0.0012424303869854002,0.004098808484233233,40.46666666666667,0.10000000000000002,41.03333333333333,7.326519522830673,-0.03894430560668677,-0.0472869726257835,6.411493001132652,5.926553796487173,7.255177274954207,0.007968506951186767,-0.06741228883163324,6.26137709519928,5.929522817992763,0.011343794529199267,0.006894268416156466,0.009676323798177667,0.006887417000000034,-0.0025363511781293347,-0.0004625081125822666,0.0005867465065089334,0.003449684031274967,-0.0036015893929957662,-0.0019542682171163335,-0.0027713517473764667,0.0004575251713495667,-0.0016736758195766003,-0.8024626333333336,-0.09315109597754552,0.31277089099999994,-0.09984785448159143,-0.15000000000000016,0.08000000000000002,-0.21000000000000027,-0.09333333333333309,-0.1666666666666667,-0.16333333333333314,-0.14333333333333312,-0.02333333333333346,-0.006666666666667105,0.64,-1.0533333333333335,-0.5033333333333333,0.3233333333333333,1.71,2.2066666666666666,3.296666666666667,4.463333333333334,-0.04063897535377687,-0.0369866610577606,0.0353876068345837,-0.0020079616427241334,-0.0015724769627818668,-0.0015981094904674732,0.0003143792983676332,0.0010298509805473002,-0.018445643091096798,0.003929920876652867,-0.0005872837234273,-0.002683082100495502,-0.0012475690997355334,-0.0005229445315766333,-0.0009203871471094334,-0.0006105007811561333,-0.0002863814133450388,-0.0005877830322589132,-0.000594420108816,-0.00029869535318703336,-0.0005063563309073935,-0.0015726324037788333,-0.0004792566586129,-0.0002670522142505667,-0.0012768448609623666,-0.0024470933925820997,-0.0010215924394135,-0.010619333983419467,-0.005950211871350433,0.00033817351166973343
1988-03-01,0.002107204932113267,0.0007351538715673333,0.006036233049498833,0.008281356309293967,0.009058440469272433,0.0023160286714437,0.0029755086063749333,0.003353677862235067,0.0022630199993006667,0.00028238336701136665,0.0030090770673840673,0.006652451002162001,0.0015336720834705669,0.00039497490728526664,-0.0009335152248895668,0.0011105202651077333,0.017815621422294068,0.006112563602158001,0.024266666666666676,23.333333333333332,0.005442429333333367,0.0005076381190966334,0.0007139829208569001,0.0,-0.16666666666666666,-0.014578958092474267,0.0177119871582117,-0.004367289283590533,0.010967145398129598,-0.019838042510802633,-0.0141524392869954,0.002651947689585,0.0007283528124132668,-0.0026441810729095996,0.0013486195065143668,0.0006544565907163,0.00033637603576209987,0.0011550690160415334,0.0032222016378877665,0.0029710559144652004,0.0022864180466998334,0.0030726798439395,0.0016494028809177668,0.0019160444394975334,40.36666666666667,-0.06666666666666667,41.03333333333333,7.25898167931754,0.07608621732699321,-0.028441014324619946,6.268663134058836,5.937623586574457,7.242281833540541,0.053253073162286634,0.059093378173676804,6.2329538473033566,5.912677841782983,0.006605071435716432,0.009684509991518066,0.0058832996636581335,-0.0034437086666667,0.003129161414128667,0.0014634051044849668,0.004912497818999034,-0.002233510323606566,-0.004866266473717566,-0.011671133556308668,0.00030850939108826675,-0.0015257007593258,0.0024977438217277,-0.02248973333333017,0.03252363975837103,-0.09571366333333327,0.0158691104450225,-0.06333333333333317,-0.33,-0.023333333333332994,-0.14999999999999988,-0.15333333333333357,-0.20666666666666667,-0.206666666666667,-0.23999999999999955,-0.23999999999999963,0.02666666666666667,-0.9400000000000001,-0.6333333333333333,0.11666666666666665,1.2433333333333334,1.7533333333333332,2.893333333333333,4.09,0.0137195595552042,-0.0029446698208917335,0.0007646515997195685,-0.015204523510051466,0.0015689336905699667,0.0015962762712519332,0.0003099128040127675,-0.0031722104235078325,0.0198986634163546,-0.012177218200220297,0.0002822754745555,0.004729486294049366,0.0003108003333170667,0.00022523396572716667,0.0009119932729581334,0.0018303862536663492,-1.144806585053967e-05,0.0008545302123052,0.0008765442839493335,0.00028568223941116667,0.0005259549989731666,0.0017590529456832,0.0004806634692559999,0.0002585990175547666,0.0012659289625010664,0.002450430910049733,-3.39760584318331e-06,0.004091624054453267,0.0015917228668431668,0.0001440311275177665
1988-06-01,0.002372594845562933,0.0032785791911286665,0.0018759988254446337,0.0025042655604234666,0.0030434691554681336,0.0022766132802158,0.0012632948635485002,0.0023586763600119,0.0009472300757762331,0.009059441497742966,-0.0021353015826054336,0.0079378132014551,0.0034819826772210668,0.0057281642469585,0.0008076178236819668,0.0027692157900691666,-0.0073722109426484,-0.010715678265438166,0.19660000000000402,-20.333333333333332,0.009005672999999966,0.0015402457138324,0.0025913956851421997,-0.09999999999999999,-0.19999999999999998,0.006403148760403699,-0.02710709195051623,-0.04342006960374694,-0.07013013271671154,-0.017346119457779835,0.0029871211442676995,0.0026594998452064665,0.0017722002323517,-0.0022277190766691,0.0038234026525779,0.0013422836930120335,0.0019200053084423667,0.0004321210543955,0.0029211081368754332,0.0031118659101440666,0.0035243196213361,0.0031797490581055667,0.0008216509064512334,0.0012966475172285,40.46666666666667,0.06666666666666667,41.03333333333333,7.30610037755451,-0.05537562362465653,0.027199547960959997,6.367333822277769,5.94434158017122,7.281024182873146,-0.0791693241204134,0.0012012025011000325,6.28785030597446,5.998893559971013,0.013562991008055733,0.0055952687059098,0.0072471583085865,-0.0034437083333333333,0.0010398851315362335,-0.0009394605067601999,0.0011934707174473,0.001855650486980033,0.007613163989940867,0.011860481234622066,0.0010940692111723333,0.0005331726366604333,-0.0011466185528862334,-0.25314183333333545,0.006214447951495968,0.01373931366666653,-0.018570782821072666,0.31,0.29,0.25333333333333335,0.26666666666666666,0.2600000000000003,0.22000000000000006,0.18333333333333332,0.15666666666666604,0.14333333333333328,0.023333333333333334,-0.9466666666666667,-0.6633333333333334,0.14333333333333334,1.2633333333333334,1.7533333333333332,2.6533333333333333,3.8233333333333337,0.0179274798132367,0.0009207349417700676,-0.010379991753162433,-0.008540546100500734,-7.875817608766675e-06,-9.061886340899967e-06,0.002470658942841063,0.0080233962441847,-0.006747171997245167,-0.0011925630211857667,0.0005559540978356665,-0.0026869489938423662,0.0012334272476186537,0.0002154205519125282,0.0005901874276720335,-0.00031120703609754995,0.0005208465654762333,-0.00029936862451999995,0.00027426146630026666,0.0002760602853761666,0.00027361989884986667,-0.0002777178502399,0.00040507032755449985,0.00034131077254383337,-1.0670251872274434e-05,0.0013399063785938332,-6.6935882789000206e-06,0.0018640807048312998,0.0016812809890485335,0.0006012579480761332
1988-09-01,0.0030212629185287668,0.003381038901200233,0.0013928257030635998,0.0001541747173382666,0.0017620032684888334,0.0006370469106581002,0.0006535517637524,0.0005504549143798667,-0.00010839594137949995,0.000912716179682233,-0.0005172761517728998,0.0018279974802295664,0.0006200997751969334,0.0032888538725857,0.0012241270238195334,0.0012888861059639999,0.0027971331023837983,-0.0005239782356385678,0.06466666666666289,-35.666666666666664,-0.007589921666666667,0.0013337020855631,0.0012419515589687333,0.0,0.16666666666666666,0.005437510625773367,-0.007711525133885601,0.008172452358449432,0.013497120451579267,0.0032962773764154997,-0.004080018298167234,0.002167141953203567,-0.00012527926984343327,-0.005388312284451534,0.0005697466015336666,-3.721276401693342e-05,0.0006982076835987666,-0.0012017221658637332,0.0028388752530048,0.002194334455347467,0.0024476258714685,0.0021728088329909,0.0005125052260126,0.0022570666717947664,40.36666666666667,-0.03333333333333333,41.0,7.3024634521486265,-0.0473914962601801,-0.0062776494443666,6.358781990280083,6.006264250111563,7.275837390399307,-0.07085381399455666,-0.023597683997033436,6.3098607806557725,6.05960347879504,0.0015505609116969,0.007233342307136667,0.007190154018009733,0.006887417000000034,-0.002668550272052667,-0.0008567991413202591,-0.002121695382484133,-0.0048052913732235004,-0.006001557305079767,-0.0011826326967642002,-0.0024120092596057667,2.3157209993733335e-05,-0.0006958025232582666,-0.5078506666666653,-0.003341405369799766,0.04005737833333343,-0.037869864577801664,0.22666666666666666,0.2266666666666667,0.26,0.23999999999999969,0.19999999999999996,0.06666666666666636,0.020000000000000333,-0.013333333333332994,-0.033333333333333326,0.09999999999999999,-0.9733333333333333,-0.7133333333333334,0.02,0.7799999999999999,1.1166666666666667,1.9799999999999998,3.09,0.0249076664456027,0.017453801694543598,-0.0178806925926485,0.0024819763104282667,-0.0003193503745716,-0.0003255281953267332,-0.0031314840400922233,-0.0041494311755228,-0.005680732895505368,0.0003132203874484001,-1.78042071385202e-05,0.004043007432104385,-0.0006262625381549336,-2.655139912615416e-05,0.00027560129115723335,0.00029252406468668993,-0.0002827597519695,0.0005474016762727333,0.00026598757202683337,0.0005504256500727334,0.00020559765210963337,0.0008252875341844333,0.0006931252245040001,-0.00015517713395099162,0.00030381923812268936,0.00025509590333529984,0.0009863128406613667,-0.0031338563628716333,-0.0031707038171665002,-0.0034722515459231005
1988-12-01,0.0036276485072761003,0.0038076021286782666,0.005370638938815699,0.008178793214677633,0.012091597462571066,0.0038216620854623004,0.0040696340527859665,0.004416330227147166,0.004960892528690833,0.0112958487447624,0.0024720018974819,0.004206136336674,0.0035273764448397332,0.004950797714257267,0.003812056367933367,0.004273154685119333,0.007041258003850966,0.004504936657884134,0.2765000000000037,72.0,0.014235006,0.0018044435448002,0.0021544474321277427,-0.033333333333333666,-0.23333333333333303,-0.019600681713373033,0.024436593781250234,-0.017220784597842435,-0.0022119081384663355,-0.03181106286653623,-0.012605372379151566,0.0027711268934785664,0.0015556880197487334,-0.005828438113673166,0.0004424639567534999,0.0020590510393366,0.0023871137991123,0.0015374294575055333,0.0031248649753857667,0.0016400752310753667,0.002718631796450733,0.00038439762837623334,0.0012268070894544333,0.0019225385497249334,40.46666666666667,0.0,41.03333333333333,7.346778873858713,-0.0031007975541065373,0.08852547166272663,6.399893109664629,6.102752149853527,7.3187523154678935,0.018760278632863465,0.09749890608244004,6.332425751393913,6.116049586681913,0.031884073560312635,0.011174197148376266,0.005586025328691233,-0.010331125666666668,0.0005933768389342667,0.00034075719139890006,0.00017508064212666668,0.004962282708910133,0.005261489049384067,0.010598447215342767,0.0014388451774829333,-0.0005141867508140999,0.0005333938330836667,-0.6708740666666699,0.010407946817177665,-0.0036211346666667316,-0.016106462149137798,0.18999999999999995,0.3133333333333331,0.27666666666666634,0.2633333333333334,0.3000000000000002,0.13333333333333333,0.043333333333333,-0.08333333333333316,-0.08333333333333322,0.19999999999999998,-0.7433333333333333,-0.61,0.05666666666666667,0.32666666666666666,0.48666666666666664,1.04,2.0433333333333334,-0.021056416137682134,-0.027698371008278933,0.026948777109569468,-0.008392590476083232,0.00060214782373346,0.0006115365199687226,0.0012193114731295,0.010002474924665933,0.0740603127003401,0.013163623761371299,-0.00029112437906123745,-0.0037863819415191336,-2.7523347367176166e-06,-2.5730697520533224e-05,-0.0011898923626218333,-7.527695197266663e-06,-1.540344550696663e-05,-0.0005718439459929365,-0.0005818799285017,-0.0008556402419230666,-0.0005825192146489667,-0.0013717177939452168,-0.0006184508224749667,-0.00038243652606753333,-0.0006264600391377551,-0.0002711428821357,-0.0013240280244187668,-0.0053541589565663334,0.0014457004555848668,0.0019874452553502336
1989-03-01,0.0056891389018337,0.004500274516289533,-0.00032239000954850005,-0.005272599153612966,-0.0001564391803287665,0.0003531236045069333,0.0007227002903240666,0.0001488745809765,0.0008289436201052333,-0.0009105006822963998,0.0015312200897768665,0.0001985821622364995,-8.650844446183327e-05,-0.0034618641617078327,0.002029351497554,-0.0009341149501264336,0.02449340115619594,-0.005297574762419866,-0.21516666666666598,-90.66666666666667,-0.0017031206666666687,0.0016405767259956002,0.0026252033805053664,-0.09999999999999969,-0.19999999999999987,0.0077600223271960325,-0.029798639698458498,-0.0321505902562391,-0.031636930731114836,-0.03267340285439674,0.03123219184397047,0.002246895729729867,0.0002078008504013333,-0.00045259115348683334,-0.0010755758913039667,0.0006466216059421,0.0001806032191555333,0.0013871967594092666,0.0028366237676043338,0.0031966784690026667,0.0041318890858145,0.0039752425094121335,0.0007135578667802001,0.0016123922921729668,40.43333333333333,0.06666666666666667,41.13333333333333,7.30418174160054,-0.09074193807169688,-0.0358768880641236,6.36888211452703,6.001019208619927,7.207993061910266,-0.04050711925566327,-0.11875444553543667,6.219929470652303,5.944668934580814,-0.020357503954435533,0.009502392114331567,0.007547524688809134,0.013774834333333333,-0.0011039499923857,-5.91354019476999e-05,-0.0028395433760885,-0.001236042366639235,-0.009634779578947601,-0.0185177285804339,-0.0023038229444696996,-0.00025633503839433297,0.0018309346895677996,0.4042119333333334,0.0189791242451503,-0.036450968000000035,-0.006793698591457333,0.363333333333333,0.27999999999999986,0.25,0.20999999999999966,0.19333333333333316,0.13999999999999982,0.0833333333333335,0.07666666666666677,0.006666666666666532,0.01,-0.9033333333333333,-0.8566666666666668,-0.15333333333333335,-0.13333333333333333,-0.23666666666666666,0.24333333333333332,1.2,0.028293528756390702,0.0182157757647445,-0.02117951553367897,-0.00022300274010089976,-2.4914950661099913e-05,-2.8969448114133402e-05,-4.1066176552333635e-05,-0.006092361662836065,-0.021577338780876396,-0.020197640414290067,0.0005341906941919999,0.0014214539646261667,0.0014779980867517001,0.0004248344554639004,0.0011542746153484667,-0.0020861340628075997,0.00024146190590602717,0.0005359679719602334,0.0005432564961941666,0.0008204758024224,0.00020012181301253332,-0.001482597068116,0.0010171621324135999,0.0002308333269933334,0.000604879147987027,0.0005068784867030333,0.0006462790159142241,0.006790676359713032,-0.0010893470392533652,0.0003806874657753667
1989-06-01,-0.0018259175500988667,-0.0017598858239722334,0.0022359702227496,0.0005074355763620667,0.008492396762259533,-0.001967088986400019,-0.0009866637579521666,-0.00047158353655726674,-0.003626909998894567,-0.008380780512832567,-0.0017482676484732336,0.004885092738936334,-0.0031375789396177,-0.004093462954960433,-0.002166749684776033,-0.0016032110152766333,-0.023836009089645064,-0.0007154514820456997,-0.317966666666668,-54.333333333333336,-0.022639056333333366,0.0020710197596578,0.0011260887693182711,0.09999999999999987,-0.40000000000000036,0.027438650857183933,0.029303957440959937,-0.013320028240386564,0.001946477550519669,-0.029637592149599868,0.011196981478678467,0.0012551333027186,-0.0002355174207687,-0.004407024150788533,0.0023994547000860335,-0.0008686095158060334,-0.0015080252527515335,0.0001431741735805667,0.0016833143272124002,0.0013204863002081,-0.0008438903389648666,0.0019155242779339335,0.0006612244990146333,0.0016790767019749999,40.36666666666667,-0.10000000000000002,41.0,7.21181550778108,0.01597111856530019,-0.08594303643402972,6.272221414446659,5.96600105412875,7.214800064104736,-0.0037665184179802636,-0.0027548366166331995,6.258681142417867,6.002706975938776,-0.0055950095118120005,0.004289193136912067,0.008276553399735266,0.006887417333333299,-0.0003053898551661667,0.0009648100223914667,-0.0020158331093783,-0.0005486975304540663,0.006699844982623635,0.010349837956583667,0.0003259641790771331,0.0007528488380813,-0.0014172625122525,0.17847836666666697,0.03355632241145273,-0.0758919446666666,0.012987175424377233,-0.1066666666666667,-0.28,-0.22333333333333336,-0.30666666666666637,-0.376666666666667,-0.406666666666667,-0.36000000000000004,-0.23333333333333384,-0.21333333333333349,-0.26333333333333336,-1.3166666666666667,-1.3966666666666665,-0.7999999999999999,-0.8933333333333334,-0.9533333333333333,-0.24,0.64,0.0196649281586296,0.03264043092972813,-0.0327637187937522,0.0008911172113103667,-0.0011894154755059665,-0.0017954745027998513,-0.002088283699165417,-0.008082852714297567,-0.02942688483589176,-0.012308389266664532,-0.0005645547977698666,-0.0033956515602531004,-0.002370387441233466,0.0004126620852875,-0.0014576287314336668,0.0014876975103167668,-0.0002731467557396333,-0.0008346539751317668,-0.0008508886581462667,-0.0008430941968742999,-0.0005111044249016667,0.0014922403052052,-0.0020369524494449668,-0.0003072427942057189,-0.0006132732335147646,-0.0010440692750876002,-3.774069125833285e-06,0.002832839812763633,0.0021992704036784333,-0.0013169755092065332
1989-09-01,0.002748686653588867,0.002507951687180167,0.0035480539369225003,0.0025757473068115998,0.006511134623693834,-0.001116659361734367,-0.0015159173458008668,-0.0019379588144552333,-0.0028901319042766663,0.0007647974209339342,-0.004324830271254534,-0.0010471936447506666,-0.0006404599597198335,-0.0012307940097977998,-0.0038237591079942003,-0.0016826177064439664,0.0026752156323102,0.00040843138742966697,-0.3536999999999996,6.666666666666667,0.0005548296666667332,-0.00013713050580810003,-0.0001817366113658333,0.0,0.1333333333333335,-0.009104959697777332,-0.006498581232232968,0.015040145093489735,0.034099688546445704,-0.007701112606920736,0.002989556660920066,0.0010536247889577667,-0.0007214409431259666,0.007711843169848167,0.0015692211135813,-0.0016882369931311332,-0.0024880266005719667,-0.00042970714251326663,0.0015603000182373334,0.0006508974094441667,-0.0003941237880565654,0.00045313422660400005,0.0008627037877382667,0.0021332515744821334,40.36666666666667,0.0,40.86666666666667,7.2038667567186705,-0.01190602753402667,0.012372554318833238,6.26871620674337,5.969003542817634,7.1779082633785904,-0.009606812845163104,0.009543937558109833,6.214938729059703,5.967613413337457,-0.0016087174564892333,0.0015306975209814996,0.002221652331300533,0.0,0.00132937209176791,0.0001574180263516333,0.0051649094494162,-0.0035449998213881334,-0.0011534053146353002,-0.0030080568349295325,0.0010340267882913668,0.0003479751220423,0.00011557406972843333,-0.31558473333333364,0.02345726627260977,-0.036562264333333476,0.015609685475744301,-0.16999999999999985,-0.13666666666666666,-0.13333333333333316,-0.063333333333333,-0.07333333333333306,-0.03999999999999964,-0.030000000000000002,-0.030000000000000002,-0.03999999999999967,-0.43333333333333335,-1.24,-1.3866666666666667,-0.9866666666666667,-1.0533333333333335,-0.9766666666666666,-0.11666666666666665,0.8033333333333333,-0.004378406837440668,0.0025119108870047674,0.003947344362978435,-0.0044232333485876,0.0017590190336145334,0.002969855226401967,0.0011894211394102667,0.008427420027500401,0.0192043115942877,0.022239747639031134,-0.0002738909271844175,0.0050848443643551336,-0.0014633405339644998,0.00016886436398433512,0.000284778601971672,-0.0005952382534113377,-0.0005167132542768333,-0.00027282893145576665,-3.359331197466675e-06,-0.0002750950273272999,1.396077154826661e-05,-6.921748457956668e-05,0.00010332296841960003,-1.743663181236219e-05,-5.469905945232304e-06,0.0002523485833340001,-0.0003284367934052234,-0.0031974885806616998,-0.0010428404757766333,-0.0010062272603429498
1989-12-01,0.0022116990414525,0.002252732554898233,0.0026871398543462,0.000834155833809767,5.804427149886622e-05,0.002589162891963133,0.0038150160915317,0.004594261973159,0.007422494735815,-0.0001878385172006669,0.0103121539894616,0.0022407806728978667,0.0011204726406295,-0.0029782405669779998,-0.0022578023623918333,4.505982784789998e-05,0.038043096697512366,-0.0112618303086392,-0.2231000000000023,28.333333333333332,0.0015689430000000333,0.0014839228449693997,0.0013492999806044665,0.033333333333333666,0.03333333333333314,0.006267200590631433,0.0010080652844219665,0.0036563437901913007,-0.0093277238878236,0.0194544669257475,0.018523283718270268,0.0014333639329961667,-0.0007090870053912332,0.0015410262825637999,-0.0008778535296958666,-0.0007634372896536667,-0.0015874499581721,0.0005251224382369666,0.0020403082402561334,-0.00076937906825,-9.542257954226667e-05,-0.002687285323782833,0.0004052069586772333,0.0008863780083091334,40.23333333333333,-0.06666666666666667,40.666666666666664,7.197214610599773,-0.08988785564970021,0.014523749431213309,6.208536295144683,5.981572061201874,7.227378279688447,-0.003921613859863434,-0.020796764199759867,6.224090600211589,6.092751524223033,0.016682989606643165,0.009494834464751066,0.0022805293231643667,0.0,0.0014250583638778002,7.965386251265439e-05,0.0024125557667436332,0.0073272287012932326,0.006924668484388733,0.007621390322393867,-0.0021124821609269334,-0.0007809297248195668,-0.0005348486925408999,-0.30777253333333016,0.0012453911119640673,0.0325167783333334,0.000617380085219567,-0.18999999999999997,-0.13666666666666683,-0.03999999999999993,-0.10666666666666676,-0.16666666666666693,-0.13999999999999987,-0.11666666666666674,-0.050000000000000135,-0.029999999999999968,-0.22333333333333336,-0.96,-1.1033333333333333,-0.7866666666666666,-0.77,-0.7066666666666667,0.27666666666666667,1.2,-0.024177055453991698,-0.0031976603492820665,0.005261051972404867,-0.0061148139088699665,0.00026732965851264677,0.0002608585098758667,-0.00029854918787106674,0.0008588744841281,0.001916149081293871,-0.029012180958728134,0.0002551160918595333,-0.005079696037549333,0.002624299243595234,-0.0009195148329948667,0.00027635230047749916,0.0011809873587814096,0.0007337237752619406,0.0007894769971808335,0.0002616267555257705,0.0005302470423238637,0.000223393050286,-0.0009845715383987334,0.0005041461203048667,0.00037324600429193333,0.0005903990012696321,0.0015035309532808998,0.0009515874793238521,-0.012598557703761665,-5.608767601590018e-05,0.0026335946527857334
1990-03-01,0.0022117087566180665,0.0014302895711561334,0.0010952874168282335,0.0042389867903753,0.008965950816555468,0.002854166560837233,0.0027693788287204667,0.0018252936531487664,-0.0009145736898060666,0.0071058423945489675,-0.0038589477108592327,0.008319597050059099,0.0029552365231527663,0.006869011774720167,0.0058202820186492666,0.0059355901654632,-0.04761624870303557,0.0018381023667159342,0.26356666666666667,-92.0,-0.011499773666666666,0.0034732247104815334,0.0038616714581773334,-0.06666666666666687,0.0333333333333332,-0.0070979382999513995,0.018595819431061134,-0.010841063901853099,-0.02139274189713683,0.0010482188931571663,-0.009519017302913832,0.0024533697964319668,0.0010006261422782334,0.0014351839655365667,0.0051709600028242006,-0.00024243103439816667,-0.0005512680418539331,0.00023841881663956655,0.0028620869535415996,0.002508718529632256,-0.00036922453898036666,0.003914485061535833,0.0008089391704626999,0.004014456396448034,40.233333333333334,0.16666666666666666,40.56666666666667,7.259530017398251,0.03512017188594021,0.010178907953359994,6.30497674655694,6.0253297606167,7.262034438092043,-0.039754473608936636,0.023474154765516512,6.245169472651863,6.018171682607907,0.0020717941493379327,0.006152435302730933,0.0017083495502134335,-0.010331126,-0.0006916209530218334,-0.0008954517170547,-0.0020629947026963333,-0.0020431344893466,-0.0097094243076746,-0.013835139859163565,0.0020224472081968336,-0.00020328159536063352,-0.0010421450238500944,-1.0603421333333376,-0.009839738701993566,0.058246170333333326,-0.006893023685958501,-0.05666666666666673,-0.0033333333333333734,0.09000000000000023,0.143333333333333,0.21,0.2833333333333333,0.25,0.17,0.1300000000000001,-0.07666666666666667,-0.49,-0.55,-0.12333333333333334,0.13,0.17333333333333334,0.9433333333333334,1.8466666666666667,-0.011963601695195199,0.021608956944458968,0.005795447651439435,0.0053247904026661,-0.0023099159855647852,-0.0037841902889462326,-0.00029932990061473305,-0.010462104606890366,-0.0471784328808161,0.03445257943636133,0.0005014865259192333,0.005438124205978701,-0.0005886888910368328,0.0008104721762128607,-0.0002937899097759003,-0.0014750617786785335,0.0004691532559600333,0.0005011057949957334,-2.0580617823833332e-05,0.0002451919309018937,0.00029086371498543326,0.00042083669615539977,-9.19926515431663e-05,0.00043136397509536663,0.00027366249002616665,-0.0017728734224888333,0.0002818058668828998,0.008964344581166,-0.0020604401027029,-0.0007792077464176666
1990-06-01,0.002312277390586167,0.0020674399483020336,0.0014524956873611002,-0.0003055605665878665,-0.00018041106150810024,0.0013643212021883667,0.0011497449136100334,0.0015565532317702,0.0019597990837464333,-0.00016111237520606615,0.0027719306626104666,0.003100205861410767,0.0016215432483931336,0.0034708275241047,-0.001527387102719933,0.0007404249886029333,0.015023947676120334,0.0021468322574549996,-0.1425666666666672,-75.0,-0.011111152000000034,-0.0006046768626918667,-0.0006157654453874667,0.0,-0.0333333333333332,-0.0057680638040746995,0.002686275105450502,0.025310310404352467,0.045709075112526136,0.0015661735938514332,0.016208204986516733,0.0006378424653447667,-0.0023953866748212,0.004804711318334,-0.005547891818337633,-0.0017394759335224667,-0.0020908348845729,-0.0011938030571757667,0.0014839009861399332,-0.00019117788154860465,0.0001973950282305333,-0.000610510022071958,0.001260050390357,0.004740016551775034,40.1,-9.25185853854297e-18,40.56666666666667,7.10001627427297,-0.08343151346005344,-0.042725064474666695,6.214511951223763,5.7940752559762565,7.006062239296694,-0.0688714164543332,-0.032170300126949734,6.039304396320844,5.8060838543556565,-0.014310432760600131,0.002836372785030966,0.0030321824639549,0.003443708666666666,0.0004842013584810999,0.00022065254873853348,-0.0008880641429322,-0.0005043470523859334,0.005491612401168101,0.011307128144579565,5.528305967966833e-06,0.00027267290349541727,0.0010711616756828,-0.8892423333333329,0.02092695380715143,-0.03546733200000007,0.03411906085661413,0.0033333333333331002,-0.0466666666666661,-0.0566666666666667,-0.07333333333333326,-0.08333333333333347,-0.056666666666666456,-0.036666666666666466,-0.03666666666666656,0.0033333333333329662,-0.013333333333333327,-0.49666666666666665,-0.5,0.03000000000000001,0.4033333333333333,0.43333333333333335,1.1533333333333333,2.066666666666667,-0.020040294330076532,0.0008414664130359338,0.017156239198830265,-0.0019832896020783,0.0005671345868751677,0.0011444932559638,-0.0008853480193720667,-0.002833828238028834,0.0005554478044453673,-0.016625617621130236,0.0005003593133518666,-0.0043449038742992335,0.0011311374549780667,-5.814771262446239e-05,0.0010969314726882,-0.0002953745990167599,0.00021338127368330002,-1.8399433302266715e-05,0.0005170046070910667,0.0005109152365253334,0.0002138418004707,-0.0005466253068969,0.0014565239609888002,-0.00018018349779160597,-0.00029970147143627227,-1.4895590291332682e-06,-0.0006352603847430333,1.9517970862633342e-05,0.0048573644987162,0.002998084221303233
1990-09-01,-0.0010724087424585666,-0.0013983782784574331,0.0006235322833294334,-0.004640412568462533,0.0038778976832715,0.0007216859273141667,0.00033055567162833336,0.0008067154633222333,0.00047035437179763356,-0.009350395759273466,0.0039998780104927335,0.0033859160146250664,0.0011860017166108001,9.797869943866411e-06,0.0009172718525215334,-0.00011708006693893344,0.0110931441496396,0.009819842383963733,-0.17556666666666365,-104.66666666666667,-0.03649360433333334,0.0008457112550269667,-0.0012883846832097625,0.2333333333333333,0.266666666666667,0.013374519873638732,0.038034683002753866,0.05527375673546034,0.04607712853658887,0.06636899116198956,0.027867445043037033,-0.0009937419894884,-0.003894240252825133,-0.0014634883745765334,-0.006730387376229233,-0.0031276135702213667,-0.004283910703901333,-0.001342155010496133,-0.00019385255346133267,-0.0009722904317073667,-0.0005223962488341667,-0.0013993024047464,0.000100598562204,-0.0021445572670811337,40.1,-0.03333333333333333,40.53333333333333,7.031446113932773,-0.0093029293723568,0.012580109327616698,6.109897191706409,5.78273464296296,6.946934749635694,-0.025544408673640096,-0.015017554646980133,5.989473613201144,5.71952496209126,0.0004957415720548997,0.0031253813367241,0.005309266534294334,0.0034437086666666335,-6.736686388819989e-05,-6.855738923523336e-05,-0.002393373769316733,-0.001743741636670833,-0.0016695667052868326,-0.0023488973810077674,-0.0013892745297339997,-0.001600664369947,-0.0008011623730972333,-0.5674258333333316,-0.044437799534874124,0.17189518066666673,-0.035283079832346236,-0.03000000000000003,-0.05999999999999996,-0.1233333333333333,-0.10333333333333321,-0.11333333333333317,0.026666666666666564,0.1366666666666668,0.10000000000000013,0.13999999999999987,-0.21666666666666667,-0.6833333333333332,-0.7533333333333333,-0.3333333333333333,0.26666666666666666,0.5433333333333333,1.2433333333333334,2.2566666666666664,-0.028837964366586935,-0.0348446810473006,0.03142792774777293,-0.004203718905058333,0.0038848905306411003,0.0050378792700159335,0.005812009570285867,0.0237987258461209,0.09756923275574565,0.0179525368420217,0.00021266690370090008,0.0018637694665723668,0.00541821070482748,-0.00026079958883002964,0.0018500802900055667,0.000589449018913933,-0.0009851279304147,0.0009749757154008999,0.0012586562701182352,0.0004788948294395,0.0005707263036258667,0.0012324363302450335,0.002703568699216933,-0.00048565114879410006,0.0005721210432679001,0.0014880977095619332,0.0006075679918275335,0.006201873392775166,-0.0020375480780116663,-0.002938012386581867
1990-12-01,-0.0009357410084535669,-0.002057605431181966,-0.0033950008941024666,-0.008884170103014434,-0.002487130926549967,-0.008565981904413966,-0.008972989817692633,-0.010518509666964266,-0.0109263327887709,-0.0354497533397118,-0.002549077669540267,-0.011595488428865866,-0.008075590786207733,-0.0148931061257572,-0.0023546764179735334,-0.008805758223544935,-0.021499901819311468,-0.023274867910946767,-0.828533333333335,-149.66666666666666,-0.030720139666666663,0.0006612866570746666,-0.0007968523916771666,0.1333333333333332,0.0333333333333332,0.018001011452655032,0.0257940608117521,0.020774560269339364,0.020851170243951802,0.02068488167192083,0.047982169884338795,-0.001082197596362,-0.005273695040817299,-0.0005382264166324001,-0.0097625095560598,-0.0040757754582448,-0.00519540106961,-0.0023618540478806,5.816760428166665e-05,-0.0006054298369217334,-0.0013735976019043,-0.0013160887137069332,-0.0013101553777718,0.0005599965188297667,39.93333333333333,-0.06666666666666654,40.300000000000004,6.947027570676746,-0.029576038536229848,-0.009743212771646798,6.042192459686571,5.519088763843887,6.81161046050851,-0.037422433957026734,-0.04959624556195644,5.884239257187559,5.511168009062814,-0.0130720955456815,0.0026278995688482332,6.741980532016673e-05,0.010331125666666734,-0.0007813103234006668,-0.0003543627576755,-0.0024927072010886,-0.0014575799655224004,-0.019789865906894334,-0.021755365782381398,0.0016889796813395334,0.0012996227440185,-0.002420024248543467,-0.604303666666666,0.013808067898401033,-0.024411946000000063,0.023087638033133736,-0.29666666666666663,-0.05333333333333327,-0.20666666666666633,-0.20666666666666667,-0.23666666666666666,-0.2599999999999996,-0.27,-0.17000000000000004,-0.07000000000000046,0.15333333333333332,-0.7533333333333333,-0.7799999999999999,-0.44,0.2833333333333333,0.6533333333333333,1.55,2.8533333333333335,-0.006568230132689666,-0.011143177323279263,0.007453901030464801,0.0005750598050664667,-0.0058037840803635,-0.0074999339592588,-0.007495420844202599,-0.03603684702846333,-0.1272258355814,-0.03784632689279286,-0.001027628701791906,-0.0002811967952552665,-0.004725597082155534,-5.1098465234186026e-05,-0.0027061808001249336,0.0008775783919331668,-1.3290789517830854e-05,-0.0015378884752784332,-0.0018215313294680435,-0.001295946688510212,-0.0017285648362437333,-0.0014593222635284001,-0.0040253850581771665,-0.0008188413116130333,-0.0005872052281059333,-0.0017389706921602998,-0.000624605044012417,-0.0094235673760566,-0.0014378523647694001,-0.0007052188067895
1991-03-01,-0.0013931451155476332,-0.0031127615507984666,0.0029378579653094998,-0.0021696947549418666,-0.00023608643950370043,-0.005434965591291766,-0.004741395930123733,-0.002697537540215966,-0.0014055763053582337,-0.005936892285328933,0.0001546178161566667,-0.0037323547019525,-0.006287749293080666,-0.0104569047315439,-0.008192224911482833,-0.007013023920126866,0.008924950179557032,0.020105215197477332,-0.6326000000000013,-136.66666666666666,-0.027394975999999998,0.00025358587481840003,-0.0016645999783554332,0.16666666666666666,0.13333333333333333,0.007332581536436032,0.0443479814687476,0.05646551823219306,0.06598583245722213,0.04496142256331393,0.030502250712835632,-0.0018370917646664334,-0.006162408991829766,-0.0014231404269848997,-0.0111479634843719,-0.0049226318114238,-0.006828803382179599,-0.0020378520531008667,-0.0006792544527325332,-0.003342199519983833,-0.002893425057646767,-0.003369706965429433,-3.333018178582522e-17,0.0003607894424456,39.800000000000004,-0.03333333333333333,40.1,6.793232245014703,0.04192312909634666,-0.01739525105685637,5.927772689061126,5.384277751015479,6.74341974572695,0.006536157129460168,0.027365787395733133,5.797360891006506,5.434317995801414,-0.028789864586643232,-5.6310618572166675e-05,-0.0021562431146442333,0.010331126,0.0013806991827562999,0.0008119546012654667,0.003576586815873867,0.0028349969745062003,0.016654397865350133,0.016181229773462733,-0.0016202632345049663,-0.0007676391002797334,0.0008733363981363666,-0.5507198999999995,0.04144955860851197,-0.14166477033333336,0.04815707710619633,-0.39666666666666633,-0.463333333333333,-0.27666666666666645,-0.26000000000000023,-0.21666666666666634,0.013333333333333272,0.009999999999999907,-0.04000000000000033,-0.11333333333333329,0.24,-0.4033333333333333,-0.3833333333333333,0.010000000000000009,1.22,1.5899999999999999,2.5066666666666664,3.776666666666667,0.0275482144019428,0.008596159656102666,-0.0179029479688803,-0.0008917660838399002,0.00026414648102063314,0.0008023002227070001,-0.0011958601407240001,0.008689082927503337,0.044662528152625,0.020318884422604367,-0.0012442468098946826,-0.0029062470043541336,-0.0053521895558995,-4.266380482797116e-05,-0.0018534349611431843,-0.00029887454287450004,-0.00047819997831290004,-0.0012451763950288824,-0.0012654106357343398,-0.0010108675930145666,-0.0002411130524008334,0.0009424410119270666,-0.0020465178281308667,0.0002943064222205666,-0.0008644178645262336,-0.0012263120626998002,-0.00031178891078210676,-0.00030892822824256605,-0.0008543670698492665,0.005233844510894267
1991-06-01,0.0030724577331575,0.0025417824608133664,-0.00020106425999196677,0.007731023193924134,0.004207064779530233,0.0068617571652333995,0.007005140554966834,0.006897545984246333,0.009776525911058565,0.021460972313455503,0.005922994675153199,0.005781687139556033,0.006676346460137267,0.009879588593887,0.004891769054535967,0.006786686057900733,0.020914680087101036,0.0031833925526696997,0.4572000000000003,8.0,-0.000499963,0.00024547748457710004,-3.683382141930013e-05,0.03333333333333347,0.26666666666666633,-0.010622400209264532,-0.007827247298238868,0.05666713156084254,0.0609611708047501,0.0512333082683257,-0.05042669601666044,-0.0007315269405309332,-0.0029989176920945334,-0.005254136042804399,-0.006830415956292334,-0.0018526691932561335,-0.0025361027526641998,-0.0008283999098334999,-0.0001321301732660333,-0.0017512781925497333,-0.0010154229130332,-0.0021568201892178,-0.002127343491667433,0.0013135774149605666,39.9,0.06666666666666667,40.233333333333334,6.918541486573083,0.07072483998120986,0.031228494692439764,5.97103719848128,5.583107759296474,6.863274064538223,0.018872964666499834,0.023763027915766604,5.933585207747233,5.5458103214639065,0.011469768999508202,-0.007171012772361066,-0.003534927655466634,-0.020662251666666732,0.0006548241469115334,-0.0008643302201202348,4.057700506149999e-05,-0.0005248624421083335,0.008024135771279065,0.008879781420765032,-0.00031969761457106664,-0.0008524030625863332,2.0139615096166673e-05,-1.1325972333333323,0.0053382793083451,-0.014597478666666637,0.011331033590893469,-0.07333333333333333,-0.10000000000000002,-0.11333333333333334,-0.05666666666666653,-0.013333333333333327,0.056666666666666865,0.056666666666666594,0.026666666666666564,-0.04333333333333303,0.17,-0.30333333333333334,-0.17333333333333334,0.38000000000000006,1.9166666666666667,2.2666666666666666,3.046666666666667,4.056666666666667,0.031491254772823406,0.005679215118507368,-0.03300399431727987,-0.0038532725234507667,0.0008224828063744331,0.0008281532036083002,0.0028844465984958333,0.006067445017685633,-0.005870865842805865,-0.014678754998170935,0.0009818367432524666,0.000525954589983312,0.0037848324300329,0.00015155738651954055,0.0018509293642663,-3.991063011941577e-06,0.0004524944168699362,0.0007377354542163333,0.0010032716174054666,0.0007493446392941999,0.0004916344180664668,-0.0010196423600940332,0.0017138823737881334,0.00026968455273893325,0.0005654262981534333,0.0007350241861044997,0.00028978847131546997,0.009280291957435833,6.756852838840008e-05,-0.0011243066094802333
1991-09-01,0.0008588956832742333,0.0004921215040975,0.0012736664511623999,0.004337892765549933,-0.0004453178958321001,0.0036918244416055,0.0032547749992808666,0.003558361435290267,0.0039583786903004,0.014297723631284365,0.0003429674647688668,0.005290727689809634,0.0042374027374783,0.0092310041099418,0.005914216836946667,0.005555299978750768,-0.006696443693501601,-0.0031690077077180666,0.3544000000000031,-41.0,-0.005099640333333333,0.0008406432869752688,0.0008178852017811667,0.0,0.10000000000000007,0.004826805065519566,-0.0152516476108338,-0.004771453240633933,-0.02883359404518147,0.02377819400164417,-0.003204025762691732,1.538473373111834e-05,-0.0015689786220338335,-0.0090136637919305,-0.0037855296441116665,-0.0006851663940317,-0.0017015186974062002,0.0008283999098335002,0.0004311726748315666,-0.0003904256084995607,-0.00046670822807821206,-0.0007047602425309333,-0.0013237632590397997,-0.00032341529057213343,40.13333333333333,0.03333333333333333,40.56666666666667,6.949028959404714,-0.0894213288648933,-0.004090030863936567,6.06601516697587,5.563009020264097,6.870640517324681,-3.23815048849004e-17,-0.0077342990265533,5.969782913999527,5.49022121764813,0.01589756355210067,0.0031080147551675666,0.0006810083416037333,-0.0034437086666666335,-0.0019747189122366667,-0.0008961828349445,-0.0021438046242731666,-0.002240355789703633,-0.005433073120202932,-0.0041943731208989,0.0018892426288287332,-0.0010632686893972333,-0.0005898832474103334,-1.1141993000000017,0.007760086053292133,-0.013444671666666637,0.018539908869844333,-0.15000000000000002,-0.17999999999999983,-0.11666666666666677,-0.1666666666666666,-0.26333333333333325,-0.2666666666666667,-0.20999999999999955,-0.13333333333333355,-0.15000000000000044,0.1366666666666667,-0.26666666666666666,-0.19666666666666668,0.24333333333333332,1.8499999999999999,2.296666666666667,3.143333333333333,4.04,-0.010942289269924466,-0.013254947424489868,0.015167594882722768,-0.0020167539270305335,0.00109784591242245,0.0013871569470840332,0.0011701043723861071,0.003301091930333766,0.01940442384334907,0.021829531924722367,-7.177179440704764e-06,0.0005170273712827664,-0.0002719779221145331,-0.00023089561777536665,-0.00026485371962348456,-0.00028846688324083336,0.00044031285240609996,0.00048014435630985033,0.00024325062305170927,0.0002434582787928667,0.0005820464488367,0.0019802250477128002,9.444525828726672e-05,0.0005112129567989341,-4.3274588080294794e-06,0.0007334069698675667,-0.0003068648560208482,-0.017264473495111766,-0.0035707055479974,0.0007192085146362333
1991-12-01,0.0036915772448869667,0.0022055997074676664,0.0008004696252656668,-0.005015336991530033,-0.0006991495986276996,-0.0023158747673873666,-0.0033348007025949,-0.004189612726269033,-0.004556979404439367,-0.0033612826024643334,-0.004976066725869067,-0.0029138113726693998,-0.0010321190618659,-0.0006815265766099999,0.0011302589671983332,-0.0019083887772716,-0.009922411877946699,9.913579853883306e-05,-0.26940000000000436,-21.666666666666668,-0.008093101,3.684491714929287e-05,-0.0013084462453557665,0.1333333333333332,0.4666666666666666,-0.0004795473900512332,0.0094952637353206,0.04895276433296067,0.020298277076791233,0.07777831171816187,0.024408063168904665,-1.5384733731099997e-05,-0.0028758289881439334,-0.009158657100253534,-0.005760143333652334,-0.0018274576382050665,-0.0033298992773834004,0.0003891240288194,0.0007290045792877666,-0.0006467091311990334,-0.0008508293706412667,-0.0007140513705513998,-0.0002551736581277,0.0017570321806209335,40.233333333333334,0.0,40.63333333333333,6.991122983256587,0.10145633041226676,0.004090030863936597,6.131700823760291,5.571773104553533,6.919102523332074,0.0120133121610667,0.0397822525441868,6.001840048705426,5.552879917845753,-0.013229594774787265,-0.0047190074357323,0.0026303369472078,0.010331126,0.002398205355614033,0.0006728721988805733,-0.0011863621924010667,0.005264894742790166,0.011457723862752041,0.0110675847688169,-0.0012143607547043668,0.00014418438176763332,0.0017113612113502333,-1.112407866666669,0.0011258513665838334,-0.010428430666666733,0.020272517930964767,-0.34,-0.32,-0.3833333333333333,-0.3833333333333336,-0.39666666666666667,-0.31666666666666665,-0.18666666666666668,-0.09999999999999966,-0.0833333333333335,0.16333333333333333,-0.27666666666666667,-0.23333333333333336,0.049999999999999996,1.7433333333333334,2.53,3.6300000000000003,4.583333333333333,-0.0220612282054711,-0.0159111901499038,0.018896167543881334,0.002831679097907533,-0.0008215914052325333,-0.0011069757161654,-0.0008775783919331668,-0.006016982362120633,-0.04947826201491463,-0.0127793465202576,-8.475312474633383e-06,-0.0010207431166679144,0.0013338583208598364,0.00014736264643803215,0.00025743107288060007,-7.355356004000129e-07,-1.703315321116662e-05,-1.2332987130200018e-05,-0.0002543646979171666,-8.792363393499985e-06,-0.00031213682976539997,-0.0024046890382445,0.0002202763831338,-0.00013507374680593338,-4.283691771333322e-06,0.0012150299049026,-0.0005973546723249365,0.008157161309324467,0.007627973968804834,-0.00014832029492236657
1992-03-01,0.003632538879055333,0.0028268980120067333,0.005807585892197434,0.0085713394509407,0.0055280424539472664,0.0034034843728353663,0.0029698220957211662,0.0029898992275985002,0.003207896324203033,0.0059552676154754,0.002280486208919767,0.004971609508559466,0.0039483446685561994,0.008437118615726968,0.0033303753223187667,0.0045137762484207,-0.005322027799970502,-0.005297862848622734,0.18173333333333605,36.0,0.0009590590000000005,0.0024646023942006667,0.0019184298104739002,0.033333333333333666,0.566666666666667,-0.005906714710835234,-0.001425011076582566,0.033317241202503234,0.008769317212000366,0.054472044424349435,-0.020504817944601735,0.00011383021872173332,-0.0022222304527292,-0.005478992472406234,-0.0018702394049038666,-0.0022141907720284334,-0.0030289622103420333,-0.0010224210162939334,0.0007158185036880666,-0.0005273189947677333,-0.0011269524744742334,-0.00015599650852550002,-0.00030646646351210004,0.001320628489761301,40.233333333333334,0.03333333333333333,40.666666666666664,7.12286071435712,-0.0095929881833466,0.09589402415059323,6.198594502614746,5.680725586299843,7.00417801127917,0.028265512220026563,0.033030300881409964,6.070501728148787,5.570103609613,0.030636614316829135,-0.004736204546495233,-0.00013561193582786678,-0.020331126,0.0006061529524812332,-0.0002808028129693335,0.0009548759735480334,-0.0026313065762965672,-0.008158170213966833,-0.0090984256155675,-0.001302867891567433,0.00010131340328396663,0.00047593815984052257,-0.678975466666666,0.015792801955623065,-0.03861679533333336,0.037540986765525634,-0.14999999999999974,-0.10333333333333335,-0.01,0.0266666666666667,0.08333333333333333,0.25333333333333324,0.15000000000000013,0.013333333333333133,-0.0033333333333332668,0.1366666666666667,-0.13,-0.03,0.3333333333333333,2.566666666666667,3.28,4.256666666666667,5.18,0.028550378515911665,0.012325818036618003,-0.019417861416130732,0.013138410802089967,0.0005448849233993998,0.0005514200320089332,0.0005850524114802666,0.0032698993509289328,0.045501666671699394,0.015882202651649635,0.00023415313986089995,0.0015267202261917002,-0.0002665600568546999,-4.355357124848874e-05,0.0002588882896757997,0.0011323281521465,-0.0004575743732395667,-0.00024700314824216657,0.00024191783048150002,-4.338039564000006e-06,-2.647566290409996e-05,0.0013650890819845336,0.00012832588588936665,-0.00035135982919181854,-2.831806281800056e-06,0.0004836053773680001,0.0002935472388670999,0.00033413464673096607,-0.0022453964757728,-0.0030749537805994337
1992-06-01,0.004281477754262834,0.0040785506490562005,0.002899859134890333,0.0027967183793104334,0.0047625922119204,0.0038327623835885667,0.0034940025220852335,0.003407173269179,0.0036494018851603335,0.011794220510649532,0.0007623323190394668,0.006580442094160234,0.0042616429567638335,0.006533628847105167,0.0026412026360019005,0.004871316954217699,-0.007402833295468699,-0.0020764683446584664,0.1825333333333343,-15.333333333333334,-0.0075198853333333,0.0022260229644158,0.0007749877027123333,0.133333333333333,0.36666666666666603,0.010198005561978401,0.000950683948045,0.053995624362415263,0.04027311901205357,0.0646411611129581,-0.008449219428344533,0.0010441916213998668,-0.00042209364057893333,-0.006553681466385766,-0.002679717491896967,0.00041628265051760004,-0.00010032606045130004,0.0011682254948161,0.0014193445415581999,-9.03501810404587e-21,-0.0019370768088234332,0.0006702676313624333,0.0015803858208874998,0.0008360687824554334,40.4,0.033333333333333,40.833333333333336,7.048997280670466,-0.05834959915496004,-0.05753758088899672,6.172529615466007,5.6395962524755205,6.96192705974592,-0.0027211035463864676,-0.03026403327651,6.056631094647384,5.557832897336319,0.0077112653126541015,-0.0004113597318754334,0.0031521715799414005,-0.0033333333333333335,-0.0028228022048338666,-0.0008925383151232001,-0.0034229058407877332,-0.0018182698034048996,-0.0018297417156840033,-0.0025477912724175358,0.0007179388781605334,-0.0014012983908659,-0.0011875554580201666,-0.9921028300000009,0.0007438016237646337,-0.0022470100000000354,0.019732659135335832,-0.0733333333333334,-0.12666666666666668,-0.1266666666666666,-0.13666666666666666,-0.15333333333333318,-0.15666666666666665,-0.09333333333333343,-0.043333333333333,-0.06666666666666643,0.17666666666666667,-0.09000000000000001,0.02666666666666667,0.44999999999999996,2.8800000000000003,3.606666666666667,4.506666666666667,5.359999999999999,-0.01918013571600573,-0.015475097633561167,0.024469148910342867,0.000893057020016133,0.00108092250473298,0.001370052620609385,0.0014493813242118668,0.0094025754959339,0.02348357352549597,-0.002192479144595966,-0.00024727503118289967,0.0005015781764876001,-1.4826911694566675e-05,-0.0005621893320748333,0.00025182783531419996,-0.000854775322403648,-0.0002299136156702373,0.00022896500271376655,-7.889130464451092e-06,-7.14568862244346e-06,-0.00021569119543053336,-0.0005157178354379541,0.0006755674877559334,-0.0005078639563334333,0.00027205519583233336,0.0004648201895851665,-4.653547282766674e-06,0.0099420549282125,0.0010586508913306002,0.0015062756379708002
1992-09-01,-0.0003250981308671001,-0.0009176329072992668,0.0040974823589028,0.0036917388177654,0.006603748662464266,0.0022144141966051,0.0028158680269919334,0.0027906632202722667,0.0030348067390055192,0.004651786171499167,0.002458689958274333,0.0031510013616141332,0.0014568415417274003,0.0018540661186138337,-0.0002729367655935003,0.0018498009785069,0.005727756418856399,-0.005470179452940701,-0.062133333333335115,-14.333333333333334,0.0010823423333333338,0.00010896637705979995,0.0008461989568673665,-0.06666666666666687,-0.03333333333333263,-0.008638548526611433,0.008551983151741067,-0.023327242639043167,-0.04784382531970207,-0.0061020244244627325,-0.0013959537801581344,0.0007504095962715334,-0.0011937965627784,-0.006908423792334933,-3.3357286840137355e-17,-0.0013100713582284665,-0.0017774242694840667,-0.0006322805329557666,0.0012446569185886,-0.0009210403039491334,-0.0024571187874553664,-0.0008861832185212999,0.0013197316868680334,0.0011882289368442334,40.266666666666666,-0.0333333333333332,40.766666666666666,7.075919886500337,0.02779386964634983,-0.013557013243643093,6.194752435319887,5.656419800195207,6.996267827993983,0.013388680575109967,0.026468925868136567,6.0812308796616135,5.60689061279563,-0.0058115304528196,-0.008832907040902767,0.0028585011376946333,-0.0033333333333333335,0.0035649088399528003,0.0016363497697403665,-0.0007164017361166666,0.001479460807803233,0.0037748080854879324,0.0052452612274515005,0.0012693684092264668,0.0019401013014323334,0.0010267520067426667,-0.1432089866666645,0.008233459607339734,-0.018965308999999934,0.015649391223568464,-0.17999999999999994,-0.2266666666666667,-0.25000000000000006,-0.26999999999999996,-0.33,-0.366666666666667,-0.27999999999999997,-0.10000000000000007,-0.14333333333333403,0.09666666666666666,-0.17333333333333334,-0.10666666666666667,0.16,2.35,3.36,4.723333333333334,5.446666666666666,-0.036291819255090264,-0.011330288312097534,-0.0015488825505698342,0.0073050956128167,-0.0005439756573810999,-0.00027805055197603347,-0.0011634603954553664,0.0025872377066855656,-0.013585613846531333,-0.009460492019654232,-0.0002435906484065285,-0.0015161121134621668,-0.0013211802208185958,-2.313594517065309e-05,-0.0005227820968993891,-2.8389754425835662e-06,-0.00022542382517233334,-0.0007160328802641,-0.0002495721013501331,-0.0004897847677189,-4.5615300497433424e-05,0.00043445305642526676,-0.0013417405094309665,0.0003677976474955334,-0.0016662090985411666,-0.004826922805012701,-0.0008757892337460908,-0.0062030842289099,-0.0014246511422500998,-0.0018231274041271665
1992-12-01,0.011007768018990534,0.012923115135778965,0.003877316174385867,0.007062755681099366,0.007211854861531901,0.004046112791392533,0.004594707706451933,0.0054090172675917,0.005097786345003733,0.013394732239884901,0.0021195731678668,0.006715551450588067,0.003343659999637267,0.0053860246690090345,-0.0015373917137531667,0.0029529061602255667,0.028744703517072367,0.004356750513980932,0.047933333333332995,52.0,0.007721526999999967,0.00013745437293206673,0.0007768344302150999,-0.06666666666666633,0.29999999999999905,-0.02408987090253767,-0.014538734114060335,0.013698643199785332,0.04513801381304639,-0.008799807091088263,-0.06902870480611746,0.0016784652210942667,0.0008617761915357667,0.0002233015212187333,0.0033282962285679,0.00019882692706,-0.00020181635328956664,0.0007780212625239333,0.0018850047461876666,0.0006042480279380666,-0.0007015874345199666,0.0008524422685287666,0.0018691165642318666,0.0008663294628205006,40.3,0.0333333333333332,40.86666666666667,7.113363563209823,0.0717037932056502,0.014762560067040008,6.259523262524573,5.664982810028127,7.040304013645581,0.005208439301026632,0.02214836646938333,6.152850951947973,5.636948353338973,0.014505789037687669,-0.0018967277240461002,0.003321510972069633,0.0,-0.0018541442903652003,-0.0013010970749404334,-0.0014097375685239,0.0015123376528028995,0.0028594982697316335,0.002247474191361933,-0.0008966404558965665,-0.0007397071794409,0.0007281760234943667,-1.2332589200000037,0.013395705048376767,-0.039639663333333366,0.008806837687187466,-0.10000000000000007,0.1433333333333332,0.10333333333333335,0.13333333333333336,0.1766666666666666,0.2333333333333333,0.11666666666666636,0.0200000000000001,0.063333333333334,0.5166666666666666,0.03333333333333333,0.21,0.5266666666666667,2.8699999999999997,3.706666666666667,4.986666666666666,5.833333333333333,0.03556588315494954,0.003903747864216067,-0.058130690372026304,0.013361842358550235,-0.0005408968794459667,-0.0008202259970486666,-0.0005787038490587,-0.0108053135401246,-0.024193368550793497,0.004727441635610701,-0.0002406483806914333,0.0005031464691652667,0.0005175984476869997,-0.00019468492892470003,-0.00025946570881026326,-0.0005602242215057999,0.0002083347084151334,0.0002285594614353333,-6.24237909569998e-06,-3.814773333966658e-06,3.769057150589996e-05,-0.0009193648264126,0.0005853423908244666,-2.2891022441867207e-06,0.0011055902898800037,0.002654670378310367,0.0008707040531573179,-0.0005299324355755,0.0005467038040431666,0.0013231055573964664
1993-03-01,-0.008626508066905467,-0.011117380234154567,-0.0007679209484567667,-0.0017077907774242665,-0.0015421269639338663,0.0025939865906595997,0.0024941513586907334,0.0017414421217024998,0.002421380443079067,0.005440147477183767,0.0013226061936118,0.0024271916047277,0.0027182534907176335,0.007548511901347561,0.0014417782743010663,0.003433782112800534,0.003365656975417399,-0.0027003550214282006,0.12176666666666831,7.666666666666667,0.006656491999999966,0.00011407001936386667,0.0015231637826129336,-0.13333333333333355,-0.46666666666666595,0.007339935783565568,-0.0114296911595441,-0.052923983478028326,-0.06587008310301494,-0.0432159641993749,0.011595372028471834,0.0015246382792331334,0.0009950706200066667,-0.0035344941107205,0.0032953918372265662,0.0004965490763797,0.0002690613269553666,0.0008246626729177001,0.0016582268387139582,0.0014307143145710667,-0.0002783964527086333,0.0020081161467354666,0.0019087856057175667,0.0005116669876793276,40.46666666666667,0.033333333333333666,41.0,7.061413841394189,-0.1702752079219968,-0.039561990084993504,6.24277997615899,5.53324265556054,7.026248049468667,-0.0592270590791501,-0.0338000381472433,6.13924323129475,5.576647511136421,0.001798228812194335,-0.005265024233863168,0.0035725550618957666,0.0033333333333333335,-0.0014290166880197332,-9.830440637576667e-05,-0.0036066496331953334,-0.002618756308598267,-0.0089171755854213,-0.009121196853538835,-0.0010354397916856,0.0008182802229122001,-0.0013810291071116997,0.6881632833333343,0.0109289536391793,-0.023149455999999898,-0.006157068899097067,0.0499999999999999,-0.16666666666666666,-0.08999999999999993,-0.10333333333333343,-0.1266666666666667,-0.29666666666666636,-0.26333333333333303,-0.13333333333333344,-0.22,0.16,-0.08,0.04666666666666666,0.3666666666666667,2.4433333333333334,3.24,4.6933333333333325,5.363333333333333,0.0223703294640025,-0.0194295694136099,-0.019766580760430568,-0.006720871165992101,0.0005324691091645608,0.0002689107190378,0.0011484363929709334,0.005568311174991532,0.020536200284105334,-0.0030932410272006337,-3.273907010066661e-06,-0.0002510985680572667,-0.0010323990648115,-0.00018828270633586668,-0.0005112475439830142,0.0008336811348629666,-7.200901552966679e-06,-4.866428698237283e-06,-0.00024262187719099965,-3.0766217256666863e-06,9.998188800369998e-05,0.0011142687267966334,-0.001170423899299767,0.0004070954042891,0.0002706107997221787,0.0014316325613501334,-0.00029173331128763333,8.518970702200515e-06,-0.0028386011099339674,0.002027416764714
1993-06-01,0.0020134604568452334,0.0023597489378387334,0.004607135327357167,0.0053129934702582995,0.011131072700001333,0.0004360209326250334,-0.0007538346068409668,-0.0011631982908708331,-0.001461489699067933,-0.0009380952791702996,-0.0016545320368862,0.00016922864477296665,0.0019579792527254,0.0033834214797881334,8.05528681234e-05,0.0008117461156691001,-0.0159257947161701,-0.0002592830635596667,-0.067166666666665,13.666666666666666,0.0007025280000000333,0.0021007088662579666,0.002079239982808867,0.0,0.06666666666666667,-0.004322382269474901,0.013717340858545335,0.0027706894390314325,0.011512655801300434,-0.00371199084682903,-0.007928301674480666,0.002228814261856667,0.00036110863872869994,-0.0045429436852021,0.0059348748778357665,-0.0010535636087969666,-0.0016176353655759333,-0.00024233613087193333,0.002697846259745,0.0018881546619973332,0.0012971987647537664,0.0019011874114026335,0.0034382545664316667,0.0010912812929314668,40.63333333333333,0.066666666666667,41.13333333333333,7.14358693137319,0.10647692358878659,0.051383559942419936,6.319507676278047,5.7268117908056935,7.01686120445132,0.05922705907915007,0.0167022733513932,6.136827135699927,5.6117676830223635,0.008950859626639366,-0.004335264966912867,0.0017037230239017667,-0.006666666666666668,0.0012880669893628003,0.0008064562882778336,0.0006713664572336667,0.0015107947199701002,0.004008112277387466,0.003474066206408166,0.0025702085223177668,0.0004352916970716333,0.002712415072618766,-0.08089077999999932,-0.0015586410354134002,0.007307004999999901,-0.015368620368595933,-0.01,0.02666666666666673,0.03999999999999993,0.05000000000000001,0.07000000000000002,0.0099999999999998,-0.0066666666666668345,-0.08333333333333327,-0.026666666666666807,0.17666666666666667,-0.03333333333333333,0.08,0.38000000000000006,2.1833333333333336,2.9899999999999998,4.406666666666666,5.14,-0.009719899120690502,-0.028550865334445664,0.010438914957766533,0.008393159170857567,-0.0021295138488382002,-0.002421653759501367,-0.0011484363929709332,-0.0073736489138406,-0.019722019100078068,-0.0003326344548929989,-0.00023446911424829993,-0.0012507832061834864,0.0005148006171245001,0.00014741973133276654,-0.0007607458608219,-6.20863711109365e-06,0.00020206761409843332,-0.00023508134068789995,-0.0002393558550268691,-0.0002395278368618668,-0.0005693058693931334,0.0006825412535927333,-0.0008063320368680666,-0.0007104320347266999,-0.0005500329926214333,-0.0019115942473460666,0.0005692888163690665,0.012721634248325833,0.001462551403748167,-0.0015922171428599998
1993-09-01,0.0010428456612334334,0.0005627915792618,0.0038787847865034333,0.0030421295077479663,0.006697823950573233,0.0021858672714918335,0.0028927332503621665,0.0030216160200619998,0.003291348525406667,0.002941329886417633,0.0034177691110617333,0.0025427739601910997,0.0012769547026065667,0.004876412245689312,0.0014945503442324668,0.0022877449554930666,0.019731735591983667,0.008080882408947934,0.04353333333332887,36.0,0.009380061666666667,-0.00036853916647493337,0.0007307637744352666,-0.10000000000000007,0.10000000000000032,-0.0095619900314959,-0.033020301831319536,-0.010675342239802967,-0.01742160950541237,-0.0056466624137938995,-0.0036670703539911664,0.0021213052016489,0.0013057492101727,-0.0031018662572919672,0.004382824281168567,0.0005570145324173333,0.0009782597383853667,-4.848837499809999e-05,0.0023250849920023334,0.0018180779453480002,0.0015618387064607001,0.0022880957219104333,0.0035503294211054665,0.0012628270826192333,40.699999999999996,0.06666666666666633,41.166666666666664,7.168958153721913,0.0483940032814969,0.027840324016620066,6.333265979116876,5.718268150135857,7.104879986407137,0.0200561738221534,0.024165167346049867,6.2381663172533335,5.699705645176934,-0.007714613401651867,-0.002879351805540033,0.0023014456918423335,0.0,0.00016780680804251316,9.52106244718667e-05,-0.0006713664572336667,-0.0011557723379912333,0.0009413542922065999,0.0015969802555168995,-0.0025744904585423,-0.00030135129746343333,0.0003631754949093666,0.19412295666666532,0.008215265735609401,-0.022675088666666635,-0.0012663813604499332,0.016666666666666635,-0.029999999999999933,-0.03999999999999987,-0.0466666666666667,-0.06000000000000003,-0.1633333333333332,-0.19999999999999965,-0.22333333333333336,-0.2433333333333337,0.12,-0.05666666666666667,0.06,0.3633333333333333,1.89,2.5566666666666666,3.8333333333333335,4.5633333333333335,-0.013518944854122833,-0.005750113085127267,0.0036487890437970003,0.010922373868356467,0.0018661868352228663,0.0024274151786896,0.0002867383689357667,0.007050933918823333,0.0055800910278605035,0.002391906557264465,0.00022900717999380004,0.0005036779251789003,-0.0002555257567319333,-1.5024313261066701e-05,0.0,0.00026632120997376665,-0.00021823510935239997,-0.00023107110597326406,-9.995996602431279e-07,-1.0010145281627119e-06,0.00023470916953479998,0.0005217930061516986,-0.00033294816045706675,0.00038488403801929994,0.0005400204268505355,-0.0007119974227164667,0.0002784536444142333,-0.014354763559361198,0.0011243430315837667,-0.0026750353934084665
1993-12-01,0.0108491010902494,0.012413620677993599,0.0026224497121242,0.004178726904352534,0.008376960522587233,0.005953910842228433,0.0047926233654583,0.004652915212715466,0.0031228210234509335,0.0132615657411327,-0.0006336339440314333,0.011072825475355,0.007447282503175434,0.012041033775605533,0.0019214465833569333,0.0064286230631127326,-0.004845047718952433,0.004627024204335287,0.3448333333333364,95.0,0.014610908,0.001730910866667033,0.0025067124168665334,-0.06666666666666667,0.06666666666666633,0.012449796872231765,-0.0210538736876744,-0.008208956177322233,-0.026983441746631098,0.0048992779452307,-0.016115928052597536,0.002606821673615733,0.0023881055592648334,0.007136808828168933,0.006976044512405466,0.0008932564523717666,0.0018139720267716,-0.0004367130692356333,0.0026613655456723,0.0021480123809152667,0.0021364653809623334,0.0023104514332583335,0.003561443807353,0.0011882930889305138,40.800000000000004,0.033333333333333666,41.333333333333336,7.266804912753156,-0.03813678372591354,0.025693247514293336,6.4450005790548035,5.816175914391163,7.2199924263939,0.0738942102248433,0.0436351901822869,6.362261340852119,5.756084767329863,0.016189399837268567,-0.0067612079218039,0.003145667605607433,0.0,-0.0014055719829976665,-0.0002058201091467334,-0.0008270781065468333,0.0022565439048468,0.0006443605994220333,0.0011652357419932,0.0010904393137239332,0.002199935210440967,0.0015200900667669667,-0.35442914666666603,0.004835127668684467,-0.008794286333333299,-0.005222420352181434,-0.0433333333333333,0.06666666666666653,0.03666666666666663,0.056666666666666775,0.08333333333333333,0.14000000000000004,0.13666666666666655,0.0899999999999999,0.11666666666666699,0.35000000000000003,0.07,0.21333333333333335,0.5366666666666667,1.9833333333333332,2.6166666666666667,3.8533333333333335,4.5633333333333335,0.010458011193344463,0.013423145779187634,-0.007405010377067034,0.002337603366659267,-0.0005376345251549334,-0.0005464482098108304,-0.0011462145649172347,-0.0055540287970729,-0.037546566218805505,0.0030450319905519995,0.0002241412829281334,2.226013865666565e-06,3.2871269629330437e-06,-0.0001766182125751333,0.0007607458608219669,-0.000822680774249733,0.00040880990355920266,0.0004524148587477762,0.00046438975184269455,0.00046520383953681965,-0.0002713778143986667,-0.0019422052734521,0.0012947283932171667,-0.0005425258751540333,0.0005293651672814795,0.0011841410332877002,0.00027015920752966664,0.008002708587336966,0.004931617093672433,0.0015979931221456998
1994-03-01,-0.005459600613566699,-0.006723267360435167,0.0036157346666947665,0.008918868960147167,0.009136906253116833,0.004562952636236767,0.0040958255817512,0.0040525772702396,0.0056427644753475,0.007828401979606601,0.004807060806749999,0.002098410882934333,0.005161020361458467,0.007440044029041933,0.004879647130240801,0.005137007480692,0.002211397376324968,-0.005104137021716267,0.20323333333333435,108.66666666666667,0.012942296333333334,0.0011753827367174668,0.0012763956640953666,0.0,0.2333333333333333,-0.050580120149016,0.02461192288827053,0.009630422439474666,0.024119959344951734,-0.0003743215815411004,0.012904837393563365,0.0027220203663737667,0.0020313060956376667,-0.0055822676221867,0.0043705450464587,0.0016215820620934,0.0025363892236030003,0.00029120560966806663,0.002893978880586267,0.0035398042819772334,0.0026676698893895665,0.003596156906211167,0.002947092656688933,0.0014099605867911667,40.766666666666666,0.09999999999999999,41.333333333333336,7.23384374736909,-0.01025721955558334,0.023853760491136623,6.416805984910717,5.888890619491337,7.194986603790253,-0.11529100363530694,-0.02219520158643343,6.350718351158193,5.869598056857427,0.007362650143316933,-0.0010479944184052,0.0021656745979730663,-0.013333333333333334,-0.0005140881185049666,-6.801196015333305e-07,-0.0012797000691652334,-0.0031449118834867666,-0.008058410177328966,-0.008714596949891032,0.003980643317500333,-0.0026002746762362663,0.00039446676675856663,1.2514542666666661,-0.0015344488749961995,0.013495253999999934,-0.014154173960223435,0.12666666666666662,0.16333333333333333,0.14666666666666664,0.18333333333333332,0.23666666666666672,0.2633333333333332,0.23666666666666714,0.18333333333333343,0.14666666666666667,0.2966666666666667,0.03,0.24,0.6966666666666667,2.263333333333333,2.8533333333333335,3.9466666666666668,4.633333333333333,-0.007882549433558332,-0.014933868178475569,0.00013408420668859986,0.0083115021333897,0.0002665600568547,-5.637851296924623e-18,0.0014292769045309,0.0097383102454301,0.04411951714421644,0.014106109593730766,0.0002234187135714457,0.0022430091297520665,0.0010072408400529332,-1.1491280991333331e-05,0.00025166730778960697,0.00027001272648753336,-1.1581111208990025e-05,0.00022191167719485977,-2.4382923076333635e-06,-3.418391876200042e-06,0.0008400238665997999,0.0018585627770477998,0.00021916677008936665,0.0008722603441306999,-0.0018734399441825,-0.0018776270702163002,-0.001963292378855133,0.0006368914438048002,-0.0003754068743126668,0.002950746568773267
1994-06-01,0.0033073255637242334,0.0039296956167624,0.002792298110950034,0.0020915092949399,0.0026877603649750332,0.005753104388988733,0.0046118999618999,0.004376851218467833,0.0053139338165642995,0.008434408056054667,0.004131609771191866,0.005053856993493933,0.007210792249539434,0.010962770840475733,0.0030838353764922996,0.0058787192521133,0.0020100701707112998,0.005850809315714867,0.2251666666666665,16.666666666666668,0.012330352000000001,0.00041130033587913334,0.0019190667051737999,-0.13333333333333353,-0.06666666666666632,-0.0038466588678973657,-0.012554902823317135,-0.03688271891653786,-0.03294861154554416,-0.03972950575503937,0.004192927402286902,0.0029130439244789003,0.0031484249307300333,-0.0024791835002237,0.007072073864825601,0.002202174784480667,0.0031106483393360334,0.0008720935207068666,0.0028544940317788334,0.003083075365372133,0.0033208834099767,0.0031637844907592334,-4.810351885593334e-05,0.0014559091364958,41.166666666666664,0.0,41.766666666666666,7.2902170817314165,0.029870719563226903,-0.044247479316163095,6.469498588190504,5.823821109963471,7.230964928017187,0.06260535870386673,-0.0044005039528434015,6.3724206737488664,5.85025647185165,0.0201639765520068,0.0028997967953780005,0.0075635983600339995,0.0033333333333333335,-0.0005593770798917333,-0.0015024874767875333,-0.001865043861765033,0.0012437720377297002,0.003918321077147599,0.003389830508474599,-0.0014390716322122332,0.0008969527279065999,-0.0007005872787217666,0.5165176800000023,-0.0065170876150254685,0.027562173000000096,-0.0215948069795296,0.3033333333333333,0.24,0.21333333333333335,0.25666666666666677,0.3166666666666663,0.2533333333333333,0.2066666666666663,0.16333333333333286,0.17333333333333323,0.4566666666666667,0.04666666666666667,0.47333333333333333,1.1933333333333334,2.7266666666666666,3.143333333333333,4.006666666666667,4.656666666666667,-0.013445081297213633,-0.008255737613844833,0.007576836822243434,0.0046580088395076335,-2.1299247726665223e-07,0.0002715546653921,0.0011323306496417,-0.0038776021320865335,0.024195289642836498,0.007775730552658,-4.916173859100032e-06,0.00048600297981856653,0.0012530359908431,0.00014501024530723334,0.0012498367325784914,0.0007970268129238032,-0.0004168511852240375,0.00021937061508569858,0.00045829539882959327,0.0002275350342427333,-0.00010549379284559999,-0.0002477554520030334,0.0011749769197653,-0.0005675057115108334,0.0007969221055944667,0.0016385022271444057,0.0011134327643530734,-0.0018668386488656004,-0.00010982831204073313,-0.0042265817464614665
1994-09-01,0.002514901573465,0.0028107700530827667,0.0024659952646621333,0.0048692608459025,0.007905306612241701,0.0036149689448204,0.0023933162267001664,0.002327805740331533,0.0006921869333209336,0.0074823817111137995,-0.0018835492445514331,0.0081634002168777,0.005160380270586567,0.009517435805645265,0.0032289064470792,0.0054205704552566,-0.015467249696773301,0.0017773991185497332,0.1641999999999987,33.333333333333336,0.008343699333333333,0.0021884533774952,0.0028499570737465,-0.0666666666666664,-0.033333333333333666,-0.010563399304611901,-0.018468844173263766,0.0013379571572782667,0.0135726976729282,-0.0078987578859507,-0.0096985580692574,0.0029283020392126668,0.0026689560889868002,0.0,0.005062402597842967,0.0020514087546358,0.0028860209143713998,0.0008215541189138667,0.0029928102011786,0.0038284819245782,0.0039038278449788333,0.004298687339367333,-0.0011083012258143333,0.0010877738797863334,41.13333333333333,-0.0333333333333332,41.699999999999996,7.2822525383504235,-0.02214836646938333,0.010352799006656532,6.459407478109523,5.867710417866037,7.225703829205397,-0.026110614423303435,-0.0067116361363532,6.37632012311517,5.828638094021443,0.0009728682406429,0.0018121368955335334,0.007163475870788899,-0.0033333333333333335,-0.00017708972425606664,0.0011190263297056,-0.0025030694744476996,-0.0023826380669724335,-6.569004340766423e-06,5.75523006530095e-06,-0.0008050271299158001,0.0008850118429419668,0.002442636438714133,0.531108943333331,0.008773292711311767,-0.018019664333333435,-0.015280720925587266,0.16000000000000023,0.14999999999999997,0.16,0.16333333333333333,0.1633333333333334,0.1266666666666666,0.12000000000000015,0.12333333333333364,0.10999999999999983,0.3833333333333333,-0.01,0.4033333333333333,1.1133333333333333,2.47,2.8466666666666662,3.686666666666667,4.353333333333333,-0.02091924410544373,-0.012427625644020501,0.008602488872285133,-0.007208541196931067,-0.0010596834166479998,-0.001618357844393802,-0.00030567630643186665,-0.007919432447166034,-0.038594738794348125,-0.0177421086856088,-0.00023226511239796667,-0.000984631843679467,-0.0017630302273378001,0.0001415325700424448,-0.0012541323530722132,-0.0008073667980997465,-0.00021006638792896672,-0.0004553793111501334,-0.0006978413881713,-0.00046676676437143336,-0.00044080323626940007,-0.0006577584509977668,-0.0010782340708568668,-0.0001580603923174,0.0007874899229351334,0.0013845465096147334,0.0002721387423216011,0.0075973498058766326,0.0051680930447837335,-0.0022757068451071667
1994-12-01,0.0044548924041437335,0.0038599824769865333,0.0031965360487617336,0.007952145402808633,0.004913921251160234,0.008226008724572334,0.007424605143002967,0.0081714174660098,0.006293618287866833,0.007034004812201566,0.0060139604705726326,0.013184730948061033,0.0092214008098879,0.0153259426973332,0.004569466321844567,0.0094349187838194,-0.003985036896467033,0.004485396045623999,0.48860000000000064,118.33333333333333,0.028216590333333333,0.0013415769720695,0.002775020589557633,-0.13333333333333355,-0.2999999999999994,-0.011425337797115598,-0.025555867080577468,-0.032888710822948634,-0.023532430967506263,-0.04037000521307053,-0.007192872251831533,0.0026676027486219668,0.0021574111175984,-0.0034319588861182666,0.0032689426489955664,0.0020195020799669335,0.0028936213573936,0.0007232229639750333,0.0027943220221277668,0.0036434901555418998,0.003388159358277533,0.0035762927205529997,-0.0018392186441904999,0.0008779863048910666,41.199999999999996,0.06666666666666633,41.8,7.294202325764317,0.014927867542326704,3.700743415417188e-17,6.46710034337735,5.847277920917674,7.227957845174746,0.0709063446594434,0.030225655627613233,6.387951917011017,5.781347075371547,0.0156685755858425,0.0035352057145546668,0.006687646305868066,-0.006666666666666667,-0.00043433321610003334,-0.00011472823956400007,-0.0017605296738087332,0.0029456486872562666,0.0037766722375251333,0.0044082046739462,0.0012771738440413335,0.0008654892652225333,0.001253080034310033,0.745111533333335,-0.0085095622300919,0.04217346700000004,-0.03291273730816421,0.2399999999999998,0.41333333333333333,0.32666666666666666,0.38999999999999996,0.46000000000000035,0.23333333333333317,0.11666666666666668,0.04,0.03999999999999967,0.6933333333333334,0.11333333333333333,0.6066666666666667,1.43,2.466666666666667,2.67,3.4033333333333338,4.04,0.010109887132059767,0.004718358353750733,-0.0015787706591276,0.0085789495608652,0.0021124252653379667,0.0026892670689958333,-2.1882657138764822e-05,0.010606600295198798,-0.0006600925652929662,0.013616824226146134,-3.5770144629667182e-06,-0.0020073122980847663,0.0007289396389988248,-1.8334510529918722e-05,0.0007388223259523332,0.0002600411097561488,-0.00020614649692610003,-0.00044607080133859993,0.0004531861083,0.0002258853936488206,-0.00015594820337780003,-0.0005175854389184248,7.23154697090667e-05,-0.00015653904022923327,-0.0007912248083208109,-0.0018473711003034003,-0.0002799120382611,-0.008432358722353433,-0.0053835012973214675,0.0009088119825223003
1995-03-01,0.0031175115984490667,0.0023841839930369333,0.0011198321606606116,-0.0005291228644317335,-0.0007565387706248665,0.0007129807055944332,0.0008360915372354667,0.0009946699528016998,-0.00011746664704019999,-0.0010442191767291668,0.00024198779007219626,0.0053460626387143,0.0005582760072698999,0.0029170583817594666,-0.0011980802140501001,0.0006591425185356667,0.010243389885365198,0.005361883360125199,-0.25420000000000204,-79.33333333333333,-0.008957330333333333,0.0003963761091275032,0.0006248099363788999,-0.03333333333333314,-0.16666666666666632,-0.001164371453701432,0.019604624018525932,-0.028079419945429836,-0.05552254148741063,-0.007147532011925232,0.017136438294878435,0.0021022804269576,0.0007928445943138667,-0.003467661823213367,0.0010189792675981337,0.0008700448662158667,0.002129726509155067,-0.0010129520855043002,0.0024264070515270667,0.0016661053550729667,0.003795012654189567,0.0010734136547968,-0.0006801731942711,0.0006698443578383667,41.06666666666666,-0.06666666666666633,41.666666666666664,7.187221893041744,-0.0305557295086102,-0.05651976839336673,6.38953475003272,5.7527436561215906,7.133927491723217,-0.08865451616571345,-0.054841405611530135,6.316284142393286,5.687318181623226,0.000871054962777533,0.0009261306274866667,0.008926304437622367,0.013333333333333334,-0.00014548965949326667,0.00019107567504583336,-0.001986360485537867,-0.0004653031857975003,-0.008266626247734733,-0.008382494116189798,0.0006333481805545337,-0.0010224161488468,-0.0029358102993448667,0.3657976666666656,0.026699491064914437,-0.07429312199999998,-0.003769638991731633,0.17666666666666686,-0.036666666666666466,0.0433333333333335,-0.106666666666667,-0.23666666666666666,-0.2433333333333335,-0.20333333333333314,-0.11333333333333401,-0.1333333333333332,0.3633333333333333,-0.07333333333333333,0.23333333333333336,0.9166666666666666,1.5833333333333333,1.6733333333333331,2.47,3.0666666666666664,-0.042192949494261,-0.0338087075591679,0.008758826973672766,0.004385714559701233,-0.0007953915023870151,-0.0008091304428828333,0.0002383339781205335,-0.006263304197143267,0.018136530989379836,-0.020617735853677502,-4.8565282222618154e-06,0.0017651005307716334,0.00023247184864978718,-0.0003208702908749333,-0.0009861940132482665,-0.0002679508603347686,0.0007952463315173333,0.0006570857904494458,-0.000458769908578707,-4.643540904654973e-06,0.0004000648183331646,0.0010684946241801664,-0.0004147728919674334,0.0005635468890391521,0.0005179892403002335,0.0009145030855020336,-0.0005482457376261667,-0.00023216019717866554,-0.0008064205192604666,-0.003589805192735133
1995-06-01,0.0018720437205500332,0.0020528676637354506,0.0045144129651657995,0.0031393438603662337,0.008631476457816567,0.0021121797032437333,0.0023526353768744666,0.0028380115594322,0.0009580405356540001,-0.0017650790620831666,0.0019930689226305334,0.0078950221236114,0.0018158272643722,0.0031279521228064666,-0.0019463994281204331,0.0016838717926794002,0.008722363789717765,-0.007477271450628867,-0.1841333333333305,-59.0,-0.014925679666666669,-0.0004014285279735332,-0.0011570884551618027,0.06666666666666633,-0.46666666666666673,0.0215776344960886,0.011232164191333402,-0.0030749174782762254,0.027625228469010665,-0.02670166387536514,0.02454517293323377,0.0010902418923878,-0.00020163613934329997,-0.0035638258218914664,0.0005083239007722002,-0.0003090891750492333,3.332114676772117e-17,-0.0007738444179737,0.0014084702888522,0.0015456846964010185,0.0018382228866589666,0.0019301960298273597,-0.00034060777116330003,0.0003087055170224,40.56666666666667,-0.10000000000000027,41.1,7.16021156042081,0.0026560565497267033,0.013027116680823334,6.343178960141103,5.774458640059801,7.153196874996863,-0.02430225693602997,0.024615749983916833,6.3097200926001165,5.773332651091191,-0.006243463625775533,0.0002750470601107333,0.006253558221583033,0.0,-0.00011688248191000005,0.002213481957441,0.002846317104744133,-0.0031482165359235335,0.0023372209710172676,0.0017565600052349,-0.0013043048148772335,-6.69485620538e-05,-0.0019326980046164668,0.43637640000000033,0.029850441140478533,-0.06456834133333329,0.0017032792578343667,0.006666666666666565,-0.0699999999999999,-0.08666666666666684,-0.15666666666666654,-0.26333333333333336,-0.37333333333333335,-0.3433333333333337,-0.27333333333333326,-0.2666666666666662,0.020000000000000004,-0.42333333333333334,-0.39999999999999997,-0.049999999999999996,0.38000000000000006,0.6,1.64,2.2133333333333334,-0.0034625656531612,-0.0224042004992079,-0.0011267616362745996,-0.007228968268950067,-0.0005236974106803,-0.0005333334471112667,-0.0008151397374606666,0.0038967485022170663,-0.02342958397811683,-0.0002960835925609334,-5.2179947767181005e-06,-0.0015180350922611252,0.000934151576445,-8.785344539866667e-06,0.0004884005757759298,-0.0005228759242088334,-0.0004068056010012227,-6.88902131162905e-06,0.00022119677389773333,-5.489669357332597e-06,-0.0002890526874862,-0.0013136800917295667,0.00023172264858340006,-0.0002853714809042667,0.0005113707576511936,0.00044793492948876665,0.0008133391591219333,0.0057125171481426,-0.0001171919335564999,0.002548712124744933
1995-09-01,0.002880828728060867,0.003259346435764067,0.0015033188638764667,0.0023132546513462667,0.002433914805418267,0.0042552885225424,0.0046017642338677,0.0045675319484566,0.0038088558292495,0.006559142435981734,0.0027703583212188663,0.0077786972682395,0.003822016185191967,0.010870032202612132,-0.0040140685406058335,0.0045061351112349,0.009836061349685865,0.008520798673834167,0.015166666666662979,60.333333333333336,0.006879254999999966,0.0016681820927205795,0.0016315881780795333,0.0,0.09999999999999966,0.013451804461665766,-0.008315843460255067,0.005832753080350833,0.004495893460650334,0.006944695634280701,-0.003890649501835599,0.0016499157701279998,0.0010213263645191,-0.0023370882254877,0.0046656079764447,1.807003620809174e-20,0.0010277170359653533,-0.001553099295806,0.0018042013693282,0.0010358061020915665,0.0007952731280440667,0.0011164227443766332,0.0014573033995906668,-0.00025723473945402206,40.766666666666666,0.033333333333333666,41.199999999999996,7.2547678370976065,-0.03926101188546333,0.013653785877023636,6.47693643317303,5.84907540024894,7.234703920439723,0.024302256936029967,0.021865760828603364,6.41628623083719,5.839391522349611,0.021763910405243933,0.0039681697855312335,0.0035806218394516336,-0.0033333333333333335,-0.0006706337248531333,-0.0011136132021528666,0.0034319787668650997,-2.1124365477666906e-06,0.0005801718526008333,0.0011820257043685227,-0.0006033219513143665,-0.0007029755898584999,0.0007306948162894333,0.30413919999999933,0.023513483739113068,-0.04418486566666683,0.00048560314154423405,-0.06666666666666647,-0.06666666666666664,-0.06333333333333313,-0.03999999999999993,-0.006666666666666599,0.023333333333333373,0.00999999999999999,0.006666666666666672,0.009999999999999657,-0.01333333333333333,-0.43,-0.4366666666666667,-0.14333333333333334,0.2866666666666667,0.5266666666666667,1.6366666666666667,2.2566666666666664,0.0079585408404905,0.0574188536727904,-0.0075679154831411665,-0.006499741683811233,0.0005208334392972666,0.0007958618981671666,-0.0010632651227000334,0.005654953564083266,0.026747184884506874,-0.0008407142653099001,-0.00022108475289246666,0.00025722109236643354,-0.002858704170225067,0.0001384216721479084,-0.0004884005757759,0.0002599090450070333,-5.608758918344374e-06,-0.0004377147386994333,-0.00044968557795380007,-0.0002265004385234,-9.455114906193338e-05,2.447884849309994e-05,0.0001582792089879667,-0.0002055836870538667,-0.0007784578364395333,-0.00023051165922066048,-0.0005446302906137185,-0.0042061905698141,-0.0011958922976352338,0.0019306890407596335
1995-12-01,0.0021689394404867334,0.0027956459414693,0.003580542143266967,0.0044678037896878,0.0054193165493347335,0.0014169505304103998,0.0003499532901347667,-0.00010195673436866684,-0.0009194696032806998,-0.001491273680848367,-0.0007141265386332668,0.0035092759631852335,0.0027331395557125336,0.006251046422409666,-0.004248787481762292,0.0009650015631497668,0.005709893531758335,-0.0038909033777517667,-0.3208999999999997,97.33333333333333,0.014454968666666701,-0.0002514565740607667,-0.0001198940149844333,0.0,0.03333333333333404,-0.023564801091905466,0.016705548072673434,0.0035943127355843665,0.0222098782234298,-0.012661454781825399,0.0027510472522406008,0.0012757673696086667,2.8724489081252143e-05,-0.0019904157576145,0.0012498452338262332,-0.00030937604943363333,0.0011843612914403335,-0.0025883459725169,0.0015807807052639,0.0011440381786460001,0.0008855113498266667,0.0006355989815969666,0.0016439449238530998,0.0006170302049840652,40.699999999999996,-0.06666666666666667,41.13333333333333,7.256220600076547,-0.0311753526702733,0.007713842853896462,6.486989859736309,5.846893427275731,7.261147852234063,0.002594046814016867,-0.0162633880564768,6.437159168211367,5.880903638885653,0.006397808836316199,0.0043590070642605,0.0018167548952359002,-0.006666666666666665,-0.0009545942335498666,-0.00033163332038196663,0.0007783040760115334,0.004435986515696933,0.0064102178054301,0.005943795336923567,-0.0003748222358641665,-0.0011221432333684666,-0.002066258578919868,0.6108514333333336,0.0200058914102167,-0.0341699706666666,0.005241281393112033,-0.06666666666666667,-0.033333333333333666,-0.04666666666666697,-0.05666666666666673,-0.10333333333333339,-0.16333333333333366,-0.16333333333333333,-0.16666666666666666,-0.14666666666666675,0.013333333333333334,-0.45999999999999996,-0.48,-0.27666666666666667,-0.03333333333333333,0.17333333333333334,1.2666666666666666,1.92,-0.0067239183572245335,0.004295290705741499,-0.003979183673684634,0.004509541120850767,0.0010295569526128435,0.0013105168856588783,0.0007975549983605591,-4.708929307233854e-06,0.015231476641810604,0.0037308181694451,-2.2664761128619987e-06,0.0010081930455273667,0.0007181331323421668,-0.00030834482440646665,0.0007291289819333001,-8.081121529125365e-07,-0.0003963075933134333,0.0002132945434573334,0.00044429118973559993,0.00022020694882363338,0.0004094614050383333,0.0012683681852877667,0.0006130336991659333,0.00015735141382990008,-0.0002572882398612667,-0.0029271014480225666,0.0008005248737483384,0.002444657225663499,0.00017268773893166708,-0.0016121090723837002
1996-03-01,0.0050509017363022666,0.004174394640993233,0.0026545019752951,-0.0001797903582522329,0.0054869371554258995,0.0025045989373507663,0.0013981804314274664,0.0008043593731794334,-0.0008380548938433999,-0.010852983847282935,0.0028301331438787334,0.003777751937002234,0.0038673436525919667,0.006097194026914833,-0.0008208287660575999,0.0019144924027516665,0.0124258299498005,0.006897327226099367,-0.274266666666667,-76.33333333333333,-0.007623633666666667,0.0016786452780503001,0.0020561930113877666,-0.0333333333333332,0.3333333333333333,-0.008625544692889035,-0.0221209617298245,0.017140662078366436,0.002082410461478434,0.03041941653211863,0.018991916251957033,0.0018737293895440918,0.0009465221693591999,0.0022308726360913333,0.0063023193390746675,-0.0007359209744172999,-0.0005116399060274666,-0.0010803387967825665,0.0020995959323221094,0.001126244632015808,0.0007116217857851,0.0013175106465374,0.0019716809512774335,0.0011282640650372667,40.36666666666667,0.0,40.699999999999996,7.286467394959881,0.09343398838471993,0.025169184169383463,6.4671670218914,5.92763212202905,7.254541152329719,0.020056173822153394,0.03678268572295653,6.408440630679743,5.910786851567511,0.0034465382471846003,0.0121854297863475,0.00126983894688,0.003333333333333334,0.003165171340788467,0.0013942233900413334,0.0017902621991951334,-0.0013955770437531004,-0.0020027815757301024,-0.0008548877711286965,0.0002715424835490001,0.0012860246431586335,0.0005483909610155,-0.11254463333333332,0.01717721467765487,-0.021597339666666566,0.007768290329455731,-0.09666666666666669,-0.10999999999999999,-0.060000000000000005,-0.056666666666666664,0.010000000000000009,0.15333333333333352,0.18666666666666645,0.17666666666666642,0.1799999999999995,-0.07666666666666667,-0.43333333333333335,-0.48,-0.24,0.20666666666666667,0.5466666666666666,1.6866666666666668,2.346666666666667,0.009270061876589533,0.0131255542119275,-0.002912175692528933,-0.0009019226193190335,0.0004993214215399666,0.0007571036178531,0.0002669850222994669,-0.013017843466779,0.018892537692962865,0.0010555875605892662,0.0006400747999194665,0.0005023818343200332,0.0014164327262191337,-0.00015523105718290918,0.0009537691713929333,0.0002568950422175,0.00038397369832990006,0.00042099466747973327,0.0004341495221081666,0.00043386708630153325,0.0003649512995312667,-0.00033498808287969994,0.0013069912804946002,0.00015053683004436665,-0.0010143347811146335,0.0024718085069256,-0.002665405986188867,-0.004560615860680067,-0.0023626039804808003,-0.0006363230864583665
1996-06-01,0.004520056552570001,0.004716755059882,0.0020487958150203667,0.003920698658323133,0.0033755444961223666,0.008322196396409633,0.0081219593033979,0.0089134092203539,0.0059194397876701004,0.02357662330425703,-0.0006577780814595001,0.017503352432350735,0.008559507058227066,0.014290865366024667,0.004012802581513267,0.0098314887359422,-0.0075139878350301,-0.0006225405796561999,0.3569999999999997,46.333333333333336,0.012440298000000002,0.0012914829596628668,0.0019540795762982665,-0.0666666666666668,0.10000000000000032,-0.005441240137236268,-0.014629506089616632,-0.013726206273446201,-0.044002463093849066,0.009877265868790399,-0.0404925802934232,0.0021723243328235,0.0017568332044432002,0.0018576827107331668,0.005343162371055099,0.0006391820430906999,0.0022008596292230668,-0.0017754147608913667,0.0022732842885091666,0.0023238537145099333,0.0021927693515291,0.00247320069407661,0.0028645263652992,-6.827103625126452e-05,40.86666666666667,0.09999999999999987,41.333333333333336,7.310229616285031,-0.0024783261625064995,-0.036244400045490004,6.508903220436669,5.920897075276852,7.279036461715063,-0.0123930010805869,-0.029094261412623102,6.471147243293234,5.848295851323137,-0.0007625986284060339,0.0056692234687165345,0.0013388688480896669,-0.006666666666666667,-0.0016079842839555663,-0.0011199117617467999,0.0006460766920997667,-0.0011036237436241002,-0.0036284253935085337,-0.005565550400319833,0.0007906949184220334,-0.0008523572954321668,0.0016509594312345667,0.17507686666666666,0.010860638746535166,-0.014807834333333334,0.008249266460431667,-0.013333333333333334,0.060000000000000366,0.043333333333333335,0.09666666666666669,0.15666666666666654,0.24000000000000032,0.21333333333333335,0.11999999999999995,0.12333333333333353,0.18000000000000002,-0.22333333333333336,-0.09999999999999999,0.42,1.2466666666666668,1.4766666666666666,2.3666666666666667,3.0533333333333332,0.016848207956688302,0.009369315428273866,0.003150108713673666,4.881501558600031e-05,-0.0010326756824845333,-0.0018322879726803331,-0.0018572434801645667,-0.0016347634400875669,-0.050592535787093634,0.0029827169485138996,-0.0004347644830924973,-0.0015132511704551664,-0.0016488017376046,0.0001407225931583557,-0.0014443769743949905,-0.00025809783196830007,-6.244310430179043e-06,-0.001068034663594429,-0.0006650573191263333,-0.0006640427772556296,-0.0010097259926637146,-0.0006672010759727331,-0.003387053784475533,-0.0001869149358414334,0.0022577200128091335,0.0008829614061938999,0.0026435677116231336,-0.005187637299421499,0.007667384366598033,0.0008865100995517333
1996-09-01,0.0013221951214911667,0.0022778312656643,0.002274684685887667,0.004781954264735999,0.004882274647727033,0.00377129863044256,0.0034808134343710666,0.0032146926554128333,0.0005406350690062666,0.0008403678395332333,0.0004214116224030666,0.0094923760592351,0.004125631152004567,0.009133278307029534,0.0023812364787601332,0.005488161450278867,-0.014460914710400468,0.000809514355644333,0.006866666666667067,-5.333333333333333,0.0025678699999999986,0.002033223808546433,0.0024501234373215668,-0.033333333333333,-0.266666666666667,-0.003545434251740266,0.007922371689809663,-0.019677843861397665,0.007031903162531834,-0.04029668240090906,0.0005353189947765678,0.0017487653051020333,0.0013789691628549666,-0.0011373510779881999,0.0045466127232902,0.0004834141482082,0.0010157770613356,-0.00034632037747309993,0.0018384904106340666,0.001348137146414,0.002051400572868267,0.0016128285222265,0.0025571939593215,0.0006650469017674667,40.93333333333333,0.033333333333333666,41.5,7.3137689132989125,0.0169733634757533,0.017547911161806568,6.513100859894586,5.87687275469091,7.25709535299784,0.026680902557846636,-0.004371647359276897,6.4198021061629795,5.8408985456908065,0.0017028224438261352,0.003099771216990133,0.0025248327032780338,0.0,-0.0012496611761587666,-0.00032129807374126665,0.0006308221492853333,-0.0017363488722574785,-0.0076622513190928,-0.006422798185641901,0.002536215695602533,0.0010445225589824666,-0.0020692307786642334,0.25244156666667067,0.003166166916137133,0.012536086666666701,0.001783576442636833,0.010000000000000037,0.00999999999999987,-1.6884641832840922e-16,-0.0033333333333334055,0.006666666666666672,-0.03000000000000024,-0.026666666666666672,-0.016666666666666535,-0.016666666666666902,0.18333333333333335,-0.21,-0.08333333333333333,0.47666666666666674,1.2366666666666666,1.4733333333333334,2.283333333333333,2.986666666666667,-0.006313218698314567,0.0029573512820316333,0.003805388163561,0.0008774500533245665,-0.0007638395116259001,-0.0007746855026559333,0.0023825315925162,-0.0005477316790797673,0.04226282436396273,-0.007104079499934873,0.0004197642410407605,0.0022880558812034663,0.0016280444627909665,-6.509134134203267e-06,0.0009515312573039333,0.0002565052511650316,0.00018351647622545395,0.0010545194917306667,0.0008677610480054667,0.0006489725467497333,0.000946214078762,0.00020073811746299997,0.0025548366692304,0.0004885019325054333,-0.0007554633838421969,-1.3131591239866664e-05,-0.00026827551812256655,0.010987066647070767,-0.0078274555931058,6.565775982990002e-05
1996-12-01,0.0023918635386195003,0.002863086002337867,0.003135671745491233,0.0026466583584164338,0.0041322812038580665,0.004978151307067967,0.0046216031176461005,0.004655246321170234,0.0028125892069447663,0.002149589400398867,0.0030560803568251663,0.010119348107482266,0.0054173746568387,0.007808067097630968,0.006544002796520766,0.005409791154603666,0.012085426124191235,0.0056801745701739,-0.008933333333331342,31.0,-0.003396156666666665,0.0014785827894077334,0.0008457458843379667,0.06666666666666667,-0.40000000000000036,0.012438287204649096,0.029242089144966964,-0.014735364168165168,-0.012147093054085333,-0.016895508183799535,0.010294055631401169,0.0020507110354852,0.0014580481187114666,0.0026874641678091998,0.0038399479442870334,0.0006370350860264,0.0012338077010624667,-0.00029713268941180003,0.0021942535144875,0.0019847439125163335,0.0019606657619017,0.002888227975970367,0.0021161106548094333,6.81349756236e-05,41.03333333333333,0.0,41.53333333333333,7.255640964133517,0.011615577110056596,-0.018675943823219864,6.467057191568579,5.793255947590526,7.239528226008214,-0.0023391908862165334,0.0065361571294601664,6.421360192297489,5.792954451020083,-0.006325686464486768,0.008700300182169366,0.0013191567975241942,-0.0033333333333333335,0.0009604979258354737,0.0012218550253268001,0.0027892998483702997,0.004972473429319267,0.014455582577645733,0.014640569115277268,-0.0019234788144689332,0.0014555696394253665,-0.00035085015068739983,-0.13826406666666927,0.03216585486259937,-0.05584299333333337,0.02797821143614583,-0.0033333333333332694,-0.0033333333333332993,-0.059999999999999866,-0.06666666666666674,-0.12000000000000006,-0.17666666666666633,-0.17666666666666678,-0.153333333333333,-0.15333333333333315,0.17,-0.30333333333333334,-0.20666666666666667,0.19999999999999998,0.8233333333333334,1.0633333333333332,1.95,2.6366666666666667,0.024640923987787434,0.012059623863366732,0.021642413943540564,-0.0017572159599148,0.0007515768116347333,0.0010123671141780667,0.00026171616988023325,0.026639467338144467,-0.006651988190333362,0.0192663616691012,-0.0002194353875030541,-0.001022841211456198,0.0011304590407593335,-0.0005833646530577691,-0.0004835880248477825,-0.00025710246807470887,-0.00019613599723346668,-8.602934408134911e-06,-0.0002283217639883826,-0.0002248041573782333,-0.0005549769268844,-0.0015088259911279001,-0.00011531328896787255,-0.0005195293935598,0.0009787193706405667,-0.00044348511058793326,0.0010275692068780335,-0.0087981405789197,0.002602382462174667,-0.0009110088866414001
1997-03-01,0.004520782117561167,0.0044594933771744,0.0031691963635441,0.011161289676338733,0.0062034315046670995,0.0065795720908224,0.006120056367064267,0.006083422927351201,0.0034719740531216335,0.007784845658867699,0.0017547445511206332,0.012165013432323799,0.0071528818934609335,0.0126757138217758,0.004296326284563,0.0082003651010052,-0.02383574353309763,0.003421714441291067,0.21010000000000204,32.0,0.011787043666666669,0.0019138761477410667,0.0026770568672714336,-0.06666666666666687,-0.033333333333333326,-0.0024251814169854355,-0.013222549311024666,-0.002204385297238999,0.014129259449994132,-0.0165812749995231,-0.033813083185237965,0.002325201846366767,0.0019716423475710666,0.0034321860716491,0.004434396454717133,0.0010782510942366,0.0017950820462022332,-4.954787572586667e-05,0.0024106828394394333,0.0012123949967085333,0.0021046452909375,-6.287660485010003e-05,0.0024752010990282,0.0006295891676598,40.96666666666667,0.0666666666666664,41.6,7.266511588262233,0.004535217351923433,0.003372710055193323,6.440842565619886,5.884065143941953,7.2589227848274405,0.024870287930393236,-0.009852934080516733,6.421429033036854,5.842946100713777,0.010581872734134032,0.0007324439404481333,0.0018878481110172335,-0.006666666666666667,-0.0012748064794934,-0.0007689111959911001,0.0022423471322454,-0.0040496860816166,-0.0133946716057401,-0.014267676767676768,-0.00014591759450893348,0.00023310481413873316,0.0004593369486815666,-0.34868370000000004,0.021243643244968535,-0.03452598766666667,0.008700514900599334,0.03333333333333314,-0.03,0.0766666666666665,0.07333333333333321,0.11000000000000032,0.15666666666666668,0.13,0.11666666666666665,0.09666666666666668,0.06333333333333334,-0.21666666666666667,-0.1366666666666667,0.36999999999999994,1.08,1.2866666666666668,2.15,2.793333333333333,0.032111905245561435,0.024770623354453,-0.011059514505347099,0.0025109515254892333,-0.0012560612931077667,-0.0012688760405209002,-0.002641734214372467,-0.0461229407112753,-0.04165166657102239,-0.011135719529480767,-0.0006304432333899207,-0.0022661751836325996,-0.0029855878155385335,0.0008579860084931,-0.0014109380797299332,1.9515497932581203e-17,-5.523395936766634e-06,-0.0008380379516869334,-0.0010763113430570668,-0.0006471712234210285,-3.497550642203331e-05,0.0017016234790240001,-0.0020153877137915,0.00034420279803803333,-0.0012340563279118,-0.0015193760523504664,-0.0010383445980406334,-0.0016378919707763333,-0.0008938681285357332,0.005703981436206267
1997-06-01,0.0029700153004400664,0.0035999102139658667,0.0018315689461469034,0.0054873934169521995,-0.00015331838749386636,0.0036854277046295333,0.0027922226463968,0.0026794521373432003,-0.0011274610595650668,0.001495654569450166,-0.0022031846628755335,0.011917589219397201,0.0048132713386233325,0.009559606060116766,-0.0003302393469377333,0.004219935928606567,0.0029887601706877994,0.004946518574974765,-0.15310000000000445,33.666666666666664,0.011202207666666636,0.0007840200795415668,0.0013446758433203999,-0.0666666666666668,6.47630097698008e-17,-0.005164058871923667,-0.0219435964158749,-0.003973030745736833,-0.0009896098312675318,-0.006746627115915366,0.006306075289237133,0.0022466762883190335,0.0013312891244823665,0.003105703519021933,0.0024255131276232998,0.0009022763977520333,0.0018791743840473336,-0.0006447934952085,0.0024674695485202335,0.00141116658971,0.002204278359593867,0.0009372611422116334,0.003056850657402467,0.0008828228310692,41.166666666666664,-0.06666666666666633,41.699999999999996,7.296957154767121,-0.0870046084565367,0.007739430034003333,6.530244184206826,5.88957891171438,7.252983014049387,-0.027226010338089832,0.0011092633642265648,6.44447944320324,5.85172605963677,0.014137798143022932,0.002476719432060233,0.004693861245972466,0.0033333333333333335,0.0026722223705384004,0.0001479942511419667,0.0030075391998789663,0.00025761936920459995,0.0078028535056154,0.0078056768558951994,-0.0010397275356452,-0.0004285441276516667,0.0004362600784689003,0.3315198999999996,0.033644564922184365,-0.05703673400000003,0.0216024977566889,0.056666666666666636,0.04666666666666666,-0.06999999999999983,-0.04333333333333344,-0.03666666666666666,-0.05333333333333334,-0.066666666666667,-0.046666666666666336,-0.05333333333333367,0.06333333333333334,-0.4766666666666666,-0.25666666666666665,0.32666666666666666,1.0466666666666666,1.1733333333333333,2.0500000000000003,2.6633333333333336,-0.004818034186940766,-0.023880728096049932,0.0072312970575641,0.0028535674366678664,-0.00025606890755609985,-0.0007713077101323667,0.0010556883989002667,0.0181058807724961,-0.008850398047177665,-0.0008257479044887003,0.0004161455610477986,0.0010066609784163002,0.0011565605833728666,-0.000719567031972,0.0009401282086157836,-0.0010315947315735334,0.00018145288047725214,0.0004145927859629792,0.0006428803021352334,0.00042707566302565333,7.526297704589448e-05,-0.0007358230173361001,-5.529070174089978e-05,0.0002848784987304333,-3.185161394805095e-06,0.001500905079479565,-0.0005134050940984333,0.011812079063886366,0.0023011302853367,-0.0027011370525243665
1997-09-01,0.004478935255953266,0.004957972368689633,0.0051838575454056,0.005096641504284368,0.0062159105188221665,0.009210261772321234,0.0085822383785056,0.009360546394431632,0.008598115216630666,0.009836524327968534,0.008109799817408567,0.012107006437995635,0.010014267206788467,0.012953706816356665,0.007250696688357067,0.009646225853328033,0.0065904663763856,-0.0059636010228235675,0.24040000000000328,54.0,0.012896064000000066,0.0011335635812953335,0.0015598267173152992,-0.0333333333333332,0.13333333333333347,-0.011650643168082134,-0.011379797361962632,-0.0017632484811430326,-0.0029865804571572035,-0.0006201552176398333,-0.010665495601198666,0.0020536529359293666,0.0022580057074108,0.0018612274262770998,0.004628513553980067,0.0014920259043809533,0.0027680743784668665,-0.0005465703940075334,0.002004427854875733,0.001607405269304233,0.0021956964591733335,0.0011962317668399666,0.0038048500393798664,0.0003219875353111668,41.13333333333333,0.0666666666666664,41.666666666666664,7.283599380450377,0.10025138467304344,0.011810145659833201,6.506044613672473,5.851677581632157,7.286746566861164,-0.0071687350736532665,0.003305812219113398,6.470554217960873,5.930450937805514,0.0056845068803835,0.005061811398509934,0.0031473821645573666,-0.0033333333333333335,-0.0033340572824259334,-0.00011698302160513309,0.0036033446950914337,-0.0012204308377855666,-0.008630119771584633,-0.007254339184167066,0.0013604441810762,-0.00010178977386133322,8.837820942033357e-06,-0.35937149999999934,0.02233584678271443,-0.031327743999999935,0.010813273153413266,-0.0066666666666665006,-0.0166666666666666,0.006666666666666636,-0.01333333333333347,-0.0566666666666668,-0.08999999999999993,-0.09333333333333327,-0.08666666666666645,-0.10666666666666658,-0.02666666666666667,-0.48666666666666664,-0.39999999999999997,0.006666666666666667,0.5966666666666667,0.71,1.6366666666666667,2.223333333333333,0.006363351016959933,0.018726529200431635,-0.008954597583227133,0.0006975767775293336,0.0010143277165915667,0.001541427421193733,0.0005316322232721708,0.013936982170212567,0.025332774535032864,-0.008380060873568834,0.00020335284443688293,0.0010025087215449,0.0009182183887143667,0.00013975823481850958,0.00046832319410793316,0.0002542728990793,-6.20390113713097e-06,0.0004092017728109,0.0004237872747549,0.00020910923562222753,0.0003766839494900667,0.00033049231168916666,0.0018383011444781999,-0.0001428782173225667,-3.4905878045666853e-06,0.0004167560355111002,-0.0002549394643072001,-0.006567455990193,-0.0033465156140402665,0.0029600062250286327
1997-12-01,0.006157939739017167,0.0067473741221011005,0.0049614401955399,0.0017199985710169,0.0012553473575120666,0.007041370070197633,0.006940432820671,0.0071312747220000005,0.004813739912408199,0.011689676351966966,0.0019934911899950666,0.012815492527055368,0.007181841430420833,0.013832228725550032,0.0035058172175904336,0.0079948381285639,0.01781286357511173,-0.0043190538589647,0.05599999999999766,-38.333333333333336,0.000627161666666635,0.0011686094575301998,0.0016877802669690335,-0.06666666666666667,1.850371707708594e-17,0.007987602642883701,-0.027249629343300438,-0.029033015433681364,-0.028882602241890733,-0.029173126005518996,-0.002121460356283567,0.0026169845262936664,0.0026013692287699,0.0012158068190144334,0.0036121811883802336,0.0023203714984773665,0.003604304790572433,0.00024855219504733335,0.002620747305473433,0.0022293932149975333,0.0022223480381526666,0.0027975737433945332,0.0039421379737702,0.0014704042096795999,41.13333333333333,0.033333333333333666,41.86666666666667,7.334203473400013,-0.04886782473062673,0.01746675879784354,6.537800223826786,5.96681095662471,7.296112967677703,0.025564206929416536,0.0032733487269934317,6.476348972257466,5.947926656716743,-0.007707856122282332,0.0078058686472874325,0.003555980751767,0.0033333333333333335,0.0030496343394451337,0.00017959491745499993,0.0037387088732243334,0.0050238876016989,0.014198135498602632,0.012974580254837734,-0.0009215707681023332,-0.0025165109731327667,0.0016744408150047333,-0.15903123333333244,0.008898121792324933,-0.008476834666666667,0.0031210712410474333,-0.013333333333333334,0.06333333333333346,0.07000000000000003,0.050000000000000135,0.003333333333333565,-0.11333333333333373,-0.13333333333333344,-0.13,-0.12666666666666654,0.12333333333333334,-0.4166666666666667,-0.34,-0.023333333333333334,0.32666666666666666,0.39999999999999997,1.37,1.93,-0.0070805205571206975,0.0235353099901487,0.011940354599414033,0.009452362026689367,-0.0010139418938042,-0.0012829403250300667,-0.0010628408350313334,-0.02574113106550127,-0.0297178727033026,-0.0066940348283249336,-0.0006220784287768,0.00025072083418463333,-0.0020789325848277335,0.0006973050604977333,-0.0007039777343811333,0.0002590946046536666,-0.0003743429836490449,-0.0006209111489878667,-0.0012793204283341666,-0.0008503405972017333,-0.0008740969084198,-0.0003663226637549333,-0.0013020225571557333,-0.0008245612457269,0.0009438498201603665,0.0006135618026248483,0.0009995009987522668,0.0009146399145502337,0.003913060542719433,-0.0023513963750637335
1998-03-01,0.007366985738936234,0.007873353885609934,0.0033397121454940997,0.006940446424756267,0.0027312199395943333,0.002212634368946167,0.003095264423669667,0.0033560913498309,0.0013374386731733999,0.0018371592233995667,0.0011373774048936555,0.0075817576643313,0.0010418689068917334,0.0029450132357732,-0.0038003114920940662,0.0026063508952945333,-0.008356003638601464,-0.0051715967888626,-0.39876666666666427,95.33333333333333,0.016830527666666668,0.00019679946342480002,0.00034417750378006083,0.0,-0.4666666666666666,0.03196134224880167,0.005969290585195099,-0.02342373710780077,-0.023725426155964832,-0.0231428354772542,0.0018570150164851664,0.0016445513654315333,0.0010870995798957666,0.00034656041936493334,0.0017356776149816669,0.0009463251113329332,0.0019856784804161668,-0.0007462132808193667,0.0017787359552592,0.0007887967850846667,0.00246365495575,-0.0006362618230462334,0.0038070058871557664,0.00043817523204653337,41.03333333333333,-0.033333333333333666,41.699999999999996,7.351458834590633,0.0333611528523298,-0.022783192600403335,6.52415607836921,5.912651742898199,7.37894019678503,2.7755575615628914e-17,0.009631488666569729,6.552019104192913,5.978826199720401,0.0059242905140972,-0.003039889662556867,0.0046560184383442,0.0033333333333333335,-0.0007139469946103334,0.0005648459626102332,0.006253246988268367,-0.0040262664298946664,-0.006950854047134736,-0.0064028580596036345,-0.0006547784605794668,0.0032896049714109337,-0.0004907671358947664,-0.487936766666668,0.03745927557482707,-0.05242241700000006,0.0359938514380464,-0.0033333333333332668,-0.0700000000000001,-0.04333333333333326,-0.06666666666666672,-0.04666666666666683,-0.05333333333333323,-0.05333333333333324,-0.013333333333333197,-3.700743415417188e-17,-0.06,-0.4666666666666666,-0.47333333333333333,-0.20666666666666667,-0.013333333333333341,0.06666666666666667,1.1466666666666667,1.7333333333333334,0.011562115837596499,-0.0016789285840473334,0.00044155433560150056,-0.0024615929289410663,0.0002516409203746875,0.0002539209245779224,-0.0008134214218860668,0.016457506414777,0.009751310179169666,0.005657619172030633,-0.00020607934711030002,-0.0015054579223942998,-0.0016498203620800332,-0.00042748716217180007,-0.0009416202118514,-0.0002607222137876384,0.0003621798714480667,-0.0004107620154216,-2.716740542333303e-07,0.0,0.00012257188497746666,0.0004131976637748334,-0.0015780638435416666,0.0006629811415006332,-0.0007170395844103998,-0.0008456253244510667,-5.2173880639665915e-06,0.0063915470709628676,-0.004686685931398967,0.0031215546648427676
1998-06-01,0.004744721710281366,0.005332293358431834,0.006383007307120367,0.0002523315070656334,0.008315864115987266,0.0013367042933403004,0.0017420405214153667,0.0008626207540824998,-0.00014234174647680004,-0.012184014118783336,0.004527740522658367,0.003235113777013633,0.0007502921651297333,-0.0006892076678010004,0.0014740370977314,0.0008670670585638332,0.015407276997509434,-0.003425183221660333,-0.4971333333333343,-17.333333333333332,0.005761979666666629,0.0005315064233399001,0.0010939064021796667,-0.06666666666666647,-0.13333333333333366,-0.030386536170045598,0.0176129175651442,-0.03133768434660593,-0.011920221293032773,-0.0504770232582056,0.0234910855524622,0.0024173442832561335,0.0016718776483906333,-0.005353932602915533,0.008871780253868967,-0.0005674726146397334,0.00012181009941276668,-0.0016976269966732665,0.002596351598220033,0.0018908424981377,0.0013640881255115667,0.0019600145876499334,0.0033674795681802663,0.0014620275007507667,40.766666666666666,-0.10000000000000002,41.36666666666667,7.359845233401793,-0.01865288454934993,0.007419490200316399,6.582235604504216,5.972307628197463,7.346438514892401,0.013159603657930069,-0.002116409226219699,6.550811703990803,5.970138765343694,-0.0089709155111362,0.00041652345908003334,0.0005604285456097666,0.0033333333333333335,-0.0005875813116249334,-0.0004911018814474939,0.0039662816124363,0.00017658438362683345,-0.002196957647947232,-0.0029563932002956337,0.004261508778245234,-0.0036365282833979336,0.0012338290681299998,0.35903316666666774,0.009628990701715256,-0.004771908666666667,0.011282538941446601,0.023333333333333133,0.0033333333333333006,-0.016666666666666632,0.0266666666666667,0.006666666666666865,-0.030000000000000134,-0.049999999999999996,-0.06333333333333313,-0.0633333333333335,-0.006666666666666665,-0.5233333333333333,-0.3933333333333333,-0.09000000000000001,0.08666666666666667,0.09666666666666668,1.1366666666666667,1.7533333333333332,0.0010720277246846668,0.027850056451497632,-0.0023146144588118,0.0113122822771416,-1.9573020450009034e-07,2.2406950777152164e-17,0.0002632557411039096,-0.0041466926068505,-0.005750707654780636,-0.004017342628121,0.00040975215157659995,0.0022564909100308665,0.0025852367659714003,-8.312759254894246e-06,0.0011767760123154668,0.0005216485154345333,-0.00036907064917573833,0.0004084967831504667,0.0004251711632541333,0.00042087547678953317,-0.00033408581447693335,-0.0009992892644905002,0.0020998434824962666,-0.0010623986797820668,-0.0009422884864715,-7.081666486249364e-06,-0.0017386084454592335,-0.006487446283578301,0.0053035704683826665,-0.007456782965805133
1998-09-01,0.0030000481898332337,0.0033806194054956996,0.004200743317835967,0.004824572207642333,-0.0005877578983669,0.005161321874743366,0.004792547381334201,0.005132223273988966,0.004100431718211034,0.0233621276043209,-0.003408784227524667,0.008113624176116833,0.0056101673603699,0.014599167178952934,-0.003850829117681633,0.006218370018790367,-0.0031415288216759,-0.006195665962684367,0.02626666666666866,-36.666666666666664,-0.00943434266666667,0.0020091378402948665,0.0018792234047986334,0.0333333333333332,0.10000000000000031,0.010058790315542366,-0.0154226982455743,0.015149532343564568,-0.02172865996156523,0.049750014609418636,-0.0353393980255993,0.0017614681182583,0.00046444288037268715,-0.006396784790746634,0.005126230800883601,-0.0009479398190788999,-0.0007010167322593668,-0.0013543017651637334,0.002071739605046433,0.0015895754173614668,0.0006828468992150335,0.0015165276071465999,0.0027659032585897665,0.0017726980036343,40.766666666666666,-0.0333333333333332,41.36666666666667,7.39670745467626,0.014086603096626635,-0.004219465623976333,6.638615726743937,6.013563314277294,7.386073640175063,0.014723739437709932,0.0052660389588632004,6.611449179455877,5.982957407622954,0.0174110328419535,-0.00013681901230043331,0.0027600807859625,0.0,0.002103016912762033,0.0014870012615902227,0.0051606793651064005,0.0004874414714327333,-0.0044894897580613664,-0.0030030030030029995,-0.002608177924511333,0.0004326368324318,-0.0011778902028177,0.2711448666666693,-0.02749287681358877,0.047772107333333334,-0.0233588717918507,-0.016666666666666635,-0.06,-0.12333333333333336,-0.16333333333333333,-0.23333333333333325,-0.29999999999999954,-0.23,-0.043333333333333196,-0.013333333333333334,-0.09333333333333334,-0.71,-0.6633333333333333,-0.44,-0.4166666666666667,-0.33,0.9566666666666667,1.5933333333333335,-0.021862359450706165,-0.014193715889421503,0.0063814073226909,0.012565787863825098,0.0002555257567318666,-2.012434633668197e-07,-7.062048704900093e-06,0.0005452947566103339,0.06554910562505485,0.009933961585702167,-0.00020581618110809995,-0.006475268470529366,-0.001414761534602933,0.0002660847605918749,-0.0007043090564238,-0.0013066787933577,0.00017718899545085307,-0.0004084967831505023,-0.0006355271179146,-0.00042087547678950005,8.997544728919999e-05,0.0003618058268782334,-0.0007718854559518,0.00033769653805273335,0.0004681694885338668,-0.0022608147892363667,0.002226906967516233,0.0015710073519136665,-0.0021232825063417,0.003645853914324133
1998-12-01,0.0029642670958598665,0.0029292984286227335,0.004736908030677233,0.006800084299142566,0.010968252656423866,0.0033136186814693666,0.001323606801741167,0.0006975265706226668,-0.001044039386815,0.0073774463137199,-0.0045182096266469995,0.004502843701748867,0.005971048158219301,0.012730098989253568,0.0009366827082650321,0.0051791483642500665,-0.024373053297939696,0.013528066497912066,-0.0020666666666688976,42.333333333333336,0.018094992333333365,0.000837787527547794,0.0015521014129298032,-0.0666666666666664,-0.13333333333333366,-0.004733655959316701,-0.0315014863814533,-0.0264999353660421,-0.006981057948414335,-0.04388721690912276,0.012904837393563767,0.0022306270390727,0.00047742797295493336,-0.0068270019632465,0.008093708745697934,-0.0020567967903257333,-0.0016823466161786998,-0.002674553243044367,0.0026476539189257005,0.0018055462418307665,0.0014018105720268,0.0019600960299079335,0.0025262545239369,0.0015641668744426334,40.93333333333333,0.0333333333333332,41.43333333333333,7.450942944828504,0.03695419760393676,0.10246367577345665,6.678529880406316,5.989776948993831,7.4446876521466505,0.0332631568694565,0.0820253572064399,6.621971789325284,6.05027861304466,-0.0055543563410829335,-0.008435172838576433,0.0019764197968428665,-0.0033333333333333335,-0.0012065317558761998,-0.0008435667476322334,0.006500199656946567,0.0027352305640991003,0.011962005640418799,0.010561581990153368,-0.004134493110334967,0.0019143593067812333,-0.0016627148304100999,0.034091766666667335,0.05118848051199063,-0.07368438366666667,0.056853411991973635,-0.27666666666666667,-0.09333333333333317,-0.0733333333333335,-0.07666666666666652,-0.06333333333333356,-0.05666666666666664,-0.05333333333333301,-0.060000000000000074,0.04666666666666697,0.2333333333333333,-0.6066666666666667,-0.57,-0.47,-0.47,-0.19000000000000003,1.4733333333333334,2.39,-0.009564487490103168,-0.046213157649397964,-0.0022864503673648002,0.004676378721454467,0.0012717807618841663,0.0020616030719852667,-0.0008296399198377999,-0.0044053504638421675,-0.08091956566650393,-0.012621030573692833,0.0004048922048764,0.0032085002710985004,-2.0048617897666134e-06,-0.00027990988391123333,0.0011716473691481667,0.0007821573108808001,-5.034611989844441e-06,0.0008100449510971666,0.0010563924147095,0.0006259782747332334,0.0005290367509438334,-0.0003658558213637999,0.0016401632781978335,0.00033435220276076667,0.0006932249633865,0.002241982674147433,-0.0009905771233718814,0.009400802237780233,-0.0022544095218168,-0.0009550770704900997
1999-03-01,0.0030533018945675,0.0026880033808650665,0.0028854826842928337,0.004176664150823733,0.005547225045564368,0.004009035169264433,0.0029243127074834664,0.003266803244183467,0.0040856890717723,0.0020367724946697783,0.004912867346004834,0.0025839873025359002,0.005445988443777666,0.007360671353444166,0.0033759534850782333,0.003735534682429693,0.026612478666925166,0.007781157630950533,-0.080299999999999,65.33333333333333,0.022811294666666666,0.0002307437250527,0.0008661306553836666,-0.06666666666666667,-0.19999999999999998,-0.015022304888204567,0.017789184527956997,-0.0191408565896518,0.0008806698209461334,-0.03915725053572567,-0.0142782770512374,0.0016651782476391332,-0.0010375718294509,-0.011614278412973933,0.0012519576532685997,-0.0015509692800345,-0.0008289968810241666,-0.0027472682983677335,0.002302780051956267,0.002083299169445433,0.0014532610767658332,0.0024385130668455666,0.0017311559727772334,0.0014742323663341,40.666666666666664,0.0,41.333333333333336,7.443685037040996,-0.010450176628023231,-0.0634386520984401,6.727683230726266,5.9711200124827535,7.441564020448141,-0.023130664474663234,-0.05111133997356663,6.661119354414566,6.029001106068776,0.011503529716396366,0.0007981898997619,0.00395839465422593,-0.0033333333333333335,-6.0838389145799985e-05,-0.0017048189034091666,0.003500739169589033,-0.0022688378615386,-0.025503045030741866,-0.0237112955803956,0.0040873211685657,-0.0011368180979207333,0.0028856151484799725,0.7236463999999959,0.0247202632226739,-0.025931873000000032,0.027566390748981068,0.043333333333333335,-0.06666666666666657,0.01666666666666707,0.023333333333333036,0.0866666666666668,0.22999999999999968,0.19333333333333313,0.1333333333333335,0.10000000000000007,0.09000000000000001,-0.32666666666666666,-0.32,-0.06999999999999999,0.15,0.25,1.6866666666666668,2.67,0.02491960977118543,0.006770223416707733,-0.010024752355665634,-0.005597613761993767,-0.0005104557259404669,-0.0005179790338013003,0.0027448646138615337,0.014573302221237766,0.10989854187930966,0.005882099998567633,-0.00040650141141927563,0.0007420764070819332,0.0026074707656288,-6.57781464319569e-06,-0.0007024941131884382,-0.0002688148697937,0.00017447560150513335,-0.00040600449758736667,-0.0004226077700977334,-0.0002098317371202453,-8.463158631326669e-05,7.873145437019932e-05,-0.0009247023428799666,0.00017305181549491242,0.00022404674832676662,0.0006007281035071999,0.0009721261879318666,-0.013408027683687132,-0.00041710403440300015,0.0017903527053974334
1999-06-01,0.0009986438636495666,0.0013099095578456333,0.004925466572898533,0.004637875081672367,0.006299138680220133,0.0025601230569322333,0.0007257973810161333,0.00019027880597259975,-0.0006630863524259666,0.004743399908633134,-0.0028692235838511664,0.004275223699160934,0.005024354519198533,0.009226319560064566,0.002134983531258667,0.003008923974459067,-0.0022888293216164327,0.007083776492712233,-0.10646666666666708,-55.0,-0.017435170666666666,0.0014361482673047666,0.0010788832598246426,0.0333333333333332,0.3,0.006407886555501066,-0.023936327162198002,0.0327567404776007,0.022938984839768733,0.0428724592740313,-0.0097758716981732,0.0022022117683301334,0.0007511971109958334,-0.010138734738166134,0.007465495970427768,-0.0014232706792504668,-0.0008310637298123237,-0.0024097108198729337,0.002541893405656567,0.0020833401150568,0.0012471553124590333,0.0022268034531945998,0.0017222117015567,0.0017144778977217334,40.733333333333334,0.033333333333333666,41.333333333333336,7.361451358461147,0.018580661002743238,-3.353798720221827e-17,6.531145294721966,5.956913795992364,7.406589912726477,0.015597387168916732,-0.011629086333480032,6.585034934047343,6.024408819593421,-0.003810042415401767,-0.004846612038000067,0.0026592698201325002,-0.006666666666666667,-0.0011797467118238333,0.0011115341634588335,0.0032066946036742997,-0.0008103427390787,-0.0018497408872891336,-0.0024900872844580333,-0.00043730948415423324,-6.729619047706667e-05,-0.001953804616339467,0.4776859666666697,0.010468526167835902,-0.019276392,0.009960764938731,-0.016666666666666597,0.06666666666666672,0.043333333333333425,0.11666666666666714,0.10666666666666637,0.22333333333333313,0.22333333333333308,0.2033333333333335,0.16333333333333308,0.14333333333333334,-0.29333333333333333,-0.16333333333333333,0.13333333333333333,0.6966666666666667,0.7933333333333333,2.186666666666667,2.9933333333333336,0.015851691489478268,0.0034735618954779,-0.005451520112359501,-0.0107359775872775,-0.0005094675752778001,-0.0005220370694632,0.00026253723542786646,-0.0015516553426312026,-0.06384222625580332,-0.0033402862106741336,-0.00020232676392566664,0.0010209298435152666,-0.002593613138884034,0.0001268876063198,-0.00023172286879179563,0.0010584125756502,-0.0005363186622275837,-0.00020378010904633826,-0.00021050416445303333,-0.0004161465376129999,-0.00015003959636286665,0.0004164352799491154,0.0001465107755877333,-0.00036694749593646665,0.00043722795018533324,-0.00022324737219759977,-1.799733110601953e-05,0.010704204187049399,0.003033415319927533,0.000539242541743
1999-09-01,0.0021605975699093335,0.0022188894210835,0.003971007420262834,0.0024490621781492,0.007570482873450233,0.002026031718130767,0.0010829989824019,0.0007357339144738337,0.0003842615890847333,0.0034514168603557997,-0.0008452867908666003,0.0030221696803657,0.0032783711837109587,0.0051982768186954,3.951179933103325e-05,0.0021055399654420666,0.002001351313250433,0.0091267222630845,-0.1661,-13.666666666666666,-0.000650290333333331,0.0007002427134802291,0.0008212121394700001,-0.0333333333333332,-0.40000000000000036,0.011692547170402967,0.011457151471487534,-0.038006192800313664,-0.031400806404492165,-0.04521493787651693,-0.005141490108544,0.0017719030916900334,0.0007222826950303001,-0.001305655148911433,0.0033434930778568333,-0.00023137437301023336,0.00021566000413383336,-0.0009791045662670666,0.0020164841088217,0.0019284709545654667,0.0020550369218057664,0.0018395668218809998,0.0003862744267966334,0.002163445493965867,40.833333333333336,0.0,41.43333333333333,7.408898572487534,-0.06644430087349684,0.0037559082821131684,6.608793151512313,5.99792691370802,7.398523844101606,-0.04261112383662654,-0.0019782451732733007,6.604635658019483,5.979111569113797,0.011342503006706766,0.0032860114596727,0.004059700262021167,0.0,0.00039035777384819996,-0.00044658131528703334,0.0008703385165797333,0.0011586658056395667,0.015927474843646067,0.015422191961439133,-0.0005374584196129331,0.0030451927454765997,-0.00021097103498493325,0.26975663333333,-0.0011057600494274319,0.007679434666666732,-0.009795023328203067,0.15333333333333302,0.09333333333333353,0.03666666666666651,0.019999999999999896,0.050000000000000135,-0.003333333333333334,0.006666666666666498,0.053333333333333094,0.05999999999999984,0.15333333333333332,-0.44333333333333336,-0.31666666666666665,0.06666666666666667,0.68,0.79,2.2333333333333334,3.0066666666666664,-0.0024372306864996677,-0.040616430502197994,0.006149815705586567,0.001719499729193966,0.002235716273197233,0.0024871335017163333,0.0002509791260585,0.0120849600270952,0.036119178003798935,0.0170471867007566,0.0013934528105859665,0.0007630678647113,0.0034348097185362,0.00012313974713713835,0.0022942939048471,-6.308835809321067e-07,0.0005250428681430334,0.0013870442422844666,0.0016552899730814666,0.0014328135867381,0.0010923574348084334,0.0003640071069393,0.002455698335996733,0.0007580790614974334,-1.3923816376300071e-05,0.00018975744952643334,-0.0002526727511953333,-0.018535993195718803,-0.0019464695689202667,-0.0015746063062348668
1999-12-01,0.006958870794793,0.007742705340758534,0.006332720418260568,0.006075234758335733,0.010726731029058334,0.008667470960172166,0.0079673921225973,0.007875919289223399,0.009886223003244167,0.0086844631453789,0.010421564981323966,0.005917162596894,0.0095885747069717,0.013139680140567331,0.0064989299393595325,0.009471729229582332,-0.0123213422277854,-0.002699410006688266,0.42740000000000067,92.0,0.028887111999999934,0.001322379584133,0.002028116460528733,-0.06666666666666687,-0.06666666666666633,0.003934305461047367,-0.0427763038862586,-0.017473310740003634,-0.019982753537927167,-0.013920909453991798,-0.012912412548570134,0.0025867988814809,0.0012907537137068334,0.0018915355848699664,0.004804166629408333,-5.786869607443334e-05,0.0002155205666299333,-0.0005164756740322,0.0028874947292252665,0.002443049561657367,0.0017603033984189,0.0027613544001431,0.00017153394606416665,0.0022144148132436335,40.9,0.0,41.4,7.411047511518951,0.03707521170341006,0.0181698018894568,6.611101175113627,5.956312903829006,7.419344436798354,0.04070089893363316,0.024844350620856635,6.622099347472627,5.97199070218437,0.012865837236915334,0.006952689341069067,0.007413488728966266,-0.0033333333333333335,0.004253316917979767,0.0008050438826548667,0.0031193871943747662,0.013319752555772732,0.008855896979405767,0.008134616830268932,-0.0017691369973027334,0.004206848672523601,0.00022628432040739996,-0.2979823999999997,0.026835509993384004,-0.031729505666666734,0.012945281162118535,0.0266666666666668,0.203333333333333,0.17333333333333367,0.18666666666666698,0.19666666666666666,0.13000000000000017,0.11999999999999995,0.05333333333333334,-0.0033333333333333062,0.5966666666666667,-0.26333333333333336,-0.09999999999999999,0.3,0.7566666666666667,0.8333333333333334,2.18,2.9333333333333336,0.012411812279757434,-0.013658966338334466,-0.0023677997788305338,-0.0011076084739829,-0.0017471069354785,-0.0022590294078638665,-0.0002787326917571,-0.029279518711594232,-0.02424009428127646,-0.0033212631805647334,-0.0006026260260423379,-5.818288446333397e-07,0.0004212717897071668,0.0002524920324308,-0.0006945800599279668,-0.001060307237965845,-0.0003558526916508,-0.0006019851186813667,-0.0006280677939453999,-0.0006193090137527,-0.00041936817816873333,-0.0006814691644656,-0.00045857248712499976,-0.0003614695060679,-0.0004572252272074715,-0.00021018277602737404,-5.952437136233213e-06,0.01675889498639607,-0.0005915844789251334,0.002470440981716967
2000-03-01,0.005277225250715968,0.0058252160553795,0.003948239592073267,0.0005089143392702991,0.006518204350982199,0.0021958218026523666,0.0013781978094439334,0.0008830482159500001,-0.0031122040989253665,0.0036898637835433,-0.0058511459420922994,0.011887449447670834,0.0032721246251610665,0.008753350581348667,-0.002526052905207167,0.0029921721509008,-0.018193522768045266,0.005376243088457268,-0.08966666666666867,95.0,0.012370206000000035,0.005324274911944333,0.005353623617401367,0.0,-0.06666666666666714,0.01697157386747073,0.03281981148658893,-0.0156336801988791,-0.014686663264676833,-0.017097764795849933,-0.004518822027869536,0.0020859841362300667,0.0016907807739260999,0.0002600611275530333,0.005029681226143733,0.00044340347573286666,0.0012288800400727,-0.0008798493838580333,0.0021773892532858,0.0012658971425954667,0.0011833931823434,0.0012340894690450333,-0.00034315620926206667,0.0031174764256516664,40.96666666666667,-0.0666666666666668,41.46666666666667,7.4133933572767505,-0.0044150755833400335,-0.06308066654617671,6.650412415160027,5.954336883974143,7.432314687410994,-2.8912057932946786e-18,0.0036630405252002333,6.586567685577218,6.026039439909763,-0.0072319988786322354,0.003771591961527867,0.003906348202653633,-0.0033333333333333335,-0.0037644440700702665,0.00020437383348273323,0.0008478994845259,-0.017087725017762935,-0.025208538365212935,-0.023961623961623834,0.0029290016619857666,-0.0029201522053477666,0.0006453516226106002,-0.22385296666666454,0.0031419060922217,0.0028643490000000668,-0.022043933783040103,0.18333333333333302,0.03333333333333357,0.16333333333333366,0.13666666666666652,0.12666666666666654,0.10333333333333321,-0.006666666666667005,0.043333333333333,0.060000000000000074,0.23666666666666666,-0.15666666666666665,0.013333333333333334,0.51,0.91,0.8033333333333333,2.0366666666666666,2.6533333333333333,0.016322502057983867,0.011883332546297865,-0.006952743373469901,-0.0025912165946338,0.000963321747360533,0.0011999982580256337,0.0012831035299531333,0.023048552096465,-0.008420734248343067,-0.011625564343694867,0.0011642130329224001,-0.0010182078231177334,0.004980526666066367,0.0002455434586859666,0.002002445558646333,0.001859975597824904,0.0005139219403436666,0.0011558071151868668,0.0012065154925130666,0.0013986704643491668,0.0006518860230085333,0.0017928591835465,0.002071879598565167,-8.302842582943331e-05,-0.00023252181205033333,0.0001762577256034,-0.0004810442664803334,-0.008631464358762999,-0.0018749294295450664,-0.00028046883045719967
2000-06-01,0.0039314344330338,0.0034776515620471,0.0018598826948524997,0.0031811763873825665,-0.0021508822127535663,0.0033095011856213333,0.003271935023420533,0.004216598562944166,0.0036597506817458996,0.0017551655627669662,0.004455191972126534,0.007123059224706567,0.0033635297450421,0.007413728702553933,-0.0025397639035371,0.0027228800896216287,0.0371721723067502,-0.008646031522091367,-0.106900000000001,-139.33333333333334,-0.020108888333333335,0.0003672192869128666,0.0005822715669386332,0.0,-0.133333333333333,-0.025016400267779335,-0.00528213278947567,-0.0182765690035366,-0.02601423566895673,-0.009950987716560332,0.019153891295920534,0.0011580319056345,-0.0004860661911193667,0.0034911102668125998,-0.0016189596914403335,-0.0001348864563504667,0.0011326946044961333,-0.0022881005079664,0.0015368608742013,0.00028065879928656666,-0.0011382344776518667,0.0007706322614163666,-0.0001717106713226,0.0024667740319378657,40.833333333333336,0.0,41.36666666666667,7.369229570141758,-0.015930221278783404,-0.01980780682360003,6.5834791628326,5.94579683830467,7.359156657855773,-0.027960494660233235,-0.046860650207063564,6.538133540735937,5.963976243884307,0.04476518564475463,0.0165810253580071,0.0067666038604579995,0.006666666666666667,-0.000363690299044166,-0.0009338464510105001,0.0020141776948940336,0.0013222343654550666,0.0014540673439536328,0.00043920480813680146,0.00017895393290483347,-0.0015917308991098666,0.0039742977357703334,0.6626190333333329,0.004533780614878532,-0.006601088333333401,-0.01707681002734687,0.22666666666666702,0.18666666666666654,6.938893903907228e-17,0.03999999999999999,-0.01666666666666647,-0.06666666666666667,-0.05333333333333368,-0.003333333333333003,0.03666666666666705,0.16333333333333333,-0.5599999999999999,-0.31333333333333335,-0.056666666666666664,0.1433333333333333,-0.09666666666666666,1.4933333333333334,2.32,-0.004356305952127733,-0.0005708470594912677,-0.015260614929549334,0.003676257563558566,0.0009619229832952998,0.0014418485753105333,0.0005032382112875877,0.02042839191691393,0.02749903660434613,0.0043670591279987335,-1.3663722136566676e-05,-0.0007738800609443666,-0.0013906435147819998,-0.0001442018416983,-0.0009104007688994662,-0.0018599755978249667,0.0005054705811856666,0.00017772334786649979,-1.4869165782533354e-05,-0.0002149651479124336,-0.00029972286868736676,-0.0016882917473690668,-0.0011976970377538,0.00031036516490613335,0.00021267920798913334,-0.0013550570091854335,0.0011635732188680665,0.0060294874251632,0.005746030179544433,-0.0021306053323693
2000-09-01,0.0038966563913357334,0.0040372593515029,0.0046836024883842005,0.0015856151175336001,0.0049925006568033664,-6.84644869766001e-05,0.0003084839062085333,0.0007655951873483668,0.00020717906525383306,-0.0048252860538538,0.002180511737898061,0.0038037636709432,-0.0005518631364012,0.0017815166594268665,-0.0072636903899567715,-0.00027780020170160006,0.0063402118229761335,0.004561280888818066,-0.3374666666666665,-10.0,-0.0004221656666666314,-0.0001706949543158,-0.00011442497303450003,-0.03333333333333347,-0.033333333333333624,-0.0010355995384851342,-0.0013337161738956975,0.012639744954097865,0.014817254190278134,0.00995098771656013,0.010375217342623132,0.0006959155326514503,-0.00039206942796236676,0.004725494209914066,0.0014231404269846332,-0.0012744772796207,-0.0010407109769979,-0.0016739938927657,0.0009453457388304666,0.0004460161868416667,-0.0023222976967804333,0.0013138413208442997,0.0014994777122876665,-0.002434620724945533,40.699999999999996,-0.033333333333333666,41.233333333333334,7.31543581165558,0.0225310970441767,0.014422660082840197,6.502351211951276,5.94298488991889,7.348988717736259,0.0182416332297466,-0.015007893791319801,6.542847278361314,5.96725751466434,-0.03147181724951393,0.005084092776661099,0.002601389840276467,1.1564823173178713e-18,0.0005430799463589333,0.001214621651899472,0.002956916922011934,-0.0005743317181717667,0.015570141950890166,0.0168946181812132,-0.003033686374697733,-0.0019766036429785003,-0.0027011913693394,0.706708333333334,0.0013856627952071002,-0.009753668666666633,-0.016397376017753967,-0.0033333333333335664,-0.040000000000000036,0.10333333333333337,0.0033333333333335304,-0.013333333333333365,-0.12333333333333334,-0.09999999999999999,-0.01666666666666677,-0.04333333333333367,-0.02,-0.5033333333333333,-0.5033333333333333,-0.38999999999999996,-0.4633333333333333,-0.6266666666666666,1.0866666666666667,1.8,0.022867675644176032,0.0022288774821728335,-0.017130315289829768,0.0021146951760647,-1.7328751895333516e-05,-0.0002678325733157666,-0.0002798476460847664,-0.005032640545972901,-0.006320861712737029,0.0116983814057307,-0.00020877040412366674,0.002577592246345765,-0.002191415210114067,-0.00027027936335656663,0.0002102054828187003,0.000795861898167129,-0.0005255210291741075,-0.00021095749910669988,-1.864049541593314e-05,-0.0002141447164835334,0.0003033700285252001,0.001534158196129433,0.0001885757588020997,8.361872489153334e-05,-1.0721945013170168e-05,0.0011351540224041469,-0.0009428233096300563,-0.0030860254937413005,0.0010572243498098665,-3.2981484430099836e-05
2000-12-01,0.0018410719108032667,0.0014970278236987999,0.0016243116327041335,-0.002386088008099334,-0.0021168529056278668,-0.0022914369249826,-0.0015081778047862666,-0.0006812698883438334,-0.0007957958345080665,-0.015901363235748835,0.004747749588343433,-0.0031594576866735666,-0.003329309848854567,-0.005154433866480267,-0.008537700078578033,-0.0042599265121321,0.02597489770866357,-0.012412997056562966,-0.6357,48.666666666666664,0.008170204666666634,0.0017030287902628667,0.0017510219119624667,0.0,0.1000000000000002,-0.0124155925921767,0.014750843205681532,0.009928187119175933,0.021545188705998364,-0.0020704000308802337,0.04732995195278747,0.0009507503031157333,-0.0009075829373325333,6.340149012613351e-05,-0.0007353484855894332,-0.0009299628234800333,-0.00033739746765290107,-0.0019460936277167333,0.0013744832352564002,0.0011187825954526334,-0.0015781751738674122,0.0012848163197472333,0.0017054697390108998,0.0011073940708273666,40.43333333333333,-0.16666666666666666,40.833333333333336,7.342116451297983,0.03512017188594017,-0.08626253548402353,6.543649193081257,5.971043848944578,7.363744762718697,-0.03098203750314647,-0.04201357363178667,6.55340161179728,6.0397569853683235,-0.01937039292077593,0.002277677483821933,0.0034830455191018,0.006666666666666667,-0.001010025824993933,0.0005842727939586335,0.0030254162948554664,0.004258672387649601,-5.2738443798566854e-05,-2.2315052842033015e-05,0.0011519981891285,-0.0008909258537063333,-0.0014138059438497665,0.6556665999999987,-0.0326856811879663,0.0364707876666666,-0.04226237660469323,-0.03999999999999957,-0.04666666666666674,-0.07666666666666681,-0.10000000000000027,-0.17666666666666664,-0.253333333333333,-0.18666666666666668,-0.13666666666666663,-0.11000000000000006,-0.016666666666666666,-0.4566666666666667,-0.5466666666666666,-0.5733333333333334,-0.9233333333333333,-0.9066666666666666,0.93,1.7400000000000002,-0.014151927423595466,0.016351405094413032,0.006744001254458167,0.0078674883937267,-0.0019358780527080333,-0.0026556356715706,-0.001041345891470833,0.007689447478866768,-0.09044097547140456,0.0028245949037302015,-0.0009680793621728418,-0.0018060882301185,-0.0041084657264605,-9.900354369166649e-06,-0.0024485363297559667,0.0005316322232721333,0.00015848538510146657,-0.0015372788832544667,-0.0014056308920253,-0.0011929204333676667,-0.0009206652889375272,-0.0007924955775881,-0.0032861371479778333,-0.0001036112629548333,-0.0013012542448276332,-0.001514419505119,-0.0013866676439993001,-0.012193566769281466,-0.0036620711556600003,0.0024429077286495337
2001-03-01,0.0040198928230694665,0.0031335236573023996,-3.801648969346664e-05,-0.005237329592867233,0.0007955467664876002,-0.004678995484405533,-0.0040256475901102005,-0.003532438203386567,-0.004946637877014034,0.0008305780543592991,-0.007029377612653,-0.0040867094402876,-0.005560659902633267,-0.005399877865466233,-0.006455197499696134,-0.004406504869223467,-0.02611877688674873,0.007576978801099366,-0.6104999999999974,-108.66666666666667,-0.0425482176666667,0.0015693295275690002,0.0004091064202196,0.1333333333333332,0.10000000000000002,0.026380569582199993,0.04021348033706577,0.04498041118201567,0.0610163647041104,0.0269204522148196,0.03750086011489923,8.789542002791279e-05,-0.002232029680170533,0.006093325864007334,0.003417831809070833,-0.004748167860140467,-0.0052582204453272665,-0.003873236310144,0.0006128273538088333,-0.0015775508752326666,-0.0033692641789629997,-0.0007146249925605334,0.0019928402125207,0.0022515594960570333,40.1,1.989149585786739e-16,40.56666666666667,7.3808370994019965,-0.035120171885940195,0.12322343534360351,6.6042186461797305,5.981578038003266,7.42130858226919,0.008547476871113069,0.07537472648411317,6.592530123893287,6.094106350922587,-0.011595590931088168,-0.005259899561244393,-0.002750129441479267,0.006666666666666667,0.0034842274300560666,0.0007670736083511667,0.006954314517683634,-0.0027019189374654,-0.010445425384472068,-0.01190412759306623,-0.0020716388091213665,0.0013999283951904664,-8.904379026413333e-05,0.15960596666666535,-0.038472709655045165,0.041419952,-0.03889206762434643,-0.3633333333333337,-0.5066666666666667,-0.4499999999999997,-0.4666666666666666,-0.43333333333333335,-0.17666666666666686,-0.11666666666666686,-0.07666666666666642,-0.05999999999999991,-0.42333333333333334,-0.7766666666666667,-0.9466666666666667,-0.9966666666666667,-0.7966666666666667,-0.5433333333333333,1.4833333333333334,2.2866666666666666,0.0010465113395064663,0.02653073680729003,-0.0042191753592502,0.007964195418083768,-0.0023609244267221666,-0.003044881103970567,-0.003556153181943534,-0.052255354733299675,0.03537710362848606,-0.017051932678227466,-0.0005751861743634333,7.969057745667076e-07,-0.0023696999610454002,0.00023239939182050323,-0.000885495380578857,-0.0013281280223991665,-0.0005137475154463002,-0.0003821298946930001,-0.0011883754670360999,-0.000590144739571,-0.0004788816172064001,-0.0007661673137669,-0.0010397112639512667,-0.00022484497418686665,0.0014979983859058335,0.001491433362629,0.0013745762957713212,0.0135757124981127,-0.0019498469498273332,-0.004909467532286001
2001-06-01,-0.0017655614379024,-0.0028889603527079664,0.0014084628186952664,-0.004344354604848267,0.004730249567980866,-0.0047092238882881,-0.003760704110963633,-0.0032974660100828,0.0012495609968138919,0.0012828424967420667,0.0012063057172933666,-0.017187398237107167,-0.006030374348134967,-0.0059453889770111,-0.007692756561509,-0.0050802727735715335,-0.011333897973076835,0.004645888255134334,-0.604533333333336,-133.66666666666666,-0.0342883613333333,-0.0013157866020439,-0.0022088317261647664,0.06666666666666667,-0.03333333333333366,0.015427542303247567,-0.005550242495716632,0.0024020193470812665,-0.0012143304261670318,0.006638436566980298,0.008499525589532068,-0.001136893512335,-0.006160636771478867,-0.00018679369126136668,-0.0010704042672665334,-0.008470556339518666,-0.009775314985118267,-0.006248836304255433,-1.5383881694500015e-05,-0.002316201550564467,-0.0028446378314968004,-0.0019146487980718,0.0008022466768551,0.0030417016345675,40.0,-0.0333333333333332,40.36666666666667,7.396270958428803,-0.0441993738138432,-0.003910113261830135,6.60935230462227,6.014219082320394,7.409879838416363,-0.015105065404016535,0.013607331506753367,6.605981256244557,6.039155521247164,-0.010894574397226464,-0.005206493502204333,-0.0036430111572946003,0.0,-3.580226679475527e-05,-0.0010398075794100334,0.003841109722268433,-2.9386481816833345e-05,0.0018556274747461993,0.0025858169354698313,-0.0031752246578866336,-0.0019231376709335668,0.00042383720463886666,0.7940565666666687,0.014536899498800403,-0.026691011000000032,0.0281218306946009,-0.4466666666666666,-0.37333333333333335,-0.31,-0.27666666666666667,-0.24,0.05666666666666667,0.13000000000000034,0.06666666666666664,0.043333333333333,-0.2866666666666667,-0.6666666666666666,-0.6866666666666666,-0.5466666666666666,0.5066666666666667,0.9433333333333334,2.8966666666666665,3.7099999999999995,0.018184234498119,0.0023128496438099663,-0.009954484103918132,-0.0073952176888986325,0.00047512270302533323,0.0004737101495887336,0.0015205270044852332,-0.005610220511851065,0.015479030487616166,-0.0045197644282092,0.0005618338721448999,0.0002573009261937001,0.0015195930867812322,-1.5050644737900036e-05,0.0006637904616418998,0.00026187927180206666,0.0006509511510221661,0.0005589008144975,0.0007845560408850667,0.0007733955518990666,0.0005564843054477333,0.0011906294367527333,0.0011905920788869001,0.00020399990685206668,0.00020002098646370017,-4.357251010366255e-06,0.00021750921940397292,-0.009063105290297333,0.0046032326602378,0.003467451844405667
2001-09-01,-0.0002609266077015963,-0.0007310050380594334,-0.001679455880510167,-0.0030709836127312674,-0.005171851416350866,-0.0041325375017384,-0.005122286626288366,-0.0059804111835154,-0.0027994776756825337,-0.004171931523906066,-0.0022887066785847333,-0.014813463270414199,-0.002790414345240834,-0.006570890178150368,0.0035436346526536,-0.004397777582861767,0.001854813382694034,0.0035994175396434993,-0.4829000000000007,-96.66666666666667,-0.03419008466666667,0.0014662950336520666,-6.576087176436649e-05,0.16666666666666674,0.16666666666666666,0.003424889887716699,0.04961520919918853,0.0804184337524188,0.10637236035331399,0.04760637127256944,0.030302032972555737,-0.0013532194109545,-0.006007433079108867,-0.0014355731704273997,-0.0013183932809758667,-0.0081117940505836,-0.0087497502211751,-0.007034000976648333,-0.0003324652572391708,-0.0021643424574377002,-0.0020075460146925335,-0.0014487297125853331,0.0005056890982508667,0.0016517648655493334,39.93333333333334,-0.03333333333333333,40.36666666666667,7.377073159388817,0.012211377726593165,-0.057836975703933334,6.596669570453454,5.974233433274317,7.37307982165241,-0.004444510289819931,-0.028830677117813133,6.560059566189726,5.99280009715685,-0.023951503322438828,-0.009142346053190866,-0.004558337692208966,0.0,0.013421279651092632,0.004228636134803566,0.0103237398777637,0.011268296996201568,0.1352409713933111,0.13510505468009978,0.00477779249530146,0.0012282797411043002,-0.0005074747863691334,1.1747938666666666,-0.05679939568966053,0.08003295633333336,-0.022031750649027834,-0.3,-0.28333333333333327,-0.28333333333333344,-0.2733333333333334,-0.25333333333333335,-0.22999999999999995,-0.183333333333333,-0.0033333333333332624,0.02,-0.19666666666666666,-0.32666666666666666,-0.37333333333333335,-0.19333333333333333,0.9866666666666667,1.4833333333333334,3.61,4.453333333333333,-0.029615301093074337,-0.010346276834415432,0.0143786685241971,0.009356885646031732,0.002591738855972676,0.0037441173737373,0.001024901926338167,0.012745850540527867,-0.007545153701714065,0.006566682433281466,0.0005615327798980667,-0.0015860458154722333,0.006237495225309267,-0.0002568821649466667,0.0026490205641772333,-0.00027151042743567863,-0.0011499447571295667,0.0005601730127026334,0.0011760093678360335,0.0005788713466392334,-0.0017244088010167334,-0.0031398365788000335,0.0035938070658776337,-0.0033016552263210462,-0.0008529747595873,-0.0018540243381185665,-0.00023597170939856677,0.003120620803945431,-0.0051985668863968335,0.0018636140936972333
2001-12-01,-3.193515606746654e-05,-0.0020047851779239003,0.006909978489246067,0.008789838996457666,0.009076599557212467,-0.0031085230172,-0.0018106941511615666,-0.0013663295012866668,0.003097198380932767,0.010203507574151633,0.0004855720157915,-0.010962900353969567,-0.004963779237038433,-0.004588043673995733,-0.006691895304066432,-0.0020212783682239336,-0.018994919672574998,-0.0034341202178665327,-0.25646666666666335,-131.33333333333334,-0.041581068000000034,0.0007307358149480668,-0.0019519305690286334,0.2333333333333333,0.43333333333333335,0.022707676745632763,0.058044028687918164,0.07526888957789753,0.051004412982110565,0.10611424161552219,-0.014246513549842632,-0.001979103497563467,-0.006305277107813333,-0.004661199661910234,-0.0013727528348994999,-0.008462605238996999,-0.010104825420516035,-0.005713465368833899,-0.0010457307169596,-0.0031425947313034,-0.0028924343745751666,-0.0021705984784195333,0.0007570981172732332,0.0017685167980267668,39.766666666666666,-0.06666666666666654,40.1,7.358700674648773,0.004761985749160129,0.054873993231516593,6.5669072321532305,5.89780120900608,7.397321797622727,0.04590575018573336,0.020147118051166465,6.613126156452933,5.955661801839187,0.0023900187488531985,-0.005320351902917434,-0.011334865420622,-0.016666666666666666,-0.0122533076815795,-0.003744025694280367,0.0065858772440492335,-0.007185546184704932,-0.11584653093967834,-0.11571729957805905,-0.004982565747345866,0.0019986251428555,5.8684223909299484e-05,1.6358754000000033,0.030557057103331498,-0.0439942096666667,0.08682544245969737,-0.4166666666666667,-0.3433333333333333,-0.31666666666666665,-0.28333333333333327,-0.19999999999999998,0.0899999999999997,0.12000000000000004,-0.1333333333333335,0.006666666666666997,-0.09999999999999999,-0.22666666666666668,-0.20666666666666667,0.11,1.9566666666666663,2.6366666666666667,4.79,5.79,0.004619573085464933,0.024334044636001168,-0.005163436692689867,0.0023093068074291003,-0.002623988680108834,-0.003568462525384671,-0.0028866104709773664,-0.008736085446710595,0.014062563764584769,0.008451883747640967,-0.0015005531533765042,0.00025430879304266644,-0.007829056625584934,-0.00013197883567291744,-0.004665833439435233,0.0008061269547606333,0.0006466123873650666,-0.0016822998853595,-0.0023557420635324003,-0.0017396386252640668,0.0007920162621607999,0.0025392937812807,-0.006250900605206101,0.002875883697040699,0.0006177406456372067,0.0020212932478399334,0.00021556388394339994,-0.0020835489148698003,0.002584693116108467,0.0028087109199991995
2002-03-01,0.00045233888727299996,0.00020750453775696316,0.0017887592958407668,-0.0007612272848257001,0.0006537940626435997,0.00480180166449111,0.0025588209243716,0.0022031034110924336,0.0040350558462227334,0.005842830908917099,0.003374926306769633,-0.00025354706218679994,0.007945848677640133,0.0096947865983369,0.008033736908159233,0.0044182418838092,0.03014268750714717,0.010549908620916433,0.25313333333333315,-21.666666666666668,-0.0034313663333333327,0.00040629860124853336,0.00031836529202009987,0.0,0.3,0.004036486350930333,-0.029122988945962835,0.03554270811366173,0.017729437020761598,0.05550247083872123,-0.0011215263323816015,-0.0006648709718496999,-0.0044608818732320326,-0.005242404435845667,-0.0014771072915570331,-0.005756308457081899,-0.006899283518365533,-0.0038641187351053335,0.00014209108871552747,-0.0010192489026590332,-0.0015861772354839332,-0.0005664570369165666,-0.00021013260062590004,0.0011841892197032332,39.833333333333336,0.13333333333333333,40.300000000000004,7.45080043509151,0.05239519450747004,0.0009905901297200075,6.679556398702604,6.0084808540349,7.446316422157516,-0.041461239895913465,0.0,6.66716149588652,5.990022432058137,0.0051007978020004,-0.0034035355751616003,-0.0031014102738400663,-0.0066666666666665665,-0.0026997837141839996,-0.0025474172340687667,0.0016912255358073,-0.003605527296852733,-0.0259281313891333,-0.026372549019607835,0.002429853913134833,-0.003102966586567667,-9.27075479950666e-05,0.5166249000000013,0.0025695586745217666,-0.003807839666666736,0.056730829035103035,-0.03000000000000003,0.020000000000000035,0.0333333333333334,0.07333333333333336,0.11666666666666657,0.11666666666666674,0.0633333333333334,0.013333333333333327,0.019999999999999536,0.06333333333333334,-0.013333333333333336,0.11666666666666668,0.5866666666666667,2.7266666666666666,3.3433333333333333,4.89,6.223333333333334,0.003542619432777933,0.0089351990472985,-0.004259388333068233,0.0018737877649245664,0.0031323344618956668,0.0045725683022317665,0.0047525222095450665,0.042037012040469605,0.060258201687301866,0.0010331166156723331,0.0011228633225333655,0.0031991555386528497,0.006237427427731333,0.0002267393037473333,0.0035864984757821333,-0.0010920020686334,-0.00016769970739628176,0.0013076658603484914,0.0019702911483315123,0.0015447802969754335,0.0012479763288748334,2.2305350449366528e-05,0.004622523922215867,0.00035847970200023326,-0.0006290414390514334,-0.0001935081184171334,-0.00023097247610290002,0.004446987518812568,-0.0037532394714805324,-0.0027329607851639993
2002-06-01,0.0021501365043547667,0.0018005044447401333,0.0015994113799798332,0.005586691457001033,0.0036270652030037,0.005736512135011434,0.0040674710994723666,0.0037541070811677665,0.004188952036750233,0.010002528490774133,0.0018769204396598,0.0023328010449011997,0.008071070418247934,0.010093862284436166,0.009569247009684602,0.0058905370297210324,0.009445211556973466,0.002196636268804067,0.40456666666666735,-66.66666666666667,-0.009480615666666668,0.0007535720087765,0.0005820666306568001,0.033333333333333,0.49999999999999933,-0.04188735819995829,0.011629829509360631,0.035328516715662665,-0.0019240072657072333,0.07004228995809716,-0.0234335186798636,-0.00012497051224913335,-0.003086169651377667,-0.005457147804894033,-0.0026754008070426333,-0.0031663651665780335,-0.0034513721508885333,-0.002697211353572334,0.0004968423661650028,-0.0003666457524490468,-0.0005106010058604,-0.0007316216331100001,0.00037814335687080006,0.0018303132694115333,40.03333333333333,0.06666666666666687,40.63333333333333,7.432139821289518,0.027146777313389745,0.010706516474036738,6.683941468962813,5.998101368647572,7.446554427318287,0.051068052741076564,0.005814100887780202,6.65828121515876,6.037044043933913,-0.003559736716214348,-0.008257618910244935,0.0013451221469763667,-0.006666666666666667,0.00036416099536303324,0.0007883096590847999,0.0010365052241188665,0.00044832149696043727,0.003351138165294069,0.003943029948297701,-0.0008095955007517999,0.003832399318478766,9.519362527100006e-05,0.17544363333332566,-0.0430431823164632,0.07250121800000003,0.004047282565913967,0.006666666666666667,-0.03,-0.03000000000000003,-0.06999999999999999,-0.1233333333333333,-0.18333333333333332,-0.1166666666666667,-0.05999999999999983,-0.053333333333333205,0.05333333333333334,-0.03666666666666667,0.10666666666666667,0.5933333333333334,2.6933333333333334,3.35,4.963333333333334,6.273333333333333,-0.027892562742710098,-0.020373168108046166,0.013923882955631866,-0.011947637869324165,-0.000964786008788133,-0.0019260970448344667,-0.0018577985909885,-0.0299535903399395,-0.07348437997888034,-0.0031853453667768663,-0.0007493676626139999,-0.0037453577556420003,-0.004010743574273634,-0.00036578911434256666,-0.0015696856005241334,0.0005433050997438,-0.00016382590202349999,-0.000562964113801,-0.0009858900335739664,-0.0009658927170450334,-0.00048746200623059994,-0.0005200117254862,-0.0017954645327058,-4.464237282920001e-05,0.00020088395884238506,-0.00036922965328343326,-0.0002257288995631333,0.003560882710480334,0.005382033367397433,-0.0015343914856747666
2002-09-01,-0.0008143828447586407,-0.0012175895280428332,0.0011416955195174335,-0.0006136504411528998,0.0012018450553506997,-0.0001334723964380333,-5.091592670263337e-05,-0.0005947078842618333,-0.0015393543124267335,0.0011031730480303558,-0.0026498771641877,0.0008506996673126,-0.0002574984476974333,0.0024840871147334214,-0.0009837673328375667,0.00020360027302143333,-0.0012630738854033999,-0.003329375664985267,0.010266666666666436,-37.0,-0.0021521773333333,0.001708228011818097,0.0021603897575683765,-0.0333333333333332,0.2333333333333337,0.0074171702703761016,-0.016476970660572,-0.005783706438950366,0.0021637291986091344,-0.012626988356359468,0.0186651826302343,-0.00043393477708042493,-0.0026831058230627667,-0.0022344983780868332,4.974010802823333e-05,-0.003901499914354833,-0.004373960466567733,-0.0031261083586801666,3.391873997909999e-05,-0.0012206900688879333,-0.0006840049388300318,-0.0014658491334523002,0.0011318630003795667,-4.6409096257833304e-05,39.86666666666667,-0.0333333333333332,40.46666666666667,7.4358306938014,-0.005633936934200004,0.031072709610703204,6.65052864376063,5.981720687575467,7.46437851628107,0.014817254190280233,0.013184392795339802,6.665140621484373,6.071516240853686,0.0015379651684218343,-0.0018008943717914335,0.0048429853633097,0.0033333333333333335,0.0013984087845066672,-8.222504507790004e-05,0.004263125803302467,-0.0023873045555389666,0.006742176938620235,0.006501249029116067,0.00017743350557030001,0.0013979432750611668,-0.0021864753462080663,0.31705850000000196,-0.05190170371071673,0.07956201233333333,-0.033745480266930666,0.0,-0.013333333333333336,-0.02333333333333337,-0.0633333333333333,-0.16,-0.4166666666666667,-0.35333333333333333,-0.15999999999999986,-0.18333333333333326,-0.0033333333333333335,-0.09666666666666666,-0.11,0.07333333333333333,1.6066666666666667,2.52,4.61,5.886666666666667,-0.010287661233916267,-0.006036131112907135,0.015924080418072133,0.0095033089020007,0.00023747189679953346,0.00023439246844633157,0.0018114395525241666,0.019752408217492235,0.03385554554209907,-0.0057360358094055335,0.0003679074151247334,-0.0005443564423740001,0.00043261957186636657,0.00022206091319586663,0.0,-1.3581614295666775e-06,0.0003123258890856,-2.4473610873998928e-06,0.00019328085205836862,0.0001894365692119333,0.0001847324416442,0.0006856863290452666,-0.00015226303463403333,0.00020038336637016668,0.0001964465953487,0.00035006668770360007,-4.269120215554412e-06,0.0073684160230212655,-0.005520097378927467,0.0014504272740947998
2002-12-01,0.0020294348956829667,0.001874594571660267,0.004482734882903567,-0.0005854811558674665,0.006338800035135067,-0.0009085161374568,-0.0011173540553279667,-0.0012152897368228335,-0.001126678796042933,0.0004185601784864994,-0.0017943573983349465,-0.0037005168907082663,-0.0006127604521548666,-0.002345281351374833,-0.00048339831874006663,-0.001412233021891433,0.009119915327586532,0.0042121415541262345,-0.09850000000000135,-44.0,-0.011096770666666667,-0.001114866601626,-0.0021335120766577667,0.09999999999999987,0.29999999999999966,0.007843499136731366,0.008211558947033766,0.032065717358592004,-0.010714338504359733,0.06566050173487971,0.0038442510045158342,-9.707448235948201e-05,-0.0031102564312194005,6.593479070726687e-05,-9.948763939959992e-05,-0.004617678463098033,-0.005296797445061767,-0.0035081888459030665,0.0005237603364894334,-9.206105021243333e-05,-0.0008584770363129667,0.00010030123880843333,0.0021691145662672334,0.0006491400947983666,39.800000000000004,0.0333333333333332,40.4,7.455084850374703,-0.03177005993477313,0.0017406479937166024,6.636912394219446,6.122546149089133,7.5072625181827775,-0.012928675011720195,0.03585804342871353,6.697489077113794,6.162299607531083,-0.005796196021696798,-0.006958273113622067,0.0031048901261988998,0.0033333333333333335,0.0003907157655180333,-0.00019096853560009985,0.004975610930012833,0.004846427637641399,0.016849127940737233,0.0187346110876097,0.0012157871997707,-0.0008659225531761667,0.0015253426474070334,0.067026633333332,0.011836813402947968,-0.010779609333333336,0.007036881383110633,-0.17,-0.14,-0.14666666666666658,-0.12,-0.09000000000000004,0.029999999999999933,0.0533333333333334,0.019999999999999903,0.016666666666666663,0.023333333333333334,-0.11,-0.08666666666666667,0.08666666666666667,1.5666666666666667,2.563333333333333,4.836666666666667,6.156666666666666,-0.012348354237049775,0.002235941438602666,0.006364350401148367,-0.0035935239960480994,-0.0019145256419737001,-0.0019047961806733335,-0.0020790397488322323,-0.0010960301752979673,0.022931782968336267,0.004850425988815999,-3.0473822224448637e-06,0.0013374018572784665,-0.000647188831501405,-1.4303948416533258e-05,-0.0004432624766671,-0.0005592082339056504,0.00014984039574713332,0.00018058351071738332,-1.8048847397359724e-06,-1.9491600582333818e-06,-0.00027980713052586456,-0.0010551874629343332,-0.0003487440735323333,-9.745741982520001e-05,0.0007951006360393001,0.0017640739483362666,0.0004229762997766,-0.009293418784556801,0.0022972942337121335,0.0032036061362911337
2003-03-01,-0.0016193994335343667,-0.001987859332362033,0.0007880438452995666,0.001274283609363367,0.0026857819955654005,0.0022419400703318,0.003732157613510666,0.004601187104088433,0.0054912810893403665,0.0013398769387687332,0.007176497977582467,0.0016606678337526333,0.00015561328849175975,0.002442896139071433,-0.0020388333057563004,0.0025946756758745667,-0.0006980592651384005,-0.0061168771990718004,0.1998333333333353,-23.333333333333332,-0.001976685000000001,0.0021894946710603997,0.0024538195965000003,-0.033333333333333,-0.133333333333333,-0.0008231908693628666,-0.002844599626799066,-0.011402438440921833,0.003936085095389767,-0.022577138731362162,0.010416895526125467,-0.0005881602344288666,-0.0036707596842635005,-0.0028470395210634662,-0.002296449600211267,-0.004274716610964833,-0.0052357097351188,-0.002714840313802333,4.0018408515857456e-05,-0.0015028698584374333,-0.00039420876154199993,-0.0017428415781500668,0.0014106734190099,0.00033952192079963507,39.73333333333333,-0.06666666666666687,40.333333333333336,7.457948235510259,-0.0192979928063034,-0.03185687679509996,6.6748990032618165,6.128158739442926,7.498813458421673,-0.025427768249876633,-0.056817327079523396,6.686674063811277,6.197076085980323,0.0164277294124749,0.0013019860890709333,0.0027633593142853824,-0.006666666666666667,-0.0026123537689291335,-8.142096715483352e-05,0.0012767798934648666,-0.0031020496643575667,-0.0197308274922084,-0.021481758706513466,-0.00040725267557263346,-0.0027539280688998664,0.0002046555233311,0.5144792000000014,-0.020073157859702765,0.042882373999999966,-0.035634121910164566,0.0033333333333333335,-0.03666666666666667,-0.02,-0.03666666666666667,-0.07000000000000003,-0.08333333333333333,-0.07333333333333343,-0.10666666666666684,-0.16666666666666666,-0.006666666666666668,-0.09333333333333334,-0.08,0.049999999999999996,1.6600000000000001,2.67,4.753333333333333,5.87,-0.018431950269206,-0.008884057318763466,-0.0007994617986927336,-0.018256464883466664,0.0037379771465326666,0.0043785590396948,0.005914221409776734,0.03519527070601627,-0.0600371798674477,-0.0025692364537528343,-6.291538195899876e-06,-0.0019391818995894668,0.0002145692596349664,-0.0005738787931169333,0.0002248980185903665,0.0011092633642248,0.00030233125745749996,-6.5302497498333336e-06,0.0005662765501138334,0.0001829524762457001,0.0005339094957085667,0.0005913144619391332,-2.063260751320022e-05,0.0007050430206157333,-0.0012109916760745356,-0.0026643615042935332,-0.0008610332756479666,-0.011224678347824465,-0.00014300135096630023,-0.004354967983761466
2003-06-01,0.004898386340800066,0.0048646715812014,0.0044218014513352335,0.005050501282905601,0.0036927350962099995,-0.0017665660196938668,-0.0023172252387654332,-0.0024144883042757337,-0.0030106335306386337,0.0003432306110552665,-0.0043680019963948,-0.0020078696855495,-0.0009747876189827334,0.0031086749183074,-0.0045402157768901,-0.0008788611650082332,-0.0204070042101915,-0.0094755424240779,-0.04986666666666898,97.0,0.0016671023333333663,0.0023520571092477665,0.0008623283786874667,0.13333333333333308,0.6,0.008715853006109466,0.02234772435749687,0.03887413063214736,0.021314077291249834,0.05175413622664967,-0.004435873819656867,-0.00012799836319389216,-0.0023933212062564333,-3.332114676772117e-17,0.003438768630204533,-0.0052030905118319,-0.005617280011830833,-0.004534405582239334,0.00032919990184563335,-0.0009791863921470667,-0.0013414075316019335,-0.00028911938071790003,0.0015696022393238002,-6.170554133373334e-05,39.699999999999996,0.0,40.199999999999996,7.468103197954946,0.025490121330613267,0.010344036415910196,6.659164818561081,6.152781748946114,7.516123640698834,0.013932376226153537,0.0441415285497767,6.7247925341669506,6.14177955963678,0.0024333541660356336,0.0028504371948431333,-0.0020060083482865,3.353798720221827e-17,0.0028938196768179335,0.0009061766448148333,0.0089658232213541,-0.0014318401541857876,0.012097013024354335,0.011940805350945936,-0.0011013706877405999,0.00037036477543463337,-0.0003284016169538666,0.4138433666666688,0.05147297814259636,-0.093063775,0.035852728894520965,-0.01,-0.06333333333333334,-0.06999999999999994,-0.06999999999999994,-0.0766666666666667,-0.17,-0.16,-0.30666666666666637,-0.25333333333333363,-0.09666666666666668,-0.20666666666666667,-0.19999999999999998,-0.09333333333333334,1.3266666666666667,2.3733333333333335,4.0633333333333335,5.226666666666667,-0.0103949738864749,-0.0010072459845028338,0.016117916362207333,-0.0291495809407715,-0.0011489449254720996,-0.0011226543553420002,-0.0044130363700668,-0.027637541751730495,0.051528761573242966,-0.0041374842020914975,-0.00017991904674703336,0.0046865895611167335,0.00043149952088200025,0.0005599618964717334,0.000887037367032067,-0.0011280326614132666,-0.0009341241976906332,-0.00036006056410396665,-0.00018426326279643324,-0.00018552053955350005,-0.0004934546170870332,-0.0005888711747586,0.0014087847814433327,-0.0011136866178574998,0.00019453695037619997,0.00017343014279580602,0.00042354319077983347,0.016564150485506766,-0.0010267475761741333,0.002839651300605567
2003-09-01,0.0013124137458326,0.0013147879563496997,0.0034682984220897662,0.0037404762199747996,0.006943697825279933,0.0031603421240834,0.0029767257747315666,0.0037633204286367,0.003304660938135,0.010125758192559198,0.0005683724092655334,0.0059540013379330336,0.0034299660145204664,0.0044603290965712335,0.0002305477774597331,0.0023333670941199664,0.016471036355043267,0.008227414592791834,0.18970000000000198,-99.66666666666667,-0.006455946333333333,-0.0011944269886061333,-0.0004381522229225,-0.06666666666666687,-0.1333333333333327,-0.024015135655790932,0.0036232240789679654,-0.006251959344031267,0.00433054523951273,-0.013938183477669066,-0.021420644739456204,0.0001740657444901959,-0.0013643943287249,-6.650041584803331e-05,0.0029616661590144335,-0.0033982055120459335,-0.0033335483926487334,-0.0035024476823430997,0.0004824438925735334,0.0004105498575501666,-0.0010397049179081666,0.0010320584137287333,0.0004529825475258001,-0.0015773631846845665,39.766666666666666,0.033333333333333666,40.26666666666667,7.543888624339121,0.0475639206743968,0.05845096249261977,6.761132850623543,6.096311576007506,7.568883075595189,0.0189444915877231,0.005128306279826701,6.7727968016483695,6.190235451981834,0.009811505498733566,0.002366540360506267,-0.0015152538469784332,-0.013333333333333334,-0.0029841826167933336,-0.0035543478106141,0.0006602774307431335,-0.0005141480682683666,-0.014115586439027134,-0.012515751590867033,-0.0011856244435856007,-0.000866667143984467,0.0006481992554156667,0.1571500333333328,0.0104420127187185,-0.0030918776666666674,-0.0125837334893713,-0.06999999999999999,0.013333333333333334,0.006666666666666633,0.03,0.07666666666666662,0.3033333333333333,0.313333333333333,0.25,0.19999999999999998,0.03333333333333333,-0.08666666666666667,-0.02,0.20666666666666667,2.1233333333333335,3.216666666666667,4.68,5.79,0.013538616735459932,-0.010092465511003866,-0.009238372613466732,0.0026756160693494,-0.0011788112752573997,-0.001860258447630733,-0.0020067289670523667,-0.005018575859083702,-0.06601802869791527,0.004451495349025901,0.000717953271742,-0.0013866897970024334,0.0031313553145695338,0.0006572505888552,0.0008689465116772667,-0.0017283115802871234,0.0006110416393792,0.0010766975885321333,0.0005609799537848668,0.0007421340832737333,0.0006789797032355667,0.0004580781528211667,0.0014052993988957,0.00047540535112753555,-4.7073333194465414e-06,-1.3865039094334165e-06,0.0004177794063576334,0.0028068028488418364,0.023143172613886234,-0.006810823045505
2003-12-01,0.003316794754757867,0.0038067490764189665,0.0028855638982253,0.0011294691935521668,0.0016021595827477337,0.002873995881018,0.0016788542051692,0.0009860962923807664,0.0005140811319612,0.001570522836919367,0.00014091972346776666,0.004271609478429667,0.004527750698070866,0.009205766950727466,0.000925937438328626,0.002999380752314967,0.0051328086457071,0.003015446168880567,0.24896666666666553,107.66666666666667,0.021332909999999965,0.0004523874357810333,0.0019370631523205504,-0.13333333333333305,0.10000000000000035,-0.01902380019012347,-0.040841328650638005,-0.011676617109738267,-0.0084857236983664,-0.0140282636166642,-0.03297324016647587,0.0008587578836772667,3.0721966227300006e-05,0.0033088750297034335,0.0021552854907333665,-0.0010938509845103666,7.527853088323334e-05,-0.0029879159785603,0.0010240286687424334,-2.647183398293334e-05,0.0007215270323245667,-0.00024820805005513325,-0.0009891204092670667,0.0006504067104202333,40.03333333333333,0.09999999999999987,40.733333333333334,7.6182777164343305,-0.03551441596896003,-0.027523718008966466,6.835014671344109,6.273656246860743,7.586768009738276,0.03327344509407006,-0.0201022020769968,6.793451104039497,6.2193500224801825,0.005224938531238634,0.011614041287263732,0.0031688884582360666,0.0,0.0016111794336997668,0.0014055620712394334,-0.0010468924564322332,0.0038985132097227666,0.015639780994220268,0.013264448408061133,0.004310938301776367,-0.0010261606125770335,-0.00016757289275480015,0.01524790000000135,0.019433333764393,-0.006044159,-0.009454924479308633,-0.01,0.0033333333333333335,-0.0133333333333333,-0.006666666666666665,0.023333333333333362,0.029999999999999902,0.0,-0.0333333333333332,-0.06333333333333346,0.07333333333333333,-0.08,0.006666666666666667,0.30333333333333334,2.2533333333333334,3.2899999999999996,4.66,5.666666666666667,-0.0278086337476514,-0.021163971516608066,0.026961716554230134,-0.012606439717601234,0.00045544789148530023,0.0011264322679534666,0.0022302196346156333,0.001653408370889534,0.04795281870449463,0.009081713153352768,-0.00018256637656843358,-0.0019355785065465335,-0.0025022960873464332,9.287505639306666e-05,-0.00043641811077353346,0.002276633950658,-0.00031015612167242795,-0.0005398111841008,-0.0003805175451275002,-0.00037452135434420003,-0.0003056213124498,0.00020229482015473332,-0.0009629948214514,-0.0001916005923936499,-0.00039657607182313337,-0.0003506926502680333,-0.0006354957617138333,-0.006850024883862701,-0.021046122155102768,0.004880943118729467
2004-03-01,0.0009939861992798,0.00023236463346576662,0.0036544963306569,0.0086436876298978,0.010150510112210267,0.0013123291272657,0.0009835277215461664,0.0008741256291665333,-0.0003358475229745331,0.00021209405282130006,-0.0004994640430565998,0.004656117880460733,0.001754131029367833,0.005538775182814666,-0.0004275923605276,0.0021972433664577667,-0.014706699259685464,0.008365708035706,0.19346666666666568,37.0,0.001553632666666668,0.00048807128657143333,0.00010113268686019999,0.033333333333333,-3.700743415417188e-17,0.010660383253600567,-0.002863588893716199,-0.005189725588081098,-0.0250781032662033,0.008857615363760432,-0.0154734432152252,0.0014009475730389666,0.0008743878549850333,0.005809736153505367,0.0029167460421390666,-0.0002798572892300333,0.0006391820430906666,-0.0017810575154045335,0.0015057897620878334,0.0022294862309847,0.0015519929764137002,0.0020805596063358,0.00037126419282646666,0.0006491400947984,40.166666666666664,0.0333333333333332,40.93333333333333,7.5586867728371905,3.353798720221827e-17,-0.013783186606230133,6.799478993443267,6.22596421927618,7.597911905786577,0.011467142239109968,0.005362045917206797,6.8241049158357,6.247056280236268,0.0167533507919237,0.010436065417049266,0.0058452622188286995,-0.01,1.9599511535566862e-05,0.0020531286487184,0.0017159924377872667,-0.003311675467476133,-0.0008451311385702029,-6.431281754446887e-05,-0.0026060978324853,0.004371535858017967,0.0002032349161104667,0.29535656666666926,0.013107499834606634,-0.0020000640000000674,-0.03889586805350757,0.006666666666666667,-0.013333333333333334,0.013333333333333301,0.0,-0.040000000000000036,-0.16000000000000011,-0.14666666666666642,-0.09666666666666672,-0.163333333333333,0.03,-0.08666666666666667,-0.02,0.22,1.9900000000000002,3.016666666666667,4.453333333333333,5.2700000000000005,0.0035404132834636337,0.0023984312125332665,0.013884296413581734,0.003987831818419901,-0.00023737414145229993,-0.0009155407747186668,-0.0005329564322789334,-0.005440470815328168,0.0076641033538539,-0.0030694932383496984,-0.00018629141226582887,0.0024913557294633667,-0.0008531974143052663,-0.0003480211170030333,-0.0006660402384823334,0.00028947663462786663,0.0004490572654871334,-6.900239784011011e-06,-0.0005738108804322668,-6.584500333144578e-06,-0.00022056404515983328,0.0006397917161432334,-0.0007373579333339,-0.00021587282697410005,0.0003877840860416,-0.00034895491837679996,0.00020617182681460178,-0.0007370934930595001,-0.002485890000680033,0.0039344224687664665
2004-06-01,0.0031595815719077333,0.0036028286440572,-0.00023834442650373338,-0.002953471767091533,-0.0020616120707626674,0.0011804997436527,0.000744480290205,-0.00015820346626156667,-0.0012134949626287663,-0.009980918277439502,0.0021633406520023338,0.003197726789549533,0.0017504163678483998,0.0021759507345269218,0.004226607237733033,0.0012748395296426666,0.0104328140245279,-0.0005074220004421333,0.11639999999999867,-62.666666666666664,-0.004139318666666665,0.0011684635815043,0.0017313436635604332,-0.06666666666666667,0.23333333333333298,0.005018285722355134,-0.006499549069547267,-0.01904097148410293,-0.0119834447150683,-0.023682716106851964,0.006753728379940468,0.0016607560479192332,0.0019704490876855667,0.0046908404635604,0.0036104042755624333,0.001094768229569,0.0022088772543279,-0.0007397820680287,0.0015991177775535666,0.0013646164022701667,0.0015864525681857668,0.0013045810049512666,0.0012756429781657667,0.00020066838612640002,39.96666666666667,0.0,40.86666666666667,7.568245378126157,-0.010010762366290069,-0.06377767151409316,6.808380261970167,6.211935223954877,7.639793265925458,-3.23815048849004e-17,-0.023885329635476727,6.874780360944026,6.295090114584667,-0.009259338162360466,0.0081622637287903,0.007700229048987567,0.01,0.0005053999852578335,-0.0018430192463998,0.003245273663360734,0.0018613268201586666,-0.006618044064851933,-0.007333610073336133,0.004329307350674901,-0.0018799668166469,-0.0008078006486886695,-0.2264244666666665,0.0025937249601770004,0.01292525299999997,-0.04180401414934327,0.01,0.11999999999999995,0.11000000000000003,0.20333333333333334,0.31,0.38000000000000006,0.3000000000000002,0.2266666666666666,0.22333333333333338,0.19333333333333333,0.06666666666666667,0.3233333333333333,0.7666666666666666,2.7133333333333334,3.59,4.916666666666667,5.653333333333333,-0.007252108889096334,0.0028077032196132667,0.00032840725152333386,0.007246662212135268,-0.0009132425803736001,-0.0013358116889547005,-0.0002741046438353003,-0.0034004868608616665,-0.0380870891548685,-0.007201344482369667,0.0005241215412723001,-5.495924771840487e-06,0.0022587411600152006,-0.00012315597075217448,0.0010746010264878665,-0.0002915000572623898,0.00014113948475013338,0.0005234051624292334,0.0009290462128485668,0.0005421286747416665,0.0004353153973178667,-0.00017331128703369997,0.0009881859172731332,0.0003642466543703667,-0.00039214404068456924,-0.0003469509860738599,0.00020347692298903325,-0.0032385554988317335,0.0021718422868648667,-0.006517332283784466
2004-09-01,0.002912053460920666,0.0030846960057762333,0.0062954098779558,0.004738139784581166,0.0100196172535831,0.0031089833618098,0.003092303611428967,0.0037294391555745335,0.0022134675707693,0.0021011224918916003,0.002255705036808333,0.0063893045508235,0.003106876580723967,0.0057271978509788,0.006413788710327466,0.004504704363583833,-0.006549547466345433,-0.0037125018677617674,0.33176666666666665,161.33333333333334,0.02643199066666667,-0.0001017380253767,0.0007488193698469334,-0.0666666666666664,-0.3666666666666673,0.0099363382776317,-0.015872610364202868,-0.02429330778955367,-0.020062211211704702,-0.027252890355306637,-0.011415809038187034,0.000750327163742,0.0010795615168645,0.004310951426193167,0.0031925529348401003,-4.651270967313334e-05,0.0008943549244519001,-0.0016085158656758,0.0006847242303506,0.0008108713013736668,0.0017447075615853998,0.0002058699565043932,0.00016424407000610003,0.0005242545873577667,40.1,0.0,40.766666666666666,7.588990092614444,-0.01454020749196309,0.03244707549706993,6.812693094254594,6.276523708591206,7.63503447807035,-0.011467142239109931,0.0300339448990634,6.864921136616857,6.294807372882667,0.0049971887164356995,0.007713010829058667,0.006023830012714708,-0.0033333333333333335,-0.0003296360270586337,0.0016931972277304667,0.002328740313268733,-0.00034677236493476683,0.0094039615550668,0.009436469962785764,-0.0009853477095562333,0.00040326890930346675,0.0011056748927682333,0.05845206666666034,-0.0044733062029530335,0.02409626900000003,-0.03865539920253817,0.19333333333333336,0.14,0.1266666666666667,0.08999999999999997,-3.23815048849004e-17,-0.18999999999999997,-0.19999999999999998,-0.18333333333333335,-0.17,0.22333333333333336,0.05333333333333334,0.31666666666666665,0.6466666666666666,2.0733333333333337,2.8699999999999997,4.21,5.016666666666667,0.0033423803837234665,0.0019976524124626334,-0.006295747122530033,-0.01756582615516813,0.0004483300384444332,0.0008792177194406836,-0.00025203905987180013,-0.018126168439827065,0.026656104278196906,0.002205084987489633,-0.00018210593271143338,-0.0016583987376848667,0.00019648206760910017,-0.00011976466751572272,-0.0004320588204823998,0.0023315190090581173,-0.0004553673942663564,-6.5011782458333604e-06,-0.0003769026631147609,-0.0003695906272073531,-0.0002910579025202,0.00029206470799863327,-0.0010163065307947667,-0.0001641061657041827,0.0011560470760762687,0.0008673784059839333,0.0012226160449722,0.011625106570525866,0.0022155322315378667,0.002058413262725567
2004-12-01,0.010371434811274833,0.011559160609129635,0.0035585343178535667,0.0064701055022986335,0.0074190768152065335,0.006361951837574434,0.0052367809035208,0.005247117965432166,0.0052265571524122666,0.0058861756926838,0.004961955241430566,0.0048939866815015665,0.007792157845396199,0.0070407123418515,0.006654063480201933,0.00558248293540198,0.011859496657576366,0.020713666135030503,0.3686666666666696,84.33333333333333,0.010487599333333332,0.0014530348293757998,0.0015211581458386668,0.0,-3.3306690738754696e-16,0.0012064194614375666,-0.0011737101328597004,0.0019416421754492343,0.017455995172438666,-0.0097374037707653,-0.0120767925650836,0.001354892567539,0.0006975724002238333,0.003758025524406033,0.004147280041121766,-0.0010949212533238335,-0.0001488926136795333,-0.0026773905657547664,0.0014857923294476667,0.0010433793113495333,0.0011580855986927667,0.0009149136576395,0.0005332350036836333,0.0008924180613588706,39.96666666666667,-0.0333333333333332,40.56666666666667,7.581148736711576,0.07225125107181334,0.03308498603178003,6.81544680788103,6.236879708714734,7.642996522644947,-0.017097764795850037,0.007742283536603431,6.878051659195073,6.318025915572284,0.008959883833152667,0.006290438412621099,0.006655389579517367,-0.006666666666666667,-0.0015758453265866661,-0.0008644134903453334,0.0004578345150605666,0.00030593984895749987,0.0036024216433630657,0.005893036556148067,0.0018173596979324334,-0.0002982994772174593,-0.0009990977971548669,-0.9274870333333348,0.023475264224506662,-0.03107624566666667,-0.00034239786975313245,0.18333333333333335,0.19000000000000003,0.18000000000000002,0.18666666666666668,0.18333333333333335,0.0800000000000002,0.0333333333333335,0.0033333333333332347,-0.0399999999999997,0.2333333333333333,0.05666666666666667,0.2833333333333334,0.5166666666666666,1.5433333333333332,2.223333333333333,3.5366666666666666,4.236666666666667,-0.03223228011805503,-0.0195815904928018,0.024171275173771895,-0.0184064839134171,-0.0019859494590770666,-0.0027967007851327666,-0.001373144557436633,0.005474959889133199,-0.04470635389369149,0.003966402336736199,-0.0010554098526833668,-0.0013862394710496115,-0.0038474199321303,-1.0798766660135564e-05,-0.0019237274202061002,-0.0014610599994316893,-0.00015319734402976671,-0.001228394827060748,-0.0011105290958021334,-0.0009100014751813218,-0.00048069012052266664,9.211197951379176e-05,-0.0023414406247205,4.8528735389600066e-05,-0.0011607548747801998,-0.0010386026264194669,-0.0014387309251480667,-0.0114240736786269,-0.008665230203696667,0.0011879944787741667
2005-03-01,-0.007881019954159766,-0.010226574695778366,0.0013063758117833667,-0.0009712378639642333,0.0017101118723956003,0.0031011044466501326,0.0035288864686228334,0.0038101311409173004,0.0012966896510431668,-0.0016858119402683336,0.002283587383825039,0.008944519088025203,0.0025249151292673334,0.0036193517144204337,0.002648622850839367,0.0033317324951103997,0.007402437160147668,0.002042156927173534,0.144799999999999,-10.0,0.0030656496666666678,0.0007466130068032999,0.0012560308425678332,-0.06666666666666667,0.03333333333333366,-0.03621917707646457,0.008703714667895233,-0.012768506271837532,-0.0321103696461439,0.0014085945098548994,0.006846950507958034,0.0013118586983307666,0.0009227959027662665,0.008182256967088467,0.002984120270349167,-0.00039692272869726666,0.00022331398780710003,-0.0014409695716430667,0.0013891915899725334,0.0014552659480658668,0.0010541357076624665,0.0013610854722128677,0.00024582105342216666,0.000721417944046,39.833333333333336,0.0,40.6,7.63343264123099,0.02470265738457327,-0.06766882098248998,6.88292723391485,6.283235458975624,7.651954180029833,-0.012512639773023367,-0.047438740726750105,6.92032359069357,6.314116300806489,-0.012223457357681768,0.0022480223237864665,0.0072760593879100345,0.006666666666666667,-0.00048495827235613365,-0.0004645259647512333,-0.0011956729505892333,-0.0022411309170564664,-0.013703636822786964,-0.015286154544251302,0.0017361511029836336,0.001964544388336867,0.0004436524306482669,1.4738229666666685,-0.0012001689301686666,0.023987167333333333,-0.017913541545008002,0.15666666666666665,0.17666666666666667,0.18333333333333335,0.19000000000000003,0.21,0.19000000000000003,0.08999999999999984,-0.023333333333332994,-0.030000000000000342,0.25666666666666665,0.06666666666666667,0.3233333333333333,0.5933333333333334,1.4133333333333333,1.8266666666666669,2.85,3.4966666666666666,0.008354944082267701,0.004604389481256034,-0.004226621370504433,-0.0007940097118928324,0.0037134321939537667,0.0049017784857371665,0.0031159643270426665,0.025988021872534465,0.07867534538978133,0.0036745124091614994,0.0012105504009542669,0.0036045362534666997,0.002764617158671766,0.0001951014481293283,0.001691511808126667,-0.0008659260173754666,0.001021062352919539,0.0013788368505934668,0.001093794937227767,0.0012527978952817413,0.0008194431156906667,-0.00042833791889939385,0.0028983355348959675,0.00035620679217896655,-2.201983061933359e-06,0.0017260490541085663,-0.0006125575996448334,-0.0001492897401706001,0.005382825139324267,-0.003128571082189734
2005-06-01,0.0034709930863308334,0.0036176750835116,0.0046213192585424666,0.007502215584425567,0.0102500429922774,0.0024582185160752666,0.004542346578661567,0.0049235780211374,0.004589855530980167,-0.0011355862106927001,0.006444702720336233,0.006013364267301,-0.00022403943937373337,0.0025899393349370337,-0.0047319554804617,0.0030296540560164668,0.0018491078184993334,0.0022704001131069996,0.08529999999999893,6.0,0.0057297323333333336,0.0018972216787780667,0.0025026560594891664,-0.06666666666666687,-0.533333333333334,0.022827535244951264,0.004691909411395,-0.0527075284455037,-0.0387572153233318,-0.06278795708330591,-0.006334917637178201,0.0019842888409033334,0.0017928885306552334,0.007035527703574566,0.006982019994493867,-0.0009592332758714333,-0.0002233139878070667,-0.0022048018901461336,0.0020222932419754333,0.0020551064534999664,0.0019931355035561664,0.0021972492462201333,0.0013487848701571002,0.0003524661462889999,39.93333333333333,-0.0333333333333332,40.4,7.626202932019807,-0.026416457218046734,0.028735731733739833,6.907068716415087,6.23402573442085,7.667303186282507,0.05371729176208003,0.0143907239550701,6.929590068001537,6.3068652448808535,0.03939753477638416,0.016595907388457135,0.0017770289861556666,-0.006666666666666667,0.003471692694671033,0.0011918701742820333,0.0022284648948123664,0.0015823686436983334,0.0028782864873358994,0.0013996494683190333,-0.002792861616417333,-0.0010289021478684668,0.0004634262577146332,-0.07749519999999632,0.0020441004340211004,0.015957923333333363,-0.0087551238638013,0.13666666666666666,0.13,0.07666666666666656,0.04333333333333327,0.02,-0.1333333333333334,-0.16666666666666666,-0.14666666666666675,-0.06666666666666622,0.21333333333333335,-0.08,0.14333333333333334,0.39333333333333337,0.93,1.2166666666666666,2.203333333333333,3.03,0.0248261782989892,0.010882505079848101,-0.015514173781905968,0.006568624463221766,-0.0021758127733212,-0.0023333706684166996,-0.0015600529629357998,-0.022372614067663204,-0.0009219885881278644,-0.0076343728992605666,-0.0010384185441297,-0.002778957074543333,-0.0007903596704279334,-0.0003239667526857333,-0.0010563913947893666,0.0002884754254764333,-0.0013209582225718333,-0.0010355481144500001,-0.0009109962853563334,-0.0012527978952817335,-0.0007887375700938661,-0.0009751018083929667,-0.0014415118730155333,-0.0005408800150930334,0.0003772577941237667,-2.666654577900112e-06,0.00020159258753736672,-0.0034496080561959666,0.0013319401436806498,-0.005099359073331167
2005-09-01,1.758781553873323e-05,6.061983800917627e-05,-0.00040957923994429987,-0.0010118215788352668,-4.070039571619997e-05,-0.006485511999698267,-0.000494186740599633,-0.0017102625650991998,0.0005039268014964334,0.009767629767154068,-0.002513111506825233,-0.007697369061362199,-0.014289414047666133,0.0067219235746514665,-0.026167319230346237,-0.0030840590558577,0.008455647747476933,-0.02082342934119937,-0.4056333333333313,96.66666666666667,0.012107493666666668,0.0015954111225013334,0.0016120264422105,0.0,3.700743415417188e-17,0.012788977893465602,-0.009596079798732534,0.01781079235314,0.021310513615264703,0.015164898928898834,0.0537506061776133,0.0015071353777215666,0.000585493428618,0.005839307070509367,0.0037067554927444,-0.0012676071614207,-0.0008947550389800333,-0.0019015073432141,0.0016897707104105,0.0009778573938016668,0.0014463362790208,0.0006849063499352331,0.002114343919144433,0.0012535940904895666,39.96666666666667,0.0333333333333332,40.56666666666667,7.649513784037491,0.0034188333890634325,0.03364197286331993,6.880444456266599,6.315935875102923,7.708944638456157,-0.0031152874727432994,0.0009376471255366688,6.97951444393257,6.372978227599116,-0.009699158808038769,0.011097538525435865,0.0017473355814582332,-0.01,-0.003229577290267266,3.5826646957533334e-05,-0.0036589319912062666,0.0003661985364864665,0.006533729549597001,0.008781191708020964,-0.0004867206105257334,-0.0021022468908699333,-0.0017395211420622003,-0.23629946666666993,0.006498927118170901,0.0037503366666666997,-0.008844762702742433,0.19333333333333333,0.16333333333333333,0.15,0.1799999999999999,0.16333333333333336,0.08,0.06666666666666683,0.05666666666666661,0.056666666666666636,0.19666666666666668,-0.10000000000000002,0.12333333333333334,0.32666666666666666,0.5766666666666667,0.7533333333333333,1.6333333333333335,2.52,0.00015787812104416606,0.007551399226295,-0.0020786837412185336,-0.0172364243560916,0.005289437128534799,0.006754868262598299,0.0074866895919048675,0.0400265500180949,-0.03739131379510321,0.0026232561544545,0.004386055149899962,0.0002753220215515999,0.018211154719895834,9.484078007290005e-05,0.009371785627430766,0.0014491558267867666,0.0011525078123035667,0.004694590533872466,0.006876731588861866,0.004713354257937366,0.002993350354358567,0.0014883412255620027,0.009949128694177167,0.0008558605350614668,-0.0009479988229284006,-0.000689579966399,-0.0008034585349834998,0.005598342401493535,-0.0016614427055300998,0.0032590708108424
2005-12-01,0.005281610754733334,0.006250971288094267,0.0031765302529580997,0.0064206121004559665,0.0033258347061816667,0.009300881565840666,0.0060126828723185005,0.006273928287962233,0.0018540349350454667,-0.0051482397138374,0.004135210925767866,0.019532705185971135,0.013633693749401167,0.004934280915087167,0.017634118575825468,0.0080122445456932,-0.0031253240601240343,0.01187244109642667,0.47279999999999717,-23.333333333333332,0.00402424333333331,0.00016889790039026668,0.0008206125069089333,-0.0333333333333332,-0.133333333333333,-0.021810556434208664,-0.006603781909999999,-0.014500876865702969,-0.007677293146259134,-0.019803079462342332,-0.0634582662147654,0.0014929530009670999,0.0022423620305360333,0.0096240874104299,0.005262797751220401,0.0003760901134697,0.0012296699429571666,-0.0010823553902223667,0.0013444938476438,0.001128683726181,0.0019148803639670667,0.0007313381192073001,0.0024230782735094,0.0005184034222688,40.333333333333336,0.0333333333333332,40.9,7.6342034179318965,-0.05337361560458683,-0.08339074123404323,6.953522812539471,6.212926755840073,7.6820049940369595,-0.007918028669370067,-0.030368516174096794,6.970086713146583,6.308492694691016,0.027437595649527566,0.0222294725547781,0.008093441407707966,0.0033333333333333335,-0.0006297893342956667,-0.0003503571207635675,0.005073816101521167,0.0018013339290341,0.0008126597940270666,6.975759236656567e-05,0.0026814177856626,0.0011361388660748666,0.00018961407673260001,-0.400568500000001,0.009687215854164601,0.0028153883333333313,0.0036566001109959,0.18000000000000002,0.19333333333333366,0.15666666666666673,0.16999999999999982,0.16666666666666655,0.1266666666666665,0.08999999999999993,0.08000000000000017,0.09666666666666685,0.23666666666666666,-0.15333333333333335,0.12666666666666668,0.3066666666666667,0.41,0.51,1.4000000000000001,2.356666666666667,0.0099006915299605,0.020971523631234387,-0.011374337031382733,-0.004617036879012966,-0.003404417967419799,-0.0045417861028459,-0.008799549223287967,-0.04564137279741646,0.0033348022130115693,0.018625318431468568,-0.0045581870067245,-0.0005644576857708333,-0.020512295225897165,-0.0006224120149962665,-0.009779502551837767,-0.0011604305308372334,-0.0011590931328662,-0.005205341385235467,-0.007405412640739967,-0.004887464125219533,-0.003201493661662133,-0.0005615220113768476,-0.010568734907539101,-0.0011477194906381668,0.0007522362112329668,0.0008501174926891335,0.0006018659474460999,-0.008242881086703234,0.0010658286393106333,0.0042318309732705004
2006-03-01,0.007190862668647167,0.006914674194690033,0.003122172334016333,0.0030975623351340333,0.0078326767508816,0.001422533286604833,0.0005612588088815669,0.0002783643625831666,-0.0025253010867321663,0.0010025669268168998,-0.0036570608278158334,0.0101145550880706,0.0025562060692723666,0.004487648946712734,0.0021892259700638673,0.0016598775858681,-0.013054728232890467,-0.004511553851154232,-0.010266666666666655,150.0,0.026950009333333334,0.0017351282186286,0.0023014033586493663,-0.06666666666666667,-0.13333333333333264,0.009021578540743033,-0.03927953915297197,-0.0077748908554699,-0.0028076909097029396,-0.011758567530147068,-0.0158027919719525,0.0021583640435593335,0.0028779291662778665,0.008856526809124934,0.006832455735495399,0.0004929751946107667,0.0012622059110392334,-0.0008300614064916667,0.0020154401212917664,0.0012269482048096999,0.002932156342875267,0.0004475877651071,0.0026451984431421004,0.0003654470239513,40.43333333333333,-0.0333333333333332,41.03333333333333,7.6576121535866575,0.0039683008354367,0.004535217351926704,6.969622587480963,6.269635655323193,7.676302725797754,0.004773351258250167,-0.0020576197023600327,6.968886994634274,6.29516407241832,0.008453264582804201,0.018167492189680435,0.006559787350899566,0.0,0.0015950499552639334,-0.0006387389414606333,0.0013499084845716332,-0.0018620161637317332,-0.0196911807397395,-0.020191128802002037,-0.0012239356194191,-0.0008227637456000998,0.0009296403779111663,-0.201686233333334,0.008261339480143067,0.0003199533333333674,-0.0089181932996188,0.1433333333333332,0.13999999999999965,0.2066666666666667,0.146666666666667,0.14000000000000032,0.10999999999999999,0.08333333333333307,0.0533333333333335,0.030000000000000106,0.17666666666666667,-0.06333333333333334,0.02666666666666667,0.17666666666666667,0.09000000000000001,0.11333333333333334,0.9333333333333332,1.8499999999999999,-7.661954598339969e-05,-0.0033500437370564996,-0.00030563516945469996,-0.0012075224521438668,-0.0006271560332352296,-0.0008021898926354338,1.6738523213330816e-06,4.279896007936453e-05,0.00040011423670689716,-0.024659052589663666,0.0005011276313438669,0.005340491070464001,0.0007639147471047996,0.0008993853716606333,0.0008236857685330667,-0.00029023365641448303,0.0005622049930392001,0.0008324664920594332,0.000703797070265133,0.0006929167165014332,0.0006454313855442667,-0.0006927650722549213,0.0014786488219931003,0.0006269771255353,-0.00018921757776117968,-0.001022405729956,0.000199541061530948,0.0070603226573364665,0.0005025067187526001,-0.004393444680823133
2006-06-01,0.0003304440667027334,0.00016601934031610003,0.0013337972791864332,-0.001355389684976633,0.0020685546185793,0.002189801344294433,0.0021151198284326666,0.003777100683389967,0.0020241715004844997,-0.0004776690571415999,0.0028447659793551,0.008167842123223834,0.0022955105251162332,-0.00039821624117279995,-5.173898884556666e-05,0.0013199982659299666,0.002878013357872367,0.022810654496731,-0.033466666666664396,-39.333333333333336,-0.003356313333333334,0.0011936017236954999,0.0014162065635722667,-0.033333333333333666,-0.16666666666666666,0.0057172666791872355,0.0125986365951265,-0.036480813745175304,-0.02673312051570807,-0.0446196166405201,0.004116972878003135,0.0007318452162862667,0.0003985740383214334,0.009488617114312066,0.00043323808195633323,-3.332114676772117e-17,0.0010358868862117333,-0.0017948761316125665,0.0007980873199138334,8.928856203146666e-05,0.0016020445423289668,-0.0011832838948825665,0.0005584142345409999,0.0002890283504909667,40.46666666666667,0.0,41.2,7.525089055582387,-0.005970308855509939,-0.009132991396036794,6.81240458245017,6.128537989613286,7.561409130103673,-0.06812121888754007,-0.040553504134270106,6.872778679505533,6.208199798484579,-0.0088733956922062,0.013855633371653265,0.008717981536146733,0.006666666666666667,-0.0040063260986341,0.0011438232238773999,0.0005600343232974666,-0.0022286015280513,0.011568286447722434,0.012004342417433068,0.0015137260553472,0.0009167213925775,-0.0038337527192482666,-0.45617009999999997,-0.010620302480197033,0.03629900399999993,-0.027607084820182898,0.13333333333333328,0.15333333333333302,0.0933333333333334,0.11666666666666653,0.1300000000000002,0.11666666666666696,0.13,0.11999999999999983,0.1233333333333335,0.17333333333333334,-0.20333333333333334,-0.06999999999999999,0.11333333333333334,0.08333333333333333,0.16333333333333333,0.9866666666666667,1.83,-0.019161003375390367,-0.007626516286388566,0.018456646960438,-0.012800633484992567,0.00039845497984933336,0.00037634404757456676,0.0018244606296941666,0.0019054742141146007,-0.006705170025465299,-0.022401240336640066,0.00032579745991040003,-0.0031028460304327998,0.001294700127179033,-0.0004125053698616252,0.0001997112961612332,-0.0002909928785278,0.00013303485111866106,-7.541967771766674e-06,0.0003453108372637667,0.00033699165252919997,0.00017542184799523324,-0.00021782741212206667,0.00011630157131719994,0.00026256450157456667,0.0011104618682520667,0.002837947065295767,-8.326602166339846e-07,0.003603347583477901,0.00021191984124809977,-0.0005014982051431
2006-09-01,0.0013700742657949665,0.0011424147504536,0.0028282558447643665,0.00035344277429123354,0.0010062690155928668,0.0006213926235790667,0.00041789930024756667,0.0010521498973821337,-0.001371298856798633,-0.0085958546958489,0.0009310158799292666,0.006128866763479668,0.0008637362608476666,0.001726015237506033,0.0036806072866252333,0.0014993831979550332,-0.0082636032453195,0.008135843307065,-0.03536666666666593,41.0,0.010929044666666665,0.0006776322175981333,0.0010651256780415334,-0.033333333333333,0.16666666666666666,-0.012172756078012636,-0.0037136090889484338,0.015912459744098332,0.0013550154160565,0.02791029763682244,0.011475048721240569,0.0012056262624516,-0.0009011609775845,0.005914950183685533,0.0008216042731714999,-0.0021179033479713,-0.0020750029952818333,-0.002192566104806533,0.0016225469137130333,0.0007261750660033667,0.0014125521653956332,0.00016120845656486806,0.0009948474325902,0.0024240327411379,40.5,-0.09999999999999981,41.199999999999996,7.439508300981077,-0.05205357691842671,-0.023991166541696533,6.782468460818596,5.989751821155941,7.445856718398903,-0.0158760163297501,-0.04752102155162324,6.766545371881393,6.020162004274673,0.0197182273774025,0.016807251775705467,0.0049690949696164334,0.01,0.0008988229002457002,-0.0005520710892934333,0.0032044953068031,0.00037009936326716655,0.0021618041630060356,0.0021553186270672673,-0.004973347908166834,-0.0007940524093435003,0.0036576853169817333,0.2512862666666723,0.016747268979685866,-0.013855889000000001,0.0064413305472799,0.08666666666666656,-3.469446951953614e-17,0.006666666666666571,-0.0266666666666667,-0.06333333333333346,-0.1333333333333334,-0.13000000000000014,-0.12666666666666668,-0.11666666666666685,0.05666666666666667,-0.34,-0.2733333333333334,-0.15666666666666668,-0.4033333333333333,-0.35000000000000003,0.43333333333333335,1.3466666666666667,0.0036056750238708675,0.007446553016698901,0.007226052499043167,0.0007175534208717001,-0.005586449476852833,-0.007389360346499167,-0.005241350233900666,0.0030851854773914986,-0.0448587530930196,0.014642880189771433,-0.002466541448452966,0.0005555564557629668,-0.012984132631605867,-9.096240128500015e-06,-0.005628913880011401,-1.5241962341160495e-06,0.00012994962388732665,-0.0026134582417099666,-0.0031024175605359333,-0.002553018733276667,-0.0016952246681425332,-0.0004664896665399,-0.0065563993099484325,-0.00024448730315966663,-0.0011162556805433667,-0.002015474975530562,-7.081974923332674e-07,-0.0003939842004729999,0.0011330377901650334,-0.0007428808182232
2006-12-01,0.0054015054806383,0.005665483820557367,0.003484039404359967,0.0057243417057956,0.0043993622222183995,0.0029695287436411334,0.003597876715857933,0.003844518887786867,0.0018418421212279,0.0051616439125611,0.0007872369373194333,0.0075791055799729655,0.0021292096916694665,0.00029123482173253404,0.007033422624768834,0.0037591023157830332,-0.010999692150811634,-0.0055852195433822175,0.11656666666666608,-39.0,-0.002868675666666634,0.0023434636407279334,0.0026480184652808666,-0.0333333333333332,-0.3333333333333333,-0.001537281740854532,-0.0009756104525481349,-0.022880251057186968,0.0013495295086667983,-0.04340310690742307,0.008122863672319068,0.0010216077874662334,-0.002003077403827515,0.005396319556286767,-0.0014282953749559662,-0.0026307506170392,-0.0022376454582453665,-0.0033161299537542662,0.0016146871811623335,0.0018654989394519337,0.0019946905711491335,0.001531940336769548,7.945967459183335e-05,9.055920363579999e-05,40.6,0.0,41.06666666666667,7.35798584522223,0.07155231247896317,-0.0452219550510534,6.670670916415396,5.970369578028007,7.36544927425889,0.015876016329750164,-0.00269907007754,6.7010176001483,5.9163137516083,-0.007843262429023065,0.01683043318843443,0.0029046883111452336,-0.01,0.0009258842620093333,0.0007143639719527332,0.0055826021021694,0.0037278203885898337,0.010149853759787499,0.009518180794776501,0.0038622503962072994,0.0005917682293278347,0.00047652355277229996,-0.383757033333334,0.024071471143127632,-0.0241159053333333,0.0137411560918079,-0.0033333333333332334,-0.0033333333333332334,0.013333333333333267,-0.0033333333333332993,-0.009999999999999799,-0.04666666666666643,-0.053333333333333434,-0.06333333333333323,-0.07000000000000003,-0.006666666666666667,-0.3433333333333333,-0.33,-0.26,-0.6466666666666666,-0.6166666666666667,0.14,1.0333333333333332,-0.009666448051601,0.00030556724298948175,0.013692958457491364,0.010900073700859233,0.006213956352157834,0.008207304577376234,0.0054497126671764,0.01815023744244346,0.05937448710855114,0.008162936266599833,0.003449873418910033,3.716101029539442e-06,0.018854950427298765,-0.0005934395851294,0.008092419867050267,-4.620933289899963e-06,-0.0001457361525517997,0.003921603493985167,0.0048430655542531335,0.0035722784443793544,0.0020564127330511667,0.0007779729443520334,0.009264450275210834,-0.00018161271212950003,0.0012721646325593,0.00015088734039546674,0.0011773824332353335,-0.0078839512493142,-0.0011096728715997998,0.004616113163413266
2007-03-01,0.0032971967394382334,0.002331310055941033,0.0009475053110794999,0.0003726839037293999,0.0031268129877866334,0.0025959335749551667,0.0011568364803527331,0.0007041808299156332,-0.0008124636972625998,-0.0030045409197171327,-0.00012199480592273391,0.002766914626708534,0.004439264571392301,0.0069379560372822,0.005207524556619267,0.0026688780760449333,0.019269607284823003,0.007947227618596868,0.010033333333334818,114.0,0.017985446666666634,0.0006954825605613333,0.0007982943133744667,-6.47630097698008e-17,0.5666666666666661,-0.0393412732167423,0.014498501974567165,0.026446936891935835,0.0066668889022230005,0.043403106907422995,-0.015369525884454565,0.0012919771886672666,-0.00020841707912509994,0.005872505463614133,0.0009096230711354665,-0.0010724636570623334,-0.0016129366229832999,-0.00013071895592393334,0.0015837955983138332,0.0019180347691989,0.0012181311879727332,0.002666758625328633,-0.0003974879237211,0.0009192913724280333,40.4,0.033333333333333,41.06666666666666,7.2867714548272104,-0.0984288906123331,0.0,6.623471140402067,5.892850118863819,7.381880731481243,-0.015876016329750164,-0.002721103546386499,6.674770727130306,6.005942058472907,0.0004112455083008319,0.014071374648350366,0.002857777332957067,0.0,0.0018777271084552665,-0.00044572326810643335,0.0005445609614594667,-0.0036502154374173667,-0.0245770183822947,-0.024379610999329338,-0.0006501078870755,-0.009308127919981167,-5.236356412059999e-05,-0.5018303666666667,-0.0022361068542696336,0.018393082999999935,-0.018526031120271697,0.006666666666666467,-0.0066666666666668,0.030000000000000304,0.0033333333333332347,-0.006666666666666904,-0.016666666666666673,0.0,-0.0066666666666668345,0.016666666666666566,-0.02666666666666667,-0.2733333333333334,-0.3233333333333333,-0.24666666666666667,-0.61,-0.5766666666666667,0.10666666666666667,1.04,0.0021694135423472004,-0.00017619993987506738,-0.002642607333048967,0.004307805280653934,0.0005721696406502996,0.0011214773284515336,0.0009847730550480332,-0.007105270125850295,-0.007376341239555701,0.015851558812722533,-8.13745639781333e-05,-0.0023368787083114,-0.00025942766213069994,0.0001384695775455,0.00014126416691513365,0.00048113372599973333,-7.479756032710001e-05,-0.0001461210637087,1.497437109390003e-05,-6.691547014776656e-05,3.485270019110002e-05,2.0671499814966642e-05,-5.612135432200039e-05,6.249523715509994e-05,-0.0001937738701697334,0.00031089130209933333,-0.0003992960440277666,0.007523683784416,-0.0021461455312893,-0.0017993582994929667
2007-06-01,0.0005712200388684666,0.0011962699438322,0.0008263699132016834,0.0012684778220789998,0.0009030185908708663,0.0024998072396116666,0.0017748328255985668,0.0027804297886149,0.0008895238613541668,0.007978610113879634,-0.0014082406611460334,0.003544171977460767,0.0034321210182805,0.0061450558351398,0.0017476335459480667,0.0029337773532421667,-0.001296776307939368,-0.0028170039597839006,0.028699999999995895,-34.333333333333336,-0.013651534000000033,-2.177994416403325e-05,-0.0005859895324219999,0.06666666666666633,-0.43333333333333335,0.03351248665601913,-0.0006242199077638998,0.003821323449202833,0.03977400161699054,-0.028493048367999204,0.006190806614919599,0.0006936114147517001,-0.0010291066139640787,0.005369107621018367,-0.0008228852789903001,-0.0014593150184616002,-0.0016207792811411667,-0.0011787831538079,0.0010267422344641666,0.00027669825130874234,0.0019420364310699,-0.00043257208879173334,-0.000517443931401,0.0008717352489947334,40.53333333333333,0.0,41.266666666666666,7.279784927320836,0.06456895967302646,-0.0028612478971300017,6.564004481862789,5.86593555767799,7.283591844808787,-0.023142835477253265,-0.0360321651589001,6.596102150028794,5.855222532379443,-0.0009569648991021004,0.013520639013657132,0.0056633848508612665,0.0,-0.003934675611999067,-5.815386977956683e-05,0.002368494848053467,0.00023934441161973337,0.013693566151700297,0.013376724996443332,0.002249754887163642,0.007500741430715034,-0.0007671869288721,0.1433056999999942,0.024485467206582165,-0.027801199333333304,0.010841789948881101,-0.0033333333333332334,0.0100000000000001,-0.1100000000000001,-0.043333333333333335,0.0133333333333333,0.18333333333333304,0.1800000000000002,0.16333333333333333,0.14333333333333334,-0.013333333333333334,-0.5133333333333333,-0.45,-0.31666666666666665,-0.48666666666666664,-0.4033333333333333,0.32666666666666666,1.2433333333333332,0.0041347573299569005,0.015085248776328435,0.006659940409787333,-0.030798470385696334,-0.002655251869449267,-0.003937828823960766,-0.0014391142582447665,-0.0015050092035874003,0.0132404681796476,-0.019190316287592598,-0.0009575251045802,-0.00043240747787303335,-0.005737979414775001,0.00044664089280420003,-0.002591421382998767,-0.0003947277744685333,0.0001245999049430709,-0.0011410162413462,-0.0016056296768848,-0.0010490518885187,-0.0005111815152281,0.0009027998674983334,-0.0031646267513828663,0.00013000072164656316,-0.0005539811282973,-0.0008167985576420332,-1.0741773145533329e-05,-0.002982522997993933,0.002135342701837533,0.000789219833730637
2007-09-01,0.0006612271416829291,1.4114664715200023e-05,0.0026980828195845665,0.002327310066566067,0.0042419408766273,0.0009433651929038334,-0.00011110480510036662,0.0006379798807175334,-0.0021430227529292,-0.0090465245831185,0.00012429500641649997,0.005577804680315834,0.0023370229157153332,0.0009871827103049666,0.001126162941952867,-0.00023232033959556665,0.025220199153019734,0.0007183116619465998,-0.18273333333333155,-69.0,-0.01580568233333333,0.0008114300287539097,0.00041280804800736666,0.033333333333333666,-0.06666666666666633,0.0007830857164584348,0.023808881990976968,0.010642261388710167,-0.014059209617735234,0.033541636970664195,-0.0019090093539345665,7.724710659690001e-05,-0.0033931170088478996,0.002851799758606333,-0.004804415805919467,-0.0028653816539255003,-0.0029221644040611336,-0.0027668143043778994,0.0007421281423815,0.0005401570149364334,0.0003691647187415,0.00030135331205664927,-0.0019576173402722336,0.0010789920854215,40.56666666666667,-0.0333333333333332,41.3,7.159853846222137,-0.03303030088140994,-0.0958940241505933,6.46191892126453,5.702894552355807,7.180593214379574,-0.039261011885463264,-0.026934677471763164,6.457860044793224,5.795310952876826,-0.0035065618757610995,0.013694537689755001,0.0035166453251911666,0.0,0.002934468881957067,-0.0007025709419607997,0.003573062093833467,-0.0014901317395959333,-0.015231137380651733,-0.01969696969696973,0.0054878197551466,0.0014180272514832334,0.0002209484801181666,0.3787616666666713,-0.003779126657463834,0.024380670333333365,-0.009229211617231833,-0.10333333333333317,-0.019999999999999733,-0.24,-0.23666666666666658,-0.2733333333333334,-0.27666666666666667,-0.19333333333333322,-0.0166666666666666,-0.036666666666666764,0.17333333333333334,-0.7699999999999999,-0.6533333333333333,-0.55,-0.57,-0.3433333333333333,0.68,1.5566666666666666,-0.013179562488311368,-0.0214463733849488,0.0052767158509434,-0.012239638714733632,0.0029967238095777327,0.0044150755833400335,0.0011656882022762008,0.005847081074954334,0.012553870603386664,0.0008965955279294988,0.0006381760219932,0.0019992017635119,0.0031697976099268996,0.00011159710645893335,0.0015881497208522337,0.0004979926150117,-1.4636948797600111e-05,0.0006981369744515333,0.0010311739636248002,0.0006721678617950998,0.0005756468733444001,-0.00044179252866169996,0.0020024110077197337,0.0002738565066513333,-0.00018220508006194626,0.0004722190550234333,-0.0005813201998356,-0.006173723352755866,-0.0010031101308267335,0.0016350678020995667
2007-12-01,0.0007892895782747001,0.0004795433318669333,0.0007473449895962001,-0.0017702440392390665,0.0012750400221748666,0.0010890268780864665,-0.0010301622295759668,-0.0011149592531776,-0.0040922250346868,0.0005847421947147666,-0.0055746694974819,0.004488257107774733,0.0037084466568613004,0.006564190615251566,0.0024990026520210666,0.0017360090776484332,-0.026436676621403133,-0.005836112560242399,0.0490333333333316,-35.666666666666664,-0.01810276400000003,0.0010932812112193332,6.609302500906672e-05,0.09999999999999999,0.10000000000000031,0.020353873139967567,0.011997867549301933,0.020049974809033734,0.025291373809068596,0.015458720596716866,0.03509889913738937,0.0007088712815636333,-0.0018309660096917665,0.005484448928108033,-0.0038495151400361333,-0.0010899984279391334,-0.0017196942700087332,3.3393426912553537e-17,0.0011902777100421334,0.0006395186763678666,0.0004301760687313977,0.0011169330904869333,-0.0015663623015271999,0.0014481417170906666,40.56666666666667,-0.06666666666666667,41.199999999999996,7.057899162831434,-0.10212473515464342,-0.07486045536128012,6.392910537781013,5.522452550728217,7.0799715295154435,0.0,-0.059456327492713464,6.37793403523991,5.635299417186549,0.025452140127420364,0.01587725646665857,0.0062720908500833,0.0,0.0005339058799638001,0.0005373655622958333,-0.0014283990921863,0.0020417811839405,0.023715186444314335,-0.0901946000287231,-0.004978211577681367,-0.0019882323845337,-0.000469923241545,-0.12172270000000168,-0.004009446908009199,0.024392610666666665,0.0014702871610442665,-0.2333333333333337,-0.14333333333333345,-0.2966666666666668,-0.2733333333333334,-0.29333333333333333,-0.23666666666666666,-0.14,-0.08333333333333343,0.020000000000000295,0.31,-1.1066666666666667,-0.93,-0.8766666666666666,-0.71,-0.23666666666666666,1.0333333333333334,2.013333333333333,-0.012902617033976169,-0.007603510728562732,-0.0003800553970608328,-0.008083992413545267,-0.0045536633392007,-0.006078511250536301,-0.0021607616405914273,0.0011114860611923679,-0.04336749133810516,-0.0063185397021629335,-0.0004449256141632999,0.0013717193640502001,-0.0020059872511363993,-1.0491197548300008e-05,-0.0010571015846168666,-2.966290616666662e-06,-2.9193004573100003e-05,-0.00035411164145256684,-0.0007154584346332331,-0.0004740219669049665,-0.0005113915388873334,-0.0005564808963984001,-0.0009597944035689334,-0.0003621959675763496,0.0003480298161934667,0.0006158247799614333,-0.00038402462004843334,0.006282651101985934,-0.0006881321688272333,-0.003959430971025733
2008-03-01,0.0011332767998617668,0.0005464020375717001,-0.00037933229884409993,-0.005976565724533134,-0.0013859106166502332,-0.0027016668025936336,-0.0033437245718330668,-0.0027943587021041667,-0.0060164658196434,-0.019106409189337068,-0.0018845065405646002,0.003859312768378567,-0.0020003990136456,-0.0019192607192526666,-0.010386773822001566,-0.0043627002948379,0.012073137965597164,-0.0009727043398667321,-0.3406999999999984,-106.66666666666667,-0.018121009,-2.165725659673324e-05,-0.00042641643892573337,0.03333333333333314,-0.03333333333333366,0.012634611180800169,0.021854626372248567,-0.0013354718718127992,-0.0025586479573679343,-0.00025185746066586773,0.014242376209327431,-0.000332547777100928,-0.0024060896040254665,0.007606366425902933,-0.003759438345902267,-0.002166327436947633,-0.0024225751207964333,-0.0017243704723644334,5.7255568960912536e-05,-0.0010414126501748667,-0.0013538555889868002,-0.0013924454407299666,-0.00048344219254893334,0.0009966018862398332,40.5,0.0333333333333332,41.166666666666664,6.968981673915423,0.02716434475039357,-0.007273015798213332,6.313354708477026,5.474555094279907,6.9311508875287835,-0.053021564876563204,-0.07984986223377323,6.28378721494715,5.374862312300216,-0.013319499566353666,0.0161524644964164,0.004418839028452567,0.0,0.0016096914533771003,0.0015282798500534666,0.005047061231417466,0.00024686395750940043,-0.0069688949397711,0.8156407796160098,-0.0007584466462988998,0.0005238999721896999,0.0009146852337676333,0.09634213333333734,-0.038734686061552004,0.09142811666666663,-0.022104080991784403,-0.5433333333333333,-0.6866666666666666,-0.58,-0.5833333333333334,-0.5733333333333334,-0.33666666666666667,-0.19666666666666632,0.006666666666666502,0.07999999999999981,-0.03333333333333333,-1.1333333333333333,-1.0866666666666667,-1.0766666666666667,-0.43,0.48666666666666664,2.28,3.5733333333333337,-0.03956080168722426,-0.03659868270986757,-0.002422684234345733,0.00026600167662640023,0.004219082968002833,0.0052965324865415,0.006556217423528767,0.005299804267921166,0.04424819009004436,0.034363455707762135,0.00022593949659876664,-0.0031351859750937336,1.5997414738389373e-05,-0.0003545145715308999,-3.633438330666687e-06,-0.00026208528416896663,0.0004723506277706211,0.0002516127200656647,0.00030055374916283334,0.00026527436564399996,0.00018286033713186666,0.0008978962254773667,-0.00012136510346456668,0.00015058984646316127,0.0001631996025614,-0.0004859293441422,0.000947239436342458,-0.0003823477992407516,-0.0022356480235560666,-7.613570584563371e-05
2008-06-01,0.0047924880108147,-0.0049787292152926,0.0005434454464499,0.0006212562220410003,0.003301326148544467,-0.0052255251964266995,-0.0062545023643204,-0.0046684142993124,-0.004810801668264433,-0.008999888290099801,-0.0035375354938989,-0.007441912323189766,-0.0041437601237331,-0.0057665623931194,-0.0119649347726849,-0.007917908865845332,0.0019023648620238333,0.0014603199809432,-0.5448999999999983,-131.66666666666666,-0.031165318666666664,0.0008759953260550958,-0.0007972873200211668,0.1666666666666665,0.2000000000000007,-0.008369641036960668,0.05764972317618843,0.052166413899084496,0.04504513790459027,0.05832936876762284,0.017727787263284635,-0.0013504635770514668,-0.005159704114406066,0.007764399711167734,-0.0088018429899617,-0.0038314598085780666,-0.004077166563015167,-0.003408551003919467,-0.0006418248139876333,-0.0029663485860857,-0.0026169526356032333,-0.0036787328409341336,-0.0012926175513262,0.0010972726397149,40.36666666666667,-0.06666666666666654,41.06666666666667,6.917928077019849,0.2396332255541198,-0.007435252504766497,6.199321879342953,5.394195244474254,6.96391196774987,0.32333163694867323,0.046696264390229836,6.186248058369486,5.453220370703673,-0.008052733278050934,0.0079446673091941,0.004106556576669334,-0.01,0.0006703385491381667,-0.0020791237792797,-0.003009697069660533,0.0007856824474157999,-0.0079111947773649,-0.6526653408973534,-0.003329199366820733,-0.0028654250367013997,-0.0013905594390900666,-0.8305908666666748,0.006097050441996234,-0.0027934806666667367,0.031010822661555068,-0.20333333333333334,1.0177044392397268e-16,0.20000000000000004,0.2166666666666667,0.29333333333333333,0.33666666666666667,0.19666666666666668,0.0566666666666665,0.060000000000000366,0.59,-0.45999999999999996,-0.25333333333333335,-0.013333333333333345,1.0733333333333333,1.8,3.513333333333333,4.903333333333333,0.0079690253532932,0.019777419829945398,-0.0058974798736193,0.004522640972879867,0.0023281716283749337,0.0028566284681129338,0.00031337084190999993,-0.006132997632833834,-0.011945594797370333,-0.033359469055554335,0.002284025634806967,0.0008144938691202333,0.0112095603938946,0.00020708175956556663,0.0052718667186345,-0.0002626154001402333,7.510975028066673e-05,0.0024254680463865,0.0035094643623739333,0.0024176868506744333,0.0014567715345534,-0.00011035178986863339,0.005793839944856767,0.0002137262283220899,0.00016332163702229997,-1.4792562756953594e-05,0.00036991346763330006,-0.0051961571689662,-0.001516212180155467,0.0017747360808678331
2008-09-01,-0.007291498702405967,0.00026269878662193335,-0.0038702786205977,-0.0165568057451679,-0.008725120838098134,-0.021773362303493134,-0.01566796699860053,-0.0171734879391456,-0.010488296822103968,-0.025736525951610165,-0.0060532068776962,-0.040098305134956234,-0.0287709970436044,-0.016400001716985933,-0.035169113813770636,-0.01958212576384,-0.013972155687334,-0.03599643370895297,-1.3706666666666711,-202.66666666666666,-0.035758331666666664,0.0005546869619562334,-0.0015152947960832667,0.16666666666666666,0.5,0.0113085891297533,0.0020933247885839327,0.0729822114517873,0.05965004524400366,0.0838889586780583,0.06373234482477723,-0.0022735641591999332,-0.005951140764672367,0.0074961515503172,-0.0079029209625254,-0.0056551310901511,-0.006668862069904633,-0.0039192288785662,-0.0015984621026306333,-0.0035307418928855997,-0.003059349161352,-0.0036449375612488664,-0.00255958354385,0.00029594118633547367,40.166666666666664,-0.13333333333333322,40.800000000000004,6.758362023119036,-0.2425444522103698,0.01709776479585,6.012937958071913,5.177235203440777,6.753639604844497,-0.41541609582472305,-0.04921199960202333,6.098516693490296,5.207834515899866,-0.021029513378091867,0.0029549101754581335,0.00042197302215463313,0.02,0.010018523216124566,0.0020259895824092334,0.0033249322214743333,0.02137948951842687,0.2777357120173199,0.12607629354823272,0.0021990510970140665,0.004587283289839733,-0.0005096733773513332,0.797434999999998,-0.0324180954785748,0.07671341966666656,0.013892951562467297,-0.06333333333333334,0.06999999999999985,-0.2433333333333333,-0.17333333333333334,-0.16999999999999985,-0.20333333333333334,-0.13666666666666663,-0.009999999999999733,0.07999999999999974,0.8566666666666668,-0.4466666666666667,-0.12,0.18333333333333335,1.1666666666666667,1.9233333333333331,3.7133333333333334,5.266666666666667,0.022703940886790865,-0.0010629702826513675,-0.02997297368459383,0.013368541819076402,-0.0039114657186013,-0.005280429670704901,-0.007414969882125268,-0.0270725813312869,-0.06043151020788127,-0.0199744903083016,-0.003189664165830933,0.0002755664695423332,-0.0127967210812443,-0.00014163216040596668,-0.00557512060467,-0.0006093127259309333,-0.0014889504837395668,-0.0036752324505921,-0.0047025226764488,-0.003386223689690967,-0.0021324669990934668,-0.0007351994346832666,-0.0059916701636867666,-0.0010350457434595334,-0.0007004688940529,-1.6088218919433114e-05,-0.0009428313224345,0.0031807692659810995,-0.00016060882747243334,0.003361567049010967
2008-12-01,0.0024554149257216334,6.278861375596616e-05,-0.0025071424639264,-0.014157730764354767,-0.033071375975170035,-0.010609840402509901,-0.013108132574794868,-0.007237311508908666,-0.008844523952014667,-0.037388713599368,-0.0010916285867574663,-0.0015758958280768006,-0.008003888149708566,-0.047486352964158464,-0.017806742642788666,-0.021901453820503566,0.0177011398638651,0.04518469540127484,-1.450166666666668,-25.333333333333332,-0.020206599333333335,0.00018325383812366672,-0.003945338921781734,0.39999999999999997,0.43333333333333335,0.0445250940369341,0.0473266506949829,0.07544585417007117,0.06374851833418917,0.08426445128824622,0.06505656642393437,-0.004700462142017934,-0.012591656801561733,-0.006095196840307166,-0.016639807214308668,-0.010852899854307633,-0.012466686327709168,-0.008118736382575834,-0.0032812169907186998,-0.0063388022122131335,-0.006663490698623267,-0.006579965359322833,-0.0043514575263851,0.00028090096946853334,39.63333333333333,-0.19999999999999998,40.13333333333333,6.487807232007829,-0.1976879073343234,-0.19073152338076016,5.844033031644806,4.96604863070308,6.45258172552542,-0.12215431676830026,-0.15066170791435327,5.766943591263394,4.967979273858007,-0.07119660262737854,-0.009826199334904468,-0.014027466966628202,0.053333333333333295,0.005950952239084667,0.0044666310006125,0.025365928560845564,0.024573500307808832,-0.170351570069361,-1.131922738129854,-0.007362245598255435,-0.004063977197517935,-0.00024959096561616667,0.606184833333335,-0.1089858928127746,0.28814187700000005,-0.03515100386272307,-0.5499999999999999,-0.6066666666666666,-0.3666666666666667,-0.44999999999999996,-0.47333333333333333,-0.4533333333333333,-0.42333333333333334,-0.20000000000000004,0.373333333333333,1.4333333333333333,-0.21,0.22333333333333336,0.48666666666666664,1.6733333333333331,2.7466666666666666,5.31,8.333333333333334,0.008946299594151998,-0.051656719498366165,-0.06353381417426424,0.051149477535795795,-0.007506665585410133,-0.009862904251345533,-0.013848909081886502,-0.0002577761042082359,-0.07375834555622444,0.0008969388101975987,-0.003040777117918267,-0.0017755475946973,-0.017227993996879267,0.00037908707474380003,-0.007880283382523466,9.942479410531952e-05,0.0001873710623788033,-0.003248900209050534,-0.0042260007303859,-0.0032758373173813996,-0.002144804860116967,-0.00032047511425610607,-0.009212331554557201,-0.00018179088176553334,0.0006702009310518762,0.0011737478992312333,0.0003676560945100667,-0.0056018521239996,-0.0021583944827826664,-0.012504785536263769
2009-03-01,-0.007793487938330399,-0.013250208457974333,-0.0012366969680611668,-0.012030478573821099,-0.0023611113299353997,-0.015654318824983766,-0.016904506880763066,-0.016317031448733,-0.0096248748131365,-0.033270523589215,-0.003722253666693633,-0.027661205511548367,-0.014331760083794734,-0.03300454122842444,0.0003041042586678991,-0.017427178020992834,-0.012373813258942767,0.004949059121787633,-1.0737999999999992,-204.0,-0.030004722666666633,-0.0011269878735458,-0.006247337382461634,0.4666666666666666,0.3333333333333333,0.020840118993778096,0.05471570195728564,0.0860363249894693,0.10148563572973392,0.0741256580146716,0.0520161912451122,-0.005872845384075066,-0.018540631728023733,-0.018540592922576597,-0.021045576134380198,-0.0172043400819497,-0.020961602725314197,-0.010974053995855867,-0.0036755825748334,-0.0060225534123876006,-0.007191498941031867,-0.005733486460896934,-0.005835670699939333,5.910689497433332e-05,39.13333333333333,-0.10000000000000002,39.53333333333333,6.261811422703823,0.0155066718782999,0.06496677966693995,5.617692094114697,4.681865187185843,6.288473534071773,-9.25185853854297e-18,0.007843499136733401,5.6335370096744235,4.66148095921307,-0.05745686649088747,-0.023133955350907332,-0.0138173920364141,1.1564823173178713e-18,-0.016158791032339134,-0.004620850421022233,0.0055783249788454335,-0.030354645632720334,-0.06469055930782867,1.0886499301469035,-0.0011370801486571668,0.0007007734809825666,-2.744738882513333e-05,0.9786181666666683,-0.0492034532874056,0.1213370966666666,0.0456920988394294,0.006666666666666668,-0.15666666666666665,0.060000000000000005,0.05333333333333334,0.049999999999999996,0.10000000000000003,0.13333333333333322,0.15,-0.0033333333333331514,0.6133333333333333,0.03,0.20666666666666667,0.3833333333333333,1.58,2.5533333333333332,5.09,8.03,0.0043846908919727996,0.023203287871743864,-0.0157140451815052,0.008219667677533633,0.003283280432006833,0.004470248916496132,0.008907053776948068,0.012618555900385965,0.1799365372816577,0.022962904624352964,0.002426611504269567,0.0034361244474388,0.013352365336507068,-0.00040232162002529995,0.006360387346058867,0.0011717345727998666,-0.00010245472534539995,0.0029536392770017667,0.003461117545153167,0.002618069285295133,0.0015011537737491668,0.00027513990375606655,0.007733825635632433,-0.00027770175645823334,-0.0001762653453955999,0.0005809565548164664,-5.329125783599996e-06,0.0026231702706945334,0.0007021648973832324,0.010612150134479132
2009-06-01,-0.0006408606389652002,-0.0031206409492039,-9.993384454386668e-05,-0.0029897744151548664,0.010091915662136667,-0.006989712322755633,-0.008275956746530833,-0.0100632745567995,-0.0068593568680131,-0.0173445675925894,-0.004323724501869133,-0.018824587284774666,-0.0054474528698424994,-0.015270733851813502,0.009068585109784399,-0.0065046032950011,-0.010035006689479433,-0.0019226802633388336,-0.343033333333333,-10.333333333333334,-0.0061824010000000006,0.0012584373862463,-0.0016576692897398333,0.2666666666666669,1.0,-0.03560151974335333,-0.0057092986939437694,0.09542648608648223,0.0947492033343823,0.09607291274562853,-0.032364699481637636,-0.0037571697856500336,-0.014266501507706865,-0.020208207272144865,-0.015231764013592502,-0.013469564346090467,-0.017922057456528268,-0.006321715359921567,-0.0020070069546065,-0.0036234420827441333,-0.0057073681867514,-0.0021217191971937333,-0.004572661570880566,0.00023632282686673339,38.96666666666667,0.06666666666666667,39.43333333333333,6.277597239760547,0.06412396421581687,0.026680902557843434,5.557189536765168,4.807194119828833,6.325037756846387,0.010753620739406796,0.05027429657819333,5.6730773783536,4.72988795385106,0.0016135148336857668,-0.014276636718228401,-0.012483764202354933,-0.02666666666666667,0.0059249625332196,-0.0022833795895831335,-0.0007017279465439001,-0.0354085397153803,-0.07106146661320197,-0.1392673388205777,-0.0028494873881053334,-0.001564053934675533,-0.002767982555091333,-0.5705179666666603,0.06715628222478466,-0.2786589583333333,0.19446018995222034,0.01,-0.08666666666666667,-0.01,-0.036666666666666674,-0.043333333333333335,0.29666666666666663,0.3,0.036666666666666764,-0.3066666666666665,0.22333333333333336,-0.006666666666666665,0.14,0.34,2.0533333333333332,3.133333333333333,5.333333333333333,7.803333333333334,-0.0222463744307594,-0.004252652561065767,0.04808741615320947,-0.0385500269020806,0.009149130290438465,0.012040064620466731,0.0096054915367537,0.021401728360542535,-0.013153581682530302,0.015429406610549498,0.003084376798904633,-0.0006716668951959001,0.0197945858412624,-3.73622312220334e-05,0.007539783619012734,0.0008795712754065,1.8071943119766674e-05,0.0034871146321787667,0.004880697284996234,0.003299512523502867,0.0023405905731432,0.0007913810958408999,0.007988353256422467,0.0007531112834306001,-0.0008430669271522552,-0.002668648384122733,-0.0001858359765713294,-0.0007123985691505,-0.0012351466264319334,0.004466452169037167
2009-09-01,-0.0010395344087949668,-0.0026421728207737666,0.0010019787628395335,0.005472875005129466,-0.0013522230447762333,0.010491593815268966,0.008300334644105766,0.010325618323840633,0.010377339024871333,0.051742494420712604,4.341314121913371e-05,0.009811206558643698,0.013373969199087133,0.028130630269112434,0.0067978440570071,0.0123772088162089,0.002880170806031467,0.0028294891947634342,0.8759333333333363,-5.333333333333333,-0.0014968286666667333,-0.0019208612956411002,-0.0028476611985474667,0.1000000000000002,0.8999999999999998,-0.030583990179918568,-0.023603401228482635,0.023204554892153898,-0.060620982125153405,0.07790355135252673,-0.029548755032609033,-0.0019393697164625668,-0.006860270128903733,-0.010636937427017934,-0.012603575318471167,-0.003806621314295667,-0.0045409498451309,-0.0026513617471065,-0.0011417008846835001,-0.0026454094118447667,-0.003544030928931433,-0.0021931496736519334,-0.002095501587607,-0.0018507461614601331,39.266666666666666,0.10000000000000002,40.0,6.37727031872384,-0.06412396421581686,0.0031898170053835002,5.681152029475083,4.81421430940261,6.40787554559635,0.03512017188594343,0.0162633880564768,5.72194576425098,4.83870991778764,0.024065813884867865,-0.010546610045827466,-0.009787362031799399,-0.023333333333333272,-0.0074217475989841,-0.0004533512446975667,-0.0015694287862905668,0.03478500625388894,0.07205826650667824,0.08508162768225934,0.0012010789937990666,-0.002702825602274433,0.0027523559982849002,-0.05853593333334132,0.04011254458735356,-0.15835807133333332,0.19956229497774366,-0.02,-0.043333333333333335,-0.019999999999999966,-0.03333333333333333,-0.03666666666666667,-0.11333333333333334,-0.10666666666666673,-0.16,-0.39666666666666667,0.12666666666666668,0.0,0.09000000000000001,0.29,2.31,3.36,5.11,6.503333333333333,-0.013146357854518698,-0.0189513657049781,-0.0009380486634398664,-0.013528426705026136,-0.006972944563864967,-0.008778789400000599,-0.0035377486635974655,-0.018408263795470198,-0.062147079326200665,0.0130873040890771,-0.0021121114628683004,0.0008417362423488332,-0.013041652082806098,0.0003914193904611727,-0.005516276599905733,-0.00022364976172243277,0.00017436988706270002,-0.0024362928877905,-0.0031858332242030336,-0.0022840344653006334,-0.001436268986132,0.0010648143819554335,-0.006797829061466867,-9.298598451044488e-05,-0.0005029771662590422,-0.0025091816611822666,0.0010827327593043,0.0012078380306300325,0.0011425260481801667,-0.006848321280754333
2009-12-01,0.0012083881757097333,0.0017417337596678003,0.0018760806154700333,0.0052485488019915665,0.007367358096093533,0.0032581506108500333,0.0014401466409357667,0.0008857495433499666,-0.0015717405834611336,-0.0012403111143782005,-0.0015913237008025334,0.006738022967679066,0.005570959427756699,0.008673082842449267,0.005642364308786033,0.0031005101346342333,0.0176382503094968,-0.0166313982515532,0.28916666666666396,27.0,0.0014627246666667002,-0.0015551485940203667,-0.001938613014256533,0.03333333333333314,1.0333333333333334,0.004428969585996039,-0.02933307392049993,0.016750444341489867,-0.023259729864374634,0.036077417616712765,-0.040061057986425404,-0.0011254040286511136,-0.004690718459588767,-0.0012995468052189334,-0.007750254440101266,-0.0033268519449939997,-0.003982977687843533,-0.0023001389729007,-0.0005559545643987999,-0.0029262040671090665,-0.0027060758864738336,-0.0022635788013012,-0.0011172714684265,0.00045994413784276677,39.5,0.13333333333333333,40.43333333333334,6.340624514570247,-0.015506671878299896,-0.026416457218046734,5.678936588023578,4.71508387318097,6.433671951538123,0.12220842493063316,0.03320994698294653,5.742562019651904,4.780530672476573,0.005188017454506966,-0.014159654433706,0.004075644075829933,-0.013333333333333334,0.0009528627576521,-0.0001288220650531999,-0.0002977519924047334,-0.0169006815399122,-0.0361297574642778,-0.06276765897960851,-0.00013418721905546707,0.0016831411192376328,0.002777267961059,-0.1885450333333267,0.020372042805965034,-0.08994621266666668,0.07781247493373263,-0.01,-0.01,-0.023333333333333334,-0.013333333333333334,-0.01,-0.010000000000000004,0.06333333333333334,0.0433333333333333,0.020000000000000132,0.08333333333333333,-0.06333333333333334,0.04,0.22999999999999998,2.18,3.34,5.08,6.206666666666667,-0.0028996896563177332,-0.004870256817889967,-0.001986754066341566,-0.0087112155610725,0.0017100261974173335,0.002362749445061866,0.0007339940731269336,0.013064906220985934,-0.008949815701390362,-0.011179704909076863,-0.00046966143734623335,-0.00029867306098553336,-0.0024130237898819,-0.0005403446896338333,-0.0008470944647062667,0.00016509951916830021,-0.0002136099062365,-0.0006586907421232668,-0.0007710879463758332,-0.0004650892094352666,-0.0003450242401567667,-0.0016353058438648334,-0.0007110329882819001,-2.2367777088566768e-05,0.0001672940227504333,0.0026512430094291664,-0.0016335453330006665,0.0006395042172115669,0.0004442891246826001,0.0030974380541920663
2010-03-01,0.0026879203887629813,0.00026137783503386657,0.002224060806448167,0.005439257730765,0.007662056314107599,0.007083431695649601,0.004556112152372133,0.004623843016538567,0.0006222083633155333,0.003333724397230967,-4.2328350115366466e-05,0.009490483612455433,0.0102056276784979,0.018705621505731965,0.005497692656924166,0.007273215723804967,0.001119491612354799,0.008602794199368267,0.5939999999999989,37.0,0.002046019333333366,0.0018302359823642667,0.0017776920629461665,0.0,0.6333333333333336,-0.012985589147071432,-0.0160995097280132,0.0093745716471834,-0.021578399103628864,0.022270852946214465,-0.010638273183413233,0.0001463378965483619,-0.0023514681260958,0.008833729847767166,-0.006970140476855867,-0.0007567822554434667,-0.0002863278629885667,-0.0014924284314699332,0.0005411015277670333,0.0011326971111736332,-0.0019216622724478,0.0019302315507190688,-0.0015531998073854668,0.0005333334471106667,39.86666666666667,0.03333333333333333,40.800000000000004,6.426255896474026,0.010417514501370134,-0.0034542623451801293,5.758209243404063,4.88703498943464,6.4881684061507165,-0.11281813260839997,-0.002886020914369967,5.78898072004309,4.9924754101005435,0.04213366601133586,0.0040240644657482,0.004276131624326433,-0.006666666666666667,0.0004290734143441325,3.542486593313311e-05,0.00043377865551799997,-0.005921256867577433,-0.010992156748405627,-0.023092798643550332,0.0027436923753404664,0.0010782948869897666,-0.00024816087032889997,-0.5259536333333407,0.012280221676262434,-0.03880027200000003,-0.18047118883724866,0.013333333333333334,0.013333333333333334,0.03333333333333333,0.016666666666666666,0.01,0.030000000000000106,0.04666666666666667,0.0033333333333332668,-0.033333333333333465,0.07333333333333335,-0.02666666666666667,0.049999999999999996,0.2333333333333333,2.29,3.5833333333333335,5.16,6.153333333333333,0.01160671142561803,0.0028236279107499997,-0.024901827514980896,-0.009888683047506766,0.0013009995783796666,0.0014083552453877004,-3.273726059396595e-05,-0.0038708341491530338,0.036928761691518035,0.0074744426255327345,-6.290930296696672e-05,-0.0010896155502697331,-0.0015258783161315335,0.0006369179711658667,-0.0006508296656736002,-0.001334042516202954,0.0003844178007688666,-9.971939682440392e-05,-3.754936264236666e-05,-0.00011311180171259375,0.00027656155546676664,0.0002701823174356666,-0.00014492235720516664,0.00041485312299193323,0.00033118068629256654,-3.4012210759999445e-06,-0.00018052171214743336,0.05975818403950417,-0.0010985496893211333,-0.0051381338456361675
2010-06-01,0.005741850571418134,0.007130778014549433,0.0023188158130515667,0.005119390362313667,-0.0004445914515738001,0.006473911399917901,0.005059729527813133,0.0045281703103255,0.0026992711535370664,0.010553752092543634,0.0006121067095357331,0.011624338546427302,0.008140700367953566,0.013914888691667265,0.005569032497021999,0.006907748997380534,0.007870576639261299,-0.0009354167971021666,0.6008333333333353,40.666666666666664,0.005764200666666734,-0.0007326248465133999,0.0009356158892609,-0.16666666666666666,0.9666666666666677,-0.010516890915112603,-0.013949036645166535,-0.006669112087825766,-0.03567429365783307,0.003949013380326033,-0.0069838708285926,0.0016489135198748666,0.0016947274105891333,0.010351667989372834,-0.0012666259699253,0.0026123435690928666,0.0035143033405482,0.0011944768287642,0.0016417036933855332,0.0005173025079182682,-8.056844173335046e-05,0.0001667152954354333,-0.000909386728375,0.0032701663138171677,40.46666666666667,0.06666666666666667,41.166666666666664,6.394885213214547,-0.015750961616850134,-0.044510464208176635,5.748590599132233,4.700288976021899,6.3953881720658705,0.022379767612539934,-0.056740383286623335,5.7186647101665296,4.768947129016257,0.006378401052325333,0.0027048061857937998,0.0046587646619104,0.0033333333333333335,0.0018002401775367666,0.0008911723174543999,0.004307019461669133,0.0040139725976829,0.007693440215270499,0.004371742950007266,0.0019406080194365662,-7.864372374596672e-05,-0.0017771743288606664,-0.7040409666666673,-0.0204918804514686,0.04419476099999997,-0.17272055864684566,0.006666666666666667,0.07333333333333333,-0.01,-0.01,-0.02666666666666667,-0.14333333333333334,-0.17666666666666667,-0.12999999999999987,-0.013333333333332873,0.20666666666666667,-0.04666666666666667,0.023333333333333334,0.18666666666666668,2.06,3.296666666666667,4.8500000000000005,5.983333333333333,0.017917120726761666,0.00032980394415256693,-0.006482244555811467,0.004756207846424199,-0.003363240333215433,-0.004450304297034639,-0.0036641294233431,-0.013072412561201065,-0.013639986605174006,-0.03890899329498654,-0.00025006537454163333,-0.00018335115940716675,-0.00036491602382890013,-0.0002748206020326334,-0.0004911825731429001,-0.00026926504904170004,-0.0001497646554951422,-0.0001720746444385301,-0.0005281161890658333,-0.0002505096542728526,-0.0006095826106375,-0.0006503515490828334,-0.0009931933082520104,-0.0004843277658714666,0.00016350157120573802,0.00043168417688536665,1.0690384548000624e-06,-0.05922660852903656,0.0025591358454413334,0.00019273736956826673
2010-09-01,0.0021704083750896997,0.0017649600728841999,0.0020308747025466335,0.0029301194818138333,0.005340882779575367,0.0034279636831249668,0.0010190442328636333,0.0014288815498888334,0.00015987486711179985,0.003472485710052668,-0.0007446194995731665,0.004785515867225067,0.006169959737210733,0.0065642641687037664,0.0021818555321437,0.0023904374962301334,-0.0035076962861824,0.0033874648905167005,0.293333333333332,39.0,0.0022104959999999997,0.0007780898726128333,0.0006103320115258,0.0333333333333332,-0.366666666666667,0.016482213562829532,0.015362751780498826,-0.01739926076837803,0.0010200372258649323,-0.023994922507578533,-0.005105862046723534,-0.0004268082106039261,0.0004692325070779667,0.010685321726088931,-0.0009076886792443332,0.0005777509607115,0.0016493518724563332,-0.0011196964956780998,-0.0005680508359997334,0.0008015927018801667,0.0006316299796278,0.0004834656771546,-0.00021688681442753334,-0.007306106753797867,40.46666666666667,0.06666666666666667,41.233333333333334,6.361586631074336,0.04045361900142346,0.04102003091907667,5.6447951153806235,4.825277616139903,6.352536736417716,-0.04143257222585666,-0.006944695634280067,5.668555619033287,4.763357925488673,0.027992086824769568,0.0063708970101614,0.009428135019118001,0.0033333333333333335,-0.0008454323112427999,0.0004370753911319668,0.0018325409210806333,-0.0038345975723149666,-0.007978709473916566,-0.007598738059409134,0.0012846077581437352,0.00030280729049063354,0.0008173290167832,0.067954000000005,0.011705594350421669,-0.0138945566666666,-0.09860533757698574,0.0033333333333333335,-0.06999999999999999,0.01,0.0,-0.02,-0.19666666666666668,-0.18333333333333343,-0.11666666666666668,-0.1900000000000003,0.11,-0.03,0.006666666666666667,0.08333333333333333,1.36,2.6,4.3933333333333335,5.59,-0.03934246712066117,-0.024555094310631336,0.018077048977972732,-0.0014810546275319334,0.0022321699663851668,0.0030129678799521997,0.0032792955374407666,0.0049943515559529,-0.013365143227468667,0.0289093786704952,0.0006776097294617667,0.0007694365508760666,0.0031925947660438668,0.0009635526355280333,0.001903867157087,0.0007829021378752667,-0.00012061055347343333,0.0005943246854567333,0.0010176292877766104,0.0006574062353674855,0.0004715617776520334,0.0007872214994732,0.0021214869512518665,-0.00010896913779311116,-2.9191980572000433e-06,-0.0011515401426980666,0.0014288963498770334,-0.0019624234684207,-0.0013816702663647666,0.004836288801417833
2010-12-01,0.002734688159119833,0.0036149575255161,0.0021344376693764,0.0032586527628749,0.008950459351605466,0.0026399358346624667,0.0019095275122082108,0.0018751000559730335,0.0019855969154939893,-0.004468387839503767,0.0036292000812302,0.003956805699709197,0.0034426782094201997,0.006931864452999,0.0004919490801104329,0.002313551732001667,0.01633347739133367,0.004139509632494733,0.273733333333335,46.666666666666664,0.004326615999999999,-0.0007043209988708333,-0.0002272479997499333,-0.06666666666666653,0.4333333333333347,-0.015242132767504595,-0.014309232150887134,0.003724871633166267,-0.025857438262478865,0.014085111059814666,-0.02538183242215553,0.0012456684175395666,0.00015001500403203334,0.0068730957342451006,-0.002066624660153333,0.0008647531657282526,0.0014540701779091666,-7.478033308613338e-05,0.0014183161190886,0.0012596264557735843,0.0013274695324577666,0.0005589277290466,8.677166086573337e-05,0.0002845610818400334,40.6,0.0,41.3,6.295870228502061,-0.06268407716764669,-0.11145639547481008,5.590899309984294,4.710491305984647,6.36706171341912,0.16929337117874346,0.010363529023343233,5.58912066561539,4.874348264044426,-0.01430052912738177,0.0049795555947659,0.0101421395623215,-0.0033333333333333335,-0.0018094918793961669,9.608053201820009e-05,0.0006086149867652667,0.012813675683499434,0.024039269067996433,0.023302385091599667,0.0020278274414992667,0.0002817340937374001,0.02309987563279373,3.147329899999999,0.03372012806167567,-0.0539740843333334,-0.035356714843967164,-0.0033333333333333335,0.006666666666666667,-0.0033333333333333335,0.0,0.01,0.17333333333333334,0.21333333333333335,0.16333333333333266,0.14666666666666653,0.06999999999999999,-0.049999999999999996,-0.0033333333333333335,0.06999999999999999,1.3,2.6766666666666663,4.67,5.726666666666667,-0.010597950531281633,-0.004053050218161067,8.550845511740013e-05,-0.008133273019914166,0.0017988785717258336,0.0023703750200300996,0.0022664800968863,0.017825263769180935,0.025485241203137634,-0.006021923444611633,0.0007981950427306334,-0.00015133689056146657,0.0043206048950489,-0.0010739728406541462,0.0016685071432259331,-4.475038242133326e-05,0.00020378512595319801,0.0010403567255471667,0.0010732527170820665,0.0009304693384939999,0.00042189368569216674,-0.0006004789858193334,0.0019249294527146,7.234162333496668e-05,-0.00032896289340466673,0.00014468502252373318,-0.0007168203937526333,0.05014903549107303,0.0879469390933358,-0.007586878874851
2011-03-01,0.004543145702571734,0.0060224902871854,0.0014333459452166332,0.003048543076869733,0.0083528859744124,0.0013393065575864997,0.00027729630501479994,0.0006875484591063666,0.00024530972467989983,0.0175219171064942,-0.004130963383533166,0.0021143700370828,0.0024835205575829667,0.009765924029714733,-0.0015284193231999664,0.0027274511935709,-0.03160527052043436,0.006493662798149866,0.27316666666666367,67.66666666666667,0.0080857753333333,-0.0005949551997576334,0.0008078204761539667,-0.1000000000000002,1.4666666666666652,-0.020154058928771864,-0.020497593397156667,-0.0152783747155709,-0.009408262258532937,-0.017236965865627365,-0.011498870895663866,0.0011496369186817551,0.0020558891449565333,0.0083967496095196,0.0006091619629078334,0.0022951004403394333,0.0035382082670842667,0.00029902072723623336,0.0010068811146404667,0.0018469508604941666,0.002155874883110633,0.0021484377492430665,-0.00013016596325476668,-0.0011096625780133334,40.56666666666667,0.06666666666666667,41.266666666666666,6.363564116370053,0.022230458166223283,0.058313816498776795,5.761802731657373,4.677507784849387,6.33985361616201,-0.2166167916022067,-0.010363529023343273,5.695553737119254,4.68756102902595,0.03169298234079376,0.0078461511077764,0.008766714278393633,-0.01,0.0031629870324595337,0.0008912095483572334,0.0015291309123011334,0.019262299839425633,0.029939138177000835,0.032847803396917466,0.0003829958026407485,-0.0018277490356499667,-0.023229988764684933,-0.35889803333333203,0.016489223267149033,-0.011567104333333265,-0.018475210502138833,-0.0133333333333333,-0.013333333333333334,-0.013333333333333365,-0.009999999999999967,-0.01,0.060000000000000046,0.04,0.03666666666666686,-0.023333333333333067,0.09000000000000001,-0.03,0.013333333333333334,0.11666666666666665,1.9633333333333336,3.3033333333333332,4.973333333333334,5.933333333333334,-0.017806500911926034,-0.006831583778094,0.0118422733101147,-0.010581832810778666,-0.0004302653538917666,-0.0006209004230977334,0.0012166484466996333,-0.009161955712555066,0.027470194880179932,-0.007498835367016167,0.0003838933156024712,-0.0010074598277881,0.00014028252287776621,-0.0001803239537390667,0.0008421236660169001,0.0009645197612627665,0.00011160043425323331,0.00010609636963579995,0.0005922241183018452,0.0004239586090270333,0.0005840138546047667,0.00029272879426253326,0.0009605605265405333,0.0004961509959612273,-0.0004870544069103667,-0.0002838084206719,-0.0008853570014144334,-0.04465174923688234,-0.08519949903778821,0.005789408180172667
