date,GDPC1,PCECC96,PCDGx,PCESVx,PCNDx,GPDIC1,FPIx,Y033RC1Q027SBEAx,PNFIx,PRFIx,A014RE1Q156NBEA,GCEC1,A823RL1Q225SBEA,FGRECPTx,SLCEx,EXPGSC1,IMPGSC1,DPIC96,OUTNFB,OUTBS,IPB51110SQ,IPB51220SQ,USPRIV,USEHS,USINFO,USPBS,USLAH,USSERV,USMINE,CES9091000001,CES9092000001,CES9093000001,CIVPART,UNRATESTx,UNRATELTx,LNS14000012,LNS14000025,LNS14000026,LNS12032194,HOABS,HOANBS,HWIx,HOUST5F,PCECTPI,PCEPILFE,GDPCTPI,GPDICTPI,IPDBS,DGDSRG3Q086SBEA,DDURRG3Q086SBEA,DSERRG3Q086SBEA,DNDGRG3Q086SBEA,DHCERG3Q086SBEA,DMOTRG3Q086SBEA,DFDHRG3Q086SBEA,DREQRG3Q086SBEA,DODGRG3Q086SBEA,DFXARG3Q086SBEA,DCLORG3Q086SBEA,DGOERG3Q086SBEA,DONGRG3Q086SBEA,DHUTRG3Q086SBEA,DHLCRG3Q086SBEA,DTRSRG3Q086SBEA,DRCARG3Q086SBEA,DFSARG3Q086SBEA,DIFSRG3Q086SBEA,DOTSRG3Q086SBEA,CPILFESL,PPIACO,WPSFD4111,PPIIDC,WPU0561,CES2000000008x,CES3000000008x,COMPRNFB,RCPHBS,OPHNFB,OPHPBS,ULCBS,ULCNFB,UNLPNBS,BAA10YM,TB6M3Mx,GS1TB3Mx,GS10TB3Mx,BOGMBASEREALx,M1REAL,BUSLOANSx,CONSUMERx,NONREVSLx,REALLNx,TOTALSLx,TABSHNOx,TLBSHNOx,LIABPIx,TNWBSHNOx,NWPIx,TARESAx,HNOREMQ027Sx,TFAABSHNOx,B020RE1Q156NBEA,B021RE1Q156NBEA,HWIURATIOx,CONSPIx,NIKKEI225,TLBSNNCBx,TLBSNNCBBDIx,TTAABSNNCBx,TNWMVBSNNCBx,TNWMVBSNNCBBDIx,TLBSNNBx,TLBSNNBBDIx,TABSNNBx,TNWBSNNBx,TNWBSNNBBDIx,CNCFx
1960-03-01,0.0222371835003532,0.0095210372196996,0.0316551119853825,0.0089926139549101,0.0025220331799387,0.0957894119399585,0.0328323594236899,0.0341843583614612,0.0341614217829589,0.0303025220905324,2.1,-0.0171629659927186,-14.2,0.0875304067870539,0.0167440524098561,0.121230213690524,0.037076227591256,0.0114759578944392,0.0293158901843618,0.0246176431078053,0.298464250446387,0.005320051982987,0.0133708610257166,0.0124813825619663,0.0148208081449788,0.0131718487011074,0.0117940739801536,0.0123749373078619,0.0115311975991892,0.0123147652008058,0.0035476533489209,0.0102380896516703,-0.433300000000003,-0.40558325,-0.0275429659999999,-0.966700000000001,-0.4333,-0.333299999999999,-0.0999560769734753,-0.0024335687325165,0.0062635307847704,1942,-0.0093022591509743,-0.0041675423937874,-0.0025541826367172,-0.0019606340529345,-0.000726501190603,-0.0003327457929516,-0.004074491672974,-0.0010204168442555,-0.0042657661047385,-0.0051576160040256,-0.0029956383812366,-0.007212043605572,0.0031092375185402,0.0041267624674965,0.0030282430213652,-0.0013853798458689,0.0001302055654646,-0.0337937169352216,-0.0023570625049123,-0.0030332395304828,-0.0102758600654527,0.0012677553724795,-0.0058677224322814,0.0030598904772887,0.0026014521529562,-0.0071925265473966,-0.0022196602611259,0.0084430505134891,0.0241423254093416,-0.0010956696408102,-0.0031621499454574,0.0174188835642624,0.022124050743733,0.0202984908693034,0.0251342674876036,0.0230628785222113,0.0270377624293245,-0.0010290472866545,-0.0018728845487072,0.0063242896275239,0.8233,0.34,0.7,0.61,-0.0226829389795586,-0.0035658139513277,0.0225612465913514,0.0241771689869577,0.0212017924734322,0.0149564209699093,0.0212017924734322,0.0010112480897781,0.0013575795940656,-0.0101182835572948,0.0009755777508964,531.0822807,-0.0053522564385826,0.0214907644388234,-0.0066379552279709,0.399999999999999,0.0,0.1397,1.2432,0.050797878815346,-0.0514965257671749,0.0189,0.0062696130135953,0.0788433839502067,161.98,0.0376925021074914,278692.55,0.0091546425506088,0.0042812434903538,86.6799999999998,-0.0512790071666327
1960-06-01,-0.0053981164596077,0.0125352432563179,0.0225028974207193,0.0110223240910186,0.0108753047900843,-0.0978378378616176,-0.0183371624146069,0.0167208581633576,0.0145306372100622,-0.0854147726993055,0.6,0.0111973325078134,1.0,-0.0179797809802382,0.024604838794545,0.0282820498258811,0.0074072920141743,0.0064470113601089,-0.0140176852293781,-0.0114744071118835,-0.0223330918961717,0.0205937933958991,0.0011218822764629,0.0089184218945543,-0.0026784213192527,0.0053102865438319,0.0109859445467837,0.008746411697869,-0.0059625816763953,0.0084482047482952,0.0121000047626234,0.0091771070356863,0.666699999999999,0.13048796,-0.065126792,-0.199999999999999,0.0333000000000006,0.0666000000000002,0.117114107939495,0.0096794819035035,0.0016594725006462,1816,-0.0040133827765496,0.0038730433302118,0.0006190765926374,0.0016799568665275,0.0002111345639619,-0.0009677731568209,0.0064219597627208,0.000265185799579,0.000929374317431,0.0085501576256952,0.0007617943052111,0.0015366317483609,-0.0002556451229374,-0.0007565373597397,-0.0011410668195317,0.0148442911117739,0.0029736884750315,0.011719076460651,-0.0027141119721014,-0.0004391840346964,0.017911298491039,-0.0043798211444916,-0.0017900998641127,-0.0066436056730165,-0.0031925564571055,0.0028919941198837,-0.0021973060168925,-0.0021205781117106,0.0035626365566146,-0.0032709455020927,-0.0037801205479945,0.0013094718713131,-0.0022192702010999,0.0004534387491808,-0.0100645508328143,-0.0156754862251898,-0.021124004243501,0.017075396316387,0.0221523533013195,-0.034773783511123,0.9867,0.3,0.88,1.27,-0.0086739325289624,-0.008087458966008,0.0237144561086176,0.0173799573352831,0.0242240396763247,0.0003470771932798,0.0242240396763247,0.0073081709105267,0.0287219470969564,0.0222749338958548,0.0050863721646194,530.3599951,0.0080668742800647,0.0048962494970119,0.0083742591271658,0.2,0.0,-0.0498999999999999,2.15109999999999,0.07053927090376,0.020121403199421,0.019,0.0031201273362435,-0.0220651811232511,-48.0600000000002,0.0183793243185395,279689.95,0.0030812101565551,0.0003974363016991,-22.9399999999998,0.0148068171148052
1960-09-01,0.0048873498236332,-0.0040052923895634,-0.0080177010514388,-0.0011804255295864,-0.0058513719653454,-0.0025446930295967,-0.02165536601981,-0.0441339598390313,-0.0176529881135918,-0.0303281638565984,0.8,0.024183332320062,12.9,-0.0101798493804415,0.0147469516166385,0.0215601415932456,-0.0299145313451774,0.0019039346227005,0.0003328784025944,0.0040146159418723,-0.0354907555676554,0.012709374310989,-0.0061022911463606,0.0066935527391791,-0.0088512988033038,0.0011663034561202,-0.0042259091137051,0.0069424637228161,-0.0198453022794771,-0.0286792962779607,0.0158372330636736,0.0104068289520836,0.0,0.297475167,0.026819862,0.333400000000001,0.4333,0.199999999999999,0.0496621879113102,-0.0014800680417108,-0.0055986002441246,1681,-0.014855235039172,-0.0013740806917703,0.0001361070446503,0.0007606342833548,-0.0017429363918504,-0.0008017714382919,-0.0035709080373136,-0.0018764037465564,0.0010085216747604,-0.0041798612370249,0.0004484022039625,-0.0022351268540599,-0.0015270654788164,-0.0023631474063439,-0.0006587539290028,-0.0133261631604289,-0.0015755870041052,0.0210740462640677,6.29187034180134e-05,0.0016038392573256,-0.007359609133861,0.0038492076302478,0.0033059871181193,0.0010185069253179,0.0008313088091629,0.0002320999793306,-0.0032641150427243,-0.0052571866470865,-0.0161540286293569,-1.48977500913361e-06,-0.0039120997507575,0.0124319786588551,0.0007464162592785,0.0052880532902492,-0.0015256791199331,0.0059150246001613,0.0054746512324412,-0.0064617597680061,-9.40335700536643e-05,0.0114091758509813,1.27,0.35,0.71,1.47,0.0081027176217993,0.0087176448917052,0.0070894709641358,0.02097147744227,0.013228724012265,-0.0026515891286838,0.013228724012265,-0.0039833826797846,0.0171844428686647,0.0152804275569096,-0.0062327347427189,526.0620844,-0.0078622774637207,0.0082729090693725,-0.0091124391067278,0.0999999999999996,-0.0999999999999996,-0.0654,1.52100000000002,0.0804329044146508,-0.0531822654603091,0.0174,0.0062112000926406,0.0907945773233738,71.1200000000001,0.0187766131118785,274719.01,0.0079199342796467,0.0059854980684868,-47.8400000000001,0.0367093238135254
1960-12-01,-0.0129143438243222,0.0012942668417776,-0.0254413774422551,0.0095797624043783,0.0006842738312284,-0.117409888769818,-0.0019733326866511,-0.0357659241730177,-0.0023667783377687,-0.0011489472240899,-1.1,0.0069239779587517,1.6,-0.0210533667276289,0.0114175263522096,0.0053113993386571,-0.0483202976591253,-0.0004143076782234,-0.0224834457310088,-0.0193652845208292,-0.0308439783196506,0.0066848675498456,-0.0085299117107773,0.0063120249788495,-0.0124467184451023,-0.0005381166000866,-0.0008665929083715,0.0060353684001794,-0.0175828262119699,0.0067892763363541,0.0096391447916284,0.0082771110759924,0.0666000000000011,0.516907808,0.184290618,1.1666,0.6,0.7667,0.0719467498713486,-0.0112300173817865,-0.0091810875493316,1524,0.137096458789018,0.0005611877701747,-0.0006456587302925,4.55103621215258e-05,-0.00097855754725,0.0006341221854615,0.0023365001685915,0.0013185008108793,-0.0012598846782028,0.0026666367666199,-0.002024480404561,0.0039601603113581,-7.20410359189572e-05,-0.0026484000850501,-0.0008970362078581,0.0106556361972774,-0.0018252023032365,-0.0185553972526904,0.0008180512337765,-0.0011212565848413,-0.0089150448694723,0.0025928445576739,-0.0030635999845811,-0.0014431830371362,-0.0007082058931269,-0.002189446931458,0.0065205709007156,0.0052625571788498,0.018565248478267,0.0010867271836838,-0.0032721425789565,0.0054195398625425,-0.0001711229025258,-0.0022572708395998,0.0028433108678429,-0.0133024168971829,-0.0081213223848162,0.0173973312152005,0.0174322755073648,-0.024410742123266,1.21,0.32,0.69,1.58,-0.0097252214471028,-0.0069539844029318,0.0062744893592725,0.0162426393460198,0.0105814508960176,0.0032002627810801,0.0105814508960176,0.0224898183365685,0.0214697495933782,0.0218838132521499,0.0225992672836934,538.3091881,0.0295632897845071,-1.24136397943175e-05,0.0329033385637789,0.0,-0.2,-0.0853,1.46719999999999,0.112526458003814,0.0998833585062898,0.0192,0.0,-0.144690942783052,-182.05,-0.0051604611817008,273282.03,0.0038288502192038,0.0054246462617255,8.21000000000004,8.3895402180012e-05
1961-03-01,0.0067274992133814,-0.0003714265750405,-0.0565568100141833,0.0097709036087403,0.0059387061472007,0.0256192823675185,-0.0085189668448899,-0.0330893545329749,-0.0143627333820548,0.0040801129354921,-0.5,0.0147452295023909,1.4,-0.0006853641216171,0.0318435974168301,-0.0069030539491779,-0.0048486526189117,0.0094017749726278,0.0070551815608208,0.0057425371483121,-0.211883750574977,0.0113042284532132,-0.0080555543611851,0.0067189501735036,-0.0118111611608533,-8.97322029942416e-05,-0.0014459924575334,0.0062839966856334,-0.02879200232847,-0.0016930026378325,0.0118670178395073,0.0074199742775817,0.0,0.36974041,0.152223486,1.4667,0.4334,0.5,0.0829475212631845,-0.0055932868439683,-0.0057678910628347,1461,0.0852304326186353,-0.0025044806629659,-0.0015676351757725,-0.0032169763765188,-0.000129718478115,-0.0003748568570673,-0.0025205613890872,0.0019258705949143,-0.0025496326644605,-0.0041314843467197,-0.0030743033631699,0.0055455067198884,-0.0014655087835509,-0.0008454313657129,0.0009567911815864,-0.0072626428226541,-0.0014141330837347,-0.0031961230271271,6.15535379466792e-05,-0.0013621799687095,-0.0129094468017952,-0.0002258755350443,0.0045265296600387,0.0037630236919175,-0.0108193467705604,-0.0051177406250992,-0.0032705888005173,0.0010432912260989,-0.0296871790152555,0.0032861602127431,-0.0017061921377585,0.009357607004647,-0.0001633350067296,0.0067956197871939,0.007440769794127,0.0128292382318662,0.0113178795574576,-0.0018674992332239,-0.0039816710782063,0.01066270574404,1.2767,0.19,0.52,1.44,-0.0310624124386552,0.0029560832337054,0.0040704682091119,0.0266182787974811,0.0088757901240796,0.0065686562616793,0.0088757901240796,0.0202302227166165,0.0016990843715829,-0.007702718958849,0.0222001993294203,545.2429557,0.027805645045472,-0.0046269525179614,0.0312571655847549,0.0,0.0,-0.0416,0.0536000000000172,0.161662360234884,0.0768202059834415,0.0212,0.003091192569673,-0.1431387781863,-130.28,0.0381159721728981,291071.0,0.0092411235139575,0.0040339396424782,45.3199999999999,-0.0249465454364026
1961-06-01,0.0168360222827264,0.0147721924356716,0.0205351690495323,0.0144920461389049,0.0133210035913605,0.0677234966505509,0.0162719250552747,0.0467565066582725,0.0220280837630646,0.0038799245363483,0.3,0.0025181367160689,3.6,0.0188378541381367,-0.006899747481218,-0.0476584648259175,0.0121338713393433,0.0150768949552607,0.0236483966347896,0.020169415598831,0.180927581733142,0.0104107134828735,0.0020107478332231,0.0064523418513395,-0.0003960784365508,0.0049223887818605,-0.0014480863798809,0.0068104688092658,-0.005492004902198,0.0071755495052308,0.0123523188110326,0.0077927257623002,-0.166599999999995,-0.0782693510000003,0.278511168,-0.933299999999999,0.2,0.4333,-0.0598311230927262,-0.011341447645898,-0.0022950302314446,1526,0.0321571116345316,-0.0019160805348086,0.0015762847864548,0.0008301648426831,0.0020446834485938,-0.0006900261372613,-0.0053820744769601,0.00453805490271,0.0016714589037549,-0.0085092787877161,0.0017606223205302,0.0113106731538664,0.0014286211453358,0.0002792940920324,-0.0035317470346858,-0.0099873536481176,-0.0025964104262445,-0.0264069015854633,-0.0006920113443076,0.0026847925856192,-0.0013277684516428,0.0013416313288119,-0.004595954317963,0.0004703254803306,0.0024475288437604,0.0039418527883863,0.0010756602637775,-0.013686054884209,-0.0161479440036234,-0.0054733551725947,0.0041587757908327,0.0136901456345822,0.0105128645301789,0.0142819429963312,0.022075684163136,0.0259439331966638,0.0315135109195404,-0.0098044492722824,-0.0120410284780585,0.0282473968427714,1.2267,0.18,0.63,1.49,0.0003374077911866,0.00763115012239,0.0027397622211928,0.0037290159601655,-0.0079592414856701,0.0055011412136858,-0.0079592414856701,0.0088237940814028,0.0238526615959591,0.0087757662830227,0.0072294049121719,540.9807745,0.006481455128652,0.0165951531183417,0.0069144385508934,-0.3,-0.1,0.0043,-2.6412,0.0959118755772206,0.0035149421074445,0.0201,0.003081666537408,0.0244548886875542,-34.4699999999999,0.0183602764466464,279697.11,0.0096282411960313,0.0080193870625997,-77.6799999999998,0.0582200238827806
1961-09-01,0.0190215948771559,0.0048507013125966,0.0241217084150298,0.0030434853882628,0.0007324155300434,0.0748689156250553,0.0236656886846447,0.0135105221329685,0.0097366640893801,0.0531802219845225,1.2,0.0211673570550337,12.6,0.0172123122176542,0.0083517102965942,0.0442026866412402,0.0641408058932056,0.0132143609454038,0.0227794335598066,0.02092153535876,0.0177427633834437,0.0174897743312545,0.0082079200557441,0.0124526485870131,0.0082857051600591,0.0110096024117201,0.0061639605737617,0.0123665994237081,0.005035533758539,0.0115688515869818,0.0111733005981254,0.0117523405332651,-0.2667,-0.295828749,0.0714754339999999,1.2,-0.2667,-0.4333,-0.0584974474664222,0.007110928014193,0.0058878484674749,1653,0.0993297086155147,0.0036311513745439,0.0010599354831826,0.0001236797738042,-0.0006391618924102,0.0011599547607499,0.0066964538389542,-0.0001629389697548,0.000445349126136,0.0088930330524803,0.0003742483796371,0.000952335226116,-0.0016723676500953,-0.0012479297310905,0.0021837644304394,0.003991905942287,0.0067343678635105,0.0496080718112428,-0.0011307637864748,-0.0024499925412513,0.0051261713540737,-0.0032639754085472,0.002626998953275,0.0001602019904849,0.0115501703924208,-0.0008119925193139,0.0010652336783221,0.0115941480080819,0.0310872551194574,-1.08206956626056e-05,-0.00433893462389,-0.0007402015900885,0.0047592732187293,0.0035723926902546,0.0032707140959695,0.0168891006492342,0.0138040241298638,-0.0066055625084864,-0.0093875255992008,0.0192300866445994,1.1267,0.29,0.71,1.68,0.0110589355194524,0.0019510875754615,0.0051582094067939,0.0011788933093033,0.0028771157876885,0.0114739079876118,0.0028771157876885,0.0125106417095608,0.0139578978872699,0.0007439692702,0.0123560750464389,540.5165685,0.0121921975295738,0.0135622644418696,0.013283212271757,0.100000000000001,0.2,0.0378,-1.22130000000001,0.0109851097758842,0.0242646219996312,0.0205,0.0091884260544061,-0.0216927937828011,-26.08,0.0223369246135707,284696.03,0.0124338527867938,0.0105780236118642,9.01999999999998,0.0046224089220379
1961-12-01,0.0194267685367908,0.019915066431321,0.047332243062054,0.0175771711914132,0.0134832711755184,0.0164109139114332,0.0311525240274593,0.05842675522545,0.0300136981886316,0.0333582913444834,1.0,0.0217107541747144,7.7,0.03430330998422,0.0266309801756774,0.0161725661785557,0.0235004123031848,0.0193109069410431,0.0211354162464512,0.0193025643079028,0.0948829186047631,0.0216270264309619,0.0084461932910109,0.0127320941572648,0.0062671180449136,0.010190732090205,0.0066032106850322,0.0124914882407827,-0.0068728792877621,0.006767541884642,0.0026713054277269,0.0075027592859431,-0.200000000000003,-0.38544004,-0.192230902,-1.4,-0.6,-0.3667,-0.0830210444771149,0.0096858333013818,0.0125795827359561,1816,0.0929630669782187,-0.0024869087382271,-0.0019483038100025,0.0001865466982886,0.000298201360052,0.0008367990138626,-0.0042530890124594,-0.0057860144459311,-0.0005762249147034,-0.0037576842253503,-0.0002136076417431,-0.0139955609641755,-0.0003310815725621,-0.0003593394083845,0.0001194529893884,0.0008610203757388,-0.00505266499967,-0.0284740624964033,0.0010051987911938,-0.0019293080002769,0.0027975857348654,-0.0021219538275931,-0.000493093979101,0.0008541958658918,-0.0003891274515797,0.0015963051151004,-0.0010895212865329,-1.11755164455829e-06,-0.004752445584848,0.0043933023285669,-0.0023902169258533,0.0118821709162686,0.0081085725486294,0.0058876548796886,0.0100244514790009,0.0085486042238747,0.0096174557102242,0.0018521096186674,-0.0012330457789153,0.0033439364995651,1.14,0.29,0.64,1.51,0.0232285528567715,0.0075586501976534,0.0123614375440031,0.0071411232019631,0.0153552550829819,0.0097693629569244,0.0153552550829819,0.02317547250105,0.0273659314771271,0.0080547981203862,0.0227248833361422,542.3652448,0.0259535633375894,0.0139599867568361,0.0287519152102469,0.0,0.0,0.0708,-0.290999999999997,-0.210824869089453,0.0336732151065879,0.021,0.0060790460763822,-0.0444148685931838,-51.05,-0.0025602033965483,281365.73,0.0093765045139662,0.0116022536777765,3.63999999999987,0.0092062613073569
1962-03-01,0.017679425844058,0.0105368784592352,0.0214684506521259,0.0094392721811571,0.0082386627977832,0.0525126891380676,0.018957657107344,0.0254150762568508,0.0197635987984608,0.0172921305245559,1.6,0.0191152306149283,15.7,0.0092378389951584,-0.0072826667634764,-0.0058950954929786,0.0299751340288017,0.0098099715440982,0.0198930618590922,0.0196133397420089,0.0066102673027934,0.0175498844154545,0.0075324063623281,0.012144788963818,0.0054517658394104,0.0100013791446862,0.0070335619304291,0.0120648846527143,-0.0059948990701626,0.0068587100146757,0.00572954299128,0.0068920179041906,-0.100000000000001,-0.400083864,-0.156618475,-0.300000000000001,-0.600000000000001,-0.5,-0.0772599118340818,0.0101394292806334,0.0036823153897862,1889,0.0291615015987743,0.0032296498323485,0.0013046594054575,0.0026585418962139,0.0004682888707931,0.0013528105826212,0.0046753076461176,0.00136247833007,0.0015447326268347,0.0057935809907099,0.0018194436704996,0.0017858325896558,0.000992948683554,0.0007624568660862,0.0024303142931456,0.0119097796190353,-0.003318952354129,0.0024219886182033,0.0025084826487944,0.0037563920388712,0.0034121167970646,0.0016757688019568,-0.0012814657129429,-0.0031237764836058,0.0022348510073233,0.0006935431470465,-0.0010790949652808,0.0042159661013987,0.0178000618306022,0.0010980830334239,-0.0036930944660698,0.0021953304063342,0.0066986312909911,0.0119171953084596,0.0058962434972813,0.0162029914973383,0.0094943431090697,0.0002775208158425,-0.0003797047840956,0.0133296293989358,1.0467,0.19,0.48,1.29,-0.0131309624660902,0.0025528010052298,0.0119206157757503,0.0184507478365532,0.0118243799475373,0.019056922749809,0.0118243799475373,0.0020401786111712,0.0017524433866062,-0.0080573615567214,0.0020717902564317,538.1843449,-0.0005868720146775,0.0107579556609387,-0.001045967357335,-0.100000000000001,0.0,0.0591,0.0241000000000042,0.09943530004404,-0.003316752625994,0.0183,0.0030257209165369,0.0219251977776356,-97.74,0.0275908670527834,253119.92,0.010571472745184,0.0073959138017976,-180.11,0.133382800413647
1962-06-01,0.0090068600921622,0.0122188106507366,0.0265062285584872,0.0148180653106973,0.0039831063758164,-0.007917452276243,0.0279666875948559,0.0249994415338284,0.0267360361599867,0.0306159395781505,0.9,0.0050844651590606,1.6,0.0124576873956368,0.0066816353236331,0.0558798687945856,0.02158545363298,0.0107328227087633,0.0078354350959655,0.0086289204665441,0.0510014425858101,0.0165341652330988,0.0091132183032804,0.0126322045599423,0.0046493689981232,0.0102450295162839,0.0102710160881188,0.0121903175573692,-0.0106953353702162,0.00667625614886,0.0151870892019321,0.0087035155430044,-0.100000000000001,-0.0486254869999998,-0.0833326870000001,-1.4667,0.0667,-0.2333,0.0289143179855023,0.0053905339097206,0.0118176550190716,1901,0.169132766889478,-0.0007744978715713,0.0001456384986475,-0.0022328202420314,-8.5541255067767e-05,-0.0033085587726025,-0.0006788618594009,0.0011742170635828,-0.000762995888401,-0.0012956070389744,-0.0009964788683998,0.0070470304776431,-0.0015509130851647,0.0001117976733695,-0.0144693846287143,-0.007141670863767,0.0076655387754089,0.009694892583834,-0.0026349451017617,-0.0028436354603402,0.0018771597183862,0.0021047459095715,-0.0004652766526951,0.0022503977337491,-0.0087915077135871,0.0013880846892009,0.002127371086916,-0.0105451011530464,-0.0365437569193983,-0.0032924845852728,-0.0038462135096386,0.0078255843808361,-0.0008933646595647,0.0029901010515054,0.0080995807518937,-0.003989190166759,0.0032076507895433,0.0086568666979571,0.0107185198795312,-0.0090838932454171,1.14,0.09,0.3,1.16,0.0054976782379352,0.0028213334669002,0.018384638764716,0.0196590548522169,0.0252571522256702,0.025186418175184,0.0252571522256702,-0.0393731098583494,0.024847469501287,0.0141146467972417,-0.0465360547660048,508.2290638,-0.0532653737062123,0.0051369991775942,-0.0601064219388299,0.100000000000001,0.0,0.0135,1.79079999999999,-0.064542958697503,0.009917436657346,0.0183,0.0090226175996375,5.87695133322796e-05,-9.88,0.0258077510844288,256627.23,0.0096423657558624,0.0065571038055782,-7.35000000000014,0.0120462342615815
1962-09-01,0.0122206889182959,0.0080268860462924,0.0072652150338576,0.0084880308676282,0.0077584430254518,0.0168492245188885,0.0080170733406372,0.0035622174307334,0.0123016245467058,-0.0008748056216134,1.0,0.0228665015157423,12.6,0.0202616640552558,0.0123196046908003,-0.0017541237090261,0.0126037213286834,0.0053629919350513,0.0144598474395274,0.0127752774333438,0.0443052524031624,0.0194182244117949,0.0027819604337651,0.010388886133823,-0.0015474084175952,0.0069989957653326,0.0031823220268112,0.0104460572223699,-0.0127030642562538,0.0059572068945508,0.0125812940103271,0.0130506310614429,0.0333000000000041,0.122993223,-0.066999203,-0.1333,-0.0333999999999994,0.3,0.0031065821815596,-0.0051564058405979,-0.0020361950977529,1845,-0.0086022035826633,-0.000829218826202,-0.0005578300812238,-0.0003224078019745,-0.0007659212570607,0.0002077257675572,-0.0007094337074176,0.0019809696359942,-0.0011158423989123,-0.0016587219904002,-0.0010774568931122,-0.0009702836071405,1.61330982892949e-05,0.0002842670227778,0.0245592337432514,-0.000803884496539,9.83606993205655e-05,-0.0092939607798583,-0.0009395886646252,0.0025698390048161,-0.0021796804825917,-0.0049141220128521,-0.0008176361605611,0.0007404959852594,-0.0086842090607222,-0.004065586919371,-0.0010789640991757,0.0105451011530464,0.0318762365583374,0.0010959951201345,-0.0032821930348454,0.007099535069194,0.0025902588258719,0.0041786574815061,0.0051959247551693,0.0165030907383432,0.0179540270840031,-0.0099063173336748,-0.0094850061070337,0.0201323098455419,1.0567,0.16,0.34,1.15,0.0102318183185028,-0.0037863800774742,0.0194466556926107,0.0231596516250203,0.0191973312618181,0.0298550781037816,0.0191973312618181,0.0153458122274568,0.0211254910738887,0.0157625239636783,0.0146752775033399,512.9840906,0.0186525421288728,0.0049840166280965,0.0199024395742029,0.0,0.0,-0.0214,1.72329999999999,0.0009477500216803,0.006557400546159,0.0182,0.0089419373756614,0.0249489721128038,9.12,0.0219641237257981,258712.5,0.0120016591872201,0.0100839833003379,-5.03999999999996,0.0138714707298684
1962-12-01,0.0032886053234335,0.0140502708510448,0.0430866642342931,0.01246156119565,0.0055677038812485,-0.0296948096347407,-0.0030287717137129,0.0029867100488383,-0.0037537494095261,-0.0014993157517651,0.5,0.006906830137022,1.9,0.0089374950988139,0.0104108850451983,-0.0328817495705698,0.0121468818794801,0.0088390336806565,0.0011502256315512,0.0019233086827932,0.0024668220757675,0.0087030179496445,0.002532690131737,0.0070737941535803,0.0036711277214385,0.0053442040923474,0.0053124688061867,0.0071684894786123,-0.0119076898332837,-0.0039223422167564,0.013600288203758,0.0112728657096888,-0.300000000000004,0.0781876380000002,-0.110886238,0.833299999999999,-0.100000000000001,-0.1667,-0.0083474227925499,-0.0068317107082078,-0.0061545075088091,1782,0.17279704059643,0.0003060669386512,-0.0014111181130296,-5.73415354665485e-06,-0.0007663125273906,-0.0017244480629456,0.0011572750701542,-0.0072184711256797,-0.0004680224114181,0.0042523679126778,-0.0004922998026422,-0.0145592123266889,0.0013086532619697,0.0001419758248406,-0.0145635753752722,0.0027557702155554,-0.0028707791785493,0.0251999779708387,0.0025046930693064,-0.0031575039998368,0.0007361058811257,-0.0033492749739436,0.0019831953198563,-0.0018991107517765,0.0013393137847623,0.0043691474969649,-0.0010687366810087,-0.0063235758963018,-0.0131475165272348,-0.002198900776718,-0.0018709381144326,0.0072711662952564,0.0039695663632621,0.0065605781962307,0.0094690751591306,0.0073124346498958,0.0087505739601656,0.0031437843738242,0.0017054341146201,-0.0048026218523546,1.0533,0.07,0.18,1.09,0.0066343247272167,0.0030990691034595,0.0229076105453547,0.0174035059227604,0.0220442835752142,0.0300448464330749,0.0220442835752142,0.0425876704340684,0.0267955540589044,0.0179562903862589,0.0444081434330652,531.5590509,0.0519079486841232,0.0126008791926271,0.0574236355172886,-0.2,0.100000000000001,-0.0138,1.5067,-0.0329470031847663,0.0065146810211937,0.0169,0.0059171770280885,0.0208602349942586,-47.73,0.0110001544345408,241411.98,0.0099990320385945,0.0098020397618165,-90.3599999999999,0.080212875780683
1963-03-01,0.0108617018229626,0.0069804410119838,0.0197046419517983,0.004407622481044,0.005478709337467,0.0512777771786572,0.013019708093001,0.0182934747706343,0.0023880402329874,0.0347703206307273,1.1,-0.0136375729154521,-12.9,0.0232599033042984,0.0182477545462394,0.0150732787274963,-0.023416390195802,0.0086545603294654,0.0089746122621594,0.011700228984743,0.0104908082386843,0.043413866475086,0.0017392859125013,0.006612267057882,-0.0032840365649411,0.0039684351317799,0.0048219585493729,0.0068547855167642,-0.0081790687334537,0.0093074117729878,0.0099348238986873,0.0116780814399284,0.0667000000000044,0.144328055,0.128965812,1.8667,0.2334,0.0333999999999994,-0.0221373787621717,0.0074362879613647,0.0059881043134839,1825,-0.105966332113974,-0.0001340084274947,0.0014306985519998,0.002499775260063,0.0009364890859804,0.0036521302899754,-0.0015850423429753,0.0042666900592278,0.0014340851781198,-0.0037813659861161,0.0011284554000425,0.0082812620708119,-0.0005062491106544,0.0017137783731415,0.0062172476271262,0.0001040502355729,-5.80653524004937e-05,-0.031403560320713,-0.0001906207390809,0.0031373349505483,-0.0035459917684364,-0.0001524036683222,-0.0044516801124694,0.0007452135476389,0.0029425891436529,0.0015214078519774,-1.29621573874417e-06,-0.0031704999369659,-0.0149955299394997,0.002198900776718,-0.0033046390683599,0.0046268923259167,0.0053885261289243,0.0067208162404752,0.0025061950539542,0.0030023117240256,0.0042706428156047,0.0014299225204492,0.0068868196718718,0.0025002417101918,1.0,0.06,0.12,0.99,-0.0122304362908672,0.0071256211056267,0.0105892562608991,0.0233759637708451,0.022533817151178,0.0288549469067885,0.022533817151178,0.0111700685509177,0.0076346891265375,-0.0010197607759074,0.0115744313089099,533.1130467,0.0116508838023464,0.009592540179554,0.0121817152239476,0.0,-0.100000000000001,-0.0136,2.07380000000001,0.0901929867308464,-0.0032520353863774,0.0168,0.0058823699030663,0.019484745623922,16.12,0.0247838367731514,247704.43,0.0051524873070398,0.0012858725930069,2.76999999999998,-0.0009474302965246
1963-06-01,0.0111616200398537,0.0093922218504376,0.0212226645677411,0.0106532398973833,0.0034259319957632,0.0157815539573951,0.0435911747283457,0.0199125407534151,0.0306207495049771,0.0692748835883288,0.8,0.0007459545267947,-1.8,0.0198832623091958,0.0083849479224511,0.0769019501015293,0.0232700351675144,0.009157324638747,0.0139337731281057,0.0114475788392947,0.0362043864243891,-0.0110136911480927,0.0071805987938322,0.0096331858372149,0.0061728205264666,0.0084749657667746,0.0068221985205774,0.0094142952262146,0.0043384015985985,-0.0010747045561894,0.0036760996832319,0.010755997985747,0.100000000000001,-0.0730989610000004,-0.025476032,0.699999999999999,-0.3334,0.0,0.0030651364993765,0.0063357774036161,0.0063866181502545,1795,0.160766495892674,-0.0013175294601435,0.0004732326057466,-0.0040160808208114,-0.0017902818080939,-0.0021931526406286,-0.0010531970626583,0.002718813563626,-0.001641303685405,-0.0024384878945773,-0.0014398230707688,0.0059244786222194,0.0005411903019432,0.0023571515654063,-0.0045932818079519,-0.0083660646399912,0.0007541267648747,-0.0027255106338675,0.0068941569707408,-0.0014133736388699,0.0004481950911585,0.0012933397938255,0.0036902664107452,-0.001094852331025,-0.0053497031654985,-0.0035023255250581,0.002096491829469,0.0031649407816201,0.010281577643013,-0.0010996142552057,-0.0037766826523686,-0.0026556862405664,0.0048415821313709,0.0032056033345693,0.0028238904474413,0.0075524071417389,0.0051008126140361,-0.0004610419629846,-0.0024945298041325,0.0056187097121993,0.89,0.08,0.2,1.02,0.0084767841380317,0.0072787643993095,0.0156941863765399,0.0259304571402108,0.0242036525153502,0.0313394882716898,0.0242036525153502,0.0120729304370091,0.0311431105445754,0.021985738802945,0.0098777613489176,533.4976176,0.0161426452384141,-0.0014285007818308,0.0168395036492779,0.3,0.0,-0.0023999999999999,2.60040000000001,0.0551035693834763,0.0032520353863774,0.017,0.0058479698824232,0.0225159799250703,25.91,0.0257982526019696,256603.99,0.0036975961631799,-0.000777512265107,10.8699999999999,-0.0094996497805954
1963-09-01,0.021750053277735,0.0134745762898536,0.0122839004842321,0.0172703879739311,0.0090676393791033,0.0303234661526108,0.0243626813708646,0.0422142242066457,0.0270981353135076,0.0189639244403299,0.9,0.0434295407897274,24.6,0.0092872419948779,0.0261542701778321,-0.005017693814687,0.0250702362853561,0.0108889582149656,0.0269529791442147,0.0245723999856491,0.0195964730420544,-0.0023526347277917,0.0046511044136732,0.0103491184475892,0.0034555611934932,0.0080722944889259,0.0045833886975916,0.0103573943723427,0.0014419613169014,-0.0035007576044554,0.0170420781580463,0.013170947347902,-0.0667000000000044,-0.152900044,-0.034097394,-0.366700000000002,-0.2333,0.0666000000000002,0.0130488835320071,-0.0002712652603342,0.0027040711691008,1825,-0.0968594240772704,0.0032934878160424,7.01705388443941e-05,0.0001865645115199,-0.0011150823377352,-1.08270032983526e-06,0.0059453096470907,-0.0002270870949168,0.0002591511871177,0.0083513090614455,0.0003676695818555,-0.0012078994710469,0.0010291486422477,-6.47705583745051e-05,-0.0001514666265713,0.0130446049160109,0.0008252501149015,0.0222751086174005,-0.0020386532411227,-0.001648692141301,0.0040332377350802,0.000455423927995,0.0036285350758062,-0.0037655025427474,0.0083669990834556,0.0001538536420921,-1.45074103103937e-05,0.0052794018499748,0.0075667036487807,0.0043981292871295,-0.0038451217105963,0.0118223913926836,0.0047043978697667,0.0040933636457558,0.0085186016524097,0.0242215128079613,0.0248551025274319,-0.0101970756108054,-0.0140473076774721,0.0235956459192046,0.8033,0.12,0.23,0.74,0.012407310557089,0.004125881064259,0.0129595694571911,0.0165776143203553,0.0258483184274318,0.0366569001259576,0.0258483184274318,0.014470935989376,0.0228658889016993,0.0119771869251784,0.0134906698407544,534.8872031,0.014895866469768,0.0130479593163564,0.0154741845527724,-0.2,0.0,0.021,2.2346,-0.111884184447069,0.0064725145056174,0.0171,0.0087083278917843,0.0256795640642355,17.6600000000001,0.0169312183809058,259828.18,0.0019849708932326,-0.001101036810243,-6.91999999999985,0.0044443290427391
1963-12-01,0.0065376305040079,0.0082984712547107,0.0156593234438738,0.0135281252516659,-0.0012203322991437,0.0120690507463497,0.0294450268487667,0.0384112645367107,0.0287494503918424,0.0311112897294095,0.8,-0.0103894296474376,-10.0,0.0076661025835935,0.0132072216014381,0.0383378360406219,-0.0032813048846804,0.0161500859671628,0.0071121607507205,0.0065618905390874,0.02693692617934,0.0209704171209788,0.0054246527686459,0.0124387399734243,0.0024883159551718,0.0093223296094198,0.0095572564764143,0.0120344812812734,0.0067018439759412,-0.0031070339078258,0.0167564496708845,0.0176563990444905,0.0667000000000044,0.122478573,-0.0436188870000001,-0.166699999999999,0.0999999999999996,0.0,-0.0120292428689766,0.0053728241806925,0.0077618459497954,1888,-0.0386397044971627,-0.0011980672616878,0.0009633689058543,0.0054725450347068,0.0056827282914837,0.0054355446365752,-0.0036822898345958,0.0003178734366029,0.0017742612760187,-0.0053458099788135,0.0017724404030152,-0.0017719783573175,0.0018599690396019,-0.0034641889677677,0.0114260773420489,-0.0084689870433178,0.0015125110835678,-0.0132246326391918,-0.0007754921410407,0.0029493662120208,-0.0031815730648316,0.0018181244396586,0.0002633030468781,0.0051673991321008,0.0016360413014808,0.0006643594486086,0.0010194346057521,-0.0042228173748504,-0.0037833518243903,-0.0011077246820039,-0.0122450462173029,0.0051248367437155,0.0036638314109644,0.0086091072712646,0.0070782095561376,-0.0006424491499026,0.0011809513934872,0.0085817527719749,0.0119716394164353,-0.0039253609703968,0.72,0.13,0.23,0.62,0.019138374502166,0.006861321607813,0.0286128325810342,0.0400878170498489,0.0257404136455666,0.0236145185017973,0.0257404136455666,-0.0034579024226832,0.026319856538267,0.0101694809976314,-0.0070122787402997,522.6405347,-0.0055977053100448,0.0036828289450952,-0.007261710254486,0.2,0.0,0.0072,1.74350000000001,-0.0819776806106187,0.0096308930609612,0.0173,0.00576370471675,0.0012321164466797,4.94999999999993,0.0034822148723883,261948.32,0.0020112545347856,0.0016930612860974,7.91999999999985,-0.0046441468825984
1964-03-01,0.0208678791743058,0.019436170062094,0.038235987885515,0.0157251270385546,0.0169737906357943,0.0367433515927091,0.0339982997604436,0.0242703950379379,0.0207828152413372,0.0598173406775979,0.8,0.0031328798210221,-1.9,-0.0162034991511915,0.0147715005998208,0.0493365909423273,-0.0009384727940675,0.0193729581979047,0.0267299098874023,0.0242722180376549,-0.000637521528044,0.0224746309537718,0.0065596339723992,0.0111035045234136,0.0032445490816321,0.008666573744394,0.0127814430702244,0.0111364856344736,-0.0062216998975657,0.0037812198746696,0.016480347226647,0.0112015852697382,0.0,-0.0912169090000008,-0.023455625,-0.7666,-0.1667,0.1667,-0.0506900831354375,0.0141626450994332,0.020508659813828,1933,-0.0928182054421844,0.0010954642224958,-0.000578301358546,-0.0027578038292106,-0.0055119411360062,-0.0048760685036448,0.0023515064207395,-0.0016967728258787,-0.0004706472622655,0.0039729949168343,-0.0004011008199387,-0.0001723929726389,-0.0026468139272388,-0.0068112630450825,0.0020156746652761,0.0099440363850047,-0.000932672426896,-0.0003987752851126,-0.0016759484406727,-0.0031177257530927,0.0044173068253821,0.0039857027819483,-0.0036115558364784,-0.0029861501700096,0.0055134927896465,0.0009938867350083,-2.39434855719978e-05,0.0010552923570186,0.0009428981080348,-1.51037851514602e-06,-0.0042289395231707,0.0001665894495794,-1.51177068019592e-05,-0.00727275932908,0.0002438315323765,0.0062394007602892,0.0101282296064618,-0.0057439476063923,-0.0093941953853877,0.0227752476625964,0.65,0.15,0.3,0.65,-0.0059404130179636,0.0024774543152785,0.0205485888624795,0.027301318489152,0.0292386363008124,0.0269126568829661,0.0292386363008124,0.0142833195140462,0.0091435627837741,-0.0102293470136718,0.0149057327816564,520.3108304,0.0190236420928258,-0.0016248190658636,0.0200111033147845,0.0999999999999996,-0.0999999999999996,0.019,2.2405,-0.0229892241222034,-0.006410278360919,0.0155,0.0057306747089851,0.0301226234063598,-61.65,0.0238274654524382,241316.46,0.0045186149119622,0.0004371661985604,-125.41,0.105865407650141
1964-06-01,0.0108318073724405,0.017534243220279,0.0257887398847396,0.0140548072563664,0.0188962025303612,-0.0036092617817535,-0.0019176945702321,0.0202942550106231,0.0231274488923532,-0.0510568883978921,0.7,0.0089572899925798,-0.2,-0.0362423162928796,0.0224715839242853,-0.0040887059139151,0.0222557434257569,0.0266092654350496,0.0098561152243785,0.0105464658830403,0.0417297658457727,0.0279447644612461,0.0059662504735307,0.011469027348765,0.0047524469259592,0.0089955628356754,0.003571104605637,0.0112627898421733,0.0004800576046113,-0.0037812198746696,0.014947398373204,0.0109530057259306,0.2667,-0.225060892999999,-0.012463753,0.4666,-0.3,-0.3667,0.016349138218847,0.0088167975695494,0.0043989513469577,2056,-0.0366879724246827,-0.0025993192580151,-0.0012734943168362,-0.0008764915436887,0.0106188685086304,4.89165780059864e-05,-0.0050314233117396,-0.002014864796469,6.62268134257182e-05,-0.0061803388043011,0.0001622735490487,-0.0047160371747123,-0.00099051814996,0.0057753882488205,-0.0046860909123802,-0.0095305464764265,-0.0009982074209307,-0.0070767193325851,-0.0036026892033089,0.0020397320557399,-0.0028462167561202,-0.00574121182802,-0.0015487919830361,0.0021668141067872,-0.0018041121550949,-0.0007116670140709,-0.0041568387114154,-0.0052768176137632,-0.0009428981080348,-0.0032816797014709,-0.0029629257261083,0.0046650013780245,0.0067922032174139,0.0094678710998943,0.0063188410130847,0.0054553393952536,0.0017218489319219,0.006205734730738,0.0056091795115733,-0.0015267644725804,0.65,0.13,0.38,0.72,0.0094638922469467,0.0052688951962363,0.0195252088222482,0.032866927177766,0.0269393277650796,0.0227244508720332,0.0269393277650796,0.0163304866913112,0.0287190016011492,0.0021099123790824,0.014825106551509,514.2153538,0.0157863141661831,0.0181725596580922,0.0164100438063706,-0.0999999999999996,0.0999999999999996,0.0496,1.79669999999999,0.0085389715531105,0.0032102756302483,0.0155,0.0141846349919563,0.034818218591818,25.8200000000001,0.0282098983381047,247625.99,0.0135293398380032,0.0103607844188547,9.00999999999999,0.0023997709727119
1964-09-01,0.01550518749786,0.0183036560194907,0.0325646404545958,0.0132047775235833,0.0193175874833411,0.0230730992554644,0.0161221181572939,0.0347872782514971,0.0316760252504285,-0.0161565075514369,0.7,0.0011947623975316,-2.2,0.0204846098288423,0.0107450403071159,0.0308263843542589,0.0264856138087115,0.0129560853893462,0.0166656863821002,0.0172619930574887,0.006739692617443,0.0130697388889449,0.0102197563257409,0.0120133105889106,0.0083097362017339,0.0110720000533977,0.0137188592900177,0.0118754491072206,0.0033532485707326,-0.0059709906945784,0.0145489771424918,0.0108343360080756,-0.333400000000005,-0.235778779,0.005023931,-1.0333,-0.1,-0.3,-0.0530642548289553,0.0055228002269602,0.0064037766320646,2149,0.0170438354386748,0.0010981830221656,-0.0001809177478437,0.0020170853929384,-0.0063572498641715,0.0016915503292209,0.0021800985405309,-0.0005122067474845,-2.27722837702338e-05,0.0032340105935504,-0.0002101055165364,0.0017757754793157,-0.002159215923462,-6.31160247612783e-05,-0.0065906753866262,0.0061452352296509,-0.0030418021207299,0.0088061025052352,0.000121554237296,-8.14334345244916e-06,-0.0002111405871378,0.0016479782388141,0.0042925530010009,-0.004557764735408,-0.0014894274566859,0.0014825245814735,0.0010335234500922,0.0073877581564705,0.0065839447989954,0.0021847994601325,-0.0027748883286369,0.0047955818578837,0.0055101482583701,0.0108500812093979,0.0101975482747689,0.0102483278507979,0.0117401160015285,0.000692281093761,0.0028873709501948,0.0082775883470334,0.63,0.12,0.27,0.7,0.0183503804252583,0.0138725966340072,0.0237098075051518,0.0391949444346382,0.0257947557222717,0.0232276768771094,0.0257947557222717,0.0159327668151654,0.01917161297711,0.0062153935424067,0.0155363859188231,515.543832,0.0186632880535598,0.0066419403441866,0.0195004498235143,0.0999999999999996,0.0,0.051,1.61180000000002,0.0124065416545633,0.0063897980987708,0.0156,0.0084151969252845,0.0248301828998319,20.7199999999999,0.0177476937849139,252174.69,0.0084685066373602,0.0064371362404269,7.86999999999989,-0.0004551408133171
1964-12-01,0.0030871407395256,0.0028500992625843,-0.0311575072071513,0.0137357922107482,0.0018880780569157,0.0094552352635037,0.008650038231444,0.0291563686515453,0.0210856113281297,-0.0181940797081088,0.7,-0.0004094928201414,-3.3,0.0100571364937823,0.0103370712231694,0.019931310872594,0.0266865701710328,0.0113188951093814,0.0,0.0013487633886284,-0.0883453810700074,0.0043168203029928,0.0072789314784813,0.0085343664594752,0.0060004118345098,0.0077097627540805,0.0099712187997784,0.0080833265140469,0.0080972576709479,0.0079984293558457,0.0152188569552267,0.0171549703725571,-0.0666000000000011,0.0529062050000002,-0.0888373370000001,0.466699999999999,-0.0665999999999998,-0.0332999999999997,0.0098222827448477,0.0064235651195749,0.0096864999484016,2223,-0.0359051256625929,5.05008664153372e-05,-0.0002268217935688,-0.00069546916782,0.0077545505231224,0.0007554984345672,0.0005139441475612,-0.0009024585141794,-0.0004603273660572,0.0010287592376077,-0.0003913112397451,-0.00268409561835,0.0003247038957701,0.0006311909619816,0.0004939813812656,-0.0018829711141146,0.000298110705005,0.0133451142573064,0.001397833961799,-0.0014684250869438,0.0026364242006882,0.0006639646496497,-0.0048926673934799,0.0012256235936827,-0.0006039960028085,-0.0007128206516426,0.0030805678811165,-0.0010599152229287,-0.0084610551639068,0.0032685692102254,-0.0025493810282508,0.0081676438085067,-0.0039303267716772,0.0027210414024958,0.004178676453288,-0.0096961467213621,-0.0050849525954022,0.0138824303581266,0.0170119152924029,-0.0199578096600153,0.6367,0.14,0.25,0.49,0.0190947948898375,0.0084922776016433,0.0324844674571496,0.0297076684644786,0.0221975959586196,0.0230140985362857,0.0221975959586196,0.015695577133604,0.0256483026367507,0.0143294482613783,0.0144666212860738,517.1691719,0.0153778163020135,0.0167826916898068,0.0162547374708844,0.100000000000001,0.100000000000001,0.0232,1.3339,-0.0644025351711131,0.0157981168765913,0.0157,0.0138698478641504,0.0075098848894761,-3.01999999999998,0.0006348960694371,249534.23,0.0132450697859792,0.0159993076996896,5.54999999999995,0.0111610469163521
1965-03-01,0.0239109229581267,0.0220559995543601,0.0890009819387236,0.0113256554963117,0.0094462501338874,0.0910675917903152,0.0441108414334979,0.0734674088527596,0.0617201310420912,0.0045400503751595,1.6,-0.0011442681572662,-3.4,0.0472165346687579,0.0089555814967257,-0.123738845930228,-0.0366616125765589,0.0117020046439613,0.0295787940238705,0.0290645541482655,0.23038628410756,0.009496612314638,0.0111211305218006,0.0093138954553602,0.0065219833668646,0.009221013438383,0.0122828203335246,0.0094695380310811,-0.0061861724760419,0.0016189965541357,0.016719302729058,0.0115545607583343,0.100000000000001,-0.0151498180000003,-0.066736284,0.2666,-0.1334,-0.100000000000001,-0.0394519893480814,0.012173162495023,0.0153522468197944,2355,-0.029368492871729,-7.16944806420372e-05,0.0012157364304297,0.0001646381901685,-0.0087358208418661,0.0003393940331166,-0.0001776993968167,0.0021589433647202,6.87817058078188e-05,-0.0009983557092061,-0.0004779286119012,0.0060135740189806,0.0010095651429162,0.0002670634739372,-0.0091386998129943,-0.0071761275271686,0.0042489834148553,0.0054396459998109,0.003264791547437,0.0004033963760741,-0.0038083393038692,0.0006569596877019,0.0001215464727182,0.0042200375084231,-0.0097274051986757,0.0012878002059162,-0.0010503787465228,0.0031385788537714,0.0037542207298226,-0.0021859669007979,-0.0037647645482268,0.0099927915786941,0.0126344784613153,0.0010720604239384,0.0057515636444578,0.0142507207518601,0.0168882180285217,-0.0080402443185656,-0.0100878867819523,0.0260611008055576,0.5833,0.09,0.12,0.31,-0.0054256390845042,0.0042840520074047,0.0471548164536921,0.0256436262117052,0.0301723803574383,0.0237924850568048,0.0301723803574383,0.0124035672350011,0.0069666860334942,-0.0047353385619981,0.0130759629523123,517.8802815,0.0140073176972386,0.0068987498921657,0.0140039363221032,-0.600000000000001,-0.2,0.0431,2.16699999999997,0.0091410541804606,0.0,0.014,0.0109590137897195,0.0246757991881177,-69.6999999999999,0.0222824068074612,227958.55,0.0093222664012984,0.0064900450099356,-115.93,0.112714731613313
1965-06-01,0.0125555563704385,0.0109683484041749,0.0016339225690051,0.0149723544710838,0.0095204520319445,0.0026238422653381,0.027934141363418,0.0177504826725441,0.0361109451845634,0.0086900105527698,1.2,0.0117679124554195,0.7,0.011073663468248,0.0249435937116411,0.154775506802048,0.111550723913851,0.0112236251017119,0.0144676484799566,0.0126455513838764,0.0245901571862324,0.0169292615717804,0.0113296254678374,0.0123162182986949,0.0110824922420889,0.0116212437178316,0.0147632583432866,0.012249462935765,-0.0043051970014618,0.0009431921406415,0.0220352241236839,0.0128412679483247,0.200000000000003,-0.1797961,-0.036348721,-1.0,-0.2,-0.2,-0.0476595140510829,0.0128803015725714,0.0098884991985381,2514,0.0046948443042076,0.0018676528384751,-0.0006668839798145,0.0002834235839239,0.0013830313088174,-0.0003234552513835,0.0035938172579097,-0.0033001567622656,-0.0001058229607791,0.0063115336030339,0.0001671165679781,-0.009705100494334,0.000768661885111,-0.0027895256156114,0.0132388878074781,0.0159682214209806,-0.0016458881564833,-0.0077607682410652,0.0012947092247355,0.0003203670999329,0.0017281049705275,0.0022749766888856,0.0018735257046729,-0.0032119617787702,0.0034486008373226,-0.0021922202406283,-0.0010345501682178,0.0041252820013513,0.0313056269980572,0.0010770333468839,-0.0031028554113889,0.0104751389781832,0.006336882865046,0.0002856887797308,-0.0012427583521006,0.0045880980185186,-0.0002278682931131,0.005352131895048,0.0020632099600672,0.0004818406405338,0.6133,0.06,0.15,0.33,0.0041364877982568,-0.0005181729950729,0.0442472437654136,0.0317444946062366,0.0286043737772985,0.0263631191522977,0.0286043737772985,-0.0008188288925712,0.0258989741347468,0.0146750450419093,-0.0041659660217643,509.9712768,-0.0025399121104268,0.005085338253334,-0.0039354654877907,0.7,0.3,0.0712999999999999,2.32550000000001,-0.0845508504258179,0.0093604427595637,0.0141,0.010840214552865,0.0196968975991672,10.77,0.0250460616013637,232439.78,0.0097747918209734,0.0063807137080251,0.829999999999927,0.0055783802147848
1965-09-01,0.0219880851718077,0.0170365450455154,0.0336236432113326,0.0136543235218323,0.0148583865793714,0.0342257865269424,0.0266921518794865,0.052158667260862,0.0357241662922929,0.0049179947641357,1.2,0.0326365396953676,15.7,-0.0180214540311887,0.0277740287982011,-0.0224691049424628,0.004092653409474,0.0269645318897975,0.0226099708716108,0.023963338513771,0.0082331436843237,0.0020969030717559,0.0112223260357709,0.0117970993356415,0.0107792767476491,0.0115643875204743,0.0091910002755337,0.0116294653492908,-0.0076997013626636,0.0095168735878061,0.0270016404293845,0.0177980168415068,0.033299999999997,-0.265691748,-0.037849745,-1.0666,-0.2666,-0.333299999999999,-0.0137620169244723,-0.0015259967354701,0.0024473731647467,2664,-0.0390020766344419,-0.0014118503223565,-3.70996638165977e-06,-0.0001421670731538,-4.5523508803047e-05,-0.0018345574557363,-0.0033383160548301,-0.001872880387852,0.000759674542607,-0.003900717754095,0.0009830657661402,-0.0009531428137958,-0.0018236366465664,-0.0007304073548013,-0.0085940522219725,-0.0064411546220557,0.0034341136570965,-0.0064094498268998,-0.0039269377557658,-4.4213960062045e-06,-0.0021129975291698,-0.0017306684966311,0.0002351494581658,0.0056513725459845,0.0055832495925449,0.0010371522126067,-0.0020449590719011,-0.00214351167936,-0.0241583119588289,-1.05414622071365e-05,-0.0030924497226134,0.0031131020202268,0.0035955264043647,0.0075766022457948,0.0095187680103867,0.0201376980265855,0.0254815935679642,-0.012995246592034,-0.0096018811697105,0.0265604870952418,0.6433,0.11,0.22,0.38,0.014896210936957,0.0084534430419633,0.0360244393379059,0.0360104060965298,0.0234762324840236,0.0279714841465273,0.0234762324840236,0.0248724129623934,0.0172334636882709,-0.0097309062225328,0.0258395198978683,509.398102,0.0304282002135228,0.0056517296873668,0.0327071033715054,-0.3,0.0,0.0932000000000001,0.263300000000015,0.0233731030671978,0.0092736367853292,0.0141,0.0133870807824592,0.0311231865118184,21.9399999999999,0.0191955839426932,236246.42,0.0083881375590397,0.0059420230046525,3.09999999999991,0.0029517221194979
1965-12-01,0.0227776261537151,0.0277250332971164,0.0412572127699438,0.0167499818240149,0.0364221096985888,0.0065998223357466,0.0230040036665091,0.0380826056219199,0.0398753233967977,-0.0193356844217245,1.0,0.0187616963125645,9.2,0.0212673509315486,0.0144247545105332,0.0593214376073501,0.0476374758773099,0.019949027778555,0.0266615767290128,0.024880998303904,0.0127340127641489,0.0265638801866093,0.0120353731791081,0.0105636309994885,0.0110239121281621,0.0109773932716344,0.0114334732322465,0.0105622385392108,0.0043384015985985,0.0140418122904871,0.013881157108016,0.0179428588389285,0.0,-0.218007247,-0.03150656,-0.7667,-0.3334,-0.1334,-0.0443687060923805,0.0103635367464392,0.0094841486734038,2997,0.0405622172956637,-0.0006145288771142,0.0002242749898084,0.002016252314247,0.0087635255318581,0.0029654012980144,-0.0024260671749725,-0.0005292579360087,0.0013492304378246,-0.003176289980229,0.0011486149185748,0.0010353432823411,0.0017340462981527,-0.0038099714555794,-0.0103632326475687,-0.0078044033310562,-0.0026218768121215,0.0077954791481782,-0.0001858367874949,0.0015245879011751,0.0011274420164324,0.000782398886292,-0.0027023820019347,0.0008380536423469,0.0030562310754698,0.000205217413205,0.0040619189508279,-5.18502334698745e-05,0.014068064730238,0.0021388281563634,-0.0033151454244961,0.0100021354966637,0.0059754717329161,0.0094521662346442,0.0066798103623009,0.0171862164345655,0.0145013982219138,-0.002591634179192,-0.0024623556337646,0.013396437749829,0.4933,0.16,0.3,0.31,0.0200722548560606,0.0128333772690592,0.0326284018449714,0.0267552244195128,0.0180736151749858,0.0275705484997371,0.0180736151749858,0.0253611926857804,0.0236698689604387,0.00372083532549,0.0255744383414758,512.2715596,0.0272238611722528,0.018808184937221,0.0290424954671664,0.0999999999999996,0.100000000000001,0.1548,-0.25660000000002,0.123210602509172,0.0152674721307884,0.0141,0.0184458457907517,0.0547728952486226,30.86,0.0041109767559603,233347.69,0.0188368115033057,0.022154805889814,5.93000000000006,0.0164566231607388
1966-03-01,0.0240468950027122,0.0146546171860527,0.0463841330959571,0.0103557292178946,0.0072659701545818,0.0768653905246461,0.0367285795534897,0.0534904020025522,0.0410164522975158,0.025588986983073,1.7,0.0184477167018962,9.8,0.0674044988317064,0.0117389946334692,-0.0249511329933796,0.0254460476837872,0.0098332727408188,0.0277471071784312,0.0274921389553962,0.0073117921661047,0.0153232173066713,0.0125179449413526,0.0128014821880811,0.0114368472182651,0.0122821043911028,0.0110580512387255,0.0127596904233291,-0.0009625121282663,0.0217300982728963,0.0116092889088435,0.0165059538469414,-0.033299999999997,-0.203514375,-0.050679098,-0.7667,-0.0999999999999996,-0.3666,-0.0678337502406752,0.0098653501425802,0.0142182044929489,3240,-0.051990994288114,0.0046545639881108,0.0016712203341966,-0.0004588037128558,-0.0142108366205429,0.0003226887187799,0.0090363072232753,0.0042067969360601,-0.0002109526399993,0.0110401455000901,-0.0001285551599146,0.0030362790614368,0.0018253101134053,0.0074788379869943,0.0125101179299532,0.0230132138763706,0.0051156204449642,-0.0101727685875552,0.0030886092933588,0.0006276751222893,0.0026876202380663,-0.0065224116543016,0.0054309474625831,-0.0034588065069938,0.0094941446439271,-0.005548211242881,-2.56734940737857e-05,0.0070252263465535,0.0054684918346144,0.0010368053768146,-0.0049964201364929,0.0071274862116892,0.0068206222089988,0.0079890641424338,0.0141146864547901,0.0135291302638687,0.0176611619546096,0.0057756889215681,0.0037384990185795,0.0016186845943844,0.3967,0.16,0.32,0.16,-0.0064611216084618,0.0079616247649019,0.0345525030587517,0.0186099148185059,0.0194134417177114,0.0263377284417246,0.0194134417177114,-0.0017591098949765,0.003953956549461,-0.0058791372381437,-0.0024804848041721,506.0024624,-0.0007553831320699,-0.0053113375589255,-0.0025877757695482,-0.199999999999999,0.0,0.1457,0.503200000000021,0.133486532090409,0.0030257209165369,0.0136,0.0078023802841846,0.0150770414046066,-21.24,0.0267358071477357,229976.38,0.0049278067290679,-4.10092373304138e-06,-42.24,0.0412889880314902
1966-06-01,0.0034088877933165,0.0025590254992931,-0.0407712711563235,0.010827235141341,0.0095068913658202,-0.0149141247735738,-0.0097652167757535,0.034549508631649,0.0162880595137871,-0.08061860625787,1.5,0.0187106044352641,11.4,0.026552952186031,0.0075753307346744,0.0296128994806848,0.0245639443978902,0.0026498059380042,0.0027807094339342,0.0009098963824851,-0.0236386725805784,0.0136718883510638,0.0133461700602471,0.0130849778165505,0.0132382129222588,0.0131683634808706,0.0118296218922715,0.0128265843160422,-0.0189556110147908,0.0281744520664509,0.0160614251471971,0.0175057958040856,0.166599999999995,-0.0112096350000002,-0.029316598,0.3667,-0.1666,0.0665999999999998,0.0245679191494181,0.0071543635032913,0.0097248506888809,3288,-0.0785387283801571,0.0003550887289005,0.0031184365529295,0.0029147900638566,0.0186855578046488,0.0023032742174429,-0.0018594312982398,0.0056070304392257,0.0029254874668351,-0.0049389260780143,0.0029019728456507,0.0082307789629361,0.0028328518897522,0.0014609703194938,0.010048839735505,-0.0119469765062163,0.0001892728160917,0.0016822424447973,0.0014463105967372,-0.000496516511669,0.0043129495324205,0.0043849221576994,-0.0001407821242138,0.0053766547843414,-0.0043939406570956,0.011534844005086,0.0049750903805301,-0.0101809400585084,-0.0345532977175727,0.0010167849326565,-0.0056289036924948,0.015728730129966,0.00228922802216,0.006836862251939,0.0084621257356998,-0.0069490469635686,-0.0062582816004574,0.0237201260118982,0.0227887517685561,-0.0095183539283407,0.71,0.15,0.35,0.19,0.0019933065631656,0.0017608003040203,0.0329774424286375,0.0138104570754338,0.0076726976121417,0.0191322401807001,0.0076726976121417,0.0051076139241725,0.018823526737898,0.016173806527485,0.0033565636389667,506.360132,-0.003204574838616,0.0340576450442125,-0.0051678303508087,0.199999999999999,0.0999999999999996,0.0219,-0.0828000000000202,0.032923566607403,0.0090226175996375,0.0137,0.0230483954362912,0.0355375800507511,28.13,0.0144813856144967,233105.26,0.0192807891578184,0.0203856741702344,19.6500000000001,0.0009676817263208
1966-09-01,0.008432670588256,0.0113545730752262,0.0322200840986593,0.0081478662329752,0.0071961145810677,-0.0074061152270985,0.0011107827057657,0.0045000206783774,0.0131439376587386,-0.0338904121547987,1.4,0.0268852633663679,16.5,0.0083676779130783,0.0115081221631232,-0.0120258688306576,0.0545719489259087,0.0121443220619177,0.007963609955953,0.0054896669836712,-0.094334194958698,0.0245995064058393,0.0102135687041987,0.013794541725586,0.008033557072423,0.0118292477729902,0.0106486969457773,0.0135625945661797,0.0218402285383341,0.0219081721988594,0.026311146689058,0.0117748177152759,0.200000000000003,0.0110739189999998,-0.067943853,-0.5,0.0,-0.1333,-0.0150731377486135,0.0020145620724427,0.0046801382596557,3278,-0.217387413846706,-0.0004757725463266,0.0001064344232202,-0.0002555577797322,-0.0146718028322534,0.0013648630217546,-0.000918726774381,0.0001381665686563,1.95103993849699e-06,-0.0014025356612243,7.45088072129363e-06,-0.0022826485214784,0.0041344853526128,0.002146069077515,-0.0058696843236827,-0.0059074277074713,0.0017805875350926,0.0101012226229846,-0.0010443465882801,-0.002002840534574,0.0021787473214018,0.0081697835719656,-0.0056183688895545,0.0024425588360115,-0.0027749823756133,0.0005602124706753,-0.0010872289202676,0.0059630159072852,0.0238575445052414,-0.0011047773383574,-0.003259313510644,0.0054277115996592,0.0046101213626421,0.005621770656214,0.0074835825128145,0.0032867949722938,0.0034846535078862,0.0126080268075777,0.010974235995874,0.001806158908578,0.7267,0.29,0.47,0.1,0.0131075538113103,-0.0117544318645093,0.0368000073129231,0.0066833898084031,0.0032072806441281,0.0129967108624349,0.0032072806441281,-0.0159753304895922,0.0023693675302087,-0.0097751453491321,-0.018358907058257,491.1475197,-0.0192957273375516,-0.0047041841090571,-0.0232131386265841,-0.0999999999999996,0.2,0.0063999999999999,-1.5899,-0.0449288480076033,0.0089419373756614,0.0138,0.0100756519887415,0.0059335323731515,2.87,0.005198747050942,233742.58,0.0031345188899454,0.0026645173689008,0.199999999999932,0.0024683544639438
1966-12-01,0.0081705641351863,0.0041573711537816,-0.0003899106040092,0.010884740711516,-0.0027882293127756,0.005843873883963,-0.0269507878862632,0.0141881473840888,-1.80552328581385e-05,-0.111343377877927,2.0,0.0171189881463114,4.6,0.0107744900379219,0.025252197695246,0.0245605323202271,0.0111982665731949,0.0116491979292821,0.0036979134729362,0.0058383932307992,0.09459171101116,0.0068755544619922,0.0066978833409034,0.0130002092636659,0.0122743524965223,0.0117631329387073,0.0069569670061415,0.0124945400547327,-0.0014412686348501,0.0228754298800524,0.0154001824972285,0.0136807065176399,0.233400000000003,-0.0721697579999998,0.004657103,-0.533299999999999,-0.0667,0.0667,-0.0562257732894356,-0.0020676317086625,-0.0024847476962199,3218,-0.268009306853076,0.0001174467086917,0.0003869706952093,-0.0005972851011462,0.0108089566804646,-0.0003767106710839,-0.0005368164923442,0.0001362606045285,0.00066505839865,-0.0007354512041186,0.0007050321470236,-0.000792004883571,-0.0004778598784866,2.80796399909633e-05,0.0066879402557056,-0.0016371015599938,-8.15711440935729e-05,0.0003050112808304,-0.0003260298029754,0.0041219566232255,0.001247765100824,-0.0009872395801373,0.0069468647726087,-0.001598247828551,-0.0053685561263967,-0.0031411085307744,0.0008996823361231,-0.016959725599512,-0.022937095141931,-0.0042272446254427,-0.0012214992869017,0.001036578852303,0.0028225027172004,0.0051798479536575,0.0079651209789579,0.0061819221678578,0.0078966863033747,0.0082297707977652,0.0071440251056702,0.018570314509712,1.1333,0.2,0.23,-0.21,0.0109907583943691,-0.0051623705251921,0.0089431880310559,-0.0052470736341305,0.0008358665421592,0.0088098055845815,0.0008358665421592,0.0208327964409456,0.0087562366200062,-0.0028927910329761,0.0224078023399326,496.4600899,0.0213859658669726,0.0189656735901256,0.0221982355929562,0.0999999999999996,0.0,-0.0081,-1.9357,-0.036274830372939,0.0088626872578452,0.013,0.0173917427118691,0.0188073415950463,-39.99,-0.0025901985040039,217779.81,0.0094695030669615,0.012208121254222,-55.6,0.0681458165239821
1967-03-01,0.0088189317999845,0.0057456223304717,-0.0191212053368472,0.0091283317056563,0.0111671066594186,-0.0248468866685085,-0.019251994396301,-0.0404572007159709,-0.0163498463636582,-0.0289988993955017,1.8,0.0413928069521763,28.5,0.0018771962953882,0.0121035020541873,0.0122057363154466,0.0154903845492171,0.0149658550915301,0.0067911975780017,0.0082014034366833,-0.165850621420724,0.0339057077357365,0.0050341830969795,0.0142017278164648,0.005312307971657,0.0106983465187742,0.007304526296016,0.014090986121654,-0.0019248803326608,0.0136670853137897,0.0212582707587972,0.0118521487142775,-0.166700000000006,0.147201025,-0.020573943,-0.0334000000000003,-0.0667,0.5333,0.195562118493269,-0.0005839519555799,-0.0010878685305231,3170,0.203029187121444,-0.0048706373709532,-0.0031152368534663,-0.0039828958449623,-0.0072653702362788,-0.0056949226495834,-0.0065519284688977,-0.0066299782688386,-0.0029740479625726,-0.0064987046079174,-0.0027772729734496,-0.0134896265120346,-0.0041623839647657,0.0012722789849384,-0.001881006554492,-0.0134158122571049,0.0012720284105629,-0.0056607299344855,-0.0004368720934091,-0.0009792003304855,-0.0024630781934902,-0.0024427380174367,-0.0030521185558498,0.0033022704803018,-0.0132856088356492,-0.0056232725951415,-0.0039822222257912,0.0079791061191749,-0.0215497257676986,0.0020855480551542,-0.0054907380257649,0.0078491689286242,0.0020424678136321,0.0108215852215912,0.0060960530022953,0.0078778830319055,0.0087899774857929,-0.0001322022696648,0.0054712894505892,0.0037071933409049,1.2967,0.0,0.09,0.07,0.0001143409544557,0.0072579418845082,0.0096785083791859,0.0018860528588078,0.0047014995828647,0.0092892713715384,0.0047014995828647,0.0264630962357462,-0.0060462155407217,-0.0210120248799335,0.0305979594563439,504.2818641,0.0340651083617391,0.0003503802414019,0.0369970264212114,0.100000000000001,0.0,-0.0548999999999999,-1.0515,0.0280897532269444,-0.0058997221271883,0.0132,0.0122400548945021,0.0293485334377541,41.97,0.0119465750622183,225383.26,0.0063252790749324,0.0050545444410543,26.87,-0.0223712003252556
1967-06-01,0.0006133265706615,0.0135790810437495,0.0420805958165884,0.0096226063517859,0.0074150393326162,-0.0368495744910371,0.0242694950705076,0.0107419034309508,-0.0023997177245629,0.108471565409713,0.7,-0.0041556486170124,-4.3,0.0013720127023475,0.0053447575581344,-0.0133856236133942,-0.0079765921644501,0.0079057595669915,-0.0023528315404406,-0.0014562539273477,0.0121692344371001,0.0314398040406059,0.0005666880354446,0.0144241513808545,-0.0011970758265507,0.0089584673702933,0.005679592409761,0.014541742795747,-0.0091943060183359,0.0088137358847753,0.0163083026161344,0.0101384329701393,0.133300000000006,0.044726013,-0.047777281,0.466699999999999,0.0667,-0.1667,-0.0775014407877848,-0.0097294507441514,-0.0060138035710921,3113,0.142472354074112,0.0019022234169212,0.0011868874372238,0.0018203332504196,0.0003048352966885,0.0003772212190211,0.0031508547440117,0.0064478316649578,0.0005271063293257,0.0018153120198332,0.0001240622219085,0.0195560140707136,0.0002100122405419,-0.0039039046418967,-0.0074035582735678,0.0059565190364336,-0.0022090029049861,0.0001311312701943,-0.0017597861739422,-0.0016714963837962,-0.0019570280908398,0.0016184082978081,0.0022513138408242,-0.001521643145776,0.0040332182872888,0.0036291785231066,0.0019010719952263,-0.0030024990012504,0.0274906660959138,-0.0041874384813591,-0.0066705914323179,0.0092730796172793,0.0020536390728977,0.0099352505379224,0.0118946131581321,0.0036619830867787,0.0082663651268331,0.0096487744752238,0.0123245336185858,-0.00565182904867,1.16,0.2,0.59,1.16,-0.0039627728744005,0.0077092324939984,0.0202609211567282,0.0064930205483992,0.0013801859954956,0.0082885256409772,0.0013801859954956,0.0075335866947927,0.0126365640830404,0.0047304514239945,0.0068945609055681,503.7723877,0.0080387763111673,0.0057686411665791,0.0072881109814559,-0.100000000000001,-0.100000000000001,-0.0245,-0.448699999999974,0.0037152415548593,0.0029542118974317,0.0133,0.0144930073025669,0.0209674678092187,22.64,0.0247483768542178,232388.28,0.010266547339139,0.0069437499937654,12.8000000000001,-0.0058588741272878
1967-09-01,0.0094162875477632,0.005107178897413,-0.0080734963040463,0.0136171624203403,-0.0009384005280699,0.0289000033821347,0.0118800177944074,-0.0137584903595345,-0.0017078711732132,0.0514703345695589,1.1,0.0110491887441038,6.8,0.0154629283777581,0.0036519359079694,-0.0080551061282525,0.0130480125783681,0.0094594431905292,0.0084444112225532,0.0083796103932471,0.0016740992665256,-0.0156662123661571,0.0064143895658119,0.0148002199861406,0.0037574596194138,0.0111213999493192,0.0117298810368656,0.0143333078985499,-0.0171615386870263,0.0069954814834565,0.0130304437154942,0.0085792428285618,0.233399999999996,-0.035600633,0.013480065,0.5,-0.1333,-0.0333000000000006,0.0094727580695188,0.0061475055730841,0.0033536871002768,3089,0.247562180807407,0.0045144881988319,0.0023633986760351,0.0029825371583167,0.0012978407441584,0.0060925766846624,0.0082542203503974,0.006594449826248,0.0004341294297338,0.0088656967293103,0.0008044546037031,0.0123675990708376,0.0035866425036861,-0.0003554316134586,0.0043611556506952,0.0160692815344383,0.0019861046115208,-0.0014782799351627,0.0063098792583269,0.0010848396121896,0.0028521392753799,-0.0001629697603622,0.0025682137961831,-0.0042354015180348,0.0089127637052071,-0.0022153762642296,0.0028124254666663,0.0059960119710793,0.009511651091643,0.0031298930089276,-0.00415200442115,0.0148870464834361,0.0045161864025913,0.0034457990369984,0.0010202694396124,0.0050891983599092,0.0022331113881559,0.0087780852201953,0.0083389261220903,0.0089482230537862,1.0833,0.54,0.83,0.95,0.0107632828339321,0.0117649045280963,0.0131532014403266,0.0134185374974347,0.0043187833775526,0.0109323461225177,0.0043187833775526,0.017581037381655,0.0066577774304423,-0.0028016590606609,0.0189448760808677,508.5734186,0.020805466341459,0.0062080011360468,0.0211594026581228,-0.0999999999999996,0.0,-0.0122,-1.19030000000001,-0.0427397571659558,0.0,0.0132,0.0095466118835798,0.0275076443919335,11.62,0.0123142225243278,231991.97,0.0026567167019901,0.000410638274519,-13.6,0.0140210493404442
1967-12-01,0.0075102604766694,0.0061005636226969,0.0025008627692804,0.0082984248226347,0.004499096711271,0.0213428488704315,0.0295614388077814,0.0312872038512344,0.0199165774325447,0.0562558147792496,1.0,0.0075632262132305,0.2,0.0178918811147,0.0172034244875849,0.0186823917593104,0.0513934390865058,0.0072747224716689,0.0074003735376226,0.0068294534766022,0.0697056114348755,0.0410138026679863,0.0080318792266815,0.0133566170650763,0.0047619477740426,0.0114835795834125,0.0113633193399938,0.0139213388122545,-0.010939890038336,0.001625273160033,0.0158405026897537,0.0098482214084896,0.200000000000003,0.115250285,0.016118187,0.4,0.0665999999999998,0.233300000000001,0.0259029761583678,0.0045550090719874,0.0045216794306486,3155,0.119376661491661,-0.0007098436484538,0.0010027873282716,0.0020033454972856,0.005818215780319,-0.0004717068648245,-0.0029367273573002,-0.0009249139346465,0.0017914218318853,-0.0037633848049432,0.0016313339617006,-0.0045434826896579,-0.0007594747832504,0.0070123133567348,-0.0001957750348924,-0.0080569322748305,-0.0013111340003035,-0.0026104688139043,0.0017213377580147,0.0011485960593908,-0.0003813734762214,-0.0013978699506713,0.0035341364574375,0.0019816231896392,0.0092988382721368,0.0007339687750103,-0.0001134557992457,-0.0020019827632018,-0.0060861695743206,0.0062014344199568,-0.0075966703541894,0.008869792683694,0.0009128430318785,0.0026515261801423,0.0008324485509385,0.0028749420855995,0.0022805026987251,0.0094305790968389,0.0106764925305836,0.0076871280639823,1.08,0.52,0.81,0.89,0.0169463050753862,0.0053978725759797,0.0051841850055396,0.0119451914980493,0.0046168610405175,0.0149083116609763,0.0046168610405175,0.0148465586457434,0.0440874567472385,0.0368128472176004,0.0111579549191987,510.552152,0.0147724514875893,0.0151090502605715,0.0147657092193025,0.0,0.100000000000001,-0.0215000000000001,-0.391600000000011,-0.0594480327795139,0.014641549992948,0.013,0.014151179546243,0.0257248059836694,0.590000000000032,0.0095413959933399,228423.82,0.0087574612553158,0.008573049513596,-16.21,0.0250415114498477
1968-03-01,0.0201875633819473,0.0236826132600605,0.0602212358539758,0.0156519071059558,0.0194329111416591,0.0198497305760679,0.0221313731661859,0.0373031335755964,0.0289972983527687,0.0032695085822869,0.9,0.0177125154666724,7.2,0.0453059513155516,0.018220502935784,0.0277052122030161,0.0572487426814829,0.016537986924364,0.0238722935251325,0.0223432058143711,0.0846258557694761,0.0222788893457939,0.0066724370779081,0.0110768277493012,0.0057519867118758,0.0091614142033389,0.0075807246332111,0.0108334809540906,-0.0020021027708727,-0.003020459992558,0.016011578246041,0.0151009958898918,-0.399999999999999,-0.185658395,-0.0021249039999999,-0.966699999999999,0.0,-0.300000000000001,-0.0833017255687292,0.0009191177117626,0.0018029624974182,3229,-0.03529347096734,0.0020094801012562,0.0012928413733761,-0.0001190465862839,-0.0015325429601023,0.001750476570244,0.0015218023126224,-0.0035699642349911,0.0025347695261013,0.0036349746295267,0.002671418530169,-0.0161419796603339,0.0084720513141052,0.0013699995828178,-0.0003349162100172,0.0056723005203691,0.0052084717918194,0.0038007011476053,-0.0019219299983195,0.000279680996206,0.0005226685049004,0.0044997327241831,0.0007503255004968,0.0005139307221146,0.0032631236128359,0.0092697908423371,0.0017663830903171,0.0118421645426259,0.0008336609066521,0.0009346817598783,-0.0113291676312137,0.0116127916405739,0.0137723278792277,0.0166971947131751,0.0192407422386802,0.0220664944434112,0.0214220824473474,0.0076425878474459,0.0044042369240413,0.0202882892408676,1.22,0.2,0.42,0.56,0.0011716522395843,0.0032741958741029,0.0097413201345828,0.0110998794382633,-0.0090777335425862,0.0170989069974548,0.0036439475922254,-0.0072948645623416,-0.0319691953587116,-0.0485069856300528,-0.00417414584828,500.0863478,-0.014499138808814,0.0178817218759928,-0.0176070346709984,0.0,0.2,0.0809,-3.93170000000001,0.0054701294296188,0.0086831225734609,0.0152,0.0093240768751232,0.0097109425422869,149.41,-0.0137935022943747,261545.61,0.0078720572124257,0.0128725898827806,171.75,-0.149199523253899
1968-06-01,0.0165657570686282,0.0151126013809542,0.0210723660331871,0.0153337774729936,0.0121950439446277,0.0375368626984089,-0.0024566877530931,-0.0245062713513828,-0.0123278492305898,0.0244018894522737,1.5,0.0051563068837641,-2.2,0.0179081143012407,0.0193235021717255,0.0165905291553505,0.0151346765176266,0.0163219317848355,0.0188380167028663,0.0178600215148896,0.0304590806278329,0.0093355260382463,0.0089075690586391,0.009913440122645,0.0021905645476358,0.0083305432544982,0.0125835422839842,0.0098969877961101,0.0134363809649987,0.0040638778480097,0.0106715863461746,0.0102606525556936,0.333299999999994,-0.145982604,-0.044952939,0.199999999999999,-0.2,-0.333299999999999,-0.0135714573580055,0.0076909241216665,0.0095127308889981,3322,0.123954883634371,-0.0003886979847607,0.0002330989804382,0.0003237228905517,-0.0009858047677409,-0.0004895603860721,-0.0007545415863958,-0.0004021112836749,-6.5390887303618e-05,-0.0008607980805828,-0.0001467995486015,0.0050738174597717,-0.0042342797011727,-0.0035218149880416,-0.0045772003579451,-0.0018365018423049,0.0033810785113299,-0.0082485572905457,0.0010776060814925,0.0010429475753412,-0.0016339435237275,-0.0002925236443158,-0.0045892490515888,0.0004118819260057,0.0055895464032267,-0.0029896917333474,-0.0019997917045118,-0.0079643414780599,0.0117791953001372,-0.0051707332160386,-0.0115679913724973,0.0022713819132795,0.0036648910821384,0.0064486334468147,0.0075673704520751,0.0093413941022926,0.0101735983742528,0.0070779502506073,0.0068511238407409,0.0174478678957772,1.28,0.13,0.42,0.22,0.0030469619775175,0.0071900750872329,0.0151845726562234,0.0131840109787351,0.0104639300101681,0.0173852759163662,0.0118274753624998,0.029209137923278,0.0195359235257371,0.0032139228806178,0.0304085363603637,507.1807744,0.0345430142045053,0.0106477559370362,0.03698232903937,0.0,0.0,0.083,-0.880499999999984,0.0983013091156399,-0.002886004889135,0.0144,0.0092379409849363,0.0317358730948518,-20.66,0.0209265551390239,253476.11,0.0073670635246667,0.0042543017654859,-53.8100000000002,0.052265697086721
1968-09-01,0.0077153456387435,0.0185683186843004,0.04401308246337,0.012662666330101,0.0157775506406619,-0.0276509087100356,0.015468915735835,0.0243925284992557,0.0136286960411987,0.0202723937430651,0.8,0.0029726643450374,-2.3,0.0557222046897525,0.0144046738967925,0.0686915357274787,0.0583641402079591,0.0031922926070802,0.0074369532676015,0.0072676026697697,0.0028599226640766,0.0096790493532985,0.0087459951350616,0.0130668818533408,0.007545940183439,0.0111574339325156,0.0120551120647345,0.013045415202944,0.0073873769787491,0.0034702174388661,0.0176270192163175,0.009907511565002,-0.166699999999999,-0.0252379839999999,-0.0015792679999999,-0.1333,0.0,-0.0333000000000001,-0.0118786225175711,0.0056293854955837,0.0070394717197634,3477,0.032497282563309,0.0001177549318924,-0.0004510641989354,-0.0016481447262752,-0.0033806728684866,-0.0030563693093315,0.0007528910645144,0.0022154856320817,-0.0005302173396914,9.88054843626962e-05,-0.0005512858698994,0.0028492980171814,-0.0030253916946696,0.0036417202937304,0.0139196257877718,-0.0001127317913947,-0.0020773223595931,0.0108470513034997,-0.0031912426298554,-0.0009614198090779,-0.0003311726485271,-0.0021432031690205,0.0005888208575637,0.0021528885354631,-0.001248943559811,-0.001922917209296,0.0035546319949393,-0.0019769839530159,-0.0044124656786013,-0.0040805470818301,-0.0038420143228119,0.0059390185534984,0.0004457003060482,0.0027139263746631,0.0048981305306936,0.0003903867318095,0.0016222659510778,0.01666914669608,0.0157348527068697,-0.0091508890648266,1.4033,0.1,0.31,0.26,0.0087750315266319,0.0059219927664697,0.0139998889719131,0.0192772741076643,0.0101515017761642,0.010353709900162,0.0118189693760318,0.007051398363199,0.0070200708106611,0.0038278159021851,0.0070550994753162,509.1438054,0.0077087271794322,0.0047333027070184,0.0066409992006342,0.2,0.199999999999999,0.0629,-0.685599999999994,0.118860523571443,0.0086331471447029,0.0144,0.013698844358162,0.0174329434366474,4.22000000000003,0.0145158002101038,253809.79,0.006848863809278,0.0050593948854436,-8.86999999999989,0.0132003553631401
1968-12-01,0.0039200475542422,0.0045004392099379,-0.0058858077361749,0.0109420830653635,0.00024006046816,0.0108191964461302,0.023337386530665,0.034165702145029,0.026887630158674,0.0139844019444144,0.6,0.0008844483155447,-1.9,0.0126899007980636,0.0083181785455881,-0.0224771789518936,-0.0084596577512199,0.0077080102011422,0.0037857156627234,0.0039220056884032,0.0403704801753477,0.0149541217845841,0.0105300422293215,0.0163307312136798,0.0089806026655718,0.0143541603535553,0.0130875466835167,0.0160710769495012,-0.0203227812240288,-0.0085817643193193,0.014388750803235,0.0095637556347796,-0.033299999999997,-0.109543644,-0.008774343,-0.3667,-0.1333,-0.0333999999999999,-0.010295217729424,0.0058925436229113,0.0061820377659209,3705,0.101843359874177,0.0007124717697246,0.0004558247929398,0.0043267747793907,0.014852897570266,0.0063388829026949,0.0007943489013357,0.0008032856044621,0.0005601061769695,0.0008364490585832,0.0005147606206818,0.0008986758035454,0.000958660416745,-0.0007032256947505,0.0027887500328538,0.0042394211552609,-0.0033427792368314,-0.0063653812762605,0.0018045124613177,0.0014075271245865,0.0019919708214675,0.0042956370978188,-0.0030942056138241,-0.0018795404549516,-0.0051724407348645,0.0018503825090801,0.0007141564625281,0.0019201012131597,-0.0001541989491165,0.0080808457858094,-0.0115739660626453,0.0093369361414672,0.0077799147901238,0.0073570761380743,0.0072616722538736,-0.0023935142337361,-0.0019521105465201,0.0215309492527926,0.0220870971506852,-0.0004378523412955,1.2567,0.1,0.25,0.18,0.0158836837510226,0.0090893190750227,0.0220078672077237,0.0260606876795695,0.0162282407106673,0.016448549002285,0.0178075399844992,0.0346167775350832,0.0195457159775172,0.011837581851835,0.0364606480962557,523.995485,0.0346265834495494,0.0345831166941437,0.0367009897994617,-0.100000000000001,-0.0999999999999996,0.1212,0.914199999999994,0.0425665749255764,0.0113961347308695,0.0145,0.011274076573218,0.0282588407256839,29.04,0.0034082343673791,254765.34,0.0129499886460049,0.0151683111668968,16.97,-0.0003498123806702
1969-03-01,0.0155231960203448,0.0110272054880696,0.0187594867555809,0.0086830195846587,0.0110667791953478,0.0572171665744925,0.0275244025248895,0.035819336222052,0.0252801382129908,0.0331949989542286,1.2,0.0022352156808436,-1.3,0.0408957667775125,0.0091086574829066,-0.1235703638427,-0.0990723805589919,0.0024764050551429,0.0172493169586279,0.0173530688609613,-0.018023808540347,0.0179202117619006,0.0103855071155934,0.0159150532220309,0.0057779938361797,0.0129739249423793,0.0118301364222511,0.0158168184658987,0.0173743759948461,0.0134199259877308,-0.0024060965704242,0.0103521052299929,0.2333,0.01178802,-0.026916745,-0.166599999999999,-0.0333000000000001,0.0333999999999999,0.0191327836712167,0.0141455784038369,0.0093354995186878,3828,0.156413019179937,-0.0013599451751935,-0.0007038061180137,-0.0039071790080069,-0.0093120301007019,-0.003153396679405,-0.0030516688236335,-0.0032765129534251,0.0003871220821953,-0.002952798709515,0.0002559158213784,-0.0078300373909376,0.0004215123457225,-0.0004756972511064,-0.0004875330751095,-0.0077407183693445,9.00742114753328e-05,0.0083261822544846,-0.0022498849852117,-0.0001271113982466,0.0010576152573964,0.0015989291365792,0.0003326728916182,-0.0005623989414798,0.0029853529433894,-0.0009462027428988,-0.0010957917317835,0.0085747675866789,-0.0074467771523112,0.0039001104701745,0.0010901215265581,0.007164553082346,0.0036883326235757,0.0014166816607028,-0.0071136179341184,0.0079157692753755,0.0031923815401615,0.0018681725776144,0.0056429343547503,0.0222502073929793,1.2,0.15,0.27,0.08,-0.0069813924184076,0.005714189386194,0.0278736440169887,0.0186397661392386,0.013952924116829,0.0202885383789511,0.0153967757329827,-0.0066528493120916,-0.0136801904777117,-0.0161565532624701,-0.0058037845725866,519.6745526,-0.0134003361304114,0.0168221852890795,-0.0163213590831255,-0.699999999999999,-0.6,0.0400999999999998,0.822200000000009,0.0436535710466446,0.0084626739187336,0.0149,0.0133632278121671,0.0196682481679256,41.21,0.0134072435435204,263310.33,0.0095883023485718,0.0087045178102318,31.6299999999999,-0.0195829637499472
1969-06-01,0.0030289475651379,0.006430313512391,-0.0026292040037168,0.0123470991543639,0.0022319309268983,-0.0059085869636419,0.0053177210124966,0.0104310883387244,0.0108307551049815,-0.0093180686227754,0.9,-0.0031504566546072,-4.9,0.0030477777745243,0.0085028747430087,0.198151520265895,0.180060865921122,0.0097428089144653,0.0009927701257819,0.001123207306612,-0.0573479426390988,0.0140292517182807,0.0101983690599319,0.0132482522443471,0.0103169669709322,0.0119676355189,0.0125524659805656,0.0132504083352609,-0.0039446796713038,-0.0002298701295613,0.0126339601872685,0.0064706348512348,0.133400000000002,0.0405017180000002,0.006930557,0.133299999999998,0.0333000000000001,0.0665999999999998,0.015780065697645,0.0022359727685721,0.0092138788171327,3843,-0.108324176717083,0.0030022704689201,0.0010289231779476,0.0031634828490192,-0.0005265129380092,0.0020270017694694,0.0050096094136389,0.0016577436249916,0.0009689507760537,0.0064041913220687,0.0009526059040294,0.004587899050851,0.0007738868514435,0.0003672417708751,-0.0060832983055232,0.0113995586384537,-0.001226662901633,0.0071128457389568,0.0033934340816164,0.0015181082342765,0.0028746669845034,0.0029751791532368,0.0027582169640232,0.0016840367130823,-0.0056163258304047,0.0004341967042722,0.0024463607394453,-0.0002041024601426,0.0239772985527607,-0.0060693867624781,0.0256260685376848,0.0240341240139648,0.0013462572543496,0.0003699384818416,0.0094790543179348,-0.0082337070845275,-0.0011136422310147,0.0262688284765464,0.02423939974266,-0.0112527097937516,1.2333,0.15,0.38,0.16,-0.0038055676793238,-0.0077067631819529,0.0233627884843663,0.0154038124744575,0.0113493751348415,0.0145642847277099,0.0139151006313263,-0.0071970724942183,0.0140188380204291,0.0042758772735869,-0.0097805445364649,509.6270709,-0.0116544154409279,0.0079295987881167,-0.0143861917685086,0.899999999999999,0.8,-0.0224,-0.0186000000000206,0.0663615326351286,0.0083916576362483,0.0151,0.0131870042819537,0.0147679833284968,20.77,0.0265674090850183,271603.5,0.0068546672561886,0.0022188291471199,7.57000000000016,-0.0044428989446254
1969-09-01,0.0065778420351492,0.0048634911489866,-0.0027784360910239,0.0079952045790916,0.0037504064414806,0.020099156513905,0.0143195712562401,0.013009498933326,0.0225029380807653,-0.0077877767844363,1.0,0.0020018725261055,0.7,-0.0260794144364676,0.0021557014388973,-0.0168733346563164,-0.013040707702145,0.0201764595130474,0.0059360119243159,0.0062410084854964,0.069518381494639,0.0335019673523766,0.0080696574958221,0.0106083829753274,0.0064956221123777,0.0092029995998093,0.009986515694333,0.0107817947530391,0.0205386182678238,0.0004596529640776,0.007897895573679,0.0067662430101354,0.266599999999997,0.144039821,0.02206078,0.333300000000001,0.1667,0.0334000000000003,0.0538217573964728,0.0030981912294292,0.004908827254412,3756,-0.11119388424303,-0.0004737719497094,-0.0004240983155705,0.0010220264447542,-0.001826643605987,-0.0023109533810319,-0.0007795638074834,-0.0027052346258402,-0.0001768649023863,3.48547789723597e-05,-0.0001723565781341,-0.0028450150380385,-0.0021067337940294,-0.0030912730867775,-0.0031304353661103,0.0044633475196058,0.0006671356665215,-0.020714150852529,0.0014874338533479,0.0021433351058126,-0.003846602427314,-0.0059599410754516,-0.001171713632964,0.0028928980794904,-0.0032388490269412,-3.63224985600041e-06,-0.0019691956520877,-0.0067000385387685,-0.0155236026658203,-0.0020064679590157,-0.011471984082271,0.0102567043782122,0.008066154742405,0.0039802325127826,0.0074188049781085,0.0010268196389078,0.0031605189327774,0.0179006366143879,0.0165809397636059,-0.0020596213242889,1.06,0.23,0.63,-0.17,-0.0045358121574272,-0.0091684661448123,0.0045390652656731,0.0039325361246822,0.0028956691676516,0.0052256381236803,0.0059689104311306,-0.0047925127701766,0.0015299026074533,-0.0186463654905822,-0.0055745057188385,496.6711902,-0.0066540206343912,0.0014376394996116,-0.0084462196333916,-0.0999999999999996,-0.100000000000001,-0.1059,-1.78539999999998,0.00483657637493,0.0138314791484619,0.0152,0.0130153681120704,0.0171612778699259,7.08999999999992,0.0193459166551886,273966.14,0.0007193178870554,-0.0037675282532712,-16.3700000000001,0.010684878509549
1969-12-01,-0.0048940468378262,0.0079608159061077,-0.0037627178933181,0.0124123638353728,0.0066544560344361,-0.0494900804119931,-0.0224465103246301,-0.0082720000367899,-0.0052369476482718,-0.0711397744815878,0.6,-0.0135647622172712,-8.8,-0.005211549678437,-0.0021482040449409,0.0258228054321359,-0.0110480526889321,0.0076191038416801,-0.0078793113936463,-0.0077533124443016,-0.0220733454809392,0.0120085448411422,0.0030370958229273,0.0110152870668969,0.0017789444473024,0.0086111200805749,0.0093957245192815,0.0110456082914823,0.0033824143534868,-0.0090017919918237,0.0144486732842983,0.0110175525541809,0.0334000000000003,0.0029493790000003,-0.011599822,-0.533300000000001,0.1,-0.0667,0.0055088043183495,-0.004650893840572,-0.0028473523060039,3714,-0.139581008815849,-0.00071864431195,0.0002010883208694,-0.0016789106344297,0.0043734633940291,0.0014197133122495,-0.0018998237341709,0.0013761562057581,0.0004825071237402,-0.0032819746693428,0.0007508474317359,0.0055712218513832,-0.0011211987275334,-0.0035962130545002,0.0010100811651261,-0.0057586276063745,-0.0020885766165497,-0.0003459853877405,-0.0013964706941425,-0.0005528791159137,0.0027963689572096,0.0012459951730616,-0.0001714814733002,0.0035548020033937,0.0017333755164497,-0.0015306750449357,-0.0001899164031353,0.001790975951089,0.0120676609322241,0.0077561010396114,-0.0116733344271838,0.0148316997149278,0.0011539872374144,0.0038048997958828,0.0053552833850085,-0.0050218740327556,-0.0031351951043197,0.0237083376983485,0.0240956601311479,-0.0149778682809556,1.0767,0.25,0.55,-0.06,0.0092743916464863,-0.0071623453830218,0.0072791239483569,0.002548664822032,0.0004144513825448,-0.0005115814020921,0.0037543087300804,-0.0046290363363326,0.0136682439221083,0.006049178768726,-0.0069236346618062,489.5005914,-0.0099990991486933,0.0130669462622226,-0.0122282502629325,0.2,0.0,-0.0175000000000001,-0.955500000000001,0.111238538155019,0.0136427764037863,0.0165,0.0170944333592999,0.0250816946311252,108.53,0.0066388539822579,295530.57,0.0057181485492012,0.0054911161778683,87.1600000000001,-0.0691288101182295
1970-03-01,-0.0014900266753858,0.0061852655630154,-0.0153794531793121,0.0106870531854648,0.00854844410087,-0.03027930941452,-0.0050051291918791,-0.006965892034632,-0.0070835449048143,0.0006256269438287,0.2,-0.0048377768978129,-6.6,-0.0458584659042849,0.0094743924747806,0.0131072230496754,-0.003279737472436,0.0104479868238752,-0.0008216394330209,-0.0007353736678314,-0.137541470231165,0.0122903674193973,0.0012599034598537,0.0095031840426393,-0.0009699321807925,0.0060786611922161,0.0068670860565731,0.0094251592213092,-0.0106693056066964,0.0005794866047281,0.0130955782521296,0.007356992607491,0.200000000000003,0.54958033,0.027280702,1.4,0.4666,0.4333,0.0359190520850694,-0.0051874351266318,-0.003915141766293,3360,0.004842555127662,7.59133177781202e-05,-0.0008442161800634,0.0012098058962908,-0.0050612164027099,-0.0021585217331709,0.0003329337379489,-0.0044298390388197,-0.0001849771072102,0.0022069142640868,-0.0001121784372202,-0.0068733282049064,-0.0022181640420813,-0.0031266451608287,-0.0030282887631796,0.0051966686151874,-0.0027078560276399,-0.0006908337216331,0.0022801850998623,0.0001861320205085,0.0001981548533325,0.0158639433708023,5.70926364620306e-05,-0.0036863811502896,-0.005842717054961,-0.0010029299930471,0.0014910939585814,0.0053892250798326,-0.0163312301090732,-0.0020724637334197,-0.0108290337428905,0.0128145193018585,-0.0002731491180036,0.0019607380567352,0.0028433982482178,0.0030896008098948,0.0044722454681154,0.0142289534580535,0.0147033171142388,0.0029696458251526,1.39,-0.02,0.34,0.16,-0.0153509648877641,-0.0051740179993302,-0.0067334187441865,0.0014886823082216,-0.0013356934145054,0.0032274525709334,0.0010334140366232,-0.0059015379233997,-0.0272728157790016,-0.0377210288558638,-0.0032258400357285,482.8526522,-0.0059131345803322,-0.0058639972099268,-0.0069954198655679,0.0,0.0,-0.2847,-1.2576,0.0952019730017764,0.0054054185669081,0.0159,0.0105375053027859,0.0140794312864259,-35.5999999999999,-0.0041709462052494,281627.46,0.0035291169598359,0.0053914434068902,-45.9300000000001,0.0440160555774538
1970-06-01,0.001416180892475,0.0045199836674321,0.0115281430927512,0.0062078652034234,-0.0006278873267415,0.0021722186052377,-0.0207585880832362,-0.0042299745016363,-0.0065744213188017,-0.0632719111310802,0.5,-0.011703828895766,-10.1,-0.0088461267177963,0.0055035075046729,0.0380174102489166,0.0195708851051757,0.0122565251128712,0.0014266262714035,0.0016862316726538,0.0486966316918664,0.0079065397639706,-0.0048553726091924,0.0059212863962869,-0.006978832130736,0.0014508818235139,0.0018836995968953,0.0057992679059211,-0.0132517270146142,0.0173437875150775,0.0133039657949325,0.0078664434477691,-0.100000000000001,0.518874077,0.068663889,1.6667,0.5667,0.466699999999999,0.123353334693031,-0.0097280723020567,-0.0130727790811003,2986,-0.0097088838133743,-0.0005383983159541,0.0004240009860505,0.0006615857112621,0.0125354712431922,0.0030218447846528,-0.0014522714713951,0.0022062225446015,0.0003154414384445,-0.0030124411411773,0.0003365514474329,0.0047165700098865,2.6939750726207e-05,0.0002149641320468,0.0017276823505767,-0.0109817318440815,-0.0014115638078768,0.0218115631615015,-0.0014391609812003,-0.0003216716893232,0.000941009990826,-0.0186681200613465,0.0011633059440443,0.0054771043102559,-0.0013639201765163,0.0049358459445807,0.0030669172317656,-0.0092201329951415,-0.0204521700409179,-0.0010623693706843,-0.0112541270127871,0.0104136714206597,0.0023023727801381,0.0017343574099619,-0.0016054460165486,0.0145104445410582,0.0114304147204005,0.0008966265030778,0.0011456067239867,0.0393558716902271,1.2633,0.15,0.78,1.04,-0.0012449755259185,-0.006505397217932,-0.0077609429349241,-0.0054870508181288,-0.0091873195502962,-0.0064457231505858,-0.0065317529051309,-0.0250437616115082,0.0030685765967701,-0.009187879323667,-0.0285771328444078,463.5332322,-0.0399514870443305,0.0220279776536874,-0.0455553777857816,0.3,0.100000000000001,-0.2223,-2.84540000000001,-0.0735874475912768,0.0160431248405755,0.0149,0.0207476321942488,0.0137651117875999,-76.72,0.021449158484721,265214.03,0.0163711663085095,0.0151426493681122,-74.8699999999999,0.0814971592636926
1970-09-01,0.0091724777598809,0.0087288759370576,0.003644273990873,0.0112957654091606,0.0071616014446505,0.0161421383036489,0.0167148426539052,0.0060895206417956,0.0035228199666326,0.0558686327647786,0.5,0.0042140852674386,-4.8,-0.0276205091908786,0.0224914417101196,0.0039954699229678,-0.0022979741988873,0.0158515391556175,0.0106566838691871,0.0108276386520636,-0.0845894277128671,0.0126439742215014,-0.0038601482341853,-7.2881665081681e-05,-0.0013037974361278,-0.0011983917634719,0.0012538313237335,0.0,0.0019742848966046,-0.0336973935125471,0.0125080054722808,0.0139777703878057,-0.0667000000000044,0.379427524,0.042683891,0.4666,0.4667,0.300000000000001,-0.0155125388665001,-0.0064860204600556,-0.0049174542738823,2756,0.138397591282496,-0.001277574569698,-0.000188323050986,-0.0061527954195788,-0.0225516285776957,-0.0066924539185842,-0.001211879541656,0.0034187025921594,-0.0015157273776536,-0.0030550250826597,-0.0015161453359282,0.0085651195170388,-0.0025193119310449,0.0037837033578789,-0.0010297389181288,-0.0019821693675075,0.0026083154098541,-0.0248846312398512,0.0007364568345704,0.0015991473777079,-0.0049911464439973,0.0058005864469992,-2.85307810981017e-05,-0.0097764389015186,0.0008628887795008,-0.0028813433013361,-0.0051836986502311,-2.94839138206271e-05,0.0113680734437991,-0.0029163667854255,-0.0249509872530655,0.0177981792037851,0.0043652412129695,0.0057542939379455,0.0069330750295861,0.0155628395436751,0.0172963394719545,-7.46881768964869e-05,0.0004960222930168,0.0132681496488511,1.95,0.18,0.61,1.13,0.0116480078249346,0.0027311003940466,0.0113507838598492,0.003029038469732,-0.0014812573800302,-0.0057519808098129,0.001286635657502,0.0213248494842535,0.0038011447430692,-0.012050271077058,0.0235400919723627,467.1109104,0.0318869732003968,-0.011722565431965,0.0349228003694257,-0.100000000000001,0.0,-0.1192,-1.05109999999999,-0.0359193459957385,-0.0026560440581162,0.0151,0.0061412680220824,0.0183099811724876,38.9400000000001,0.0251361590472552,276527.46,-0.0052726404130822,-0.0128126707345695,4.17999999999984,-0.0166368329607733
1970-12-01,-0.0107735586615991,-0.0027186079765257,-0.0687748681483722,0.005075300958973,0.0116504286697383,-0.0545546264121892,-0.000353159551655,-0.054315192342079,-0.0349129984657015,0.0955283755585974,-0.4,0.0004687895143637,-1.5,-0.0182115544724866,0.0050024126104757,0.0020711477149113,0.0153891337006398,-0.0023952531595039,-0.0168100161069606,-0.0159817310977766,-0.149030302906443,0.0114298156425159,-0.0087979225051064,0.0096478859769728,-0.015613777759798,0.0029618322058553,0.0052767045992681,0.0092834122960701,0.0019703947746991,-0.0011783998604872,0.0128444151922107,0.0103565861377639,0.100000000000001,0.552326733,0.080762397,1.5334,0.5333,0.6,0.0780329092329231,-0.0095179551319937,-0.0076030886822673,2535,0.143343593315532,0.0031442271597343,0.0028798703865384,0.004814439947026,0.013704413503973,0.0067575296139961,0.0041484316090372,0.0091534803028281,0.0023332827075157,0.002129402991116,0.0020940533835283,0.0159566826735609,0.0040586273703651,0.0107533650016665,-0.0009094206576967,-0.0018958248757217,0.0037939634724635,0.0254902554871865,-0.0028980576680894,0.0027987097062887,-0.0015992561733724,0.0015260158538166,0.0015396473397446,-0.0008547930463391,0.0055933646129897,0.0042272201705522,0.0030306613315342,-0.0036157188488181,-0.0061146979511517,0.0027668867500469,0.0112527793779167,0.0025838838908356,-0.0098804608961118,-0.0047214740096377,-0.002444305429015,-0.0092126955321618,-0.0064634476252059,0.0183905573461929,0.0188934393852387,0.0061286158377011,2.4233,0.15,0.29,1.5,0.0036971010198669,0.0034036977072657,0.0029818473215028,-0.0034573166693299,-0.0099160905505328,-0.0003994049950417,-0.0073567245676002,0.0168062400414346,0.0050033442433967,0.0073984128655864,0.018274181702159,476.8662711,0.0204276045067289,0.0051371806692817,0.0217604301406062,0.0,0.0999999999999996,-0.119,-0.895100000000014,-0.0335929984248908,0.0,0.0154,0.0081301260832502,0.0267015596556233,52.74,0.0085562612325187,284188.97,0.0023433543294579,0.0007644854818327,21.6100000000001,-0.0187727451759914
1971-03-01,0.026799165184654,0.0190134323930469,0.10181223715111,0.0069094277303936,0.0040942603212341,0.110275872076975,0.0201464695585507,0.016629727140808,0.0082119565371146,0.0499312830599585,1.1,-0.01472558117446,-12.3,0.0102109014238181,0.0041843033302226,0.0090898362092088,-0.0118584260887742,0.0197591578040655,0.0338044708384206,0.0333513692328919,0.364982526267847,0.0154154907488038,0.0035434162751464,0.0038907751646846,-0.0001656423441671,0.0028276119429104,0.0085500003422414,0.0040575304279153,-0.0163734750103872,-0.0042538171197996,0.0011038205708215,0.0101144422795656,-0.2333,-0.0295683389999999,0.141524516,-0.400000000000002,0.0667,0.2667,0.0348441476546055,0.0047440086160905,0.0046120954614821,2483,0.0807703729749631,-0.0034094842119949,-0.0013538970640265,0.0020421895579954,0.005581751344919,-0.0015610979231848,-0.0058037122525425,-0.0024312838242543,-0.0012302665565799,-0.0071951862653105,-0.001353236234423,-0.0076763083237518,-0.0008297968775776,0.0006715015076519,0.0026764345480589,-0.0098951431340266,-0.003408463326977,-0.0185907232350893,1.78617742578879e-05,-0.0011694087412323,-0.0038351273052126,-0.0051663891512721,-0.0011361162825864,0.004227670855291,-0.0029023767121154,-0.0011551110803163,-0.0065598111212072,0.0115876190561299,0.0084126673285518,0.0008344122089329,0.0492216745500968,0.0103389071172231,0.0174542941077807,0.0120760115966734,0.010469966916963,0.0292053646381114,0.0286063615734466,-0.0097266996311176,-0.0087221877067404,0.0439631234211162,2.5133,0.08,0.21,2.18,0.0057695562985147,0.0081828368061689,-0.0002062206757722,0.0031383791676375,-0.0011247277200805,0.0066660801640852,0.0158591366850036,0.0249284116317092,-0.0068252118054674,-0.0265841738992636,0.0287817936736641,481.1882549,0.0285192011777955,0.0131786619243943,0.0303730952077466,0.0,-0.0999999999999996,-0.0223,-1.53979999999999,0.064082181274677,-0.0080107237460789,0.0139,0.0140705838969422,0.0345246303526077,-67.8299999999999,0.0274895009479987,266062.45,0.0208577265198837,0.0191685738739578,-79.9200000000001,0.0933975299321252
1971-06-01,0.0053935952621433,0.0091485610464623,0.0224201398532307,0.0100114501898618,0.0022948303986432,0.0279801377976749,0.0367045443461329,0.0239195354230448,0.0135250330233125,0.091204082732192,0.9,-0.0023132323764052,-4.6,0.0018323429563249,0.0074406697270141,-0.0074267979930891,0.0727275279581869,0.0144591202431528,0.0061164832497424,0.0063218481045903,0.0049352780684346,0.0076329904765328,0.0042756825152103,0.0050211855011923,-0.0006628936216985,0.0040702708251423,0.0077965105636987,0.0051404372889658,0.0044921465354361,0.0,0.0074495306958333,0.0089804164087716,-0.133400000000002,-0.0734853680000001,0.066736841,0.2666,-0.0333999999999994,0.0332999999999997,-0.0343413318017562,0.005854971153461,0.0032967953691791,2558,0.0916884319382447,0.0018617293599096,-0.0012495561992089,-0.0016885470381442,-0.0031841735409847,0.0006963014777667,0.0041932143487266,-0.0069666856013181,-0.0002445553353167,0.0087032474959314,-3.19475681238579e-05,-0.0178909379303325,-0.000330537288474,0.001821949231326,-0.0009710135813265,0.0233071405898326,0.0003511111551928,-0.0174618269961613,0.0009032955542997,-0.0006501617016869,0.002697169216177,0.0078664781523292,-0.0033704503812828,-0.0068507636045653,0.0056658633617239,-0.0014930423502397,0.0006920045675431,-0.0010512469681485,0.0233824351694083,-0.0001007667989956,-0.011339383361598,0.0130359273579659,0.003339639699091,0.0053986939565149,0.0018502563217639,0.0028137917524335,0.0004551388851012,0.0105330035047442,0.0117122852438194,0.0127032727480625,2.36,0.2,0.74,2.0,0.0084136796155744,0.011817217013955,0.0002211652922534,0.0174867493067579,0.0083686288674425,0.0167176053307605,0.0100861397290934,0.0079191710789867,0.0166290777841267,0.0021699411103641,0.0068754012703244,477.5530087,0.0061853276126768,0.0136146375455741,0.0059624736234411,-0.199999999999999,0.3,0.0141,-0.809200000000004,0.116546180474435,0.0026773777707165,0.0137,0.0119049025063185,0.0202584499790746,3.34999999999991,0.0327297525494146,270208.19,0.0149269272687462,0.0103130854227187,-7.19000000000005,0.0172681079815158
1971-09-01,0.0081908316184851,0.0079413846319802,0.0262349491145413,0.0093697934188821,-0.0020706541680635,0.0120596645086337,0.01705491114084,0.006822357217767,0.0043759446294444,0.0447515401925624,0.9,-0.000545851872264,-1.7,-0.0077898368523019,0.0033236620986727,0.0487784777283329,0.021865827640231,0.0052115325416668,0.0094775619011868,0.0094291338076049,0.0429505369334966,0.0108930982834603,0.0032476094584303,0.0048536711988305,-0.002656077258706,0.003555725651422,0.0084795203037444,0.0052963506630874,-0.0054930475198951,0.0104836462238787,0.0043705301526682,0.003229426429792,0.100000000000001,0.0102114900000005,0.0651224119999999,0.133400000000002,0.0667,-0.0667,0.0070131909680863,-0.0025999194536936,5.39553789149494e-05,2607,0.058018420072818,-0.0015244379835941,-0.0019589211614041,-0.0033098979496895,-0.003254588794828,-0.0027638138475825,-0.0040137907497648,-0.0093292229516945,0.0007554318483569,-0.0016485000410844,0.0006631215197403,-0.0195002041075187,-0.0003712997384131,-0.0068317199471703,0.0044344206464961,-0.0097476325156451,-0.0044857484687517,0.035501899286448,-0.0019043756151244,-0.0005607899812516,-0.0009697744631971,-8.03205318353761e-05,-7.72024514845704e-05,0.0023842860179677,0.0021463731222652,0.0030509965179641,-0.0016522994657419,-0.0044858221553894,-0.0316647178376068,0.0017082889337674,-0.0093906972216304,0.011246306604153,0.0031771157405295,0.0037540446751256,0.0072415032377888,0.0094298893699855,0.0120454703410866,0.0050793992016702,0.004208337216546,0.0177965661890629,2.22,0.26,0.74,1.47,0.0133569443188453,0.0071800471370355,0.0121798285998453,0.02051082605976,0.0133604563694369,0.0277579553345957,0.0152722510039176,0.0062959352561051,0.0160173188343844,0.0108057131722541,0.0051194956529716,477.5090123,0.0038716673769041,0.0141898799613127,0.0041990503615192,0.199999999999999,0.0999999999999996,-0.0006,1.07149999999999,0.0126633548192085,0.0026702285558788,0.0128,0.0117648415795863,0.0253528451134652,-45.96,0.0248799907025035,259017.12,0.0155902346574361,0.0131413311896313,-54.1899999999999,0.0671787113054183
1971-12-01,0.0023458926521939,0.0164563511876477,0.0417840839498655,0.0155256306739027,0.0067411464601674,-0.0272977600206463,0.0258930827133392,0.0338745312945496,0.0202314344100181,0.0378751399215389,0.0,-0.0070928400946757,-10.2,0.0085462981340462,0.0125126944746734,-0.0968564285593905,-0.0701902778806156,0.0115915531823099,0.0019012984151958,0.0017761627173027,-0.0074813074046824,0.0103422089163994,0.0054820859869781,0.0085082760037966,0.0003324081826558,0.0073828606976409,0.0073358945018053,0.0083439447303455,-0.0508453516340159,-0.0030512991456515,0.0106037744339762,0.0120625458071295,0.166699999999999,-0.0530265420000005,0.023597482,-0.166700000000002,0.0,0.0,0.017075396316387,0.0101172507108345,0.0106262180564709,2684,0.0504788479595408,-0.0036361200514512,-0.0036899061551554,-0.0017710672013127,-0.0023258183513683,-0.0033346620259338,-0.0026121773712768,-0.002912688199677,-0.0045724022065312,-0.0023523869117054,-0.0044545364426866,-0.0002717951657631,-0.0031288639784889,-0.006792048786119,-0.0043921390864962,-0.0014439786270403,-0.0017601100231328,-0.0062876950128005,-0.0026360752588017,-0.0044658139137858,-0.0010393787255069,-0.0159444065542034,-0.0044547475498584,-0.0040338759153248,-0.0056958389454404,-0.002682679443775,-0.0031560456184527,-0.006982447934321,0.0245667877953135,-0.0100243289346489,-0.0056905845050554,0.0088728673381082,0.0057490428521478,-0.0004976517162829,-7.84307574459575e-05,-0.00873347818069,-0.0083402130092995,0.0155877371804611,0.0155613597766169,-0.0162810069755057,2.5233,0.17,0.5,1.66,0.0095119278751507,0.0019820422706624,0.0118763026921602,0.0284119286113773,0.0235766012250824,0.0263148745093522,0.0235103730523285,0.0231843485695737,0.0257101895617797,0.0141185623057911,0.0228763974570896,482.9280819,0.0255806865250499,0.0153806841446382,0.0281979541230548,-0.6,-0.399999999999999,0.0131,1.44499999999999,-0.0456257168296208,0.0132452267500205,0.0122,0.011628037995119,0.0303338063781737,-34.23,0.02640178710835,249795.13,0.0185268118802195,0.0164339466175294,-44.0700000000001,0.0626549241693031
1972-03-01,0.0182054300237375,0.0131117463307167,0.0226246517025972,0.0167357761487494,0.003201139333357,0.0638140628447692,0.0417957766708614,0.0372856558815498,0.0313762254975849,0.0635955229279332,0.3,0.0054310605422927,3.3,0.0776278077999297,0.0027677189023869,0.107661428088932,0.136406972325907,0.0045687185913045,0.0267682153531847,0.02373490424961,-0.0042166860247099,0.0363318960314203,0.0112622385185688,0.0091363486042244,0.0100852141086571,0.0092903673431781,0.0133881508178817,0.009170252326534,0.054344430347844,-0.0017646025401187,0.0121516863398261,0.0154973841195751,0.0,-0.210772465,0.039662003,0.466700000000003,-0.2,-0.3666,-0.0324177622460882,0.0123932659251125,0.0112185768022552,2920,0.0840958468348632,0.0043362248553688,0.0038557336962301,0.0076455313391479,0.0031309440334865,0.005873859620181,0.007247847025507,0.0137364666681092,0.0014705223388249,0.0044802137513362,0.0014815936501873,0.029646312333802,0.0016272638896728,0.0025871309122296,0.0035389306238311,0.0143957471373528,0.0024610463513266,-0.0252445345728329,0.0019974301315319,0.0019900673260724,0.0003914752460265,0.0033661133651041,0.0035646706312864,-0.0009132338747481,0.0059249722841014,-0.0007948949444345,0.0030375036445065,0.0163454183984779,-0.0090558394375959,0.0080793917258215,-0.0224496888205472,0.0122105613609276,0.0157483896118236,0.019349280377047,0.0179406288788204,0.0155423858352801,0.0113408413756093,0.0147121720328434,0.0118938605445904,0.0123320492793439,2.2,0.37,0.97,2.6,0.0035401987664878,0.0112766333988326,0.001380781085837,0.0257362175600653,0.0175583004304567,0.0312313114471285,0.0150414261404492,0.0243533945439829,0.0041562076910182,-0.000412310934899,0.0267903152249129,493.7796757,0.0231490846947757,0.0282846372297971,0.0241690643394019,0.6,0.7,0.0572,-0.130599999999987,0.203768276368638,-0.0052770571008438,0.012,0.0133973295718213,0.0353232459182298,26.02,0.0204299237956604,252249.05,0.0186201323614998,0.0181367340962941,6.99000000000001,0.0106539261988257
1972-06-01,0.0224392220093801,0.0188576193300189,0.0247990589907525,0.0119704475651039,0.0266378705282442,0.0552476356983744,0.0171255610473136,0.0225476849073249,0.0161972723681005,0.0191515134920417,0.9,0.0039955988471502,3.9,0.009636796871483,-0.0017181642722761,-0.0296159340687225,-0.0361756722547577,0.0103337777469221,0.0267359544677936,0.0286040237850544,0.0304982143126304,-0.0065965174866948,0.0115530795264558,0.0158937238319385,0.0099845661291846,0.0138663050053012,0.0106615027647425,0.0158043067194775,-0.0045011328807911,-0.0047208750209621,0.0120057939241169,0.0097109099707566,0.100000000000001,-0.0766165399999998,-0.0329287789999999,-1.4667,-0.1333,0.2,0.0258942483950086,0.0050947927030362,0.007240881954452,3060,-0.0754001795656007,-0.0047204809227907,-0.0028086501563735,-0.0097946366564123,-0.0047576216008415,-0.0070386287168227,-0.00691976899216,-0.0034705206530159,-0.0025561006108811,-0.0085077214563069,-0.0026164467120644,-0.0070275599536366,0.0004269612255711,-0.0009068209558904,-0.0047282472870313,-0.0178686552903113,-0.0031446811262139,0.0056844487118135,-0.0024509153335512,-0.0022508924679072,-0.0034831335282365,-0.0055035992002672,-0.0036164121452855,0.004254668268496,-0.0106646853898797,-0.0015566404675353,-0.0008313788142393,-0.0061827519327613,0.0027975468983516,0.000787633032329,-0.006741449530355,0.0085238288371969,0.010689358089599,0.0052348173229646,0.0047037209159492,0.0195033218796539,0.0235019676476149,-0.0123822966128961,-0.0078041739855834,0.0241699288092154,2.08,0.46,1.07,2.37,0.0137263558071279,0.0098593356983229,0.0234510393816727,0.0328527370655189,0.0257034216524339,0.0422702653982325,0.0269253661946642,0.0101692809163882,0.0301139012474101,0.0197800048684673,0.00776327833956,492.5120317,0.0098346100499728,0.0112587514820497,0.0093041592636087,-0.3,-0.300000000000001,0.0355,2.11269999999999,0.166051205995498,0.0079051795071134,0.0118,0.0150946262224849,0.02331808635393,-3.46000000000004,0.0511427217198044,258524.42,0.0220697751566554,0.0141160309794142,-11.61,0.0265694766510176
1972-09-01,0.0093966095736259,0.0152937135222633,0.0253436168326742,0.0134663576662257,0.013685079392272,0.0140996974953769,0.0112793088281515,0.0236874099145705,0.0145594475372759,0.0047948629928846,1.1,-0.0192403385543329,-17.1,0.0044301956793928,0.0080318765084843,0.058543737756608,0.0205988148274576,0.0192630324482046,0.0114033421566471,0.0105577855070615,0.0443791326061231,-0.0043067449776041,0.007281565441584,0.0102754705996624,0.0061698198642261,0.0087793768692847,0.0088634509121909,0.0103410087203297,0.0149256502166759,-0.0062897139276421,0.0087367321410623,0.0165158683474029,0.0667000000000044,0.0058008129999995,-0.0803522980000001,0.233299999999998,-0.1667,0.0332999999999997,0.0256017887160329,0.0076866151182519,0.0056787652390886,3259,0.0614345722096017,0.0029637070578347,0.0007508848666089,0.0028953840351273,0.0034548673887107,0.0043079579149676,0.0045081650990672,-2.60588065668088e-05,0.0014616106572154,0.0064626017154814,0.0013393960673631,-0.0025013744547699,0.0016936850218618,0.0010465643427108,0.0033561372010062,0.0086004689110965,-0.0019249454264862,0.0283468580355271,-0.0007889439063961,0.0022844441124254,0.0055428804396937,0.0030358797698939,0.0016254717258257,-0.0016654500058472,-0.000148424214164,-0.0024096197936258,-5.76439992707733e-05,0.0040454322151304,0.0118755668703301,-0.0045015514039299,0.0011214538595947,0.0015458154652754,0.0078395882223314,0.0052075566532563,0.0024965742525715,0.0057196634771443,0.0028763092646704,0.0076325358046429,0.0074425364870669,0.0037609935734317,1.88,0.51,0.93,2.07,0.0110731498073307,0.0126675758500658,0.0192280180844397,0.0337015817789634,0.0207015792207734,0.040293015855684,0.0225267799008382,0.0198371002401156,0.0201533846022235,0.0008904305714514,0.019798363660648,492.7759108,0.0180821546501555,0.0255223890593186,0.0185475183597656,0.2,0.100000000000001,0.045,0.39500000000001,0.140258092516413,0.0078431774610259,0.0115,0.0111733005981254,0.0184379894750375,-12.01,0.0310754509165285,258859.25,0.0205468643322408,0.0175956454712125,-11.2299999999999,0.0297810179152904
1972-12-01,0.0166057172280141,0.0231953384116323,0.0515635396781517,0.0177084908347886,0.018745085106155,0.0062512743744402,0.0428790410303721,0.0737026519116011,0.0467696108186688,0.0352318775464431,0.6,0.0082383712667191,1.0,0.0230999438667538,0.0136508799195001,0.0414161396354515,0.0440631108365768,0.0392996027391401,0.0188605276349576,0.0198375809863434,0.0676724409020437,0.0399420455213826,0.0134335232214511,0.012462057699052,0.0135050286249534,0.013676024782816,0.0145574358215406,0.0119595842333124,0.0073801072976218,0.0041580220040282,0.0094656022996728,0.0096708834759002,-0.100000000000001,-0.217503225,-0.061878499,-0.433299999999999,-0.2333,-0.3667,-0.124561482382329,0.0090831110616909,0.0104541105006373,3624,0.0700285673508612,-0.0006320112051381,-0.0012299082162647,0.0022832225084599,0.0037595343599989,0.0022557993203431,-0.0007491987485632,-0.0083067432573029,-0.0004090445906079,0.0026528971619113,-0.0005562141955164,-0.0202069407239094,0.0014452830380973,-0.0003688045315444,-0.0009955635283023,0.0020791860462883,0.0100409528976195,-0.0005167849055718,-0.0014458364601361,-0.000284992002498,-0.0045243783878201,0.0032371307628653,0.0003738181574752,0.0008057928684981,-0.0053828717268911,0.0029640660895595,-0.0023008836610851,-0.0051500226054774,-0.0033221638140461,-0.000911527044515,-0.0019651877088016,0.0180465490426567,0.0141248360234347,0.0083898911898225,0.0099395772456549,0.0084081648090808,0.0107414873165665,0.0094770679960838,0.0102557619977386,-0.0008449911309273,1.62,0.31,0.57,1.51,0.0003907194869885,0.0139403759242116,0.035586393768595,0.0317651621851427,0.0265070675428642,0.0397752183262208,0.0262241065066409,0.0433402637662894,0.0261886333776316,-0.0131111410977764,0.045413796091859,495.7979329,0.0444288248512734,0.0398192962731976,0.0484763982099281,0.2,0.3,0.1119,-1.6925,0.159540338054212,0.0155041865359651,0.0119,0.0092166551049239,0.0538611044680231,71.48,0.0352598027046618,271346.3,0.0241557501662193,0.0210005316660773,30.5899999999999,-0.0118515384932927
1973-03-01,0.0244481117840039,0.0180928883009592,0.0616801281306358,0.0127782246660217,0.0060871599478824,0.056951508288936,0.0384728859682113,0.0534556208772923,0.0410799446984518,0.0334323584854817,0.8,0.0085791616291919,5.3,0.0531971184919255,0.0045382681633485,0.0706010362963925,0.0451752132367753,0.0075561121232148,0.0372352714275843,0.0317831284045824,0.0285854109087293,-0.014013562252956,0.0150346324036104,0.0142348780783212,0.0106426546585778,0.0135497865255552,0.0133394596091918,0.0145388517109959,-0.0029455102297566,-0.0042770648036265,-0.0005745906036382,0.0106183891590241,0.0666000000000011,-0.246292022,-0.108084789,-1.2667,-0.2667,-0.2666,-0.0565090253157345,0.0132656785433305,0.0148780277613803,3955,-0.0619194556112239,0.0039294643494955,0.0006844487449524,0.0013265536302351,-0.0051672906227064,-0.0011198341330755,0.0089140766580859,0.0073504938625923,-0.0010239957595699,0.0096912035072853,-0.0003446188794522,0.0189811095281494,-0.0012230850843142,0.0009275836185134,-0.0059810410604317,0.0231710019412281,-0.0024830505319553,-0.0066263814156664,0.0031230006345506,0.0046142533630475,0.0017581598950378,0.0019115834911218,0.000366645116312,0.0004020487751277,-0.0149366304265226,-0.0059780512491216,0.0022048496345643,0.0374926254865384,0.0482995670053565,0.0138006737912488,-0.0048150161481386,0.0128104845248598,0.011318221372091,0.0104263806096538,0.0132254968877072,0.0223702449444292,0.0185355230615434,0.0102942085531614,0.0036807445918469,0.0094419697439831,1.3633,0.29,0.61,0.9,-0.0162972682304154,0.0042242897551751,0.0602228476575197,0.0361636358293547,0.0391736357143273,0.0427837185488054,0.0373116154472726,-8.58613364478344e-05,0.0135512007725263,0.0059951472455859,-0.0017310348834112,491.2147368,-0.0055971348455674,0.0175763241821549,-0.0087475992140451,0.399999999999999,0.2,0.124,4.2901,0.0939490889446191,0.0152674721307886,0.0118,0.0163788920840395,0.0217699966906473,-0.949999999999818,0.0521369120774331,279476.58,0.0302485689421097,0.0238722978867116,1.19000000000005,0.0226144714962064
1973-06-01,0.0108285929301388,-0.0004507964013686,-0.0117743067868661,0.0084508375374339,-0.008397585810397,0.0417426658229854,0.0077100478185618,0.0450916526682539,0.0365052937595083,-0.0526914405133123,1.3,-0.0070684767259781,-6.3,-4.42481816831375e-05,0.0015819945913158,0.0470517854722718,-0.029247932318647,0.008404090357299,0.0107715743081949,0.0131987364751969,-0.0113582569638662,-0.0079402073801304,0.0093527606110868,0.0073386333606926,0.0086525985540548,0.0077189205400056,0.007856474841061,0.0074438001689518,0.0063709602008046,-0.0015490262257351,0.0041298670132397,0.0122746566240455,0.333399999999997,0.002416492,-0.063074141,0.300000000000001,-0.0333000000000001,-0.166700000000001,0.0752819314043647,0.0106798485427797,0.0103783258206605,3947,-0.0958609922666129,0.0069859805198508,0.0065830175303562,0.0037881342955494,0.0087046902952638,0.0051800304270592,0.0069306535071764,0.0037087195728586,0.0071654388445012,0.0085560185637914,0.0062965048513925,0.0045536245657249,0.000603557868537,0.001207449730896,0.0139668657389294,0.0080032297961985,0.0060746561884563,0.0209709434634036,0.005365473416167,-0.0032604504938609,0.0031282405656671,0.0017939251022158,0.007577241194876,0.0131605073220875,0.0245998916965808,0.0143969718459021,0.0028959784296813,9.8719245651413e-05,-0.0062880855124851,0.0122035955757047,0.0443794238847177,-0.0089642312852098,0.0018518400985478,-0.0068244427309052,-0.0069896789744223,0.0003671904571738,0.0025183597178943,0.0111887825713031,0.0134986372341235,0.006907929832244,1.2867,0.19,0.41,0.2,0.0020493842494913,-0.0090410890218084,0.0534515526016346,0.0306396618690918,0.022506179178686,0.0382070569297444,0.023676767881966,-0.0029376233191094,0.0176264083549391,0.0092223274694687,-0.0054665725551377,484.4483609,-0.010737428396201,0.0213768526514624,-0.0139899629050984,0.4,0.0999999999999996,-0.0005,1.37559999999999,-0.0911767724371195,0.0175223506922024,0.0123,0.0178895647507751,0.0168719039090597,53.6699999999998,0.0467311390951988,301709.93,0.0293745296275905,0.0241790647136924,52.5799999999999,-0.0298164881060012
1973-09-01,-0.0052722572435417,0.0035134185010221,-0.0086921023993165,0.0065956278633061,0.0047688991394974,-0.0369333384994475,-0.0027059237674507,0.0123192097282523,0.0152892686199841,-0.0433380119840177,0.7,-0.0118327157325346,-13.4,-0.0066563850641561,0.0104688731948812,0.0033631559264701,-0.0280130731282293,0.0045103234584882,-0.0026820356043195,-0.0082425062735578,-0.0180142093538653,0.0184801740907155,0.006197471585601,0.0078735398407605,0.0054674977608835,0.0068562363472644,0.004248154087449,0.0080577906506462,0.0212671626193242,-0.0065801398311622,0.0050245395190353,0.0084261010470019,0.033299999999997,-0.0565576949999995,-0.040293832,-0.4,-0.2334,0.1333,0.0624960433081503,0.0057112794060421,0.0067318948950054,3968,-0.0345287075444656,-0.0009729344708406,-0.0003274131445731,0.0025413988387339,0.0030175881859788,0.0054671795147793,-0.0039454990618286,-0.0029292326156849,0.0017648660915345,-0.0046022127991434,0.0014367669351873,-0.0066820812920731,0.0012635189099361,-0.0007919643702853,-0.0038663047219884,-0.001030115898132,-0.0090038336866635,-0.0161633987030778,-0.0023042786543143,-0.0007342513761119,0.0006683484281424,-0.0011282256265081,-0.0036519462055499,0.0015534738600617,0.0001378074727007,0.0096731972088335,-0.0001084884851048,-0.0071726792950306,0.0030823451273702,-0.0180449381829475,0.0435094739034456,-0.0018390637511767,0.0052826691475291,-0.0023898800005035,-0.0011747343138344,-0.0093948336348828,-0.0139639838922729,0.0323341280194733,0.0265654457456534,-0.0111504593314309,1.26,0.08,0.18,-1.12,0.009460364318806,-0.007964031013147,0.0336129312871174,0.0191129941356758,0.0173273149113626,0.0329240490503926,0.0193459764435584,0.0223292888202309,0.017286483713379,0.0127760414866254,0.0229549771425841,493.4665976,0.0197945895128449,0.0300644334282367,0.0207136468247207,0.3,0.100000000000001,0.018,0.93210000000002,0.0304572391906994,0.002478316014467,0.0117,0.014084739881739,0.0239631098092747,-40.05,0.0148857270434242,288806.66,0.0236506457396857,0.0262678248089365,-31.8199999999999,0.0585944031960306
1973-12-01,0.0094475395311839,-0.0029869801747359,-0.0232582154169005,0.0036368479218627,-0.0038537987122504,0.035000064747746,-0.0082304066966862,0.0162152083738576,0.0074729188631375,-0.0460096153994112,1.7,0.0074744519289966,0.9,0.017486662508837,0.0120978854990952,0.048021339851875,0.0074294373754098,0.0108815661293811,-0.0012347025572641,0.0099481552871671,-0.0085492195459799,-0.0107478605160982,0.0093396830801673,0.0160138402175161,0.0086862342331945,0.0143091744401431,0.0109121362689013,0.0152649056670793,0.0236306358681944,0.0088432817654871,0.0091842587770552,0.0107763074939857,0.300000000000004,-0.0589214849999999,0.034417403,0.333400000000001,-0.0666000000000002,-0.1666,0.0287432945943227,0.0059208145012412,0.0050152055565533,3904,-0.220950224412681,0.0021930320317453,0.0006292323917262,-0.0017701985038605,-0.0087890749869479,-0.0001604145170039,0.0031804156739263,-0.0017271637200728,0.0013739651739936,0.0051699654171497,0.0021771125137348,-0.0037960596010058,-0.0003550075040088,0.0015279597669177,-0.0050930470509698,-0.0119210135990837,0.0029494182309095,0.0772666494681813,0.0013915820585657,0.0027862735859769,0.003675749500962,0.0035527920905487,0.0039414740683652,0.0127640448790856,0.0016288269233193,-0.0096528155010453,0.006370579905679,-0.0324688617400555,-0.0519464933905116,0.0135105609687884,0.0682023303208368,0.0041138701740606,0.0026943134164816,-0.0049923269985692,-0.0064554880207241,-0.0062541205383106,0.0040321272825041,0.0144692533446222,0.0262118258317079,0.0178733285074704,1.6833,0.11,-0.09,-0.75,0.0033681060371089,-0.0125355695832754,0.0038545842965387,0.0114132595517606,0.0113579525556116,0.0270466467400725,0.0127800049588096,-0.0173158878711508,0.0116860679641082,0.0008046502824612,-0.0209627110797825,478.0002128,-0.0283173306295748,0.0153659952106278,-0.0325740692192085,0.5,0.3,-0.018,-1.10430000000002,-0.0872056230260245,0.0244510958641642,0.0123,0.0156117654721133,0.017091677759792,49.51,0.0016920833393392,296782.22,0.0122041646836717,0.0153118700976389,40.39,-0.025549103861799
1974-03-01,-0.0086342204811273,-0.0089870950527402,-0.0231746281254441,-0.0018874858808724,-0.0134346920988282,-0.0588027352355152,-0.0195464367806242,0.0011669174381454,-0.0010221325692274,-0.0668050032994749,0.8,0.0179038285453377,10.0,0.0088538358857484,0.0125479575465945,0.0128838148666031,-0.0345122294308933,-0.0167420065981752,-0.0065621817693393,-0.0144260486201508,-0.146643723074459,-0.0237235803652274,0.0041537632470376,0.010874526660178,0.0036997113836427,0.0081738892147207,0.002094364440266,0.0108091457069497,0.0221718079089941,0.0098266107720839,0.0118929035561859,0.0042621777429836,0.2333,0.325840308999999,-0.009839546,0.1333,0.4333,0.2666,0.0292457214935009,-4.83890479552329e-05,-0.0041498656902669,3735,-0.109018737662795,0.00909808778598,0.0031927314852437,0.0028647870325762,0.0086015091753131,0.0010867457424805,0.0166397825160467,0.0078309732512869,0.0017592221128355,0.0200330159141133,0.001010002760236,0.0028965527896307,0.0116056209424134,0.0055916249660974,0.0167924449489432,0.0142554036971254,0.0095933931504133,0.0763784894874133,0.0073681684861561,0.0015927058570435,0.0036615155097727,0.0010617632474314,-0.0004946863999655,-0.0174667653871028,0.008469784244681,0.0085402317986975,-0.0009787751142109,0.057021029158804,0.0401899831504284,0.0352549970456502,0.311305745406975,-0.0065317537212292,-0.0031914251082634,-0.0068921586400838,-0.0115326048607685,-0.0024158845098223,-0.014377985967295,0.0321841578750743,0.0248586960656101,0.0176496575744958,1.49,-0.14,-0.26,-0.56,-0.0184293478330417,-0.0129323608705656,0.0162952513559143,0.0036900663245349,0.0019046629708512,0.0165109202449445,0.0010238538140559,-0.010950553038036,-0.0105257061811885,0.0062162328668211,-0.0110048161589926,480.7504192,-0.0064987068834057,-0.0240041551153496,-0.0081837648496012,0.5,0.7,-0.1006,0.806900000000013,0.007325344361984,-0.0048426244757877,0.0124,0.0153717800478541,0.0266229009700663,51.6700000000001,0.0235142051500787,308749.37,0.0046323985112586,-0.0010133334983706,15.2500000000001,-0.0160169609067982
1974-06-01,0.0023741495820974,0.0035942721662909,0.0055661393799111,0.0099461268094778,-0.0066506626425777,-0.0039988027405373,-0.0123060058416407,-0.001588311802271,-0.0017273941999942,-0.0411997194838287,1.1,0.0049977185362326,-1.4,0.016633699070872,0.0122577826628749,0.0476125544523844,0.0516250343771141,-0.0093441464874999,-0.0002926543772718,0.0014703722690283,0.0251088296127908,0.0715211618572611,0.0031727353384791,0.0108204935307175,0.0010765398963581,0.0077734474143902,0.0079066330810526,0.0108547359835658,0.0261511289795067,0.0082131401492553,0.0097669921272736,0.0046435294197895,-0.166600000000003,0.0473443950000005,0.028656701,0.533299999999999,-0.0333000000000001,0.0,-0.0174687141310175,-0.0017758839687687,0.0027076653391722,3769,-0.19744412440176,-0.0014080559310318,0.0075223469129617,0.0019300299330158,0.0089622982170558,0.00396143036046,-0.0059439247207557,0.0139808646559567,0.0030132760982213,-0.0144078154223526,0.0027465727104401,0.0276680059373922,0.0104269034451834,0.0020758220769936,-0.0010277015093063,-0.0231789527062167,0.0115409000450954,-0.0854746906090895,0.0177554227282144,-0.001037665158905,0.0067560171801965,0.0097217157765512,0.008205125732033,0.0059477133896876,-0.0045015509712049,0.0038277010421623,0.0101309721583442,-0.0307282454896018,-0.0691019386996468,0.0188049298215214,0.0153213829334833,-0.0065677759916358,0.0017122198559427,-0.000772101441008,0.0039354153494839,-0.0029950032297669,0.0032332276168132,0.0271305261260397,0.0286637183427922,0.048880339560629,1.52,0.13,0.54,-0.61,0.0031165214939399,-0.0170236083795059,0.0456810444506086,-0.0078560122493964,-0.0092041479584033,0.0135142558421197,-0.0070520404070677,-0.0239194769695548,0.0066611678465937,0.016005403207199,-0.0278980912806652,471.912934,-0.0235042277149944,-0.025148531599438,-0.0282490102743349,0.500000000000001,1.1,-0.0054,-0.896999999999991,0.0417493323807854,0.0072551708811718,0.0132,0.0234516610350497,0.0257073445473797,103.4,0.0244717839471225,334131.72,0.0021611842017037,-0.0046834630061969,52.3499999999999,-0.0545337517168214
1974-09-01,-0.0094977348736389,0.0042864525979045,0.0056325517532185,0.0052412503984369,0.0021383149678131,-0.0532204277099515,-0.0165902969696701,0.0048532840689592,-0.0102446630053992,-0.0344106147797367,0.4,0.001987336470191,2.6,0.0088670492691163,-0.0018325983119593,-0.0553832611628344,-0.017623411650904,0.0009031642504133,-0.0137038908744254,-0.0139076069138091,0.0414797264380371,-0.0007564255217311,-0.0002955580752708,0.0113271463596281,-0.0010765398963581,0.0071605312353497,0.0068143303561836,0.0108975116900645,0.0237478178500368,0.0071025389856638,0.0100006218941253,0.0093415979547,0.166600000000003,0.39261489,0.029324672,0.9,0.3,0.5,0.0825556563568677,-0.0054603773212527,-0.0033898900837998,3453,-0.498615845697202,-0.001315735623542,0.0036323309857371,0.0083792278823433,0.00889343364573,0.0062451403187031,-0.002118793287102,0.012393277105371,-0.000478070418576,-0.008135419123842,0.0006830257444305,0.0224088777453888,0.0086663931146695,0.0065350246388655,0.0001236164853417,-0.0021826417325523,0.0012740641299311,-0.073737958413306,0.0116237575312508,0.0015884735687432,0.005515232097117,0.0041696258272696,-0.000665402183281,0.0042462517395351,0.0009306927231893,-0.0098136572062839,0.0080306818878015,0.0344806575154184,0.0470384232175496,-0.0137893435633005,0.0807935968677738,0.0015286833258398,0.0043691837646013,0.0013923784675293,0.0039656565553629,-0.0103085697335059,-0.0084465745871455,0.0401377456054623,0.0394604377024055,0.0146628943064959,1.8467,0.34,0.82,-0.23,-0.0042319229286027,-0.0189192754034861,0.0188370027372029,-0.0192162885234843,-0.0159856514156296,-0.0023553090026933,-0.0115107447860829,-0.0319195305397919,-0.0013205810521759,-0.0022238056107291,-0.036040252514475,454.7968231,-0.036426129397519,-0.0186850363975513,-0.0443700311021136,-0.200000000000001,0.0999999999999996,-0.1258,-2.4759,-0.0831069858491329,0.0048077015681031,0.0155,0.0245310747497813,0.0272862994488676,270.6,0.0074963118769737,393683.82,0.0096295712990901,0.0102777397409497,195.39,-0.156516372562836
1974-12-01,-0.0038916202628218,-0.0147250302168427,-0.100474154603802,0.0101894931234394,-0.0181326093626746,0.0060514556833553,-0.0555729786728385,-0.0416173026327664,-0.0266298143483938,-0.140331084813384,1.3,0.0047745984590292,4.0,-0.0414173828886906,0.0003648131690079,0.0257873406947375,-0.0099590532193731,-0.0013369820354576,-0.0075955387879447,-0.0069895068603478,-0.0701709957111118,-0.000404151003662,-0.0096665944659406,0.006945327413451,-0.0128534173749806,0.0015474690787087,0.0021199983775819,0.0063553121439294,0.0069293912377519,0.0005799570969262,0.0164844965658286,0.0149232976865079,-0.0666000000000011,0.902259122,0.069891115,1.5,0.9333,0.9,0.130763062467603,-0.0148293931388661,-0.0164807543228562,2857,-0.353180423862123,-0.0015044335096159,-0.0040363387264528,-0.0004417260045759,-0.0019150677862951,-0.0012679459056035,-0.0017810468126948,-0.0066017957210133,-0.0011650097084627,0.0002205357245581,-0.0012085181388843,-0.0159542153707855,-0.0028585245639236,-0.0024089182227395,0.0081850046022244,0.0201712260444022,-0.016080044544144,-0.0285298774384461,-0.0073356802892914,0.003881972614586,-0.0028923528191389,0.0018285528990555,0.0016155665882662,-0.0051339891198227,-0.0009031657822742,-0.0101265905508896,-0.004972279231084,-0.0342655434651538,0.021369196846333,-0.036369449973674,-0.0165437666026218,-0.0013014308167478,0.0029276207583794,-0.0032266155376721,-0.0058165882857537,0.0088739600874556,0.0078326102914845,0.0166161392255311,0.0181162736726992,0.0506562701368662,2.9,0.1,0.31,0.31,-0.0121551255980901,-0.018279545182005,-0.0018993813095553,-0.0237006284181609,-0.0258296245620677,-0.0093408050111003,-0.0233326217366585,0.0018273840226275,-0.0053507755149944,-0.0040138487055916,0.0028063582936681,456.6852213,0.0010382701928008,0.0041191237864151,-0.0006916172591946,0.4,-0.0999999999999996,-0.1953,-3.56120000000001,-0.129674449073827,-0.0902868466721005,0.0129,0.0239436817526297,0.0955548115074869,2.21000000000004,-0.0059984263297518,356153.19,-0.0018879778142206,-0.0006343387961784,-115.06,0.0941884679070002
1975-03-01,-0.0122510822991373,0.008352526555301,0.0202861031551764,0.0093384565156071,0.0017523335984721,-0.175639022014552,-0.0590716012550354,-0.0758054257420167,-0.0587262668325579,-0.0593605516154945,-0.6,0.0108241470185115,-4.1,-0.0450721235745748,0.0291740051767349,0.0069495477859913,-0.105718994438549,-0.0015052548296772,-0.0240574428479312,-0.0185116864169554,-0.160420424209226,-0.0083991157364287,-0.0224416750774221,0.0045010342182685,-0.0299001942008355,-0.0055932639397404,-0.0047915118061681,0.0044247701425348,0.0234603210030135,-0.0003479269348183,0.0200198464562185,0.0141275393907971,-0.0666999999999973,1.395571294,0.265260322,1.8667,1.7,1.6334,0.174817444840615,-0.0318492388664193,-0.0314392390934595,2408,-0.015063043789989,-0.0064631885579307,-0.00479399996658,-0.0075518340201377,-0.0027543138176482,-0.0064838673455098,-0.0142238714277449,-0.0152417443239754,0.0007091379851753,-0.0138438548157898,0.0003740843308452,-0.0251687832870915,-0.0121548281067012,-0.0020171101904296,-0.0155932065497484,-0.0270157675852336,-0.0106206965871847,0.0183009421423619,-0.0100118049345972,0.0073200385085137,-0.006341943698211,-0.0047264782329499,-0.0016218697380305,-0.0030346601369974,-0.0032768285486852,0.0007332776980844,-0.0077424314739262,-0.0349656785741983,-0.0604278640288314,-0.0150417374366123,-0.0162212544366325,-9.0865811256613e-05,-0.0002829981097605,0.0082051277441026,0.0106153097386796,0.0073937490249385,0.0133535655777148,0.0184156585476871,0.0219815042934197,0.0494009938732152,3.1067,0.12,0.56,1.79,-0.0282575461300203,-0.0149827384704357,-0.0207371896288073,-0.022770554322026,-0.0182001373730749,-0.0085721234991815,-0.0194062183847521,0.0224310353213273,-0.0203128219291768,-0.0188076433937798,0.0281024407175803,470.4087957,0.0223452361027832,0.0226802617161077,0.0249427648205955,0.199999999999999,-0.8,-0.1589,-2.00389999999999,0.0797232932169418,0.175297822914647,0.0129,0.0094192219164916,-0.0701482783098797,-351.47,-0.0026762029423306,298038.44,0.001688995359343,0.0030452444909663,-183.21,0.175462468659119
1975-06-01,0.0071215930455164,0.0163146189010845,0.0187216420655378,0.0118860513407819,0.0217808398460182,-0.0302234594917827,-0.0119542717289844,-0.0212181787329468,-0.0243376820878138,0.0268519808013687,-0.8,-0.0084818411018297,-3.9,-0.140887491581394,-0.0072581683858565,-0.0295845037878877,-0.0834100998299805,0.0452187323221427,0.0065634059930994,0.0079160102816762,0.121274675632939,0.0180539419505976,-0.0082542222110966,0.0064999125091205,-0.0126052087152733,0.0011100683859286,0.0030352600246779,0.0061306487700543,0.0058847584705814,-0.000116025752697,0.0049429348155776,0.0089913142018431,0.133299999999998,0.172113471999999,0.439103503,0.799999999999997,0.766699999999999,0.333299999999999,-0.0239457898392121,-0.008119078178737,-0.0091924021093143,2402,-0.144918722461005,-0.0064554340629707,-0.0042190881726704,-0.0079786876133178,-0.0109964205964528,-0.0101488557638429,-0.0069550054561449,0.0022718204486613,-0.0060246939404624,-0.0105296065850657,-0.0056022800227144,0.0081928469307683,-0.0057809142269729,0.0066744697097487,-0.0025350698673536,-0.0201245709844131,-0.0010720406855462,0.0154712074825638,-0.0152729722058438,-0.0106231854611734,-0.0026906026420414,-0.0065562129807932,-0.0120158999397812,-0.0086092790030014,0.0013095502683628,0.0018712860069984,-0.0054053484277645,0.0115995520078958,0.0255449023112551,-0.0045154285685193,0.0422364707972296,0.0028095212662333,4.29585054826376e-05,0.0090037387003194,0.0085981161425881,0.0157483569681389,0.0160309796382521,0.0045299541324661,0.0052172257253295,0.0317642514095566,2.58,0.34,1.13,2.66,-0.0017371641088566,0.0030526609213694,-0.0363607738872922,-0.0223576738083642,-0.0238787543617569,-0.0065342829829386,-0.0220967127546103,0.0241880927899203,0.0045235877407359,-0.0406948567021432,0.0267065409799354,461.7806149,0.0250794858168213,0.0215979156411965,0.0270738762377309,-0.399999999999999,-0.7,-0.0246,-4.459,0.0966253376279589,-0.0155386034277791,0.0118,0.0108781181471829,0.0331769627207432,-45.3700000000001,0.0096610235971024,280647.44,0.0124746038546473,0.0133498252824804,-53.4200000000001,0.0697840674076513
1975-09-01,0.0169755428584661,0.0141127010916247,0.0603519295426338,0.0047308769904237,0.0096893174254519,0.0746677540495302,0.0238531141983742,0.0121754949026291,0.0105907404639032,0.063341556349445,-0.1,0.0185115013696304,10.7,0.145895714010441,0.0126998868155912,-0.0170128757780148,0.0798256994931572,-0.0146436082015331,0.021224549276404,0.021043142529007,0.0869471979359719,0.0074586351743999,0.0075149298627117,0.0145624804226365,0.0011377327424932,0.0114173491428105,0.0131870043613596,0.0143148701259506,0.0116668823357839,0.0048605581730836,0.0002098080371162,0.0039914142815931,-0.0666000000000011,-0.748680567999999,0.387678104,-0.0999999999999979,-0.3,-0.533300000000001,-0.091251351274849,0.0101258474445665,0.0090701580576446,2561,0.286219160812894,0.0063746491754641,-0.0002402069781206,0.003156519495961,-0.0108464003050486,0.0039516748633712,0.0111826761895757,-0.0069138603567173,0.0018956378837509,0.0184319606067969,0.0012465345819818,-0.0036814284785884,-0.0070423514431992,-0.016375771015392,0.0004765713558838,0.0300449559649243,0.0043214433655531,0.0403966254724502,-0.0065541742969048,9.03687749818083e-05,0.0033707819707471,-0.0018501754523905,0.0016351649145671,0.0004503413816441,-0.0095111188940322,0.0103629040962812,-0.0026972138828425,0.0100957011392104,0.0185626626377173,0.0004831808840251,0.0386021927077449,-0.0055461586697345,0.0049643686915446,-0.0022994007801981,-0.0059957998241673,0.0121624425281142,0.0109177865182404,0.0029420607062347,0.0053925678631712,0.0311817887736363,2.2867,0.46,1.19,1.97,-0.0025890688364196,-0.0012071673228568,-0.0306558872708482,-0.0105099335472056,-0.0157559387562269,-0.0131756936016361,-0.0120702652550833,-0.0124571857361602,0.0125249605843338,0.0271684748981071,-0.0156657150572155,461.3086775,-0.0116788166903916,-0.0147255521208969,-0.014162062394881,-0.500000000000001,0.0999999999999996,0.0306,-3.7448,-0.0664182768201957,0.0022346378014164,0.0118,-0.0015467907182986,-0.0126111313663468,-25.5599999999999,-0.0020376301754865,277674.58,-0.0014270658758519,-0.0012319419897313,-9.00999999999999,0.0086118534326153
1975-12-01,0.0133810026840013,0.0106958115602893,0.0287532983635046,0.0142867192606877,-0.002456403740056,0.0275296063842232,0.0196462902210639,0.014642412519966,0.0118638938619569,0.0418122145060327,0.0,0.0087252055856676,1.3,0.0117437613873514,0.0133119549951832,0.0549988504269416,0.0519441777021123,0.0077870524122349,0.017971294932555,0.0168937235758491,0.0090418606623443,-0.0167570651750886,0.0101150184278413,0.0084575976751946,0.0059923898320279,0.0091713711974588,0.0083398410596125,0.008460922649645,0.0135776612265408,0.0024214483139939,0.0060650505172255,0.004353354215004,-0.133400000000002,-0.278752421,0.0705448479999999,-0.7667,-0.1667,-0.0333999999999994,-0.0173288773904972,0.0142205275869589,0.0168845412842051,2663,-0.0088235853609122,-0.0019353282288903,0.0012719882968146,-0.000968805632052,0.0016581835502793,-0.002311522882592,-0.0053398741285319,0.0043467060217077,0.0012343009804229,-0.0092505202975559,0.0021326351936825,0.0052439572616505,0.0045860891800293,0.0055912403844011,-0.0022429216150108,-0.0089503106888262,-0.0031946622774121,-0.039950479390805,0.0038414538317916,0.0054275803294774,0.0030383502413409,0.0005190453638328,0.0028977530623484,0.0052480082508346,0.0111529168476139,-0.0140574351720582,0.0040731787006964,-0.0104405314255214,-0.0232530562052391,0.0076141280309123,0.0095031031881704,-0.0103244999318917,0.001251884147321,-0.0019901099632049,0.0012835324570508,0.001086759751951,0.0026836867686093,0.0168560794025479,0.0151798492944684,0.0127522222466916,2.5167,0.34,1.05,2.44,0.0001191847762722,-0.0115098143828263,-0.0174531973456116,0.00255840259031,0.0004061938312869,-0.0049981336393383,0.0016619142698548,0.0130350999969995,0.0153156386779294,0.0075285397805791,0.0127369005487505,463.5979291,0.0144041157327841,0.0090260409132749,0.0149372164019805,0.3,0.2,0.0205,-1.2227,0.0158795022286657,-0.0134833503372871,0.011,0.0015467907182986,0.0114838827343835,-47.76,0.0007560843829708,263700.62,0.0026618253824981,0.0032550183870281,-43.6899999999999,0.0523915744204739
1976-03-01,0.022245402302655,0.0197963996867099,0.0491541185863262,0.0115744558539843,0.0201174619190292,0.0921127076348123,0.0400871265548801,0.0128488942746365,0.0211952414887344,0.0908224476380211,0.8,0.0015690872903473,-3.9,0.0402654530453672,0.0111840878432616,-0.0069276581259565,0.0606732411575734,0.0120033052581068,0.0310032572465051,0.0286016438651209,0.0348154167152619,0.0219347834183017,0.0154613356283466,0.0140567540126355,0.013313229062125,0.0136012459445016,0.016357160364409,0.0138436683669578,0.0097601421490178,-0.0043859488591167,0.0053028458581714,0.0065885033868031,0.166699999999999,-0.486454199000001,-0.049629197,-0.366600000000002,-0.7667,-0.3333,0.0112470303533794,0.0143183867538399,0.0163001267023732,2870,-0.0029587297502216,-0.0056825445935886,-0.0010760042796214,-0.0057064795097425,-0.0047365745184713,-0.0064132779619861,-0.0085853295948119,-0.001834224588002,-0.003097235467532,-0.0115078596294746,-0.0038891740270292,-0.0011688380595065,-0.0023555447640415,-0.0045724599724197,0.0010615277742314,-0.0212890453176895,0.0045261067076438,-0.0278806483823293,0.0043338591842037,-0.0038325256887534,-0.0051852386274613,-0.0017440955488079,-0.0011161635195984,-0.0045821453830692,-0.0126114142078464,0.0019076166968572,0.0014928470713249,-0.0062141829999049,-0.0444164301607266,-0.0038630852566807,-0.0590706595350872,-0.0025304554715401,0.0074265322441839,0.0076841391800366,0.0100151739157974,0.0146932444778112,0.0142785395720835,0.0071538659156651,0.0043761258777639,0.0225659239361615,2.5033,0.34,1.06,2.84,-0.0116526927447733,0.0030822601940094,-0.0233271719218822,0.0069214874945355,0.0122265966847852,0.0070944378446364,0.008794831533244,0.0160642301809713,-0.0027361354492079,-0.0147395932446672,0.0184944302012742,466.6168655,0.0198987107020283,0.0047230679301684,0.0213788671563773,-0.199999999999999,0.3,0.0491,0.541599999999988,0.0737828382746137,0.0045146803545268,0.0112,0.0107610569562981,0.0292268336987789,43.95,0.0153930761068395,270070.8,0.0102056807410111,0.0086267063697231,14.96,-0.0084765895942053
1976-06-01,0.0073069792625659,0.0091584772626003,0.0047767346761098,0.006582905582082,0.0152761716070993,0.0388155444402525,0.0163941935899201,0.018604977237823,0.0131977881233016,0.0245969511632902,1.2,-0.0111941478242148,-1.4,0.0118814608667748,-0.017663231471551,0.0100325827714229,0.0424189665913328,0.0056634017387082,0.009703161710977,0.0088277409434653,-0.0032799119359303,0.0218982766226574,0.0084839951135293,0.0123505271712556,0.0074609600209676,0.0108236027431836,0.0116044122057311,0.0124617032863554,0.0036356330235527,-0.0066152390419445,0.0084676466292563,-0.0016148684354089,0.2333,0.0224517150000008,-0.219323877,-0.299999999999997,-0.0666000000000002,-0.3333,-0.0252727792423375,0.0023913001096085,0.0005573618351437,2970,0.181086349795349,-0.0026095356547046,-0.0031578837428161,-0.0009070084300355,0.0080895074107867,0.0005450241402824,-0.0015791075419517,-0.0023817865140687,-0.0035393418493843,-0.0013345826523791,-0.0026771720158627,-0.0028385707308493,-0.004389738617097,0.0014595717963921,-0.0035526530926657,-0.0009848419331905,-6.00450597074698e-05,-0.0007106398208418,-0.0035257625636471,-0.0026629095331891,-0.0023588049404641,-0.0025963685208836,-0.0031498417072759,0.0004810398027319,-0.0138885546429268,0.0010547997630792,-0.0050071168300878,0.010995748577983,0.0352184993561657,-0.0008044713618815,-0.0248701413973125,0.0099150583003404,0.0061251240338577,0.0096737730409248,0.0090278959000391,0.0091502267907261,0.0064447974359196,0.0114619195029966,0.0094538667456372,0.0136825556543423,2.1233,0.37,1.12,2.62,0.012719756559652,0.0080460204184502,-0.0289517336466307,0.0126760057506905,0.0106675373148093,0.01966589136814,0.0112960425254229,0.0174563759933513,0.0220099650256467,0.0163468156379984,0.0168725540815498,471.876644,0.0135233050923436,0.0290872957645991,0.0140699260563135,0.0,0.300000000000001,0.0206,0.729700000000008,0.0086519973957131,0.0089686699827602,0.0112,0.0181823190831905,0.0296006019428834,33.0599999999999,0.015439459312228,273685.31,0.0238608615334357,0.0264352122298881,21.6999999999999,0.0021445641606865
1976-09-01,0.0054591475485477,0.0104736676563135,0.011470876341332,0.0120577148138405,0.00766081216483,0.003478491889048,0.011238157257135,0.0268993880052077,0.0216312873135953,-0.0156656624068425,1.1,-0.002935831392925,0.6,0.0114192227240872,-0.006675689215883,0.0286382302258561,0.0401209645537257,0.0077720775110563,0.0063354488322544,0.0059936037541059,0.0083891519352428,0.0080490201744227,0.0057381625437766,0.0104167608582557,0.0052054695158814,0.008712006269409,0.0077575450535558,0.010095112380113,0.0040241099771449,-0.0027985092564666,0.0150025775054043,-0.0026721417404047,0.200000000000003,0.269792068999999,-0.0967194249999999,-0.0334000000000003,0.0333000000000006,0.4,0.0150534595365777,0.004650750776002,0.0039937703166597,2973,0.0863930153389125,0.0067279545273022,0.0036155864801039,0.0027234172788288,-0.0028628302999593,0.0035623715443491,0.0089429759030816,0.0009919706560541,0.004703670857773,0.0124023884516045,0.0046958703463491,0.0032199537047024,-0.0011604111038989,-0.0045971828097108,0.0078793567306556,0.0184713153627327,0.0056367282222709,0.0273504833547045,-0.0029643048457721,0.0028931390251685,-0.0001324378675944,0.0009144301515218,0.0030670933587959,0.0010113035333203,0.0297767586407991,0.0036537846011421,0.0027003682970523,-0.0034783065402646,-0.0248456571629365,0.0026266943396544,0.0176917526866136,0.0021416432486107,0.0093314359084324,0.0049338582634987,0.0026320084986828,0.002347150744701,0.001343670555034,0.017112629492622,0.0184231848449579,0.0065506887268465,1.89,0.26,0.86,2.58,0.0004760889384369,-0.0057405438929514,-0.0060520159542454,0.0113472708529514,0.004552231752994,0.0047749276652639,0.0083271140111342,0.0042469035750532,0.0153479881856855,0.0075757950310482,0.0028109130748958,469.5414146,0.0040686826611064,0.0047692363527573,0.0036598022921108,0.0999999999999996,0.4,-0.0123,-0.624300000000005,0.0238522408454411,0.0110988930680489,0.0112,0.0134230203321408,0.0129076424039205,-0.130000000000109,0.0105870801718559,273021.77,0.0103792670717766,0.0103216653238327,-2.42999999999995,0.0130143958940572
1976-12-01,0.0072000530085727,0.0128915100980578,0.0157198985845985,0.0136273201570312,0.0104820359669846,0.0074537836002113,0.0463801570495059,0.0277383299487726,0.0191469527276196,0.114264145084344,0.5,-0.0006155686443793,0.9,0.000879226070988,-0.0029744492864205,0.0100948748546816,0.0328096554357398,0.006324336626811,0.0082353611017476,0.0084559007540319,0.0653263327622815,0.0544420897437812,0.0064220757431972,0.0091691129756217,0.0043955957398731,0.0086367622705605,0.0067317385823919,0.0092627287382693,0.0218479002331389,0.0003502422503816,0.0154792415486202,0.001807297453416,0.0334000000000003,0.0020527280000006,0.0310184119999999,0.2667,0.0999999999999996,-0.1334,0.0516807344934715,0.0022600360088977,0.0053505213983351,3088,0.155121928129507,0.0006060144125297,-8.17486216186936e-06,0.0041899443899557,0.0011402827192545,0.0044634212994836,0.0018614935510101,0.0047461939081028,-0.0004937194586602,0.0005434057516766,-0.0011695839207308,0.0089768495711077,0.0007188168544525,0.0052395859848992,-0.0015984077275992,-0.0021746397793651,-0.0049485824428803,0.0087238523502208,0.0052515476784855,0.0053242225119518,-0.0009530631724166,-0.0019771701968873,-4.11256102434976e-05,-0.0031011965567646,-0.0086358500824279,-0.0095190787413237,-0.0025281557330769,-0.0033554368386639,0.0225091060452218,-0.0002886179184606,0.0240154300711133,0.0009430706619162,0.0011316112614134,0.0066281485357704,0.0092895397138539,0.0028796672029867,0.0061831552500577,0.0175694875225738,0.018171140049096,0.0182638092129737,2.0233,0.14,0.55,2.52,0.0097298438273174,0.0032570198348977,0.0054840703741811,0.013306653323216,0.011940837409206,0.0090593512928132,0.0131008826895052,0.0114615004923149,0.0179375895534397,0.0116132627410925,0.010615799969651,471.5608299,0.0108201779830015,0.013341103069326,0.0106143879426259,0.0999999999999996,0.0999999999999996,0.0116,0.496900000000011,-0.0135594425315002,-0.0044247859803556,0.0112,0.0088496152769823,0.0419375745574406,54.48,0.0046149976581162,274759.24,0.0107925794575952,0.0126626241283674,13.0699999999999,-0.0017286696745539
1977-03-01,0.0117925255230151,0.0117178926308146,0.0369722928767056,0.0122181992673056,-0.0006756781023247,0.0452884919796155,0.0338626052618345,0.0622242584283397,0.035776866014757,0.0292476132180788,0.7,0.0084677084748054,2.8,0.0273149047024637,0.0098723199178723,-0.0162229571842509,0.0457298775874779,0.00224502024742,0.0169166969290528,0.0159843906505914,0.0542758814591213,0.0070993011295845,0.012630783433794,0.0123027999585474,0.0107502788061948,0.0119159942743661,0.0125432459121342,0.0123628800814757,0.0171410900596456,-0.001284833434445,-0.0001995112236024,-3.76149721894592e-05,0.0666000000000011,-0.142300057,-0.0979871879999998,-0.466700000000003,-0.2667,-0.1666,-0.0195206861993356,0.00989688059874,0.0105166038483029,3331,0.041831290932512,0.0022388097743819,0.0011554679086436,-0.0008707685001567,0.0049874289767326,-0.0027784460123836,0.0015799886435607,-0.0065701581727779,0.0027748221772214,0.0052434667618066,0.0024554391205793,-0.018701517039502,0.0052099705575621,-0.0002135720315346,-0.0035784484804999,0.0087279104157418,0.0053060951586054,0.0005402103952438,0.0012868433269028,0.0034657098943911,0.0009716875598106,0.0035615584777604,-0.0012811591826671,0.0028360756951939,-0.0055791519204353,0.0076475403090379,0.002612006742555,0.0126130752334737,0.0303148766500554,-0.0002790550946771,-0.0011651453279171,-0.0022677437560312,0.0071994774611687,0.0005818774439374,0.0004534450933757,0.0064131203724726,0.0060819987704361,0.0125246048771341,0.0123523146478779,0.0164920782686235,1.7533,0.24,0.79,2.72,-0.0152684541456765,0.005595068181794,0.002639005252206,0.0203676708590823,-0.0579925526584777,0.0125680182024004,0.0086935749663208,0.0002874106827857,0.0027398495353843,0.0004948371107253,-3.48848910451949e-05,470.4869096,-0.0063763830884831,0.0195261495470263,-0.0085658416296396,-0.3,0.5,0.0437,-8.09980000000002,0.0713257093537099,0.0110254700117076,0.0111,0.0145775176181577,0.0113855862372816,-4.45999999999981,0.0176440784108696,275518.35,0.0134743150326351,0.0122313745475751,-2.42999999999995,0.0148852408943556
1977-06-01,0.0192330879036167,0.0054078591847819,0.0232850734359502,0.0036609850357116,-8.04259679618724e-05,0.0692378821216142,0.0506918379393664,0.0251497101966152,0.0272691002032257,0.104067195548896,0.9,0.0091104864955662,5.2,0.023729908248475,0.0060871239076094,0.0265915425680632,0.0094358734535715,0.009354960578177,0.0228735165696117,0.0237239863494159,0.0269430823645682,-0.0380875874984792,0.0149602706936101,0.0130435302945564,0.0115554787081029,0.0128948213214226,0.0140501864486993,0.0132110047968572,0.0244193366930237,0.0014015419252881,0.0099266449426878,0.005252893663382,0.399999999999999,-0.253278642000001,-0.135181468,-0.433299999999999,-0.4333,-0.3334,-0.0414476049998527,0.0220113011534142,0.0187758141356253,3564,0.0552425667409624,-0.0009488951920939,-0.0015247753834053,-0.0002840884140593,-0.0017649229705059,-0.0016766865750153,-0.0016534337451408,-0.0051259997606294,-0.0002969872693681,3.95531082713063e-05,0.0008268713173724,-0.0054036081448356,-0.0049788268970596,-0.0037707247214458,-0.0069127561817259,0.0101646241497262,-0.0114675030318141,-0.0123298111005083,-0.0022882632269873,-0.0064804249460004,0.0028063573781116,0.0006273631270583,-0.0004870210606533,0.0082382738361745,0.0228160969399878,-0.0056072109481162,-0.0002641777261587,0.0031508057075102,-0.0078415338281701,0.0040300468197909,-0.0051638080752791,-0.0093757667447671,0.0075300769156103,0.0029478199507693,-0.0007753696194887,0.0040820988181788,0.0017249362684994,0.0148305318043933,0.0161569832499988,0.0162568125542624,1.6267,0.23,0.85,2.53,0.0026339193136353,0.002090129784583,0.0081704997126728,0.0304455135213013,0.0255500816007039,0.0285898402214873,0.0281732609472165,0.0135158016859638,0.0282687128667156,0.0189138564848816,0.0115600821249497,471.525619,0.0062406738002795,0.0339663515693189,0.0062379048665608,0.100000000000001,0.0,0.053,1.66940000000001,-0.0005299541346772,0.0,0.0104,0.0100792789947026,0.0170920885709371,-67.73,0.0197626763851808,261529.77,0.0136893823360325,0.0118588243051416,-53.13,0.0718686350117395
1977-09-01,0.0178710077453932,0.0094109056179796,0.0145569141326032,0.010650336508558,0.0049106346094127,0.0493645105484344,0.0125757073801616,0.0244966118218155,0.0197546610815706,-0.0030230734372871,1.5,0.0040116779941996,4.1,0.0045664580081075,-0.0010512391818471,0.007728653857213,-0.0138933448076139,0.0138002585978008,0.0211254606980589,0.0209264363042929,0.0111458077266677,0.0183323825189952,0.0124710691967991,0.0172584549939927,0.0099078776369587,0.0152374341030619,0.0137462932851733,0.0168332427964444,-0.0178745203867861,0.0010498688628368,0.0030573424719513,0.0213262433462642,0.0,-0.0983475409999999,-0.142096647,-0.566700000000001,-0.333299999999999,0.0,0.0273327415142166,0.0079069261816631,0.0106807721079987,3766,0.137268980958742,-0.0020236230226928,0.0013324109774548,-0.0020275893894523,0.0010363517525919,-0.002280836472599,-0.003691696692083,0.0052540891008545,-0.0005993565976396,-0.0078268608864404,-0.0016228853409581,0.0059409561796712,0.0041310931417699,0.0037355666041047,0.0080742074042414,-0.0181123357607857,0.0124177155827265,-0.0159326654523317,0.0001507826510338,0.000362159292957,-0.0063022475760177,-0.0028637351661515,-0.0003158838925396,-0.0069486387000381,0.0058680657259251,-0.0008826386766322,-0.0018772435622294,-0.0228475947375069,-0.0167264745869664,-0.0062147688919349,-0.0102453169032239,-0.0063310501573274,0.0051182374001692,0.00548041657719,0.0067532837850725,0.0104469899646551,0.0130297723637711,0.007449160011407,0.0087776172428109,0.0196156874221525,1.4733,0.26,0.78,1.86,0.0115439043199101,0.0018963344428923,0.0109855435585944,0.0277502319244869,0.0187176852028621,0.0264237450793523,0.0220857286497722,0.0063074032692842,0.0245716973855412,0.0107713603140205,0.0038402957398684,466.8523712,0.0010740114955893,0.0206727979199304,-0.00020865532605,-0.2,-0.300000000000001,0.0443,1.04049999999999,0.0201569785057032,0.0152342445718481,0.0098,0.0156364237697548,0.0161434047245415,-58.5600000000002,0.0160167355010632,248765.39,0.0203044863720567,0.0216206397919425,-37.35,0.0660546489874676
1977-12-01,1.9927597870506e-05,0.0149234969720418,0.0207289516114306,0.0094086318393635,0.0212354487832149,-0.0254052982317994,0.0169208119159077,0.0462654570473005,0.0299776277428183,-0.0119468484484324,1.1,-0.0023863741119862,-2.7,0.0129831967362621,0.0015128735621479,-0.0325856089595691,0.0141185351647888,0.0189342385277822,-0.0030000674689589,-0.0009788567735382,-0.0196792299216311,-0.0034278682457111,0.0120017654533076,0.0168581275109307,0.0090594004917994,0.0153539574363073,0.0152285885260284,0.0169684322811774,-0.0272285199328355,0.0037239772832844,0.0057931429835882,0.0143662379053922,0.399999999999999,-0.194280407,-0.057406128,-1.0,-0.166700000000001,-0.2,-0.0231004286293324,0.01018174689706,0.0098201508879354,4099,0.0053618667471884,-0.0008354815186826,-0.0020686442744231,0.0028945927634693,0.0005460169151749,0.0094336927550244,0.0018208700117785,0.0029611025429785,-0.0031145575016489,0.0012856840517683,-0.002649839120798,0.0121580140055269,-0.002077947475902,-0.0043782498382274,-0.0051532835719121,-0.000758192071371,-0.0098281173817564,0.0237826454906398,0.0007785263826263,-0.0022640867207131,-0.0007868322425079,-0.001278180245769,0.0018989052496003,-0.0022988572508131,-0.012077018165269,-0.0020895083409917,-0.0007343090947653,0.0096605707821355,0.0003825824512597,-0.0012461404591324,0.0215634254468533,0.0004327185891952,0.004401305726414,0.0025204348488383,0.001626796007093,-0.0128244787359528,-0.0111819252092458,0.0274315940374348,0.0299642111257539,-0.0031737997950265,1.3467,0.3,0.85,1.49,0.0131018928869171,0.0047251626567881,0.0142340942356549,0.0284454606983378,0.020229559759585,0.0288453481405391,0.0244435410964545,0.009967615744209,0.0246654445470647,0.0057311825094501,0.0079447120353872,461.7500707,0.0042558768513618,0.0253323048221077,0.0026403592598232,-0.4,0.0999999999999996,0.0659,-0.0322000000000031,-0.0282599386605433,0.0086022035826631,0.0104,0.0056258938821685,0.0138176620111459,69.0600000000002,0.0038235617195194,261154.76,0.0131263181818877,0.0159071332870262,51.42,-0.0447794820016512
1978-03-01,0.0031933173264118,0.0056022516464775,-0.0269554587711731,0.015476057586099,0.0042332009329211,0.0193021597436873,0.0088024482461781,0.0141427147976581,0.0087102797084206,0.0092579587055245,1.2,0.0002512241454528,0.3,0.0040415504478748,-0.0001535468400239,0.023337067322708,0.0648515922090196,0.0078101242005068,0.0052117381811953,0.0012071188846496,-0.0519200995410447,0.0105475186067228,0.0102548654419081,0.0105866358511122,0.0119528989203594,0.0106433503702448,0.0127192768272106,0.0105632506286613,-0.106412554176453,0.0037101259949583,0.0110024769899759,0.012630685718479,0.133400000000002,-0.151234431,-0.161884585,0.433400000000002,-0.1667,-0.6333,-0.0288495275173322,0.0050909652390736,0.0046365480502323,4322,-0.0590025660876501,0.0021665486259001,0.0010538499851198,-0.0003320165416114,-0.0010765652695492,-0.0058386565595163,0.0013703077602373,0.0009340931272596,0.0027711531909311,0.0016168698480636,0.0028384331268558,-0.0026877421104494,-0.0009534570254281,0.0070176498055145,0.0083041550324263,0.0163047451905012,-0.0110982769367487,-0.0184084182082116,-0.0033563427249658,-0.0030953245947631,0.0068281084355703,0.0042197324886026,0.0028167931753446,0.0026063841709489,0.0133560606298362,0.0036873780304658,0.0040345481063033,0.0128040765491315,0.0218767105354569,0.0044542304927048,0.0101050805890051,0.0029792213399488,0.0081332696043805,0.0108727823617603,0.0103808909118488,0.0005743943374945,-0.0038675823301925,0.0295655942597586,0.0255943590212677,-0.0115741292685287,1.1867,0.3,0.92,1.62,-0.0045415502772323,0.0037641201133693,0.0204476896775185,0.0276088702394715,0.0194108612782937,0.0277759171232885,0.0150330057286805,0.0084751369440248,0.0074583840206408,-0.0003517488646362,0.0086161693344575,462.1224413,0.0049106811030572,0.0179013890755364,0.0039832654591709,0.2,0.5,0.0606,1.49990000000001,0.0349948136731513,0.0148780640261792,0.0101,0.0153099719714205,0.0112159703367478,-36.5400000000002,0.0150595197892684,254265.69,0.0247352085009265,0.0276045725984293,-12.3,0.0417931366573754
1978-06-01,0.0379196044225285,0.0211534685802288,0.0718969319107554,0.0149324714187067,0.0076560553319478,0.0629286620200453,0.0660738115555999,0.0756201151836757,0.0746314783272499,0.0468900639241809,1.0,0.024768675256702,8.0,0.0539035198141153,0.0295660092358041,0.0991663481215665,0.0031078009685403,0.0105286443415444,0.0483878430808331,0.047469560228544,0.0661074626463387,-0.0036551554288184,0.0197518125995853,0.0189137214097865,0.0151819851708588,0.0180821065163865,0.0157010549393473,0.0187906710354477,0.205443938500522,0.0008097866137468,0.0105953698320018,0.0125083607575629,0.366599999999998,-0.260460195,-0.0666504349999999,-1.0667,-0.466600000000001,-0.0667,0.0414400411193707,0.0279528179363497,0.0287014376709296,4664,0.201848740155749,0.0040611430419179,0.0016226338362681,0.003500095203397,0.0012469077838384,0.0048093070722883,0.0074183080893908,0.0009022691237481,0.0010952911259005,0.010472981600893,0.0011654226800352,-0.0058712472412878,0.0105007875789767,0.0028592278873755,-0.0013635759430714,0.0178434269467194,0.0191772323341866,-0.0054712848767017,-0.0017347710843673,0.0027508931859365,-0.0049428110938416,-0.0072771576801367,0.0014890184766303,0.0081251085355531,-0.0051992847473374,0.0063729421163283,0.0027936253873361,0.0056914696567007,0.0066618225184695,0.0037206154802973,0.0020529899810704,0.0064551386166753,0.0014977331028043,-0.0045064392740803,-0.0050109539249483,0.019697668094449,0.0194998931669139,-0.0030367469434735,-0.0027181987676403,0.051548921604077,1.15,0.52,1.31,1.84,0.0006577104606,0.0020642425660559,0.0289002860647321,0.0316503057659556,0.0294671462825882,0.0295827982368184,0.0314111752635444,0.0181726537769116,0.0315745373057954,0.0210460208773124,0.016300456599577,464.7974172,0.0143425257912089,0.0281661566948479,0.0143178410971956,0.5,-0.199999999999999,0.0857,1.7236,0.063890211497128,-0.0021119332031434,0.01,0.0137176362287992,0.0231778936801526,12.8500000000001,0.0211607264368148,256524.13,0.0189397060628789,0.0182757070250261,5.14999999999998,0.0123177616676671
1978-09-01,0.0100072475974091,0.004190299372663,-0.0135148097781306,0.007165253471145,0.0077176827668532,0.0287187454626938,0.0268017332355504,0.0193176541328759,0.0333714518522221,0.0117454509415253,1.0,0.0091927670447216,2.6,0.0288412520952122,0.0115018408140983,0.0109130480893889,0.0129535016194655,0.0077475668907869,0.0090593168810957,0.0109777375296214,-0.0013221034255126,0.0074161255467339,0.0119907254994498,0.0158437610595801,0.006706527493506,0.0140827342527547,0.0127264580613407,0.0158111443953199,0.0162951533378228,0.0062248038898253,-0.0004791892395061,0.0027780202530109,0.100000000000001,0.064082419,-0.042378868,0.199999999999999,-0.0667,0.100000000000001,-0.0053898652924342,0.0082163078226731,0.0084308484110708,4728,-0.0678109826027127,-0.0029200000433755,-9.15746587910604e-05,-0.002254083949075,-0.0005557015385302,-0.0025890936279982,-0.0047273781083068,0.0009376804977705,-0.0012938805631796,-0.0074284440759027,-0.0018755337373255,0.0075803107275009,-0.0043204083683141,-0.0097772397638671,0.0074967266272691,-0.0226163310753216,-0.0128430831274464,0.0217150281127867,0.0088968658031296,-0.0030831844675178,0.0050450874567702,0.0059046816024186,-0.0011650973825903,0.0015515250288133,-0.0236190643373337,0.0016357379681029,0.0011098577862123,-0.0139892178260714,-0.0266752265475185,-0.0024126600847465,0.0074488658203808,0.0031630698603857,0.0050858272581453,0.0010142930461931,0.001500158951968,0.0006231594384162,0.0027637431224927,0.0166010954730722,0.0182668035358167,0.0194785821558332,1.01,0.29,1.13,1.18,0.0019024871870883,-0.0059539519686717,0.0189942751937613,0.0375998332409653,0.0238484591746211,0.0304264958763847,0.02882431769474,0.0166218254737647,0.0268727659492125,0.0191251978826035,0.0151700599921742,468.2602176,0.0150789554433821,0.0206077892894267,0.0152830968553133,0.0,0.0,0.0031999999999999,1.53809999999999,0.0189156851122494,0.0,0.0097,0.0148751897650441,0.0264185796755125,-3.40000000000009,0.0216058190956225,254564.2,0.0182315029921032,0.0172186218462471,-10.38,0.029275461683671
1978-12-01,0.0133517219428576,0.0080369988226838,0.0079788773802294,0.0052454521989435,0.0127562372539201,0.0228622411261217,0.0218560614603067,0.0265297189977387,0.031785541689894,-0.0014299669211546,1.2,0.0089574047510261,3.4,0.0257265356907181,0.0094307580584107,0.0389236756114215,0.0136306626067775,0.0065570369790375,0.0185688579748793,0.0146540661141596,0.0016573509290052,0.0249590213791038,0.0123042297337896,0.0113393798525543,0.015428191427902,0.0123484349567615,0.0108320010076532,0.0114032297793552,0.019140970334572,0.0035560576414965,0.0047815047815671,-0.0010188775584971,0.233400000000003,-0.0504921119999997,-0.0874935990000001,0.166700000000002,0.0,-0.3666,-0.0462449336689161,0.0108117188907837,0.0120168952290758,4942,-0.0419742528103013,0.001300779093607,0.0007781854484507,0.0020935181196843,0.0006673660451559,0.0045292610765002,0.000813430384098,0.0012769083976946,0.0017397946506858,0.0006797806347087,0.0024626081212781,-0.0019734693953963,0.0045684770332368,0.0054324188358041,-0.0014507481885566,-0.0057831189320398,0.0031544065349935,0.0268300223744964,-0.0049014517908787,0.0053192891840265,0.0037722215580591,-0.000966027382566,0.0020750132285782,-0.0044418263233199,0.0138985869915071,-0.006024023793842,0.0005389310042858,0.0067065094711349,0.01695949402575,0.003028223443839,0.0029179121451239,-0.0024201432673418,0.0075622227825422,0.0051697365785319,0.0056629687810083,0.0065497825563021,0.0038646596635065,0.0212383534870084,0.0180345584931665,0.0225387515392095,0.9667,0.48,1.25,0.25,0.0152298349516444,-0.0073187075157701,0.0122335635167374,0.0200055794896468,0.0113610910654121,0.0284442333938992,0.0156471894556329,0.0072207184971215,0.0198807346697265,0.0133234502534521,0.0054049037653261,467.721011,0.0025456754422208,0.0191692865666795,0.0009200909311708,0.300000000000001,0.0,0.0462,0.180200000000013,0.0572943459392672,0.016771881613828,0.0098,0.0133335308694651,0.0220585513686871,15.8400000000001,0.0136820268936138,255810.0,0.0140857101935836,0.014170186268597,4.60000000000002,0.0088001089467031
1979-03-01,0.0017943273692839,0.0051656639183601,-0.011713535507841,0.0104183290722695,0.0043921376580113,0.0016601476244169,0.0090821004677428,0.035415518188147,0.022748211955399,-0.0240020756246198,0.9,-0.0099368650058977,-0.6,0.0042614704396895,-0.0171799123524723,0.0007824239536358,-0.0027025796068924,0.0119118837746743,-0.0019591006461889,0.0012720721344634,-0.0045409266881208,0.0167886956403525,0.0098293816343382,0.0122162094382148,0.0108155173333007,0.0117828565789608,0.0100590159792642,0.0123050318874567,0.0194578591493411,0.0,0.0029530767016865,0.0051190392630555,0.266599999999997,-0.0134140939999998,0.007439269,-0.333400000000001,0.0,0.0666000000000002,0.0177971521172999,0.0070358558079206,0.0071833559566334,4853,-0.128370958031604,-4.77689468065812e-05,-0.0042217825479857,-0.001091593790143,-3.40118487902608e-05,-0.0036740228446725,0.0068363085693961,-0.0012386028624638,-0.0061114971144098,0.0105565086141945,-0.0067664660275528,0.0005349834069243,-0.0036462288237908,0.0023804242544409,-0.0080367225153015,0.022074035416876,-0.0018956294049328,-0.0005307406297148,0.0052829156404032,-0.0029388676889339,-0.0008120041374679,-0.0020704787568157,-0.0034823812520454,0.0029772279231967,-0.0625515863681643,0.0032477830717549,0.0009759689826793,0.0134130257814356,0.014069235997332,0.0089183761878306,0.0205320764733878,0.0047282211501955,0.0096077473224993,0.0026244686331837,0.0033910220574444,-0.0091454880229777,-0.0057613328086807,0.0318636325551176,0.0344764693005755,-0.0138600313736243,1.05,0.07,0.92,-0.28,-0.0124628563269384,-0.0108233695153128,0.0219700249661665,0.0055437511859119,0.0250260385984529,0.0159619665530988,0.0221291436535331,0.0233574966310801,0.0100961826643591,-0.0018155874286716,0.0252588450157578,474.0055964,0.0189559507179116,0.0344265796276897,0.0189922330380341,0.0999999999999996,0.0999999999999996,-0.0209,1.14449999999999,0.0280352377366029,0.014448135747386,0.01,0.0196727655987048,0.0216980386320405,36.2099999999998,0.0163132868785141,262100.79,0.0241832535379345,0.0264783788005403,30.17,-0.0079808870307518
1979-06-01,0.0010668835595399,-0.0006493777322287,-0.0227306824013311,0.0061514543614578,-0.0019242143068236,-0.0009012474109999,-0.0055485712829206,-0.0143538090408715,-0.000962883441419,-0.0174197497070612,1.1,0.0096945476596532,4.1,0.0049136461057823,0.0093966991709919,0.0026036673140312,0.0054004287189473,-0.0090863759021448,0.0013265800305308,0.0011797626718137,-0.0900283330966749,-0.0011812656474239,0.0081669404344921,0.0139012227656643,0.0059271977082673,0.0112809010317054,0.0037839655845388,0.0138074299643822,0.011762897993246,-0.0101278227289621,0.0038923579018153,0.0076297686050796,-0.299999999999997,-0.136499418000001,-0.0274548689999999,0.0,-0.1333,-0.166600000000001,0.031796621921762,0.0021538312075017,0.0031694799885224,4958,0.0814636432481208,0.0083051463032073,0.0081779838267404,0.0053828803236175,0.0046835476918434,0.008449593211735,0.0045086420710172,0.0013376808503577,0.0116255160704508,0.005837120600896,0.0118936410834829,0.0027755851336253,-0.0030325237647792,0.0027091074885063,0.0057399887939757,-0.016482958709771,0.007577636777416,0.0876601748414831,-0.0063040100646594,0.0016627932935362,-0.009268799663737,0.011170318082991,0.0050951157662271,0.0022239867261366,0.11325637962367,0.0029702616194233,0.0004279178881159,-0.0012377336586686,-0.035267739245473,0.0076578388703412,0.0351346348927288,-0.0022353625893449,-0.0062595545944517,-0.0039606261005253,-0.0031760592093617,-0.0018351404192329,-0.0009909985120222,0.0244341035880304,0.0245255999484759,0.0326595406469412,1.28,-0.01,0.56,-0.26,-0.0160723548305866,-0.0039765301582175,0.0372215669967186,0.0239165021691576,0.0102742046030393,0.0111379917985106,0.0134199931009746,0.011936234820034,0.0178549849044547,0.0269414596823001,0.0110915771923548,483.6670752,0.0068008942545692,0.0246390387212951,0.0064057949665326,0.0999999999999996,0.300000000000001,0.041,1.64679999999998,0.0156961543369558,-0.0041067819526532,0.0099,0.0116205310230186,0.016830893906512,14.71,0.0276467264417963,268097.04,0.0146710896629099,0.0107902271037137,5.13999999999999,0.0050268185620918
1979-09-01,0.0074005947959889,0.0096838597083515,0.0275774102021913,0.0037242287039518,0.0116978374796606,-0.0169838163095966,0.0175487579527829,0.0219347517734603,0.0291227789493025,-0.012101790341764,0.5,0.0029154467609231,0.9,0.0088361736181168,0.0034426009546031,0.0353548793633216,-0.0153814940400139,0.0046659274605591,0.0078629497873961,0.00881911595852,-0.0832566472070928,-0.0185065167271166,0.0046659643459392,0.0106310676880526,0.007010698884037,0.0092141495482511,0.0003020995959843,0.0103575764906294,0.0191931434526786,0.0055369848978017,0.012055156295645,0.0110105590735046,0.233399999999996,0.175609034,-0.021419958,0.166699999999999,0.2,0.0333000000000006,-0.0083932229026508,0.008975465312905,0.0090936733645445,4946,0.0513321007638385,-0.0024487177902474,-0.0034587205128899,-0.0032091450502953,-0.0007122566852695,-0.00583082955742,-0.0027651281090053,-0.0060312832620379,-0.0021302126536024,-0.0014709900629017,-0.0027319634459708,-0.012653271465358,-0.0024963497370071,-0.0061750647666363,0.009164302351273,-0.0113454708622873,-0.0074814230853661,0.0179365554887738,0.0032691616497437,0.0082522903450121,0.006301871856813,0.0052634034605212,-0.0054299287318251,-0.0058096702602532,-0.0599780504952898,0.0008330399779397,0.002225025887137,-0.0036575073522762,-0.0046313687618697,0.000736891497338,0.127402654413621,7.98365811163215e-05,0.0010212951141839,-0.0043048831324252,-0.0044375903073161,-0.0012320371573486,-0.0001446027043225,0.0219466515816005,0.0231694633419237,0.0165886659927317,1.29,-0.03,0.48,-0.57,-0.0056168127967506,-0.0100114509689639,0.0282108968808243,0.0162097925515381,0.0111511101263257,0.0264333112818687,0.014953757422731,0.0151248568549516,0.0220098372234308,0.0173436888115948,0.0141341846211684,488.2682838,0.0139870763323096,0.0179076613148688,0.0149050646838571,0.300000000000001,0.199999999999999,-0.0306,-0.293299999999988,0.0273359714603227,0.0122700925918142,0.01,0.0165503459436778,0.025781141635532,29.4300000000001,0.0234555364011904,273757.63,0.018101275441877,0.0164651430103895,12.5400000000001,0.0025612917411495
1979-12-01,0.0024973307670048,0.0024852260325545,-0.0260503959816791,0.0082890858936899,0.0053829424825035,-0.0178981424995373,-0.0091453683526907,-0.0154553937356248,0.0027269456064376,-0.0408528424201871,0.3,0.0065640903958526,0.4,0.0048155611088356,0.0111245562933568,0.0610198279510987,0.0215755608883574,0.0020382164275272,0.0011054511814254,0.001437384208669,-0.0463676105350248,-0.0072472088613491,0.0040397385142085,0.0106645601302127,0.0020936569572036,0.0082342024863244,0.0102672977677223,0.0105000963390918,0.0152873685390338,-0.0039188846834497,0.0052287514085342,-0.0013740109333966,0.100000000000001,0.0468372029999999,0.024758668,0.0,0.166600000000001,-0.0333000000000006,0.0305275884587974,0.0036775925734788,0.0022900716975415,4906,-0.0685199464367567,-0.0006142281263215,0.0023543611551315,-0.0025941834435587,-0.0038497284123661,-0.0021958554715704,-0.0015258148187058,0.006448929861043,0.000239263050711,-0.005172121186709,0.0008194915797732,0.004506743034359,0.0074130737598521,0.0024989720038775,0.0173424559054114,0.0086160218433084,0.0065556344116677,-0.0722933971038566,0.0036474971392461,0.0023132149513771,0.0046069906879306,0.0147954629114833,-0.0035682551183646,0.0015960304791367,-0.0132560820232932,-0.0027415182547918,0.0042749850669823,0.0035160630873409,0.0234661774385163,0.0022581742139493,0.120838469574555,-0.0055818671575709,-0.002708360700486,0.0001714089822506,-0.001411514155051,-0.0011930883188311,-0.0022543726779096,0.0255593351737895,0.0260555127781932,0.0075752604545016,1.37,-0.07,0.43,-1.4,0.0033333858766138,-0.0239788800163021,0.0039639304100482,-0.0044476584009016,0.0068476635816523,0.0146235246538113,0.0096901470484347,0.0103775334905283,0.0143862245151869,0.0123482268378519,0.0097968705610789,492.0714861,0.0108567782581215,0.0092062172695754,0.0110631663411453,0.5,0.700000000000001,-0.0216000000000001,0.0122000000000071,0.0132177310275683,0.0141273792592107,0.0101,0.0150378773645401,0.0214649992348583,25.6600000000001,0.020615156212811,278998.34,0.0152060425501652,0.0134400602758546,10.77,0.0016526377378101
1980-03-01,0.0031407741404319,-0.0014304941830705,-0.015856467974583,0.0016690373545724,-0.000350967905085,-0.0068625022096462,-0.0131163543014123,0.0075739070161615,0.0108222799696192,-0.0803659559317351,0.4,0.0145712894297949,11.1,0.0008024113451936,0.0046743321168021,0.0275248676620965,0.000674876847909,0.0038081582905,0.0023264147929893,0.0017938297084767,-0.0850918252457196,-0.0085093939433837,0.0032066862469069,0.0131846727251421,-0.0002789150744701,0.0098101161096995,0.0058624919349359,0.0129719526931611,0.0150570840823345,0.0107972792579689,0.000744749618974,0.0045270672162125,0.133299999999998,0.343204356,0.013536522,0.2667,0.5667,0.1333,0.0199646917130831,-0.0047225247479723,-0.0024232048382746,4570,-0.189439024562819,0.0056671272327713,0.0035281251513565,0.0035550367222243,0.0027958415313578,0.0032805561819553,0.0110964093612465,0.0110318403065488,0.0009001595438675,0.011036136684869,0.0010946894536032,0.0109805674220018,0.0089196819761978,0.005307933524115,0.0254978864506512,-0.0024365134694122,0.0043011609296348,0.0527150396083678,0.0072265894892433,-0.0083508147932915,0.0073811251022348,-0.0050616378051615,0.008238797858382,0.000416407293831,0.0094601191433456,0.0096305358549768,0.0064649753858168,0.0108659596666767,-0.0194053167012971,0.0125916123951919,0.109303742937763,-0.0123114870523255,-0.0046084477550358,-0.0035771046456032,-0.0015867295070899,0.0047436982746531,0.0065216725144288,0.0231080573903939,0.0229062896368473,0.0289498630778171,1.4933,-0.11,0.58,-1.37,-0.0322524443187238,-0.0206233763071122,0.0039649694871721,-0.0121922398588517,-0.0049169837952742,0.0064700881728612,-0.0066134558642048,-0.0026614852820525,-0.0024554374533796,-0.0062637031632215,-0.0026910690866905,488.8836566,-0.0093865995457012,0.01359965454993,-0.012552741135492,0.299999999999999,0.6,-0.0989,-1.2998,0.0370194685600822,0.0178753518269632,0.0115,0.0148150857851408,0.0023542306572075,156.97,0.0151851254656936,316509.27,0.0072271919873507,0.0047020410055917,112.69,-0.110961629799512
1980-06-01,-0.0208195798315742,-0.022778233533197,-0.114110294189496,-0.0063393454512557,-0.013538150003745,-0.0888625988470766,-0.0854866324133816,-0.0741898047268315,-0.0473199634395067,-0.20519042901309,0.3,0.0019631972591769,8.1,-0.0278766652207949,-0.0133459933905131,0.0186777266511537,-0.0753903934092861,-0.0088083805490484,-0.0287098166478721,-0.0285106033621805,-0.143976669496466,-0.0305358699810219,-0.0092498961641478,0.0087099858129171,-0.0107972864899857,0.0028801269374572,-0.0042692727779094,0.0084337111946686,0.0229462212894918,0.073650880716353,0.0057530176036735,0.0008209057815662,-0.100000000000001,0.869681157,0.156624828,1.4333,1.3333,0.600000000000001,0.177770203636081,-0.0176521272008454,-0.0182280580039462,3769,-0.236325408643543,-0.0053887952703637,-0.0020470896076059,0.001832546727766,6.25844602630821e-05,0.0008341606882282,-0.0112298899925358,-0.0055642035740586,-0.0003124183946225,-0.0136162454538113,-0.0008284722110141,-0.0097003446078947,-0.0034350433312457,-0.0020089968655137,-0.0059352843789541,0.0052164847220717,-0.0045304999011079,-0.0854889885602343,-0.0010378796494525,0.0042127304273407,-0.0076491272712377,-0.0067108607868755,0.0100350466015948,-0.0030188481869624,0.0109174523055611,-0.0108970812673332,-0.003348366426076,-0.0254761068396547,-0.0104436539853472,-0.0265720665906439,0.0231339859493831,0.0048684111369108,-0.0010505138265086,0.0024052239289806,0.0019758149450721,-0.0104863505962012,-0.0108585436967004,0.0370071293040102,0.0370819886258533,0.0124050235163593,2.88,-0.01,0.67,0.86,-0.0124273643291799,-0.0389628925942613,-0.0120365850156938,-0.0426611582678182,-0.0329401568004624,-0.0034931010699343,-0.0315511174325138,0.0115010035041916,-0.0086897663459453,0.0001185321088241,0.0143976166857041,500.3613589,0.014156946962208,0.0051240448580234,0.0159307866307916,0.300000000000001,-0.4,-0.1976,-3.62360000000001,0.0156687771412258,-0.0118813278867529,0.0108,0.0097561749453647,0.0164128643642396,-50.25,0.0118013229303848,304248.8,0.0076441796902866,0.0062838883293512,-45.4200000000001,0.0513079963037386
1980-09-01,-0.0011892543806233,0.0109094683755551,0.0434547252490889,0.0114646072592102,-0.0024269627539679,-0.0682797867537666,0.0120152128134023,0.0073513924966048,0.0065327364644085,0.0303282646869896,-1.2,-0.0137045863745184,-4.5,0.0169507050929152,-0.015605006709535,-0.0021314777974126,-0.0746835140391227,0.0108641483831278,-0.0006133652475548,-0.0024617669447017,0.0064685260254746,0.0128517056050708,-0.0040552247324132,0.0100432274972739,-0.0150570885512291,0.0056474802648267,0.0006465348975677,0.0098105309370675,0.0021728706023429,-0.0526236535986584,0.0059040669385392,0.0033791311388604,-0.0999999999999943,0.173751722,0.183542435,0.7667,0.4667,0.133299999999999,0.0173647471744633,-0.0037164580996069,-0.0045602193032197,3775,0.140443636940261,-0.0010535712368979,-0.0001030635817289,-0.001417402557525,-0.0024867364398479,0.0004203586284545,-0.0037689148852662,-0.0052672270172227,0.0012171174150394,-0.0031815113974729,0.0027877471228512,0.0015230237257082,-0.0037308534024402,-0.0007507699958502,-0.0375805981732,0.0158984177778976,-0.0012509319265126,-0.0493359122854979,-0.003591347388745,0.0025555908255521,0.001583059123821,0.0028934746968754,-0.0093571439189541,-0.0022182505734877,0.0063004009804088,0.0110591068704076,-0.0181043295472696,0.0124931837019568,0.0622337821671639,-0.0078338568740905,0.0182625252536681,-0.0013815134412018,0.0064956663679933,0.001143314593186,0.0001440673084953,0.0039604816525935,0.0012469606952749,0.0227662338186501,0.0210735767905281,0.006198782779756,2.2133,0.19,0.98,1.8,-0.012285773086063,0.0156150636277941,-0.0120085755416426,-0.0393208506879414,-0.0276949334168144,-0.0076746568153645,-0.0257337778620972,0.0160624593336003,0.0039383940752184,-0.0069257001422604,0.0177696750256189,503.8286028,0.0161397359800972,0.0158755445298358,0.0186222718490008,0.0999999999999996,-0.699999999999999,-0.0245,-5.04069999999999,0.0116433244088636,0.0079365495957364,0.011,0.0084592649459764,0.0208103333896013,47.6599999999999,0.0064895943494054,310025.05,0.0080002988968814,0.0083701756569301,20.61,-0.0123176649062513
1980-12-01,0.018477468485921,0.013420595193546,0.0301000010402461,0.0152466452963722,0.0038629401458552,0.0891127958845352,0.0369667059512837,0.0141882483468843,0.0206865513090051,0.0894281218055815,-0.3,-0.000220950506085,2.0,0.0280400059459414,-0.0049225951563656,-0.0060756016191172,0.0522344016202494,0.0132855030837273,0.0234669997522734,0.0235068522509483,0.0978694942984291,-0.0123958510435882,0.0091707388310595,0.0123559049788948,0.0127988095233338,0.0109826346442539,0.0062447543660262,0.0119804834667292,0.0335397591048583,-0.0067347879799299,0.0018379071437202,0.0010898104152055,0.0,-0.453479541,0.171142271,-0.5,-0.533300000000001,0.166700000000001,-0.0147593115345348,0.0135990368029901,0.0133499682546541,3966,0.226074346674327,0.0013133055542184,0.0020479237116446,0.0041402888906949,0.0003553839025691,0.0022190163504629,-2.83284519770888e-05,-0.0010702040241144,0.0023549382578562,0.000443951614018,0.0015640720914329,0.0036838315582645,-0.0039695495156246,-0.000472140206579,-0.0093418809155476,-0.0042321082044227,0.0045193198814734,0.0136716567060464,-0.0052650389345108,-6.11214814467687e-05,0.0017082758254067,-0.0032002072375232,-0.006529381145099,0.0029600472139756,0.0222082693847359,-0.0065681637629353,0.0157954046569495,-0.0095533536496192,-0.0367736772550327,0.0025573005257593,0.0461891906928589,-0.0014478924292822,0.0063337680749628,0.0029522737533014,0.0014683022157724,0.0101040499012073,0.0098995362727127,0.01489454916157,0.016160187142602,0.0310269818525799,2.2467,-0.36,0.23,-1.19,-0.0098381684619788,-0.0026437331857227,0.0261530245293109,-0.0251442700992532,-0.0152355799917068,-0.0029551848401228,-0.0157419777523362,0.007444584294479,0.005699594858898,-0.0075858709007707,0.0076886240910756,501.0165349,0.0131423550938869,-0.0064371119637698,0.0154136055423191,-0.199999999999999,0.199999999999999,0.0399,-3.80880000000001,0.0357806445085966,0.0,0.0106,0.0083883056266351,0.0209809648100325,-21.8799999999999,0.0010000247467125,299346.12,0.0070434404625476,0.008463651762705,-27.39,0.0360526325414998
1981-03-01,0.0194047266803601,0.0033442571737722,0.0280968766921674,-0.0056550687983243,0.0087083151428712,0.0885207414950067,0.0090687582294792,0.0261744240405886,0.0201124186229782,-0.0243281972450378,1.2,0.0132860318378372,8.1,0.0424074860668187,0.007795815759291,0.0186320446669583,0.0417959837201103,-0.0017976186826924,0.0210234426105744,0.0243189343626171,-0.0318489908480881,0.0135765519082369,0.0059010408647637,0.0106933264523796,0.0063384957619385,0.0090106267443008,0.0074818128099547,0.0106610817861137,0.0330315781821344,-0.0045152125474059,0.0014678809907788,-0.0043663756977974,0.2667,-0.0825882809999996,0.110607061,1.0333,-0.0999999999999996,-0.0667,0.0105014941922761,0.0056473004445818,0.0057479124821346,3872,-0.0497104913098037,0.0011581203080437,-0.002124435925976,-2.35410799347413e-05,0.0074320013536173,0.0014017214840182,0.004250838825186,-0.0043734300720856,-0.0013827033738711,0.0077169332171322,-0.0014730461188725,-0.0096780827189997,0.0042571166188452,-0.0029595439471092,-0.0115478935094702,-0.0192858176425568,-0.0045931775313281,0.0870686298615393,0.0043177789849027,-0.0024468810386233,-0.0002323415769076,0.0020495131136706,0.0075922893111122,0.0047186169577342,-0.021779607759651,0.0039377246837344,-0.0074857696042363,0.0071527528781221,-0.0161276946576869,0.0176435316703154,0.254260098269599,-0.0008184835211673,0.0006101134974905,-0.0027094877108782,-0.0032706370871595,0.0152933146540541,0.0186826120734183,0.0055382759057289,0.009495241566515,0.0660302500945007,2.2867,-0.74,-0.27,-1.43,-0.0404820257826692,-0.013677225307454,0.0002819341160043,-0.0185948491546544,-0.011239143546117,-0.0035882567728977,-0.009314686076248,-0.0050454061008515,-0.0155491867629465,-0.0137516582910022,-0.003588119170903,500.1203847,-0.0035356389884402,-0.0087693855632302,-0.003418388514369,0.0,0.199999999999999,-0.0175,-1.79000000000001,0.0114554351854323,0.0349550150335767,0.0105,0.0071343941138737,0.0064770660436135,-59.2900000000002,0.0004605542285833,285305.53,-0.0019473580823561,-0.0027673997143526,-48.95,0.0485003602270151
1981-06-01,-0.007438353150345,7.26391959879891e-05,-0.0396675518285203,0.0068475115436577,0.0043776374262263,-0.0423293635547317,0.0078495172709915,0.0081756320452548,0.0201621339656759,-0.0322288616463489,0.4,0.0019215674765167,10.7,-0.000528127578673,-0.0192851040826829,0.0053914484661765,0.0014769527071303,0.0008394808025222,-0.0122519799638705,-0.0102440856287953,0.0643458256757041,-0.0263819376376011,0.0048999444416342,0.0084003369971199,0.0047625668165993,0.0073474453786346,0.006598425693479,0.0082140687620384,-0.0573120118741954,-0.0127520685841391,-0.001192487408236,-0.0087903563805671,0.0999999999999943,0.0765517940000002,-0.104408554,0.0333000000000006,0.0332999999999997,0.0,-0.0150468021182899,-0.0011793570231928,0.0007718111227079,3861,-0.242440833954235,-0.0089696739046445,-0.0032213104708454,-0.0075527208316104,-0.0066038679468913,-0.0074170309217223,-0.0120560897458422,0.0060565673205292,-0.0064119382436875,-0.0192594841396097,-0.0072670110706467,0.0170743065118319,-0.0014485654005467,0.0009192595520497,-0.0021527534296454,-0.0105228061132014,0.0014568462651745,-0.087517131467751,0.0017902031415721,0.0002002844279398,-0.0091918144218965,-0.0194394211247975,-0.0128116445698283,-0.0073968625654563,-0.030414748730982,0.0009756513782188,-0.0012837215378782,-0.0076302901311047,0.0027181729914209,-0.0100401964120849,0.0261336234313863,-4.15764735990365e-05,0.0046071874775197,-0.0013861006356092,-0.0003897313068517,-0.013028398820575,-0.009063414266464,0.0272218941145135,0.0301812413786138,0.0035381967892709,2.02,-0.63,0.22,-1.16,-0.0008743446409518,0.0049312535621162,0.0134628237260568,-0.011912927290326,-0.0052564842337758,0.0030443755177014,-0.0017668216475996,0.007904466742735,0.0066226999278988,0.0057834111182444,0.0080811602601897,503.7552766,-0.0018073840950751,0.0315274682862743,-0.0024297221203184,0.0,0.0,-0.0019,-0.754799999999989,0.0454094322709384,0.0,0.0099,0.0106070528957218,0.0099717527101415,-65.0999999999999,0.0089337467754671,271577.95,0.0019208221322326,-0.0003246889411716,-52.9399999999999,0.058245241265916
1981-09-01,0.0119038875069215,0.004615032230097,0.0299206450642364,0.0001507531311428,0.002183456519802,0.0548317982963429,0.0004069576845608,0.0225127167558439,0.0229430851371264,-0.0808912462492613,1.3,-0.0034502159875193,-1.6,0.0100384196719228,-0.0028644391985359,-0.0215336736552247,-0.0115140117503829,0.021173733079479,0.0087540854199037,0.0138502287688844,-0.0214907763866106,0.0107481574444295,0.0038735793123887,0.0083754524314478,0.0025122134986803,0.0069538131366382,0.003258688226932,0.008147181936378,0.126517579045589,0.0029748419937805,0.002291992741652,-0.012214312627103,-0.366699999999994,0.0276040329999994,-0.0091905649999999,-0.199999999999999,-0.0332999999999997,0.1667,0.0620382060002722,0.0001748073481806,-0.000563957213564,3744,-0.200173096309901,-0.0002720619700329,-0.0004737734642761,0.0006485972244734,-0.0058552321313198,-0.0008644390226901,-0.0025724909904223,-0.0039967253046011,0.0015480445493194,-0.002014222865962,0.0031240490914874,-0.0065828515670896,-0.0010303220936922,-0.0071351255086176,0.0024566545031472,0.0106289535338697,-0.0007244069195255,-0.0254091778343759,-0.00707793105517,0.0033385401300845,0.0115062283881961,0.0079373596970158,0.0028600340386288,-0.0022642826279493,-0.0072193690972821,0.0002288240511885,0.0113533059616175,-0.0155352200459982,0.0063757052710871,-0.0216713062804317,-0.061484263815319,0.0091736895721057,0.0016104963344068,0.0018714959567924,0.0013417688832682,0.0093261207620201,0.0136750118265891,0.0077906168659236,0.0126742527371757,0.0341257002145343,1.63,0.01,1.27,-0.21,-0.0126114431143227,-0.0247593769460304,0.0179307900169068,-0.0117958675071712,-0.005784156973764,0.0027653372873484,-0.0032985379809567,-0.0071879037567086,0.00228745039289,-0.0188864943313369,-0.0085001133701823,489.0265023,-0.014675396987089,0.0104985533376052,-0.0168098277085491,-0.5,-0.699999999999999,-0.0141,-2.9799,0.0287456815626062,0.0170297398448023,0.0096,0.0070093744925765,-0.0065828893325523,-64.53,0.0036951921529642,260931.9,-0.0033925043071789,-0.0056959442448842,-42.2800000000001,0.0436849001619972
1981-12-01,-0.0109557631202328,-0.0068635860354504,-0.074665889990329,0.0021023436558813,0.003825149501857,-0.0358498146076185,-0.0031135280284031,-0.0122388765366885,0.0230041998344044,-0.110595655337683,0.8,0.0126279862800125,7.4,-0.0310802387989684,0.0077709810601582,0.0045789850710606,0.028229431317004,0.000734808864264,-0.0150414465273312,-0.0160187504201326,-0.0581451112725215,0.0155552215930124,-0.0048765136421948,0.008752889291717,-0.0060118881246991,0.0043693156996234,-0.0015550639698158,0.0083112563350207,0.0177090760999361,-0.0014863319491587,0.0035650661644961,-0.0042684306562978,0.0666999999999973,0.802862209000001,0.0206662710000001,1.8667,1.0,0.4333,0.120532263055539,-0.0038674605454707,-0.0043591204999389,3337,0.0323042851506727,-0.0011609595202744,-0.0006195971893565,-0.0028694581887687,0.0024119812181551,-0.002027790201426,-0.0014297242098608,-0.0017431984767606,-0.0010150515741074,-0.0012740247324609,-0.001024330973383,-0.0062734495162004,-0.0037854032395747,0.0066757329718241,0.0033236159375382,-0.0115992431147398,-0.0064998110361003,0.0215604031407803,0.0030842063138534,-0.0033910625229931,0.000208042939207,-0.0108900762675872,0.0060593425608872,-0.003896856130753,0.007097113844912,0.0016585047129487,-0.0139548761321011,-0.0077719680341452,-0.0200058364784557,-6.62349664972695e-05,-0.0309108339002435,0.0058992789536929,-0.0034802433795646,-0.0008853096305907,-0.0007500144585126,-0.0106884642030827,-0.0121485580921128,0.0285518746848079,0.0269428629249511,0.0035008321048799,2.5967,0.46,1.8,2.34,-0.0040305527623685,-0.0040420150310893,0.0122272000653467,-0.0152486456523411,-0.0064810670586474,3.91056889954555e-05,-0.0048848034633479,0.0097592114277755,0.0028233076907486,0.0020885311243317,0.0107214050048388,493.9346021,0.0145751749886518,-0.001565284882556,0.0173294861185855,0.0,0.199999999999999,-0.0939,-0.123200000000011,-0.0266550445023199,-0.005644417619677,0.0093,0.0115742032811368,0.020006368494629,-15.01,0.0055679689615395,254107.14,0.0013542578007896,-2.37920917260936e-05,-26.39,0.0320713888696025
1982-03-01,-0.0156584018269079,0.0073390068229137,0.0313415860941761,0.0051663782837359,0.0018588532007379,-0.0993678090436001,-0.0279257650333866,-0.0228172930706911,-0.0210900521821005,-0.0599764865806858,-0.7,-0.0011196832127327,0.3,-0.0289208799456366,-0.002809821147764,-0.0443695648149962,-0.0289721196659984,0.0023648956878723,-0.0220014918831133,-0.0214919827964666,-0.0419134497533613,-0.0008110185248062,-0.007755570264905,0.0050373359609974,-0.0095816007776718,0.0009730756146719,-0.0007297672366473,0.0048165230177117,-0.004264372190712,-0.0061976556259457,-0.0020094909848911,-0.0023870583918395,0.0,0.490925376,0.111107454,1.2333,0.7,0.4,0.0408419169202343,-0.0171670440149452,-0.0169767025611733,3101,-0.0544354788654893,-0.0025668048169165,-0.0030967502724754,-0.0021564095505102,-0.005898728936188,-0.0041584675866372,-0.0026942534061156,-0.0045651655740854,-0.0025909129038144,-0.0019203352301047,-0.0022667396267648,-0.0087779281533713,0.0012758535379706,-0.0033187023122822,-0.007684790441476,0.0085803932988053,0.0006975104868836,-0.0304612850645913,-0.0009204332746119,-0.0035026449760913,-0.0063282135418751,-0.0060382586282936,-0.0025912329946349,-0.0009672609093613,0.0263858959543248,-0.0127724037077352,-0.0071019446768456,0.0097423776626568,0.0145381119087657,-0.0017352323112067,-0.03994061915005,0.0118778920637079,0.0050906268819939,0.0138181746974304,0.0142829896247019,-0.0050246312124864,-0.0043412311247745,0.0306752544883704,0.0309108932249966,-0.0189093122417034,2.74,0.26,1.52,1.48,-0.0076083997253411,0.0147182175612892,0.0256546805668929,-0.0101976442291578,-0.000742737910615,0.0063150159961429,-0.0012342512913523,-0.0029432032423049,-0.0119354836987018,-0.0143003805770965,-0.0017075230593199,491.9271214,-0.0090615851954272,0.0114132959451396,-0.010013125994913,-0.300000000000001,-0.199999999999999,-0.0508,0.0983000000000089,-0.0019371061111197,0.0112571545246347,0.0093,0.0148489307413993,0.0084805843397219,-1.17000000000007,0.0142133236266471,255325.21,0.0046836172725015,0.0025037142126009,-5.57999999999993,0.0094312385620618
1982-06-01,0.0045513979413804,0.0030415316898775,0.0034923685181089,0.0055190320981211,-0.0016955573145986,-0.0007613073884007,-0.0317967429581945,-0.0428804992191081,-0.0316786317135209,-0.0332900698254202,-0.1,0.003792941129368,1.7,-0.001331964732512,0.003479589649423,0.0059486507597084,-0.0165105924435665,0.0061994734993398,0.0048771662853308,0.0045472537202191,0.0762329510175674,-0.0035947841496026,-0.0062525587540172,0.001954605042254,-0.0098172519252806,-0.0009730756146719,0.003449540640446,0.0018287695013983,-0.0345095779981639,-0.0099503077124811,0.0004570410061734,0.0011942467172811,0.2333,0.263623309,0.318801937,0.700000000000003,0.6333,0.5,0.0811907022459124,0.0032228149530038,0.0045996570836601,2807,0.116072435645897,-0.0030586135657726,-0.0010980229170112,-0.0010349180428899,-0.0012014481376327,0.0006173998659328,-0.0035414611410784,-0.0006182263448586,-0.0027269021611733,-0.0047279653352005,-0.0029231856740668,0.0037592423367254,-0.0006476341542791,-0.0032044339398602,-0.0099846365154467,-0.0010151086531089,0.0048479458470254,-0.0326037626663411,0.0007881098374737,-0.005066804242793,-0.0070868002052995,0.0097555512959588,-0.0028951772526864,0.00013363048128,-0.0019853884730585,-0.000337447668107,0.0061616851132502,-0.0077285781166809,0.0105628746801401,-0.0110596377015941,-0.0800194413048816,-0.0076714882756281,-0.002583411872032,-0.0028077421779499,-0.0011670605634233,0.000282047667925,0.0013471864216287,0.0080270414346985,0.0074209269903269,0.0221192891786304,2.85,0.13,1.38,1.51,-0.0007330097141871,-0.0038560459090897,0.0301263637007114,-0.0035350168250412,-0.0046513914302082,0.0073493648909286,-0.0023087892057471,-0.0008331236081744,0.0019570763124328,-0.0042422734359828,-0.0012153022471714,488.2930839,0.0011317730252553,-0.0054120735273102,0.001543278658092,-0.199999999999999,-0.5,-0.0505,-0.867699999999999,-0.0290065351233917,-0.0037383221106073,0.0089,0.0,-0.0021499631581747,-53.78,0.0244415165441509,250793.42,0.0002522462076228,-0.0076191587319325,-39.1600000000001,0.0423500326604618
1982-09-01,-0.0038299934280559,0.006681168016561,0.0079282246788157,0.0076698667234413,0.0042487172849368,-0.0092053490219425,-0.0240381028679693,-0.0196945550299397,-0.0291791897089766,-0.0013027356335033,0.2,0.0079871220764689,6.7,-0.0283904284383807,3.17708054131671e-05,-0.0453584824938531,0.045337825233033,0.0051229164597437,-0.0051827804193065,-0.0063415216690887,0.0077089046427625,-0.0083385377101929,-0.0079970232971931,0.0031017350352762,-0.0116489418455865,-0.000423365797129,0.0020349830074391,0.0027369158377705,-0.0630467121680809,0.0042930854107794,-0.0059581091971114,-0.009098024498547,0.0666999999999973,0.281781922,0.235153582,0.933399999999999,0.7333,0.199999999999999,0.0458539213039479,-0.00645605003342,-0.0071506788752655,2474,0.318340388357286,0.0060919834660144,0.0024698248180219,0.0005876417385537,-0.005144320331162,0.0013537378206232,0.0081067472333415,-0.0041877382324875,0.004468390982574,0.0129002025471516,0.0041924349836617,-0.0038495280424095,-0.0118896364706149,-0.0050247063746624,0.0146012946432892,-0.005070629162962,-0.0048768824867453,0.0968641947565794,-0.0022937401370613,0.0025902297721422,0.0076002303822884,-0.0007559306442628,0.0053072310270412,0.0020317304920016,0.0188526811154728,-0.0041546057681922,-0.0017034418676402,0.0033297791019082,-0.0266340111845649,0.0140474771031647,-0.0152280467995993,-0.0034829664470952,-0.0039614960141709,-0.0017110821463752,-0.0030093226067702,0.001972109386874,0.0001019856609043,0.0140509537643307,0.0134863579359852,0.0095225607477749,3.1333,1.06,2.52,3.8,0.0029400686917497,-0.006099914637069,0.0132464595544661,-0.0095106593598428,-0.0128530397377542,-0.0049436160896183,-0.0083874564939776,0.0013982044455112,-0.0096122332126267,-0.0147351903180368,0.0028991244385299,487.2084213,0.007293455310986,-0.0125205871762475,0.0094992496965336,-0.5,0.199999999999999,-0.0453,-1.3244,-0.0325182906190751,-0.0037523496185503,0.009,-0.0045454623716749,0.005450857760211,21.76,0.0190839670643967,258917.19,-0.0070410868691634,-0.0158652095989176,-2.33999999999992,-0.0127947675242313
1982-12-01,0.0004000078658101,0.0173651213167574,0.0445511380245094,0.0153417976612094,0.0101803793011817,-0.080450028110632,0.0005493674689605,-0.0190868561955204,-0.0173911026649085,0.0759925108496136,-1.2,0.015301221360299,9.8,-0.0051717800203228,0.00754148756209,-0.0469087346062045,-0.0400397449715211,0.0036604172049301,-0.0006115086107518,-0.0008221806519879,-0.0471708595854938,0.0072802672283831,-0.008084368462649,0.0036653577295897,-0.0106159508631691,-0.0002964741778921,-4.84135627782933e-05,0.0034106445067347,-0.0585103666013502,0.0051966165792531,0.0040370547534962,0.0029005998354083,0.0666000000000082,0.305212296999999,0.428259195,0.199999999999999,0.833399999999999,0.700000000000001,0.0616081300250499,-0.0094163501456954,-0.0093791262662978,2401,0.0434272067017458,-0.0046833667135453,-0.0020736573196091,-0.0037026552255441,-0.0040252357585632,-0.0040720031047283,-0.0090013212614605,-0.0006730105162437,-0.0014731970261538,-0.012255681589517,-0.0010205224135981,-0.005469638604783,0.0052335854808012,-0.000559969244712,0.0010346516810342,-0.0086871548044502,-0.005854189632612,-0.0565229988907641,0.0072620857410221,0.003614816155637,-0.0044406001661578,-0.0167948634546393,-0.0044709636406548,-0.0041680075327081,-0.0061920265878328,0.005556809804847,-0.013202207418165,-0.0033351103656897,0.0072936852731118,-0.0033878542866814,0.0017192422092451,-0.00099947164174,-0.0094900990721775,0.0036448955361816,0.0034079842479872,0.0087668942841276,0.00859054236565,0.0057307715859105,0.0058117962587651,0.0192964263235886,3.7233,0.36,1.22,2.76,0.0204907293643872,0.0363315796014705,-0.0005727769053249,-0.007545279818963,-0.0047061963124406,-0.0064866111075971,-0.0035282663057874,0.0123732689297711,0.0076967780810264,0.0040364181877041,0.0130045034049147,491.7823665,0.0189587233015214,-0.0035089833483485,0.0222450722837451,-0.500000000000001,-0.5,-0.0226,-0.6691,0.074522985085153,-0.0113422766039346,0.0088,-0.005711037795514,0.0061372076559767,3.8900000000001,0.0133114189538937,261623.61,-0.0025189827456291,-0.0082083748469283,-8.42000000000007,0.0029129447939464
1983-03-01,0.0130918308749912,0.0098384944716318,0.0099624771753719,0.0132211001632445,0.0031857848440441,0.034060247665499,0.0221896540323643,-0.0070133166902186,-0.0150693812507479,0.158540996771134,-1.0,0.0095625722100374,6.5,-0.0005351952801202,0.003630822219347,0.0160018725804481,0.0226599729757675,0.0099619390601279,0.0195651172638631,0.0147568447451722,0.0781035203295222,-0.03645852970857,0.0018970779267313,0.006896726159173,-0.0036616518124486,0.0046064613943563,0.0070903468734115,0.0068992978920574,-0.0545356731413067,0.006543849768005,0.0027432351031144,0.0010943781670409,-0.333300000000008,-0.581399150999999,0.301911505,-0.833400000000001,-0.199999999999999,-0.1333,-0.0233691637460218,0.0054986467078901,0.0060743953656841,2521,0.257750280200788,-0.0027475078492114,-0.0007842582276751,-0.0021222457389047,-0.0044249503928517,-0.0022369904406764,-0.0011455218686391,0.0042180563367111,-0.0040471235337031,-0.0033532013642445,-0.0038199085553554,0.0117764697463629,-0.0012248859959704,-0.0028800320656481,0.0038226390240039,0.004971569792842,0.0095830316761551,-0.0418792329918678,-0.0025042135239616,-0.0079981396110726,0.0018534535654248,-0.0029990898543377,-0.0022954658777316,-0.0009164191101458,-0.0121828001910038,0.0007694823579984,0.0027152709386761,-0.0006643400055414,0.0016657235417136,-0.0092821933145383,-0.0589537350137137,-0.001831383326913,-0.0009167550362363,0.0043760667004786,0.003438968857484,0.0134798806791578,0.0092589526638047,-8.42864729140302e-05,-0.0033776074882077,0.0156933564710058,3.27,0.07,0.75,2.46,-0.0007055257285903,0.0281303837594269,-0.0097115480860363,-0.0056979456703585,0.0019855491791016,0.0002468312395844,0.0024937434851377,0.0109688600065336,-0.0172460943068131,-0.0272081692613639,0.0147102837097162,494.1230302,0.0148735599716208,0.0013819315075078,0.0168079040303208,0.0,-0.199999999999999,0.0166,0.12169999999999,0.0570504275379751,-0.0019029501460861,0.0085,0.0034305350967889,0.0127499490374916,-24.9400000000001,0.0163079594521509,257134.02,0.0058189295957813,0.0019645169725581,-23.48,0.0336174247598517
1983-06-01,0.0225001645449137,0.0201580812091375,0.0703688243226956,0.0135379647495313,0.0116840474340298,0.08485599614127,0.0369238219792107,0.0490860552548043,0.0138115204461737,0.110165845509313,-0.2,0.0082017910823823,7.7,0.0341923844317389,-0.0019875132571298,0.0029874692233375,0.0740798245665379,0.0071220816737565,0.0332425058481438,0.0276796381467834,0.0531105126235718,0.0461060254227323,0.0093141482391008,0.0142136138323359,0.007164282363651,0.0125698222962018,0.0114216003801371,0.0141020805287493,-0.0263920107448534,-0.0032091603289137,0.0015511750979779,-0.0002117223629483,0.133300000000006,-0.347724756,0.052856995,0.2667,-0.300000000000001,-0.4,-0.0509975606935775,0.0105368457002424,0.0115718686055075,2789,-0.0679400506830969,0.000859958526755,-0.0054251053495559,-0.0005701671467557,-0.0012706059247662,-0.0016497849553189,0.0097706274742455,-0.0034030307447361,-0.0057784852498388,0.0152308618430017,-0.007081513596467,-0.0073068224488368,-0.0005086665102025,-0.0015554046520804,-0.0001633500056374,0.0110055584288982,0.0006738156149799,0.0841697455488801,-0.0115211637824437,-0.0015253945700042,-0.0088803727462769,0.0260458471723268,0.0017401498141596,0.0003775157186041,-0.0519948401832244,-0.0049420014394701,0.0036771403550011,0.0033131162483881,0.0072892933982178,0.0029795225917697,-0.0354090939144065,-0.009665148973283,0.0005213427036019,-0.0024178369337306,-0.0017464277222272,0.0216664121266423,0.017142652657963,-0.0068509059915937,-0.012041331821484,0.0322164365312818,2.7067,0.07,0.78,2.15,0.0098268890970327,0.0190520151546361,-0.0098200979030078,0.0125835442382387,0.0094877893291052,0.0096090712404244,0.0120449271073255,0.0168972936316916,0.0233944032755744,0.0162724518196598,0.0160462958648342,498.5524717,0.0215704613145231,0.0052508654492555,0.0236401672738307,-0.2,0.4,0.0291,-0.0108999999999924,0.0627576456129599,0.0,0.0085,-0.0034305350967889,0.0103242996802617,15.6500000000001,0.0199922905937466,263066.97,-0.0003483315875243,-0.0076752512011886,-3.52999999999997,-0.0028189514924026
1983-09-01,0.0197923783068283,0.0177731541673989,0.0377232767013531,0.0146850614388399,0.0151004825296521,0.0607259615459812,0.0545163886740179,0.0548520186066295,0.0412378463666956,0.093211730712996,-0.1,0.0171078350437464,10.7,-0.0179707298633014,0.0086798097423503,0.0149207847521344,0.0750141918164404,0.014769394621224,0.0221781837725556,0.0242588223934241,0.0691989197105243,0.0311527169098333,0.0122764932308659,0.0158427719518599,-0.0789385352993124,0.0147550774086991,0.0158864396919434,0.0154392238356795,0.004054059469591,0.005152584764863,0.0041852395009218,-0.0013066091755717,0.299999999999997,-0.489870928,-0.252286742,-0.933299999999999,-0.799999999999999,-0.6667,-0.0076481078778734,0.0201217575903696,0.0197973053305649,3095,0.236539774732567,0.0039681114978824,0.0074641811105435,0.0031942032592517,0.0032029704654821,0.0042822592128635,-0.0029672170635199,0.001748635313759,0.0090882519584458,-0.0049402606284205,0.0100779732527028,0.0039679794536109,-0.000695822250428,-5.9386973216391e-05,0.002240126822838,-0.0093057161003655,0.0019154642629404,-0.0105328228997426,0.0005709718444939,-0.0041250903300884,0.0059429885907658,-0.0037178526931787,-0.0091019768502711,-0.00277688032515,0.102579200188115,-0.0005253315600253,0.0025704557790131,0.0059049214620321,-0.0102712767671731,0.0108974766451366,-0.0186909652118867,-0.0136204832691256,-0.0047132940827365,-0.0041181340460543,-0.0051433773226579,0.0023829209730745,0.0041469777692428,0.0002376062875013,0.0030239533712981,0.0386878308265719,1.9,0.17,1.16,2.49,0.0101258986489503,0.0127642363043785,0.0052103663293019,0.0231105653268138,0.012620480729316,0.0133605267782357,0.0160648642498664,-0.0001075790731093,0.0188978826870674,0.0041285395537107,-0.0026329164917662,489.9514847,0.0005692802615051,-0.0018106669138191,0.0003998409742393,-0.0999999999999996,0.4,0.0468,0.896900000000002,0.0562562537788978,0.011363758650315,0.0087,-0.0022935789870994,-0.0082643126439148,1.15999999999985,0.0139120199909097,269226.84,-0.0006435994737099,-0.0060386765460425,2.32000000000005,-0.0092336524028944
1983-12-01,0.0206471982740037,0.0158102636190005,0.0482122397462463,0.0102837470110817,0.0121220521028569,0.0928373932198543,0.0542492750994095,0.0841260999527931,0.0586941715505125,0.0415290223279046,0.6,-0.0161340029631978,-12.3,0.0199373655168227,0.0005811645852435,0.0199227443151218,0.0478905317566038,0.0214820490916114,0.0243312821428279,0.0249914509453708,0.0501050553018914,-0.0360049731805248,0.0172365352751083,0.0114885450113604,0.0998431963644686,0.0119898666790377,0.0139791060795105,0.0115331384532276,0.0137285933194731,0.001711645289097,9.08075718992762e-05,-0.0033271975984163,-0.166600000000003,-0.502062387,-0.316331981,-1.9667,-0.8334,-0.5,-0.0324104966251877,0.0160139487388067,0.0186006915246484,3502,-0.0546967039530122,-0.0064884723378835,-0.0071164475408425,-0.0031383082000178,0.003397401184368,-0.0039856479397659,-0.0052870930387651,0.0007442519957185,-0.0073767925032113,-0.0079517110661249,-0.0075986943433448,0.0026374163184712,-0.0008481865360074,0.0047194069445488,-0.0097097310934835,0.0017975255579343,-0.0131699636157965,-0.0354095249638338,-0.0026835425349798,0.0032789494916354,-0.0011159355699978,-0.0086767728014516,0.0119818082630911,0.0058547021814079,-0.0833414998621009,0.0002027755467945,0.0005060815756916,-0.0046464980756333,0.0151275968486688,-0.0059774819978022,-0.0083435768067934,-0.0021172055605833,0.0045484625318792,0.0021881074549856,0.0050581076572893,0.0057417524582783,0.0089816286381707,0.0053143900993157,0.0056795006917278,0.0039649812394091,1.92,0.18,1.15,2.89,0.0115749869657344,0.0072305948195863,0.0145644408665158,0.0409954294463528,0.0268463723181611,0.0227356432061345,0.0311594318956239,0.0032953188985871,0.0275619635665176,0.0060798583352763,-9.38733893462995e-06,479.5341073,0.0025813432328156,0.0050913203611671,0.0013346628340009,0.0999999999999996,0.0999999999999996,0.0709,0.748499999999993,0.0359966205510034,0.0149535496670583,0.0085,0.0068650155196801,0.0108572607934683,-34.6699999999998,0.0195776112030739,263733.89,0.0102636443145609,0.006802143888926,-23.9300000000001,0.0401913483176335
1984-03-01,0.0193592971005696,0.008264665764667,0.0371139415958215,0.0044436969515899,0.0025999736787758,0.0922551693861129,0.0308816719808345,0.0172465880300088,0.0313107052405801,0.0297547078446678,1.9,0.0105432371892817,3.4,0.0348573113577455,0.0126137647246454,0.0206575585249906,0.0773202919272444,0.0189783169170816,0.0237803486598485,0.0245990551077044,0.0531370126006943,0.0440032480766099,0.0155181093557886,0.0131418901069953,0.0136037242236506,0.0134089668849811,0.0158766082809993,0.0131114291670436,0.0059681876742985,-0.0003420947596843,0.0041674185872828,0.0010984887958152,-0.0334000000000003,-0.412204963,-0.258088808,-0.933299999999999,-0.8333,-0.3666,-0.0297756737477251,0.0192041249924229,0.0189589356342044,3804,0.0512934110143446,0.0041893121034788,0.0020794799385903,0.0023746629651122,-3.84266941066969e-05,0.0018354127539912,0.0063984391710354,-0.0059072759640175,0.002502505689605,0.0120094562839244,0.0020257282621396,-0.0107457141073555,-0.0037101813531306,-0.0027596020478561,0.0016626296649695,0.0160354600110897,0.0064563015002541,0.0240988429582769,0.0021700529883683,-0.0016975097598184,-0.0015344964357457,0.005426955312247,-0.0040509483588966,-0.0002748027204373,0.0096817640540027,0.0122437338151968,0.0008086496371202,0.0061236337456911,0.0189810190611253,0.0022540386767548,-0.0096706334175182,-0.0036240024602314,0.0004697219492446,-0.0021598432981742,-0.0026612224590358,0.0048167173877318,0.0053891765597433,0.0055213418385706,0.0065968683198907,-0.0057046163548526,1.8,0.11,1.01,2.77,-0.0149045606895237,0.0026574638877141,0.0225879488383045,0.03007238863003,0.0339433222571,0.0215606348409993,0.0350870586224996,0.0078914951437294,0.0078324577172974,-0.011145969269271,0.007899610175043,474.2508708,-0.0020956662818179,0.0325512536573989,-0.0032835730279092,-0.0999999999999996,0.5,0.0639,1.83110000000001,0.0710712407581173,0.0453386805890617,0.0088,0.0045506335639964,-0.0144262095483718,-31.4000000000001,0.0240040867898337,266678.44,0.0029856997090593,-0.0051248218968407,-12.5899999999999,0.0129010853062672
1984-06-01,0.017130055100596,0.0139124836856954,0.0230372920051272,0.0078415012254105,0.0216555086085615,0.0320024651702218,0.0383172725028382,0.0481134929294234,0.0455533004035527,0.0174671628043956,1.7,0.0214896915708316,12.7,0.0112487898043288,0.0132561579711652,0.024551107423906,0.0410371408205688,0.0159803947898638,0.0184872910790408,0.0213307793800568,-0.0370517534281745,0.0051424091329153,0.0123373964715778,0.0146474579566398,0.010082707040068,0.0134683507712605,0.0121366781362795,0.0144161814792785,0.0082305649812513,0.004665173164863,0.0089105490330467,0.0035353179781729,0.433400000000006,-0.195006524,-0.197840977,-0.866700000000002,-0.4333,-0.2667,-0.0168235748075478,0.0124762029522403,0.0129298731593046,4099,0.0112994422559769,-0.0011287199750293,0.0015912964548179,-0.0008696415257247,0.0024983714045516,-0.0014837791469437,-0.0055825331687646,0.0058971197083437,0.0022742744754498,-0.0109377543720819,0.0021914152696718,0.0092119090559101,0.0049931191059986,0.0014689500254441,0.0029831646231111,-0.0200558429691489,-0.0073275335986684,-0.0064010581293678,-0.0018712236610465,0.0043394399700913,-0.0026284630674564,-0.012880123111739,0.0021934507972587,-0.0012414943867931,0.0385904172198912,-0.0153922467711238,-0.0014650458237275,-0.0042766544927177,-0.0381505539182285,0.0012422641368621,-0.014188474557522,-0.0061628060976626,-0.0038398489868831,0.0014404137324461,0.0010254804277058,0.0055494143192564,0.0088540440601896,0.0012079322342479,0.0049192481988251,0.0156304597109274,1.5,0.42,1.75,3.4,0.0140974818700155,0.008123312552299,0.0382913806617777,0.03746107401758,0.0300777919059776,0.023604254321862,0.0354749541253678,0.0077438198122123,0.0233346301543413,0.007354361719984,0.005572199288256,469.3402575,0.0019838196626622,0.0215849983864409,0.0007071202872506,0.0,0.199999999999999,0.0537,1.884,0.0412646414989393,0.0382655380789538,0.009,0.0101638367900061,-0.0010475883743659,-19.1600000000001,0.0298551550117914,270398.03,0.0009428122330827,-0.010463225192991,-18.08,0.016003695371535
1984-09-01,0.0095939311809871,0.0073887733311455,0.0003761376441113,0.0124630950225484,0.000772716093226,0.0214090767570916,0.0196548656574009,0.0307739677976873,0.0302262218683635,-0.0116833638699081,1.7,0.0080613514309471,-0.4,0.0020803137291753,0.0169001885936666,0.0218512373392388,0.0255577393029007,0.012963724038709,0.008538136218565,0.0098533375023937,0.0085926866707382,-0.0407939947254077,0.0104128209887762,0.0121789350932637,0.0072192733367959,0.0110281449707337,0.011769562101108,0.0115100256335943,0.0075126272006516,0.0046435442442058,0.0101632327062191,0.0067179297140196,0.0,0.115961328,-0.143384276,0.199999999999999,-0.0999999999999996,0.0332999999999997,-0.0087535572950727,0.0045749590856445,0.0043337164521517,4175,-0.0673889056290484,-0.0019395532301014,-0.0022955395085371,4.18684831009486e-05,-0.0017545427949832,0.0002649675979098,-0.0002464726334432,-0.0042071217001309,-0.0032758331862323,0.001633311710981,-0.002895077062945,-0.0028425178797322,-0.005114812385611,-0.0034376916616718,-0.0087550977988391,0.0064656996050334,0.0139652452821375,-0.0290239635050931,0.0026610215091156,0.0011209629642516,-0.0020774056630559,-0.0108434268943562,-0.0007563271119814,-0.0020360669383841,-0.0117673836350503,-0.0055266610723459,0.0001679153935869,-0.0089964234347235,0.0148908675480337,-0.0084055846242598,-0.012976935949947,-0.007035610566016,0.0002378176726987,0.0066105249236203,0.0065269752267083,0.0042030727298207,0.0052750399449328,0.009129587491329,0.010300721866578,0.0058801557058796,1.8433,0.21,1.49,2.55,0.0107960247457308,-0.0005780532983497,0.0211913622382394,0.0340582596297621,0.031170981199681,0.0215154074058326,0.0350107969325073,0.0156778314589996,0.0197043613324848,0.0067405538350193,0.0151105333325088,470.349033,0.0130689966148445,0.0218589932522093,0.0136744412310357,0.0,-0.0999999999999996,0.009,2.1579,-0.0184176984623292,0.0135595297856324,0.0086,0.0100615717454349,0.0201166793312453,-44.8399999999999,0.0279495726537409,261555.34,0.0021959422634978,-0.008334132956163,-45.28,0.061198627258932
1984-12-01,0.0081742292191417,0.012870234587476,0.0319769179968485,0.0109349902679856,0.0076476777647194,-0.0130558042348747,0.0177527279138436,0.0290029571785198,0.0232564555592889,0.0010011774666622,1.2,0.0207760279452618,13.4,0.0150176880752033,0.0101021565599764,0.0201432819658338,0.0288901466161446,0.008234464047014,0.0076042005770973,0.0078290071671571,-0.0021677547533629,0.0138109999734057,0.0098325237580052,0.0141431512431449,0.0046922387726988,0.0124509492536724,0.0175292791592447,0.0145626121156557,-0.0187228336176455,0.0037218787677257,0.0039835399908998,0.0048258591349288,0.033299999999997,-0.0726755690000003,-0.0964530619999999,-0.533299999999997,-0.2334,-0.0332999999999997,0.0042112713580646,0.0056380012108912,0.0065003227952704,4243,-0.209860751140568,-0.0015484662980798,-0.0022533406450642,-0.0020239461628914,-0.0015323893394994,-0.0010757115605111,0.0008888496609396,-0.0001451464037609,-0.0033449211439653,0.0013664647717628,-0.0034614146486222,-0.0056085650466828,0.0056253503107504,0.003905974080741,0.0002777970100655,-0.0052205911779861,-0.0029139933027808,0.0336756864375762,-0.0039790456258561,-0.0054670797693807,0.001362493286467,0.0199673174788577,-0.0015143662959369,-0.0012541937322732,-0.0275713076670363,0.0016254017697288,-0.0023410363938092,-0.0003276011762043,-0.0113907365001378,0.001287818678441,-0.0265522742272584,-0.0059452029321152,0.0038544870911341,-0.0002663881290772,0.0003959220085372,0.0011090747882462,0.0022087674161297,0.0064751942329177,0.0068694497658654,0.0022897911705879,1.8633,0.18,1.21,2.94,0.0104661204206842,0.0022461746086293,0.0174207281511638,0.0343541968166265,0.0214856670922323,0.0235661658460167,0.0276565494911996,0.0150806241013441,0.0267920687762153,0.0185576782076557,0.0134163535988066,472.7926244,0.0126944350779734,0.0206873548663964,0.0128400505281174,-0.0999999999999996,0.0,0.0176999999999999,1.4918,0.0753391564010002,-0.0016849203649196,0.0083,0.0099613441296728,0.0121705573640298,-12.2,0.024324234589308,261731.3,0.0048723635243259,-0.0031637022847697,-16.64,0.0236517494177511
1985-03-01,0.0096431473161473,0.0168466829278557,0.0341781343365586,0.0179647764564717,0.0060643292232702,-0.0278009420707575,0.0089935057861012,-0.0089041190344731,0.0111417594919239,0.0022689282443266,0.4,0.0108305814236509,3.7,0.0566447707145601,0.0125400509265026,0.0026469328545122,-0.0223008002126788,-0.0024034525827101,0.0111439855500266,0.0117715526481059,0.0146812264081313,0.0078707331382572,0.0074496469576033,0.0146518348852638,0.00261256939672,0.012373981342197,0.0116899629707667,0.0146567509246758,-0.0120081500289455,0.0016871945962861,0.0066919242715854,0.0042470334598228,0.2667,0.0725008869999995,-0.075635688,0.0665999999999976,0.0,-0.0333000000000006,-0.0303996389235337,0.0074863737625969,0.0079629832411196,4283,0.205645026739793,0.0055894385217008,0.0064579930676305,0.0032334209120255,0.0005582033169906,0.004724609991749,0.0032944077483074,0.0032411724438867,0.0072261091209715,0.0033317564534547,0.0070615986047215,0.0073868557020855,-0.0035122306294761,0.0027436561463636,0.0033542691440331,0.0052974859983816,0.0034539871431444,-0.0040225150171822,0.0043011517617501,0.0013050928124811,-0.0005600755503079,-0.0014031173368933,0.0019381082750222,0.0021906788749763,0.0536075251074912,0.0030417928977071,0.0008281951103477,-5.6673425561371e-06,0.0037877305442535,-0.0035445012379939,-0.0724164930425975,-0.0029537799201078,-0.0019977413865892,0.0039744234132355,0.0044152050453059,0.0031887782122406,0.0042703880719496,0.0087270771077347,0.0094039925537412,0.0136097548426242,1.81,0.25,1.21,3.4,-0.0047958702696542,0.0176005438556901,-0.0005719845489995,0.0340483664650817,0.0219372251094203,0.0154406731118844,0.0286700983714372,0.0156646196604573,0.0226457811885936,0.0250491072361507,0.0146613800076949,480.9300495,0.0155720629462284,0.0158804044290726,0.016431334584297,-0.2,-0.6,0.0018,2.04689999999999,0.0795506487163689,0.0183797989370895,0.0087,-0.002205072558314,-0.0079974271956793,12.95,0.0190363337011394,272197.22,-0.0003424051500857,-0.0088345000061025,6.9799999999999,-0.0201720991495087
1985-06-01,0.0087662000748611,0.0091388201668198,0.0118299145331662,0.0091577221758854,0.0077450794917304,0.0168890076915771,0.0128154874003243,0.0215925273250468,0.0142226248815929,0.0083204130023792,0.5,0.0219496444189922,11.0,-0.0527510586670612,0.0179651610709088,-0.0021469271333698,0.0479655721558947,0.0197618486754632,0.0099475174139831,0.0096197753318274,-0.0346859968003552,-0.0086497635140139,0.0073285577405801,0.0132029258570423,0.0028796729242186,0.0107548315558788,0.0130854978130834,0.0130497636541609,-0.0040349753478539,0.0139503517113031,0.0055135133369894,0.0046440715615006,0.0,0.0437701130000008,-0.0350257780000001,-0.2666,0.0,0.100000000000001,0.0270086218860666,0.0055511587544501,0.0067909641824712,4311,0.0303143587239738,-0.0036737475722454,-0.0049148845630462,-0.0043182964423902,-0.0013614811809539,-0.0053014353247595,-0.0014626780980098,-0.0027593463426249,-0.0052525162719665,-0.0008233607302514,-0.0052473905543255,-0.0055942212419761,0.004302961719687,-0.0104831977487763,0.0061128518177033,-0.0079985517650693,-0.0048873693925219,0.0265993967069105,-0.0022668463190904,0.0021368505957868,0.0002189147424314,-0.0098796883177598,-0.0015954759184873,0.0030581991100762,-0.058020159417898,0.0071021204701273,-0.0004226772079851,0.0035462357967803,-0.0155695036424337,0.009011752894712,-0.0102617691531384,-0.0086379555732891,-0.0004210395941566,0.0007260035222893,0.0015751578414313,0.0031599738344696,0.004082486911499,0.0062152023435269,0.0062858285213893,0.0054560071625378,2.2067,0.2,1.01,3.35,0.0174408020489656,0.014754941480251,0.0005463880296279,0.0244992016449244,0.0301815522499638,0.0199881811608131,0.0331797842270678,0.0160587509168941,0.0269343393549111,0.0071724565507951,0.0144804626731805,478.3967552,0.0122167340307051,0.024989402026673,0.0123843040620883,-0.100000000000001,0.299999999999999,0.0018,3.3741,0.0371137672911388,0.0115227612367805,0.0086,0.0055035912169789,0.0042132739399907,-18.49,0.0281520733600367,273974.47,0.0011411199249025,-0.0109188731964078,-19.8399999999999,0.0216439504919697
1985-09-01,0.0151572603738277,0.0188167818607017,0.061999563094532,0.0133825790109174,0.0081918416402748,-0.0068406044285165,-0.0040679221065689,-0.0139245400323569,-0.011433429777564,0.0183700802417324,0.4,0.0225393151020485,12.5,0.0440861670580066,0.0157724951359599,-0.0146927646972834,-0.009720639823052,-0.002765562795572,0.0154561797803825,0.0173116289326525,0.0180447085380484,-0.0029382754192841,0.0051392636306459,0.0140614711282741,0.0016418118565777,0.0103049194741196,0.007196411688108,0.0126847504636327,-0.023522476167547,0.0089370042730045,0.0065243153141718,0.0109696669198804,-0.0334000000000003,-0.0255593260000007,-0.052798508,0.5,-0.0999999999999996,-0.100000000000001,-0.0082329250436341,0.0014336726108554,0.0028046287888319,4349,-0.0321265006763616,-0.0002432431567962,0.0015844414957202,0.0007502968077091,0.0026714979907041,-0.0006179946233926,-0.0041248467902903,-0.0040180307542927,0.0025129850297278,-0.0041152513053042,0.0021822297417561,-0.0002380169007416,-0.0140648051639367,0.0009880872296506,-0.0065247526457206,0.001499361412272,-0.0011177959835251,-0.0335477399426058,0.0016191942516319,-0.0016745172916841,-0.0025322931950628,0.0041833585063675,-0.0028378603829386,-0.0034037983310559,0.029736018415051,0.0003741686412936,-0.0016274870244004,-0.0077629387454853,0.0088477201192374,-0.0099666051713827,-0.0161375501397725,-0.0059650442210141,-0.0038314518207345,0.0084359365954869,0.0096497497273988,0.0126331529051273,0.0158682995078498,1.62621457908685e-05,0.0020213882730519,0.0155466516576714,2.1333,0.16,0.89,3.23,0.0213855562613929,0.0283294061574528,0.0097977190297227,0.0278169439448588,0.020706686585056,0.0178072894634189,0.0232401880777697,0.0071512199532133,0.0314210340696413,0.0341866939099962,0.0035573489072291,481.4311331,-0.0007530472811527,0.0251721140807817,-0.0019459521788967,-0.3,-0.299999999999999,0.0089,2.18800000000002,0.0063313275713969,0.0306228602139829,0.0087,0.0065645749965064,-0.0073812163931723,-27.8,0.021869477044639,274648.81,0.0073649379483846,0.000672896257523,-11.12,0.0194112547430647
1985-12-01,0.0074069918286916,0.0021635878858425,-0.0351394530030973,0.0079896642554757,0.0089154155273716,0.0361944737322233,0.0188368151257121,0.0185001926428336,0.0179289515295302,0.0214935433276802,0.7,0.0041124430260426,0.2,0.0055429362282666,0.0075828733408682,0.0293978378308575,0.0383877969545932,0.0109392734128431,0.0090005997911504,0.0073000324183425,0.0077194594145524,0.0242252733114627,0.0065737088843871,0.0138288627358012,0.0035480523270967,0.0122641897334486,0.0097381519862498,0.0149540977577711,-0.0223238782651487,0.003508753599787,0.0051889764893395,0.001810937914831,0.233400000000003,-0.144040519,-0.012548056,0.4666,-0.100000000000001,-0.3,-0.0281455765148966,0.0040599196574993,0.0050014072733324,4356,0.14233484291466,-0.0008691901752668,-0.0030717061585114,-0.001447233403951,0.0021684172917888,-0.0001924555623329,0.0053287019406242,0.0042820183924066,-0.0053204630056291,0.0058353157146413,-0.0058232660113719,0.0011732460470268,0.0163684755387594,0.0005703065245823,-0.0031842151057146,0.0086263621044291,0.0019577041832814,0.0121179875528306,0.0009357674956818,-0.0005045834615309,-0.0001292480629708,-0.0002067888387964,0.0014496298886519,0.0005929614282407,-0.0459660467797112,-0.0029984420571516,0.0026296699737908,0.012944598078982,0.0204776533259823,0.0070666514715931,0.0011313304973859,-0.0051700459167003,0.0002392171678589,0.0093255860317791,0.0098194114889738,0.0040106021820864,0.0032250917633751,0.0159711725475029,0.0147106644016537,-0.0176339408290533,2.2167,0.09,0.69,2.59,0.0212052857563148,0.0181143807126878,0.0047681672578603,0.0214462250566063,0.0219768417706288,0.0251255336733998,0.0267506304540195,0.0277489390204408,0.04193413001979,0.0309949496560558,0.0256012336171114,488.54192,0.0286462759571968,0.0257264320277919,0.0308549940454341,0.100000000000001,0.5,0.0091,1.47019999999998,0.0184034207228692,-0.0079681696491766,0.0089,0.0119242605297361,0.0640390010932794,100.95,0.0005348746664495,283166.97,0.0147783131083727,0.0209069111169882,30.72,-0.0300085844730997
1986-03-01,0.0092941515536129,0.008704198586761,0.0200822054810992,0.0041443052877809,0.012640493158349,-0.000293160901295,0.0028403961913747,-0.010045872495505,-0.0099508730016912,0.0397233662919261,0.7,0.0078696554260044,-1.1,0.0056663690155263,0.0182568758017423,0.0308422742390926,-0.000998575927797,0.0134405905041657,0.0103293365138826,0.0097663319951188,0.0488447608549487,-0.0067915170403054,0.0041542382247961,0.0088406681645416,0.0010891900253833,0.007703633080812,0.0084852018956649,0.00917394291125,-0.0326251908729285,0.0032783332091028,0.0020680748608938,0.0052094978307888,0.033299999999997,0.0411417949999997,-0.0801201380000001,-0.766599999999997,0.0,0.0666000000000002,-0.0067644001297644,0.0002826360541288,-0.0014419809327606,4282,-0.0455966351036423,0.0001087777598707,0.0035916730851144,-0.0002596390422353,-0.0016703403819802,-0.0005021813382875,-0.0093711543709007,-0.0023550181194922,0.0068653661548108,-0.0128847430063557,0.0081357985869416,-0.0002160601485847,-0.0095459105591553,-0.0007074909641842,0.0033010435253979,-0.0023870285417593,-0.0120519287260086,-0.0702025382024276,0.0009838772364578,0.0014053296577438,0.0030891177594045,-0.0078756724416453,0.0052514699125962,-0.0028860832681343,0.063233563876512,0.0018878993895201,-0.0007245331680199,-0.0214322501823077,-0.014702186873814,-0.021651256126356,-0.253639177163809,-0.0127098362710121,-0.004787662491795,0.0094024259983793,0.0076061655076111,0.0117728943607354,0.0095033589975308,0.002876642068081,0.0023881852336105,0.0094868164439971,2.46,0.05,0.56,1.66,-0.004064975631346,0.016510907598243,0.0008762185937225,0.0086750447950514,0.0091663354974596,0.0211682860030287,0.0154354402058328,0.0178961219301961,-0.0006147236783835,-0.0140553787250406,0.0206918556963487,492.0972724,0.0214916681741002,0.0097330188609205,0.0233504326747713,0.0999999999999996,-0.200000000000001,-0.0088,0.328000000000003,0.0551188134118359,-0.0145046862028817,0.0093,0.002152853361101,0.0135405600694511,80.54,0.0045085826608151,300718.42,0.0086816877881084,0.010559832546031,42.3599999999999,-0.0556291472517065
1986-06-01,0.0044928555450756,0.0108367857117084,0.0346250764801868,0.0060554385397004,0.0089046969641781,-0.0176124831228748,0.0002358470307433,0.0123013785346311,-0.0204815599775499,0.0558464671309205,0.3,0.0206298393419653,13.6,0.0017308253481074,0.0097372027071305,0.0107071793316855,0.0416673213565106,0.0124820077641346,0.0051003547753443,0.0039143810982773,-0.0126472875126074,-0.0049712191248207,0.0036719301021115,0.0104623644462496,-0.0113583293550175,0.0081885636035128,0.0086191473058967,0.0103281016536911,-0.089532518779019,-0.0048118859250312,0.0027508054943759,0.0039655019985858,0.2333,0.120107572,0.044696549,0.633299999999998,0.2,0.0,0.0597538016347379,-0.002668033706862,-0.0027127440552963,4322,-0.0408905479165584,-0.0081159893422335,-0.0039059066151061,-0.001435252803402,0.001956233710838,-0.0018111925251069,-0.0110751137914544,0.0043673448929908,-0.0061356204524485,-0.0191319253276143,-0.0060477984223426,0.0046525804557733,0.0055085009091859,0.0004204861316594,0.0073795248518084,-0.0031415042333673,-0.0022824382206447,-0.13120998261854,-0.0063858379267398,-0.0012804652235298,-0.0005108055101419,0.0085491550820635,-0.0078885312773131,0.0034694346089212,-0.0520274141425836,6.13981595254387e-06,-0.0024690153704813,-0.0035701950531672,0.0056898653569037,-0.0046666114626416,-0.497635816435264,0.0004952969945715,-0.0047404499701246,0.0166620011192746,0.0164815418173925,0.0078083034179847,0.0065771681332473,0.0047443252716661,0.0036912498667707,-0.0038907865208917,2.67,0.04,0.47,1.46,0.0356865836411275,0.0431688329450282,0.0066842825981563,0.0105254761914839,0.0149429410202924,0.0258389345209595,0.0178737660516806,0.0170713181712596,0.020254742305184,0.0077726712498709,0.016594980634439,494.1253867,0.0157994739578964,0.0199702208183972,0.0156617876936664,-0.0999999999999996,0.100000000000001,-0.011,1.4248,0.175385732495149,0.0096931292056594,0.0096,0.0074986960911203,0.0077909026466187,48.6599999999999,0.0149067680349972,315094.19,0.0087590442313807,0.0059238632943134,25.4100000000001,-0.0317904819356629
1986-09-01,0.0095212094535028,0.0175295728619389,0.0818195241362218,0.0083216007596345,0.0020773769956736,-0.0272680400243885,-0.0044303771925235,-0.0058269819527598,-0.0115658736430788,0.0136350207861309,-0.2,0.0215491341701828,14.6,0.0135188190177233,0.0092160192569661,0.0226300358481817,0.0273411184839114,0.0055685980707753,0.0092957933503488,0.0105585729780575,0.038690100515975,0.0272499824888328,0.0053097176166083,0.0124703578021421,0.0089060120831439,0.0085893162076988,0.0076901348425639,0.0104108265690321,-0.0527837818611925,-0.0023047806689948,0.001629704017386,0.0052966471685405,0.133399999999995,-0.190155902,0.000680771,-0.7333,-0.0332999999999997,-0.3,-0.0477797883014084,0.0053692307290393,0.0050379312197597,4336,-0.113077080598486,0.0063392845532388,1.33126585364352e-05,0.0012593563531972,0.0012463805323701,0.0004458030309075,0.0189927249018176,0.0037184141171122,-0.0025894370729369,0.0267527341770797,-0.0032405716156929,0.0051368072708095,0.0003161440566996,0.001958255022008,0.00750526262998,0.0123002811749058,0.0164941808031278,0.127915341307516,0.0044607627069988,-0.0037465695432272,-0.0014325749664334,-0.005189364920763,0.00091147685669,-0.0013999532247548,-0.007244245732918,-0.0040201812492095,0.0011007513217515,0.0141681405668557,0.0213494127699461,0.0120386340915912,-0.0599961423772237,-0.0003961845272373,-0.0040612752509203,0.0068691280361816,0.0063167845680975,0.0042579631529067,0.0051945338206778,0.0066801996028891,0.0081648667336438,-0.0095439544175666,2.8733,0.06,0.47,1.78,0.0224083327219606,0.035420479092843,0.0054647336559696,0.0163081214858201,0.0164816706555779,0.0297820564902693,0.0166268508316989,0.0074491676771106,0.0277112633189507,0.0221427425209324,0.0043743424697417,493.5357478,0.0022299161456569,0.0192181389126489,-0.0007101664291813,0.0999999999999996,0.199999999999999,0.0131,1.47499999999999,0.102985624140311,0.0409506036130953,0.0103,0.0074428839070783,-0.0086524176071662,15.3400000000001,0.0118331268328493,325550.11,0.0112510728221675,0.0109711085257818,22.1799999999999,-0.0208116448706157
1986-12-01,0.0053495941671162,0.0061034896011786,-0.0159599804122541,0.0109151998956918,0.0080969644555128,0.0029886948336992,0.0076906653805748,0.0113406343864684,0.0096295043914924,0.0027891034496754,-0.3,-0.0041391205858989,-4.6,0.0247828721653152,0.0033415184557403,0.0366793955289593,0.0077312105093021,0.0001399121307716,0.0053425416664687,0.0048749232519198,0.0308160987565467,-0.0038644335647548,0.0057659017541933,0.0096850422419692,0.0073389836421506,0.0097268718370227,0.0113045915734986,0.0116073754770358,-0.0276907149318353,0.0044948603880055,0.0095531432773796,0.0118075326943252,0.0,-0.121042871,-0.034878689,-0.5,-0.100000000000001,-0.2,0.0205120004276402,0.0073009617614738,0.0075096252409068,4411,-0.10592988382665,0.0007481593510845,0.001264230531301,0.0011840378166199,-0.0006157133643762,0.0014927020324897,-0.0011970483818704,-0.0026696961132186,0.0021159627097384,-0.0004092426391504,0.0021087999219564,-0.0042319065536737,-0.0016386536027841,0.0022530671400087,-0.0069550342003745,-0.0087168062467202,-0.0039369042267676,0.0456076245700641,-0.0048514615618171,-0.0022477795392625,0.0028278308402205,0.0150875438572768,0.0009397624313178,0.0003800593266518,0.0133882529683547,-0.0019860705801964,0.0002016023255704,0.0083673232575609,-0.0197192505605335,0.0151259046577739,0.0773059441511945,0.0065867959732703,-0.0043044889705616,0.0067827347238091,0.0065560898430758,-0.0021716314608761,-0.0024486032530344,0.0154986038538336,0.0154628095588398,-0.0152797666207056,2.83,0.05,0.44,1.91,0.0298191472263118,0.0356131173177294,0.0140248769484508,0.0110483698860859,0.0129078815648942,0.0302088518145682,0.0136554999632938,0.0256776083161299,0.0255577757122296,0.0254178158030864,0.0256962838211745,506.3112093,0.0303913722785456,0.0150569009123345,0.0320475194429672,0.2,0.0999999999999996,0.0196000000000001,1.5112,-0.0177605812791786,0.0137933221323359,0.0109,0.0042283361095214,0.0257589440024049,89.8,0.0103394950133673,343250.08,0.0078419176544262,0.0066549097807708,35.79,-0.0426034039300696
1987-03-01,0.0073910679935416,0.0009450960017733,-0.0610699654521616,0.0160046989185947,0.0012493347251911,0.0266289800858104,-0.0174341438751737,-0.0350963348176538,-0.0239253541994264,-0.0015485970311957,0.6,0.0058482588693475,2.6,-0.0034045518227854,0.0052846096970009,0.0008902547077802,-0.0058794869855072,0.0073417402648914,0.0076482669706856,0.0077363764783173,0.0426054162118739,-0.0068946110810399,0.0066712243429023,0.0118777713135465,0.0064786296723697,0.0112883556630887,0.0088647057892572,0.0124857112178454,-0.0152342877683909,0.0058894270556155,0.0043200270114915,0.001495240435732,0.100000000000009,-0.167152231999999,-0.0474829919999999,0.100000000000001,-0.3,-0.0999999999999996,-0.0243863257416166,0.0119457379425896,0.0123787500696064,4491,-0.0473675430216467,0.0033887929216747,-0.0017980435245355,-0.0001301102473556,-0.0028561985418331,0.0014246677506992,0.0138017215612427,0.0027486416110811,-0.0038783066684642,0.0198841764871243,-0.0041847568375925,-0.003413766552291,0.0019163006107625,0.0105622934797491,0.0143513916144737,0.0030549362752263,0.009483091120976,0.128592687965602,0.0088421642945779,0.0028526956078271,-0.0021511082936838,-0.0024380319113075,0.0025933320450484,0.0005559998952682,-0.0318775071333173,-0.0086779118309885,-0.0015241790941278,0.0079477284182081,-0.0189602770931883,0.011625674566333,0.201446990242468,-0.0112807579296947,-0.0011387517001266,-0.0069419471533294,-0.0068235088501387,-0.0047184340246886,-0.0042037895957802,0.0087078789187584,0.0091178972175223,0.0003650819446683,2.4667,0.01,0.39,1.66,-0.0027732056944671,0.0203264769503182,0.0330818821247627,0.0015113780306013,-0.014118500713419,0.0502133740570478,-0.0090158779960773,0.025142901340157,-0.004222216533769,-0.0115639694507346,0.0295745869956008,517.6939733,0.0286700445971633,0.0170875947215059,0.0305340449101426,-0.100000000000001,0.0,0.0255,-2.83750000000001,0.136519741340475,-0.0107116555949278,0.0102,0.0052604013991803,0.0304488506572369,-28.28,0.0077153754822134,328552.02,0.0065127920367924,0.0059914785990002,-33.1099999999999,0.051479476721247
1987-06-01,0.0107240675207461,0.0135436946175016,0.0402557864641322,0.0097931207651829,0.007580492371134,0.0005206554406731,0.0151727376748747,0.0288467918769353,0.0199474449915034,0.0035569314929038,0.3,0.0077226991193688,5.6,0.0720703136039003,0.002235070783505,0.0403717241132098,0.0247106453488719,-0.0103813859298469,0.0124207396269758,0.0120036282412643,-0.0156659232062037,0.0329351309155079,0.0085715149702831,0.0142383931755159,0.0075057047176381,0.0118928226950548,0.0077570649718534,0.0135112425425756,0.0082987593175216,0.0043403062928035,0.0023638592587609,0.0043731848267114,0.066599999999994,-0.30536122,-0.034726542,-0.800000000000001,-0.2333,-0.4,-0.0313594215845772,0.0062076541431581,0.005708838955921,4746,-0.102876116957027,0.0001975385340742,0.0033506608535676,0.0009687227832437,-0.0016595468116777,0.0004841195835059,-0.0073935523977546,-0.0005893793702735,0.0054584281311882,-0.011132453828818,0.0057853343074394,0.0106020258287503,-0.0018368471813152,-0.0146305350990792,-0.0118355024117003,-0.0016225955586186,-0.0015737470151417,-0.0821385462031992,-0.0039505115198603,0.0017313581737852,0.0027714568062191,-0.0060550414707218,0.0003338266284012,-0.0024725190203205,0.0378771085730545,0.0073857543388653,0.0039108294537184,0.0041025670668934,0.0284129777952051,-0.0041673259840546,0.0479374216359432,-0.0016686336949804,-0.0058836389216039,-0.0033626433062456,-0.0034829704730139,0.0067107704730711,0.0058005963222997,0.0013542630570873,0.0005555469965878,0.013955260257049,2.0133,0.32,1.11,2.69,0.0139879547947697,0.0059928567881142,-0.0025370592624778,-0.0060794289685688,-0.0065575951718308,0.0354926881447595,0.0008852093311446,0.0089188139586156,0.0250818459998516,0.0354632583969616,0.0064981157329295,526.5066638,0.0063562372409027,0.014780997720603,0.005628961634013,0.300000000000001,0.4,0.0619999999999999,-1.57639999999998,0.181666951648717,0.0061349885675159,0.0099,0.0041884877987521,0.0080340583010567,-40.8,0.004859564037039,317470.62,0.0025551893060651,0.0014653050400657,-26.33,0.0391694940574681
1987-09-01,0.0086343963330755,0.0113419963983183,0.040543969348029,0.0088570810666173,0.0007936487393864,0.0001458675558332,0.0171399412692894,0.0260784589745331,0.0274188604882797,-0.008273300351032,0.0,0.0010484318908528,-0.5,-0.0164581664382899,0.0033632754895052,0.042491373939864,0.0193052069750097,0.0178097634524583,0.0071669634433058,0.007491556856217,-0.017796769904832,0.018481704995331,0.0081039783916256,0.0167397109097998,0.0081123125916544,0.0113061970608754,0.0028885132416931,0.0130626514535042,0.0103852084566167,0.0050758573259699,0.0040393894863797,0.0008921638898389,0.0666999999999973,-0.194499005,-0.072271487,-1.1,-0.3,-0.1333,0.009840030789384,0.0062603728521075,0.0069393418307255,4928,0.0057731296744743,-0.0001858003986328,-0.0007441548362652,0.0009301942068407,0.0001169376781007,0.0017435245439854,-0.001204981729133,-0.0006751543769523,0.00051777821372,-0.0014679461513695,0.0001914046208102,-0.0033755152971037,0.000475702575958,-0.0022226966370215,0.0069958399877041,-0.0043703051782002,-0.0096133227403312,0.0196901414526489,-0.000469081623907,-0.0020192103487191,-0.0009525285131517,0.0088137307166147,-0.00113049208709,0.0019914549215398,0.0028119250636353,0.0002176619084179,-0.0026651376131203,-0.0044147247428814,-0.0189065996954092,0.0024423256460464,0.0751979118274644,-0.0080868436109815,-0.0017538655037467,0.0004126318650277,0.0007243849752001,0.0002151501577101,0.001232152072971,0.0092460016366739,0.0099474286318308,0.0040512952682343,2.03,0.14,1.08,2.83,0.006044186631394,-0.0094117655910315,-0.0009760162972147,-0.0004359506406208,0.0028844816431679,0.0340725732289746,0.0102731952086206,0.0145875575832193,0.0191536544735431,0.0013438646100709,0.0138955303181696,524.4497751,0.0148108328804391,0.0140786210387915,0.0149551636358503,0.199999999999999,0.0999999999999996,0.0511,-0.811000000000007,0.0212093010577092,0.0015278841780532,0.0096,0.0020876834304837,0.0097739927352282,-30.8800000000001,0.0027698157869764,307707.94,0.0010030253107142,0.0002399731417739,-22.75,0.0340039681346616
1987-12-01,0.0170238373325571,0.0021122603062835,-0.0273305795421406,0.0097457138086696,0.00119331772974,0.065916530308936,-0.0004433789966755,-0.018811287903163,-0.0012563141487698,0.0016204943290025,1.3,0.0148813069492455,6.9,0.008913682410891,0.0131547161731786,0.0366271784953005,0.0227337735569577,0.0143203165477246,0.0202281612819051,0.0189606771644302,0.0487208246506876,-0.0054973077412521,0.0093717314726955,0.0080601153083179,0.0084410814543387,0.0106016587510105,0.0171580518339542,0.0113910727629598,0.0119814013525348,0.0081536982146062,0.0079468484302278,0.0091072681555211,0.100000000000009,-0.0767915410000004,-0.0684921070000001,0.666599999999999,-0.2667,-0.1333,0.0077167898446681,0.0101417336502543,0.0102805132705646,5012,-0.0402739025175363,-0.0008351917521522,0.001192361786511,-0.0002263622096423,0.0056455181157248,-0.0029089903896295,-0.0031767282512626,-0.0030657798968531,0.0008012636258998,-0.0032215091522074,0.0010179532420919,-0.0083950517262012,-0.0056979019080776,0.0136584515203042,-0.0073797209314037,-0.0007933020893649,0.0131499138342388,-0.039278006459301,-0.0035582322404277,0.0017725172205249,-0.0010744101052613,-0.0003089918310101,-0.0006102956931886,-0.0023741201922002,0.005985929021274,0.0025593556675969,0.0021372848401091,-0.0065065910222044,-0.0012193516985572,-0.0075358224469521,-0.0742548702850101,-0.0038273234064227,-0.0029880751651401,0.0038518802273968,0.0043353249142432,0.0099537033006802,0.0088161893629052,0.0034984748883841,0.0018618000738719,0.0049866497159554,2.2567,0.55,1.38,3.26,0.0186285419027987,0.0014812680258122,0.002786135781422,0.0085202811681428,0.0038888939086589,0.0283554947658518,0.0076480209589746,-0.0100127619857595,0.0138461710880975,-0.0004741851414449,-0.0136888091710095,509.9641437,-0.0170998675022496,0.005955876759284,-0.0202988282306258,0.2,0.0999999999999996,0.0257000000000001,-1.36260000000001,-0.056325771030437,0.0678726513993382,0.0099,0.0175715115296544,-0.0304894674648697,-72.0599999999999,0.0127363486788443,302909.96,0.0096178688236676,0.0096261387517735,-12.36,0.028451933998153
1988-03-01,0.0051555128807532,0.0175146811127878,0.0462723581195554,0.0135154519409539,0.0107028949708985,-0.049195714392793,0.0005758756942899,0.0306985617492437,0.0079527698735191,-0.0180553377128554,0.3,-0.0083779722037551,-11.0,0.0107494824214802,0.0109410559608856,0.0540459137366378,-0.0047208024986629,0.016319893684777,0.0047006861062608,0.0037355636402067,-0.0224785205832028,0.0451695259057727,0.0077105793469218,0.0124441235811705,0.0069367596593625,0.0136162218328799,0.0145745948730145,0.014058741411306,-0.0017029378317214,-0.0002137315662462,0.0074707742878761,0.0064594228232781,0.0999999999999943,-0.0901637290000004,-0.051448936,-0.533299999999997,-0.0999999999999996,-0.0999999999999996,-0.0230166854634035,0.0007076276115647,0.0009234631823789,4855,-0.222501441531177,-0.0007218569455775,-0.0005065389520435,0.0002216787632964,-0.0008960470067505,0.0040233024386964,-0.0039986062803096,-0.0058031232568707,0.001480695358826,-0.0030054967789237,0.0015238171002049,-0.0163614258186842,0.0056815354875814,-0.0037004438640222,0.0052434717078888,0.0030846043682779,-0.015434846754788,-0.0257522724446648,0.0072556740443339,-0.0001521310712635,0.0045535400017473,-0.0073065029926557,-0.0017683946011213,0.0044340876850399,0.0041052111921962,0.0014684428885023,-0.0017774044334402,0.0009319173406092,0.0090991979818486,-0.0025915125681006,-0.140714091774956,0.0007152727885144,-0.0038720026710037,0.0108774829681249,0.0113510103647236,0.0037912386409519,0.0030289204184121,0.0146960614938845,0.0134931515843331,-0.005265523069422,2.3367,0.31,1.06,2.69,-0.0039362502391142,-0.0007148473886271,-0.0001740205596973,0.0134567874360947,0.0004536975042626,0.0214703906676785,0.0083320920225826,0.0160353024972757,0.0059113268948838,-0.0104084321011024,0.0176073033490614,510.6211744,0.0171368044322318,0.0135772870338116,0.0184531670297066,0.500000000000001,0.0,-0.0075,-1.28559999999999,0.037701225224362,0.0169735333797059,0.01,0.0081633106391607,0.0036677473410176,-6.36000000000013,0.012805810448862,304053.65,0.0092007210313997,0.007456877504369,-1.02999999999997,0.009037175532697
1988-06-01,0.0130547376755246,0.0073582510794985,0.0003800512617644,0.0088086717812405,0.0079026033383105,0.0235468349955008,0.0193636216598074,0.0245309677492358,0.0221279532893188,0.0122524421379619,0.4,0.0029805993790255,-3.0,-0.0006348613036157,0.0125136751034942,0.0276376188578791,-0.0115846694852788,0.0113724259997863,0.0166875709409937,0.0150310068874613,0.0545772624371481,-0.0235337568138947,0.0088634101458815,0.0172988576963373,0.0076658336811128,0.0120085501900657,0.0026758502204806,0.014380029497822,-0.0076989262959807,-0.0054653728713187,0.0085639357394562,0.0062887107963423,-0.033299999999997,-0.199432485,-0.0410459839999999,-0.933300000000001,-0.166700000000001,-0.2,-0.0347677388457921,0.0135029293388031,0.0139685466659287,4949,0.167958636257636,0.0031155908672539,0.002441507432445,0.0022483744197199,-0.0014822838518293,-0.0002867182177608,0.0069417451847071,0.0072604606533195,0.0005043077294293,0.0067729870855037,0.0006770450474795,0.0150590606896417,0.0048115507946153,0.0004981422920264,-0.0041900948156934,0.0023736967083092,0.0200032565468646,0.0202092913623058,-0.0025643959768775,-0.0022777870290338,0.0020197371463099,0.0045760638135941,0.0016095588613018,-0.0004424460153127,0.0009180561546746,0.0039594881665441,0.0023539330408821,0.0106655390523391,-0.0003375722377114,0.0097747143065793,0.0160242787554417,-0.0040001501106723,-0.0026857124528683,0.0015461826789362,0.0021494466529521,0.0027017736880896,0.0015378291033849,0.01108551575871,0.0092977964490499,0.0081547261953232,2.07,0.28,1.09,2.7,0.0134354316730363,0.0070744626679282,0.0132375665558682,0.0127521957654855,0.0036133223156635,0.0202892190796291,0.0067988106261101,0.0114513618208587,0.0168900524488329,0.0055175410276628,0.0106090478443068,510.2315469,0.0091107867240634,0.016663832670389,0.0088876101860595,0.199999999999999,-0.199999999999999,0.0434,-0.383399999999995,0.118097929154747,0.0069881486339282,0.0102,0.0070886372777345,0.0082941419156057,23.8200000000002,0.0133988951524877,311774.11,0.0072329025098785,0.0042950355762805,10.4499999999999,-0.0116758157696211
1988-09-01,0.0058425952047755,0.0088478929653028,-0.0130993286521184,0.0149039310700925,0.0068868383145988,0.0055400792233468,0.0046667931894628,0.0107190232177654,0.0062380084318629,0.0005778717674136,0.3,0.0001151861168073,-1.9,0.0060654197567489,0.0045046340453689,0.0195135190994993,0.0233193210125497,0.0101210370449039,0.0047814606861305,0.0051334931083797,-0.0305745946873319,0.0230982202266707,0.0075616372849598,0.0216429430442329,0.00670799728955,0.0126848776180335,0.0004579977926013,0.0157013123425696,-0.0147061044528121,0.0062131855270095,0.0071081634890255,0.0025495874778318,0.200000000000003,0.0241801660000007,-0.0192193540000001,0.0665999999999993,-0.0332999999999997,0.0,0.0292779001644377,0.0018888619838133,0.0026758352340063,4926,-0.0405960706963056,0.0012580581452783,-0.0005927872110804,0.002217535019636,-0.0019922572437129,0.004270463198253,0.0025791008468463,0.0015725155524295,0.000350258527451,0.0030978014499591,0.0004423803835651,0.0085433426474228,-0.0067692383326765,-0.0039293890099498,0.0035029216989928,0.0109040104394036,-0.0174699691880464,0.0152112966110356,0.0021250871185518,0.0028442894213509,-0.0014072851967905,-7.50369531634654e-05,-0.0013750914530112,-0.0016245360368949,0.0092419399996894,-0.0064707639254524,-0.0009474725758673,-0.0024227698720222,0.0215441350576944,-0.0060989827139499,-0.137320214128444,-0.0018631683411771,-0.0051511755678443,0.0008506907467094,0.0017504265375025,0.0021139422310447,0.0032466981799341,0.0099535541126769,0.0101862411348828,0.0156263901778466,1.9733,0.26,0.99,2.09,0.0068581513288155,0.0008110615670435,0.007625282425308,0.005533964924921,-0.0010307588789082,0.0223325844017657,0.0032341353217475,0.0063501920592834,0.0151269893096213,0.0050060076371822,0.0049798169465855,507.6150607,0.005578948512861,0.0080595246976003,0.0048573367291844,0.0999999999999996,0.0,-0.0081,-1.44280000000001,0.0127311632714129,0.0069396531105405,0.0107,0.0,-0.0047690218104694,49.54,0.0097707823211443,329353.96,0.0018802395821566,-0.0018936744441937,29.11,-0.0450833168109339
1988-12-01,0.0132365693740351,0.0113061215308115,0.0255725752240323,0.008398578529043,0.0103674269558587,0.0151449184416208,0.011782581539455,0.0126478064888405,0.0138307812183953,0.0065199656320444,0.4,0.0192154460908336,11.5,0.0143163712231633,0.0119764727936262,0.0300668291057606,0.0300079761619916,0.0094848464751198,0.0122769523929813,0.0137101992969773,0.0707450386068404,-0.0026303576942243,0.0078087165709792,0.0083079565150487,0.0093416636257872,0.0128169413373165,0.022188752208546,0.0148748488247055,-0.013158084577511,0.0110451527022715,0.0049539387463379,0.0101019058048077,0.133299999999991,-0.0863654680000003,-0.0558304319999999,-0.6333,0.0,-0.2,-0.0254411144589497,0.0116595168827809,0.0111761419108118,4985,-0.0075615675772411,-0.0021902160492981,-0.0003431171737666,-0.0030066420223606,0.0057245616793917,-0.0050054804418007,-0.0036397978124167,0.0003164398099606,-0.0012429169737235,-0.0057831489441539,-0.0012254678513259,-0.0053973136487073,0.0025929941341464,0.008042120580975,0.0020807374303757,-0.0113070855480526,0.0115267864003714,-0.0281602369632794,-0.0015768299165275,-0.0002491495130678,-0.0004553077863587,-0.0040425725888351,0.0089307865371468,-0.0007855355102135,-0.0160369474253494,0.0037896153167484,0.0009405781522797,-0.0093672961184454,-0.0165090079995869,-0.0013002108494184,-0.0933843805669552,-0.0052992927204975,-0.0009102549371839,-0.001662793745039,-0.0026201980796436,0.0010904551091979,0.0020460638215018,0.004458648012565,0.0063819053455018,0.0235137576806399,1.5567,0.13,0.8,1.23,0.0042362160058919,-0.0080387613775636,0.0003655171297438,0.0059902623347269,-0.0068216848303954,0.0199352731805051,0.0013473217298312,0.0135839869815761,0.0127526093159585,0.0032677180959472,0.0137143781388449,509.7665469,0.0170892775547955,0.0057822531288813,0.0176830851747187,0.0,0.0999999999999996,0.025,-1.9226,0.0314408917391091,0.0419831458491915,0.011,0.0110387473148221,0.0234900201446262,2.43000000000006,0.0123736765911282,326343.8,0.007729045554333,0.0047360739126993,-11.48,0.0215552658657288
1989-03-01,0.0101126439262114,0.0046278298415991,-0.0044592899284889,0.0068150063808865,0.004507666207246,0.0333782434757071,0.0088855239848779,0.0119128193220384,0.0158894643763485,-0.0096155991510151,0.9,-0.0044121185370302,-7.1,0.0304328618684355,0.0080069155888606,0.0294298055000821,0.0046397856613689,0.0107545816317334,0.0116888034692488,0.0115472680673143,0.0418360800471262,-0.0015715929461981,0.0080756445156939,0.0102888213751733,0.0031792358639606,0.0139943193873044,0.0173518439680524,0.0130937562541309,-0.0079787657318055,0.0001056027888477,0.0050907143587384,0.006107666250358,0.2667,-0.0845649990000004,-0.0505671670000001,0.5,-0.2333,-0.0667,-0.0383046660577104,0.009555621343825,0.0099641012591886,4818,0.0915079887312515,0.0013723376374716,-0.0002546876064002,0.0004313385843461,-0.0040349870293408,0.0026118758171183,0.0032337194876417,-0.0023556259545456,0.0001430384569003,0.0062848471080254,0.0003129030970314,0.0047722559236822,-0.0089948135804496,-0.002606235612653,-0.013010035219728,0.0064870310177567,-0.0141284180544243,0.0433182145880622,0.0060326314744658,-0.0019317479069109,0.0024816350885639,0.014303868281385,-0.0021637603002107,0.0020387951630649,-0.0005026499811493,-0.0040890101134669,-0.0014550642136104,0.0175600009613204,0.0092867425128782,0.0164465685368844,0.214940865789869,0.0011909330894845,-0.0033566788721031,-0.0073255583364701,-0.0070386488547136,0.0017387490659368,0.0019886723292605,0.0011079202847659,0.0010694639782276,0.0086841082682367,1.4367,0.05,0.75,0.67,-0.0137530855688395,-0.012283864274627,0.0084405957912263,0.0017286923383119,0.0235482808712995,0.0274066769584618,0.0225161470916397,0.0094350401991576,0.0031559811468433,-0.0075986155080158,0.0104160300953708,509.5939826,0.0108348320209881,0.0062949977582711,0.011083094139746,0.200000000000001,0.0,-0.0106000000000001,0.857600000000005,0.102087276563244,0.0248866805794656,0.012,0.0314367734235645,0.0338472742748355,131.74,0.0035208701416831,349791.75,0.0039272903675602,0.0040677004565719,49.0500000000001,-0.0658656511044651
1989-06-01,0.0076020278003472,0.0046562177542632,0.0132661474400919,0.0040529291507844,0.0015369549183104,-0.0097203321696959,0.0012998673701734,0.0213375549685315,0.0134297468933662,-0.0317712667221963,0.6,0.0152578116203523,8.4,-0.0091677966828571,0.0109672507905998,0.0428508388946307,0.004729380409068,-0.0032895721200265,0.0067649924677026,0.0074501297768074,-0.0487067315261811,-0.0003731591772053,0.0048320388559197,0.0180687705940699,0.0063283466881642,0.0088849953178851,-0.0076953232483809,0.0122741086604741,-0.0026737983844018,-0.004975903549278,0.0080276500460687,0.0052822251206166,0.0333000000000112,0.0504293800000006,-0.021514171,-0.0666999999999991,-0.0667,0.166700000000001,0.0057830703840107,0.0025385910219695,0.0038607433335089,4770,-0.228569609414142,0.001954549225652,-0.001799488240584,0.001172889357548,0.000610654920913,0.0003597250292077,0.0066515233977568,-0.0042492812526946,-0.0011702374444371,0.0124183984226987,-0.0009120609722752,-0.0070666283825691,-0.0008564528799839,-0.0075245640543784,0.0042709573309949,0.0034714738165204,0.0058381628864268,0.0932727605011952,-0.0052098849665265,0.0011834643369144,-0.0015916910933846,-0.0172270076506384,-0.0058515215571906,0.0003181234263802,0.0017796386251647,0.0011698128785586,0.0001500223676398,-0.0054917275517851,-0.0160861071669824,-0.0037789779655668,0.129179959399492,2.00215877730336e-05,-0.0048405971017966,-0.0109231232519287,-0.0092571022536915,0.0028912136068806,0.0049014935293074,0.0008592504661075,0.0011853284088614,0.0311386413059731,1.5933,-0.08,0.52,0.36,-0.0046457182917967,-0.0266752872438882,0.0060210769431989,0.0037307037388201,0.0047300371081728,0.0225898430088352,0.010767928527585,0.0121654250311725,0.0181445542675345,0.0214341891422452,0.0112314832769052,517.0478092,0.0128757505941266,0.0105663348178702,0.0137365124770596,0.199999999999999,0.0,-0.0143,0.233999999999995,0.0555153826490287,-0.0025906750240922,0.0115,-0.0067928451398162,-0.0055594368215441,-59.1200000000001,0.0049354361386697,338426.43,0.0029511280257477,0.0018920429761131,-25.73,0.0379666801987373
1989-09-01,0.0073800565170891,0.0096341487432276,0.022363239266098,0.0065449513429651,0.0100046142299313,-0.0090186007660682,0.0173725919033272,0.0194592748221174,0.0251096607075834,-0.0045787512293662,0.2,0.008950489278777,3.3,0.0062500160463141,0.009618699091658,0.0101639984584114,-0.0013608815231993,0.0065570604913176,0.0069362428971659,0.0074600430793769,-0.0495432343131541,-0.0091071454146325,0.001975071841505,0.0171924004868256,-0.0228428360267001,0.0063298326772933,-0.0097311680286651,0.0089062041212884,-0.0008929018649688,-0.0028697473819203,0.0077257283942699,0.0070102989033422,0.0666999999999973,0.0837019859999995,-0.050957642,-0.3666,0.133299999999999,-0.0334000000000003,-0.0187477929146844,0.0035555593013327,0.0022794516767348,4620,-0.0456393060114264,-0.0075054432757424,-0.0016420875762417,-0.0033656568298416,-0.0012010758420659,-0.0045029868900083,-0.0170206530954706,0.0014470134641051,-0.0011765487725226,-0.026870641847891,-0.0010777417262666,-0.0063117842083286,0.0138497430549256,0.0025691727603947,0.0015762703050921,-0.0088042807263457,-0.0169222908654714,-0.168520798643237,0.0011599860002231,0.0011048304844321,0.0005405059475571,-0.0057881913869888,0.0038830371657914,-0.0001819803378295,-0.0104595638814544,-0.0020693086910634,-0.0011428006579796,-0.0202396208701972,0.0008287425773412,-0.0224700708315719,-0.048400514691842,-0.0002182552819558,0.0006409048825144,0.0018532473788983,0.0011517961255131,0.0046608737525746,0.0039110033468094,0.0043142021375643,0.0042759742629519,0.0117089916610107,1.78,-0.15,0.25,0.26,0.0012751275211888,-0.0033516909519111,0.0115511186668185,0.0052878099486459,-0.0009509312166517,0.0277265246688252,0.0053983625875684,0.0179622247225204,0.0178449663113138,0.0112878600741801,0.0179808191904769,522.9882557,0.0170382260139217,0.0200417679846545,0.0179562665534689,-0.0999999999999996,-0.299999999999999,-0.0297999999999999,-0.686999999999998,0.0269938756388903,-0.0025974040576857,0.0114,-0.0029254043291051,-0.0006509192493115,-8.45000000000005,0.0078190094485997,339136.51,0.0019801320120063,-0.0008803701541939,-4.61000000000001,0.0057229543698316
1989-12-01,0.0019678730209609,0.0043366932724868,-0.0308478519274447,0.0093998566106297,0.0113200632346926,-0.0074457475605225,-0.013014471939754,-0.0276746023023424,-0.0101507115651023,-0.0214460893899817,0.3,0.0050004433616779,-1.8,0.0049578479060512,0.0132869424633837,0.0150229965228794,0.0179308680572969,0.0085601866035194,0.0001516678044657,0.000563221642599,0.0063103165035767,0.02967066330016,0.0046522346033608,-0.0003706220304007,0.0218329773129433,0.0090936706069157,0.0307252899855506,0.0111419692993788,0.0150712959113042,-0.0055502544017684,0.0046701395074322,0.0073969220165057,0.066599999999994,0.0560261890000007,0.040143223,0.6,0.100000000000001,0.0334000000000003,-0.0191059989179436,-0.00023417904944,4.97660993437066e-05,4636,0.0202938170517406,0.001951790253134,0.0017006608016476,-0.0005902921307603,7.77137504002212e-05,-0.0002392689219981,0.0039359066333153,0.001020507033556,0.0006015306878155,0.0054689125444786,0.0007667511435607,0.0060698661790583,-0.0065716703490892,0.0075668938952633,-0.0123223664844021,-0.0014896896407901,0.0229039764899994,0.0233640183865886,-0.0056978553361322,0.0008097300370746,-0.000651564155075,0.0068190778260506,-0.0044741343499636,-0.0010785270354345,0.0055690930217124,-0.0001582941171216,0.0024556805088904,0.0073999724079776,0.0130377956069658,0.0071415443387508,0.0221616109271281,0.00259209541837,-0.0027158032747718,0.0053140029132245,0.0052466227648233,0.0001044895685531,0.0008084785226918,0.0133756700399852,0.0141561246832733,-0.0094108528707224,1.9067,-0.14,0.17,0.25,0.0046180175697214,0.002342099267719,-0.0022677880043611,0.0051852823830298,-0.0009023027373622,0.0215030722612424,0.0051146378086848,0.0099956419918729,0.0152886000649364,0.0067284535867333,0.0091633701443214,523.3038439,0.0120783302139813,0.0052998320891752,0.0127855034833626,0.0999999999999996,0.0999999999999996,-0.0126000000000001,-0.9846,0.0573049820639557,0.0077720598477029,0.0119,-0.0048947723767285,-0.0006242893840298,40.75,0.0059223082917245,351896.57,0.0048921517628173,0.0036552969361274,24.5500000000001,-0.0310122585373032
1990-03-01,0.0108695324620918,0.0083808166960821,0.0413773806148212,0.0051427604089067,-0.0012544969436829,0.0098816677488464,0.0117961719022119,0.0046386674397833,0.0127542362783792,0.0088332182140336,0.2,0.015867782116822,6.8,-0.0076789851016831,0.015328650445217,0.0425129110535512,0.0312193431519567,0.0079792557132716,0.0123377279590078,0.011690751589851,-0.0283541332382442,-0.0412315028760375,0.006419244146425,0.0032998688407133,0.0136722355529075,0.0148521464747216,0.0101907545290629,0.0132242335781427,0.0043897786825333,0.0067203837837244,0.0087274996709272,0.0087615272184145,0.200000000000003,-0.049193678,-0.013182221,-0.566700000000001,-0.0333000000000006,-0.0667,0.0111493000781557,0.0016011827537179,0.0029318247993277,4476,0.079355443822573,0.0065597994303363,0.0023353562302377,0.0040344090938813,0.0007221049616887,0.0049185013425843,0.0140452062709553,0.0020374445890247,0.001620956724694,0.0203478133521156,0.0008027403094872,-0.0034923290671313,0.0022838117574153,-0.0070846442109733,0.0347072051060922,0.0151332587348723,0.0044584522243669,0.0976114645967314,0.0067787506954388,-0.0023301187982069,-0.0021775471641705,0.0090544591002093,0.008370528466628,0.0015261719493784,0.0027186606559328,0.004145806150908,0.000610661988361,0.0108157439274832,0.0131616752029986,0.008231385591273,0.0672518981304489,0.0021442116824896,0.0043569681717996,0.0034522245559172,0.0052059933244388,0.0094113855775592,0.0100859993075044,0.0107260228574226,0.0096307095732246,0.0087789869496974,1.6733,-0.06,0.37,0.66,-0.009085896267619,-0.0054912573011289,-0.0145698280446762,-0.0012667163097344,-0.0109571050383668,0.0166286220050971,-0.0010309066302731,-0.0069965924182255,0.008056075981969,7.6849869196316e-05,-0.0093910352960477,514.2924462,-0.0055022086849785,-0.0103853122961937,-0.0075130073535092,0.199999999999999,0.299999999999999,-0.0235,-2.4117,-0.0325774457218753,0.0077121204863392,0.0116,-0.0068931833753138,-0.0212515331422303,-76.8899999999999,-0.0076916908666238,336554.01,-0.0052414833046636,-0.00409149543046,-28.9300000000001,0.0368869388959476
1990-06-01,0.0036231288368391,0.0030416728859421,-0.0336098431673202,0.0120630754110991,0.0011362706929603,0.0003119277119409,-0.0199678113191073,-0.03088233955493,-0.0131031398959252,-0.0402524473446659,0.6,0.0015779013563701,0.5,0.0046505537649821,0.001841564370868,0.0123583974319557,-0.0016780749008455,0.00735337932751,0.0025859964614833,0.0028000745031198,0.063683819486235,0.0125440599525319,0.0006210378850486,0.0116928237622727,0.004970794347443,0.0037933264553782,-0.0041645820300306,0.0059608176495942,0.0104576116439583,0.0638339459499679,0.0088072039266133,0.0054410610557997,-0.200000000000003,0.0299346459999992,0.00720426,-0.0332999999999988,0.1333,0.0,0.0517993432429034,-0.0051204652425518,-0.004363589039408,4242,-0.183972300134691,-0.0053481882582993,-0.0003407911211477,0.0002899734614141,-0.0024379315439935,-0.0016652456910089,-0.0144053855323918,-0.0052140872612938,0.0005788795892462,-0.0192766113683138,0.0012962369976019,-0.0066194170579834,-0.0032482338589598,-0.000431631661411,-0.0125114585795618,-0.0198957009978207,0.0002072686260907,-0.0918784527954908,-0.0019266542252127,0.0019409040374078,0.0026975126480377,-0.0013950996749923,-0.0028092387181217,-0.0008215506779687,-0.0002862422107572,0.0030788012697802,0.0003376846385636,-0.0161202707727899,-0.038781228102116,-0.0150367356230046,-0.211021239029908,-0.0081225625603309,-0.0004851135338999,0.010207320388206,0.0113141407251671,0.0069451886527778,0.0079168198960584,0.0124585044358163,0.0123378968497914,0.0054390048536587,1.6333,0.0,0.53,0.93,0.0163518961002458,0.0001603634994946,-0.0050083300531618,-0.0131803271628348,-0.01963537510502,0.0185148266835187,-0.0085546058250418,0.0031775648183956,0.009378740732318,0.00202536588304,0.0021789210770588,511.6381351,0.0054184373244812,-0.0019352657056863,0.0058629836979999,0.0,-0.399999999999999,-0.039,-3.039,-0.124430911181378,-0.0115905998149102,0.0111,-0.0049529571288484,-0.0007406499051647,-32.74,-0.0090889096955244,325249.03,-0.0024213130508883,0.0007439887975202,-16.62,0.0250786619645487
1990-09-01,0.0006655952356169,0.0039538586006813,-0.010193916998638,0.0079670672557874,0.0016328905077536,-0.0195759084875577,-0.0082325349246454,0.0141755079364883,0.0070546742864747,-0.0553172657213699,0.4,0.0015927183057762,-1.7,0.0078993576990953,0.0066108007172793,0.007540430970689,-0.004046469268478,0.000131263343686,-0.0019014458849713,-0.0011532794990762,-0.0266516676554409,0.0236347092017271,-0.0012058980837572,0.0126099736727721,0.002352492896688,-0.0003664681671793,0.0030891974764539,0.001172287257285,-0.0030388127782528,-0.0450866670341608,0.0062657330786528,0.0086385024741773,-0.066599999999994,0.28038666,0.069750749,1.2333,0.3334,0.3,0.0455059595169001,-0.0061046917631184,-0.0051087753275478,4017,-0.0975431543086369,0.003587072683115,-0.0010534630019511,-0.0025184327175376,0.0026638160883463,-0.0015758839638273,0.0102310172280813,0.0003465324983844,-0.0006999606872826,0.0151036150952431,-0.0006830795274646,0.0055769643334526,0.0012214925658264,0.000595979875074,-0.0188673668916817,0.0112958771226994,-0.0119643808560674,0.106551557063073,0.0009906543889819,0.001625033468303,0.0009670870546534,-0.0089325518404015,0.0036991630369356,-0.0008563218007511,-0.0018418751616189,-0.0062666448599308,0.001789669127719,0.0199444843258272,0.0153166834284431,0.0256260114123332,0.304540075443802,-0.0070696794780369,-0.0016979462823929,-0.0031286228827793,-0.0030168705166131,0.0032155468475574,0.0049571515329303,0.0082387462228883,0.0098814895188565,0.0059989256518582,1.7133,-0.07,0.35,1.23,0.0056097981739311,-0.0060580804497272,-0.0113589790041919,-0.0156658358650361,-0.0119731184857255,0.0165209136081135,0.0001770580499602,-0.0125649908489827,0.007418620096649,0.0072872348760073,-0.0158324256988145,503.5353938,-0.0180957875582379,-1.31123489701679e-05,-0.0208036869457651,0.0,0.199999999999999,-0.0702999999999999,-1.68299999999999,-0.113283250484356,0.0280989112223597,0.0123,0.0029747171167429,-0.0194014794226494,72.1699999999998,-0.0089892971437883,347603.79,-0.0007273245723844,0.0032175705251109,55.24,-0.0754615355979231
1990-12-01,-0.009145740648071,-0.007636583778412,-0.0279232801780012,-0.0023948360639813,-0.0100942196914131,-0.0575670965391115,-0.026119329099906,-0.0149172942213296,-0.0158594353383812,-0.0595098527290325,-0.2,0.0066632593028552,0.5,0.0045446738523295,0.0111444331249837,0.008766242936093,-0.027184397856896,-0.0080186102385813,-0.0147135925255784,-0.0133375465938945,-0.139002806733265,-0.0291627325005157,-0.0039714572921525,0.0117404147332572,-0.0012374584009338,-0.0077577974236096,-0.0009329398949535,0.0017168647821233,-0.006980918402438,-0.0266456869321505,0.0046161029450981,0.0030044178495458,-0.0666999999999973,0.362964709,0.0633435069999999,1.1,0.5666,0.1667,0.0404095383378777,-0.002679446521788,-0.0042920136667694,3495,-0.0914921907240789,0.000516184181257,-0.0016939438223202,-0.0010053415501198,-0.0021113173171416,-0.0001604082245867,0.0039436841067788,0.00157402075655,-0.0016398766764256,0.0047742832731749,-0.0021126166798586,0.0067265353362024,-0.0044547321086252,-0.0012162759792753,0.0012859602126713,-0.0076886998032224,-0.0025800183665944,0.0652975969887004,-0.0039869228224107,-0.0064148256942622,-0.0016864035160932,0.0083309545556415,-0.0065276733193893,-0.0020361389475587,-0.0012666768754283,0.003804986404424,-0.0033481284855287,0.0102873684952209,-0.0040503456739129,0.015126583889411,0.319287698810995,-0.002673112577733,-8.39019198650703e-05,-0.0079241177560396,-0.0089332845403156,-0.0104367879520533,-0.0106675963710829,0.0172034251850208,0.0179596438936311,-0.0058193311757017,2.2,-0.03,0.31,1.41,0.005574224592781,-0.0084242852449607,-0.0091776537615171,-0.0027391406631593,-0.0135368513228382,0.011309776030811,-0.0048785116524019,0.0114230758201916,0.0096482470808023,0.0176668935990758,0.0117163905853879,513.5712926,0.0209531799333238,-0.0103478358809674,0.0232773264869177,0.300000000000001,0.300000000000001,-0.1079,-1.119,-0.161712818409971,-0.0025220694327097,0.0118,-0.0009905894816961,-0.0177956900542906,-72.8799999999999,-0.0111011815686375,330673.99,-0.0058259715653736,-0.0016394966645165,-28.96,0.0388292257465555
1991-03-01,-0.0046903891485072,-0.0037674337446542,-0.0279531402149118,-0.0007219527220012,0.0004414440856264,-0.0338405575684719,-0.0279919975024407,-0.0366592895119755,-0.0202441434033735,-0.054228447064844,-0.3,0.0059417714667873,4.6,-0.0235529884675119,0.0015001232005911,0.0060900788796871,-0.0114607882190221,0.0030609887053767,-0.0067503087086935,-0.0076303888656914,-0.0661407560250171,0.0154549929427876,-0.0054810991895823,0.0142134912294534,0.00037140204698,-0.0053705490195152,-0.0011134822743343,-0.0015606792147941,-0.0043878526825817,-0.0046184712350374,0.0035246301007756,0.0024212384372059,-0.166700000000006,0.386119789,0.074270056,1.1,0.5,0.3333,0.0487758826393083,-0.0099075279306077,-0.0098455722797679,3076,-0.332587517058072,-0.0079017483399255,0.0004745619603818,0.002071807626252,0.004791951709123,0.0016333866028279,-0.0185773240180014,0.0065043429458322,-0.0011742350417445,-0.0305481924734128,-0.0007671341285155,0.0080906828565234,0.0041981812419242,0.0063676837542407,0.0069553135303639,0.0075896974128966,0.0012047451549133,-0.275558880673152,0.0086356756479313,0.0034060475297796,-0.002322031984741,-0.0147371927054891,0.0022036092757202,0.0043245048957083,-0.0149806444356804,0.0031616402096514,0.0029695489044776,-0.0490002996331125,-0.0037408567380206,-0.0627711753540217,-0.365372413085622,0.0007535519445229,-0.0027457624336477,0.000541679616365,0.0002518040447734,0.0031012050629204,0.002288092521911,0.0032370851002809,0.0027283285459782,0.0199131851097549,2.1867,0.02,0.41,1.99,-0.0183672066838154,0.0054082877793275,-0.0144894769839192,-0.0184121597612972,-0.0242363871834819,0.0111487698172441,-0.0140131443389269,0.0111936916710569,-0.0019124930972598,-0.0049734439088835,0.0133406691154416,518.8779244,0.019879377060219,-0.0092567316631395,0.0217333341420058,0.0,-0.5,-0.0825,-2.13430000000001,0.0552872889345917,-0.0152674721307884,0.0107,-0.006961738708799,0.0052567633089264,-98.6900000000001,-0.0112522311317562,299599.54,-0.0123567520215548,-0.012852639883997,-66.9,0.0874339535427628
1991-06-01,0.0077666518940624,0.0082534019100393,0.00500171226426,0.009891701494995,0.0058303377085327,-3.42493317084802e-06,0.0029643097532057,-0.0064421335512197,-0.0050445144418072,0.0302176490157819,-0.3,0.0040585897790039,1.6,-0.0022888997737435,0.0040231867783147,0.035811469911982,0.0176172849141318,0.0074830137945891,0.0098705036519746,0.0098801085997068,0.0785676423692996,0.024188616791311,-0.0056560699808461,0.0097320173704122,-0.0032234221018958,-0.0056796291606016,-0.0045746851307129,-0.0043828668423024,-0.0123894944884961,-0.0004306988352933,0.0009938382416354,0.0027470441297161,0.0334000000000003,0.143414575,0.106355801,0.2667,0.3,0.2667,0.0514047183424822,-0.0062202306830982,-0.0062941369271483,2996,-0.160433631774999,0.0002001964856273,-0.0011559860966601,-0.0024961931769649,-0.00758821618078,-0.003466635452785,0.0025786966270979,-0.0060089757144501,-0.0013017427456159,0.0066232872329878,-0.0021524256302538,-0.0100248232837501,0.0005605187811958,-0.0060999123991329,-0.0056454977610735,-0.0039866581893441,0.0040181833851908,0.0625217585587943,-0.0054131214963781,-0.0049578710037927,-0.0023071222413753,0.0060838690442341,0.00078771794773,-0.0035958440886894,0.0060505217500916,-0.0049424417151078,-0.0053796430119819,0.0102435732160604,0.0021327297258313,0.0123841274893373,-0.193517798146782,-0.0066986204089118,0.0022866839181943,0.0144374176250706,0.0139615797596626,0.0161761708992554,0.0160932291882867,0.002441275014883,0.0028431718456767,0.0091820929692261,1.79,0.13,0.68,2.57,0.0142420925608464,0.0139263628896824,-0.0192287981852477,-0.0113720675269171,-0.0221919640547483,0.0051554894535064,-0.0078117609187664,-0.0020104359028145,0.0095352084064757,0.0020522014183193,-0.0038998764899513,513.005028,-0.0023823020899271,-0.0011220259250777,-0.0027410231022404,0.0999999999999996,-0.300000000000001,-0.0241,-3.0018,0.0240920290203945,0.0,0.0106,-0.0070105444862171,-0.0074381835572303,-17.8699999999999,-0.0048978800237442,295703.19,-0.0047188221327338,-0.0046207869952237,-8.07999999999993,0.0081926187985725
1991-09-01,0.0050408603534055,0.0049734284581184,0.0152406666944334,0.0043296452407908,0.0016536737172323,0.0196061105052827,0.0011763922612066,0.0151080991019672,-0.0086509524392797,0.0331852980808405,0.0,-0.0028035626179976,-5.2,0.0017619068227379,0.005781098376798,0.0233967397767394,0.0277532102550788,0.0038390545183606,0.0073716762670712,0.0060533785302951,0.0688495438007752,0.0066646777738919,-0.0006423995542164,0.0102411112865415,-0.0043556537034223,0.0031386405293112,0.0001444007220126,-0.0018842747046043,-0.018423391941039,0.0096463770518049,-0.0039813160467083,0.0037911885451098,-0.166700000000006,-0.0586753980000001,0.088557532,0.666599999999999,0.0999999999999996,-0.1334,0.0186619791696252,-0.0008246795318846,-0.0011637797293992,2893,-0.073731233174013,0.0013273041010091,0.0012824832524618,0.0004688030533452,0.0004642172116477,0.0011750596152548,-0.0001391728340296,0.0011903104641808,0.0021919970550992,-0.0007363456116742,0.0028858233002409,0.0026906847117285,0.0033427019947822,-0.00933929138706,0.0106534808549918,-0.0150640116162357,0.0020325906467233,0.0491864049367963,-0.004003865904326,0.0002393576110995,0.0010023714389917,0.0106957806209627,-0.0037459935955666,-0.0012139993571116,0.0210821162505495,0.0009845814228781,0.0017889039842673,0.0085474393968727,-0.0160845001507353,0.0148697003508715,0.0411214003794678,-0.0097027873878827,-0.0002803378351252,0.0058543084613358,0.0054473321642527,0.0085114068795908,0.0068766135946285,0.0046085833502376,0.003349723423744,0.0118603138091737,1.7433,0.07,0.51,2.56,0.0085528568283708,0.0116341340898529,-0.0214179615227055,-0.0222548464955956,-0.0278242161027524,-0.0076389980424584,-0.015051782408003,0.0047759901709909,0.0020150038250452,-0.0018240188968379,0.0052301538067354,513.7191235,0.0079562398075516,-0.0028539174458543,0.0088811750723376,0.0999999999999996,0.0,-0.0133,-3.15249999999999,-0.108450614905149,0.0012812301560485,0.0107,-0.0192801507455003,-0.0179359380798427,-10.0400000000002,-0.0168104236647579,293414.43,-0.0118851915666855,-0.0095954657401939,-0.350000000000023,-0.0090401707340896
1991-12-01,0.0034793883481079,-0.0005004744005923,-0.016449165516609,0.0059127683871125,-0.0086462668733231,0.0348450808609542,0.0042875723437276,-0.0046491580506478,-0.0005749574388689,0.0195330763320785,0.5,-0.0073452492334711,-9.6,0.0049469481212334,0.0070307799395497,0.0222675250977149,0.0218502135283805,0.0078190580445074,0.0030020393511911,0.0037728613426302,0.0267549141287584,-0.0031157402594663,-0.0003194975005502,0.0099383957155261,-0.0048759238332101,0.0037781501134137,0.0052206242989392,-0.0012581742636399,-0.0266559434255473,0.0005332018226393,0.0021457514637521,0.0035973418600754,-0.033299999999997,0.0753965550000002,0.168014784,0.433399999999999,0.100000000000001,0.3667,0.029763633148141,-0.002185515482374,-0.0016905308705821,2807,0.0388147142606456,0.0004673969096202,-0.0011244728305674,-0.0018492254690407,-0.0048770868591034,-0.0028214811780724,0.0022902418090007,-0.0015591112953456,-0.0006955484441704,0.0041206656129997,-0.0007675190410467,-0.0031855454864757,-0.0095311589120594,0.0113311999695194,-0.0035546487759274,0.0042830281645738,-0.0011601707049457,0.0246027672121429,-0.0010561723585622,0.004141308221035,0.0007703752860042,-0.0104726593864992,-0.0035571321268936,-0.0032805927480601,-0.0120621339244313,0.0010703865554808,-0.0015018998126246,0.0022950991910253,0.0120541604497291,0.0002806099006011,0.0213154014339576,-0.0046714040015403,-0.0013045758119703,0.0059875009511021,0.0063739042063959,0.0047048667377547,0.0059553609612974,0.007683149723948,0.0085604842080737,-0.0051152774587714,2.0533,0.04,0.33,2.81,0.0173625811119056,0.0162190195526906,-0.0102328917014374,-0.0159471466805874,-0.0272580094849033,-0.0044342516065132,-0.0128507693046824,0.0156343948896698,0.0135892422991297,0.0057701892390529,0.0159698548598737,517.9235194,0.0231565690327624,-0.0027450410649265,0.0262037313763361,0.100000000000001,0.199999999999999,-0.0219,-3.6061,0.0262186174798185,-0.0077121204863392,0.0107,-0.0154881774428,-0.0035340239715449,2.3900000000001,-0.0074072049019804,292903.73,-0.0101969092607064,-0.0118268629896789,-3.84000000000003,-0.0056651910646614
1992-03-01,0.0119014184214254,0.0185502999619871,0.0385067068021021,0.0162322690927681,0.0147610337614843,-0.018646557690837,0.0108825339391503,-0.0078458646316761,-0.0039239636181296,0.0556012283483289,0.0,0.0088279843254008,1.5,0.004330265047022,0.0128050077883062,0.0179176397773206,0.0072380402994323,0.0191122625375968,0.0136733547668353,0.0152668237571203,-0.029551174749344,-0.0303708286929449,-0.0006578910925778,0.0080944573619046,-0.0074218970327084,0.0046873189239082,0.0070851223427563,-0.0052067016112467,-0.0183318873558171,-0.0001066368144293,0.0040490601331839,0.005342103289113,0.2333,0.0311131199999997,0.251387835,0.400000000000002,0.4334,0.1333,0.0174318641616154,-0.0064829221438991,-0.0059136777900477,2815,0.26781643934768,-0.0009911251090404,-0.0002145278768557,-0.0018174979204426,0.0009520802610119,-0.0022429850249103,-0.0029514512262132,-0.0021822793082106,0.0001669515096294,-0.0033075406396259,0.0006196147350023,-0.0053139251181324,0.0133838429776736,-0.0077797652458828,-0.0122727646758332,0.0044082111858383,-0.0114810476178944,-0.0331093119283716,0.0034705863331314,-0.0019793111406487,0.0010167520440407,0.0091640886867212,-0.0041773139265606,-0.0018206412045658,0.0083790101911978,0.0002104777174847,-0.0005432275742283,-0.00373233683848,0.0024346629281275,-0.0080293091836178,-0.181696008028379,-0.0044572800426814,-0.0052626089815741,0.0204010743024936,0.0207173225429731,0.0195844692761886,0.0217627755427676,0.0042726548743621,0.0061291593682266,-0.0046192667011171,1.9,0.1,0.46,3.41,0.0063648625228971,0.0336221168627162,-0.0222041838040639,-0.0101832995824358,-0.0123573825656376,-0.0006806972978798,-0.0063121716140788,-0.0062249558789506,-0.0024847805221526,-0.0215970581843665,-0.0068389907644039,504.6556177,-0.0082284490048891,-0.0012828186578808,-0.0092440179278181,0.0,-0.0999999999999996,-0.0129,-2.58540000000001,-0.108772747396051,0.0490973366491936,0.0109,-0.007310737522006,-0.0380970285012161,-70.5,-0.0019254914309918,284690.54,-0.0048490956751035,-0.0062441789067211,-20.05,0.0265157944613881
1992-06-01,0.0107846685927111,0.006765382538477,0.0069222253679912,0.007747343271804,0.0041899818637904,0.0550123774287226,0.0322943458895129,0.0561729928203087,0.0318336723209232,0.0336109295018518,0.4,-0.0019362103435014,-1.0,0.0072290369358389,-0.0014566669370195,0.0004755734356303,0.0163062897942625,0.0093341423855033,0.012363068733714,0.0125640315923388,0.0985297001436276,0.0104352118275814,0.0024657899123834,0.0055096614330967,-0.0006315251275976,0.0112276483293972,0.0045182210381842,0.0017385969291687,-0.0128910826521285,-0.0027759787205141,0.0053986444263856,0.0034764040894508,0.299999999999997,0.0191347890000007,0.196121919,0.666599999999999,0.2,0.2,-0.0087292216091139,0.0052100743573655,0.0038863986528827,2891,-0.314578217406062,0.0003726274916804,-0.0005897519515976,0.0019691329185409,0.0040197053138024,0.0027237900208927,0.0030638270391634,0.00276304723275,-0.0012266692547076,0.0032440910375122,-0.0015810438680699,0.0085674830214799,-0.0076995762072789,0.0041616882001918,0.0020131264505369,-0.001539864080958,0.0036802374854749,0.0290836451957786,-0.000962228483913,-0.0010045176365545,-0.0022868369464794,-0.0187467252516003,0.0104981532552086,0.002883579879406,-0.0019515249468979,-0.003531449231604,-7.65107710956059e-05,0.0137415846201678,-0.0040670623451477,0.0177452438450212,0.134512557872027,-0.0009838824579491,0.0017891612544596,0.0025556947330365,0.0009861435005698,0.0084815383664054,0.0073463426665059,0.000346352643735,0.0008001707457774,0.0095793971577933,1.7533,0.12,0.54,3.7,-0.0028789947160934,0.019565298333216,-0.0197298378839506,-0.017226526864321,-0.015907556275403,0.0017086455033688,-0.0093163525215356,-0.0012119865072683,0.0039938975687299,-0.0053402391824732,-0.0020715226057035,498.9324129,-0.0009431320633286,-0.0018734405907707,-0.0014520719043531,-0.100000000000001,0.0999999999999996,-0.0023,-2.627,-0.186415915460707,-0.0024600258408624,0.0109,-0.008421102396408,-0.0100878839157001,-8.26999999999998,-0.0053956700204338,283789.23,-0.0059617926683088,-0.0062474731957031,-2.41000000000008,-0.0022248404663622
1992-09-01,0.0098326029987454,0.010662134220345,0.0210962138234558,0.0105375277795066,0.0059524932808843,0.0079173758502237,0.011419985937164,0.0224377859578881,0.0151863825124128,0.0003901098920273,0.3,0.0063492939833436,5.7,0.0010941563542781,0.0004277796627993,0.0209699608632867,0.0156403127251528,0.0043216292546546,0.0106034089896223,0.010844926026166,0.0417646945034509,-0.0201458766793587,0.0019045938303694,0.0082357812651316,-0.0006318862769489,0.0078484032020256,0.0078844928966077,0.0051976805849349,-0.0194087606332003,-0.0021406515605608,0.0067263829165522,0.0060916325136997,0.0,-0.072822307,0.105191751,0.0334000000000003,-0.100000000000001,0.1334,-0.0051403372287914,0.0012982882241106,0.0016811363818733,2893,0.11304371872025,-0.0002635690289602,-0.0011283672415931,-0.0011645410587464,0.0005639277070503,0.0002605414840788,0.0008604830508636,-0.0018989402101121,-0.0009710791997452,0.0021971251296921,-0.0012897425907123,-0.0005092209202359,-0.0038617647184926,-0.0086272730932011,0.0081708692049273,0.0042226923177715,0.0023612710254648,0.0086832929868783,-0.0030702818707668,-0.001202711079002,-0.0012403895119104,0.0014025870995038,-0.0056942590460162,0.0005604947015469,-0.0059820309589877,0.0012506547153159,-0.000974919834773,-0.0049133389087074,0.0078643882640108,-0.0038053479244366,0.0270120862463603,-0.0071100273574695,-0.0006496063864824,0.0051043874270631,0.0054818826041973,0.0089093571028788,0.0095447103092611,0.002142054929199,0.0023833787338016,0.0088222741035659,2.0867,0.07,0.33,3.53,0.0172616698147481,0.0187565265472678,-0.0130245818023376,-0.0139909868842327,-0.0079904194480402,-0.0061841132776079,-0.0036160094856416,0.0099602932666957,0.0108514858821955,0.0065297413908354,0.0098126842946939,501.6796142,0.0112749412449773,0.0067183189849195,0.0123106020636019,0.0,0.100000000000001,-0.0020999999999999,-1.29090000000001,-0.0499599859589246,0.0012307693861326,0.012,-0.0116960397631916,-0.0157820540490903,83.78,-0.0081334418180194,308830.58,-0.0034072177664086,-0.0011889712530113,57.45,-0.092694422074751
1992-12-01,0.0103745537233149,0.0118483164189005,0.0196393753163866,0.0110701250700114,0.009980070347753,0.0300549759253546,0.0288140189467372,0.0361228712163637,0.0258619261059057,0.0374213144880029,0.3,-0.000116057119512,0.3,0.0167698874542914,-0.0007565883855784,0.0050004572374051,0.023656227210445,0.0044220905310741,0.0123491281963886,0.0118887026581702,0.0258940097249853,0.0532793013795834,0.0045982866085001,0.0075340383409088,0.0049183527493861,0.0119416973293784,0.0090799726518717,0.0082137591038495,-0.0049115522338683,-0.0063417313971747,0.0028582268531725,0.0011491036749653,-0.333299999999994,-0.206064079,-0.0142534349999999,-1.0334,-0.199999999999999,-0.166700000000001,0.0131577528285955,0.006264047973179,0.006416177430542,2976,-0.156528564702507,0.0006001070514161,0.0013961544175948,0.0022238974983972,0.001062341531651,0.002266985399709,-0.0026496961258404,0.0007358474931047,0.0025360222280754,-0.0042625994869638,0.0029942218593448,-0.0010157578346197,0.0039873675160304,0.0069453761259499,-0.010040452449414,-0.0052879488756616,0.0018665290572981,-0.0084243008210456,-0.0054962472696162,0.0029708079500676,0.0007947402738146,0.0291500568251202,-0.002349891530208,-0.0024756090029511,0.0132478211062836,-0.0050677897536397,0.0012819565516366,-0.0062400289409003,0.0037494647340068,-0.008770542693048,-0.0614551072044556,-0.0010380907826648,-0.003522601978255,-0.0021790320699368,-0.001937278102023,0.0059384503473625,0.0056319085095832,0.0,-0.0005587186863804,0.0211691056666741,2.1267,0.18,0.49,3.67,0.0271220618366419,0.031277725284836,-0.0099453912428542,-0.012695033695227,-0.009050257096705,-6.62935945321408e-05,-0.003025493669492,0.015887803328992,0.0104666921712351,0.0060446689951554,0.0167834223639289,507.9195666,0.0215385274657365,0.0017824673144915,0.02385235126469,-0.0999999999999996,0.0,0.0181,-1.5016,0.0243744921760829,-0.0061690510267151,0.0109,-0.0129172947858347,-0.0255949089555187,-124.4,-0.0053380593432521,280509.72,-0.0086487922205229,-0.0103739145632105,-63.25,0.0908463814014322
1993-03-01,0.0016680452620612,0.00382665010593,0.0096165412872411,0.0038127961493668,0.0010399227683475,0.0233015426229848,0.0074475079531382,0.018760072174846,0.0098787455829683,0.0006568305164789,0.5,-0.012485267783461,-12.5,-0.0037927670917605,0.0035011100963631,0.0022292843483553,0.0214206697236188,0.0038001544171084,0.000142701336538,-0.0006511344212145,0.0235990429892925,-0.0058454529565699,0.0064498813140705,0.0078610679022279,0.0016340774069512,0.013597187936691,0.0035186191844509,0.011387086042296,-0.0064213111128177,-0.0034564519181916,0.0040476781145812,0.00414346967524,-0.0666999999999973,-0.108278723000001,-0.147962656,0.2334,-0.2667,-0.2333,-0.0268043571719812,0.0073550116203513,0.0088281753995049,3009,-0.111552796464801,-0.0010096992931361,-0.0004295919850498,-0.0010694533483413,-0.0004373377002426,-0.0009997660546137,-0.0006475695308933,-0.002064183550221,-0.0012603342448649,6.4638101856751e-05,-0.0017120547367204,0.0018638755350446,-0.0062033115453159,-0.0042605020599655,-0.0025366957603507,0.0008375218526399,-0.0064098515509023,-0.0113659872610574,0.0080377559885134,-0.0009581840603751,-0.0032795480451954,-0.0113252689070142,0.002596496593648,-0.0008881703370908,-0.0056165632607632,0.0041295771421086,-0.0003010991140008,0.0047999302263832,-0.0035294779304333,0.0036580068346907,-0.062642844988944,-0.0027986260121113,-0.000220972734787,-0.012425654210201,-0.0106717303162149,-0.00867879637845,-0.0080136142554607,0.0023496469747632,0.0012766128942924,0.0162464887230476,2.1233,0.13,0.45,3.32,0.0069089368727954,0.0116429177001214,-0.0122966941244158,0.0081957870664179,-0.0015829042651311,-0.0059979349253902,0.0049632657213507,0.0048706399971969,-0.0049308305062538,-0.0087310205281152,0.0064758449598141,509.2804234,0.0087400777190644,-0.0049510373944023,0.0099144785517495,0.0,0.0999999999999996,0.0145,0.0267999999999944,0.0095632493544801,0.0061690510267151,0.0113,-0.0032555644597662,0.0027819182670771,37.4699999999999,-0.0112170188474536,286897.11,0.0006844914117039,0.0062724818777706,24.23,-0.0337323347939078
1993-06-01,0.0058048287734244,0.0090548631100269,0.0319154357698244,0.0050355785389033,0.0079337226139664,0.0057375036670661,0.0178380488572394,0.0392409310462813,0.0194672149427575,0.0132506047025736,0.4,9.13584653039479e-05,-4.1,0.0265172190512732,0.0080320549597994,0.0118811540816246,0.0204506003406904,0.0031080893182426,0.0054278906603739,0.006188954750526,0.0091426978117548,-0.0113748664017841,0.0059245966682421,0.0097808977513338,0.0028845696123323,0.0114387234376672,0.011238984060812,0.0059898811712706,-0.0069617882628119,-0.0044461494680181,0.0049250155515796,0.0036005483518124,0.133299999999991,0.0511848510000004,-0.13201419,-0.0334000000000003,-0.1333,-0.0334000000000003,0.0320294749439185,0.0104603203104459,0.0112389657865073,3090,0.196710859907117,0.0007513078030028,0.0006905713147942,-6.63168692529581e-05,0.0007272442819772,0.0003840771921117,-0.0009204675705598,0.0057595963005567,0.0017510334156023,-0.004257009864137,0.0012370796091119,0.0053799608496438,0.0112620115423034,0.0017676889486235,0.0037929629082507,0.0048756202291864,-0.0043214047542381,-0.0275846791345788,-0.0066635406715569,0.0019141040799111,-0.0014039442887909,-0.014331193594284,0.0022626549545372,0.0050558881195152,0.0076284532274768,0.0015509806733033,-0.0002940073001918,0.005012419371198,0.0079363860612833,0.0050151758223506,0.0063061951184,-0.0020713861902965,-9.76990206380535e-05,0.0001396196002803,0.0009667858940813,-0.0058117580191616,-0.0042753517504783,0.0125699979096696,0.0132807232512144,-0.0068215679889114,2.15,0.11,0.41,3.02,0.0224584979752853,0.0202239660843562,-0.0169360347127938,0.0047190266293677,-0.0010973401936951,0.0036870279645242,0.0031680529407278,0.0042956894004895,0.0087087530475908,0.0056007249041094,0.003575370171271,509.518355,0.0038838555619662,0.0053472821635871,0.0036696898365544,0.0,0.0999999999999996,0.011,-0.662299999999988,0.156431147998971,0.004907985312192,0.0112,-0.001087547687399,0.0019240859525364,-13.8599999999999,-0.0073706855842505,280472.52,0.0012671484254092,0.0052948964225265,-6.13,0.0152772785369173
1993-09-01,0.0047602004747613,0.0110677565339508,0.0110681218071953,0.0115302645265221,0.0098417081879098,-0.0068147514035414,0.015582618401738,0.0114327914268122,0.0080192844556599,0.0367982666600684,0.1,0.0014216174030714,-1.5,0.0016245663841401,0.0052490130052689,-0.0026916948286661,0.0130828431015928,0.0008262332032398,0.010346902042893,0.0048230793647916,-0.0222353432418978,0.0455682344772343,0.0065986244167923,0.0110009737278904,0.0037500043476654,0.0104749388158307,0.0082533370328405,0.0015300898096484,-0.0135646390341382,-0.0009786332537693,0.0040115944148269,0.0065820338883284,0.0,-0.291892635,0.0226078789999999,-1.4,-0.2,-0.199999999999999,0.0096677490152874,0.0059303269571513,0.0059635517214378,3209,0.0350908184038126,-0.0023747311212831,-0.0019877585526257,-0.0008575985370828,-0.0013817378138858,-0.0002233201382537,-0.0020022121443954,-0.0003952978973957,-0.0025781019245934,-0.0028622181531732,-0.0022063008094965,0.000240613698577,-0.0058083217078115,0.0035888184902299,0.0005154258982758,-0.0048904922360097,0.0075450801027345,-0.0002202093081815,-0.0084918557282094,-0.0033099587683178,-0.0001956403478109,0.0041536684793488,-0.0020259620316132,-0.0038479650902041,-0.0056472448613931,-0.0019083591611175,-0.002468748640422,-0.0148426126642853,-0.0204456752405315,-0.0139785405490374,-0.155784952376406,-0.0029604634187347,0.000411738473188,-0.0035472977954924,-0.0035026751642552,0.0043902707104903,-0.0010920857476133,0.0014654126057225,-0.0040605323963527,0.0140219205695313,2.0067,0.12,0.42,2.61,0.0213166041895398,0.0245966199716001,-0.007199209644817,0.0181946438500287,0.0046863383206723,0.0051881711370755,0.0109375875033439,0.0116455886531437,0.0147663405678085,0.013940051036748,0.0111335990263566,514.7974006,0.0128948565783311,0.008450028302466,0.013583309878987,-0.0999999999999996,0.0,0.0261,0.276199999999989,0.0085758186935862,0.0012232417427444,0.0107,-0.0010887317351966,0.0081515191729728,-42.9300000000001,-0.009551597485828,264078.4,0.0032879642338752,0.0091295838713154,-24.9,0.0506781209652196
1993-12-01,0.0135098230200761,0.0087399889510688,0.0237782799896422,0.0064695796909113,0.0069099762486022,0.0512130062173988,0.0393762540660774,0.0536496871312613,0.0354342230952058,0.0501100860787842,0.2,0.0035277454659947,0.7,0.0349525610310923,0.0048545228438765,0.0317221226783779,0.0393877543446779,0.0069312204537119,0.0133740595252569,0.017066112146932,0.0601681053278988,0.0038450282481168,0.0081131015570967,0.0089430460288273,0.004481521200538,0.0148574133206889,0.0108545484173241,7.645912169707e-05,0.0070565311195949,-0.0087413253761141,0.0042170742775589,0.0032748460629878,0.0,-0.201381309,0.021124707,0.0334000000000003,-0.3667,0.0,-0.0534688560290135,0.0093377096018478,0.0094756992630395,3396,0.131373924807206,0.0014321470364686,-0.0004441689384755,0.0008405067053196,0.0001186701284412,-0.0013856917768055,0.0064603729265417,0.0017205607863264,-0.0015596928743,0.0088387645701661,-0.0020432562471741,-0.0008129083732919,0.0062664311531248,0.0006853819722607,0.0031694374867408,0.0059457103650624,-0.0010376687183661,0.0512701633967656,0.0029070397014443,-0.0001090551847529,-0.0025820739394877,-0.0011855337754225,0.0012789005649187,-0.0001479242264417,-0.012383128400216,0.0004052282537645,0.0019168888982203,0.0055937806940242,0.0193444943472834,0.0036244567546077,-0.0639788122408129,-0.0008704371173378,0.0042086497019946,0.0004711545282978,0.0003444426760257,0.0038881364171405,0.007716777118353,-0.0005885238031568,0.0033389890494914,0.0088188010521266,1.9467,0.14,0.47,2.55,0.0210871596842832,0.0169210262000012,-0.0105257465452722,0.019781568993122,0.0176794303019676,0.0095729056517388,0.0206589468921852,0.0126083871173783,0.0164273539522206,0.0094960854383572,0.0119798064514463,517.4029679,0.0143943812910248,0.0080159987044368,0.0148537447899191,0.0999999999999996,0.0999999999999996,0.0308,0.856300000000005,-0.101391584450457,0.0060938640743226,0.0111,0.0043478329361037,0.0395266568660428,71.6700000000001,-0.0046475303332833,270994.11,0.0041366372277629,0.0078021553952965,22.91,-0.0304985246124696
1994-03-01,0.0096568520325881,0.0113728246170712,0.0235457990582768,0.0081958154446617,0.0132542289853399,0.0373819555753085,0.0117416801111103,0.0279483678851564,0.0105302549282751,0.0149590174175644,0.6,-0.0124465863445202,-13.3,-0.0047018585690823,0.0041312890712133,0.009768602343029,0.0230304917178943,0.0064813389586682,0.0090270041601878,0.0116286099893763,0.0378743633710839,0.016022736953679,0.0082648057455259,0.0091535083557765,0.0086569795616124,0.0118411307754691,0.0097027905290421,0.0016802799276014,0.0040099301851741,0.0032869538006856,0.0019176949308281,0.0061151627047362,0.233400000000003,-0.0243255709999994,-0.039014299,-0.2667,-0.0667,-0.0666000000000002,-0.264947293113831,0.009348251389925,0.0062391033754485,3710,0.0848494299678793,-0.0021745921837785,-0.0006029907901217,-0.0007562766192164,0.0033811943712072,-0.0014663395893661,-0.0063895052123816,-0.0042729513333954,0.0003247289302326,-0.0075306203241618,0.0004538296619247,-0.0070680091979822,-0.0051388123326514,-0.0002395110671225,-0.0009259473616394,-0.0070076660487457,-0.0125900569088087,-0.035766890218397,0.0057927494105118,0.0019340327089376,0.0025293065922618,-0.0006077896025944,-0.0025738179849303,-0.0013762394596859,-0.0046858052224343,0.0012135748004804,-0.0013514256333229,0.0036373573815096,-0.0061317841172048,0.0030841675962571,-0.162858695907162,0.0025397376916682,0.0044499395063102,-0.0086947062854223,-0.0099471421234147,0.0027817771453877,0.0022792493197165,-0.0093185315269739,-0.0085537632652137,0.0227424481304661,1.78,0.21,0.67,2.82,0.0099102757463107,0.0072143649883358,0.0062295616488139,0.0213272772694699,0.0219506140056644,0.0057145970830827,0.0238239438626007,0.0019168258570818,0.0028893333729023,-0.0035920048765119,0.001756270668821,514.963929,0.0005620436296638,0.0054031725018113,-7.5937503471124e-05,0.0,0.0999999999999996,0.0379,1.70780000000001,0.054991260743126,0.0132772016816771,0.011,0.0118599772907499,0.0023840364707741,-16.71,-0.0003328097012644,265996.0,0.0101389996241679,0.0147605207509454,-2.13999999999999,0.0182829193281675
1994-06-01,0.013460821575336,0.0077504504790439,0.0107215512823595,0.0071097107403819,0.0078685160397231,0.0480103035855093,0.0200136240895885,0.006003454638984,0.0154557093626684,0.0319386219172824,1.1,0.0049407230638527,-1.7,0.0300038586211029,0.0113580934841035,0.0332045681537512,0.036582368801569,0.0099268280448985,0.0170033083073973,0.0162024636311111,0.0124141422245119,-0.0310276941833276,0.0100791818170176,0.0109997704139193,0.0071165822261294,0.0173376203738513,0.0089143718165409,0.0077537446616666,-0.0110664613047691,-0.0070252649367521,0.0069758185732702,0.0069636767684837,-0.0666999999999973,-0.325304592,-0.0648250109999999,0.133299999999998,-0.5333,-0.3,-0.0076077620118333,0.0169862095289028,0.0160850978011462,3861,0.287682072451781,0.0019852040452415,0.0021781995879459,-0.0003317943440839,-0.0029953316247404,0.0009518103166143,0.0045452685461047,0.003639001055351,0.0004794139992165,0.0049938616489662,0.0003723482637036,0.0051898032777568,0.0040231791446654,0.0037745412065541,-0.002201237467136,0.0023247835384285,0.0179250542662892,-0.001299159560951,0.0020206395085766,-0.001407338924007,-0.00173387225166,0.0022812001430629,-0.0072583500553742,0.0037802939083193,0.0126894801727198,-0.0031547259811874,0.0003855010647351,0.0016514728070911,-0.0099824179411882,0.0078096614843277,0.20682080501975,-0.0010941328186877,-0.0033628479296812,0.0029749332705568,0.0011973505225313,0.0009308895481714,-0.000775331573835,0.0073280641577318,0.0074113487071505,7.91721757718022e-05,1.5133,0.43,1.15,3.1,0.0183613101868296,0.0006024785972833,0.0177668137013569,0.0244838729357495,0.0241281571655172,0.0035917661036872,0.0283640361035946,0.0027608571899158,0.012473695843628,0.0025469528365915,0.0011472488814661,510.4625654,0.0011499980310141,0.0068844773965288,0.0003879534671007,0.200000000000001,0.300000000000001,0.0462,1.27809999999999,0.0462850996067452,0.0047846981233363,0.0103,0.0117209652981565,0.0168464660393361,-55.51,0.0038256899468986,248581.73,0.0128916667658618,0.0168658730426188,-32.33,0.0715353588706851
1994-09-01,0.0058288248994067,0.0075959751807559,0.0105074732063599,0.0066370652157026,0.0085764694899515,-0.016470968975975,0.0082512562481937,0.025621123377106,0.0169453579434808,-0.0148003202304663,0.7,0.0167191076362858,10.0,0.0026501470148883,0.0116840289016862,0.0367445632957457,0.0277319919285768,0.0058711979868117,0.0060196541144352,0.0059299520324129,0.0126359843339259,0.0014615283904442,0.0098984173708931,0.0122961360626821,0.0071877144874861,0.0183681751571925,0.0066011230416815,0.0103955738440114,-0.003039516017897,-0.0071859355550874,0.0097576031220025,0.0032502737265698,0.033299999999997,-0.0710221340000006,-0.0929551990000002,-0.7666,-0.0667,-0.2,-0.0875921778997242,0.0110402808206675,0.011667516281233,3962,-0.0074684445325745,0.0015769328951762,-0.0011382778912771,0.0005405436996861,0.0008014964622056,0.0011511959523575,0.0056740831317405,0.0010774113010017,-0.0008100980849583,0.0081383859231412,-0.0010000845041764,0.004054774875903,-0.0032429488364735,-0.0028288333898425,0.0069426657109747,0.0071013225947451,-0.009657302635551,0.0684726871240429,-0.0010914036788456,-0.001213647587916,0.0009486500297626,-0.0035503231192795,0.0025503218297231,-0.0033602566399526,-0.0081121464733771,0.0038038769104762,0.000590588737908,0.0021771601246412,0.0015610512741322,0.0045913646852104,0.0896500720541571,0.0030266596340728,0.0010862551114665,-0.0078668700593436,-0.0073741980114556,-0.0056629118981579,-0.0051193268769047,0.005320865197242,0.0053462749369037,0.0075400625384363,1.5067,0.41,1.12,2.86,0.0082573763770881,-0.0023688879867735,0.0211517632387119,0.0356538855907527,0.0206789749026282,0.0134439295314621,0.028630892990364,0.009787349035303,0.0140321077804018,0.0081608917737874,0.0090764457758307,512.1013911,0.0108763009865172,0.007002681738566,0.0110249932318336,0.299999999999999,0.4,0.0237999999999999,1.5064,-0.001362114876473,-0.0059844583152406,0.0102,0.0094887375087018,0.0225764148146421,20.24,0.0032943129992002,248831.83,0.0077869109351027,0.0097524355349065,4.31000000000006,0.0022887139402163
1994-12-01,0.0113905818667881,0.0107533200959722,0.034584820130882,0.005931957514452,0.0105718000150485,0.0403169540706294,0.0238739543786668,0.0584245610992991,0.0382645797884775,-0.0155340715082053,1.0,-0.0087359219195279,-10.1,0.0124710677396358,0.0036454214267678,0.0228229934629374,0.0277479674790877,0.0142156503906463,0.0146374252691026,0.0142296392923003,0.0175529065568236,-0.0193902594592217,0.0089724360332379,0.0091939977817059,0.0111058721696642,0.0159097564840174,0.0082558455809032,0.0111041942435097,-0.0066174329897421,-0.0054514125405074,0.0057083070054133,0.0035517988147457,0.166700000000006,-0.313003352,-0.068880056,-0.7667,-0.4333,-0.3,0.0138472937556937,0.0045839290421128,0.004222117802203,4214,0.179318701459234,-0.0024536122905844,-0.0004995939149656,0.0002443798231617,0.0005729765586268,-0.0008099906822378,-0.0079002005919175,-0.00531585215478,0.0007066911732991,-0.0092494218383114,0.0006071121013517,9.64296168488588e-05,-0.011768962925605,-0.0055081805711783,-0.0106862336973723,-0.0091075189578377,-0.0035303940300979,-0.0428519453996423,-0.0009008204647953,0.0007556441783997,-0.0011078380067761,-0.0041943814018168,0.0037689752655572,0.0026393912975013,0.0060512961763521,-0.0022248968771494,-0.0011089945923448,-0.0038962570843894,0.0115896976370617,-0.0080550104500387,-0.0932211379465402,0.002540374653547,0.0018182209205357,0.003066696558668,0.0021106205676648,0.0104321418585913,0.0096497293825894,-0.0028726271631054,-0.0026695646407448,0.0173394487618745,1.37,0.49,1.32,2.56,0.0125319963242347,-0.0061851880829557,0.0215031070906306,0.0349781531813269,0.0335229660225611,0.0164498109690756,0.034341163627138,0.005459602636753,0.0207722289775543,0.0065566029969321,0.0028653060857184,506.3217219,0.0061662300063805,0.0036460091838108,0.0061509908295729,0.0999999999999996,0.0999999999999996,0.0655,2.04689999999999,-0.0450021262012541,0.0071770643003636,0.0102,0.0114763909563433,0.0236731870211617,12.5699999999999,0.0044961842579756,247151.14,0.0083988559463676,0.0102729547404969,-0.580000000000041,0.0112733453419764
1995-03-01,0.0035415264608129,0.0024858586651745,-0.0208728682552435,0.0068651749019554,0.0036180641094878,0.0104451449182426,0.0209533336200156,0.0497733979458177,0.0362893628230783,-0.0230499568317093,0.8,0.0034966446204833,-1.1,0.01158851495022,0.0077939822073016,0.0190797343320002,0.021704281521612,0.0084051081301144,0.005502388194813,0.0030700580678684,0.0100931552623322,0.0214047936591335,0.0085226961206359,0.01039773518586,0.0109838496825185,0.0152936855216481,0.01586050076099,0.0084868152336596,-0.0071758891425934,-0.0062668177694229,0.0050309291104984,0.003341356645981,0.0666999999999973,-0.0071907719999995,-0.134182002,-0.0333000000000006,-0.166700000000001,-0.1334,0.001344387385993,0.0050181706555472,0.0047581187203409,4120,-0.108428290824368,0.0001863327125271,0.000159578656377,0.0001348514532324,0.0021683942688373,0.0002457644939202,-7.75821032918955e-05,0.0022812519786654,0.0003591626178707,-0.0013604882048046,0.0012149174962621,-0.004045483162014,0.0092302917396764,0.0037194045667474,0.0076169486378843,0.0047173173075369,-0.0019627006206217,-0.0205094376865813,-0.0012582843452309,0.0021805097687015,0.003410458616794,0.0060733882738546,0.0008212232138609,-0.001055381027514,-0.0034594149521849,-0.0010063174073291,0.0020527097750386,0.0124859486143292,0.0017513393057804,0.0107575832311042,0.0251935595394226,-0.0031705777057244,0.0016137799418074,-0.0001157965841303,0.0005560476792503,0.0007341675508518,-0.0019482982710874,0.0085154547010759,0.005149530409124,0.0024372948850048,1.3933,0.31,0.99,1.75,-0.0021988964809489,-0.0091531821038124,0.036242355566217,0.0214364303526073,0.0267611526767073,0.0216583319176289,0.0331748167621893,0.0128593379745876,0.0012302798649184,-0.0071749009772972,0.0148337132108125,509.5871545,0.0173724264758732,0.0011710314788402,0.0183104721158465,0.200000000000001,0.300000000000001,0.0004,1.7672,-0.0922696981385638,-0.001192605985123,0.0102,0.0113461763873017,0.0180985362779023,19.03,0.0079375239774002,249216.42,0.0066109786069379,0.006057627493103,3.74000000000001,-0.0003841264705268
1995-06-01,0.0029787874650892,0.0087284560931433,0.010165834732855,0.0098873538376338,0.0049172971481787,-0.0209878688446636,-0.0006795636707135,-0.0015743652539264,0.0095376822233292,-0.0313451792085111,0.4,0.0033552800798091,-1.3,0.0153294552986134,0.0078477872463702,0.0139244511062744,0.009452291830045,0.0027661420283244,0.0032270196859736,0.0027418887370123,-0.0113353964120364,0.014335965414368,0.0042052637949012,0.0076403447895039,0.0096893349327471,0.0062974691717236,0.0084421069301559,0.0046189458562953,-0.009821686350449,-0.002922970040621,-0.0014348305731761,0.0031611711337333,-0.133399999999995,0.181881504,0.0147029249999999,0.700000000000003,0.166700000000001,0.1667,0.0023855758950883,-0.0004434848645944,-0.0014262395081372,3943,-0.0070078768221995,0.0009378002453654,0.0006917789365425,-0.0008104937258925,-0.0027808418996047,-0.0003955937282036,0.000865714400529,-0.0050829353441033,0.0009257192808496,0.0040450362704636,0.0003260605707318,-0.004217972104132,-0.0039640680027073,-0.0077501531801953,-0.0041522308225294,0.0028825665418619,0.0052419069164217,0.010121988161774,0.0023347834823574,-0.0012140217887468,-0.0061762729720991,0.0155384968741883,0.0014214893309008,0.0048082942747917,0.0031292603170709,0.0024368085740551,-0.0002770919770958,-0.0042567226657332,-0.01276936072491,-0.0010513520148185,0.0870015196440015,0.0043411662642074,-0.0018407491681604,0.0006174268931191,-0.0004267066715035,0.0046637198441583,0.0031861509960853,0.0039853578104569,0.0035525865161236,0.0052707320470872,1.6133,0.02,0.37,1.02,0.0116334268840319,-0.0100778462021225,0.023635984713076,0.0187228436866862,0.0195126463792334,0.0157978069645441,0.0287272946374024,0.0145996342551129,0.0133345037511852,0.0105684003521569,0.0148130239721027,515.7631825,0.0183963179384463,0.0046184471480152,0.0201672570227434,0.0999999999999996,0.199999999999999,-0.0437000000000001,1.4979,-0.11367475375687,0.002383791355276,0.0096,0.0081716491493191,0.0238303575008398,-34.0199999999999,0.0065436279620456,236927.65,0.0073235586302544,0.0076816506000518,-28.11,0.0571104990399878
1995-09-01,0.0084712722607065,0.0090215844910552,0.0278478885976687,0.0072767398312638,0.0035507281742592,-0.005978060177064,0.0138667510883579,0.0018180742056532,0.006355702238789,0.0363226914047736,0.1,-0.0026246273082941,-3.2,0.0007740633239201,0.0009768452688563,0.0423640938262286,0.0034298227274627,0.0090144340960911,0.0113429103763791,0.0106517940702884,-0.0062763139150261,0.034420967153169,0.0051011580532005,0.0067372247880257,0.0070307296054039,0.0118338421372624,0.0087818556121313,0.0061982843506083,-0.0057307266570356,-0.0068915371885891,-0.0041726607154561,0.0033197357772856,-0.0333000000000112,0.0410731179999999,-0.057035929,0.333299999999998,-0.0667,-0.0332999999999997,0.007344519031589,0.0098849123242361,0.0114116726088502,4073,0.0771173033444308,-0.0017401484434707,-0.0011633804160418,-0.0004111804623088,-0.0008082532074471,0.0002861845851347,-0.0017789507532555,-0.0021298941002445,-0.0016871283877479,-0.0015951603009849,-0.0018268834342043,-0.0079799453943918,0.0097951776798916,-0.0081937949650488,0.0069043908430019,-0.0056785170414626,0.0037651065618806,-0.0131690796764485,0.0041437236737884,0.0002282598956302,-0.0011874547575185,-0.0096025011131732,-0.0024368632157036,-0.0034672003379272,0.0009619325637348,-0.0051155136321838,-0.0015062818235129,-0.0099466019082052,0.0096024759105688,-0.0164961274851905,-0.105719360090239,-4.09384406641067e-06,0.0052428403464759,0.0009639669913008,0.0015895275472512,-7.94035207931643e-05,0.0007708738557656,0.0052678135508363,0.005479749700096,-0.0002452483151476,1.73,-0.01,0.29,0.96,-0.0008903596378955,-0.006745598738056,0.0205843488126183,0.0209046754608258,0.0161033072686187,0.0164221632866104,0.0273343186715245,0.0121753623960696,0.0184657150693486,0.0094513225937582,0.0111122311789416,516.846237,0.02187377724219,-0.0139623039921588,0.024032016210791,0.300000000000001,-0.199999999999999,0.0177,0.898300000000006,0.0832229514387812,0.0071174677688641,0.0094,0.010121543898006,0.0201446701637238,-10.24,0.0082813133815538,231747.93,0.0109332285636974,0.0120866402058795,-10.0600000000001,0.0303858911016377
1995-12-01,0.0067678667469302,0.0069513687417313,0.0172050268579929,0.0055498811827998,0.005120863354219,0.0245334508058139,0.0192463616322947,0.0279303889358635,0.0191980634796609,0.0192321390781798,0.2,-0.0105163641731556,-12.9,0.0075444414543097,0.0052148679372923,0.0141727184603688,0.0127004756596509,0.0056705369754102,0.0079872776438891,0.0087385205561112,-0.0033782971503812,-0.0101069005724099,0.0051394324996483,0.0077784726318395,0.0084879178939258,0.0118735267188512,0.0027423617329898,0.0053650603762029,-0.0041885402646508,-0.0080815191419523,0.0002162551803976,0.0046236053954178,-0.0999999999999943,-0.0703770869999998,-0.015879809,-0.0667000000000009,-0.0333000000000006,-0.100000000000001,-0.0107008525693875,0.0019630037942493,0.0025506504007211,4155,-0.0371394118143309,0.0003207155958184,0.0002458568683563,0.0002472280937553,-0.003717104640124,-0.0011893713164932,-3.25589618421773e-05,0.0010000448873324,0.0004934002769934,-0.0005502286209972,0.0008100684082981,0.0070001183205379,-0.0077383026980335,0.003589938225005,-0.0068505576532711,0.0018730084174825,0.0003730848077587,-0.0044006299717289,-0.00289231590195,0.001070929137855,0.0025877353973546,-0.008612864013485,0.0033433358672807,-0.0009127078051562,0.0030546997241676,-0.0007665165678867,0.0003653750539305,-4.53772694530841e-06,0.0066105954128667,-0.0015924192102261,-0.0003016997461493,-0.0020700210030364,-0.0004441267071664,0.0030528499851785,0.0036476398479425,0.005432514924446,0.0067677551223903,0.0018865629733149,0.002632021853099,0.0022203685744672,1.7467,-0.02,0.18,0.63,0.0050512048016564,-0.0153915672259615,0.007547001513033,0.008173535861423,0.0214553918848264,0.0046747425662321,0.0287847370750729,0.0183470993316845,0.0140219069859135,0.0083513249368696,0.0190788501936794,523.8229747,0.0233986726497104,0.0043542404098104,0.0256114252476571,0.0,-0.100000000000001,0.0188,1.5859,0.0714085586476578,0.0175751448215071,0.0094,0.0080241152700479,0.0380230457509487,22.04,0.010114151827592,230361.14,0.0095868739944151,0.0097263498179422,-3.46999999999991,0.0161162373606096
1996-03-01,0.007462586731,0.009180499962845,0.0108068439010713,0.0098727084299987,0.0064154607986326,0.0159338359329135,0.0252374948379179,0.024854387234817,0.0250308732790199,0.0256944153607996,0.1,0.0065775247192547,8.1,0.0193976009387242,-0.0017859453272874,0.0119633339637355,0.0319899076349079,0.0092621266898298,0.0081062484714076,0.0094466403762498,-0.0292532380970218,0.0484493739646767,0.0049048270637754,0.0068120371132689,0.0053117792636019,0.0105015046970998,0.0057439854273599,0.0068456473180091,0.0,-0.0051561270902915,-0.0007210469704563,0.0035999871438452,0.033299999999997,-0.0372543099999998,0.010876216,-0.433299999999999,0.0667,-0.0333999999999994,-0.0391579735455281,0.0021893949885498,0.0019754814396115,4083,0.143280989551241,0.0011477672333999,-0.001077741988233,-0.0001107269417373,-0.0012092271950887,0.0006062240880346,0.0063993262275294,0.0029756548970647,-0.0018556118510648,0.008252806188004,-0.0021001477090303,0.0047399889295265,0.0031757330689581,0.0050599987319506,-0.0072769496753704,0.0028324221851114,0.001260091919744,0.0652316939750213,-0.0011647002644563,-0.0002420855239702,-0.0030306802355335,-0.0146193976185565,-0.0006765704814757,-0.0003997216497744,-0.0064372069449949,0.002986760635097,-0.0002513685957419,0.0044917185866566,-0.0077582900187565,0.0087352120231081,0.103778651811065,0.005039215860521,0.0038143774322034,0.0031457021924827,0.0026596614654215,0.0061412680220822,0.0072606268836796,0.0030213437227475,0.0046279119480496,0.0009478963527742,1.8,-0.05,0.19,0.98,-0.0115671923210323,-0.0190368908480743,0.0145104840190982,0.0104169426440404,0.0192330598547681,0.0079395767211698,0.0256410788465615,0.014164072259085,0.0100445966160407,0.000782504824909,0.0148575192313203,526.7622138,0.0164513429903259,0.0077397158596781,0.0173297664732281,0.0,0.200000000000001,-0.0084,0.571399999999997,0.1035288149055,0.0115474724247724,0.0093,0.0059761134033418,0.0125905351801219,-18.42,0.0160353844243328,226969.9,0.0078380793058343,0.0042980153538003,-14.1900000000001,0.0308661195613924
1996-06-01,0.0165418668089075,0.0107003691608636,0.0313262289504701,0.0057296871697794,0.0127516792160653,0.0469309426600617,0.0305397308352191,0.0289058312263633,0.0262893960246045,0.0426847986019281,0.4,0.0123816071054339,3.8,0.0324368048181594,0.0142978794953486,0.0161244547579971,0.0221332057841437,0.0089905656906204,0.0189907687551987,0.0195592905152679,0.0708621454151963,-0.008381846322143,0.0076092839744248,0.008541423917741,0.0090571212428756,0.0134518818196874,0.0096865909471066,0.0077971638354199,0.004710817647175,-0.0046056730809143,-0.0006493741030499,0.0042807542844425,0.166700000000006,-0.154388984000001,0.0791503789999999,-0.5,-0.0999999999999996,-0.0333000000000006,0.0178645083564515,0.0084360635556706,0.0093133566658778,4063,-0.0983594372948549,0.0011286889113373,0.0008186242831937,-0.0005357599730047,0.000371026420332,0.0009675203722299,-0.0022368795748271,-0.0073693491455104,0.0030666060787902,0.0005660489874168,0.0028362740931067,-0.0102146185813092,-0.003828873087297,-0.0091236709420403,-0.0010780210317591,0.0024075649005643,-0.0043011602606295,0.0058616252010477,-0.0012201422609452,-0.0004323149136933,0.0012705554198175,0.0238676024725724,0.0013530426704218,0.0044765573948302,0.0057907713753424,0.0002381968530755,-0.0008525234789624,0.0054473973879769,0.0009779328820451,0.0015378565723649,0.099077250704708,0.0001448155033925,0.0081757423933082,0.0007529880579637,0.0012823309401168,0.009670514908052,0.0111140241037795,-0.001279116049508,-0.0003591815829775,0.0107308909102048,1.5767,0.12,0.64,1.7,0.0026720452449575,-0.0108900265469769,0.0119998784910393,0.0057219415058416,0.0145860083478251,0.0041240092706846,0.0193116460492515,0.0116807079245724,0.0146978377984244,0.0057072344240545,0.0111731079996993,527.9131326,0.0131772433739368,0.0074466946011249,0.0144931810475573,-0.100000000000001,0.0,0.0027,-0.0165999999999968,0.0663341039515277,0.0057241140838884,0.0095,0.0029747171167429,0.010120410728943,35.46,0.0183803066140733,236978.78,0.0100687620394382,0.0064966861287185,16.74,-0.0247728093411927
1996-09-01,0.0089303429327127,0.0060358152295823,0.0071107666503724,0.0054215223448146,0.007095724104591,0.0444195307778603,0.0224588451885364,0.0393644866032421,0.0309779369180232,-0.0020673952693925,0.6,-3.45061924278411e-06,-5.2,0.0036847139925946,0.0084605184481976,0.0080550530829617,0.0319070489441238,0.0077797443298433,0.0119625667784877,0.0110351094485726,0.0113792355058466,-0.0394518316025154,0.0071346858525434,0.0069258104663969,0.0123633287338238,0.0139103511015009,0.0052863559231486,0.006604903099431,-0.0026142759987282,-0.0056709717728011,-0.0039051250372796,0.0041244048391817,0.133299999999991,-0.140793248,-0.070010116,-0.199999999999999,-0.3334,-0.0667,0.0021346276225795,0.0074709102737733,0.0083267479543955,4097,0.0638115127449543,-0.0024207325449161,-0.0001908868747406,0.0007742538127075,0.0047420551083012,-0.0029470456789475,-0.0062874190278874,0.0040058939199312,-0.0001809970564403,-0.0118934100735952,4.07167855245305e-05,0.0029789065647696,0.0046333794450053,0.0041451273972272,0.0060397375230518,0.0008807047260921,-0.0097059251790518,-0.0849154779169576,-0.0011935261333038,-0.0007584835495206,-0.000620201908335,-0.0018638443520817,-0.0004581116571324,-0.0016070220202024,0.0030973326063277,0.0028126378445065,0.0005680230744644,-0.0094623530539248,0.0101696275749941,-0.0078826043927477,0.0188547313854679,0.0051657693458415,0.0038026413429275,0.0024083040749864,0.0038626877045882,0.0036470053536579,0.0035786041019338,0.0054886280950681,0.0039694786807205,0.0027628288995735,1.5133,0.13,0.69,1.68,0.0090870371062319,-0.0196683981168935,0.0137776699608585,0.0060928273906109,0.0167582136223103,0.0017331383488299,0.0188813475704137,0.0068350720388661,0.0141362801531901,0.0063565826832459,0.0055994104278429,526.7633373,0.0068459298379579,0.0068047400778326,0.0069962113851982,-0.0999999999999996,0.0999999999999996,0.024,1.11369999999999,-0.0381382605187834,0.0113508596686898,0.0096,0.0059230183031222,0.0097844581488342,4.94999999999982,0.0191193543456709,240346.4,0.0112053778587384,0.0077450883571508,1.49000000000001,0.0050086890708032
1996-12-01,0.0103301550493686,0.0079336328960675,0.0193242131204423,0.0055652403871349,0.0080884700278529,-0.0013280195870581,0.0158287177680236,0.0121205411809351,0.0250581161897232,-0.0114326762442669,0.4,0.0068790688603774,-1.9,0.0268847443579849,0.0141736192691084,0.0604827487846231,0.0195299738383143,0.0050356080602611,0.0122226865839128,0.0123819385315835,-0.018602447645728,0.0312052770120985,0.0068177885603741,0.0078124434230044,0.0104290264002298,0.0118333050636217,0.0063621071171624,0.0052949398303745,0.002091998616204,-0.0101488185171146,-0.0041386880940539,0.0059489558242038,0.166700000000006,0.137922328,-0.086854043,0.0667000000000009,-0.0666000000000002,0.166700000000001,-0.0285038414307124,0.0109066588063742,0.0113189068535968,4259,-0.0395602908032462,0.0025490896755533,0.0011247952991002,-0.0006207607368153,-0.0039296904125523,0.0031036448190091,0.0063191251752732,-0.0017255301425178,0.0003401599005279,0.0107267000615625,0.00022450619426,0.0023753915451809,-0.0069656476757797,-0.0001253718075799,-0.0085052515257944,-0.002412824881544,0.0182603226139495,0.0682496548812952,0.0004641952083837,-0.0003932452099846,0.0010549841023417,0.0046117827995075,5.58797997607385e-05,0.0013354717714904,-0.0030196820220771,0.0001632347500004,-4.18582500243403e-05,-0.0005267459022366,-0.0051628526395255,0.0086133773676548,0.10588704095255,0.0002411234136157,-0.0007519636913913,-0.0021404281382109,-0.0022236999246008,0.0008980692116846,0.0014652474056982,0.0041918663078952,0.0048444148234247,0.0055028630389761,1.5733,0.1,0.5,1.37,0.0073166183490069,-0.0268737565598762,0.0229328111690128,0.0159044119010066,0.0046375607414646,0.0162497119402518,0.0131519777392519,0.0168485304303694,0.0130782861548457,0.008042696889297,0.0174878861222751,533.3637568,0.0203120108938055,0.0069552475416436,0.0222395514867557,0.300000000000001,0.0,0.0132,-0.325499999999991,-0.0144767297199806,0.0045045121211044,0.0094,0.0291000164864408,0.0591684747705088,41.0700000000002,0.0164788019034283,239404.7,0.0170418716695213,0.0167594313337265,-1.98000000000002,0.0204046136590588
1997-03-01,0.006433691338076,0.0104857664079834,0.0267226918671319,0.0088309284554508,0.0060156962056572,0.019978811261657,0.0185097840469277,0.0193710486508438,0.0229524969633035,0.0051228233526199,0.6,-0.005213038684535,-5.5,0.0092607402985018,0.0002813188681756,0.0188332863220779,0.0418245960856254,0.0091231147113788,0.0064026942926371,0.0069229707704812,0.0475582514548867,-0.0192508641647997,0.007072100040105,0.0074429600023311,0.0126373480955948,0.0178481924932701,0.0061392046946231,0.0063171404012614,0.0140080111561112,-0.0011731465378028,-0.0015291079655366,0.0038369904779962,0.0,-0.0512678390000003,-0.0348186619999999,0.199999999999999,0.0666000000000002,-0.2667,-0.0173092644036181,0.0089026325130765,0.0084562114275081,4408,-0.049105213832088,-0.0023960074713151,-0.0017557084999921,0.0002579955088277,0.0010390898675822,0.0008101792421353,-0.0032686849501431,0.0004783507716217,-0.001871681265702,-0.0052604796923274,-0.002088342203562,-0.0024784818101641,0.0054362810634458,-0.0033670136330865,0.0080526081630063,-0.0075910580430695,-0.0017895245354697,-0.0207675422949434,0.0008287279313954,0.0021384250301288,-0.0024031501109487,-0.0158363530841195,-0.0009760651969665,-0.0021647216125204,-0.0010847204641324,-0.0060800234713438,-0.0006348399318767,-0.0015587421610385,-0.0199456320596774,-0.0041987310298896,-0.0885954235026105,0.0099691353052011,0.0053510312319629,0.0058244689928281,0.0050409443321273,-0.0020605626582632,-0.0019801523547009,0.0125713350065206,0.0134282769389111,-0.0061513666020802,1.5067,0.08,0.59,1.5,0.0013393392173721,-0.0115869812756175,0.0178660433595033,-0.0003038527514833,0.0043339051375763,0.0180818029863881,0.0113050316098562,0.005775720619539,0.0024831830262339,-0.0066400341137535,0.0063319264909313,531.877169,0.0044265952713473,0.0096454434341311,0.0041280433899881,0.0999999999999996,0.300000000000001,0.0285,-0.997799999999998,-0.128661916483317,0.0111733005981254,0.0092,0.0347616023761224,0.0301468890365548,-8.11000000000013,0.0216891367400702,235604.7,0.019658747572187,0.0187868559222029,-10.17,0.0376891394620484
1997-06-01,0.0165150510026741,0.004491773506432,-0.0031547359153698,0.0075126440638193,0.0004744601099924,0.0595650949070965,0.0188880561872109,0.0326447379379591,0.0205474058978394,0.0138724672145516,1.0,0.0128718507971923,9.2,0.0174132963084634,0.0073548211003222,0.0391943485971691,0.0330128957016598,0.0085601948587701,0.0195271409845761,0.0200612492031,-0.018903507104179,0.0097900191515663,0.0083802234463252,0.0081897802104347,0.0148701516264005,0.0202650003510243,0.0056779487369187,0.0085693909292015,0.0097411180351425,-0.0088428329703669,0.0005828003391545,0.0036042962766575,0.0999999999999943,-0.215162375,-0.033855178,-0.5334,-0.2666,-0.2,-0.0093716894010356,0.0044770570581764,0.0048304152914013,4361,0.243335530098778,-0.0018951166805969,0.0012831438090579,0.0004855099103826,0.0001450040042376,-0.0053510340220581,-0.006577474676539,-0.0058299284485894,0.0007516369430158,-0.0070245118397629,0.001194219275173,-0.0091917298215973,0.001355047930998,-0.0080839519566886,-0.0031401700822399,0.0006750548729606,0.0094136103664803,-0.0838763039494346,0.0021586450963146,-0.0035755833104573,0.0022099132932451,0.0120424012979177,0.0004151743190323,-0.0003532058115398,0.0035267873203617,0.004334590595354,0.0005582360775076,-0.0106874543385818,0.0061388284616628,-0.0179679423893369,-0.149693324258759,0.0014485978317089,-0.0011133457966092,0.0066854376835676,0.0068126290294454,0.014702411656164,0.01557885818782,-0.0063666888004547,-0.0055995062724081,0.0169780825551014,1.49,0.22,0.8,1.65,0.0103323374372417,-0.0143243272881541,0.0195951217947954,-0.0050408934548587,0.0139378691107375,0.0247022723610222,0.008249239983284,0.0332691843230517,0.0122595846749718,0.0036994296936825,0.0367680524138621,547.0938779,0.0415359766079533,0.0092369877169034,0.0461064146156609,0.199999999999999,-0.100000000000001,0.0214,0.813999999999993,0.0680155776616598,-0.0100503358535016,0.0089,0.0091912411755479,0.0306119477861628,6.24000000000001,0.0297269322258273,236767.17,0.0211497965745195,0.017370583608237,-3.95000000000005,0.024805120707863
1997-09-01,0.0124083863193789,0.0168940181582204,0.0436370606194165,0.0118705550656788,0.0158708148327653,0.0138029138888784,0.034850641068279,0.0522746203950746,0.0430574191867903,0.0096025414510236,0.8,0.0046163373360945,-1.7,0.0195447126607489,0.0100258698257116,0.0228743974561159,0.0361876484638648,0.0117541042825451,0.0140344292133516,0.014438735474033,0.0408819285418929,-0.0136606964481034,0.0064332782123042,0.0072811341965355,0.0097203488076225,0.0134233356236866,0.00232864484936,0.0087029144409847,0.0035651680237451,-0.0139528825659943,0.0026183737411908,0.005409309565973,0.0667000000000115,-0.112903414,-0.0039752759999999,0.199999999999999,-0.1667,-0.1333,-0.027164278838363,0.0052823528339294,0.0059362500882009,4519,-0.169322302250315,0.0001214221810963,-0.0028723837069772,-0.0019948298169145,0.000362295449511,0.0034117158596256,0.0025882637831076,0.0029618903500416,-0.0012925364589149,0.0024233427202604,-0.0019011391925829,0.0029434893550179,-0.0071192807704001,0.0118506189714109,0.0038782807558703,0.0021801878146741,-0.0224252226776516,0.077127942233798,-0.0092598195411612,0.0024210589284399,-0.0024569896368946,-0.0054690194033364,-0.0017542590198491,-0.0004662000609121,-0.0069365204303606,-0.005488175376656,-0.0020001694918399,0.0101682534292529,-0.003733994708166,0.0169606033235592,-0.0325528802314565,0.0053438535157752,0.0042825899868814,0.0055894486375542,0.007030215922632,0.0080974567257312,0.0091620974815924,0.0022650066308518,0.001865789782717,0.006269242203678,1.5133,0.09,0.49,1.2,0.0095284724820023,-0.0007016287108578,0.0146997136059301,0.0016943744346669,0.0049921229601235,0.0198196797164139,0.0103645768145668,0.0265547711197662,0.0191427574057226,0.0073886381011645,0.027769017819363,555.9259985,0.0312349583908063,0.0125981749210347,0.0337923195881409,0.0,0.200000000000001,0.0371,-0.944400000000002,-0.0198044154643071,0.0022421534056897,0.0088,0.021720310892662,0.033481961058186,17.74,0.0233443902789343,238234.88,0.0189265851324514,0.0169239192479829,-0.129999999999995,0.0171645731799712
1997-12-01,0.0085023550493712,0.0118812174665184,0.0252903987901902,0.0109180482492892,0.0069818420145813,0.014575332155732,0.0073692620920775,-0.0023153668989168,0.0063736185964584,0.010430043186938,0.9,0.0050057620770696,-0.6,0.010295506664181,0.0089630894949701,-0.0014384641168661,0.0213512459872494,0.0146585661413781,0.009530478472941,0.0090522494257054,0.0523218282697266,0.0383160173323898,0.0084617155543185,0.006089399715309,0.0103716727652827,0.0145378243465757,0.0035580757648912,0.0073315686677304,0.003045687478953,0.005867214305427,-0.0013083298857079,0.006808261020156,0.0,-0.109546333,-0.067824411,-1.8,0.0,-0.1667,-0.0259689495851312,0.0036887852382854,0.0047457791015377,4701,0.199999554497362,0.000516512646592,0.0008288970862739,0.0006082103489584,-0.0020058259150728,-0.0016060844834084,0.0014905415730419,0.0011386621583593,-4.89313395890534e-05,0.0016888772717482,-0.0001925639952196,0.0032675784348459,0.002238266567657,0.0010304773753686,-0.0082578978869056,-0.0016191563922536,0.0064121888934867,-0.0069902145962546,0.0056865656594853,-0.0001018089049491,-0.0018411102214654,0.0071264287575409,-0.0033177565498903,0.0029289865030515,-0.0003598760609939,-0.0018263879626658,0.0013482822821036,0.0023557136924594,0.0121676318276061,0.0005146756464773,0.0053934568875471,0.0088750799891919,0.0101883717210813,0.0129918824848811,0.0142604912191571,0.0047939962815322,0.0053754589995991,0.0138181157256723,0.0131255677151483,-0.0140867260840096,1.53,0.08,0.39,0.82,0.0172703789336168,-0.0050255911640366,0.0169334066540072,-0.0218302938600559,0.0093873355448206,0.0127503691119575,0.0126669932559516,0.0141836006978941,0.0136660027680122,-0.0009925133026529,0.0142680537533248,555.7089606,0.0136909735828432,0.015665378857264,0.0143700639981592,-0.199999999999999,0.0,0.0529000000000001,-0.71329999999999,-0.153486656993264,0.0122427795156774,0.0088,0.045502162402868,0.0580716846208524,54.4200000000001,0.0243955076994844,241781.87,0.0277401851153556,0.029110719189827,10.41,0.0096166138450399
1998-03-01,0.0099874898863507,0.0100644594127459,0.0081160451462247,0.0114925073603374,0.0071513751169574,0.0429378341758868,0.0291178824381024,0.0510508110666503,0.0319275446476901,0.0204210522667703,1.2,-0.0035831266017449,-9.6,0.0170664550501289,0.009071005905648,0.0046088701497604,0.0368199737852963,0.0210384422134418,0.0153306444456307,0.0144167124708838,0.0004986439336791,-0.0532957515086636,0.007013511742608,0.0058213140561651,0.0105809789910314,0.0141284667517123,0.0040252412475219,0.0086327490930813,0.0005066632865755,-0.0088740359826795,-0.0010915839966134,0.0046204321233638,-0.0667000000000115,-0.0203013209999998,-0.022136809,-0.2333,-0.2,0.1334,-0.0116091956833948,0.0056603512363242,0.0062564002685814,4854,-0.172101931343254,-0.0030738141954076,-0.0002188538617682,-0.0025745681554081,-0.0032163321782183,-0.0049296341649478,-0.0064626011583399,-0.0017946864064297,-0.0011821282869872,-0.0090856692553344,-0.0010737001426637,-0.0066227386634327,0.0040832497272509,-0.0041571111588725,0.0087130129986761,0.0011893772005624,-0.0067144235176979,-0.0901096407858035,0.0047411106857797,-0.0035460523445021,0.003656786749616,-0.0073460489356191,0.0039656079437797,-0.0033672338290173,-0.0058863117155532,0.0030035503161602,0.0003555003752335,-0.0218919764668186,-0.0114194163777217,-0.0220952028640875,-0.298514960021574,0.0054176211069756,0.0017993331376886,0.015032156764021,0.0147065991050503,0.0090711743145339,0.0087452684857982,0.0076319279747432,0.007652814266903,-0.0190303715598743,1.6667,-0.01,0.26,0.53,0.0083395624644104,0.0041731123641968,0.0228379305889677,-0.0170983542376311,0.0052539027859772,0.0139131113346105,0.00480237020159,0.0373840305093012,0.0067787078232211,-0.0142597768910457,0.0422849257295788,567.6422112,0.0445685679307211,0.0154853301291986,0.0484354081100271,-0.0999999999999996,0.0,0.0290999999999999,-1.4898,0.0046504571797729,0.0175443096509094,0.0097,0.0186446078832319,0.0302114881269908,141.1,0.0414439588031907,274503.02,0.0222378426180398,0.0135407628664499,56.1500000000001,-0.0854823182650257
1998-06-01,0.0092142964819217,0.0174559777287708,0.0493452785822415,0.0128649334678848,0.0120566700686107,-0.006211615320459,0.0334329504326467,0.0287044247055723,0.0332414807987353,0.0340086532715871,0.4,0.0173531269981018,8.0,0.0129277970219857,0.0162331599830399,-0.0110820791297241,0.0226598339397519,0.0139206233805158,0.0102695203897651,0.0103499703409247,-0.0138314329888818,0.0318533863630979,0.0068136377952541,0.0065690386309373,0.0108867504071526,0.0126089443548061,0.0067821206666636,0.007484610645557,-0.0106952891167484,-0.0031366656191274,0.0040691888583577,0.0051326032402414,-0.0999999999999943,-0.135530053,-0.0880290969999999,0.0,-0.2,-0.3,-0.0330817775204864,0.0059210020286553,0.0051186176923989,4878,0.0259753667860432,0.0017377376445573,0.0001155207171112,0.0015867838578724,0.0023315015097749,0.002947656180515,0.0038159004956295,-0.0001024099158497,0.0005443938198093,0.0060544172398904,0.0004891371737087,0.0003354103347712,0.0029442535571355,0.0003590887080617,-0.0079215129119294,-0.0008673244871157,0.0060541154982951,0.0417616395991907,0.0009409170969982,0.0034725845462961,0.000818572790048,-0.004610716071931,-0.0012914958287364,0.0009235783306529,-0.0092440634621908,0.0052772667186564,-0.0004213271686026,0.0187361558373942,0.0054601135584153,0.0178995501149988,-0.109956076108136,0.0037884332946767,-0.000321161707034,0.0098048912702148,0.0092748376522351,0.0051446962913797,0.0044337999537384,0.0076351685001272,0.007447771224168,-0.0097835105057262,1.6567,0.13,0.43,0.62,0.0080673602596466,-0.0023107303832068,0.0150756243272179,0.0009606932813426,0.0204843583083214,0.014353999745718,0.0267177178086602,0.0166814595199085,0.0205714631519189,0.0066508294180449,0.0160680393400092,568.8624986,0.0144912422615526,0.0234247267156462,0.0151607089738697,-0.300000000000001,0.0,0.0418000000000001,0.683700000000002,-0.0610811377690954,0.0331403925023044,0.0099,0.0256955703762403,0.0181093818826188,1.65000000000009,0.0395841688375889,280819.01,0.0273300550924276,0.0216784527716403,2.89999999999998,0.0168360625374637
1998-09-01,0.0125108150769364,0.0129561478649993,0.0280103979058657,0.0118549821855325,0.007200106973328,0.0256461631035343,0.0189863296651493,0.0151068403047185,0.0156833585892615,0.0288083315938499,0.6,0.0075075910855311,-1.5,0.016748787875243,0.0139718798857746,-0.0045618020367967,0.0134025933848516,0.009891862678053,0.0149141360456095,0.0148324656595555,-0.0041137597983764,0.0217096494254205,0.0057387294804485,0.0074615278400571,0.0096358823628008,0.0104455590960857,0.00735733115852,0.006561797877854,-0.0160002893173061,0.0051822833353218,0.0075853713344589,0.0041509292855028,0.0666999999999973,0.106098485,0.0083778929999999,0.3667,0.2,0.0,-0.0441815151815685,0.0008878399006748,0.0013924397136957,4826,0.0934011750884007,0.0012781279519913,0.0004869864834482,0.0012755412891198,0.0013120253292404,0.0021291381283798,0.0036981889709686,-0.0001863751249393,-5.74023605723895e-05,0.0059919892186792,0.0002877593052339,0.0101661164764941,-0.0085154424488704,-0.0084248293819859,-0.0026320631276695,0.0013251840175767,0.0112242669040139,0.0407379648819028,-0.0025454659307424,-0.0009038256096784,-0.002009851932522,0.0085687555056042,-0.0001955710888141,-0.0005882020770506,0.009363401532207,-0.0044368021336884,0.0003517792224876,-0.0042818894335265,0.0027320897923557,-0.0045372697414922,-0.0760535914738769,0.0055098262245234,-0.0023057330215885,0.0116546684369503,0.0113305108112591,0.0135178119680992,0.0139513676096366,0.0016955876100421,0.0024581004299566,0.0032871523562372,1.9233,0.05,0.27,0.38,0.0138653504673441,-0.0054460325943894,0.0270573775077825,-0.0156421663993145,0.0193341795697908,0.0049586463953268,0.0127195952506458,-0.0159732056176569,0.0156917644856236,0.0057998704083992,-0.0210697566188145,551.5193602,-0.0275371896201921,0.0186622004729138,-0.0309771056624175,-0.299999999999999,-0.200000000000001,-0.0315,0.957299999999989,-0.0176040282270975,0.0401908805832454,0.0102,0.0073379864529128,-0.0204332172303925,-38.8399999999999,0.0361169699791084,288232.37,0.0193183455964743,0.011393235719888,0.789999999999964,0.0100602597762762
1998-12-01,0.0159638624905245,0.0143435199691009,0.0573412213015931,0.0055506483370582,0.0135386462731439,0.0299359626621687,0.0273551186813217,0.043453531657466,0.0287514471787,0.0232400260718215,0.6,0.0058870843766776,2.5,0.0119349723802946,0.0056850037316058,0.036511742091438,0.031853517253885,0.0074637758777953,0.019868935440158,0.0197428865055098,0.106213701252984,-0.0393802177986569,0.0062844351809676,0.0072930834794497,0.0121958775294075,0.0136162764565562,0.0052769044891647,0.0052584339051051,-0.0183780961908218,0.0040786885002717,0.0019412595380501,0.0050060362394344,0.100000000000009,-0.0913392069999999,-0.007230273,-0.1334,-0.2333,0.0333000000000001,-0.0561822458143677,0.0115242491095024,0.0122307180739227,4816,0.0303212967015689,-0.0004585259165095,-0.0003604598846553,-0.0011785863623243,0.0015229843762449,-0.0023172677012572,-0.0015063348826247,0.000202559983327,0.0001508669935645,-0.0024369923362401,0.0004610437214997,-0.0029955308179365,-0.0017094269265953,0.0040019474512735,0.0060244753462264,0.0019429326248303,-0.0138588348099153,-0.0177928121163862,0.0035287936606556,4.69035946659702e-05,0.0012268906326786,-0.0071196619449187,0.0019385759692394,0.0033146128797119,-0.0019647651429854,0.0031497457709237,-0.0004160960711265,-0.0016445180638937,-8.8577489805175e-06,-0.0016424479865566,-0.0877326616133516,0.0061934909185392,0.0044791104958612,0.0014413773006802,0.0023270672163837,0.007645286001896,0.0082052495140949,-0.0017077965042222,-0.0020296382963938,0.0019763003667172,2.58,0.04,0.14,0.42,0.0222527669512065,0.0091605736517594,0.0326292955924936,0.0073972866132434,0.0124107581303718,0.0181672858733437,0.0135211734339631,0.046606475216878,0.0206191148513817,0.0131553394292006,0.0508028840184718,575.9473389,0.0559237578302039,0.0188263707839411,0.0603514790029021,0.0999999999999996,0.100000000000001,0.0123,0.397100000000009,-0.0822987080544024,0.0298529631496809,0.0104,0.0169154254755903,0.0773060185861016,91.4199999999998,0.0362286094899495,296794.71,0.0156041634018891,0.0054373376979999,-0.899999999999977,0.0069550160332738
1999-03-01,0.009350485127447,0.0102184572261965,0.0020700707283891,0.0090393894907396,0.0183421327014361,0.0271834905395814,0.0173577810218353,0.0290135304511443,0.0219130733373065,0.0039191244617296,0.9,0.0070641918902527,-0.6,0.0107782861205363,0.0118823294033703,-0.0033511364702256,0.0278642051439171,0.010637765630463,0.0123093780166403,0.0120013255091092,0.0050871121300444,0.0327463817732605,0.0062390078667693,0.0065658339915177,0.0153647115165949,0.0137945021030106,0.0070901533291039,0.0055610868242101,-0.0279437303839689,-0.0057630127777033,0.0060868747275595,0.0061896922361164,-0.0334000000000003,-0.069408889,-0.075765769,-0.200000000000001,-0.1334,-0.1333,0.0225077603976001,-0.0030966577653943,-0.0013862548092635,5148,0.0541214178555478,-0.0006510289845307,-0.0006795464919457,2.11204866902293e-05,0.0005717853551328,0.0006417105202931,0.0007843561762275,-0.0009729934614997,-0.0014566221739329,0.0018143290876118,-0.0015540885007894,-0.0037314610760184,0.0037665321933602,0.0039868442722816,-0.0101511696394088,-0.0016354098831312,-0.0053265942982196,-0.0076742897486599,0.0115409053882196,-0.0007171527138956,0.0004642250581765,0.0018161742812967,0.0005082481216893,-0.0046933899611501,-0.0065010223985462,-0.0023155462239268,-0.0011692186541267,-0.0003179461457838,0.0017152993346227,0.0004927291966172,-0.0494447769696542,0.0023549697849931,0.0043637366897981,0.013948546441557,0.0160574790898522,0.013682003345739,0.0151031125160124,0.0045557610405468,0.0038479204601653,-0.0048019852482212,2.42,0.01,0.26,0.58,0.014184501389467,0.0010516037925478,-0.0002259578027574,-0.0020895241031349,0.020233150380724,0.0154540572744288,0.0182039360756967,0.0067066245611293,0.0114732952143708,0.0008356007901948,0.0059463889351736,573.2516494,0.004821354156645,0.0124114299064466,0.0045402928995343,-0.200000000000001,0.199999999999999,0.0791999999999999,1.1497,0.0310799750954605,0.0327898228229908,0.0099,-0.0056067427612358,-0.0038265673155049,-115.23,0.0300892007379687,280743.14,0.0026081738591479,-0.0113483828267462,-55.34,0.0856897060449064
1999-06-01,0.00831278184957,0.0151979621890099,0.0466200547555378,0.0105461201686783,0.0094002189421544,0.0005053217077248,0.0235060270003169,0.0348744206975367,0.026203641697629,0.0155330158778959,0.4,0.00360536505252,-0.6,0.0089405754784648,0.0064095124445815,0.0123449249209839,0.0283152444097343,0.0006760396372555,0.0091183004199946,0.0092442997218915,0.0189241341064701,0.0161438686933701,0.006467431421866,0.0056512529303347,0.0182889404292119,0.0131876514150999,0.0078516164444195,0.0047421547077757,-0.0248288602838604,0.0021650237247401,0.0041322301750632,0.0069602761564837,-0.0333000000000112,-0.0344096,-0.0011578249999999,-0.633299999999998,0.0667,-0.0667,-0.0171258598392559,0.0058424006535764,0.0054907481804162,4986,-0.221924757878379,0.0036939411297041,0.0009611898506154,0.0017988083680053,-0.000597023348031,0.0005067490152645,0.0081634555285692,0.003453943656515,0.0011584270078204,0.0109770007092296,0.0007866756571397,0.002384348962245,-0.002802972844794,0.0037697162020657,0.0183823889348496,-0.0014154314197885,0.0187914604700001,0.141174841237383,-0.0160875181321494,-0.0002104642110474,-0.0014671165673547,0.0059643495401156,0.0009949912907574,0.0021816052083805,0.0071899987482568,-0.0026532033150807,0.0003595618884748,0.02242315298282,-0.0118497531808854,0.0263453110034044,0.430188883016499,0.0091738476478515,0.0084392284066932,-0.003150942010194,-0.0034310188053634,0.0036419465860353,0.0033924650884067,0.0004617254030998,0.0004997531810921,0.0071714553664534,2.2,0.13,0.43,1.09,0.0140691092016176,-0.003308771254515,0.0038082134815864,-0.0035353268602555,0.0229612092456772,0.0104213246421772,0.0152524777038927,0.0243459155787811,0.020796250423416,0.0201202079889509,0.024912488756291,587.3149715,0.0253909656809359,0.0211889754936685,0.026656756547581,0.0,0.300000000000001,-0.0214,2.0714,0.145121312198063,0.0197282114604556,0.0099,0.0095923996914395,0.0259323352528593,6.31000000000017,0.0323221710774515,283992.89,0.023241782628352,0.0185355185117029,-1.24000000000001,0.0208131157184708
1999-09-01,0.0131717032857814,0.0111794007721819,0.0236074996779028,0.0108662643502484,0.0045775357973596,0.0271543541567389,0.0230199898096357,0.0332297392633718,0.0282283957943354,0.0075563233158026,0.4,0.0119658093133843,6.4,0.0117788653862867,0.0100031444887581,0.0297215432397184,0.0355117578842794,0.0070471162511651,0.0155223188872942,0.015375568778575,0.015869636600117,0.0196288015478636,0.0057912445557661,0.0039725965650685,0.0196036903518273,0.0121259064380368,0.0054020583966014,0.0050467155940392,-0.0061642670348858,-0.0022854283255266,0.0061665149593714,0.0081026777072779,-0.0666999999999973,0.0160172599999999,-0.020713828,0.0332999999999988,0.0333000000000001,-0.0332999999999997,-0.0329362276047753,0.0061054276769247,0.0064069640142934,4925,0.18211830839414,-0.0001843404881753,0.0002092393522366,-0.0006660197897749,-0.0018983844788822,0.0012639870300832,-0.0022090466666711,0.0003679538745551,0.0009528126391948,-0.0036973213196915,0.0008874231163904,0.0073650572199932,0.0004829686327738,-0.0059978070336468,-0.01149167720002,0.0010318683668444,-0.0100784788373351,-0.0354272792011887,0.0020976145546036,0.0012862222859784,0.0008984446896702,-0.0049165330356979,-0.0014774526311942,0.0002968289618632,0.0038975983125553,0.0012939624417569,0.0005409885973364,0.003452520629529,0.0121077973920274,0.0014364289213073,0.23885402392116,0.00486462806878,0.0068974246250124,0.0009298548801739,0.0008823789507479,0.0091181711665901,0.0092845872581071,-0.0006197330485679,-0.0004022207514813,0.0091800933473829,2.2167,0.13,0.51,1.23,0.0152946705856198,-0.0104997933196449,0.0181958996122695,-0.0076773734062101,0.0183971707856543,0.0188816263067988,0.0191106190932171,-0.0004944708599801,0.0208224862271127,0.0137753298100751,-0.0039323954661814,580.9018388,-0.0093566397378381,0.025863940653867,-0.0114151612232245,0.200000000000001,0.399999999999999,-0.0117999999999999,0.904600000000002,0.0543814196387373,0.041900482510397,0.0105,0.0290102664705985,0.0112485213862801,39.52,0.0320635514484326,299231.04,0.0347749523251437,0.0362298181617859,31.46,-0.0202032061991781
1999-12-01,0.0162735356710666,0.0145211684069686,0.0118403111186263,0.0130968528530744,0.0201777178988829,0.0263224322303399,0.0051695231200348,-0.0065470907184215,0.0044279796011386,0.0073489415970122,0.9,0.0154393688191172,8.4,0.0199748843532817,0.0128678372267581,0.021150653811139,0.0252570455015739,0.0128710048350538,0.0188260876720499,0.0187596982216798,0.0233147121969326,-0.0300014609676253,0.0069588554222974,0.0057966026982416,0.0181840784226104,0.0152492710381367,0.0093482772813544,0.0055416186229706,-0.0011249157858062,0.0,0.008443619039582,0.0065739676721552,0.0334000000000003,-0.14887311,-0.016320211,-0.1333,-0.1666,-0.2,-0.0259516097872812,0.0052564623598856,0.0042203998850203,5054,-0.11158380020569,0.0005622865254402,0.0010189307006216,0.0013972864903237,0.0044760886775856,0.0018112693048069,-0.0015196629978921,-0.0013403434913854,0.0017642948574438,-0.0016905702545075,0.0017742753763538,-0.0057062234701845,-0.0021767217022405,0.0042247981873497,0.0048468269106836,0.0018271259946898,0.0054239125594648,-0.0226258567174513,-0.0034790793869472,0.0006263542965205,0.0008380256492186,0.0034963538748495,0.0019061801564035,-0.0008824103581419,0.0062748758485957,0.0025873351817811,0.000346270412912,-0.010459107616037,-0.0019894460305769,-0.0114597313119944,0.113902766917762,0.004360500506249,0.0005515206550708,0.0124168554278548,0.0108075019444431,0.0146000326713027,0.0135007416935169,0.0047535983963733,0.0052648019036212,0.0042272508863385,2.1,0.16,0.56,1.1,0.0529101678107242,0.0051121514416765,0.0214704695583565,0.0036117560670367,0.0135181189889497,0.0381925020939828,0.0100790936062651,0.051137560645806,0.0208547229325493,0.0079837617731337,0.0559963012821179,606.5013516,0.0625885492535279,0.0169010252802018,0.0675530502352313,0.0,0.300000000000001,0.0530999999999999,-0.242000000000004,0.0250290821405486,0.0044503856274755,0.0105,0.01533772398371,0.0782839219053812,97.8199999999999,0.0318450128189198,307543.89,0.0149031777012532,0.0058913022756712,0.830000000000041,0.0044431035652436
2000-03-01,0.0036213690080515,0.0150073845383094,0.0542445251346804,0.0150900033593597,-0.0087872352853306,-0.0071050311277698,0.0282200576878866,0.0441379329803118,0.0360023729786878,0.0050264935528083,0.2,-0.0071196140315228,-12.6,0.032313493857961,0.0072345484343339,0.0142885296387512,0.0370569170079929,0.0173064307748181,0.0005766373332836,0.0022318303614294,0.0107435825563327,-0.0068961730467807,0.0057361652559073,0.0043751174711577,0.0159009700362045,0.011800384313867,0.00523799591301,0.005123055221297,0.0016868152263249,0.017192400540373,0.0022396496002308,0.0059947917554144,0.2333,-0.0037260009999999,-0.0294234,-0.433299999999999,-0.0333999999999999,0.1,-0.0057092489418444,0.0042630970392281,0.0045503332894156,5420,0.168798811434494,0.0020417523013627,0.0005331140124766,0.001403127231816,0.0028669667159126,0.0013528189608251,0.00432403421076,0.0012981853849352,0.0007180812125353,0.0062002507945173,0.0012503821839136,-0.0054419695244796,0.0098104943579162,0.0037299875116021,0.003390382996832,3.95889998072718e-05,-0.0078478123549095,0.060010703634934,0.0017216457313873,0.0025984998517616,0.001743303768114,0.0014357413653476,0.0011378736296343,0.0019121894153126,0.0005791174813802,-0.0023936394769261,0.0008973562340983,0.0048285555888201,0.0012168751689261,0.005247013424233,0.194848701980652,0.0054886760789179,0.0035329245689008,0.0245959663152373,0.0242047397954392,-0.003977317756239,-0.0020360171318829,0.0363036968772494,0.0386440506136463,-0.04751267627279,1.85,0.17,0.67,0.96,-0.0114146700484392,-0.0091801423036219,0.0174300124375781,0.0225662413928767,0.0127088951111105,0.0403441365095141,0.0111276409912744,0.0180229631859916,0.0102289063520864,-0.0070775051999323,0.0192461237500954,607.678938,0.0163789626530004,0.0230354691141379,0.016599262788489,0.0999999999999996,0.6,0.0557,-1.16699999999999,0.0704893763949315,0.0176060885750493,0.0112,-0.0161108202726985,-0.0073990339253864,55.21,0.0268598652033756,331048.52,0.0011735940737089,-0.012797113458026,19.8499999999999,-0.0467872671568568
2000-06-01,0.0180490103449795,0.0092942188468772,-0.0186709869766046,0.0116252144317937,0.019666453044799,0.0575482767433373,0.021869503899854,0.0362361365949306,0.0307481829987974,-0.0050981268530216,0.9,0.0098076639194104,13.1,0.0010928203797533,-0.0014047246148996,0.0300233944375679,0.0313597490722168,0.0117588936272401,0.0226669648897246,0.0216585440063835,0.0077697160599505,0.0301085848769462,0.0041530956013264,0.0046852917329083,0.0141806908489102,0.0086898647317426,0.0087633041503529,0.0006466343581283,0.0061608149543577,0.0808072754569453,0.0023741300250499,0.0047904308768469,-0.133299999999991,-0.070621456,-0.030320946,-0.699999999999999,-0.1333,-0.0333999999999999,0.0074673651284928,0.0023291202891337,0.0028295405888858,5155,-0.103976781996979,-0.0033354605675715,-0.0017448212043786,-0.0006506087248245,-0.0022574262030712,-0.0001897066749227,-0.0031172715566825,0.0025465840717542,-0.0034533541925867,-0.0065062341956085,-0.0044473516639609,0.0082779787792688,-0.005519471263562,0.0075971219195842,-0.0120969470883061,0.0012412160529065,-0.0001076317571548,-0.081882088492331,0.0064065930979389,-0.0011158566046569,-0.0032139530020955,0.0025531711962809,-0.0037858140148507,-0.001709017966534,-0.020573791632164,-0.0032888899177816,-0.0002270355567839,0.0051438071352185,0.007030449303822,0.0025215676236554,-0.0184086684418867,0.0075096629927351,0.0040300408714251,-0.0052630204749677,-0.0044155708983781,0.0198403218063916,0.0193353694502552,-0.0160291315076595,-0.0173946083563328,0.0397844404748451,2.4167,0.25,0.5,0.46,-0.0169225030151985,-0.0123555950751335,0.0295950547749007,0.0211895150021526,0.0220839505356079,0.0399303232893358,0.0208316730979874,0.0006808659152532,0.0173437477240821,0.0055848611734408,-0.0019475641385842,599.4066301,-0.0115228019313509,0.0368761970287323,-0.014002597276777,0.199999999999999,0.0999999999999996,-0.0234,0.987299999999991,-0.0908124541685833,0.0418685670909262,0.0118,0.0379408177513803,0.0245576589269856,44.1599999999999,0.0320857785046851,343854.38,0.0307870519722577,0.0300706102411343,21.73,-0.00586746509377
2000-09-01,0.0010188067037173,0.00953523042077,0.0168707739108331,0.0090514464668221,0.0066204202897237,-0.0097344337494309,0.0043487888189144,0.0033780727096735,0.010816787810378,-0.0156951190866748,0.6,-0.0042273789539768,-7.4,0.0034306886667527,0.0037502028657305,0.0237220843955397,0.0353482798611067,0.0131065461509863,-0.0010264789063541,-0.0002311871470244,-0.0401614196252753,0.0071917968863228,0.0034363219973112,0.0065619904009004,0.0047741460710462,0.0072471278947308,0.0066482705753205,0.0027757110330952,0.0083403319162185,-0.0682210833876233,0.002924996882589,0.0041855393854266,-0.2667,0.038715989,0.043481981,0.899999999999999,0.0999999999999996,0.0333999999999999,-0.0110130878778616,-0.0009960316827584,-0.000210099482877,4930,-0.148845521214581,0.0016671527328311,0.0013319319595988,0.0002522503620472,0.0004653662220865,-0.0005518968793287,-0.0019813584573888,-0.0040286339882875,0.0037435836307269,-0.0008327483639902,0.0048388726268813,-0.0073884573304683,0.0002122400275981,-0.0065035316010373,0.0045016702550562,0.0025593625561537,0.0043315398821315,-0.002919840767217,-0.0065023854993313,0.002713619890085,0.0065481201830897,-0.0015762029171533,0.0066341075613651,0.0018507007420245,0.0146798781922248,0.0014669230446626,0.0003274169781493,-0.0053013938435491,-0.0163019484528011,0.0004302338241144,0.117126688216961,0.0045343428175712,0.0031090623209664,0.0101375204823944,0.0111266636895149,-0.0008257525138564,0.0007579777517454,0.019476446949966,0.020074481792391,-0.0174439500153634,2.4267,0.0,0.11,-0.12,-0.0032514003884003,-0.0150207860396288,0.0148938360777464,0.020217994200646,0.0357155107867406,0.0256773876200782,0.0336434126778489,0.0108862147761535,0.0209173570528502,0.0078107236711328,0.0092792559288525,597.116892,0.0039610862098058,0.030669213499511,0.0034243386013397,0.200000000000001,0.5,-0.0576,2.4593,-0.0779302162641944,0.0337341736520251,0.0118,0.0372713947972314,0.0317041632817059,-0.369999999999891,0.0207749622491207,340032.7,0.0288745467163238,0.0334434543553535,0.920000000000073,0.0319514475549294
2000-12-01,0.0059526357848902,0.0086990018024888,0.0069704923131119,0.0087298558819028,0.0096034489119114,0.0020895491906021,0.0030492511447342,-0.0019692441953553,0.0037537329814005,0.000995152298052,0.5,0.0061068528634296,1.1,0.0044243724530863,0.0078420198840616,-0.0100524059445659,0.0014613652131885,0.0066764931906266,0.0066461712128722,0.0061802846019665,-0.0410103027051978,0.033775848135015,0.0028551048396767,0.0079693851965778,0.0136452586892446,0.005164288923904,0.000866350924026,0.0039244686516415,0.0038684216207212,-0.0401890607404205,0.0032631056248391,0.0039916203821199,0.0,-0.0655707570000001,-0.046255651,-0.466699999999999,0.0667,-0.3334,0.0325808376823424,-0.0040888674900676,-0.0036628149866873,4914,0.0351765779902253,-0.0007927825070259,0.0001254492699596,-0.0008292511495717,-0.0025605124784418,-0.0010374214740736,-0.0015630210803783,0.0037316123141248,-0.0003455341703766,-0.0046380346882886,-0.0009058299605575,0.0070536379812695,-0.0028505442195188,-0.0010358483756958,0.0151176754162448,-0.005464410345759,0.0017359047600855,-0.0161219292550596,-0.0031543326445326,0.0003116654503712,-0.0042633998417871,0.0016196273053941,-0.0069390969744755,-0.0020940761062862,-4.74514096788781e-05,0.0034058322455106,-0.0005898206085497,7.70544926540495e-05,0.0138241710812954,-0.0053833451153009,-0.0021936450302213,0.0058289529488777,0.0045311039505335,-0.0013660818725176,-0.0010043617223276,0.0103141002688059,0.0102654968235258,-0.0041942460591721,-0.0046185148924937,0.0165325944628867,2.6467,-0.09,-0.12,-0.45,0.0056410428728348,-0.0143461321208083,0.0045068314426624,0.0158913792770354,0.0255801377584941,0.006704579060436,0.0253360991158758,-0.0126356114924064,0.0138184832696897,0.0071420137392825,-0.0169647149370764,583.1659603,-0.0265323337181744,0.0255286698846326,-0.0302499434296912,-0.200000000000001,-0.0999999999999996,0.0181,2.1568,-0.105511013725826,0.0388783593116839,0.0126,0.0149522187568691,0.0167663588840448,67.8699999999999,0.0265717198694659,359201.61,0.0170201788936915,0.0122387986801851,25.49,-0.0282703468251135
2001-03-01,-0.0032833724491432,0.0036203026134789,0.0164229113929002,0.0043092460786091,-0.0059087342132988,-0.0466143513204074,-0.0058263473101805,-0.0077681696386422,-0.009000898845489,0.0042086749212559,-0.3,0.0155115212251848,9.1,-4.26386660468125e-05,0.0122750655879917,-0.0126708872913337,-0.0129843557136216,0.0079364043292926,-0.005952098278434,-0.0060502352552811,-0.031959944478988,4.73303885950571e-06,0.0007125047815215,0.0104566553483956,0.0069329139482086,-0.0014614996789639,0.0049044238082345,0.0018603527252096,0.0055006739356446,0.005097717133542,0.0047712983369869,0.0067343680901856,0.2667,0.262324376,0.049319327,0.7667,0.3333,0.3,0.0019195035443608,-0.0007059431218747,-0.0004640713909447,5031,0.107265505505746,0.0017564636147176,0.0015419264779188,0.0014073549302393,-0.0012088270375523,0.0017301339288549,-0.0011552587217247,-0.0020841705407086,0.0033550895840885,-0.000569035490038,0.0033131962545827,-0.0009787223320962,0.0001299789609463,-0.0062254344459171,-0.0019170031897823,0.0053950474224278,0.0019932300640421,-0.0385719499470794,0.0051288197459395,0.0058897364982399,0.0027133897388678,-0.0126458990459248,0.0009378535715676,0.0016572521673259,0.0073796052089409,0.0044045956167932,0.0012303118636163,0.0032241794311085,0.0061255986305086,0.003416453496194,-0.172949197558552,0.0015682441794324,-0.0037281491842664,0.0126409173394961,0.0130232520568985,-0.005479390891284,-0.0053320334685951,0.0278393774733985,0.0276125288440694,-0.0327619635427459,2.83,-0.17,-0.22,0.23,0.0015958123626029,-0.001329080811228,0.0053556667054275,0.0088949722297257,0.0172365388632976,0.0085294101073296,0.0199357713494166,-0.0087991787525822,0.0008881607663848,-0.007048260006365,-0.0104179382738128,572.5599236,-0.0285132765526726,0.0421179317588134,-0.0321576630788503,-0.199999999999999,-0.299999999999999,-0.0498999999999999,0.668400000000005,-0.115263244523538,0.0245977044139609,0.0117,-0.0035398267051243,-0.0311680731640109,-181.83,0.0119562621622737,330780.73,0.005998776075387,0.0026930805977123,-56.25,0.0943843850122699
2001-06-01,0.0062256099147717,0.0020069382395533,-0.0008189713925732,0.0016178442198473,0.0047285889270893,0.0015600577627763,-0.0117733420325159,-0.0424544626920911,-0.0209110656040297,0.01533288234734,-0.1,0.0171950520665876,5.9,-0.0126743263221947,0.0186345384065838,-0.0297371938797246,-0.0325300060805818,-0.0007773408811964,0.0072731783097426,0.0065097083052192,0.0473228707691948,-0.0286338404154103,-0.0046269063948205,0.0102637032343633,-0.0139142016527156,-0.013050232954825,0.0058205768858954,0.0065159295315648,0.0027388677762019,0.0039871979843546,0.0094065096435347,0.0075347802801175,-0.400000000000006,0.188830707,-0.007986558,0.0665999999999993,0.2333,0.1667,0.0599356950952998,-0.0100849380677808,-0.0097742747839708,4467,-0.0663960699234023,-0.0027176946378286,-0.002707514770095,-0.0001807337703532,0.0023621816610761,-0.0009957886117177,0.001683114889869,-0.0026270606866658,-0.0051964815750791,0.0041328662307282,-0.0049249591547706,-0.0045842821778885,-0.0020694053294434,0.0029145554764022,-0.0086747718168238,-0.0028919124967785,-0.0160569153883419,0.0645464066036894,0.0007527404738238,-0.0089575428039525,-0.0017891085294996,-0.0013060723236186,0.0017441020668167,5.04575398663221e-05,-0.0118053424665705,-0.0034580243721791,-0.0011295600953653,-0.0275371258010946,-0.0027982040705891,-0.0314132786895449,-0.0037887340064122,-0.0022856953049048,0.0062635118712743,-0.0030054041648561,-0.0021867199002789,0.0170496111438236,0.0165859317500958,-0.0115803630737989,-0.0128524558219034,0.0343411190229057,2.7667,-0.02,0.12,1.61,0.0057467460609466,0.009424148529705,-0.0149604888623944,0.0076349014903742,0.0168931626952507,0.0181616824068147,0.0165502337148755,0.024474878089336,0.0229324617931379,0.0237098167015803,0.0247338825398007,587.3545065,0.0249567735800635,0.0232723352255064,0.0268100966001832,-0.5,-0.9,-0.1208,1.95429999999999,0.0180455135183397,0.0007590133191714,0.0112,0.0035398267051243,0.0074642705690131,-54.3900000000001,0.0156597694500871,320157.62,0.016446362408626,0.0169157466001462,-18.11,0.0483020085121693
2001-09-01,-0.0040144390418177,0.0034737656495877,0.0114106460781951,0.0014683085702742,0.0045999419146003,-0.0219274216447847,-0.0071983926040646,-0.0263440608360606,-0.011892871325319,0.006168672722409,-0.3,-0.0009743116083704,2.4,-0.0982905794440088,-0.0045807901301868,-0.0525644389968711,-0.022945112457375,0.0225897199498331,-0.0064207064510934,-0.0068420902584946,-0.0011030836411718,0.0038475982385541,-0.0050936829433592,0.010432018422339,-0.017715842649995,-0.0109730823575926,0.0022084842266583,0.0086855143638118,-0.0021905266752213,0.0048117739898456,0.0120233760877433,0.0066886567230231,-0.0666999999999973,0.331090332,0.076329734,1.2334,0.3334,0.4,0.0598638667434219,-0.0122980907013517,-0.0120356193884437,4181,-0.0173114556692404,-0.0041642385227946,-0.0011968056844038,-0.0036184199983084,2.80078924328464e-05,-0.0029569079394855,-0.0066774329212924,0.0004964388728172,-0.0027959324110513,-0.0109147728835044,-0.0027863848351144,-0.0014004441081905,0.0025908651173765,0.0015422900742923,0.0010312526041067,0.0018450684352915,0.0044880926389998,-0.11157785504775,0.0017515818687039,-0.0018251481217896,-0.0015022544689555,-0.0025177349047691,-0.0047586483806352,-0.0003178386350644,-0.0196348835641746,0.0060945168736195,0.0006762254566341,-0.0100735625105806,-0.0120526095655071,-0.0110956205062598,-0.0508259619792177,0.0031847897874421,0.0087193392256401,-0.0017470578844784,-0.0011957914042737,0.0056013525187328,0.0054591306867477,-0.0039593072301205,-0.004652809021965,0.0103993873539734,2.97,-0.05,0.13,1.81,0.0343748178718881,0.036070194823357,-0.0233473174065546,0.0007999310798245,0.0215551247215373,0.0053745186593898,0.0106909823271035,-0.0183076524172687,0.0299707270164866,0.0073810707640005,-0.0266401890763817,559.1393361,-0.035359715587278,0.0230529664207566,-0.0397701853448922,-0.6,-0.5,-0.1007,3.11290000000001,-0.175281704926936,0.020278576973487,0.0108,0.0042313180197624,-0.0190088447050876,-99.9399999999998,0.0154790593735754,306011.22,0.0138026065414607,0.0128513028680057,-26.5,0.0606707148440639
2001-12-01,0.0027439863023577,0.0160063252352405,0.0799840592569101,0.0052601995633558,0.0083960057524601,-0.0509675265978169,-0.023076714768802,-0.0040764493017153,-0.0291431565284785,-0.0064414927110618,-0.8,0.0164538550507221,4.9,0.0502012168843411,0.0188630116254238,-0.0353807460513114,-0.0104111293612208,-0.0167213812976836,0.0009960375853239,0.0027712843578457,0.0106572944739884,-0.0179122345094953,-0.0081186913462332,0.0092447386877676,-0.0171870381294177,-0.0167402071742622,-0.0082236622449212,0.0066060826821843,-0.0138008810973087,-0.0072263351049901,0.0082039193234102,0.0061290236387314,0.0,0.543714274,0.1741207,1.2333,0.7,0.6667,0.163051504549479,-0.0105213372847421,-0.0114185334021011,3720,-0.008182278740497,-9.30484945369514e-05,0.0022378305245416,0.0002048171856685,-0.0012647509492582,-0.0014648470303431,-0.0057261144962295,0.0016809590383335,0.0030424577443826,-0.0102229818122854,0.0037251133217344,0.0060196039818372,-0.0027864127504262,0.0006569373100004,-0.0036500984232503,-0.0039606796393849,-0.0003267675114067,-0.0699569406344063,-0.0062079391001317,-0.0008262719929961,3.92051756392675e-07,0.0034175231551945,0.0020911953436817,-0.002848826087388,0.0367420485119156,-0.0037233665452607,-0.0002226207110185,-0.0089277149744839,-0.0047094512176695,-0.0037816585915502,-0.356717104732001,0.0023678095017301,0.0021058813542196,0.0102593595706093,0.0095929868290065,0.0124200394491654,0.0132939232196421,-0.0047163355561297,-0.0031874661153157,0.0107232426311734,3.1533,0.02,0.34,2.86,0.0217306569093711,0.0079483523870251,-0.0298802910318852,0.0034246973308782,0.0328199227415116,0.0128396866488218,0.0202387513304334,0.0261145263046796,0.0113993375478181,0.0281206648961048,0.0287043851874316,585.124358,0.0311626459639172,0.0141196884372725,0.0332476679935425,-0.5,-0.5,-0.1394,4.81779999999999,-0.0744926416728724,-0.0082120655603703,0.0105,-0.0220571019723632,-0.0465603920193161,-77.0,0.0191936738721825,305923.52,0.00062140524685,-0.0098744849953575,-15.6600000000001,0.0194803388815856
2002-03-01,0.0083288055688957,0.0022239449756345,-0.0111073524696836,0.0044358739948879,0.0041529269204883,0.0293909966555512,-0.0086836774063971,-0.0235027276565898,-0.0242775944974962,0.032293158013676,0.0,0.0173750668214705,13.8,-0.0783432579850771,0.0094265135178082,0.0216094519764898,0.0280170887297544,0.0236735200249143,0.0125455969327497,0.0094538594583788,0.0350173247536896,0.0232084879859,-0.0045732293863007,0.0094070201649465,-0.0184468576774108,-0.006837531673975,-0.0009457552847571,0.0071232492704158,-0.0078125953232284,-0.0006045704760371,0.005409931413963,0.0040652428958463,-0.0666999999999973,0.0281140930000001,0.139313162,0.0667000000000009,0.2333,0.100000000000001,-0.0503049645972684,-0.0075114746821949,-0.0083340660337247,3582,0.0548082364949947,0.0016019817735761,-0.0017488588142651,-0.000596890858632,-0.0005830320280306,0.0009104713449179,0.0063577544868422,-0.0038576631078282,-0.0010689458807036,0.0125726294173791,-0.0018315487378126,-0.0080885801768975,-0.0006504232982278,-0.0020384829341848,0.0012669593787562,0.0010484115820057,0.0064968549940633,0.100290505726202,4.30632373173978e-05,0.0017727552937287,-0.0036142687267739,0.0005664025495875,-0.0008150790787002,0.0027026058311125,-0.0132880353906275,-0.0012912444497441,-0.0011012282529865,0.0263226229441056,0.0131701382235692,0.0248374439872752,0.0809439552135869,0.0057156247650378,0.0066929921787464,0.0010423367025644,-8.86082960098733e-05,0.0208816850998748,0.016964792153491,-0.0137316879031433,-0.0165163383413205,0.0253746270839894,2.88,0.13,0.6,3.36,0.0183321432568064,0.0122289901684338,-0.0219074988658754,0.0043654159143917,0.0177045398031908,0.0135485948277561,0.0127371693990366,0.0118848531096685,0.0134858785525989,-0.0101876227932438,0.011605200903837,578.1053498,0.007230483897116,0.022951119103535,0.0071721058894151,0.0999999999999996,0.199999999999999,-0.0312,2.01660000000001,0.0105498314103674,0.0074682946075257,0.0099,0.0142859572474765,0.0091326163621978,-64.6700000000001,0.0141940305031163,289849.15,0.0104679797869096,0.0082959527023085,-30.54,0.0681685553764559
2002-06-01,0.00610837169347,0.0050455167730731,0.0062123139511998,0.0062984019696283,0.0006505612749849,0.0161669468002854,-0.0011160073965337,-0.0047870951235422,-0.011342380059002,0.0244846950785194,0.2,0.0076264324787516,8.0,-0.0026693608236989,0.0013156043847892,0.0293300327480255,0.0329617362843297,0.0080025492611675,0.0036835073328376,0.0064897402751666,0.0428643785357385,0.0463906876089837,-0.0021509222931719,0.0086667550448318,-0.0161566712870957,0.0002487046650099,-0.0045744996167655,0.0023631727415693,-0.0198026844390391,0.0027779593758303,0.0069034525972959,0.0044138314716217,0.0334000000000003,-0.0702489550000003,0.21002038,0.299999999999997,0.0999999999999996,0.2333,-0.0122325523397482,0.0017215765994667,0.0021860573455247,3447,0.0154359175390235,0.0053817643172369,0.0024204976574964,0.0013220923856431,-0.0037265357687363,0.0004722963375067,0.0114281125609264,0.0037667026674119,0.0020513252129328,0.0161006187492712,0.0022709885079468,0.0032224739508954,0.0063715319868844,0.0045775508235914,-0.0007053973154835,-0.004733734681249,0.001756382013788,0.158412565509919,0.0052494957038966,-0.0003395456204371,0.003779423510525,0.0117808711870815,0.0041702397743614,-0.0026642704406896,0.0081025164358292,-0.0008824446774102,-0.0003804169956573,0.0187585559537675,-0.0299870086337028,0.025992726037785,0.229872517742925,0.0012296312945667,0.0026458861223011,0.0009748208984818,0.0012176763814171,0.0014888565097752,0.0047761904705785,0.0044422898649543,0.0074901432538041,0.0006225703669384,2.9233,0.14,0.63,3.39,0.0115972749671789,-0.009258216780144,-0.0276435225197682,0.0037469551579523,0.0129165526108999,0.0119119009854849,0.0123799243254332,-0.0131814666183185,0.0173662889281712,0.0093637414257301,-0.0186187598219849,562.9184665,-0.0257632610112548,0.0158863930645303,-0.0293086924790682,0.199999999999999,0.6,-0.0278,0.968699999999984,0.0699518256461804,0.0118344576470029,0.0099,-0.0021299262578247,-0.0162727812621561,-27.21,0.0156000359737192,291577.59,0.0129647996936555,0.011412089635364,0.870000000000005,0.0096544592924265
2002-09-01,0.0040568740473787,0.0069738817130122,0.0295835941932685,0.0040587639473468,0.0016668443416714,-0.00128663790497,-0.0014733218795575,0.0096190014512513,-0.0032565817611685,0.0028929814588991,0.2,0.00512510525113,4.0,-0.0035447167432769,0.0025557902895041,0.0031682433395259,0.012633722183983,0.0012132483978337,0.0040376619445829,0.0043455865912482,0.033445121191666,-0.0083011929079477,-0.0012988942893521,0.0089967158754031,-0.0155301036763955,-0.004007519980524,0.001955086649394,0.0008071901341697,-0.0126510604106995,-0.0004825913955404,0.0027085136204441,0.00330370508909,-0.0667000000000115,-0.127103624999999,0.0127465839999998,0.0333000000000006,-0.0667,-0.2,0.0338340570908269,-0.00409496935616,-0.0037158416581704,3395,0.066656073533589,-0.0022337991842231,-0.0001661086834348,0.0005266793166374,0.0022069974659615,0.001886559848959,-0.0071733758636112,3.42962033696992e-05,0.000476530787898,-0.0115219764621797,0.0011537247599537,0.0046508979900847,-0.0051539076097073,-0.0008040739434509,-0.0046443732362089,-0.0014793345075494,-0.0033801914969293,-0.0887631134950531,-0.004730166515654,-0.0011124840390461,0.0032694720100243,-0.0125570458869317,-0.0035332291591032,0.001340937297777,0.0029799839902322,0.0081124300504917,0.000148495072163,-0.0085373482118233,0.0193719222307767,-0.0155854177471122,0.0280438855219067,0.0036841128307707,0.0018791393650632,-9.96539793209905e-05,0.0003207769466317,0.00775787083926,0.0084322314992677,-0.0027990391459953,-0.0025452917073156,0.010381587974341,3.3667,-0.01,0.17,2.62,0.0111962929117597,-0.0017612786478142,-0.0258383640293678,0.0098617840210035,0.0108302765249881,0.0334438412038089,0.0105008768463719,-0.0213572747137789,0.0209089538337537,0.019695688123206,-0.0292117842928761,546.0496283,-0.0393259688902159,0.0181476182067364,-0.0445912997846971,0.0,0.100000000000001,0.001,1.47210000000001,-0.142661552195053,0.0080557008322168,0.0098,0.0070821825762914,-0.0101752340978294,-27.16,0.0124292208779018,290424.63,0.0141488063382376,0.0151619413671753,-0.610000000000014,0.0163912775398494
2002-12-01,0.0012352872439738,0.0055466238437773,-0.0090365936139837,0.0063771492740905,0.0119094519159511,-0.0009747852987107,-0.0042106128946031,-0.0191450435597371,-0.0135478543324572,0.017747271367293,0.3,0.0073245065491409,7.0,-0.0002965038839999,0.0019452877621297,-0.0148491293587512,0.0177957001482385,0.0061001036709118,0.0002120575956379,0.0006918510113669,-0.0039552949146157,0.026388848204884,-5.81073125633935e-05,0.0053835659566878,-0.0129612880649201,-0.0023329920778891,0.0125330935043237,0.0051999621615177,0.0005784784823879,0.0064950914706924,-0.0063534296686302,0.0022044825335285,-0.166699999999992,-0.0146877180000002,0.133791909,-0.333299999999998,0.2334,0.0667,0.0146861493036532,0.001670752336941,0.001727714839677,3387,-0.0809816077763825,-0.0005075528386644,-0.0017715415475327,0.0013217453704443,0.0063582415588516,0.0005340064669967,-0.0002037620145278,-0.0016716403278476,-0.0006804209437767,0.0007281620570935,-0.0007578457106589,-0.0065380126822898,3.34481909902706e-05,0.0017447091647708,0.0051238084723968,0.0031969095548678,-0.0020307667861807,0.0186320066652992,-0.0057959524766522,0.0017889493792084,-0.0011124258656591,0.0071906347430754,0.0014068197631411,-6.38901560909844e-05,-0.0008916823084135,-0.0099731871815809,-0.0007225752198039,0.0042270412523475,0.0038302050897973,0.006931941964436,-0.0098819211783753,0.0039502909633921,0.0068298606864178,-0.0037497686466991,-0.0036119121443638,-0.0015030545663545,-0.0009762489696214,0.0031381391311198,0.003540532198567,0.0043594228852557,3.5933,0.02,0.2,2.67,0.0087413652193841,0.00832595841905,-0.0153695356321597,0.0268511447404345,0.0042608118352056,0.0536545758260232,0.0061822800997859,0.0180827762334044,0.0248637647330785,0.0187636680139081,0.0167855546136639,551.9156874,0.0167120300411625,0.0210048540596652,0.0177916392410378,-0.0999999999999996,0.299999999999999,-0.009,-0.146800000000013,-0.120559771500988,-0.0043859719432544,0.0094,0.0209504869408033,-0.0069687980003152,-44.3,0.0121202728866816,283023.15,-0.0147517389553968,-0.0307505732489144,-32.88,0.0379356822325363
2003-03-01,0.0052526007658499,0.0049135447182227,0.0011305162778771,0.0045370747504147,0.008057728483485,0.0081277662047574,0.0090411817696693,0.0037388492563517,0.0049397579790824,0.0181474650590792,0.2,0.000857267572325,4.7,-0.0002064597215429,-0.0052096052841932,-0.0030785791042236,-0.004361898745258,0.0002511169926098,0.0046679960942022,0.004618880812397,0.0113509121458781,-0.0026278425822097,-0.0017785023340426,0.006773846502174,-0.0248933452275324,0.0002919179302605,0.0033286112508736,0.0004321059345855,-0.0052189161784266,0.003351313729091,0.0017246969449331,0.0018856982669248,-0.0666000000000082,0.0079475980000003,0.0158669849999999,1.0333,0.0332999999999997,-0.0334000000000003,0.0842112631444714,-0.0049875415110385,-0.0051700210511169,3256,-0.0396201225846715,0.0029641591724027,-0.0004680687052784,-0.0004386962748466,-0.0021990283171691,0.000148125553987,0.0059468459423781,-0.0062605780048672,0.0013520040490222,0.0130585890758468,0.0014280135530802,-0.0118643056739254,-0.0004198099387595,-0.003237991452627,-0.0045669510716965,0.0030553385274574,-0.0031837915000636,0.0996697415174657,0.0015969701418514,0.0022810781628965,-0.0003120592883192,0.0012779071517536,0.0018421768700278,-0.0022968921243773,8.28931739960126e-05,0.0062699450246581,-0.0012313124159195,0.0260676772530157,0.021030946304391,0.0261797263686114,0.237886362661913,0.0013603514732127,0.0046338895161799,-0.004143283125841,-0.0043828006573454,0.0098251970549956,0.0095925837246451,-0.0037599093190872,-0.0037754476887998,0.0168575097293147,3.2,0.01,0.14,2.76,0.0070262750818157,0.0090988814638377,-0.0206090880872756,-0.0032437506629374,0.0128316228297845,0.0391750884954885,0.0108562335247004,0.0049597967262418,0.0180821938068743,0.0178310773461572,0.0024195905442674,553.1137472,-0.0027809217121959,0.0212295012905095,-0.0035383160566269,-0.0999999999999996,0.0999999999999996,-0.0195,1.4203,-0.0360050522956143,-0.0007328692156529,0.0099,0.0184873461177979,0.0177953760959255,71.4799999999999,0.0015328762876691,299092.88,0.0116359492595102,0.0177775124572257,34.26,-0.0536925455565704
2003-06-01,0.0088172304528679,0.0113847673891989,0.0445221670892444,0.0058615314843528,0.0079803165944323,0.0064772378440682,0.0237333475152539,0.0386807732886023,0.0272846922556553,0.015738446584824,-0.1,0.0091318433686531,14.6,0.0085717010190906,-0.0054662368160354,0.0017589432501177,0.0144719541087444,0.0113002172077383,0.0099121604524148,0.0105375936643055,-0.0162270218150029,-0.0360288756847291,-0.0018522666428921,0.0072836142896566,-0.0140905666651978,0.0002293096811509,-0.0031357473174598,-0.0006791233496983,-0.007001195867458,-0.0100877520510636,-0.00431735252657,0.0013757650336199,0.0666000000000082,0.162078823,0.115727729,0.800000000000001,0.3333,0.1334,-0.0101914505392013,-0.0047019862593309,-0.0031326300392624,3262,0.0340555005461978,-0.0066114507807375,0.0007027993078532,-0.0019161646204644,-0.0043782371876961,-0.0019086257622085,-0.0194564426159696,0.0019982757981322,0.0002898632962509,-0.0321442591387253,0.0008903171294463,0.0089985678125641,-0.0044252760199796,-0.0041814631114345,0.0036979815948425,0.0010493407048359,0.0002706350286958,-0.286306324263356,0.0014762704008646,-0.0024968420906494,0.0029557371033925,0.0020090610319218,-0.0045429723123584,0.0012709971228677,0.0105894900086527,-0.0023476903826784,-0.0015661555934345,-0.0429424400591172,-0.0085414158691774,-0.04867682285367,-0.177145881390908,0.0029255911866661,0.000263065853951,0.0188835045535569,0.0203380381821816,0.0130524068369393,0.0152470284370594,0.0036079132005424,0.0043604209137084,-0.0011786828182449,2.8533,0.01,0.11,2.58,0.0170496646702754,0.026954755583378,-0.0230291982220763,0.0004871758505125,0.0182369793685826,0.02798157159003,0.0124298303250274,0.0369158342334863,0.0385264974457495,0.0272262913640269,0.0366010402024521,567.2865835,0.0456394944114127,0.0185518765153567,0.0498806526822637,-0.0999999999999996,-0.199999999999999,-0.0183,1.48350000000002,-0.0130759119727788,-0.0214902675690576,0.0092,-0.0040788635748207,0.0182441882628961,-30.8499999999999,0.0027931681392754,285737.64,0.0160583069704323,0.0239691862693672,-12.02,0.0484732578851617
2003-09-01,0.0164952025859435,0.0140408459233861,0.0433003226202429,0.0066019064515181,0.0182966904662178,0.0355148916837917,0.0319109352607496,0.0321144599137231,0.0209791976201847,0.0556958408317261,0.0,0.0022653223830015,-0.1,-0.044334215447865,0.0037869613294052,0.0269534555813404,0.0155393453715877,0.0168975187372968,0.0232570222914852,0.0214828374003746,0.041916515861649,0.0136606424958208,0.000343725624214,0.002831434731453,-0.0086979955825388,0.0049900303145342,0.0063164492082048,0.0005556756266571,0.0017548996463334,-0.0030220875221829,-0.0058079538020923,0.000892026049593,-0.299999999999997,-0.0532958480000003,0.0075396199999999,-0.7333,-0.0333000000000006,0.0333000000000006,-0.0007882618918308,0.0023703517888149,0.0012741607498538,3087,0.0906319349832962,0.0055605168191439,0.0007834157833634,0.0022580209720217,0.0011434799211649,0.00255995089773,0.0186207045247206,0.0007747280028267,-0.0014763148769176,0.0293212159385403,-0.0023716516908365,-0.0008084239367063,0.0001692518004823,0.0022550285858891,0.003871533783629,0.0016289194833092,0.0155810508236325,0.21890156403447,0.003307121662643,-0.0026108837881251,-0.0024497436561681,0.0016389843209356,0.0018949112381214,0.002263281764697,-0.0094426054067984,-0.0022540696064083,0.0022385433138207,0.0128379131937235,-0.0029307815596197,0.0155868387384732,0.0326606153718041,-0.0019307069714447,0.0024245434209353,0.0077568397307894,0.0062832677055526,0.0219726239502105,0.0191219911702243,-0.0056636779933114,-0.007054144054087,0.0185839655355116,2.5733,0.07,0.29,3.3,0.0024754297504774,0.0137801217037099,-0.0212896700524281,0.0089912285233531,0.0119144900643438,0.0326857662491848,0.0071197062434578,0.0154277306458699,0.0222283134977292,0.0053307742599866,0.0140929464549178,565.6977758,0.0147976857208896,0.0167707538364752,0.0155027911396832,0.0999999999999996,0.0,-0.0162,0.385799999999989,0.190292544615676,-0.009785550422718,0.0092,-0.0144084825429771,-0.0088304209038696,-2.13,-5.21235876131954e-05,287647.98,0.0099227525743543,0.0157676521593668,11.02,-0.0067155265775111
2003-12-01,0.0115403670474024,0.0068609337407181,0.014254204933593,0.005716346222794,0.0057060639561363,0.033552792872201,0.0179463810453599,0.0173579010282827,0.0124967681114319,0.0293306398164521,0.3,0.0060147373621237,7.6,0.0479592074266924,-0.0014948676308055,0.0439793040218781,0.0312680167196717,0.0027131924163192,0.0141230968902191,0.0132464800014249,0.0085666570777327,0.001855175235419,0.0029842174340153,0.0070927872274868,-0.0048533435377766,0.0057491648317196,0.009129250894686,0.0004936809742144,0.0081491140186225,-0.0060716397817444,0.0013381374939331,-0.0005785223750081,-0.100000000000009,-0.264433098,-0.022357177,-1.1,-0.333299999999999,-0.1333,0.0335549771826837,0.0052523099548071,0.0048270585213545,3348,0.057441435287469,-0.0016602523566771,-9.63575547512363e-05,8.35871023916468e-05,0.0062142490354526,-0.0002483626828313,-0.0054894875957982,0.0009804853532049,0.0004419062028437,-0.0094377156619547,0.0001315830267847,-0.0043292050512411,0.0067601334059936,0.0087499033798978,-0.0094242747101276,0.0034858593970241,-0.0057631045142674,-0.0686595125698108,-0.0057784099413673,0.0004134410388259,-5.45418748902904e-05,-0.0041179763140739,-0.0022166608124925,0.0008806445293538,-0.0006148135058223,0.0025703489184003,-0.0013890152495514,0.0018741144458571,0.0175316953642666,-0.0045656595314946,0.0127441066837211,-0.0032414977937222,0.0014226093872302,0.0100238186626438,0.0092815862510438,0.0092988642786009,0.0079869106739831,0.0052309471626736,0.0046653002186856,0.0014322703930309,2.3767,0.09,0.38,3.37,0.0123670392274535,0.0018515445813926,-0.0336921277788749,0.0341408398294538,0.0112356657582122,-0.0062074066173254,0.0057248315550086,0.0318428131761035,0.0219345845433949,0.0192214181801145,0.033784214756869,583.5504902,0.0374803538086645,0.0197306928792784,0.0404801474252707,0.300000000000001,0.199999999999999,0.0469,0.205199999999991,0.0357821095854867,-0.0167814769620036,0.0092,0.0089439880708983,0.0667790528187613,90.66,0.0015315674719218,293833.87,0.0069884144529766,0.0101558026715054,15.04,-0.0197455026965914
2004-03-01,0.0056505202389018,0.0092805006748868,0.0171155965521663,0.0082452099161933,0.0076188195768658,0.0016874774139692,-0.0028210839776257,-0.0129969106279741,-0.0099326135520616,0.0115920829421494,0.4,0.0045130309759269,4.4,-0.001886996046049,0.000671869007788,0.022364493261767,0.0276231529416515,0.0045182686672333,0.0014483038605099,0.0045416563312112,0.0067052760583896,0.0284175944605183,0.0035669057993672,0.005501561554837,-0.0041333321086387,0.0047521664334961,0.0075669874245374,0.0011714956519739,0.00578030527861,-0.0019507687239768,-0.0034158300077109,0.0025045190725574,0.0,-0.102938139000001,-0.0333027600000002,0.399999999999999,-0.300000000000001,0.0332999999999997,-0.0301912381012119,0.0032961629579428,0.0044199695930791,3494,-0.0462906867615125,0.0027752332246224,0.0010169607188794,0.0013744999983185,0.0027224004249788,0.0042256124869393,0.0088951513388497,0.0083168695662339,-0.0005722041013811,0.0091806543122405,-5.22257471722298e-05,0.013139427178106,0.0059503377094349,0.000284535842173,0.0143732146364419,-0.0072168258957923,-0.0038491503307875,0.0787897648239246,0.007944766443277,0.0012523498607039,0.0027131043077535,-0.0047030616863006,0.0029655085466577,-0.0002927277169186,-0.0086983663806403,0.0005101223713293,0.0022178856682257,0.0126695322343089,-0.0365503426357963,0.0250599380763301,0.11705877196927,0.0018471592737552,0.0005817716798102,-0.0106434613551958,-0.008782362208465,-0.0029637963138915,0.0012437357567698,-0.0014750301192316,0.0008789148897321,0.021766770332535,2.2533,0.07,0.31,3.1,-0.0021913250066489,0.0050622491186995,-0.0171791436745545,0.0377809938586191,0.0101715059486018,0.0166531030759947,0.0079556811430077,0.0375688468992514,0.0140075428614175,0.0094892705354157,0.0420937118502334,605.8948255,0.0391800178197297,0.0340671083219135,0.0420597061284411,0.199999999999999,0.600000000000001,0.0267,0.765800000000013,0.0557202193715121,0.0038387763071656,0.0089,0.0290266750505923,0.0314530755559392,-11.0599999999999,0.0192930566670348,287345.66,0.0202149273475243,0.0207683773941554,-10.54,0.0416217282938538
2004-06-01,0.0077196499189415,0.0054416285647409,0.0024782394075488,0.0065329659631601,0.0040010333238642,0.0390056839177548,0.0269039232833181,0.0417353152317927,0.0247010851640663,0.0312324452746298,0.6,0.0026660932249154,2.4,0.0179231981723769,0.0007093392983863,0.0207437746653856,0.0386371636510541,0.01019129695697,0.0114452940505219,0.0091808460495945,-0.0374410739159128,-0.0163900806466453,0.0061843685991647,0.0063449045151298,-0.0015943033446159,0.0118535280231775,0.0071894480437553,0.0018469499915507,0.0188415518924305,0.002316110013246,0.001139913628446,0.0028101038054693,-0.033299999999997,-0.0225322569999999,-0.0703415959999998,0.133299999999998,-0.0333999999999994,-0.199999999999999,-0.0287753067337206,0.0014249700975286,0.001074549724561,3519,-0.133531608638349,-0.0009752924508594,0.0002105576131761,0.0009136971280288,0.0011668026917419,-0.0018105709524354,-0.0025273150190914,2.2862416365399e-05,-0.000123150938152,-0.0040950935513341,-0.0008214050309804,0.0023562087744686,-0.0042932279242124,0.0005396952470899,0.0005452392335003,0.0064764226530993,0.0093893790933448,-0.0626130654015427,-0.0014804250723115,0.0014782575984977,-0.0037883892691317,-0.0047392814294235,-0.0015169704380086,0.0028272529401505,0.0046562571671682,-0.0058064496550134,0.0015070547784716,0.0071135763176348,0.0415886760696242,-0.0017756164093771,0.0862298208880201,-0.0032626023846282,0.0005405767080253,0.0112350405122923,0.0108452154782563,0.0103653055446999,0.0077566347274986,0.0107319296851154,0.0085146604114694,-0.000754361186174,2.0633,0.26,0.7,3.52,0.0049433038583366,0.0053654764839539,-0.0150698954998276,0.0029010198253232,0.0083015325967306,0.0472498611646097,0.0050888981185188,0.0132433743706848,0.0248251630760645,0.014633888909704,0.011034929442129,606.4062186,0.0061288849624894,0.0285715052941207,0.0057412086180281,0.199999999999999,0.5,0.0091999999999999,-0.352900000000005,0.0455864805567359,0.0045871640069061,0.0092,0.0288544608200918,0.0318394219131388,66.73,0.0176203370860541,300750.6,0.0383592340879702,0.0501340588465435,40.63,-0.0279751713911347
2004-09-01,0.0094412298851711,0.0116777242709958,0.025406509104835,0.0104746695731084,0.0071199641272343,0.0157236214064511,0.0210241436710117,0.0341019760624537,0.0281764888322567,0.0071100691926684,0.5,0.0018665651955291,4.5,0.0228855266703087,-0.0037414553169075,0.0033380967940868,0.0137656110792364,0.0064273337523648,0.0102935398527828,0.0110117024182701,-0.0228558810689066,-0.013967360648226,0.0028528615256675,0.004548935946449,-0.0077954583458552,0.0055619203576622,0.00317583699651,-0.0017853176780082,0.0101295188089008,-0.0031707465395625,0.0020084361039387,0.0008151303474708,-0.033299999999997,-0.055015826,-0.100277264,0.133300000000002,-0.1333,-0.2,-0.0139955633332356,0.0057994603381601,0.0055843782939009,3725,-0.0233108457365461,-0.0018059543651407,-0.0021245731890067,-0.0017777350293739,-0.0019622328549058,-0.0025445943495086,-0.0048496090133083,-0.0068294796261989,-0.0001615161593306,-0.0036864536652085,0.0006433995341517,-0.0068110802662433,-0.0034817058204845,-0.0075318861069471,-0.0112069651838125,-0.0063650857770509,-0.0083912476078253,0.0097210183800884,-0.0037535055215673,0.0004997077767461,-0.0016773095354656,0.0118991926955889,-0.0001996143486868,-0.0009411962138949,-0.0015889971945943,0.0038922756679484,-0.0020667063234602,-0.0184456283479184,-0.0492476308938041,-0.0056879905450246,0.11706182994646,-0.0027077652908138,0.0042694613936746,0.0121199354609471,0.0117583139141155,0.004703564077066,0.0052100410917246,0.0129317854942386,0.0137952313472578,-0.0043351205353365,2.1467,0.26,0.59,2.82,0.0112822018391068,0.0057569607764103,0.0158062538336363,0.0059144964238582,0.0077240935881963,0.0211650053042796,0.0087872125234032,0.020095865038547,0.0228749593324995,0.016447575310373,0.0195614280475667,614.4233198,0.0126127403393088,0.0358540050939027,0.0133239845673749,-0.0999999999999996,0.0999999999999996,0.0366,-0.354399999999998,-0.0336091157015712,0.0113766869821079,0.0094,0.0336860576548061,0.0307375916983617,50.03,0.019719718910908,310402.43,0.0393410364421527,0.0501227418705081,34.59,-0.0118685982942868
2004-12-01,0.0101503913211332,0.0112475754917636,0.018705348459009,0.0101375312672278,0.0101032158032996,0.0205935472693684,0.0180570926286707,0.0302654630890462,0.0203266766190922,0.0137036588389821,0.6,-0.0006121314792562,-0.7,0.0072882120644211,0.0001415179868828,0.02346997991439,0.0230245336911041,0.0115737176430866,0.0100069330444148,0.0112674679907041,0.009929968354621,0.0357138905510341,0.0045392970610791,0.0077914227376343,-0.0068846980570853,0.0076750336647162,0.0076445666120985,-0.0019737315912937,0.0055835990960284,-0.0009776488679085,0.0022713551159618,0.0035405089373945,-0.0334000000000003,-0.0568432379999999,0.0121188679999999,0.0999999999999979,-0.1333,-0.0333000000000006,0.0282330177155128,0.0031965930256276,0.0057375870521596,3830,0.0987347227611677,0.0036148416278907,0.0018338418845154,0.001400271096271,0.0013047976766769,0.003789879498953,0.0107919690684488,0.0090423009403561,-0.0002930203073994,0.0118264687596543,-0.0010511837322928,0.015372104301556,0.0102435515313823,0.0008277780701062,0.0047330915335601,0.0022422856482746,0.0018010187324408,0.067686998231383,0.0045152588778956,-0.0026345939021243,-0.0003627142754485,-0.0004688262586265,0.0005691155547182,-0.0022329361998387,-0.0021686798347424,0.0020140961432302,0.0018328513151724,0.0092496107250026,0.0345489240623333,0.0056001213328444,0.0799322968131095,-0.0024598738541894,0.0007474134464735,-0.0071109420689499,-0.0045183761840155,0.0042742804211144,0.0080748012722935,-0.0017291235592749,-0.000515620446035,0.0245189615301848,2.0133,0.23,0.46,2.17,0.0041385860902192,0.0027497978958521,0.0116457968477155,-0.0026659008040228,0.0153241430636797,0.0292108820937642,0.0118401043288383,0.0322818004816909,0.0272339920404647,0.015660294940151,0.0332511691376958,627.8879209,0.0348435773617268,0.0269282626656455,0.036985594010174,0.200000000000001,0.4,0.0154,0.0426999999999964,-0.0121382471282665,0.0015071592905711,0.01,0.0012492194004321,0.0311212230643569,120.4,0.0165176118177133,336607.6,0.0137615474075439,0.0122955101581024,45.9399999999999,-0.0645305357988795
2005-03-01,0.0110325505292366,0.0063340569067325,0.0047931909934444,0.0056261601171208,0.0093392043437532,0.0277111900392786,0.0174021566603297,0.0091889469372974,0.0144164035663676,0.023307798034863,0.8,0.0049328420558119,4.5,0.061011825506414,0.0011457993891248,0.018564111278268,0.008577836925399,-0.0136590895870281,0.0134363482108526,0.0128441188139652,-0.0038090940605011,0.014562204493517,0.003674190274113,0.0052179516229369,-0.008019995344437,0.0074775276027256,0.0067201897371091,-0.0012355657383196,0.0203919432982751,0.0010997740596456,0.0040622171533595,0.0025757228583724,-0.0666000000000082,-0.0680949059999998,-0.03707302,-0.199999999999999,-0.1667,0.0,-0.0572095959700363,0.0031539442285959,0.0025971510881399,3938,0.033616714104765,-0.0027181995673109,0.0016840515882821,-4.63949642579564e-05,0.0003179145286882,-0.000453304723802,-0.0133735216623725,-0.003535533840453,0.0030761758820236,-0.0191857818751728,0.0027083027220067,-0.0067327434912689,-0.0025459496846673,0.0002345193012534,-0.0026768562757153,-0.0088750437542666,0.00173887071234,-0.117758581822756,-0.0023389411192056,0.001548250498442,0.0050539589289115,0.0034160671845349,-0.0004906364691423,0.0021726212462667,0.0057390027808743,-8.41576911501107e-05,0.0001302983600517,-0.0088662144233566,-0.0150283943241014,-0.013666626724647,0.0317334377636778,-0.0058874151086163,-0.0001645517434574,0.0013364912150448,0.0005219846186319,0.0108435084553866,0.0096895610561826,-0.0043071582532219,-0.0046410725587282,0.0278571721933352,1.67,0.26,0.53,1.76,-0.0003106705413626,-0.0058815461523567,0.0317549708903471,0.0038612632798162,0.0062474744529001,0.0267757380509384,0.004411014397796,0.0091113308612165,0.0115110243433136,0.0251701071327011,0.0086512641629195,642.0537595,0.0012574086747072,0.0253917822879437,0.0006100113886908,0.0999999999999996,0.0,0.0226,1.66630000000001,0.0511366296328593,0.0156895261713768,0.0094,0.0216124497428303,0.014419927731641,-83.6599999999999,0.0272020382652247,319327.96,0.0197634362110684,0.0156935565732432,-38.63,0.0799011757763379
2005-06-01,0.0049141503086236,0.0110210116927902,0.0262865805426307,0.0090341528316102,0.0078703306368099,-0.0130982669313511,0.0168571494172003,0.0246575865082912,0.0160349285588204,0.0183443450597593,0.2,-0.0005905460642292,-0.4,0.0056824354773841,-0.0003159315149678,0.0221086955328982,0.0132988191757484,0.0090976394094148,0.0042179054838422,0.0041600795027481,-0.0277651929816658,0.0092088223449149,0.0063022529259892,0.006953047649322,-0.0005441959317966,0.0090770386596439,0.0094891509188848,-0.0002472890282998,0.0173071378575118,0.0004884249181342,0.00152736358012,0.0012377982998668,0.2333,-0.0782777890000004,-0.0990345159999999,0.366700000000002,-0.3667,-0.0333999999999994,-0.0001535237220888,0.0069017107596955,0.0053139154205386,4006,-0.0282889447270573,0.0004933646679923,-0.0021499187205655,-0.0003908207809333,-0.0005544584061327,-4.84902066713033e-05,0.0054476138042538,0.0007506730671895,-0.002184671601479,0.0082125725072614,-0.0015812495695088,-0.001774493623027,0.0015894057265377,0.0047287341094959,-0.0016135280638796,0.0121882219539193,-0.0045589798901088,0.0357435003296942,-0.0001308985041692,0.0010113704752576,-0.0037384549587624,-0.0001988638941501,-0.000859778582992,-0.0029137638056617,-0.0031888994952646,-0.0017247749451465,-0.0015338555471577,0.0059554484982289,-0.0008699517783323,0.0075875821520128,0.0738481014633647,-0.0002855257152121,0.0005232009513815,-0.0004381722942161,-0.002409793881335,-0.0010909393831983,-0.0027453364302703,0.0072711745452069,0.0075822679794814,0.0081099503033268,1.8133,0.22,0.47,1.3,-0.0020229599084764,-0.0078018441561864,0.0311125732809145,-0.0042538867633767,0.0101194220368122,0.0297331815426176,0.0077297813096244,0.0212925132213488,0.0243208426105692,0.0152231766112632,0.0207098695525172,649.5529052,0.0184799844038714,0.027027956572649,0.0192004730404793,0.0999999999999996,0.199999999999999,0.0234,-0.121399999999994,-0.0256710683504693,0.0103245754887769,0.0092,0.0091213767097886,0.0113670995865522,-21.5800000000002,0.0271549925786552,318745.47,0.0314662972609092,0.0338453648519241,2.84000000000003,0.0289807886767992
2005-09-01,0.0078075817011313,0.0082626896024198,0.0193889047554023,0.0075994240924277,0.0037389181232647,0.0130422937536832,0.0173947021207503,0.0356992781732366,0.0206296384529088,0.0110374174219912,0.1,0.0032805345990389,3.1,0.0100756246904137,0.0005547920740651,-0.0001825416988081,0.0055997761330512,0.0036837412661956,0.0093436081118296,0.0092658393388518,0.0070790119157235,0.000510276286886,0.0057448473087582,0.008464324340526,0.0009793787062886,0.0114895442016074,0.0047757539960144,0.00160633297358,0.0138446300791664,-0.0001221021792394,0.0031800742526506,0.0052199591848989,0.0333000000000112,-0.0708542439999995,-0.0698835520000001,-1.4,0.0,-0.100000000000001,0.0406960672069125,0.0021577760743296,0.0023515148034292,4250,-0.0193139030100919,0.004453866809313,-0.0010531624912983,0.002159980755735,0.0010256781915654,0.0017783451399555,0.0128346088818034,-0.0058373904371551,-0.00013835420987,0.0237697755698898,-0.0001164541853624,-0.0113921656778526,-0.0114371321928299,-0.0005100427543158,0.0099270732087841,-0.0088068224220876,-0.0019938452769672,0.178408543136436,0.0027388324151287,0.0013868797397487,-0.0010248184135495,0.0007629530421233,0.0044995552678326,-0.0024037131688841,0.001226929772172,-0.0036872364808706,-0.0013465130336021,0.0105156537280795,-0.0139391208688115,0.0154608050889431,0.179900907142142,0.0017687075124479,0.0015501685178867,-0.0017117795984722,-0.0015705550919245,0.0069874546095816,0.0071199049186576,0.0063447436030212,0.006333605115163,0.014996614159001,1.7667,0.22,0.43,0.85,-0.0060684906750863,-0.0099102731502531,0.0244869201670026,0.0126953794537989,0.0110537659213072,0.036989061535353,0.008380202649457,0.0245226105431122,0.0266559221076506,0.0229722198062063,0.0241109771304551,662.957878,0.0207451439338211,0.032149424823217,0.0221663023712662,-0.0999999999999996,0.0999999999999996,0.0455,-0.080299999999994,0.0844042312906268,0.0021986084342029,0.0095,0.0203721844808773,0.0264826892565289,70.76,0.0240781011283371,336505.58,0.0324544548875032,0.0370266686839535,40.6800000000001,-0.0301437009962608
2005-12-01,0.0055397923720761,0.0018415226085686,-0.0303879289794811,0.0039794272646123,0.013952236830014,0.0313700974466933,0.0045551866019941,0.0137286479136316,0.007690048036907,-0.0017677599373806,0.6,0.0007800999115303,0.1,0.0220676210352586,0.0010541249346625,0.0304947681270757,0.0317210568739963,0.0089151568227805,0.006511563043567,0.0068652744779269,0.0171575119977634,-0.0119774018893484,0.0042568660714721,0.0055037766697143,-0.003486612796145,0.0088930807844729,0.000233012726742,-0.0006175250288862,0.0250665878932912,0.0019514825073514,0.0016523053228763,-0.0009233720327994,-0.100000000000009,0.0076776389999997,-0.0192526590000001,0.0999999999999996,-0.0333000000000006,-0.0332999999999997,-0.0736317816685315,0.0055607979721656,0.0065954626869189,4238,0.0043242227206477,-0.0028152468815072,0.0027740057674305,-0.0014920302875296,0.0008518939266002,-0.00159341471109,-0.0154560568267437,0.0049267134612565,0.0040882186911686,-0.0274576884977504,0.0040846412083999,0.0138491830768883,0.0061679527938363,-0.0055465896682243,-0.0004890754290087,0.0043377759432896,0.0042462623283903,-0.205181754299011,0.0011391227058235,0.0066982067044438,0.00316207038259,0.0084227230297413,0.0012190495198805,0.0055249930394296,0.0010774563160529,0.0016129272408269,0.0032873790859939,0.008072377072767,0.0255117642229319,0.0049033388077761,-0.0434990621924038,-0.0030789521656227,-0.0016530831534673,-0.0036365431808507,-0.0026445269987842,-8.24766562068646e-05,0.0013051224963804,0.0052548252288726,0.0056503402945553,0.0134757304478521,1.8467,0.28,0.46,0.66,0.0034872004679247,-0.0089991993336298,0.0220574548030337,-0.0091141648253536,0.0005533258730103,0.0214085529342309,0.0014747826631165,0.0160732279726652,0.0180219557934365,0.0091068107966192,0.0156963602770244,667.4687852,0.0124251057362361,0.0233573207565883,0.0130944400061388,0.199999999999999,0.6,-0.0011999999999999,-1.42750000000001,0.164189721201163,0.0072939783625534,0.0093,0.017637141486107,0.0340393421991543,7.85000000000014,0.0258018518704937,335781.74,0.0198709414431555,0.0166766101734197,-7.03000000000009,0.0279551279318362
2006-03-01,0.013364138447713,0.0108455336779603,0.0389331963410902,0.0056409330586753,0.0102630873508742,0.0145502177051986,0.0187062201160053,0.0434165624168594,0.0329958552065541,-0.0091284735555019,0.6,0.0126045134330699,10.8,0.0322912488593534,0.0044894509454698,0.0397553927279821,0.020370880291174,0.0183498698667179,0.0176202856477703,0.0166270777169482,-0.0227814080479725,-0.0223433386977323,0.0068508104325015,0.0077918385014363,-0.0001091415156384,0.0098657211047807,0.0085065213892132,0.0052981950122976,0.0234466398294488,-0.0017073296726168,-0.0001320895519949,0.001822250864345,0.0666999999999973,-0.159862238,-0.073909727,-0.5,-0.1667,-0.2333,-0.026859116895686,0.0099004931214334,0.0106191186417481,4485,0.109236586214313,-0.0027494734545578,-0.0008875609231893,-0.0009520961785387,-0.0024200445960813,-0.0020353188225019,-0.0018432545904651,-0.0018893529037091,-0.0032683311645751,-0.0018319695022066,-0.0035271358041981,-0.0040090838538544,0.0016704777580365,0.0002364423028415,-0.0063157885781146,-0.0007322249716228,-0.0012874498181751,-0.0081273576095881,-0.0004162674300793,-0.0076580019353711,-0.0032444568496874,-0.0094522072094651,-0.0043863545821132,0.0001502985595367,-0.0032657064266921,0.0044685609492765,-0.0003702791329196,-0.044054535362462,-0.0237507574429836,-0.0467168248276693,0.0197518452045813,-0.0020332472118451,-0.0047759771804165,0.0136197389713208,0.0139359127126557,0.0069980442225858,0.0067219664762454,0.0123483304978995,0.0117639171372925,-0.0027650872872122,1.7367,0.09,0.24,0.18,0.0095238578409064,-0.0017325189247499,0.0273009983104808,-0.0055319562262115,0.0168671130041087,0.0199580957773531,0.0338336500770069,0.024537990826424,0.0230504978230393,0.0047006283305055,0.0248257185577856,671.8052693,0.0367056902414618,-7.20432778820168e-05,0.0394213586096281,0.300000000000001,0.0,0.0608,-0.543300000000016,0.111590397434259,0.0094033242610547,0.0095,0.019048194970694,0.0267177731095227,51.03,0.0280177055159978,349486.68,0.0119483733000081,0.0030837689755056,9.41000000000008,-0.0119863701855811
2006-06-01,0.0025841857488995,0.0051710791142252,0.0004242885531056,0.0071739434656077,0.002072737403072,-0.0057646637124539,-0.0053516291343438,0.0113399182885736,0.0173430766695555,-0.0511555221766988,0.5,-0.0003617130451356,-2.7,0.0054261202889112,0.0036794503536938,0.0183815041760864,0.0099090762011844,0.0037199329928103,0.0011711118887287,0.0022527661296525,-0.0046508022421631,0.0305635162690558,0.0042653334500251,0.0054128544052414,-0.0042662646968949,0.0092396094756566,0.0058352480622279,0.0011667476565886,0.0292896589007912,0.0012197976702728,0.0042180185263092,0.0015356836189486,0.0333000000000112,-0.0579690150000003,-0.007328811,-0.699999999999999,0.0,-0.100000000000001,0.0048784550377032,0.0029206028552195,0.002295486903356,4622,-0.160132412336617,0.0035598421690652,0.0021603857323055,0.0018372830187898,-0.0028458699967197,0.0021120018818496,0.0084587920311722,-0.0004468405348072,0.0008982454397736,0.0134504189928837,0.001186287585277,-0.004895612194014,-0.000929389222489,0.0005737992832788,0.0099564440991679,-0.004677685603748,0.013572214889515,0.085146514179284,-0.0004801727689907,-0.0025198992421211,0.0021268098710223,-0.0008439868989489,0.0021320226998575,-0.0004423909837756,0.0123691115071773,-0.0013619434655138,0.0019109647703379,0.0254250332495731,0.0070378013371952,0.0279584841786393,0.117593021778015,0.0033587407234381,-0.0041495013126366,-0.0074700270747127,-0.0083872623830032,-0.001123898171385,-0.0006654952639353,0.0014716049836316,0.0028415916422286,0.0180269310532939,1.6667,0.13,0.32,0.37,-0.0027990268749844,-0.008270706054744,0.0324162136403112,0.0118019912004081,-0.0001286726073104,0.0214658778352526,0.0021781273652017,0.0001021244661476,0.0199233715605747,0.0162034454279905,-0.0037753985533655,666.7886655,-0.0048769167238091,0.0102822196997643,-0.0056853531384266,0.199999999999999,0.199999999999999,0.0259,-0.794299999999993,-0.0035314439389679,0.0157146090984703,0.0099,0.0254035676001396,0.0171511401967326,56.8499999999999,0.0251949189215885,367208.28,0.0220494163171132,0.0204032389401814,28.7099999999999,-0.0242688344663575
2006-09-01,0.0014984360400802,0.0064011529027361,0.0142327472210173,0.0051474809260199,0.0057409984966643,-0.0038146407676471,-0.0064356077695544,0.0079886456303937,0.0169978966010724,-0.0569018573165581,0.6,-0.0015313971454258,-3.6,0.010152819862224,0.0031046041522824,-0.0012867359355466,0.0099420483528245,0.001447904563129,0.001846336163708,0.0009095155613323,-0.0473251967611672,0.0268717140773544,0.0027947209634735,0.005383718576942,-0.0030742448454592,0.0075223053627624,0.0062326128138572,0.0007975338602541,0.0160158733298319,0.0002437957121035,0.0034796411154935,0.0057437576922421,0.0,-0.0195729679999999,0.007371232,1.2667,-0.1666,0.0,0.0227738011793548,0.0038564443505286,0.0039049428189645,4614,-0.11920287102101,-0.0015693856912495,-0.0025632770681856,-0.0015081756239023,-0.0004402069856777,-0.0020436408809194,-0.001824661244143,0.0001977770924899,-0.0014379047016861,-0.0030239970682881,-0.0014514989622131,0.0009949161233402,0.0007918718522894,-0.0002604482276025,-0.0020204516820117,0.0064408094116323,-0.0133025446285249,-0.017950291015941,-0.0023575492173053,0.0040089254931947,0.0003616215074311,-0.00439290008996,-0.0004514930596348,-0.0021795192124383,-0.0179356556865269,-4.50959973345988e-05,-0.0013548955714046,-0.0082198882308128,0.0187719293504225,-0.0135322436975489,0.0064809154339871,0.0078045880929069,-0.002197826821813,-0.0066549388563759,-0.006449599604946,-0.0020637664012763,-0.0029592222353995,0.0058316327730905,0.0047291909764313,0.005181547809026,1.6967,0.07,0.18,-0.01,-0.0104576442390281,-0.0178365669924521,0.0321999078580957,-0.007397430477229,0.0001568023497018,0.0188559599243181,0.000847807597065,0.0132195044524508,0.0195938880982371,0.0181459527268535,0.0119528084075498,673.8301642,0.0160059135975885,0.0075415644077416,0.0168630294345729,0.0,0.200000000000003,-0.0009,-0.361699999999985,-0.0322799242404361,0.0021238946037041,0.0099,0.0165841280155354,0.0243586333085108,25.5300000000002,0.0255517815899786,374345.66,0.0221247863632144,0.0201874087685869,9.19000000000005,0.0063014317160003
2006-12-01,0.008557775565416,0.0094938822256267,0.0140355230116365,0.0071327809896608,0.0138101819990544,-0.0187572164464935,-0.0071476091276245,0.0052615802843005,0.0105338383417344,-0.0476943087063093,0.3,0.0082050360749299,5.9,0.0070813401991785,0.0044011024224337,0.0372273288903227,-0.0012860327111692,0.0121166411657718,0.0111651021968138,0.0106921524744141,0.0103237254375719,-0.0109464076147283,0.0027057560251133,0.0077943552738464,-0.001320422741589,0.0039177896867777,0.0075288979064414,0.0042834418562556,0.0124403999729532,-0.0018298266770759,0.0024220153967444,0.0035380825871413,0.166699999999992,-0.0636980619999998,-0.12546669,-1.2,-0.0333999999999999,-0.2334,0.0091548347115697,0.0053658129590363,0.0047138591919448,4619,0.0869045618358371,-0.0088191682415068,-0.001073081340313,-0.0035254811748801,0.0015979795829173,-0.0046391071848095,-0.0231367172758121,-0.0019415667015181,-0.0011786832061959,-0.0348315170705984,-0.0010758907215677,-0.0030354420931688,0.0004932355123319,-0.0034632893407335,-9.05277415270689e-05,-0.0019766910423859,0.002389214270023,-0.215938143769528,-0.0030091661078266,-0.0026564856438424,-0.0026868978466527,-0.0056312331548173,-0.0042069983614334,0.0003172676264613,0.0090931811297316,-0.0020735917715164,-0.0016487313157718,-0.0233458943686591,-0.0084200267460365,-0.0265541013398289,-0.196233976026463,0.0073895343312959,0.003401345952783,0.019759617468428,0.0190674285568289,0.0064585044725395,0.0053273021069086,0.009600567543063,0.0091613792928333,-0.0116166866678507,1.65,0.01,0.08,-0.27,0.0129721722197838,0.003750448626028,0.0187092510530462,0.0147973763335374,0.0042212846867197,0.0582296470993597,0.0068497877488873,0.0166309285995911,0.0154284503010977,0.0033118302428132,0.0168706818087188,677.0411757,0.0242618591195587,0.0008312115202286,0.0259513006549046,0.300000000000001,-0.400000000000002,0.0243,-0.540800000000019,0.0526852364788315,0.0063447516333341,0.0099,0.0179303907184289,0.0348541826990605,45.1899999999998,0.0298614804099611,384280.19,0.0188005596177057,0.0124766471469737,5.89999999999998,0.003669096041607
2007-03-01,0.0030038406171311,0.0061487063402196,0.0133947732315427,0.0056951492057777,0.0033654376392036,-0.0064756872697184,-0.0009061636728322,0.0137698125091132,0.0178478257952461,-0.0462676810894971,0.2,0.0013588627683383,-2.4,0.0161855502478812,0.0057890793446615,0.019617690284413,0.0144518931035735,0.0076338749393176,0.0030720125183672,0.0032399991939016,0.0214073190691915,0.0280290449036249,0.0043971758298617,0.006813475665508,0.001320422741589,0.0079383243347663,0.0083216867942681,0.0029266529029428,0.0122875361611872,0.0004882690556495,0.0015679104379344,0.002522894261288,0.0,0.0011395749999998,0.0693955590000001,0.0,0.2,-0.0666000000000002,0.0018052750014696,-0.0002608255665572,-0.0004902088700804,4808,-0.0971875566686506,0.0107444472848695,0.0025723535056974,0.006180850321968,-0.0022995701915675,0.0069379191247884,0.0243238429567576,0.0011853741549785,0.0035035880149827,0.0371776897654286,0.0030914047812222,0.0026018029669696,-0.0029219313025015,0.0012106976273909,0.0050151966290279,0.0084728830785172,0.0012546378486275,0.211956585606306,0.0053456213242864,0.0028515046478832,0.009924146930869,0.0062667572822725,0.0033511927921976,0.0032302615258244,-0.0056356084768394,-0.0017821152348052,0.000696713724916,0.0310337744030029,0.021926903239736,0.0311832939817087,-0.0336811239798029,0.0050059138511739,-0.0005970639973842,0.0129039454435125,0.0130426854517527,0.0035623684324068,0.0035010009531388,0.019251838535558,0.0190550279259547,-0.0102516919827478,1.6167,-0.05,0.03,-0.3,-0.0054134515475103,-0.0112939585300813,0.021166339814898,0.0024568871825616,0.0016072658201977,0.0095182886081772,0.0047377466096811,0.0073673852715892,0.006735744468628,-0.0008981438187376,0.0074930781204098,676.9458428,0.0173534807094242,-0.0138817733428453,0.0184978815840537,0.199999999999999,0.100000000000001,0.0145,-1.59899999999999,0.0532076142760616,0.0125699979096701,0.0111,0.0160259840158443,0.0164286887495386,182.48,0.0220544067558741,434361.2,0.0040227431953461,-0.006430689641828,66.28,-0.100450075330748
2007-06-01,0.0060989829146809,0.0026206489799793,0.0104329396647289,0.0027841194315279,-0.0021373756248408,0.0095869846443443,0.0046871810247957,0.0138638910601632,0.02195277700487,-0.0403972107662192,0.3,0.0090594613146883,6.7,-0.0008345185161324,0.0047053608143556,0.015033300948307,0.0053021092744653,0.0049358814041369,0.0073201109606788,0.0063644098916686,0.0550884102491658,-0.0036763259264827,0.0025801106611211,0.0082550713684419,0.0020871320807671,0.0041859646270125,0.0032397142538904,0.0039495782651144,0.0172297156970487,0.0,0.0035188359228346,0.0034004947212693,-0.333299999999994,0.002908359,-0.031817078,1.1666,-0.1333,0.0,0.0290592238980221,0.0022721123734736,0.0042578284888907,4735,0.0166562477628647,-0.0006378694169786,-0.0027168087885973,-0.0036071268225708,-0.0047088585646797,-0.0008152076526757,0.0038195218766814,0.0004274099597054,-0.0030111639499095,0.0055490648988518,-0.0027042683221933,0.0025113110875532,0.00187679810728,0.0030536080228955,-0.012679967541116,0.0005423544761571,-0.0089734453201941,0.0540992706149499,-0.0050066598344731,-0.003475252421488,-0.0106582366405226,-0.0011936679042214,0.0015439716980054,-0.0003200928049906,0.0027281407077097,0.0036934350626607,-0.0009998276736995,0.0206148691791732,-0.0154111329171736,0.0260747381052653,0.10812275246536,0.0088607533612576,0.0069264055532358,-0.0117976632287489,-0.0092493691108126,0.0030516659890649,0.004101833034058,-0.002175998100907,-0.0036783188104081,0.0225960218464962,1.6467,0.06,0.2,0.11,-0.0064188853114215,-0.0050439840253009,0.0288643934025545,0.0052495282786884,0.0096153205558575,0.0006659820804753,0.0106362753374114,0.0081532483039463,0.0169577947489756,0.0120218833539578,0.0063916060302382,677.9320351,0.0140319684435468,-0.0046718874846831,0.0146306975156065,0.200000000000001,0.0999999999999979,-0.0052999999999999,-0.0578999999999894,0.0180052999493352,0.0124139525232634,0.0108,0.0276997066888236,0.0375976449655955,2.1400000000001,0.0217362992961618,428078.56,0.0138020613772234,0.0090867832066514,-19.8299999999999,0.03630602630244
2007-09-01,0.0057437311093071,0.0066487840095277,0.0120979919778836,0.0068535412592236,0.0031271653648783,-0.0115571123495952,-0.0056819471240139,0.0052644522323355,0.0155689938227264,-0.0658936780337127,0.3,0.0045203685769408,3.5,-0.0070472283724409,0.0019768828162076,0.030778920846469,0.0055848278150687,0.0016833991772724,0.0060833495941548,0.0054385477619947,-0.0263409586177863,0.0139157472432263,0.0004317702359877,0.0074944142797779,-0.0018672200390899,0.0016067524009422,0.0026090536551208,-6.0656781606383e-05,0.00827590930386,0.0009758600492393,-0.000455440980108,0.0023224475141461,-0.0334000000000003,0.0939055619999998,0.067880237,-0.333300000000001,0.1667,0.2666,0.0284607083872697,-0.0030549975015867,-0.002631676272979,4599,0.0507850330326676,-0.0028202213951216,0.0007445519429483,-0.0021057246090929,-0.0001987199823725,-0.002700973428344,-0.0086654023055414,-0.0021186183543786,0.0002913998912674,-0.0123708715223687,-0.0001050005764691,0.0006245635971549,-0.0058214963163694,-0.0056623173076229,0.0052841083241412,-0.0026184028309481,-0.0008594936043389,-0.0846757065199029,0.0040540605082108,-0.0018932387661614,0.0012179473580031,0.0074224795789339,-0.0072817364760409,0.0017018169127727,0.0021450520576555,-0.0016166386782696,0.0003001880746733,-0.0313213574942788,-0.0113356065781876,-0.0323921133501868,0.168752918383023,0.0016275551989335,0.0005005047651702,-0.0019288848491845,-0.0014483781748833,0.008720583110942,0.008486092711335,-0.0034676683104182,-0.0041692672138786,0.0158398433635796,1.9,0.12,0.22,0.43,-0.0022734431887743,-0.0070845663941785,0.0483477774544419,0.025925794376044,0.0108936535748914,0.013481610757422,0.0123052774901975,0.0076196541251345,0.0121007589500621,0.010417368949132,0.0067158202618209,681.3522858,0.0154857229214347,-0.0099241656651933,0.0165100718161852,0.299999999999999,0.200000000000003,-0.0446,1.2029,-0.0453302971053802,0.0163157936151466,0.011,0.0122952368570375,0.014152916840084,17.73,0.0235692959803764,436753.0,0.0092991853348571,0.0007432704135492,-1.99000000000001,0.0035081894268236
2007-12-01,0.0062627155121948,0.0039329976840463,0.0073373308590376,0.0049797389911123,-0.0008390867121823,-0.0115199210145667,-0.0095305125040363,0.0061995857605694,0.0153034749674719,-0.087072496478334,0.2,0.0079605231692667,6.9,-0.0024666938877722,0.0027045259168172,0.0226933340013202,-0.0094901835220415,0.0012165050401886,0.0051187015551645,0.0050518126128826,-0.0196767956525434,-0.0179460851986182,0.0010757362207147,0.0070150863290443,-0.0018707130730426,0.0029666249293196,0.0070968782515912,0.0016361161149269,0.0082079804178292,0.0038939085226115,0.0027295786103263,0.0059440717215899,0.0,0.103007537,0.039196915,0.433299999999999,0.1333,0.0999999999999996,-0.0051959662817857,-0.0013584544969207,-0.0025550789549084,4609,0.0955298526441775,0.0044714191481487,0.0019908906442678,0.0005225146885523,-0.0011191280960529,-0.0020217179313091,0.0100905729676182,0.0027059656925603,0.0015353748741251,0.0139463715241961,0.0025822543863212,0.0002418653441544,3.8877185335906e-05,0.008197042193986,0.002161504241914,-0.0005721802390779,0.0144450153330391,0.0672370636234243,0.0025062485874851,0.0033419880691347,0.0043635161630373,0.0017605566654772,0.0090176536325632,-0.0044936344938912,0.0016075743446464,0.0012843338365176,0.0018721704981663,0.0166464197363831,0.0212393672612388,0.0166218462644752,0.15805548593542,0.00194845917536,-0.0026689462003872,-0.0002637979534023,-0.0018081666757314,0.0076655028975443,0.0064116337249249,0.0038342569912464,0.0041152321451063,-0.0013851244647114,2.25,0.18,0.23,0.87,-0.0063412519614729,-0.0119713813801177,0.0538709784610436,0.0167182450627061,0.0054592024315933,0.0237339792223565,0.0107279063328818,-0.0148637874733755,0.0067503592698727,0.0055338629424461,-0.0192924263428704,667.5208213,-0.0124191869031218,-0.0204080097010717,-0.013847224952519,0.300000000000001,0.299999999999997,-0.0195,0.214799999999997,-0.0530647512949614,0.0226676372106001,0.0112,-0.0010188487891027,-0.0082742240036495,-26.3400000000001,0.0252333791064814,444530.75,-0.0030774033433616,-0.0207141250822946,-20.0,0.0075819569583233
2008-03-01,-0.0042767755900321,-0.0013721083944044,-0.0330259825427808,0.0065730454188521,-0.0078038439867143,-0.0277179973511954,-0.0154589480887113,-0.0051162695226603,0.0039625884041152,-0.0831876314202713,-0.1,0.002282801582309,6.2,-0.017102171181179,-0.0055692338678285,0.0158168248325046,0.003742638848033,0.0042345795306175,-0.0100232879923094,-0.0089746800135017,-0.0539698648301696,0.0142030288102344,-0.0003709118868027,0.0073167591085585,-0.0014328908565346,-0.0012703323903231,0.0007881798427877,0.0045307716647453,0.0202299549027041,0.0003642766069749,0.0024632215654705,0.0046014138422503,0.166699999999992,0.175736882999999,0.0082516499999999,0.700000000000003,0.2,0.100000000000001,0.0865647490232941,-0.0030999982933934,-0.003462364663707,4376,-0.0166024824473698,-0.0019996397275994,-0.0016077302178887,-0.0004461040796526,0.0019873335282323,-0.0009160498565519,-0.0019897988390695,0.001391586163443,-0.0020073189207137,-0.0041020721750681,-0.0029510465009785,-0.0080582151539001,0.0095976380004367,0.003379559420467,0.0060043115262846,0.0026896647043752,-0.0070994696740296,-0.026328097933594,-8.84794529802946e-05,-0.000957507458013,-0.0050539332543619,-0.0011329813793379,-0.001989979566404,0.0026841981741787,-0.0143008266782267,0.0018259669416913,-0.0004132059328822,0.0141594562724343,-0.0017429364962362,0.0125806007726519,0.106509503388356,0.0072182710106285,0.0034853992199988,-0.0013728722639552,-0.0018852330791476,-0.0065520768167335,-0.0058728931040343,0.0148412429027038,0.0160384235081947,-0.0176116704510836,3.0867,0.05,0.06,1.62,-0.0137359418213006,-0.0054753112474381,0.0357204636222566,0.0118561150705396,0.0049264340808807,0.0084577553917153,0.0087523761110244,-0.029608221820645,0.0029470745471034,-0.001287517616789,-0.0365006836597583,640.8755628,-0.0254797734633474,-0.0390726009037365,-0.0283337612414591,0.4,0.700000000000003,-0.0547000000000001,-0.369799999999998,-0.187977697845758,0.0182892099833136,0.0116,-0.0379167726237988,-0.0815124206825821,-103.08,0.0209156642934332,461670.78,-0.0288719328013904,-0.0619112968203535,-30.6600000000001,-0.0169171120687022
2008-06-01,0.0059366259313158,0.0027518541672577,-0.0072311432241258,0.0049347190129367,0.0015410394875505,-0.0169451559905145,-0.0081616461709428,-0.0119290378184491,0.0020259335183636,-0.0465013085683443,-0.1,0.0085757244844142,8.8,-0.0104674643743348,0.0007353713562121,0.0289439176511461,-0.0095065167834178,0.0203783733772696,0.0058730631946746,0.0051074960863113,-0.0844461945175174,-0.0065383398043037,-0.0045830387022842,0.0080809613244436,-0.0048651246164706,-0.0058569938474022,-0.003082352911921,0.000361576479543,0.0176448781120468,0.0041192086103158,0.003360906720518,0.0026591446794892,-0.0666999999999973,0.23821564,0.099907912,1.2,0.3667,0.1667,0.0908827586469805,-0.0061023272926243,-0.0058852136151248,4020,0.0783240873086992,0.0015828385704281,-0.0010902999730735,-0.0006799166718778,0.0001243347420007,0.002301616791807,0.0021406560241192,-0.0037306076083716,0.001326345469347,0.0048458275615406,0.001428464921493,-0.0022328837842149,-0.0089606701035842,-0.0039223965869164,0.0014638496836694,0.0068686077516382,-0.0032007284434163,0.018578306482655,-0.0019017702538679,0.0052775310024149,-0.0002291778879985,0.0088087341587428,-0.0006815605662797,-0.003154197848433,-0.0064100235118571,0.0046688725049133,-0.0022657468687175,0.0282873457934922,-0.0066787030013246,0.0364297502628261,0.239655493131181,0.0081522259176973,0.0028056552573239,-0.0111475344760263,-0.0107790615516414,0.0117584680973506,0.0112016942381299,-0.0091440792919321,-0.0100690284723992,0.0243401691868188,3.1033,0.21,0.45,2.26,-0.0081131133293066,-0.0026202908932342,0.0225872029832219,0.0080344093035167,0.0079965442518457,0.0010395678537289,0.00555220951491,-0.0182358666506097,-0.0073747718760923,-0.0277531292215158,-0.0205966529934614,615.1463879,-0.0151214441251764,-0.0254617536896085,-0.0167352596889145,0.5,0.399999999999999,-0.0794,-1.9949,0.0386068454251109,0.0090206797259306,0.0113,0.0147138755441349,-0.0118381167212593,-67.0899999999999,0.0158134581420963,454002.56,-0.0037657393114471,-0.0175591490292391,-32.5599999999999,0.0325626731647946
2008-09-01,-0.0052664238027837,-0.0077371264101646,-0.0343120190074568,-0.0008893707122066,-0.0146895234677062,-0.0201096259834852,-0.0256279595616586,-0.0319822056394017,-0.0188485675594032,-0.0520588773782249,-0.1,0.0079929075173801,5.3,-0.0256353422812525,0.004920561714206,-0.004469803212797,-0.0127004997266571,-0.019459643977882,-0.0086296931867231,-0.008937211130183,-0.0742730801205163,-0.0365948443298851,-0.0067774658783914,0.007584977299782,-0.0112579687610346,-0.0096638899202297,-0.0053984604454449,-0.0030775753891632,0.0203426625491252,0.0036205687631287,0.005854547574005,0.0023095513533792,0.0334000000000003,0.465627680000001,0.223363426,1.4334,0.8666,0.5333,0.110959904472187,-0.0106415021573492,-0.0110757188028314,3548,-0.218253437650321,0.0009161129081896,0.000899761698677,0.0041147354295301,0.0037157440502833,0.0035717183869037,0.0042489458045276,0.0033232667443057,-0.0007806279624,0.0043371532998559,-0.0008328453465278,0.0011870753012841,0.0117670599759361,0.0048506884119747,-0.0093549635277963,0.0025199795357639,0.0116377790965849,0.0069232898070348,0.0001428133288419,-0.0023896473920412,0.000235384638147,-0.0060176881334994,0.0019071079505739,0.0048919415773642,0.0034781642259549,-0.0068089600893328,0.0020804833921772,-0.0413701317542339,0.0024934516159635,-0.0461385129610479,-0.038403516564987,0.0072529724452046,0.0016728148942069,-0.004938546152311,-0.0055244921904318,0.0024460411262667,0.0017209564611118,0.0080494931327725,0.007897058792694,0.0094973308843275,3.3433,0.33,0.63,2.37,0.0235194524222777,0.0085547741086387,0.0120168068802391,0.0209932213647575,-0.0015917997373762,-0.0070170327607979,-0.0040749278195182,-0.0341609834520593,0.0026981976741833,0.0221578159670495,-0.0424101054514434,601.1892608,-0.0358151747741111,-0.0303137789608954,-0.0394907884077842,0.0999999999999996,0.199999999999999,-0.1088,2.0085,-0.0777022080640073,0.0051183732982442,0.0107,-0.016303279852242,-0.0800164221802611,-189.42,0.0110986117901106,433560.5,-0.0203820048525323,-0.043563372720719,-60.72,0.0571700501866479
2008-12-01,-0.0221334127394854,-0.0090401868859757,-0.076386021037032,0.0016343858174039,-0.0095767290862776,-0.101672823138125,-0.0684348878882526,-0.123919528640474,-0.060007390893368,-0.102238825457187,-0.4,0.0068869462954008,5.3,-0.0336203746408783,0.0030454400633486,-0.0606049783871478,-0.0368312995936497,0.0113371507536169,-0.0312456553606655,-0.0297966557110518,-0.0909586201119756,0.0463713243320871,-0.0140039812515873,0.0039256924605712,-0.0144521087442868,-0.0189067931837013,-0.0091044591927858,-0.0065486530813903,-0.0030036065704237,0.0028870463936092,-0.0014122418620505,-0.0002055850615434,-0.166699999999992,0.528744582,0.333147733,0.800000000000001,1.0667,0.6334,0.205985648239253,-0.0253853636599697,-0.0259221993940884,3251,-0.349912732730914,-0.0266974855737532,-0.0058789612913736,-0.006063540856144,0.0130773039973144,-0.0088914699913935,-0.0623280974535287,-0.0039417200714133,-0.0091037502689079,-0.0898274813152025,-0.0086057511873853,-0.0046946161287255,-0.0058917231163917,-0.0015325057556712,-0.0049190564313095,-0.0110486503523619,-0.0143412870336688,-0.502504635818395,0.0004131211119933,-0.0097214766345965,0.0002541214673135,-0.005574674185059,-0.013242861174362,-0.0034575217544636,-0.0340124999816593,-0.002703036407575,-0.0039707105134736,-0.141211025652718,-0.0253593117787227,-0.148639008336481,-0.749721938552729,0.0143337119975171,0.0086199730353082,0.036100663263027,0.0356391250670924,-0.005330079868389,-0.0044215753864396,0.017047215100459,0.0184177381744233,-0.0260964638080159,5.5867,0.43,0.7,2.96,0.513547282509687,0.0911047855602494,0.0361079591959763,0.0463438458580674,-0.0015526486105947,0.0493183386182938,-0.0028467401639265,-0.0435993375064854,-0.0166662319134421,-0.0280033474907837,-0.0498674773834509,565.4970931,-0.0516628180485306,-0.0251438394373444,-0.0569183732488412,-1.3,-2.3,-0.0758,0.810999999999979,-0.381894615986662,0.0289328357691878,0.0096,-0.0181920479872781,-0.106348156543575,-275.0,0.0192879049036367,386658.5,-0.0227113148051714,-0.0555854300639211,-98.83,0.133777394374379
2009-03-01,-0.0114136313599023,-0.0025426603584133,0.001901687464354,-0.003942474022514,-0.0003454144446619,-0.120635025853066,-0.0830416204582534,-0.118470614326986,-0.0783258049614712,-0.101669400323413,-1.0,0.0112878379327945,5.4,-0.115433213846869,0.0100987993663955,-0.0832093343034295,-0.0998784780559383,-0.0007601725941501,-0.0159209089271402,-0.0151938441100334,-0.241230981499681,0.0002213218116491,-0.0204002962634409,0.0055351450987899,-0.0183638695600203,-0.0277825181920992,-0.0092134068753786,-0.0131040942340714,-0.0403386992284078,0.0063461985943584,0.0005779790161852,-0.0002741791778095,-0.200000000000003,1.016066182,0.403720843,1.4666,1.6667,1.1333,0.165191252856735,-0.0270352667197615,-0.027275022762332,2712,-0.196631323736367,0.0093084099599556,0.000776261092608,-0.0014137313622022,-0.0261212173887184,0.0003097906059528,0.0279007115518688,0.0017758730436803,-2.61443837423769e-05,0.040076530724062,8.25633023335826e-05,0.0094944303662813,0.0036638464861953,-0.0071538868534961,0.0011944432195667,-0.0146820971649477,0.0149890013645102,0.199147203266461,0.0058121489921019,0.0012736139664228,0.0021940466316765,-0.0088018104013603,0.0050895043464054,-0.0033458921151492,-0.001661181270256,-0.0028353674337946,0.001743062681597,0.0697562929732278,-0.0210990432801319,0.0736750927606691,-0.407322216173426,0.0070057532112777,0.0068579951048022,-0.02031052505491,-0.0199682891856066,0.0113629235011476,0.0118487608947024,-0.0387487605671852,-0.0386047841731818,0.0567990050367326,5.4767,0.18,0.35,2.52,0.15292906167302,0.0361714300019713,-0.0282443844775155,0.0200060870190768,-0.0014657779335323,-0.0015209865718528,-0.0059872910683012,-0.0261035800152616,-0.0067333604873365,-0.0059731667577498,-0.0307424265319458,548.7938637,-0.0249563671200264,-0.0286996034473539,-0.027395974559834,-1.1,-2.5,-0.0943,3.38060000000002,-0.0957865348369573,-0.0043491836185016,0.0083,-0.0346093316974052,-0.0555396196332012,-183.94,0.0003921435468878,334672.95,-0.0325999336158134,-0.060293106768361,-87.9,0.144780233612876
2009-06-01,-0.001788107217628,-0.0049280003930718,-0.0071661650761267,-0.0042681877360344,-0.0059973435452462,-0.0598791391102083,-0.0370330418560503,-0.0405487112760721,-0.0308947976236027,-0.0632167058913069,-1.4,0.014452659851985,9.8,0.0019544152578552,0.0085967728370297,0.0065586466272318,-0.041458059420318,0.0066730856378765,-0.0021251842234191,-0.0021732546711925,0.0086571555503316,-0.0106097856946326,-0.0174496299659221,0.0034631347815903,-0.0233209373692471,-0.0219214030136214,-0.0077177382315589,-0.0069893651068628,-0.0670771142419238,0.0256877326860803,-0.0019922181262437,-0.0007315144922515,0.0,0.321419158,0.666940201,1.7,1.2666,0.600000000000001,0.0399057361916686,-0.0241181134528237,-0.0247738248620122,2449,-0.417734978970464,0.010753691109409,0.0039184650533563,-0.0016160910242266,-0.0075888340305674,-0.0044824532902163,0.0288256848649162,0.0027679912138589,0.002247290335922,0.0411096043722052,0.0018847094436713,0.0082665521326399,-0.0020406316770333,0.0009767031975274,0.0025386322475693,-0.0058793487049682,0.0001900999462032,0.305105659946682,0.0132644369887682,-0.0029315189382828,-0.0021302765398454,-0.0071017311118328,-0.0024454534661755,-0.0038009661726849,0.0355241379257354,-0.000124910771813,0.0008965773079046,0.059482658277803,0.0273580579017434,0.06099602814579,0.420673857547379,0.0030438625351547,0.0008788334843803,0.0207351293249376,0.0199579490467388,0.0226424767497599,0.0219342352717682,0.0032545402401931,0.0033333183235342,-0.017760249656753,4.67,0.15,0.35,3.14,0.0521991384372757,0.0277703356690902,-0.0466102946570528,-0.0325745701179887,-0.0061243740386363,0.0070648466877418,-0.0154706553390227,0.0008253152846791,-0.0053221146975417,-0.0119952318431649,0.0023095446283214,546.4043842,0.0174087024385425,-0.0378218968272677,0.019613690857005,0.0999999999999996,-0.300000000000001,-0.042,-0.804599999999994,0.160269641894503,-0.0087555281023785,0.0084,-0.091850547984667,-0.0480765248401731,-21.3599999999999,0.0018230391041154,342735.69,-0.040018362905812,-0.0778612492644868,-20.99,-0.0219827294031854
2009-09-01,0.0035057715471396,0.0067022723421725,0.0475119135801991,0.0016329890548689,0.0031776605999986,-0.0029614013971928,0.0036581958282697,0.0249081564761955,-0.0058372959712738,0.0455634036413644,-1.4,0.0026768669730561,3.7,0.0001206626236154,-0.0015174580885339,0.0362939504304549,0.0404312797143964,-0.0121708218306509,0.0032239535861062,0.0041402699823702,0.230370282367011,-0.0156380259038356,-0.0078549013888782,0.0048249375769913,-0.0143303146650569,-0.0068568500123937,-0.0015303002413311,-0.0019259985510888,-0.037041369179672,-0.0139403417240516,-0.0070366127466439,-0.0030460922528696,-0.366700000000009,-0.414976879,0.737196252,1.6334,0.2334,0.3667,-0.0103323635521448,-0.0127588077534817,-0.0124517573284075,2352,-0.260010571929778,0.0028939870291715,-0.000365003120426,0.0019668348515162,0.0023355697457869,0.0060413261714638,0.0012037171404699,-0.0050780033574806,0.0036405714296687,0.0041790262419922,0.0036371411954272,0.0051112738004981,-0.0164434883036195,-0.0074964064024376,-0.0057838750403673,0.0034126350168204,-0.0051589902489324,0.0698410977640167,-0.0177560461935622,0.0003094793259199,0.000244641745966,0.0167818182918573,0.0103886821940264,-0.0014505370988189,0.0169433938345556,0.0021136867437565,-0.0021090914565409,0.0041167168948153,-0.0089740333589682,0.0122693869709103,0.111310705020855,-0.0036825262659134,0.0065019173817959,-0.0006732367924424,7.23787268901432e-05,0.0156702168942031,0.0169050633473287,-0.0082436573427768,-0.0077696071887078,0.0136130230930123,3.1433,0.09,0.29,3.36,-0.0138108327304725,0.0115954657291892,-0.0742914925279434,-0.0183010926663743,-0.0071145735056727,-0.0175340317966803,-0.0122633559300187,0.0204713834368579,-0.0036973270715154,0.0084734702721229,0.0261985340949309,567.7770017,0.0367432313732845,-0.0196253425266697,0.0410824293740166,0.4,0.9,-0.0118,0.11839999999998,0.0851502393250136,-0.0158281240483076,0.0083,-0.0141933885316692,0.0460844848452151,41.26,-0.0042785034702905,342543.04,-0.0130831277103951,-0.0216336855723096,-6.48000000000002,-0.0037162228110938
2009-12-01,0.0107511353792447,-0.0011022886075373,-0.0238074260079504,0.0009266483453611,0.0031757229835909,0.0892036094526292,0.0050480286463185,0.0451635300531752,0.006671367401787,-0.0020230832224958,-0.4,0.0018664390133693,6.1,0.0277452803125966,-0.0067754634820893,0.053616808080915,0.0475234263310531,0.0014667482420076,0.0134157833503554,0.0129533058212212,0.0573044084147849,0.0194601946019253,-0.0045894847540246,0.0050378775024153,-0.0063951711171004,0.0037861307978595,-0.0064786444886948,-0.0063634876909706,-0.0129935861077444,0.0045901333509403,0.0015535994939597,-0.0007572368103545,-0.4666,-0.187586269,0.496314824,1.8666,0.300000000000001,0.2,0.0157162581018078,-0.0001399612776085,-4.66662777887095e-05,2492,-0.049226045368342,0.0008218560543724,0.0026683185769638,0.0030222489677633,0.0099387878355816,0.0020506052709565,-0.0041967264033013,0.0111025575378401,0.0031941729764071,-0.0113622760915373,0.0037283593791208,0.0193118608523237,0.0033309314590317,0.0071327065939916,0.0120167982730006,0.0057931469492906,-0.0038522557295888,-0.0933366061770906,-0.0035679007094575,0.0010007067423973,0.0032457623552355,0.0018084555261532,-0.0090919163164695,0.0064057242781414,0.0176208789235925,0.0037141419163111,0.0021259211501094,0.0026175560760339,0.0294779951442941,-0.0047279573672867,0.12122704089852,0.0068151312019089,-0.0029423548110654,-0.0032066776127557,-0.0037499008058778,0.0134661544079302,0.0130910180057953,-0.0090722724104557,-0.0088989938174721,0.0149539744755067,2.8667,0.1,0.29,3.4,0.135947991922314,0.0053397337567462,-0.0649926235477398,-0.0177540013318733,-0.0063523170161321,-0.014535085324054,-0.0165339776108162,-0.0047625574171199,-0.0068491563321515,-0.0083158479196558,-0.0042760500365624,564.5257232,0.0018101203150067,-0.0216187547528968,0.0019065888495273,0.6,0.9,0.005,-1.19829999999999,-0.0159033574563914,-0.0070445376176837,0.0078,-0.0341373223790487,-0.0071005012835652,-57.9100000000001,-0.0064036540628684,319407.81,-0.0217545347635131,-0.0367290696846023,-34.22,0.063524929405923
2010-03-01,0.004833310220679,0.0057786844605853,0.0121913642817839,0.0049727927970622,0.0052864097133529,0.0212978473754388,-0.0002759422749551,0.0683499776803087,0.0071034932322522,-0.0328330980555869,0.0,-0.0043325662016648,4.5,0.0273993389100378,-0.0148637320774236,0.0222667012711213,0.024836547679441,0.0059855147073619,0.0053163204200368,0.0045531035365922,0.0006877376360243,0.0188177456462952,-0.0015583383565758,0.0044923478624578,-0.0080214332870847,0.0030707192145342,-0.0031649260275497,-0.0005008200946701,0.0164633293657461,0.0161904298543378,-0.0018127610875424,-0.0037948091215103,0.0,-0.357429216,0.282953742,-0.9666,-0.0334000000000003,0.0332999999999997,-0.0182599246062995,0.0042716454894931,0.0043306741801032,2727,0.11676309720333,-0.0038329809591086,-0.0027954048472809,-0.001180934430196,-0.0011657958347077,0.0022777241653964,-0.0065961681785351,-0.0088333099438635,-0.0025316769682186,-0.0055672625155516,-0.0030966712975342,-0.019431898234572,0.001701572781835,0.0007213713732694,-0.0187450489438721,0.0040221869209542,0.0015114808708212,-0.0480739427406176,-0.0007695741015378,-0.0005956563433073,-0.0035643445134194,-0.0072425169913312,-0.0023741007483533,-0.0043912582681322,-0.0061782981962119,-0.0032794729574501,-0.004952221144677,0.0114928147852247,0.006937530157594,0.0113383633839073,0.0526186549393408,0.0035429287379948,-0.0005202709876308,-0.0114049207435256,-0.0115972677531451,0.0009922911534685,0.0002877897236288,-0.0102012880213209,-0.0107153182419415,0.0252913027775659,2.57,0.08,0.26,3.61,0.0317550874972321,0.0049269426830802,-0.0539926980523759,-0.0038475026048923,-0.0010382891322091,-0.0158476538879455,-0.0112582004021924,0.0116195924000966,-0.0108089516638916,-0.0167944715837685,0.0167704639239279,570.6470573,0.0183013956010516,-0.0059300663025574,0.0205671548372504,0.300000000000001,0.5,0.0166,-1.43029999999999,0.0529430003250244,-0.0019298815896502,0.0076,0.0102368136422868,0.0178267582940546,-2.24000000000001,-0.0080206216123155,310373.65,0.0009223772417357,0.0096254486353153,-3.56,0.020671190123295
2010-06-01,0.0096293498226085,0.0089276746076354,0.0310341282775148,0.0067421289985745,0.0054604520551757,0.0511601643649593,0.0359038718035229,0.063167451349055,0.0324005184609657,0.0506334108025177,0.2,0.0030352997935914,5.3,0.0181602508089531,-0.0038986477245757,0.0217640976120101,0.0446055091339259,0.0164840839064109,0.0108795159043975,0.0113112378641178,0.0307848470863288,-0.0178454100825798,0.0033495985430747,0.0039707523710674,-0.0088246680188159,0.0078445864716965,0.0057306721465249,0.0003756338889449,0.0311763673488263,0.102896487631906,-0.0014266197821104,-0.0022145337770087,0.0333000000000112,-0.400504368,0.220320134,-0.0334000000000003,-0.3666,0.0333000000000006,-0.0037148957197015,0.0082701020186206,0.0076260719414449,2981,0.228841488940937,-0.0023041119835403,-0.0007248154552641,0.0021543124996492,0.0046583842134087,-0.0005100836657208,-0.0073364243796376,-0.0035086037086591,7.98889348949672e-05,-0.0090856561327257,0.0003568724664306,-0.0126385973281096,-0.0027031375059092,-0.0030463106306015,0.0123583773183036,-0.0010032124995946,-0.0059085467628952,-0.0488005313681574,-0.0021763481249168,0.0009758467042155,-0.0005625208365787,0.000581620886459,0.0078537729004342,0.0025509796713354,-0.0063111829296671,0.00111564102603,0.0011046964916614,-0.0169587165023453,-0.026154966638769,-0.0161835645658668,-0.0041878360445313,-0.0012468495560167,0.002533450969119,0.0122361155299178,0.0113481578009518,0.0032580254964287,0.0030327399288196,0.0079948531647477,0.0086741972340851,-0.0003739674691889,2.6867,0.07,0.23,3.34,-0.025963426306217,0.010965767356435,-0.0242286155892675,0.311703273244014,0.0006275432418618,-0.0105142302365167,-0.0075921323263514,-0.0106348251009116,-0.0074731824448495,-0.023957321388818,-0.0113523470808037,554.9813146,-0.0144553095063547,-0.000548566749611,-0.0153330959900924,0.199999999999999,0.4,0.0198,-1.93730000000002,-0.0158494681371781,0.0115238151069343,0.0075,0.0411529391155137,-0.0019300866668938,-14.05,-0.0063935209263057,303490.06,0.0229025206370004,0.0505487990947469,11.27,0.0160345025519559
2010-09-01,0.0076812727050032,0.0071091757962928,0.0155747970627065,0.0069132282777619,0.0037257588767314,0.0434404559836787,0.0054998337267298,0.0524789559229548,0.0268598688503783,-0.0928119684208069,0.7,-0.0071012766539428,-1.8,0.0219223492320069,-0.0089027050571823,0.0281677549172228,0.0343571292402416,0.0054142423277721,0.0111018146190478,0.0109910610641544,0.0560077891299784,0.0276559298796677,0.0029989013109119,0.0031386209147825,-0.0027120578753407,0.0064805958252414,0.0061565431842538,0.0003754928411066,0.0293027102224972,-0.0789227367339072,-0.0014286774298391,-0.0073941323062918,-0.2667,0.055475725,-0.239760472,-0.199999999999999,-0.2667,-0.0666000000000002,-0.0020321385759967,0.0034382274695703,0.0047727846878995,3000,0.281167066755316,0.0003623448927987,-0.0011530015739751,-0.001012423854168,0.0005768665972665,-0.002152698307972,0.0056358820369597,0.0014909625342385,-0.0020994157699005,0.0075395693835789,-0.0026046948473732,0.0051482476505668,-0.0002968588141447,0.0008885526655104,-0.0030051240855524,-0.0020008363243295,0.0020164429046101,0.0497100119860816,0.0020042688264982,0.0005690656724386,-0.0010569574192116,-0.0057239876967081,-0.0025267821950389,-0.0006618247060492,-0.0154345017913808,-0.0018809855151582,0.0011637475267152,-0.0096609791946944,-0.0106419182138984,-0.0114911179624002,-0.0294128552883048,0.0036433545408103,0.0045540866775311,0.0029037530644062,0.0041230763889483,0.0063259494548368,0.0075576708781355,-0.0005081693859976,-0.0005081693859976,0.0043907864174901,2.99,0.04,0.11,2.63,-0.0162570998939096,0.0160184149629874,-0.0102571771226296,-0.0182258477611734,0.0075515070747158,-0.0141159226325058,-0.0027608633178495,0.0242224873352299,-0.0064539995309314,-0.0118682346628498,0.0310686726632721,569.4032277,0.0364102397713957,-0.0084548281313665,0.0400875872520281,0.300000000000001,0.300000000000001,0.0056,-0.125999999999976,-0.10057056280306,0.0025429130041123,0.0074,-0.0018343019511868,0.0363995758124691,12.76,-0.0040724107502452,296252.5,0.0099646832711073,0.0225562135382518,0.819999999999993,0.0200643288685205
2010-12-01,0.0052373636444507,0.0061104634656405,0.0275580966123021,0.0024254794536684,0.0074399501886404,-0.0028386678463077,0.0188843131580816,0.0200501543708667,0.0194194398556666,0.016413970617652,0.4,-0.0063749138325217,-0.6,0.0069519605499461,-0.0097374545494721,0.0270074530439715,0.0036696341195554,0.0037785985174938,0.007978749680138,0.007200740329015,-0.0250141955225409,-0.011746376170116,0.0043524734998801,0.0053031984931895,-0.0043297896553031,0.0110407168418831,0.0036605867210486,0.0037471940158653,0.025294472827226,-0.030116216789831,0.0014935617617624,-0.0034024758956317,-0.200000000000003,0.0367641239999994,0.0146580359999993,0.0334000000000003,-0.0332999999999988,0.1666,0.0037224385307386,0.0051067253968106,0.0048757135458306,3168,-0.401795379219203,0.004475450908691,0.0016188851043264,0.0021050852895694,0.0027071900204136,0.0042563395639394,0.0113774108389295,0.0043076546341636,0.0011468404669372,0.0146344436846411,0.001078252745347,0.0032895680199436,0.0027796748468471,0.0030994525767784,0.0100176270260723,0.0028387078157745,0.0012438868673259,0.088550485880182,-3.96959153254883e-05,-1.45032256417821e-05,-0.0001602607890536,0.0052909419643194,-0.0033747062510389,0.0008955376014574,0.0103776984207373,-0.0014148013193846,0.0001949915362775,0.0159014604052015,0.0280018509339524,0.0132705020443558,0.114071969703651,0.0054175838188603,0.0018323079451683,-0.0048373461986051,-0.0056606272076598,0.0031111768987646,0.0020962711970646,0.0003424903500919,0.0001546875866296,0.0115215422550694,3.05,0.05,0.12,2.73,-0.0076626952204526,0.030561160355477,-0.0028255888501869,-0.0208648267985225,0.0365666850169024,-0.0117623571382239,0.0157634053302989,0.0176221920348549,-0.0041382191619998,-0.0079167720179418,0.022325526035754,580.0625026,0.0291932130756205,-0.0148108692869364,0.0317114959473326,0.5,0.199999999999999,0.0105,3.69749999999999,0.0506842158744742,-0.009569451016151,0.0076,0.0085314350494689,-0.0888952162294654,-39.8099999999999,-0.0097680527536514,304441.78,-0.0007304123447653,0.0071287943733597,15.04,-0.0370358102799289
2011-03-01,-0.0023748667360497,0.0038127340038833,0.0086336593399289,0.0032225818542954,0.0033547201231254,-0.0188036622403267,-0.0015953563366917,0.0243819542456452,-0.0011349775186104,-0.0033789274079643,0.2,-0.012346951496319,-5.5,0.0155612821301832,-0.0110087029142285,0.0085402973440942,0.0048701692647199,0.0100060710638026,-0.0056787849814838,-0.0048913402904595,0.0364557109491264,0.0117199465836153,0.0035590504840996,0.0030626897740457,-0.0054699415010341,0.0095084181952316,0.0044054049920117,-0.002871585726524,0.012187016103244,0.0029021089496161,-0.0046177507330362,-0.0032501320441049,-0.266599999999997,-0.321692312,-0.162240221999999,-1.0334,-0.666700000000001,-0.2666,-0.0408298210661471,0.0020536465135023,0.0016541657366815,3197,0.515211376890841,0.0019759527840852,0.0012247730059158,-0.0008590178702396,-0.0006898458258568,-0.0001083394509029,0.0043532132549737,0.0032605545595574,0.0008224294834695,0.004771238399571,0.0007315104407972,0.0038221405482996,0.00894777668565,-0.0026612747231959,0.0039726979281349,0.0113919067647172,0.0073628307901305,-0.0112445904218159,0.0018224438981278,0.0025037558250522,-0.0003971786615242,0.0113161371331225,0.0046110793555698,0.0005064646829291,-0.0059387628090661,-0.0005478075164031,0.0021006564959789,0.0230920951235261,0.0211259713275389,0.0241279309712557,0.0929510074169606,-0.00181937102362,0.0030580892072342,0.0081972343996152,0.0074165720470498,-0.0073452419929376,-0.0069482122387567,0.0250673043865133,0.0262457072977389,-0.0228782284847675,2.63,0.04,0.15,3.33,0.100845915478391,0.0196957804054136,0.0063555807082087,-0.038763687677525,0.0568089800988787,-0.0183235122629064,0.0319360570697551,0.0092445562230398,-0.0063501568939141,-0.0163562557935411,0.0125396733723591,581.5339929,0.0185322453307641,-0.0178566999367611,0.0198563973222985,0.4,0.699999999999999,0.0145,4.6901,0.044011538625071,0.0012812301560485,0.0083,0.0198264229391985,0.0370282233097363,100.91,-0.008476204212318,330145.82,-0.002636569742414,0.0023953483690437,33.51,-0.0895307414322994
2011-06-01,0.0067430374686665,0.001028424328247,-0.0071472951672069,0.0033267000190573,-0.0020977282256602,0.0400758445473786,0.0232308976333115,0.0136790752201561,0.0257246729672698,0.0112634480901344,0.4,-0.00685931603428,-1.5,-0.0040157383788059,-0.0089754661879855,0.0167926076316238,0.0037310805753181,-0.0019837608800816,0.0106199094236663,0.0091008628918709,-0.0223766061310346,-0.0042020271258049,0.0068522160766981,0.0044860101949435,0.0019925162382419,0.0098980241943813,0.008803090124223,0.002684559135865,0.0451731712028662,-0.0030183561166143,-0.0056875909584963,-0.0017580670442605,-0.0667000000000115,9.52600000001524e-05,0.0340928149999997,-0.366599999999998,0.0,0.1333,0.0029667898561562,0.0091331052416316,0.0098905145793999,3298,-0.0585748499535184,0.0014197774820461,0.0014492579641673,0.0023105525527764,0.0019719433089067,0.0001740491725872,0.001229200441629,0.0023947508951272,0.0014727563369509,0.0005696136698496,0.0018643717048112,0.0037288907413337,0.0054229550552209,0.0013399454395166,-0.0026450924440819,-0.0001371252302613,0.003173754684191,-0.0068870824375864,0.001755328053048,0.0007824290955245,0.002373541859618,-0.0089276142911645,0.0019031814532741,0.0032301994938119,0.0054807866593913,0.0027722297111934,-5.06595594371717e-05,-0.0021183638382806,-0.0350677412152685,0.0015322767540535,0.117290004305806,-0.0024309907601485,-0.0053012138624017,-0.0200253743086209,-0.0192135274824388,0.0007316569173712,-3.17895952681724e-05,-0.007884318251901,-0.0094722867384433,0.0266067331364788,2.64,0.06,0.16,3.16,0.136351883297805,0.0218344159452926,0.0146467069064,-0.0016789434584687,0.0060679668884091,-0.0229358186365616,0.0021252981680213,-0.0013040581167516,-0.0093397269914241,-0.00735595488739,0.0003696551208385,582.9041571,0.0024148127960224,-0.0124379123772478,0.0022643559396371,0.299999999999999,0.300000000000001,0.006,0.485799999999983,-0.0679777604935374,0.0006400000218453,0.0078,-0.0065652279978145,-0.0090932732818895,-65.84,-0.0079413201474132,304890.57,-0.0031037357572252,0.0010396080369101,-26.01,0.0716401795706245
2011-09-01,-0.0002231522557849,0.0030386622912441,0.0088235535705871,0.0043450694101334,-0.0034062683766427,0.0044091735205258,0.0413039193322229,0.0583780351583814,0.0459710683976269,0.0178103204011295,-0.1,-0.0143688074171191,-8.4,-0.0089421211553553,-0.0090216384693677,0.0136711479348177,0.0110325390052379,0.0053127003256729,0.000741458314982,0.0006580088889158,0.0449879954382082,0.0155711498556066,0.0050305949206137,0.0056939088120788,-0.0068660029224414,0.0061321172025934,0.0064150011023844,0.0048513592155146,0.0353870130752414,-0.0050119458897439,-0.0028888339964225,-0.0080325524549618,0.0,-0.104993305,0.0358420289999999,0.333299999999998,-0.166700000000001,0.0,0.0223559088468708,0.003236084571796,0.0026825683065343,3575,0.267171483637286,-0.0051695558079565,-0.0012749870004009,-0.0019656277947293,-0.0031187594923878,-0.0005693810648743,-0.0132807680391762,-0.004117457243411,-0.0012103068893809,-0.0174110554742262,-0.0012255858895224,-0.0051395453477294,-0.0027416497678229,0.000101562730439,-0.0110374634302222,-0.0027116517303733,0.0113589040094828,-0.0961002295088766,-0.0047058033971234,0.0008994092626641,-0.0017119933536564,-0.0041595013372566,-0.0035383754114128,0.0025257083450451,-0.0079511202937618,0.0004404767754842,0.0021514260958248,-0.038389818588219,0.0094208550088072,-0.0411085227552839,-0.10065349447768,0.0029089494906791,-0.0043783068703895,0.001346872408587,0.0007992176505666,-0.0019416554728977,-0.0025783191555905,0.0098322834601205,0.0097628201921855,0.0002049346103971,3.0367,0.04,0.11,2.4,0.0276964397991373,0.0648867753414057,0.0223860591811986,-0.0020064019275034,0.0100594348650418,-0.0097868754364469,0.0065221086115681,-0.0284151481564514,-0.0053430452936904,-0.0106557271250134,-0.0332650654971403,560.8453063,-0.0347725684154181,-0.0094817375401206,-0.0380677027542475,0.200000000000001,0.0999999999999979,0.0214,0.539200000000022,-0.0385095353323006,0.0164978361152395,0.0077,-0.0084185704655959,-0.0873191774649484,-82.42,-0.0073498034526426,295511.05,0.0007789130068225,0.007813448473847,-5.67000000000002,0.0238969108504756
2011-12-01,0.0111678968114646,0.001723655987309,0.0236971706499807,-0.0009587958721368,-0.0002434529081023,0.0742725019463917,0.0254253863506015,0.0228071032056061,0.0253724570521641,0.0255300438068753,0.7,-0.0006784922067293,1.5,0.0072795117311157,-0.00375176137916,0.0075506976071597,0.013043226455685,0.0022487100826893,0.0141728487241366,0.0148273973327218,0.0335396879576617,-0.0341427567427672,0.0054178913452123,0.005466413209481,0.0061192698355121,0.0092131606378664,0.0079798178299963,0.0036540529421635,0.0245310757527877,-0.0035116505300312,-0.0036888323112602,-0.000946474443678,-0.033299999999997,-0.0346082089999999,-0.316218388,-0.800000000000001,-0.4666,-0.2,-0.0372786322321392,0.009166357322937,0.0093550243921196,3651,-0.0361704858256324,-0.0013148295498588,-0.0009973659601429,-0.0039994561790992,-0.0002444463175255,-0.0040314665610425,-0.0011906507299839,-0.0024405155965938,-0.0013840507878324,-0.0005824565264713,-0.001375647695033,-0.0062151549627227,-0.0065903222574368,0.0009318347115412,0.0046982585618122,-0.0056283744925931,-0.0084452047578684,0.0056560608506792,0.0041297075289632,-0.0013932952876407,-0.0008113218942931,0.0058676068041627,0.0027584897133889,-0.0060232463816829,-0.0043485910729588,-0.0008326520306773,-0.0014948153182077,-0.0158131452090835,-0.0059375393033596,-0.0139634494929437,0.0606350222934777,-0.0031322069819235,-0.0002144813909961,-0.0194092200065956,-0.0186419552032087,0.0048206650506479,0.0056572142444935,-0.0197841344343166,-0.0197206475696561,0.0321661900445198,3.2067,0.04,0.1,2.03,-0.0193156763062241,0.0340551709026906,0.0222956846619136,0.0001020903335842,0.0096095838670606,-0.0015901546931171,0.0067249375253659,0.0136824164574421,-0.0039908063573896,-0.0062395336665224,0.0174096773974668,569.4129746,0.0204768018226567,-0.0065698239001221,0.0222667478250731,-0.200000000000001,0.0,0.0158,1.1652,-0.0747195333415274,0.0106417279699911,0.0075,0.0326729389469884,0.0366372190941302,-0.149999999999977,-0.0028874674173504,283995.34,0.0094780033269401,0.01971221207544,-5.94999999999999,0.0368609225854772
2012-03-01,0.0083509418187901,0.0071868240948109,0.0242028481039451,0.0045330261099909,0.0072703857798242,0.021912221945092,0.0309195245823997,0.0306816029952266,0.0253834538611182,0.0586217454026166,0.5,-0.0042661260092451,0.0,0.023319550667142,-0.0072370859123873,0.0121389947288852,0.0049150392891128,0.0152284785236922,0.0124393990551699,0.0122039859537351,0.0210222234525812,-0.0491269052651297,0.007368752723865,0.0074254524060588,-0.0016198246742824,0.0113330524642574,0.0106556397492135,0.0045642526514768,0.0239436827081754,-0.004583659613786,-0.0005941182470028,-0.0009236781971804,-0.299999999999997,-0.125756564,-0.265481875,0.166700000000002,-0.5667,-0.2667,-0.038598948032309,0.0081652150836584,0.0073993760406265,3835,0.151780232440757,0.0032998226149088,0.0027332881616457,0.0046908686406199,0.0023020641679281,0.0021934870136579,0.0039645250210291,0.0026625919060174,0.0029798062980432,0.0045930664822853,0.0028429464590047,-0.00102055617229,0.009554271114669,0.0041465182690165,-0.0022941634662503,-0.0014804795740799,-0.0026263794440284,0.0329022292248098,-0.0004833482063499,-0.0012011560662257,0.0010210629246252,-0.002450220205258,0.0053123146663161,0.0016743318743683,0.0205894677606384,0.0008765185427641,-7.6365156568059e-05,0.0221080326997107,-0.0041077820358328,0.0225154719652068,0.0408792257235557,-0.0044729718214542,-0.0043606533269366,0.0178833295640963,0.0174534134459314,0.0050394405136984,0.0040378962946139,0.0191926125388253,0.0186226335726927,-0.0138390136506272,3.1633,0.04,0.09,1.97,0.0104762990130638,0.0188926956566533,0.0292347228910943,-0.0027980247167098,0.0115574949093293,0.0029217854579002,0.0067878556216243,0.0172786822269302,-0.0106114146363669,-0.0258398866342819,0.0230007535849577,573.8558583,0.0279651052477252,-0.0157213028105367,0.0302895409529924,0.0,0.0,0.0262,-0.202600000000018,0.0800042115186628,0.0012445552322044,0.0077,0.004664731490656,0.0292954331909989,40.6099999999999,0.0056318518788334,293434.94,0.0007484433226743,-0.0033865884072952,8.24000000000001,-0.0270662837615321
2012-06-01,0.0044534162663225,0.0017547468479719,0.0018988947982672,0.0027141414996254,-0.0011590668515628,0.0222001027653542,0.0201046497981583,0.0278457416044811,0.0223487096134143,0.0084749702801829,0.6,-0.005289451311393,-3.1,0.0017482709337777,-0.0033869007213578,0.0097976119390548,0.0037109381485498,0.0066978623507072,0.0064860325657463,0.0061044440843334,-0.0248590401474198,0.036467859251089,0.003975175775432,0.0046090489637666,0.00249098396029,0.0072685663101665,0.0041187901763652,0.0004306703224941,0.0082466600579165,-0.0018865941216494,0.0014516597780254,-0.0016600316845707,-0.0334000000000003,-0.0744259170000001,-0.0078949719999998,0.166599999999999,-0.0333000000000006,-0.133299999999999,-0.0095860538841492,0.0014925128390403,0.0014600641924813,3846,0.0110149020028425,-0.0041906859648266,-0.0021641729773902,-0.0017342476274988,0.0012121691709028,0.0004488192266407,-0.0094225411672415,-0.0045157729080562,-0.0016213676684282,-0.0116415013052924,-0.0014440511769802,0.0007039872712946,-0.0062949379773655,-0.0053965297217963,-0.0118659557371386,-0.0036796162752983,0.002843235386722,-0.0570526846938577,-0.0031317472107161,0.0009946646914462,0.0002013173994237,-0.0024333058890588,-0.0071824833089486,0.0016859460032154,-0.0115643846513533,-0.0002199691932096,-0.0003413651927983,-0.0087645638616074,-0.0025404636631298,-0.0097187745032032,-0.0982007407691299,-0.0004895493712875,-0.0011513926467601,0.0028604499470246,0.0029634633232769,0.0050246354291037,0.0046188003970204,0.0005377616339883,2.15412784756452e-05,0.0104810064676517,3.27,0.06,0.1,1.74,-0.016645880743714,0.017630130771737,0.0273435133729505,0.0049543237592981,0.01626049157022,-0.0026866991216039,0.0090738093984459,-0.0031553838982887,-0.0063040126520661,-0.0130018928899744,-0.0025214107711377,568.5896725,-0.0058821276346083,0.0054027219214631,-0.0063343150136674,0.0999999999999996,-0.199999999999999,0.0035,1.54140000000001,-0.0293511131323942,0.0111318403688445,0.0081,-0.0005819028386486,-0.0179216465607137,14.7800000000001,0.0062520251818121,306612.12,0.0130477564100246,0.0186795181896162,20.42,-0.0376755014772279
2012-09-01,0.001439243764862,0.0020258434808191,0.012899886929719,0.0008671555805985,0.0004846646673541,0.0026289481540642,0.0015241344976857,-0.0029165127888095,-0.0032994333944564,0.0253338271990504,0.5,-0.0015265949352976,0.8,-0.00217862628676,-0.0040402899862117,0.0061066377340903,0.0053541977901137,-0.0079536798540367,0.0027949109270828,0.0018841431280325,-0.0286392220883362,0.0196469686974066,0.0037430085181142,0.0037713168038777,-0.0018676466629346,0.0064066704309588,0.0071492107185218,0.003009546855921,-0.0027412980303838,-0.0018901246140465,0.0018445459775264,-0.0007122845657345,-0.133299999999998,0.0010626739999999,-0.170211229,-0.366599999999998,-0.1334,-0.1333,0.0262649969907987,0.0049590157166692,0.0056431941137518,3809,0.0428854416130395,0.000491186385128,-0.0012417101644484,0.0020392186293616,-0.0001051163618566,0.0009382754368401,0.0030965317632833,0.0001269515704844,-0.0007945801067466,0.0044364264072127,-0.0007528059356074,-0.001413230743223,0.0011593610379705,0.0009339268318955,0.0007698258691561,-0.0005996371342273,-0.014972241258711,0.0371657374021295,0.0012068819194865,0.0006145522273097,0.0001244499369148,-0.0079021852315053,0.0029440679120131,-0.0030216394100639,0.0001504185331047,-0.003612284919086,-0.000390342426173,0.0047843261707356,0.0068776434867192,-0.0003368637950442,-0.0166307281990123,0.004484583697188,-0.0028850255730441,-0.0045890952885265,-0.0038373637647781,-0.0028501391970152,-0.0030838322668822,0.0037991030884185,0.0028286432240074,0.0076723114988981,3.23,0.04,0.08,1.54,-0.0021273224885574,0.0369312565293596,0.027774179906503,-0.0003599773288698,0.0153862893236667,-0.0057158551788987,0.0103749040578851,0.0202988810835141,-0.0019413902087759,0.006012307287901,0.0247097561763692,587.468379,0.0231752638545153,0.011268499956504,0.025126178048902,0.0,-0.300000000000001,0.0032999999999999,3.0539,-0.0156373762056781,0.0061312270549365,0.0083,0.0132988372239882,0.0285555859162319,33.9299999999999,0.0047805814784354,312847.52,0.0178338728199954,0.028442831430068,16.68,-0.0153518297357644
2012-12-01,0.0011557374157504,0.0039773122367172,0.022413418443767,0.0024606821621322,2.74665101391847e-05,-0.0085283607315389,0.0177836279047003,0.0197482322617279,0.0108293806547044,0.0507965779237303,0.2,-0.0098974995467635,-7.7,0.0243678947537713,-0.0027816022974018,0.0009600190028926,-0.0094660991512851,0.0274472792569025,0.0020047475433289,0.0015462730983042,0.03148436170527,0.0051502648797763,0.0048391586287674,0.0041241126884781,-0.0008727885349264,0.0078825709316561,0.0086557728067067,0.0024500931036346,-0.0078740959565983,-0.0021306826242559,-0.0025701025543263,-0.0005701931697341,0.100000000000001,-0.0625620069999995,-0.140616209,0.0999999999999979,-0.333299999999999,-0.100000000000001,-0.0169257043663844,0.0047923326811387,0.0057208143223253,3874,0.280535191363096,0.0026969459115742,0.0015276404762074,-0.0018263777272826,-0.0021888078403211,-0.001417008652516,0.0046100085577469,0.0023425393741067,0.0017417614415151,0.0056603199492997,0.0012507212006598,0.0030516363425663,-0.0035020537811512,0.0026955923915847,0.0081341461028214,0.0030982147447833,0.0150420850049588,0.0227305007643528,-0.00375177619319,0.0021014848152889,-0.0025685371941017,0.007868519995192,-0.0023102469137352,-0.0013152335309696,0.006419333628779,0.0035073786009753,0.0001344871688235,-0.0036276433019129,0.0035755790198814,0.0003225638733752,-0.0345098451127912,-0.0019209730311935,-0.0021428820444544,0.0186352805796597,0.0196094940599831,-0.0037110475036934,-0.0032409140799742,0.0296450110610929,0.0291283756990977,-0.0300839642916904,2.8667,0.05,0.09,1.62,-0.0014790509848099,0.0304784599957086,0.0202352752833956,-0.0015708102446989,0.0162787986759412,0.000529511817966,0.0112401697592031,0.0063321442205754,-0.0066503652952345,-0.0340976599943703,0.0088531625877728,576.6458563,0.0065332613860764,0.0056966985366457,0.0069088656273041,-0.0999999999999996,-0.0999999999999979,0.0121,-1.8852,0.0356124883839879,0.0085210497319336,0.0095,0.0085788344268729,-0.0031611325000291,100.98,0.0063086940359653,356203.67,0.0091661105684828,0.0114799276584741,56.25,-0.123478084941185
2013-03-01,0.0098172592655156,0.0064808243941865,0.0247629657350554,0.0007562520907011,0.0150142087651428,0.0390450332481942,0.0192953669845011,0.0206686326815966,0.0153019969890709,0.0373831866196204,0.5,-0.0093810248330399,-8.7,0.0713897640280639,-0.0003047029790934,0.0051769782794322,-0.0008590500673397,-0.0404263928754283,0.0115239103519666,0.0123873586724823,0.0329862451453291,0.0100395788652845,0.0058167324696878,0.0035986711052302,0.0053492943381643,0.0090159515736942,0.0109759039096815,0.0011616827415021,0.0160756650700158,-0.0039180815929045,-0.0019153996744094,0.0002138605404891,-0.2333,0.0704291149999996,-0.131406571,0.333300000000001,-0.0667,-0.1334,-0.0107934798855673,0.0052593223021864,0.0067634423422342,4001,0.0561512438087854,-0.0021032007509447,-0.0005139360404573,-0.0008149055465009,-0.0037628440708896,-0.0008024495774145,-0.0056773596683354,0.0009113697497848,-0.000323295470733,-0.0087065080309134,0.000393337039366,-0.0005360092202968,0.001347368519502,0.0022582699939226,0.0011081790545155,-0.0001504025235412,-0.0068899344380577,-0.0401635646954581,-0.0025729497833566,-0.0011586589860366,0.0037465617199785,4.48511652653139e-05,-0.0012479935305407,0.0005410120441737,-0.0048773066659038,0.0026848782625119,0.000402634586762,0.007228974879279,-0.001608879909547,0.0110554229225519,0.0452741997217823,-0.0012755094262515,0.0002783960483356,-0.0194796078065993,-0.0179255490217374,0.0047598372965183,0.0071203829504229,-0.0209211112688985,-0.0201152120049031,0.0299383736092373,2.86,0.03,0.07,1.86,0.0673845889686273,0.0095288234557617,0.017628590299692,0.0001659642995788,0.0176601090955,-0.0010602541989577,0.013196716435818,0.0284222844597846,-0.0060226343337976,0.0344037550993574,0.0349249962572955,621.7759166,0.0319848786940504,0.0170767961563705,0.0344563451544584,0.0,-0.199999999999999,0.0137,7.15879999999999,0.218513938954008,0.0066445427186687,0.0083,0.0085058635877719,0.0221716009621709,-97.11,0.0036120873231162,311535.49,0.0080361091526697,0.0114692780572554,-52.8,0.137601483129254
2013-06-01,0.0026727882651371,0.00285372586975,0.0048651666824319,0.0031921158345511,0.0009043291503569,0.0129575307004712,0.0103840164465279,0.0017380500394086,0.0051518717444416,0.0332399106598169,0.5,-0.0012886746561591,-3.0,0.0807301007068499,0.0029480861155226,0.0090262469414712,0.0144156612486901,0.0075490406484632,0.0015803090006878,0.0033539719123982,0.0355813206467479,0.0207435991245264,0.0052754513045556,0.0047729034784023,0.0063076084916584,0.0098137945618699,0.0086056031068864,0.0024412523642176,0.0042694028703644,-0.0078825202122692,0.0005287574461299,0.000261325384578,-0.0667000000000044,-0.0443582940000002,-0.167688555,-0.333300000000001,-0.0333000000000006,-0.3666,-0.0019560967676302,0.0042894984081067,0.0039648631199327,4094,-0.207474553766826,-0.0029813296401384,-0.0010819278721037,-0.0007004294215064,0.0049941015797596,-0.0027274751323593,-0.0080046784994705,-0.0041412090345067,-0.0005148644331827,-0.0098151133751915,-0.0014282833638157,-0.0037234619729371,-0.0044967285664547,-0.006502753296302,-0.0005921871806426,-0.0030704646399568,-0.0110537821221532,-0.0541861055483199,0.0050094116753696,0.0014886799759494,-0.0071331619120531,-0.0082089618415812,-0.0031468652123605,0.0027152447376463,0.0072608157053686,-0.0044918697625497,-0.0027779487312447,-0.0047707005217674,-0.0165945503648697,-0.0069329048035271,0.0133410690260316,-0.0022644997225849,-4.16833196417166e-05,0.0078667689365188,0.0074697968635391,-0.0023823403319775,-0.0009213213236121,0.0073106159779579,0.0091647045267082,-0.0073485993685809,2.84,0.04,0.08,1.95,0.0916908861079078,0.0181135462577924,0.0111534608665051,0.0081027281859222,0.0142999011062095,-0.0045357491755755,0.0100244372258818,0.0112137635494598,-0.0014235784881577,-0.0089726150613413,0.013533807348308,625.5082127,0.0066643687775478,0.0256720461261928,0.0072302784678175,-0.0999999999999996,-0.100000000000001,0.0165,1.161,0.173572836403594,0.0167168071945052,0.0097,0.029487532851443,0.0130221628308806,125.95,0.0072840731601662,358909.91,0.029173479841841,0.0462191986271776,77.6799999999999,-0.13427403279355
2013-09-01,0.0084778965524972,0.0040573081313883,0.0090972810000264,0.0020637881036673,0.0076618112302915,0.0396217417400706,0.0181870422252075,0.0026729631898776,0.0182196437439197,0.0179753718135283,0.8,-0.0048868657347824,-5.5,-0.0606887900633168,0.0010243244584788,0.0085257085656538,0.0071589584127611,0.0034881458902322,0.0111051373698876,0.0112303029599552,0.0071388379144945,-0.0100930652525406,0.0049574290344001,0.0021806468375427,0.0009858041463779,0.0066259134287047,0.0083459473817733,0.0045006827112299,0.0061775870942906,-0.0086705745511332,-0.0009255041285811,-0.0001425313571399,-0.133299999999998,-0.172828966,-0.104962547,-1.6,-0.0332999999999997,-0.4334,-0.0136318995669189,0.0044438030279199,0.0039815112184831,4033,0.0588403757993232,0.0035932180712858,0.0011088303817539,0.0025744102110705,-0.0005087224652378,0.0036928754289817,0.0103874888010838,0.0011831562789463,0.0002334002595993,0.014740668759754,0.0007808415678303,0.0049641985781212,-0.0037707057402185,0.0052024879897629,-0.0075279655505502,0.0007218945156717,0.0118820479991877,0.0782920194005179,-0.0004525122462935,-0.0018988649933771,0.0044650076909427,0.0137734887767378,0.0060924372999631,-0.0021528944712114,-0.0045925091362528,-0.0008748401851494,0.0030613699066792,-0.000819388759103,0.0095233233793381,0.0013068866655281,0.0902966975466297,-0.0051665346135498,-0.0008136981125339,-0.0077506316621303,-0.0083219396332294,0.0071196288634896,0.0067852780265491,-0.0095429970474985,-0.0093030826291258,0.0232378351526545,2.6933,0.03,0.09,2.68,0.0814615986939016,0.0116427842197888,0.010542545578379,0.0014129939044291,0.0149617223791481,-0.0090337972488381,0.0103056194632032,0.0248263871992442,6.93922820254045e-05,-0.0034187240326772,0.0292719605786935,641.8459479,0.0245530484966636,0.0256862457538745,0.0265779133517814,0.0,-0.199999999999999,0.0077999999999999,1.95180000000002,0.0359110101679168,0.0170241857364006,0.0088,0.0334262925591258,0.0614386129458584,-39.89,0.00332098165733,323957.44,0.0246722226187615,0.04057886548485,-29.69,0.105780215196261
2013-12-01,0.0086796402382631,0.0087683325742755,0.0102408290575049,0.0082386769625504,0.009652412298327,0.009562035796268,0.0162102627376797,0.0401258121791344,0.0237186453191214,-0.0160216139790608,0.7,-0.0077437306513541,-6.6,0.0504112607245002,-0.0017459329282489,0.0284028865682622,0.0078728099744154,0.0013769020805565,0.0124044888476629,0.0118711647359255,0.0394098593222321,0.0383020207668734,0.005386524159098,0.0032148794481301,0.0058946505682193,0.0064231328492958,0.0075839639896422,0.0039970983449837,0.0015384234099293,-0.0050927720112898,0.0030377029336605,0.0001900396706311,-0.366700000000002,-0.1544636,-0.15238579,-1.2667,-0.4667,-0.0332999999999997,-0.0083969959035634,0.0031451986289523,0.0028281261289215,4154,0.260929915510173,-0.000432274369766,0.0003748501437232,-0.0003121456924448,0.0008754453770629,-0.0001643018337542,-0.0028043887078199,0.0001816543234181,0.0007378288158452,-0.004229254044489,0.0010374679755162,-0.0006355651530443,0.0024554113649886,0.0016385252102466,-0.003781579818316,-0.0018233320589553,-0.0030959170817768,-0.0181817475703552,-0.0005129958250345,0.0010852739552573,0.0011209169564914,-0.0042390079198204,-0.0006687145992891,-0.003734228545186,0.0056262254490056,0.0031043745234713,-0.0008989575800786,-0.0121443634875709,0.0035836174447876,-0.0126423985697741,-0.115138375369633,0.0006485596523724,0.0006942798312219,0.0042350624812748,0.0036873856644561,0.0095731273503005,0.0087216479601739,-0.0012459203051449,-0.0015447473681646,0.0151165551079533,2.61,0.03,0.06,2.68,0.0733432290097609,0.030223664943021,0.0122625643686662,-0.0008048400352,0.0156756412494197,-0.0047947009969622,0.0108628006087113,0.0201540054769414,0.0079860501754378,0.0066091197862281,0.0222920619968807,655.4116351,0.0231009444132777,0.0108309108206086,0.0249624163475559,0.199999999999999,-0.100000000000001,0.0286,2.1617,0.0566604124350434,0.0063823831390896,0.0093,0.001589404308107,0.0292558176709292,64.65,0.0036898246598067,338985.53,0.0077649454605044,0.0106588902362592,23.67,-0.041655458362456
2014-03-01,-0.0034569281496601,0.0035912358836505,0.0166713397932572,0.0016830287170286,0.003215142239056,-0.0098431698522087,0.0122136599767675,0.0100086007520748,0.0160361530660378,-0.0043338745231187,0.3,-0.0042995024747511,-0.3,0.001482359356169,-0.0064757165381461,-0.009620826474272,0.0128259254504499,0.0115972530850286,-0.0045040863079233,-0.0050146597332636,0.0020439420705198,0.0126091336589411,0.0044638369970275,0.0035025189504747,0.0,0.0063118370955415,0.0064714733568695,0.004583008698912,0.0088005543852496,-0.0037756454098767,-0.0001318694363927,0.000284988245486,0.0667000000000044,-0.136812373,-0.188474521,-0.2333,-0.399999999999999,-0.2333,-0.0637864272158239,0.0033604454953266,0.0039866307944294,4296,-0.0890140510512207,0.0009073844290092,-0.0011455804100917,-0.0013295317787109,0.0019291179017271,-0.0010095748114062,0.0031004822859301,-0.0033279863970303,-0.0001679231712721,0.0060959433217053,-0.0007429473832321,-0.0074733444808874,6.3324785140928e-05,-0.0011092948017967,-0.0026963544496414,0.0054112527606573,-0.0008447749536877,0.0240469170865909,0.0012062797459524,0.0035579652319679,-0.0020705067262278,-0.0084683749990599,0.0001806171975378,0.0055467196758014,-0.006954223794966,-0.004180945890992,-0.0005709315203858,0.0288378003147711,0.007859061375206,0.0265613009437846,0.0110271760525702,0.0074961152994537,0.0009610713020014,0.0124325135073189,0.0129188648849565,-0.0084886981855003,-0.0083783896028828,0.0276696455641954,0.0272911991404694,-0.0281083669474285,2.3533,0.03,0.08,2.72,0.0344606106438068,0.0247177761043345,0.030041400901978,0.0006143338023036,0.0169051487784699,0.002196467192002,0.0148692197788538,0.0155810049728906,-0.0034958432305725,-0.0150931164697967,0.0188720015627855,660.1969726,0.0177928041250706,0.0085074675419392,0.0192823433694009,-0.0999999999999996,0.400000000000002,0.0309,0.402999999999992,0.0005129557991665,0.0080645598367303,0.0098,-0.001589404308107,-0.0056160187778537,35.73,0.0112247906622187,357788.18,0.0015316349401395,-0.0055433489947809,17.61,-0.0427588993053849
2014-06-01,0.0128356902291493,0.0095601052395348,0.0366796113608743,0.0051327044476359,0.0101559671210749,0.0402615449437906,0.0289920199437015,0.0265933447624702,0.0282506681104016,0.032267158825535,0.6,0.0013557534828194,-2.3,0.0048263650701461,0.0058207639558505,0.0213724334073229,0.0225196179161511,0.0124970890859117,0.016997701607707,0.0169219248479955,0.0340802448907658,-0.0418607205261301,0.0065686387044365,0.0053478571889034,-0.0008574631557252,0.0082787597881779,0.0094815569873887,0.0044423233231292,0.0158733491562906,-0.001221025792728,0.0,0.0027980645178509,-0.133400000000002,-0.164260901,-0.243407463,-1.1667,-0.3667,-0.4,0.0070112285558856,0.010714216873037,0.010363448607448,4765,0.0647998886244112,-0.0001135504874314,0.0012005674283255,0.0014398524807743,-0.0030283162655298,0.002757635946291,-0.0004687323909662,0.0018712812115575,5.92685890712374e-05,-0.0015469912976371,0.0002415650126135,0.0026060565243923,-0.0039379913324939,0.0036049469461447,0.0052754888853687,0.0054159798861999,0.0019946001061939,-0.0290689435785332,0.0030520728234009,-0.0027976643838414,0.0005103118553337,0.0102561729483384,-0.0017989089588716,0.0031333287102635,0.0019171188458164,-0.0003935068664064,0.0012981171097949,-0.0046203863729186,0.0100325221243107,-0.0095830830848004,0.0443421812446569,-0.0013721583171526,-0.0028166348605593,-0.0107623889101873,-0.0111378272219076,0.0066372959180016,0.0062102663475682,-0.0119595826333301,-0.0120130654037229,0.0261908401705107,2.1967,0.02,0.07,2.59,0.0242525853362592,0.0167961517292179,0.0263472788283945,0.0120579299784245,0.0163604876775487,0.0062623521659563,0.0144162881142478,0.0185480610085538,0.0006680806390999,-0.0118289571720247,0.0215665429195795,666.2118306,0.0185401054537433,0.0185735166061676,0.0199074759924809,0.0999999999999996,0.0,0.0763,0.762400000000014,-0.020523670630487,0.0028645106954599,0.0093,0.0246150160149283,0.0418304400250964,-12.59,0.0092674471818057,341873.76,0.0181936077763396,0.0247009375862035,-14.28,0.0547670209883675
2014-09-01,0.0120806483257816,0.0098353553693293,0.0171878005203858,0.0091424168342193,0.0084198490648752,0.0227522070837605,0.0202017113831374,0.0306752523268807,0.0213928288980938,0.0150548350980824,0.6,0.0067304733817756,4.7,-0.0019554996841044,0.0037862106741402,0.0041185496276163,0.0018804055737851,0.009356822264225,0.0164872638355682,0.0161120213530701,0.0272163382917308,-0.0361918394501686,0.0061908411814446,0.0057536647800997,0.0039139115281674,0.0077957839408711,0.0049675172749257,0.0014963282800764,0.0122975278104063,0.0019529116422818,-0.0047593955205638,0.0030499722192676,0.0334000000000003,0.064777544,-0.201532498,0.2333,-0.2666,0.0,-0.0267693628789125,0.009456335242036,0.0080335265951525,5036,0.0590086455495475,-0.0017433400964375,-0.0006056930294855,-0.0008949912679439,0.0024797028716099,-0.0029405613687334,-0.0030215217323377,0.0031488798846526,-0.0010999880249134,-0.0058972827569352,-0.0011104085408444,0.0044990275488103,0.0085101738914854,-0.0042115985883688,0.0050494011734683,-0.0040563609131032,-0.0038539592670989,-0.0209644918387584,-0.0019851603741498,-0.0009208124397011,0.0001865039531665,-0.0051661234330362,-0.0020428881303935,-0.0021890191026914,-0.0026110902635379,0.0002006130587792,-0.0010307595047462,-0.0181897310615629,-0.0177241311707315,-0.0105111980961814,-0.0782198633183366,-0.0006433610123139,0.0003427529413433,0.0026203543036365,0.0007533666426562,0.008443044479792,0.0066546044742334,-0.0032359767679093,-0.003154974853258,0.0138144944431877,2.2433,0.02,0.08,2.47,0.0244213980167007,0.0103805697480137,0.0241810167617373,0.0102078028096209,0.0168153504403659,0.0040056175538776,0.0138162506088051,0.0031506003994508,-0.0044232828503041,-0.0137801669701814,0.0044104173731369,662.9246039,-0.0006962043050542,0.0154107241508044,-0.0011036835720741,-0.199999999999999,-0.400000000000002,0.0377999999999999,1.1405,0.0594768444713356,0.0170168598583693,0.009,0.0138712730162323,-0.0061570224784066,-49.1,0.011946609704518,330454.54,0.021295632356793,0.0281077298592578,-8.25,0.045919055494033
2014-12-01,0.0050445860154333,0.0114575642083032,0.019102570947612,0.0101256216184957,0.011850625711932,0.0031889326536855,0.0137658918321186,-0.0049230180846073,0.0087012047358259,0.03522229714389,0.5,-0.000745085630319,-5.9,0.0031124086066007,0.0082081986325466,0.0082528878776528,0.0259116158082318,0.0141618851603216,0.0066394743258841,0.0065999745117348,0.0009449591159187,0.0269602432124305,0.0062345705811779,0.0058903274020796,0.000854115109858,0.0077183244442142,0.0080227612810066,0.0026877722776905,-0.0025959220475142,0.0020707480448978,0.0043636432589231,0.001415428403332,0.0,-0.254306302,-0.115859365,-2.3333,-0.3334,-0.3,-0.0387041654467684,0.0106261154387681,0.0101131265822083,4995,-0.0541185626943852,-0.0040500100859022,-0.0010428501796724,-0.003946975739578,-0.002452874238485,-0.0038875461674399,-0.0105876895100936,-0.0038806144825018,-0.0009141804138304,-0.0137864291811161,-0.0018338907162078,-0.0052820062931981,-0.0023880250316565,-0.0011101229426753,-0.0076834870371103,-0.00197356735982,-0.002520966702316,-0.0895980890947436,0.0007804288132504,-0.0006011216318437,-0.0035062534493501,0.0024271905413826,-0.0022428017743676,0.000628985468202,-0.0048452575135078,-0.0017162451747907,-0.0001577349337793,-0.0277444154758379,0.0013437821757955,-0.0333533040509844,-0.288359841210966,0.0010655813247164,-0.0004972801239895,0.0131444012202495,0.0123906245165628,-0.0034654950899142,-0.0040328028072602,0.0140444114968208,0.0142338875692705,-0.0192844688805138,2.46,0.05,0.12,2.26,-0.0265740851205294,0.0302660837830402,0.020943389089533,0.0070975498115748,0.0141905478835493,0.0016396187417413,0.0098018697128878,0.0134169679026925,0.0022469547650789,-0.0119149289666192,0.0152546579824726,663.6494415,0.0140344159207917,0.0114623941242442,0.0149154593350715,-0.199999999999999,0.0,0.0289,0.490399999999994,0.0687576657369942,0.0260908499427419,0.0091,0.0217015834412551,0.0049807273979105,-3.89999999999998,0.0160522679270994,332712.54,0.0218697100332683,0.0257284641923299,7.63,0.0092425153671236
2015-03-01,0.0089645478769249,0.0076434008030492,0.018875419871538,0.0051648184086925,0.0098852645981226,0.0342284995407098,0.0041869762751431,0.0104661904353591,0.0004776810007038,0.0195259423771956,1.0,0.0060288106564474,1.6,0.0233326961724583,0.0072762221609785,-0.0079465255692703,0.0147833795501571,0.0136700058417318,0.0107992870277709,0.011345539056328,0.0021205240683199,0.0257738466470236,0.005500354438217,0.0075095373558511,0.0023146626787662,0.0069436392552848,0.0070677972510413,0.0027995431894858,-0.0263371882023185,0.0026734977644959,0.0029643313893341,0.0010602580954355,-0.133400000000002,-0.0626997569999999,-0.120080436,0.033299999999997,-0.0332999999999997,-0.3334,-0.0329245785219641,0.0054312470910575,0.0050805214675131,5340,-0.0418387672569187,-0.0031672811990084,-0.0010375448196082,-0.0009919921860257,-0.003200018104561,-0.0018598888512801,-0.0082586938742084,0.0003150084838861,-0.0007974615635255,-0.0125324621469662,-2.14426537787915e-05,-0.0006041837513137,-0.0024990192989324,0.0020114021969597,0.0036379691416259,-0.0029935099277063,-0.0039224559408168,-0.0947580383419053,-0.0018594764347232,0.0011606336904534,-0.0005772242833312,-0.0084024533513975,0.0044498910808235,-0.0018548722128359,-0.000752196895462,0.0017825294414022,-0.00049011366238,-0.0125388149352883,-0.0261356416990433,-0.008576810835331,-0.474510711198107,0.0039615974828799,0.0017182772891151,0.0177858463355909,0.0173082031643501,0.0057213741471429,0.0059201570719507,0.0051439537551845,0.0058087024409108,-0.009214397921438,2.5333,0.06,0.2,1.94,0.0167979880885127,0.0330612503325627,0.031600953965004,0.0050380390557514,0.0197389975977842,0.0123307309390022,0.0134613291487096,0.0140410458967786,-0.0031491739088753,-0.0168191280902477,0.0168229476345907,665.745189,0.013449606541009,0.0159132882207302,0.014146094478054,-0.600000000000001,-0.6,0.0567,1.42140000000001,0.0898401776033637,0.0189965006906552,0.0097,0.0280599261178085,0.0295377947521018,62.95,0.0119266353945147,349408.18,0.0175332189421162,0.0214108155289363,28.12,-0.0370352898705733
2015-06-01,0.0061749465825364,0.0068591952312893,0.0199251660255877,0.005067808840085,0.0060025470930193,0.003960297480221,0.0108001813210858,0.0042398361580424,0.0069223691154549,0.0263572014591285,0.8,0.0097567437523355,1.2,0.0099875358387961,0.0138380547409609,0.0026780904741796,0.0078011162987285,0.0030064834067307,0.0076505008277676,0.0076189638743402,0.0374383470497639,-0.0463095099330522,0.0055986190312218,0.0077268712924087,0.0023093538066465,0.0075894926883624,0.0081241706746428,0.0023170850755356,-0.0544484986892186,0.0036341650701956,0.0009204339900321,0.0018821344200006,0.0666999999999973,0.068836363,-0.164006671,0.0334000000000003,-0.2,0.0,-0.0238064591600811,0.0019827138686503,0.0026750272867639,5470,0.265567337600931,0.0094684513602691,0.0027768654450977,0.006371255942617,-0.0007086468277739,0.0083594522536749,0.0260543947041736,0.007722976196332,0.0015439319352719,0.0350580680956778,0.0014807151490385,0.0106481833728571,0.0101107593250642,0.0063531036848152,-0.0013967305125124,-0.0046824317120437,0.00577600460982,0.274486808859116,0.0011295750402258,-0.0012308838162074,0.0040563014456322,0.0037062656548299,0.0041282278621572,-0.0030798234833575,0.0064613656925551,-0.0011222972504949,0.0025493350487586,0.0532208682670285,0.0063753643812516,0.0538904243365215,0.219987328526046,0.0071197453421958,0.0028031878185061,0.0020277196123759,0.0026566634972278,0.0049654767110007,0.0056407838180199,0.0038432458295414,0.0038846604954825,0.0075370312981144,2.6667,0.07,0.23,2.15,-0.0033791714760704,-0.0032626193660343,0.0242047124244991,0.0105966962060862,0.0142137527967563,0.0099327289436086,0.0139615490034632,0.0046420364114716,0.0044367223541783,0.0014301946149855,0.0046749716954188,666.8568671,0.0009591809159061,0.0161981572485388,0.000374665911826,-0.0999999999999996,-0.199999999999999,0.024,1.48039999999997,0.0957756414443445,0.0228551005889024,0.01,0.011583141089631,0.0075437240266982,12.4699999999999,0.0045152026003858,352796.15,0.0164410018721988,0.0247314308324142,15.01,-0.0051344342341828
2015-09-01,0.0039944621156902,0.0070162415339627,0.0129864658374057,0.0049888631222323,0.0104090919564843,0.0021673892025191,0.0111933403595987,0.0165183016685564,0.0060779879241659,0.0310848144008711,0.7,0.0052645738652117,-0.4,-0.0020357706844791,0.0089908174385762,-0.0081068474930807,0.0067957522584922,0.0055652792775191,0.0040599500803377,0.0042589859611172,0.0247151276594755,0.0125166334555695,0.0050928793239677,0.0062202714483579,0.0036354862673713,0.0062724673252461,0.0091107780135235,0.0011268884117896,-0.0423495545673473,0.0006043880510357,0.0010509163528791,0.0022773414208394,-0.2667,-0.148943251,-0.173162785,-1.0667,-0.2667,-0.2666,-0.0479933439836167,0.0016904606406704,0.0013193837918699,5670,-0.038971056313148,-0.0023792642507141,-0.0012334494647783,-0.0033699061538543,0.0012145991851699,-0.0036981310100623,-0.0077421726417012,-0.0066404203939249,0.0001538686807949,-0.0082859707216576,0.0002593924632323,-0.008951230723138,-0.0125847113273858,-0.0043527694408132,0.0039519548105895,0.0077191808262879,0.0018018192436617,-0.0793591108586424,-0.0040097876642661,0.0014330972851128,8.20397959913066e-05,0.0002040416573629,-0.0036501338680752,0.0021439229947493,-0.0035356899859495,0.0020992843938714,-0.0010784305582038,-0.0150800919029646,0.0115423853617633,-0.0164350460828739,-0.231531486765538,-0.0074454647343409,0.0041515785554118,0.0022358586256663,0.0017907825039769,0.0027479814552746,0.0025645997712278,0.0031316605413023,0.0034085225448086,2.03485710219553e-05,3.0233,0.13,0.31,2.18,-1.3110564969665e-05,0.0079014180513397,0.0175448920636114,0.0137182611391404,0.0151264390506967,0.0086997080122053,0.0144534891290533,-0.0116580111293008,0.0049877888246108,-0.0005774424523767,-0.0143504201916986,653.7073637,-0.0201881971315672,0.0144485100701353,-0.0219809436550591,-0.299999999999999,-0.200000000000001,0.0662,1.78100000000001,-0.0295131714733614,0.0259350635805293,0.0103,-0.0004799616122856,-0.0387175912977096,-33.1999999999999,0.0080803658519546,357298.58,0.0116553373363075,0.0142070089739317,9.68999999999994,-0.0046009869979224
2015-12-01,0.001843091727105,0.0040590259832651,0.0064632311525949,0.003768645337649,0.0037770680394686,-0.0059952629005017,-0.0002524916090234,-0.0109717850049105,-0.0044306593607892,0.0155119431399937,0.6,0.0042850626710215,3.0,0.0182875609109381,0.0023551271324286,-0.0013580671549657,0.0028243442435167,0.0056457078478029,0.0010777836372639,0.0014644200899516,-0.0356838375858013,-0.0264840634638723,0.005506117271544,0.0076651761907022,0.0013296828795033,0.0073185575669061,0.0097663817016435,0.0030185575464774,-0.0473003463804638,0.0031370802943637,0.0019019385959602,0.000679851865085,0.0334000000000003,-0.0503348560000001,-0.0187956999999999,-0.800000000000001,-0.0332999999999997,-0.0999999999999996,-0.0356296804919545,0.0074799115435659,0.00718475003542,5775,-0.116870951731415,-0.0033655249577888,-0.0007231566205128,-0.0024942745383542,-0.0027974810373976,-0.0032883025854539,-0.0077321378451129,3.98643109065233e-05,-0.0012941110518367,-0.0116349683862396,-0.0014080582424007,-0.0056127136831563,0.0046512860463927,0.0061663763863695,-0.0033555586088924,-0.0053607388754368,-0.0020133811155318,-0.0897536922851652,0.0027369220144715,-0.0014188546964275,-0.0019114092652925,-0.0019399194157694,-0.0030215329095337,0.0031753918144872,-0.0053625162266541,0.0006772422444933,0.0003278465383234,-0.0248902010024814,-0.00862487378176,-0.0229651449946529,-0.144708278428607,0.009773253855343,0.0011733740170503,-0.0019118047083601,-0.0022263159633757,-0.0061066868673247,-0.0060045545753508,0.0037859453795752,0.0041933499784478,-0.0071679039143521,3.23,0.18,0.34,2.07,-0.0058573196971787,0.0128598255391168,0.0184633158793082,0.01608639255981,0.0017181425534431,0.0147118168384495,0.0002465019678901,0.01221587684506,-0.0018338167526348,-0.0074795419885438,0.0144918142256802,659.5157339,0.0129819660873629,0.0099079625188096,0.0137075617211,-0.200000000000001,-0.299999999999999,0.0206,-0.190499999999986,-0.022817307320814,0.0081591477624467,0.0109,-0.0009606148673375,0.0007596636548488,54.11,0.010867963480603,381341.24,0.008114908657042,0.0060804116822978,32.33,-0.0542548741985351
2016-03-01,0.0057784665184712,0.0075211933287633,0.0132708441321077,0.0060655502369204,0.0093007370790987,-0.0043056557455791,0.0073025096348864,-0.0026472755162512,0.0008359036481015,0.0308513113543514,0.3,0.009114427045981,0.3,-0.0179186142421255,0.0141675200109637,-0.0028637383312464,-0.0011920162247243,0.0080859564224287,0.0067956569369958,0.0066984650285384,0.0086052321743608,0.0127265494716946,0.004459577493419,0.0060603561958387,0.005301229314421,0.0042625509906955,0.0083604760265227,0.0038340271811456,-0.0626908236342079,0.0037275219239072,0.0003275639595852,0.0037426045372956,0.266600000000004,-0.167569135,0.0177699,-0.0333000000000006,-0.3,0.0,-0.0070019736310058,0.0025217089509359,0.0025331208707788,5970,-0.0678865622994493,0.0012612509278415,0.0016897822589738,-0.000512865860581,-0.0016565260630949,-0.0008411143704742,-0.0002674932292716,0.0011639975596962,0.0018920070637964,-0.0009957796731745,0.0019135068907489,0.0044934069637214,0.0034320470001523,-0.0134164583358976,0.0152266418930171,-0.0027909761211413,-0.0022846043937789,-0.0142198822363309,0.001562116828075,0.0001783310080138,0.0006823079487476,0.0087430129775416,0.0042891897859878,-0.0020948038169477,0.0126734550893817,-0.0025726321064487,-7.66230726334527e-05,0.0127615647920241,0.0078223381691984,0.0092424292313841,-0.328530277649277,-0.0013027568101278,0.0026073866705975,0.0009310704946425,0.0010834182395607,0.0042551735914404,0.0041733689817045,-0.0036629328013839,-0.0039064147521061,0.0021905365335523,3.3867,0.16,0.29,1.63,-0.0283074043560267,0.0193521128083303,0.0194819700937776,0.0147761702981342,-0.0144212190053459,0.0147348319429206,-0.0128822981192798,0.0068966527224638,-0.0033805971563296,-0.0114665597034245,0.0085380051831407,659.8139499,0.0073994965526083,0.0053777500333787,0.007544323546389,-0.299999999999999,-0.4,0.042,-2.46550000000002,-0.122367874094275,0.0075892092056926,0.0103,-0.0038517139578546,-0.0105351164487253,-73.1800000000001,0.0257157127933461,366793.82,0.0081260864823136,-0.0043036402739602,-36.77,0.0646104349756671
2016-06-01,0.0032060956626729,0.004948010563087,0.0084908434419066,0.0032134210037035,0.0087438333606586,-0.0042673827832739,0.0073507368100802,-0.0104111914465683,0.0084982445170682,0.0031408861462862,0.2,-0.000772621468176,-2.0,-0.0060938816420783,0.0017699583850934,0.0077094105365116,0.00127582138174,-0.0020186473817958,0.0031838738413307,0.0034721717278714,0.0080739933216831,0.0362283179890994,0.0040840058031825,0.0072065437301187,0.0022804907097553,0.0034665545836052,0.0064546140654862,0.0025870251887685,-0.063382808546236,0.0050281442584214,0.0018977265718973,0.0014465053132912,-0.0666000000000011,0.115169184,-0.0869408300000001,0.2333,0.133299999999999,-0.1334,0.0197676471536727,0.0036233767543274,0.002628470481075,5774,0.139125459967692,0.0058339549031289,0.0012901651342334,0.0071499374212855,0.0078127222800361,0.0094936917482249,0.0149768732955904,0.001783276404601,0.0015827775409853,0.0216401878663079,0.0016147909653563,0.004794858296325,-0.0034680941220504,0.0024310836190562,0.0015963064163386,-0.0026103206210761,0.0089534136039564,0.207231889532227,-0.001736093286464,0.0024441279187916,0.0015023776120379,-0.0034300909759306,0.0052699396221207,-0.0019603854308094,0.0024243726037829,0.0026542855010083,0.001361046158987,0.0377370373468731,-0.014240209027701,0.042635272092209,0.394202524876609,0.0097093151171687,0.0053629811176305,-0.0045014523215227,-0.0055713277288544,0.0005598847801611,-0.0001629344497944,0.0026615634985711,0.0030282902062168,0.0134167490104993,2.9133,0.14,0.31,1.5,-0.0104330812455578,0.0223079909278372,0.0214671901961232,0.0143440585483052,0.0118356472592094,0.0117666044833982,0.0125802185233503,0.0121691692445847,0.0037732449873413,0.0057919004519462,0.0134956692426744,670.1303799,0.0098578902647297,0.0191249626918015,0.0101608630585055,0.0999999999999996,0.0,-0.0305,2.00150000000002,-0.0270310719861708,0.0100301743599371,0.0107,0.0205306805424104,0.0247481820112494,46.29,0.0166580366026725,381800.42,0.0183663501466924,0.0194042170587085,22.5599999999999,-0.0234400733302218
2016-09-01,0.0070688591911043,0.0069321190141824,0.0253406265799994,0.0052138831192447,0.0031863992220442,0.0042640505450339,0.0110984560299343,-0.0010880549326568,0.0149598717305324,-0.0026838738406693,0.0,0.0043401722392388,2.1,0.0035725717768304,0.0037878050823252,0.0161052245804454,0.0072717924065974,0.0056452331649339,0.0083007710106173,0.0084792982833681,0.020012807104739,0.0313115797475216,0.0052280319080644,0.0070816284707042,0.0093079432071272,0.0050538523287411,0.0086195504378245,0.0044527786120038,-0.0293989249047302,0.0041709051955338,0.0054766077327457,0.0049767521266943,0.100000000000001,0.0144497489999997,-0.048443724,-0.333299999999999,0.100000000000001,-0.1333,-0.0235109763948689,0.0046321953948025,0.0047706140010586,5836,-0.0171237909682311,-0.0028784912972046,-0.0011397017445933,-0.0038574956470389,-0.0024648802970714,-0.0054869171278859,-0.0083809387573392,-0.0071922290005961,-0.0003475940839328,-0.0089732587367521,-0.0001731203674104,-0.0068240209401278,-0.0078750383029531,-0.0007211781268079,-0.0190124010364441,0.0008156860909744,-0.0075573054390512,-0.0992701944881231,0.0059825777571846,0.001519519330448,0.0012840141661749,-0.0024845392392682,-0.0065319687637304,0.0013111958979861,-0.0038498627327525,-0.0006655951642962,-0.0013625833793753,-0.0092001258717608,0.0117782951203029,-0.0077344856449475,2.74614022508501e-05,0.0045208697745375,0.0010437866062207,0.0001625669322118,0.0004476640152892,0.0035352956484526,0.0038523942115178,0.0008481634704775,0.0008781245458893,0.0043387946639557,2.6933,0.13,0.26,1.27,-0.022594611984081,0.0166721433795809,0.0034255088043488,0.0190620572232731,0.0121973769240462,0.012676180610864,0.0125092840559784,0.0128177803961478,0.0074125931965056,0.0017673355191592,0.0136650694296883,675.5262712,0.0110927075516116,0.0179675340082959,0.0118814813166317,0.0999999999999996,0.0999999999999996,0.0105,1.10809999999998,0.0064557402000389,0.0094363749629899,0.0107,0.0187271390506973,0.0410672474621609,36.75,0.0216523919333937,388443.38,0.0177055710201799,0.014651744390461,5.54000000000008,0.0044029874932869
2016-12-01,0.0055276852862107,0.0051431179700536,0.0155916639021623,0.0045764370456637,0.0016413868278464,0.0270963328237261,0.0090664247330121,0.0049272894474681,0.0079933992021548,0.0128530296645586,0.3,0.001757773015484,0.3,-0.0015619074483694,0.0023060576127003,-0.0074868040427107,0.0143006117038844,0.0064825503657886,0.0076313602418052,0.0070030803157328,-0.0026699185864407,-0.0371542661660555,0.0041519878018991,0.0066821403360268,0.0028466393655994,0.0051923398297173,0.0055367829468409,0.0031518149012246,-0.0030911925696726,0.0009509212593954,0.0016890668603473,-0.0012534820582743,-0.133400000000002,-0.068758678,-0.037367422,-0.2667,-0.1666,0.0333000000000006,-0.03555322328166,-0.0013661411678622,0.0009615142058052,5842,0.0389548846793435,0.0011207144019689,-0.0008907622079847,0.0025039372116291,0.0038421901354519,0.0024346289045551,0.0062667470116091,0.0011014188384237,-0.0012536112323253,0.0089224128289329,-0.0015895777558911,-0.0019101055664876,0.0081860426294593,-0.0059185826107945,0.0107026262915078,0.0024981325857051,0.0069741203987385,0.0861316159452583,-0.0062219329362758,-0.0006960600506289,-0.0010613929647584,-0.0024466522848385,-0.0027350490367483,0.0003566526448715,-0.0043496826794688,-0.0025389294562394,-0.0005842511335014,-0.0091292124006088,-0.0032975819008509,-0.0088536996823345,0.10114931153997,0.0016534321319823,-0.0003592537663141,0.0044602654811019,0.0072263950052171,0.0066707342573924,0.00836503705841,0.0050637662521024,0.0039928751800992,0.0047500314787223,2.51,0.13,0.33,1.7,-0.0599788688777938,0.0094277686602293,0.009392745263951,0.009605651077857,0.0133096133063599,0.0096967069475653,0.0119094938769759,0.0036155812801119,0.0032026251834054,-0.0032799409626758,0.0036800579563056,673.6357724,0.0008121337046951,0.0119095223438812,0.000652397720783,-0.0999999999999996,0.0999999999999996,0.0173,0.952200000000005,0.0843363695043546,0.0113051093438266,0.0105,0.0050890695074716,0.0005024335432342,-30.6899999999999,0.0189431429739759,383775.7,0.0057374047910983,-0.0039413219707302,-18.6800000000001,0.0310322511453149
2017-03-01,0.004857087331036,0.0076592248829552,0.0080173109508585,0.0070454953648049,0.0094308939439162,-0.0026706235062299,0.0128579570830638,0.0065312609523102,0.0099489176776224,0.0230978982622192,0.0,-0.0027784799702175,-1.7,-0.0048524742250499,-0.0019135813275443,0.0240510232780995,0.0153677250186348,0.0103199599781085,0.0051128649338467,0.0053545883140317,-0.004071658756116,-0.0377815506185932,0.0045802946480684,0.0056094213654969,0.0007103954917564,0.004806758323042,0.0059044349529777,0.0033742483680718,0.0128173508833136,0.0021362457431397,0.0047272356123109,9.29021021374155e-05,0.133400000000002,-0.139564301,-0.0697385430000002,-1.2,-0.2334,-0.166600000000001,-0.026745068490424,0.0045163224850268,0.0034336531412764,5784,-0.0581358555030222,0.0012460528328794,0.0011910866236659,-9.72376564716271e-05,-0.0015927489752156,0.0007161663918946,0.0030192153559172,0.008400357847444,0.0004326702277932,0.0002637898545589,0.0005060080934686,0.004528397961752,0.0092269724202465,0.0181752872175274,-0.0006571404370019,0.0050681031843016,-0.0074876123859448,-0.0120817534848472,0.0014407635872748,-0.0010221865787798,-0.0011098526742934,0.0091564878759955,0.0099166514956037,-0.0016719592641516,0.0007051233629846,0.0005394719657561,0.000533544512896,0.0222035514061174,0.0198050947815585,0.016665939626896,0.0453165804757072,0.000562673311387,-0.002205694991106,0.0029087110081951,0.0016245645755139,0.0016808671996351,0.0008447305409795,0.0078756506118269,0.008321402110984,-0.0019614128456151,2.2167,0.12,0.3,1.85,0.0353442541071027,0.0136558502245583,-0.0093490998964966,0.005886481534997,0.0094916277591732,0.0039788576635384,0.009353499321735,0.0171127417727757,-0.0007988121966118,-0.0111187558110295,0.0198811973611672,680.1074984,0.0199485962506749,0.0087221585146473,0.0210534874868049,0.199999999999999,0.200000000000001,0.0257000000000001,-0.116899999999987,0.0695543200137561,-0.0083436066857571,0.0098,-0.0088065459076038,0.0158801358556158,-47.4300000000001,0.0138914109973953,364662.73,0.0034889536849434,-0.0041927672297941,-35.08,0.0649767824410787
2017-06-01,0.005583111012978,0.0049471381700083,0.0126445303291272,0.0023495692623392,0.0094976207944474,0.0156122463022754,0.0099187113504601,0.0188524374790635,0.0111902767900656,0.0055647470241853,0.1,0.0028262713872422,2.2,-0.0068368130993352,0.0013192790408078,0.0033664980525145,0.0094611577353322,0.0108470684421942,0.0068505875676869,0.0065248143248029,0.0142044311476122,0.0506021246364003,0.0043659317177837,0.0058374934537077,-0.0039134352217633,0.00533551327179,0.0084906227132552,0.0039994257280682,0.0286235975562734,-0.0028493429838034,0.0029029468961923,0.0011605799561369,0.0,-0.152023295,-0.0568726099999999,-0.133299999999998,-0.3333,-0.1334,-0.0534716581516186,0.0064911151238735,0.0062912883508179,6074,-0.134538023264089,-0.0038069188066733,-0.0012918094860525,-0.002411185560426,0.0019621324222374,-0.0030202149187026,-0.0115252864391913,-0.0051689420987708,-0.0002469238403195,-0.0147330626768243,1.56718474872974e-05,-0.0013265884429944,-0.0144624397727124,-0.0047871184103618,-0.0009697882156034,-4.55565215435882e-05,-0.0012696773446663,-0.118205019152684,-0.0025792501832357,6.18693226162037e-06,0.0010156085304116,-0.0039926286598213,-0.0075751211032208,-0.0006047770064903,0.0073061301467882,-0.0030210484801109,-0.0025047607724442,-0.0124917164872196,0.0007882956263784,-0.0141807307177846,-0.0539870505509166,0.0022003406375343,0.0039008677636953,0.0050298374775978,0.0046572298772735,0.0005529611208165,3.01557544739595e-05,0.0057309627999799,0.0055895833721599,-0.0031402555063593,2.2333,0.12,0.23,1.37,0.0131081201335093,0.0223998586940963,-0.0062905988547985,0.0025266274658601,0.0085155170558906,0.0062769184210935,0.008617971944794,0.0170909293831532,0.0069425027708298,-0.003904543354837,0.0186344123733537,685.4243675,0.0153345506929483,0.0222986181438536,0.0163405188961416,0.0,0.0,0.0775,0.0132999999999868,0.0142098643338944,0.0004927322100183,0.0099,0.0419386892203302,0.061373202510806,74.1400000000001,0.0173343920232725,376400.88,0.0334903309453587,0.0454459280333257,30.18,-0.014347435051433
2017-09-01,0.0078543152568482,0.0067547506616296,0.0253794331419082,0.004178462806875,0.0057353204616053,0.0165211479679161,0.0075977663758681,0.0165434093715087,0.0095947938214369,0.0007632132633093,0.3,0.0012376509211229,-0.2,0.007546547039114,0.0023488132129374,0.0058640278361075,0.0038194008357566,0.0069626039237942,0.0103680813372113,0.0098376886609727,-0.0413721955841897,-0.0168052146957907,0.0042532937261619,0.0055457493110289,0.0026106814400721,0.0053717482179269,0.0056550574950584,0.002599729952033,0.0137662940972234,-0.0004757046111825,-0.0021280033687123,0.0002783383220261,0.100000000000001,-0.0398098710000001,-0.0022133740000001,-0.733400000000001,0.1,-0.0999999999999996,-0.0096619109117366,0.001931149633835,0.0024415149513386,6278,-0.0327563591331579,0.0015159781128142,-0.0003206808978513,0.0025016063291429,-0.0020909684525705,0.0029361247414501,0.0065095619648616,-0.0027761128163135,-0.0007914433242897,0.0111969380232271,-0.0008226206842651,-0.0068665589893584,-0.0034688928490727,0.0060136765896139,-0.0077833656080441,-0.0014033391222216,0.0029252426115551,0.088467784782174,0.003186793959621,-2.43543392404177e-05,-0.000942425411222,-0.0048190271288612,0.0036010862491666,-0.0020064051208512,-0.0064912895669095,0.0032818061824189,0.001228108612465,-0.0050626651759095,-0.0182037290265864,0.0002958220254711,-0.0084566567608916,0.0105832477168173,0.0048068687035338,0.0078262442371936,0.0080460606290824,0.007918950155072,0.0079095326249056,0.0049703333033228,0.0047207168730265,0.0056413823166812,2.09,0.09,0.21,1.21,0.0144864577733941,0.0153087185990657,0.0052791755725705,0.0075017057193589,0.0087214595293438,0.0065902561863318,0.0088797908888107,0.0127515451195688,0.0068021523469568,-0.0001604370253351,0.0136479934910714,690.0220581,0.0126782332718189,0.0129681175654675,0.0135940634452005,0.0,-0.0999999999999996,0.0348999999999999,-0.0054999999999836,0.0179027203836277,0.0083395136254562,0.0107,-0.0107720969819112,0.0142034828561179,86.4300000000001,0.0138023452176128,408235.52,0.0081034770032637,0.0040526942490366,38.51,-0.0673871884636617
2017-12-01,0.0112074277693939,0.0108694270418894,0.0363667721141505,0.006245723815331,0.0128863364521381,0.018631499558909,0.0228440481381647,0.0302340613784713,0.0236056956759407,0.0201952129154037,0.2,0.0089430730819071,5.5,0.0054900839577758,0.0063456943611379,0.025574651343887,0.0275878680984567,0.0061802555465604,0.0135803334248479,0.0134862875972797,0.02984060256688,0.0236222257260854,0.0033155123262549,0.0036325726797805,0.0007108162755065,0.0036563128108788,0.0013211173583638,0.0039731719786573,0.0111677781222088,-0.0023817803328212,-0.0012272843319358,0.0033802611328344,-0.2667,-0.0667494289999997,-0.0764308859999999,1.2667,-0.1667,-0.2,-0.0803706232887027,0.0064467817600419,0.0062864152909858,6338,0.0895229708174536,0.0024540151374488,0.0014198299586984,0.0008468309526206,-0.0014133959766029,0.0005822058488442,0.0043701443925279,0.0060296819405554,0.001552231637147,0.0035566870649308,0.0021461394055313,0.0127691003896713,0.008277457115021,-0.0098788559954314,0.0147995222724226,0.0002886563817412,-0.0027841944588269,0.0508364383483189,-0.0058644182324236,-0.0001428597848365,0.0038024260754339,0.0082155027409207,-0.0044109768378257,0.0070848721442082,0.0032957354620952,-0.0006713249079144,0.0018576453031915,0.0039039108412648,0.0077040799608312,0.0050500263797079,0.169209280374171,-0.000601866714236,0.0036403427027154,0.0054114566709673,0.0049750605333862,0.0073025297069779,0.0070357741865922,0.0058585855354769,0.0060383473118506,0.0045360594189549,1.9,0.15,0.35,1.16,-0.0071593917354082,0.0056210732046242,0.0047008740304743,0.0195668025999503,0.0087364567055754,0.0065658341418757,0.0104041236272874,0.0185486683312863,0.0082689741068549,0.0020887169744314,0.0200832077451629,699.6824204,0.0210824851684315,0.0110263712718961,0.0221715437512771,0.300000000000001,0.299999999999999,0.0413,-0.256400000000014,0.109919636759896,-0.0108056061206496,0.0168,0.0103255687315804,0.0306524723068993,706.38,0.0130552079242907,657965.85,0.0120558201036651,0.0111701099788863,339.96,-0.464253528816857
2018-03-01,0.0081011945491695,0.0072149547184636,0.0127422665815136,0.0063242828985536,0.0072971796485061,0.0150807503243158,0.0171721283004835,0.0175359665895822,0.0275952487527773,-0.0190407346293817,0.2,0.0021034961922445,4.1,-0.017348213699627,-0.0026710426176759,0.006453892082213,0.0041320657695163,0.0104412540524397,0.0090528469030344,0.009290462668428,0.0286800994058831,0.0058383558574535,0.0049275335974883,0.005764935364052,0.0021294222866101,0.0062986529046771,0.0041788913677649,0.0021814073006769,0.0229126979664951,-0.001312426357253,0.0,0.0024700729342601,0.166699999999999,-0.0389622540000003,-0.102961023,-0.799999999999999,-0.2,-0.0665999999999998,0.0399689351224506,0.0044495829469708,0.0052893405671801,6664,0.140878280216687,0.0009908510970246,0.0019060077260952,0.0003780145982679,0.0032315156626463,9.86657954422654e-05,0.0006334115897521,0.0014671828284162,0.0011775326817149,0.0002145895576317,0.0004594445256893,-0.0003003567339225,0.0098548230385224,0.0007746185771448,-0.0060282301285541,0.000716061511274,0.010978419363755,-0.0359460133044847,0.0063765418517149,1.68718658342115e-05,-0.0024126524668099,-0.0035713220746114,0.0027109266340179,-0.004218218632074,0.0031488978700027,0.0089443360456451,0.0014626042169956,0.0073308302389705,-0.0043334735556444,0.0043654937707859,0.116799000578425,0.0069007023062739,0.0030797376523796,-0.0018733186501389,-0.0009018160807405,0.0037645103913828,0.0048504221896941,0.0026543867414989,0.0027632671654611,0.0094839050087589,1.71,0.18,0.38,1.2,-0.0177597768956508,-0.0010943165034342,-0.0038723332573811,0.0060185942969948,0.0061519664929559,0.0039666167233107,0.0062473822776549,0.0030355074615702,-0.003197291365506,-0.013638560469226,0.003957223408495,695.1603251,-0.0012653432705089,0.0157592539313853,-0.0017604555981414,0.0,0.0999999999999996,0.0772999999999999,0.0435999999999979,0.0068061096457441,0.01178216869826,0.0093,0.0088928998692483,-0.0062720537613199,-832.33,0.0066335994748847,359933.75,0.0051459073109541,0.0030791022347038,-408.71,0.609866621450596
2018-06-01,0.0052942123037684,0.0053398995708278,0.0057224353918119,0.0067308530580678,0.000672072786509,-0.0001514118744943,0.0102950179080032,0.0017205254051253,0.011269940857547,0.0068797264850379,0.0,0.0071428688461896,2.9,0.0038998267942691,0.0071323193189876,0.0054128669999951,0.0012895143159887,0.0089310230441785,0.0050243304155097,0.0054517231140769,-0.0053332787678481,0.0117965856787325,0.0052202580428364,0.0040935177128176,0.006478602043531,0.0068782413182955,0.0024211140719998,0.0036632117080692,0.0274627924166797,0.0017892293196961,0.0037417113520952,0.0018888403100341,0.0666000000000011,-0.0521783289999997,-0.0504508330000001,-1.0,0.0333999999999999,-0.1334,-0.0277348966978064,0.0045578390729925,0.0050649484522686,7041,-0.153324492220321,-0.0017345306401646,-0.0009898939583443,0.0005859701492285,-0.0004690942955587,0.0015687340289192,-0.0027074566072347,-0.0012653358722358,-0.0012802169659531,-0.0034468011693444,-0.0010835204449994,-0.0042355967983924,0.003667930756964,-0.0001076787693019,-0.003321602304176,-0.0026519015385977,0.0054718473278372,-0.0218223080772857,-0.0019922554687212,-0.0006164555823442,0.0017146830045984,0.0022161509477438,-0.0028952043753749,0.002951107326063,-0.0062078362101987,-0.0064740871398703,-0.0020105161304639,0.0027185189795879,-0.0067645607988806,0.0033312018072155,0.0801779123242143,0.0008426706063597,0.0004139113810532,-0.000327447549302,-0.0002280603477391,-3.94488988879615e-05,0.0008865336133583,0.0042245381790388,0.0050610041581826,0.0104776631758838,1.8567,0.16,0.41,1.08,-0.0434205134067138,-0.0021236521082759,0.0234895988473109,0.0138655986029104,0.0059417024264032,0.0012936314419462,0.003093065061039,0.0068966151377374,0.0027684236801306,-0.0061626130063752,0.0075034287531341,694.168641,0.0063102712687808,0.0086145804434139,0.0064075407450445,0.0,-0.0999999999999996,0.0831000000000002,-0.0661000000000058,0.0006548268811954,0.005354113544727,0.0093,0.0030939251199484,0.0007521037777227,-1.81999999999994,0.0058533256199062,361098.65,0.0093922753316704,0.0107502423670152,3.99000000000001,0.0026221215643307
2018-09-01,0.0062176048252258,0.0045982557644599,0.007219295609353,0.00462824342938,0.003208561795116,0.0299584605210761,0.0026804995803875,1.90187057960145e-05,0.0061431567188474,-0.0094657727249165,0.5,0.0078730227991137,5.2,0.0178265992068152,0.004932505353115,-0.0125610901184912,0.013962418553934,0.0104920445697108,0.0072729700653111,0.0070498317069391,-0.0019700855065076,-0.0135258055364709,0.0040393981332851,0.0043583501704898,0.0002348086402257,0.0048594098102618,0.0040902320967113,-0.000400005720925,0.0123204843880407,0.0016670758703272,0.0001287618313536,-0.0002992162977619,-0.133300000000006,-0.149724606,0.008172954,-0.1333,-0.2,-0.0666000000000002,-0.0768550756889166,0.0052717729478475,0.0043252535321585,7270,0.030362957188057,-0.0018836446086165,-0.002170701310562,-0.0026381840931355,-0.0004824206861142,-0.0036007553725294,-0.0043211914968992,-0.0023823625524279,-0.0007699485488386,-0.0053302686948324,-0.0008974534212526,0.0020818009188641,-0.0152851947413337,0.0045204839295536,-0.0069670413833185,0.002977946135374,-0.0307786257481633,-0.0051877962443969,-0.0040864429494478,-0.0006518626781053,-0.0029113409637719,0.0024124918222847,0.0029787699779264,-0.005336333462238,-0.0009280606244557,0.0031595735675553,-0.0015810439446006,-0.0126959328785192,0.0036803098094173,-0.0074721060317521,0.025447236017544,0.0078930333513391,0.0006925990338877,0.0054435099479759,0.0043045293640195,0.0029445239873453,0.0017707128792903,0.006871057785351,0.0068256972994094,0.0006335622491873,1.8867,0.16,0.43,0.89,-0.0305809679472491,0.0061984838381103,0.0134264351882232,0.0043602755448786,0.0078289866984651,0.0031328281932196,0.0087751156707405,0.0148690408543146,0.0076077349376593,-0.002884324245759,0.0159295832018156,697.9534659,0.0167688794201002,0.0092883632549991,0.0176212050596405,-0.200000000000001,0.0999999999999996,0.0776999999999999,-0.453799999999973,0.0122910707791508,0.0125423737770909,0.0096,0.0074742049418441,0.0066165311611872,25.99,0.0094687956527757,371779.71,0.0096065700489198,0.0062730910201231,12.99,-0.0196814943561741
2018-12-01,0.0014154399831838,0.003119319729695,0.0017264384422102,0.0021932635991213,0.0068645547253289,0.0006724855899999,0.0025862691187441,0.0129813480308014,0.0090099938069938,-0.0202451891269888,0.5,0.0013551389197701,1.9,-0.0039106273735836,-0.0006818051639712,0.0041461301511267,0.0103942812011777,0.009485836627519,0.0013656211850916,0.0013848020215432,0.0189714239784351,0.0369471657811626,0.0031768226480277,0.0045356023555331,0.0037492486801094,0.0033576915516313,0.0026904200699302,0.0017132092591918,0.0058783349437021,0.0020205391078125,-0.0005151854828007,0.0017479753294935,0.133300000000006,0.0791518359999999,-0.039496534,-0.300000000000001,0.0666000000000002,0.0,0.0155041865359653,0.0024155191661892,0.0030975659548033,7462,-0.0488368895557443,0.0004370735813914,0.0014751232350178,-0.0002809904087515,-0.0024846277879158,-0.000304574195864,-0.000241345184289,0.0035759829128281,0.00073078631008,-0.0021666897378533,0.0005660657429498,0.0027054166167888,0.0159113139662592,-0.0014041507176365,-0.004955417032372,0.0007588840394081,0.0218256548986195,-0.0447357008566547,0.0002556785232883,0.0016742649043202,0.0023927115215718,0.0034840422774715,-0.0024301199794862,0.0018775219236797,-0.0017346094134964,-0.003874891904819,0.0021437515501334,-0.0114842672908368,0.026027136948418,-0.0201330866839724,-0.17099282197952,0.0061805079903241,0.0058119458236567,-0.0005923995315573,-0.0002468855401804,-0.001732181603514,-0.0010226960730888,0.0047331245437201,0.0050985950425532,0.0008376351906917,2.1067,0.13,0.35,0.72,-0.03854843422521,0.0063408654146242,0.0237264268433268,0.0069327875915776,0.0081670293373328,0.0023358802158384,0.0077424966349148,-0.0353252393829635,0.0034395540363085,-0.0060462345503484,-0.0410902367066619,663.5315091,-0.0486165289204212,0.0028669895606015,-0.0525297819458537,-0.0999999999999996,0.0,0.0128000000000001,0.220399999999984,-0.0308286669246893,0.0227497963009808,0.01,-0.0052701044242371,-0.057662692376713,-40.41,0.00924252938138,381463.23,-0.0001954776199433,-0.0062940733488972,5.18000000000001,-0.0164704557152167
2019-03-01,0.0062237729072673,0.0015827664161935,-0.0087938390414734,0.0010321122893266,0.0086576811900585,0.0082291479619183,0.0028256300754172,0.0054886900949275,0.0067326973018024,-0.011306317383271,0.5,0.0137363952526339,4.4,0.0021375036395081,0.0155011959805078,0.0093333880970147,-0.0006128760700914,0.0122222890607393,0.0086789404796103,0.0079446782005963,-0.0408576686384636,-0.0041163204025975,0.0034750517102697,0.0061038411674854,-0.001990026995637,0.0022950226982008,0.0072403094920581,0.0033607789789513,0.0053956967864659,0.000830835013077,0.001416150859729,0.0025245538057117,0.133399999999995,0.0285702250000002,-0.010192815,0.8666,-0.0333000000000001,0.0,0.0141286890936243,7.81379721637165e-05,0.0002243716384153,7295,-0.0390244576527188,-0.0017531584851449,-0.0006546308885813,-0.0009064847949717,0.0037982010248267,-0.0012829349801943,-0.0023260952152801,0.0036102693510917,-0.0015193814458376,-0.005321434416011,-0.001507365693202,0.0061203024788456,0.0013239743220436,-4.3360541436499e-05,0.0087527117976975,0.0043516889600798,-0.0089882617642373,-0.0592977833142374,0.0031272234460271,-0.0008770179217805,-0.0019307472198253,-0.0111928479981431,0.0014057865186281,0.0070942403444149,-0.0092084118021436,0.0005978301846401,0.0007830409769145,-0.0090039307974993,-0.0197637541199924,-0.0117696497797759,-0.103818382591888,-0.0008104033111862,0.0027152526208102,0.0209536129364469,0.0211671898566212,0.0084552583689792,0.0078596263123627,0.0157162582073997,0.0149309083319737,-0.0148300529746637,2.3167,0.06,0.15,0.27,-0.0335334134848413,0.0005641778121479,0.0196139080376181,0.0083878727172921,0.00892659412977,0.0041540151219567,0.0079425170089813,0.0468762848183619,-0.0020391982271093,-0.0142615083408852,0.054108993671834,691.9149444,0.0578321069909453,0.0155386618701208,0.0612768476317935,-0.0999999999999996,-0.399999999999999,-0.0334000000000001,-0.617500000000007,-0.0433593895503783,0.0404095383378769,0.0098,0.0265060053648245,0.056909122867868,2.07999999999993,0.0027386747887092,362132.16,0.0112383698273959,0.0167561659158793,-19.08,0.0547439174999376
2019-06-01,0.0083167779328956,0.0084949376086012,0.0287176717712576,0.0045227883639693,0.011251145411034,0.0091495273747792,0.0183858693891157,0.0101171667132647,0.0188346311289473,0.0167269535356454,0.4,0.0134774515450378,4.1,0.002362921320449,0.0154978233438294,-0.0050780694541119,0.0055210503458411,-0.0007317699073006,0.009265252603841,0.0091015409887447,0.0240944232076181,-0.0330199166687501,0.0037831570962598,0.0064681109891502,0.0052591717635559,0.0060111951237633,0.0012117296926774,0.0048786005543188,-0.0085566387536681,0.0070930666566324,-0.0021894464210561,0.0035922336737783,-0.166699999999999,-0.205465035,0.0062785209999999,-0.3666,-0.1667,-0.2,-0.0433711816697038,0.0030134163614477,0.0033109388508991,7247,0.173781778968299,0.0035409089428535,0.0002123039559611,0.0018790152647651,-0.0014852179895594,0.0038885947893359,0.0090399967289958,-0.0075216621536027,0.0010653806643139,0.0173975182289103,0.001362370478632,-0.0136541205764242,-0.0110293725116755,-0.0102204475654775,0.0212504703260201,-0.0094895755450838,0.0028321726839699,0.171071842156554,0.0009512089313181,0.0005781249958465,0.0014594111696917,0.0024569812350829,-0.0005682209438351,-0.0035554893516014,0.0136664870850636,-0.0042440241551666,-0.002157030456062,0.0228930847543545,-0.004754736409378,0.0266633321480327,0.101227975197316,0.0020251600238356,0.0018507066392685,-0.0074846361742855,-0.0071131854481691,0.0059599342808232,0.0060921798077622,-0.0057863634410457,-0.0060439401251866,0.0214189514146188,2.2633,-0.02,-0.05,0.03,-0.0350624264391346,0.0075745616861819,-0.0031242698067766,0.011214661219487,0.0067897310578146,0.0060886027934561,0.0062455251689144,0.015371408276307,0.0086936237740005,0.0094253820024983,0.0163276844015794,703.8199292,0.0162973493147742,0.0126613407978482,0.0171704523754581,-0.0999999999999996,0.0,0.0563,0.545800000000014,0.0193745771906944,0.0134110190600056,0.01,0.0270744117649571,0.0483943357003405,53.11,-0.0007933695594086,363761.93,0.0164495363946173,0.0288407307012388,17.11,-0.0052837594727028
2019-09-01,0.0116321025809096,0.0112880493445857,0.0231603026524096,0.0099178019467292,0.0096117118900771,0.007855767918194,0.0105573175539444,-0.01498943068834,0.009606399099554,0.014006576995321,0.3,0.0113522545285463,5.1,0.0045930448350795,0.0107202014170831,0.0002111544797775,-0.0043618456261125,0.006721525919433,0.0140414357300722,0.0137644612425349,-0.0035149523718027,-0.0046297396641508,0.0035173897465288,0.0060140587118962,0.0026773544891423,0.0041740042189992,0.0050532122919335,0.0018092445762114,-0.021486587101796,0.0054041367106227,0.0071302694436141,-0.0021034371442585,0.2333,-0.0225694080000003,-0.012886899,-0.5,0.0333999999999999,-0.0667,-0.0598393726974304,0.003324684447155,0.0027766199406418,7115,-0.0025762141705438,-0.0031704172042097,-0.0005089898200854,-0.0017705446876066,-0.0021948638194926,-0.0040194092949779,-0.0083499314371282,-0.0007254468492954,-0.0007856685048741,-0.0121940301572758,-0.0011953950662189,0.0004513469334801,0.0012973174333401,0.0046396116899778,-0.0185639077712754,0.0026316354648514,0.0086136495011981,-0.118114136271508,-9.51938934576901e-05,-0.0009256827038122,-0.0005431506100226,-0.0014394160399824,-0.0027272204304313,-0.0032332226970517,-0.0074220355619623,0.0051901107582503,0.0014446106078178,-0.0179591630147584,0.004754736409378,-0.0170401553399504,-0.0564135521521374,0.0005062234674535,0.003228278500992,-0.0028786545832888,-0.0032482921392507,0.011267262489473,0.0104432031348933,-0.0102414940521971,-0.0106875166437694,0.0169554102195928,2.2233,-0.06,-0.14,-0.18,-0.0106137691331583,0.0165880314036624,0.0080455505881458,0.0101088264773681,0.0089367289829631,0.0036697061621833,0.008640623006153,0.0031078755870019,0.0085063737055897,0.0017848721872324,0.0023353306295756,700.7395721,0.0026153402684183,0.0045505612011425,0.0025346716739154,-0.200000000000001,-0.4,-0.0171000000000001,0.965699999999998,-0.0071768639420106,0.0228280325562009,0.01,-0.0020889917770152,0.0005763504930165,-24.67,0.0031437720152052,355842.58,0.0054777416354276,0.0065409991158489,-9.41000000000003,0.0251549759757905
2019-12-01,0.0067956359680536,0.0065381565773812,0.0078666417236759,0.0079709115322863,0.00088976639244,-0.0130453971559472,-0.0028607518276651,-0.0228433081433206,-0.0044382189164977,0.0028157404609823,0.1,0.0080543343903123,2.2,0.0149154014324644,0.0095586682783483,0.0060702660885647,-0.0189160663166223,0.0047860905017707,0.0070121701255025,0.0070015421918965,-0.0122727049379732,-0.010771333410954,0.0030966826051148,0.0059234243836243,0.0055645866467539,0.0013823005816888,0.0098117407915658,0.0012983772144963,-0.0229035022752715,-0.0022285974725688,0.0073339762822062,0.003632504593968,0.166699999999999,-0.0190136700000001,-0.030693194,-0.199999999999999,-0.0999999999999996,0.0667,0.0047262789457178,-0.0021179656024212,-0.0023975356676126,6959,0.160151469115877,0.0015230266483978,-0.0001999476648526,4.66838174917328e-05,-0.0025812832221934,-0.0002921919496126,0.0048664743838058,0.0017296702083937,-7.80880044537469e-06,0.0064872190610154,0.0004104656604484,0.0069149682130289,-0.007577769608436,0.0026984814575321,0.0018301208028539,0.0028144977828938,-0.0186847365162714,0.059605515470432,0.0033974215714636,-0.0002731706242169,0.0022893166763848,0.00763545598699,0.0082564545541261,-0.0029401628216367,-0.00667910907418,0.0005830294002571,0.0004704048415211,0.0068026858658338,0.0192332407930289,0.0032578708345063,-0.0261178485883429,0.0047531954134125,0.0044195201146255,0.0101698428379864,0.0098488480284206,0.0094027505685589,0.0091181684431358,0.0077899920040476,0.0078209545048029,-0.0069085562663033,2.12,-0.01,0.0,0.22,0.0193565549246824,0.0154936611636316,-0.0010299285312012,0.0121589413351684,0.0091888619284663,0.0096996214343718,0.0062169985231008,0.024021874035645,0.0079954788357934,0.0032093971359286,0.0263014312129606,715.9795961,0.0299557540970419,0.0064509737607778,0.0316911257000676,-0.0999999999999996,-0.5,-0.0158999999999998,0.559100000000001,0.0802537562525654,0.019342962843131,0.0101,-0.0020933648004635,0.0286395423691932,22.39,0.0034265749644344,354822.05,0.0033698369027845,0.0027369474932026,-1.77999999999997,0.0062986234275896
2020-03-01,-0.0140222649025183,-0.0170883535445459,-0.0475028145145044,-0.0222901808835267,0.0146295518224173,-0.0259513375639955,-0.0075937320743069,-0.05610182730591,-0.0191785526393851,0.0325008019213984,-0.2,0.0108172973859304,4.2,-0.0006435149109957,0.0110081072921986,-0.0437507386381153,-0.036913802635409,0.0065351246810294,-0.0195255631503608,-0.0191989305186304,-0.0332981394587142,-0.0843759192183242,-0.0001680512846338,0.0039840173854042,0.0072568423889514,-0.0012890517938561,-0.0083468644909405,-0.0006772009249935,-0.0356149776661256,0.0084191328868543,0.0060182057224267,0.0043916084056228,-0.2333,0.319565622,-0.049754592,0.533299999999999,0.2666,0.2,0.124770123634113,-0.0162665795442836,-0.0167875172572316,6689,0.0665967723636278,-0.0008483205175391,0.000728055671848,0.0010466747433302,0.0049409181627737,-0.0003582031006583,-0.0042455707279005,0.0021961763063274,0.000734728550892,-0.0075518821976645,0.000770057106834,0.0033450282240545,0.0132542007949326,-0.0019592272345905,-0.0104509615113635,0.0048554278604431,0.0076282582885109,-0.0786122410188712,-0.0036425812625706,0.0008415758384305,-0.0021834781853415,-0.0137744137735503,-0.0048859734448676,0.005527002660493,0.0090957277171694,0.0032164708304645,-0.0005274813767384,-0.0098058278604193,-0.0295428369281181,-0.0074853277254165,-0.193785324076702,0.0068301394855359,0.0023016300721936,0.0219574569273737,0.0212978679410947,-0.0027333480510476,-0.0029347329305204,0.0276572415186944,0.0281144928782711,-0.0348013688000179,2.5133,-0.02,-0.02,0.27,0.072202164282916,0.0234457943694411,0.0191190313347906,0.0085254524134166,0.0058435987541507,0.0094474036216016,0.0048387655356059,-0.0511181484839991,-0.0006341376190217,-0.0071692897976571,-0.0584427815775346,670.9360086,-0.0748826421657753,0.0168797583783089,-0.0804283597623314,-0.5,-0.4,-0.1013,0.09020000000001,-0.0549813341434451,0.0214790316771243,0.0113,0.0091782037708503,-0.0765286986867242,12.33,0.0264978551130604,398109.87,0.0167368306584272,0.0118485490112743,52.71,-0.088613788515846
2020-06-01,-0.0823925898951305,-0.0914920351145341,-0.0042205151321272,-0.123978882200339,-0.0333284454785581,-0.149724624407344,-0.0815827052380715,-0.120781203647565,-0.0838030904027285,-0.0743488422259526,-1.4,0.0213668597575651,32.9,-0.0667316601674592,-0.0090523500626407,-0.23720155940058,-0.187443215326902,0.0945543029643883,-0.0996390866242551,-0.0997657724212608,-0.568298185126721,0.0273781334385097,-0.139422895093732,-0.0974653103790235,-0.101249946550475,-0.096957299933516,-0.493563531597175,-0.211093274720568,-0.129549584436673,0.0053420054725963,-0.0381072174927564,-0.0755516247824417,-2.2667,9.159415698,0.021033909,15.9,8.0,10.0666,0.75318405092789,-0.144114974224807,-0.14557307418389,5462,-0.503314423975897,-0.0070718121425583,-0.006183567776782,-0.0077102733128713,-0.0031115149526623,-0.0129903718858779,-0.011499524763126,-0.0069140049245168,-0.0048474958815889,-0.0136802181515057,-0.0047801401163729,-0.0140219494398446,-0.0024161330077276,-0.0067511998511404,0.0049335771038974,0.0237537664832566,-0.0552555929547678,-0.218926466002967,-0.0015647742095961,-0.0018479688228172,0.0055399437801622,-0.0205306657705062,-0.0011773935516119,-0.0107927318848526,-0.0227752604978404,-0.0061818146390031,-0.0109332521134409,-0.0285888100750542,0.0225037138904476,-0.0348897132071357,-0.638158028370393,-0.0028814772191441,0.0097686747223826,0.0639013235075439,0.0631690441442236,0.045926818650087,0.0443472061513477,0.0101099289454947,0.0092513135908118,-0.0372698888226539,3.22,0.02,0.03,0.54,0.339778117451126,1.13372938804413,0.203192300407628,-0.0445624646838052,0.0052106478315785,0.009900001288253,-0.0163865339015068,0.0618925114251372,0.0017721554253977,-0.092782118204001,0.0705679105039181,655.0341299,0.0763650719174702,0.0212289136517505,0.0816476525817595,-2.0,-1.7,-0.813,-11.1645,-0.0481009760573148,0.0004165798852162,0.0124,-0.0016625107736132,0.0504947638614297,155.58,0.048614307727858,457606.71,0.0330098417822349,0.0203909155822277,64.78,-0.0906677740886792
2020-09-01,0.0753878140817523,0.0862253980713099,0.1743681628459,0.0769470974491782,0.067516417587365,0.16963563265741,0.0630664974408148,0.102042877274329,0.0428015589434843,0.126923306216359,0.5,-0.0155390977543242,-12.1,0.0634219377609693,-0.0051286667314025,0.117835532018765,0.154779803843997,-0.0361193218876359,0.0951236812571947,0.0954172407585867,0.705045857442539,0.0032107525452538,0.0576931496114188,0.0385311393640411,0.0104858266062759,0.0331095833853823,0.22312383624295,0.100475137898821,-0.0585701213423953,0.0620815332710967,0.0032752616835516,0.0030805363953323,0.7333,-4.656205926,0.45048899,-11.3667,-3.3333,-4.6666,-0.319000977121627,0.0781367864349356,0.0800128095995856,6455,0.301195707725883,0.012076041944022,0.0094976590526814,0.0121199937412975,0.0061730169483444,0.0231605231275447,0.0242171772110611,0.019650833122582,0.0062332101914339,0.0264052443343887,0.0062158054833441,0.0259754103605587,0.0149055522639241,0.0216186043200208,0.0062573690327631,-0.035899756832233,0.0736106514397639,0.380140478207439,0.0030573434565255,-0.0011027453739176,-0.0022195164149403,0.0238732660010932,-0.0052870239136355,0.0158393019236565,0.0332384603824263,0.00415688932007,0.0148331291852841,0.0717275906165655,-0.0333679990602844,0.0880418465951456,0.402486914713808,0.0032286756408375,0.0007831399012321,-0.0274312787525917,-0.0255749990759506,0.0151150952162586,0.0172850289525392,-0.0311695380447485,-0.030843531099328,0.0675318806370111,2.6633,0.01,0.02,0.54,-0.0528078282841911,0.290478250865611,-0.0592120900106261,-0.0173541155704546,0.005707888993049,-0.0063703034522415,-0.0022317235493467,0.0270463723864847,0.0077041270861357,0.0438234381782916,0.0297130875807827,699.6077355,0.030630135640374,0.0166219881811678,0.031349990357679,0.6,1.1,0.1905,4.87889999999999,0.0971966182454587,-0.0223214152732663,0.0096,0.0041511060023786,0.0417229807480641,-206.79,0.0151956980840371,367649.88,0.0190350693978374,0.0216352524892134,-117.95,0.23407472016061
2020-12-01,0.0107888456529874,0.0140217654294741,0.0113507807196234,0.0171395088497643,0.0055589555812076,0.0305112243561965,0.0370649604525806,0.0398151968414844,0.0264100353215326,0.0677872667770618,0.4,-0.0038473614742002,0.1,0.0307974764756729,-0.0064071301197321,0.0593028647670604,0.069947231651498,-0.0208891610144839,0.0138870880052453,0.0139240016889248,-0.0080462058426995,-0.0252614059926586,0.0171720902441788,0.010245443645541,0.0168238751197674,0.0238975658968474,0.0337955536262005,0.0095388298090206,-0.0142944652963903,-0.0464526354227992,-0.0039315953926468,0.0048703395858584,0.0334000000000003,-3.275310434,1.211661659,-2.7666,-1.6,-2.6,-0.135497658318261,0.0229237595556304,0.0217012936843224,6818,-0.13833670000684,-0.0032494156571853,-0.0030525231882085,-0.0019938213479111,-0.0012414970444325,-0.0048207655178416,-0.006382385902782,-0.0031395611577727,-0.0016637107370582,-0.0082204726182277,-0.0019612417264696,0.005317500635118,-0.0092684872534825,-0.0049738662248604,-0.0097655511745546,0.0048167660545388,-0.009708337330057,-0.0816502929354925,-0.0084235654758488,0.0003511905052837,-0.0039569860409267,0.0156530439573377,0.0108066018419768,-0.003870928407319,-0.0105890876802093,-0.0035046228641295,-0.0036100842360129,-0.0092667928521628,0.0266062997491128,-0.0214859685666138,0.0791710346237959,0.0044566917492772,0.0042052390378311,0.0185410631278495,0.0169311619945081,-0.0078092675461025,-0.0089943738504416,0.0325457703616499,0.032964205673081,-0.0317105341001662,2.4367,0.01,0.02,0.77,0.0487841927625876,0.0302114368450201,-0.0664481696229595,-0.0022576078231422,0.0043719547721714,-0.0104807995272758,-0.0001721500808695,0.0546328789316011,0.0111923741935147,0.0320815131912049,0.0604132029050728,758.863661,0.0645257977185842,0.0250788725444693,0.0674704538102109,0.600000000000001,0.799999999999999,0.166,2.63929999999999,0.0952092538672105,-0.0158835706736062,0.0108,0.017248887609556,0.0666990371564236,223.33,0.0211621618316258,431747.18,0.0205834330338455,0.0194884553213654,85.9,-0.139546964249964
2021-03-01,0.0137074831060513,0.0226246014788387,0.068007963334682,0.012900182017594,0.0258733517669381,-0.0061284737381566,0.0225508797858662,0.0129618917008374,0.0227973333679961,0.0213784598763169,-0.2,0.0127578766534988,17.2,0.0361652625529647,-0.0040895227775683,0.0008274806373371,0.0199334533679085,0.113790853556445,0.0174659549374576,0.0176325353540872,-0.033944036520503,0.0372925318237289,0.0071672677784917,0.0049342703004189,0.0242946942477378,0.0187945641340512,-0.0034101880658941,-0.002188396165792,-0.018771486700798,-0.0134307249136674,0.0172490950180499,0.0020627296010538,-0.133399999999995,-0.694253272,0.188071988,-0.5,-0.6,-0.4,-0.0861416831507231,0.0095417337102592,0.0096083935953226,7841,0.200933403988553,0.0063898892319826,0.0038827391422939,0.0058520411179765,0.0001641452191361,0.0089148891106276,0.0101490729783587,-0.0041705585735867,0.0044546816917447,0.0182238900486267,0.0038820309736618,-0.0249241064586538,-0.0060978477144733,0.0131667664465889,0.0146579674041414,0.0028155164092424,0.0059005705953874,0.141353748940455,0.0083004945306113,0.0005358151096706,0.0099734772466568,-0.0113981235952609,-0.0087567914199642,-1.6179892199375e-06,0.0134643509594028,0.0018689899338175,-0.0023310685363098,0.0360680014670995,0.0050219587760551,0.0450007892462017,0.323114368780741,0.0003942715812907,0.0026817213427627,-0.0082291667326082,-0.0083393104031843,0.0078451555039027,0.0080788119277155,-0.0060677705193619,-0.0057212232091554,0.0431965039052624,2.15,0.02,0.03,1.27,0.073044500630318,0.0309285981296377,-0.0327337013867881,-0.0034073356816222,0.0038967282091722,-0.008822421966018,0.0003160186530681,0.0260974259006819,0.0013740468235692,-0.112416809685219,0.0292626092611066,697.3544757,0.0255996395713112,0.0276127401987338,0.0264198619402016,0.199999999999999,0.300000000000001,0.157,-15.4957,0.140731657765876,-0.0056411518656798,0.01,0.0024400174773657,0.0205167887888376,-58.3599999999999,0.0057051070688238,404680.87,0.0076225261082854,0.0091377580695351,-34.74,0.0704465241794754
2021-06-01,0.0155784717651741,0.0329835222922501,0.0346160638222957,0.0324971650062924,0.033178132297067,-0.0164113515016382,0.0134701180056549,0.0207483614712922,0.0214066595852271,-0.0088494057716594,-0.7,-0.0107913655288066,-8.0,0.0382322736028105,-0.0044665627092355,0.0079262995391875,0.0199401932687007,-0.0812252707154713,0.0183289522002861,0.0180304717182818,-0.0613961145607522,0.0257197245754091,0.0121553422940597,0.0076384360505787,0.0191141763669931,0.008471949571275,0.0541812606781562,0.0130590750412072,0.0211680725573977,0.0019627207245349,0.0041216055255635,0.0082807686926518,0.199999999999996,-0.208753033,-0.129390401,-2.9334,-0.1333,-0.3667,-0.165459470834902,0.0167157964804492,0.0179502004522973,9835,0.0831294825952282,0.0042291714831614,0.0059959723671561,0.0024169740334185,0.0015438406462466,0.0023589448148069,0.0073719493117234,0.0290003274114667,0.0025565969446983,-0.0050338540251759,0.0023240958953891,0.0635748780674588,0.0216158301792362,-0.0017681299452103,0.0160232707892831,0.0049578520747175,0.0040449566480464,-0.0966449349056964,0.0009735114798825,0.0038127420078684,-0.0097458177264826,0.0363847580399401,0.0147265579136731,0.0104737001516888,0.0017805228120799,0.0018453834069909,0.013417023671253,0.0061683646211889,0.0239635722575473,-0.0023559931339409,0.133538138862652,0.0024982025134359,-0.0023158725612773,-0.0040086379537003,-0.0030250632156487,0.0003857142264243,0.0013192199670575,0.0153817787032651,0.0153378377695059,0.0158581496836137,1.9633,0.02,0.03,1.57,0.0729110325888218,0.0270407584719159,-0.0344896986334522,-0.0002156678085727,0.012991617184694,-0.0163663946890154,0.0097112163236321,0.0315403984966611,0.0262466287658665,0.107471922898013,0.0322066565537913,781.1176721,0.0270686300047274,0.0450168190035676,0.0266230580877753,0.199999999999999,0.300000000000001,0.2509,11.2313,-0.0006127550915788,-0.0149060190856276,0.0099,0.0060741227449607,0.0334055655087582,40.3299999999999,0.0053999866794214,407428.78,0.0235070219152753,0.0366424568574324,21.29,-0.001367387008349
2021-09-01,0.0084923318178589,0.0077509203717216,-0.0712709550689121,0.0248045939523802,0.0009279829595243,0.0377854747249877,-0.0053597726743888,-0.0280441550780735,-0.0044321770514947,-0.0082638408256681,0.0,-0.0038732930247213,-7.5,0.0177574045904425,0.0057690680612996,0.0022409561566174,0.020506459720405,-0.0115565713622985,0.0083880691153748,0.0083137790098097,0.0007222909962525,0.0094491004505092,0.01566199574496,0.003973235243146,0.0276579856292338,0.0162826030287651,0.0573877927605331,0.0219372764782442,0.012489011570775,-0.0010386014435432,-0.0057362214400491,0.0121633640248646,0.100000000000001,-0.30805322,-0.503166695,-0.166600000000001,-0.8334,-0.8333,-0.123307491642027,0.0136286099307279,0.0145891909195504,10917,0.0165410459582409,-0.0017475078665683,-0.0023944932059656,-4.30257717427551e-05,0.0073508089967768,-0.0015569726358331,-0.0032421115720531,-0.0096313730625476,-0.000945283870851,0.0005251090125115,-0.0009706391834205,-0.0157599006019469,-0.0052360540943832,-0.0050190188406729,-0.009464036087416,0.0082869120664854,-0.0052060142916738,-0.0118320893045016,-0.0024992721465242,0.0009510590978631,-0.0005906746144059,-0.0243801973423343,-0.004470355218034,0.0072441519928423,-0.0072580367355152,0.0018771662027488,-0.0042814009137117,-0.0208425306487641,-0.0080588001235399,-0.0113073257346592,0.0663012918151722,-0.0004956888908993,0.0043947014616967,-0.0026783501041824,-0.0016885915170616,-0.0062074004172281,-0.0053144022746742,0.0194196792578722,0.0193122523607014,0.0115480204464005,1.9133,0.01,0.03,1.28,0.0238792346964773,0.0105409351773922,-0.0499060600421553,0.0152256379274647,0.0227965455028514,-0.0024723514768823,0.0219640878757001,0.0110907046777484,0.0073842366058833,0.018940816306948,0.0115548887542705,799.380677,0.0024343147886316,0.036508268189742,0.0010887156837817,0.0,0.199999999999999,0.295,4.68360000000001,-0.0149450125388881,-0.009318904802865,0.0106,0.0349103281155103,0.0398320626524331,144.33,0.0040391093156841,441175.28,0.0237347735498403,0.038362310353234,68.85,-0.0755370052962174
2021-12-01,0.0178709482072321,0.0108381737047409,0.0205378783987786,0.0106363299770926,0.0061937550823838,0.0623689614089908,0.007161257592207,0.0037452445530288,0.0083866389505722,0.0035290601748139,1.0,-0.0007077210109489,3.1,0.0171023221355195,-0.0058043530471545,0.0568054006601715,0.0471777599434446,-0.0113806163671981,0.0218087639732634,0.0219662726948631,0.0420929066581932,-0.0119345370588002,0.0156223865363945,0.005902454519246,0.0176834337103982,0.0224319090921554,0.0318648338768313,0.0143421162384207,0.0146672624901871,-0.0018490586462736,-0.0062244900443495,0.0009258930186746,0.166699999999999,-0.29966977,-0.590487599,0.200000000000001,-1.0666,-0.7667,-0.0532731724401803,0.0144233032937988,0.0149159704476345,11351,0.0655633881517721,0.0026620193952569,0.0009741904912914,0.0020137583196264,0.0044676582258613,0.0029690042633463,0.0076175848024577,0.0001626723935315,0.0001567427909741,0.0118634507108979,-0.0001956818846649,0.0006367756628415,0.0076677682391279,-0.0007539874450843,-0.0097814396703599,0.0048273614309231,0.0115640019998082,0.0429833003500386,0.0081823510720422,0.0039426169541343,0.0004975745549282,-0.0084726449822429,0.0020740718610134,-0.0062314332381081,-0.0031904201616006,-0.0008310409046696,0.0024253311474726,-0.0087456926973592,-0.0047954533130347,-0.0108293503710541,0.0871660896901005,0.0013116284884739,-0.0030018929705946,-0.0068967678062543,-0.0061702992442311,0.0068977264667955,0.0075450363321092,0.0071974471983766,0.0071324476583623,0.0373379610729536,1.7767,0.04,0.14,1.48,-0.0057834123363989,0.0065928996872877,-0.0081379653392534,0.0140287194098736,-0.0031029143121141,0.0026018307149211,0.0006366891036808,0.0123022701790738,0.0081049612186845,0.0194855549718733,0.0128255925761902,818.9667647,0.0139138876118547,0.0076354109345082,0.0133357803380267,0.5,0.4,0.3404,0.14439999999999,0.0089285767180058,-0.0044682826800506,0.0109,0.0147061473896954,0.0293871998112163,86.3700000000001,0.0091065859546724,460507.43,0.011429381294132,0.0128428622339101,30.53,-0.0337801411398866
2022-03-01,-0.0025778645150396,0.0024107021535666,-1.69871113806508e-05,0.0059411163553164,-0.0065804922138568,0.0178086155314059,0.0203316675923162,0.0378002415536889,0.0318144569073127,-0.0109371058128298,1.0,-0.0085333176597046,-8.5,0.0674965878407399,-0.0003153393708412,-0.0118193567747706,0.0313893988063896,-0.0289598439969581,-0.0051265760351615,-0.0052794173208079,0.0061546952566713,0.0312328423351573,0.0122297390097579,0.0051031900974223,0.0178205890774068,0.0149831844466313,0.0222779869421128,0.0068875583998711,0.0178938107673607,-0.0027800318752637,-0.0105267636903665,0.0038605033484966,0.333300000000001,0.0141061540000003,-0.384449546,-0.566700000000001,-0.4,-0.3,-0.0543524033945637,0.0086326990255063,0.0077915911220376,11708,0.0172190341354126,0.0022398676531052,0.0018609893459755,0.0033599779819821,0.0037998100556793,0.0039047810760575,0.0029725392604804,-0.001391607857859,0.0018090204811791,0.0054343905457212,0.0029286118927327,-0.0145974029206517,0.0117783833830352,0.0003401390573278,0.00532203070511,0.004890614133882,0.0004951329719791,0.004075258298994,0.0064309523956902,0.0010741580231625,0.0062669695688359,0.0170098543629562,0.000368444076825,-0.0045917845357648,0.002975402405946,0.0022091932950569,0.0008399086212493,0.0120038250885957,0.0182164295881639,0.0042629321119269,0.159388485478018,-0.0004474439086008,-8.70379567361468e-05,-0.0183476129627298,-0.0188078853832856,-0.0129169063924284,-0.013903567349753,0.0172680866597839,0.0167263053407911,0.0285030717150834,2.0067,0.29,0.66,1.63,-0.0677222006979195,-0.0049590406093731,0.0103394513887736,0.0149595089232344,-0.0036346985922861,0.002447474707127,0.0013183149323676,-0.0018810027437155,0.000975435954734,0.0299352513751838,-0.0022368490973363,841.1470036,-0.0260667581729113,0.0652305287438004,-0.0293482242484959,0.100000000000001,0.699999999999999,0.1976,0.164299999999997,-0.0591156481880883,0.012903404835908,0.0115,-0.0170480688347765,-0.0499908731098238,-15.6100000000001,0.0069371975398659,482088.58,0.0053726525967228,0.0049931976848185,30.04,-0.0388616780307611
2022-06-01,0.0007015482908396,0.0063607840508339,-0.0056144087218612,0.0116816857424027,-0.0028700393346099,-0.0223402982061973,0.0048998690817576,0.0026532856041461,0.017565009623965,-0.03052504735476,0.5,-0.003751771465529,-3.3,-0.0104781240966716,-0.001103441473063,0.0298365399441698,0.0144041462995705,-0.004601682270394,-0.0008438003155113,-0.0009852997603694,0.0207951134024338,-0.0020476083260998,0.0090295810750422,0.0090269050782154,0.01914460474568,0.0073268007549653,0.0164099697819431,0.0066053672577233,0.0331956218281668,-0.004534100605742,0.0039359799169034,0.0034452708919783,0.0,-0.0441679100000001,-0.141319536,0.2667,-0.1334,-0.2667,-0.0017522638031195,0.0059516508858452,0.0066840848971523,11483,0.0449368913550074,-0.0004004407509903,-0.0030594842578421,0.0019391605755565,-0.0010399427303493,0.0026801133886165,-0.0032906159171979,-0.0186672868337929,0.0011064512781509,0.0049573415473327,0.0006211865606964,-0.0322800580997082,-0.0194845842948199,-0.0084436000078786,-0.0041562570075992,0.0071033130613855,-0.0136179641400851,0.0335187959383942,-0.0039887507814331,0.0049202826532814,-0.0066442249459202,0.0360205017868687,-0.0025049969760662,0.0023369091643052,-0.0073022357369367,-0.0010957371213331,-0.0018460041838768,0.0298123959478396,-0.0023576068373811,0.0338718890338612,0.151615322590561,0.0053191558399206,0.0009055125444579,-0.0225167208128303,-0.0215548112605166,-0.0075364075499173,-0.0069472861426644,0.0095407517933185,0.0091767909583717,0.0438602875543346,2.0867,0.52,1.12,1.85,-0.0968353097193573,-0.0200058419726243,0.030329110208803,0.0264571211078213,0.0045634823242153,0.0151246551137696,0.0103284163933601,-0.0434132024668106,0.0070662409710546,0.0116679292150037,-0.0498950079727933,803.8986263,-0.0753538662221285,0.0366457718383479,-0.0813187178046366,0.6,0.300000000000001,0.0509000000000002,0.440799999999996,-0.0098048249328162,0.0074873725696185,0.0112,-0.0106070528957218,-0.0759491811274824,-138.86,0.003811212269305,470155.97,0.0096059881030718,0.015137273095899,-9.55999999999995,0.0288745804985364
2022-09-01,0.0067095227320557,0.0037845202543813,-0.0048303303531795,0.0086373137460888,-0.0061837442593901,-0.0147285919546825,-0.0045190473986149,0.0160275197773503,0.0185329270684811,-0.0726689001841736,0.3,0.0038826062641117,-0.4,-0.0172531748340905,0.006748555480752,0.0338315875414485,-0.0139901237181235,0.0160253762417284,0.0064335395890351,0.0063346881306838,-0.0064556155123138,-0.0142720496633721,0.0087579643544426,0.0121510854754519,0.0113779196628929,0.0079641740171148,0.0186508142561514,0.0077876026452923,0.0180975610033203,0.0002329954571882,0.0104208445954939,0.0085148820290061,0.0,0.016494078,-0.116429031,0.1333,-0.1,-0.2,-0.005779152612737,0.0067109513231811,0.0069165976446328,10813,0.0192731492352181,-0.0066721583775137,0.0009199401662591,-0.0112380938081786,-0.0048230227545778,-0.0152722203520179,-0.0189438184674744,0.0041514940133913,-0.0004098752808552,-0.0315334527632567,-0.0001301277667309,0.008687848878778,-0.0101070477668586,0.0061716432299778,0.0125022341134136,-0.0032923115959135,0.0008220744822091,-0.231871856564331,0.0040774563285657,0.0029088338373535,0.0047028706145191,-0.0411748135988477,-0.0006095029732176,-0.0032614740115839,0.0001979569216397,0.0022856489515552,0.0009212659210442,-0.0868537782933458,-0.0164053063927581,-0.0878418445601445,-0.159126048192396,0.003113851975347,-0.0037626809728386,0.0044624453806392,0.0043596644014023,-0.0004757765769785,-0.0003746841502172,0.0176729352861758,0.0178817297133085,0.000828720172068,2.2433,0.48,0.73,0.44,-0.0404416464666308,-0.0249285834207296,0.0288439493850658,0.01302360675973,0.0008831597202174,0.0159611294938689,0.0060169498636035,-0.0315926171215821,0.0037168436882648,-0.0123084985961786,-0.0363515191246719,762.8765556,-0.0286794050551524,-0.0385324319053133,-0.0315219343948794,-0.0999999999999996,-0.700000000000001,-0.0634000000000001,-1.0899,0.0263912207976258,0.0217022406386564,0.0105,0.0039416684853326,-0.0268112958299938,-133.03,0.0177299443749455,439527.86,-5.92783873010205e-05,-0.0118988373893369,-63.83,0.0850933332251405
2022-12-01,0.0082442022286421,0.0030332474728016,-0.0050995137709977,0.0053503249910651,0.0001990442257095,0.0140131207197118,-0.0049099073170495,0.0027027124327672,0.013829801708459,-0.0650738393805783,0.6,0.0132282641884771,9.0,-0.0160656124442937,0.008358474216858,-0.0028673124765274,-0.0115632872249343,0.0092131827873593,0.0089933982400811,0.0090027947117716,-0.0141393150934235,0.0101219270491102,0.0060526297755458,0.0096075742511647,0.000646273173654,0.004368038254169,0.013176895236775,0.0074958949432097,0.014567293724653,0.0038369909738458,0.0001943571630338,0.0044048314534741,-0.033299999999997,0.0219003609999997,0.0114449839999999,-0.0999999999999996,-0.0665999999999998,0.1667,-0.0533954519920457,0.0010424388272154,0.0019551653573799,10743,-0.0049381581830401,-0.0016873815149773,-0.0012020831419592,-0.0018924745923589,-0.0085737805296428,-0.0016008539603698,-0.0055035003590768,-0.0106101400020338,0.0001560089968242,-0.0028085886560855,-0.0001945741746309,-0.0099806221114686,-0.0139759029404622,-0.0114001688842498,-0.0045060136925085,-0.0146652419454822,-0.003106826440022,0.0389766358701733,-0.0085204666208849,-0.0047503480559569,-0.0036104302404647,0.0027133170716124,0.0045873531466993,0.0075355967802055,0.005015282850783,0.0013953457619093,-0.0027036100202195,-0.0184147257046803,0.004932589015004,-0.0255034904046481,-0.116018010300275,0.0029485866200866,0.0040343432396419,-0.0090119481000083,-0.0080120704166173,0.0070402917215313,0.0079569255045193,-0.0060719878313522,-0.0061610141963743,0.0269775326143469,2.1433,0.36,0.57,-0.21,-0.0323926147273772,-0.0349276751421357,0.0118446999580781,0.0101853483282222,0.0010112948038365,0.0172658229002955,0.0055199212803867,-0.0042102772192684,-0.0008568589782029,-0.0100700389005421,-0.0046722999000579,752.356856,0.0070685847673956,-0.0317402404282383,0.0077815377106134,-0.4,-0.6,-0.0327,-0.471099999999979,-0.009035345717276,0.0098270391341768,0.0107,-0.0031520908683151,0.0309054156675064,45.3199999999999,0.0188459350959711,451775.51,-0.0111414201374451,-0.0331200352600884,-15.16,-0.0086383545821995
2023-03-01,0.0068966016087408,0.0120790147902294,0.0395768663240741,0.0092329337246965,0.0060824421723353,-0.0233090904742177,0.0074935506957611,0.002252164938751,0.0130105220630092,-0.0118479859359724,0.1,0.0124022215143373,4.6,-0.0741304101370091,0.0130140545805313,0.0048506803032033,-0.0020327326966658,0.0259467153576622,0.0061202395699675,0.0061438152581878,-0.000855521313765,-0.0370250180847744,0.0050680282280914,0.0095027894486197,-0.0126782863881125,0.0014323061158698,0.0129648844890493,0.0049086172676187,0.0190987247676837,0.0060164707691967,0.0138953666169908,0.0069752881239342,0.299999999999997,0.0126038589999999,-0.0725330749999999,-0.366700000000002,0.0332999999999997,-0.1333,0.0772989888297513,0.0055382263902279,0.0053120596249902,9966,-0.0237957995564066,-0.0001798351487041,7.33610729950485e-05,-0.0002982048376303,0.0004426384941096,7.00435492566598e-05,0.001401383959287,0.0024338457313746,-0.0010067951774219,0.0008639355421795,-0.0008679752782372,-0.0072996179171882,0.0108176705266576,0.0079419649369914,0.0016862648372306,-0.005757376337387,0.00645683896568,-0.0017162974211801,0.0049660827977833,0.0004210778908495,-0.0003296990130232,0.0024049737600382,0.0040203940385481,-0.0047029577681421,-0.0055078246325512,-0.0007031984186411,-0.0006060481822771,0.0165786328776045,-0.0386511597329928,0.025273073064155,-0.130888994745018,0.003759903540363,0.0007816975545296,0.0001628391488068,2.86608230455343e-05,0.0008084625572628,0.0006073654577649,0.0086923459047056,0.0086285223239501,0.0111137201386171,1.9533,0.12,0.14,-0.98,-0.0055125755345741,-0.042984071970924,-0.0075410132846389,0.0030621709044691,-0.0046454962950495,0.013025597440075,-0.0001976292290954,0.0084473901140889,-0.0094921306258051,-0.0354388581143539,0.0108984206422633,741.1199233,0.017131370512887,-0.0134978143411111,0.0183228787644474,-0.0999999999999996,-0.299999999999999,-0.1198,-1.26050000000001,-0.0026143123884079,-0.0046878415276068,0.01,-0.0031620579706479,0.0150788553846848,-57.1800000000001,0.0044548376091704,425134.92,-0.0148557939622727,-0.0297423270346702,-55.42,0.0652336530820037
2023-06-01,0.0060513921965377,0.0024679066499899,-0.0007458423921349,0.0040727062959593,-0.0009455317226994,0.0191633500894834,0.0206983962599079,0.0294119948717828,0.0234946824613846,0.0104098579438965,0.0,0.0072288931336856,-1.1,-0.0018879393626285,0.0132038549276743,-0.0122939085828317,-0.0079295819771747,0.0082503381530738,0.0059033669519719,0.0062946488815161,0.0417840380975933,0.0052792699287405,0.0033887134854424,0.0103921214248537,-0.0066743723889803,0.0005986246450859,0.0069850359562018,0.0052858554710226,0.0094142959647936,0.0083855410192637,0.0104227063644036,0.0057337098091778,0.100000000000001,0.0133498170000004,0.025528998,-0.0999999999999996,0.0667,0.0333000000000001,-0.0303923979319549,-0.0026080101589149,-0.0031800453019608,9447,-0.0341638779380808,-0.0024694685445725,-0.0021097234274254,-0.0042729590703194,-0.011832560382433,-0.0056817053489384,-0.000472632378516,0.0003573279742967,-0.0034954715058592,-0.0009226493201168,-0.0030971532670269,0.0224464839153846,-0.0189649301076775,-0.0097540115648477,-0.0036190708813226,-0.0087034169708202,-0.0016028873661024,0.027844194913575,-0.0028152518362585,-0.0074471151141395,0.0041503680947547,-0.0259474641243012,-0.0138086261784025,-0.0054808794055887,0.0037037284535408,0.002066076732845,-0.0004384688829848,-0.0019530286704521,-0.0024602794374191,-0.0043983064708283,-0.0233893214778842,0.0033947822683502,0.0020853778607405,0.0080798306577216,0.0071490411525578,0.0090841923598779,0.0089048265472335,0.0056454926425288,0.0063973741674745,0.0027711657418949,2.09,-0.07,-0.13,-1.48,0.0259225830443457,-0.0453896224963355,-0.0228569813347264,0.0045577833487184,-0.0061893493914233,-0.0021953622934081,-0.0009317648358955,0.0231416974069809,-0.0007382215828037,-0.0089885905646989,0.0263278730017227,754.6394003,0.0169940757338729,0.0387466414910129,0.0181281044003576,-0.4,-0.5,-0.1104,-1.60890000000001,0.110156525393421,-0.0004272591391636,0.0104,0.0145414234536347,0.0260319326695093,69.1500000000001,0.0029188183427884,441264.14,0.0092870356317895,0.0137901926160229,27.42,-0.0343182637451482
2023-09-01,0.0106582266449475,0.0062938694399452,0.0102621125066742,0.0051999080104341,0.0075646415257715,0.02404505177552,0.0062826741808663,-0.002621226794985,0.0027324809515398,0.0182305839482879,0.3,0.0138194580170676,5.3,0.005512288749248,0.014379830462258,0.0119017535032739,0.0113729764785511,0.003377095630519,0.0121766070327611,0.0119304318514661,-0.001759634767894,0.0210514635745351,0.0028572776659601,0.0133033223661752,-0.0177211305837979,-0.0037875771873867,0.006375406989699,0.0082178171768134,0.0005205308470381,0.0086560791541829,0.0092508762633514,0.0067050630583693,0.100000000000001,0.0410572999999999,0.089702174,1.4,0.2333,-0.0667,0.0377465739708782,0.0028266215969665,0.0028103507697032,9157,-0.24384824278414,-0.000555521437791,-0.003613701954972,0.0033561573153448,0.0066988006327513,0.0036521676409559,-0.0001668900385443,-0.0101175868445544,-0.0007538790517793,0.0052017539438562,-0.0010877440902641,-0.023991196730436,0.0069354476361986,-0.0072293709698438,-0.0077986216491616,0.0033967259721157,-0.0052513965449092,0.0718885172722459,-0.0097925656890636,0.0015316380133265,-0.0036477639433441,0.0141543962747752,0.0067386151838571,-0.0051806306140358,0.0009028461120212,-0.0096968494360734,-0.0040844094864507,0.0227897475936389,0.0094132675307774,0.0297921160410102,0.0974557564062435,0.0072289414650268,0.0073458854184753,0.0038499516526497,0.0038436825448746,0.0093590455434604,0.0091021890561577,0.0032771326427338,0.0030138788482672,0.0126823529010585,1.8233,0.0,0.1,-1.14,-0.0162049563097693,-0.0253478897189492,-0.0081423156055393,-0.0021730948864471,-0.0070799785679795,0.0006040373670703,-0.0013935214890299,-0.0130357200778626,0.0033657748217059,-1.1302801976143e-05,-0.0152148220074118,740.7388267,-0.0194818717544578,0.0029691135398302,-0.0206970666625708,0.0,-0.100000000000001,-0.1117,-1.84459999999999,0.0650718910749486,0.0038387763071656,0.01,-0.0098020780897383,-0.026305613944162,-76.4200000000001,-0.0028802059865782,422484.62,-0.0055171754709988,-0.0074979219198638,-27.42,0.040610436433842
2023-12-01,0.0078557893539716,0.0085702277340828,0.0070532623236969,0.0087075604426303,0.0089271914950277,0.0017759677995563,0.0086858558857851,0.0018356880784304,0.0093803072867242,0.0061048198757021,0.2,0.0089311331497388,-0.3,0.0122385615349376,0.0147729228573379,0.0150066051015303,0.0103208178327403,0.0077963420191533,0.0083323294851647,0.0083395590818415,-0.0236601558653478,-0.0096269781460174,0.0026072378057708,0.0111180738619634,-0.0098821578501473,-0.0032726557485318,0.0051190877501401,0.0058368624212548,-0.0057396973190995,0.0067812195527396,0.0086694153234887,0.0077020453675675,-0.0333000000000041,0.10589226,-0.0074127299999999,0.4,0.0667,0.0667,0.019590291704203,0.0003040755651202,0.0005876554612553,8835,0.0165979750910497,-0.0025431790680379,-0.0008178253772683,-0.0042250008026911,0.0013732886389314,-0.0049258013409643,-0.0051794972507845,0.0027233372888178,-0.0013353618731395,-0.0094766356162789,-0.0008987988150073,0.006699975105203,-0.0046052254991657,0.0066701647095328,-0.0042621428651159,-0.0014418371231048,-0.0101061559195905,-0.0792426798924408,0.004169804356005,0.0004467115187525,0.0018278625630667,0.0001116843456925,-0.001337700718123,0.0011367138569866,-0.0120709283703961,-0.0008320533628696,0.0010119145108209,-0.024235687100167,0.0062012173742207,-0.0307888146069883,-0.0514862341271503,0.0069218079193542,0.0086022088102391,0.0033919636446437,0.0038195522394142,0.0077520112222515,0.0080405026965531,0.0024043153783885,0.0022777220782135,0.0041215845716351,1.7467,-0.05,-0.06,-0.84,0.0236030144152419,-0.0201309813827706,-0.0022165406976739,0.0010616200181727,-0.005379588109049,0.0030610220762668,-0.0005005853143753,0.0179936110252541,0.0036467683330716,-0.00414958372453,0.0199019406939112,749.7604192,0.0323417426750758,-0.0181320790874295,0.0348552911902296,0.0,0.0,-0.0906,-1.88060000000002,-0.0011871957570139,-0.005121650120055,0.0096,-0.0356965913221652,-0.0002310129504596,-42.3299999999999,0.0041100786376162,408057.82,-0.0167107774810766,-0.035040680809157,-39.61,0.0388542201176287
2024-03-01,0.0040398501985947,0.0047727153997687,-0.0044253148824999,0.008376048178821,-0.0021268240266998,0.0088375040870438,0.0158319626651409,0.0008512168184759,0.0110304886925974,0.0320754160744725,0.1,0.0043818168546909,-0.4,0.0122960542065407,0.0075190093694308,0.0047441758373318,0.0148927407175936,0.0135731780041741,0.0032634646762188,0.0034084137828713,0.0083727757710754,-0.0190587325714882,0.0030207776623072,0.0110468589372363,0.0030424272378804,-0.000941216594434,0.0017934722470887,0.0052410726370162,-0.0047207011349375,0.0090823073054355,0.0064993574302398,0.0073736170378797,-0.0666999999999973,0.0220193639999997,-0.006218659,-0.200000000000001,-0.1667,0.2333,0.0442712524881212,0.0012628242412358,0.0015243977557979,8639,-0.200762249721701,0.004318930712742,0.0041961014982119,0.003689402052359,-0.0032451308465422,0.0035171894572139,0.0026220082917651,0.0069752252793717,0.0050573185048596,0.0003329275549246,0.0052437620416672,-0.0035189984367862,0.0097208156797492,0.0217862388215071,-0.0045616903959082,0.0020129831905579,0.0046564881921886,0.0095028849825933,-0.0056101455234554,0.001746186996586,0.0030246722860169,-0.0044409708099522,0.0020350828452802,0.0024689894328942,0.023666219920127,0.0079196701236252,0.0018919991154948,0.0208965811908977,0.0203261792603557,0.0214587832483986,-0.0373025276765606,0.0016432532418102,0.0078977257154999,0.0128954235759071,0.012924885565341,0.0017410290607013,0.0021432454104877,0.0200905780511311,0.0204599584477103,-0.0109603493673687,1.5733,-0.16,-0.33,-1.07,0.0175545553863001,-0.0112671748944653,-0.0126279150404569,-0.0042168862182538,-0.0074060406760505,0.000275551361744,-0.0027239820486624,0.0240642516408549,-0.0058737856282657,-0.0194469342107384,0.0279480190215082,760.6159,0.0237522600513635,0.0248692861770685,0.0252863998407715,0.0,0.200000000000001,-0.0345,-3.15309999999999,0.149890158704103,-0.0081633106391607,0.0098,-0.0094359674481721,0.0099680322976514,50.98,-0.0001961357666253,423323.46,-0.010071624692074,-0.0187336128685462,9.4799999999999,-0.0369238008126693
2024-06-01,0.0073626254644114,0.0069380958694225,0.0132677603381106,0.0067707988092369,0.0041498280820793,0.0200360390216154,0.0057306383799371,0.023442876587727,0.0095043934424854,-0.0069880501445513,0.3,0.0075162110755986,4.3,0.0029626380145746,0.0057338267966784,0.0025719658405742,0.0182330500504619,0.0025977877715881,0.0075072553395756,0.0080518347540659,-0.0054116748689168,0.0297596053972455,0.0031331491154826,0.0099917660400219,-0.0033810467982169,-0.0003679025828855,0.0022869920179005,0.0056050928652684,-0.013231153242323,0.0037879055986564,0.0036335559607803,0.0041700356365463,0.033299999999997,0.0875783200000004,0.076835144,0.233400000000001,0.2333,0.1,0.0007634906463405,0.0025871274114139,0.0022680889741115,8020,-0.0265049154705901,-0.0021690701309307,-0.0023267647603324,-0.0012308732210097,0.003879633634992,-9.51522862226994e-05,0.0030153219682471,-0.0052662232704046,-0.0046394336536321,0.0073812533141062,-0.0052655268257471,-0.0042416472536501,-0.0126032650824017,-0.0116181396297241,0.018702970200823,-0.0061497290306995,0.0174485868103105,0.033878967246693,0.0089990716850776,-0.0043614839105927,-0.0049181928192263,-0.0075616554944764,-0.012074492689778,-0.0041048137891284,-0.0092570459547829,-0.0011858597190013,-0.0026006169803389,0.0045002278125725,-0.0209446829191791,0.0021480177477348,0.0521143104496433,-0.0001841875118437,0.0037992967161453,-0.0044327761525684,-0.0046662249661189,0.0052401097469845,0.005456404148247,-0.0031708639357219,-0.0027216545863089,0.0160457670815832,1.48,-0.09,-0.11,-0.8,-0.0292469062427543,-0.0033204498752823,-0.0063575186379178,-0.0044900152161373,-0.006631829704867,-0.0014601441761747,-0.0047170144519803,0.0093418281581456,0.0010181039294554,-0.0015797089074265,0.0103985726577172,766.5725174,0.0025110960405978,0.0267487201866743,0.0026862569718861,0.0,0.0999999999999996,-0.1525,-1.39009999999999,0.0258844708263339,-0.0025917941074289,0.0094,0.0020588848121274,0.0042752991401915,-41.5799999999999,0.0015969176093015,406416.6,0.0005882694267818,-0.00037756520911,-22.0099999999999,0.0423547169299523
