sasdate,RPI,W875RX1,DPCERA3M086SBEA,CMRMTSPLx,RETAILx,INDPRO,IPFPNSS,IPFINAL,IPCONGD,IPDCONGD,IPNCONGD,IPBUSEQ,IPMAT,IPDMAT,IPNMAT,IPMANSICS,IPB51222S,IPFUELS,CUMFNS,HWI,HWIURATIO,CLF16OV,CE16OV,UNRATE,UEMPMEAN,UEMPLT5,UEMP5TO14,UEMP15OV,UEMP15T26,UEMP27OV,CLAIMSx,PAYEMS,USGOOD,CES1021000001,USCONS,MANEMP,DMANEMP,NDMANEMP,SRVPRD,USTPU,USWTRADE,USTRADE,USFIRE,USGOVT,CES0600000007,AWOTMAN,AWHMAN,HOUST,HOUSTNE,HOUSTMW,HOUSTS,HOUSTW,PERMIT,PERMITNE,PERMITMW,PERMITS,PERMITW,AMDMNOx,AMDMUOx,BUSINVx,ISRATIOx,M1SL,M2SL,M2REAL,BOGMBASE,TOTRESNS,NONBORRES,BUSLOANS,REALLN,NONREVSL,CONSPI,S&P 500,S&P div yield,S&P PE ratio,FEDFUNDS,CP3Mx,TB3MS,TB6MS,GS1,GS5,GS10,AAA,BAA,COMPAPFFx,TB3SMFFM,TB6SMFFM,T1YFFM,T5YFFM,T10YFFM,AAAFFM,BAAFFM,EXSZUSx,EXJPUSx,EXUSUKx,EXCAUSx,WPSFD49207,WPSFD49502,WPSID61,WPSID62,OILPRICEx,PPICMM,CPIAUCSL,CPIAPPSL,CPITRNSL,CPIMEDSL,CUSR0000SAC,CUSR0000SAD,CUSR0000SAS,CPIULFSL,CUSR0000SA0L2,CUSR0000SA0L5,PCEPI,DDURRG3M086SBEA,DNDGRG3M086SBEA,DSERRG3M086SBEA,CES0600000008,CES2000000008,CES3000000008,DTCOLNVHFNM,DTCTHFNM,INVEST
1960-07-01,4.878999999999905,4.900000000000091,0.032999999999999474,-1911.5037000000011,-190.8310500000007,-0.08070000000000022,-0.14349999999999952,-0.1377999999999986,-0.3096999999999994,-0.7957999999999998,40.4286,-0.10779999999999923,0.024399999999999977,0.0727000000000011,32.9928,-0.0511000000000017,0.21679999999999922,0.8650999999999982,79.7275,-65.0,0.447601668,-189.0,-259.0,5.5,0.6999999999999993,-29.0,2.0,67.0,63.0,4.0,334039,-42.0,-70.0,-18.899999999999977,3.0,-53.0,-43.0,-10.0,28.0,-5.0,-1.0,2.5,8.0,10.0,39.6,2.4,39.9,1197,-10.0,-17.0,394,299,999.0,43.0,11.0,268.0,288.0,-499.42177000000083,-606.6138600000049,370.186280000009,0.010331125999999857,0.5999999999999943,0.39999999999997726,8.199999999999932,0.5,0.1999999999999993,0.20000000000000284,0.039400000000000546,0.009900000000001796,359.65000000000146,0.35936739999999645,-1.4199999999999946,0.08660165700000011,16.40282021,-0.08999999999999986,-0.41999999999999993,-0.16000000000000014,-0.03000000000000025,-0.1599999999999997,-0.33000000000000007,-0.25000000000000044,-0.040000000000000036,-0.040000000000000036,0.16,-0.93,-0.52,-0.03,0.56,0.67,1.18,1.99,-0.0015000000000000568,-1.9472000000000094,0.005699999999999594,-0.0038000000000000256,0.10000000000000142,0.10000000000000142,-0.09999999999999787,0.0,0.0,0.0,-0.05999999999999872,0.09999999999999432,0.0,0.10000000000000142,-0.10000000000000142,0.10000000000000142,0.10000000000000142,0.09999999999999787,0.0,0.0,0.02800000000000047,0.17900000000000205,0.028999999999999915,0.005999999999998451,0.009999999999999787,0.020000000000000018,0.0,48.0,212.0,1.8155999999999892
1960-08-01,-4.351000000000113,-6.5,-0.015000000000000568,-350.81650000001537,64.30176999999821,-0.02680000000000149,-0.05740000000000123,0.0,0.07739999999999725,0.22380000000000067,40.4286,-0.11759999999999948,-0.09759999999999991,-0.0727000000000011,32.8194,-0.10210000000000008,0.08129999999999882,-0.2752999999999943,79.0505,-21.0,0.429802332,96.0,-14.0,5.6,-0.40000000000000036,37.0,103.0,6.0,-4.0,10.0,361521,-34.0,-65.0,19.699999999999932,-29.0,-53.0,-28.0,-25.0,31.0,-1.0,24.300000000000182,-5.0,7.0,30.0,39.4,2.4,39.7,1344,31.0,-23.0,479,353,994.0,-11.0,6.0,270.0,286.0,862.4665999999997,316.660060000002,-175.35139999999956,0.01033112600000008,0.5000000000000284,0.9999999999999432,7.400000000000091,-0.20000000000000284,0.0,0.09999999999999787,-0.07090000000000174,0.043600000000001415,200.44000000000233,0.47262440000000083,0.6699999999999946,-0.04140365700000004,16.6785834,-0.25,-0.050000000000000266,0.0,-0.1200000000000001,-0.25,-0.16999999999999993,-0.10000000000000009,-0.1299999999999999,-0.13999999999999968,0.36,-0.68,-0.39,-0.03,0.64,0.82,1.3,2.1,-0.00280000000000058,-0.5156999999999812,0.0018000000000002458,-0.008700000000000041,-0.10000000000000142,-0.10000000000000142,0.0,-0.5999999999999979,0.0,0.0,0.05999999999999872,-0.09999999999999432,0.0,-0.10000000000000142,0.10000000000000142,0.0,0.0,0.0,0.0,0.09999999999999787,0.0259999999999998,0.008000000000002672,0.04100000000000037,-0.008000000000000895,0.009999999999999787,0.020000000000000018,0.009999999999999787,28.0,180.0,0.0782999999999987
1960-09-01,3.5470000000000255,0.6999999999998181,0.07600000000000051,4494.433100000024,-17.63112999999794,-0.24200000000000088,-0.20090000000000074,-0.13769999999999882,-0.15489999999999782,-0.24870000000000303,40.2918,-0.07840000000000025,-0.3415999999999997,-0.15979999999999883,32.5878,-0.2298000000000009,0.18970000000000198,0.0,77.9187,-65.0,0.419927909,310.0,372.0,5.5,0.7000000000000011,-69.0,-74.0,55.0,-1.0,56.0,353888,-45.0,-48.0,-4.5,-14.0,-30.0,-22.0,-8.0,3.0,-17.0,-14.600000000000364,-1.199999999999818,6.0,22.0,39.1,2.3,39.4,1097,-35.0,9.0,384,227,984.0,-3.0,-10.0,264.0,295.0,-105.33943,108.73268000000098,155.86791000000085,-0.020662251999999937,-1.2000000000000455,-1.2999999999999545,5.0,-0.3999999999999986,0.10000000000000142,0.10000000000000142,0.07569999999999766,0.05729999999999791,417.5,0.72088770000002,-1.6999999999999957,0.10702824999999994,16.25687907,-0.3799999999999999,0.050000000000000266,0.18000000000000016,0.2400000000000002,0.11999999999999966,-0.010000000000000231,0.0,-0.03000000000000025,-0.07000000000000028,0.79,-0.12,0.23,0.47,1.01,1.2,1.65,2.41,-0.0038999999999997925,0.0,0.0024999999999999467,0.0027000000000000357,0.0,0.10000000000000142,0.0,0.1999999999999993,0.0,0.0,0.0,0.10000000000000142,-0.1999999999999993,0.09999999999999787,0.0,-0.20000000000000284,0.09999999999999787,0.0,0.0,0.0,0.008999999999998565,-0.2920000000000087,0.010999999999999233,0.004000000000001336,0.0,0.0,4.440892098500626e-16,-27.0,74.0,0.9259000000000128
1960-10-01,8.051000000000386,8.0,0.07800000000000296,-5308.557900000014,165.94004000000132,-0.026799999999997937,0.14349999999999952,0.11019999999999897,0.34850000000000136,0.22380000000000067,40.702,-0.0686,-0.07319999999999993,-0.14530000000000065,32.3913,-0.025499999999997414,0.02710000000000079,0.19659999999999656,77.5287,-67.0,0.367826905,-267.0,-635.0,6.1,0.5999999999999996,89.0,69.0,207.0,107.0,100.0,375119,-85.0,-105.0,-1.099999999999909,-3.0,-99.0,-83.0,-16.0,20.0,-7.0,-4.699999999999818,5.699999999999818,-1.0,8.0,39.4,2.4,39.7,1246,92.0,-20.0,386,302,972.0,-9.0,12.0,263.0,281.0,-1096.6587299999992,-749.6831699999966,-77.93396000000939,0.010331125999999857,-0.1999999999999602,-0.39999999999997726,-1.2000000000000455,0.20000000000000284,0.1999999999999993,0.3000000000000007,0.12410000000000565,0.08279999999999887,264.3399999999965,0.03012439999997696,-1.0800000000000054,0.0715124610000002,15.90630226,-0.1299999999999999,-0.0900000000000003,-0.18000000000000016,-0.10000000000000009,-0.029999999999999805,0.1499999999999999,0.0900000000000003,0.04999999999999982,0.10000000000000053,0.83,-0.17,0.26,0.57,1.29,1.42,1.83,2.64,0.0015000000000000568,0.0,-0.001100000000000101,0.006099999999999994,0.30000000000000426,0.29999999999999716,0.0,0.1999999999999993,0.0,0.09999999999999432,0.14000000000000057,0.0,0.0,-0.09999999999999787,0.10000000000000142,0.20000000000000284,0.0,0.0,0.09999999999999787,0.10000000000000142,0.018000000000000682,0.22500000000000853,0.03100000000000236,-0.009000000000000341,0.010000000000000231,0.009999999999999787,-0.010000000000000231,-42.0,-6.0,1.8712999999999909
1960-11-01,-11.745000000000346,-14.699999999999818,-0.05600000000000094,-2700.32150000002,-271.72681999999986,-0.32260000000000133,-0.2582999999999984,-0.27560000000000073,-0.6193999999999988,-0.6713999999999984,40.2918,-0.019600000000000506,-0.5367999999999995,-0.5084999999999997,32.0521,-0.4085000000000001,0.08129999999999882,-0.5504999999999995,75.7724,-24.0,0.355658199,555.0,477.0,6.1,0.40000000000000036,-48.0,85.0,34.0,50.0,-16.0,383790,-181.0,-153.0,-10.900000000000091,-20.0,-119.0,-100.0,-19.0,-28.0,-41.0,-4.599999999999909,-21.800000000000182,9.0,14.0,39.0,2.1,39.3,1246,16.0,5.0,391,276,979.0,9.0,-9.0,274.0,277.0,27.27538999999888,-437.79207000000315,48.708720000009635,0.01033112600000008,0.29999999999998295,0.2999999999999545,3.7000000000000455,0.19999999999999574,0.1999999999999993,0.29999999999999716,0.15799999999999415,0.0015999999999998238,245.02000000000407,0.7058827000000178,1.740000000000002,-0.11384366100000021,16.50003961,-0.03000000000000025,-0.020000000000000018,0.07000000000000028,-0.06999999999999984,0.040000000000000036,0.050000000000000266,0.040000000000000036,0.009999999999999787,-0.03000000000000025,0.84,-0.07,0.22,0.64,1.37,1.49,1.87,2.64,-0.0008999999999996788,1.162399999999991,0.002000000000000224,-0.0019000000000000128,0.0,0.0,-0.10000000000000142,0.0,0.0,-0.8999999999999986,0.030000000000001137,-0.20000000000000284,0.0,0.10000000000000142,0.09999999999999432,-0.10000000000000142,0.10000000000000142,0.0,0.10000000000000142,0.0,0.053000000000000824,0.46699999999999875,0.06599999999999895,0.012000000000000455,-0.010000000000000231,0.0,-0.010000000000000231,-43.0,31.0,1.2083000000000084
1960-12-01,-12.442000000000007,-14.900000000000091,-0.1980000000000004,2148.550600000017,-136.90054000000237,-0.4300999999999995,-0.3443000000000005,-0.3030000000000008,-0.23230000000000217,-0.6715000000000018,40.2462,-0.19589999999999996,-0.5367999999999995,-0.5376000000000012,31.9634,-0.35740000000000194,0.08129999999999882,0.2359999999999971,74.2557,-73.0,0.317738791,-44.0,-331.0,6.6,-1.5,384.0,101.0,-81.0,-85.0,4.0,372391,-219.0,-251.0,-8.299999999999955,-74.0,-165.0,-121.0,-44.0,32.0,-31.0,-3.800000000000182,-10.899999999999636,3.0,81.0,38.0,2.0,38.4,1063,-157.0,-30.0,352,319,951.0,-36.0,15.0,280.0,264.0,178.70082000000002,-309.9835000000021,-1100.8170900000114,-0.01033112600000008,-0.20000000000001705,0.10000000000002274,4.0,-0.5,0.3000000000000007,0.3000000000000007,0.4224000000000032,0.13270000000000337,151.29999999999563,0.9852869999999996,1.3299999999999983,-0.08231514499999992,16.97122938,-0.45999999999999996,-0.04999999999999982,-0.1200000000000001,-0.16000000000000014,-0.2200000000000002,-0.14000000000000012,-0.0900000000000003,0.040000000000000036,0.019999999999999574,1.25,0.27,0.52,0.88,1.69,1.86,2.37,3.12,-0.001700000000000479,-0.3883000000000152,-0.006200000000000205,0.005700000000000038,-0.10000000000000142,-0.20000000000000284,0.0,0.10000000000000142,0.0,-0.3999999999999986,0.029999999999997584,0.10000000000000142,0.09999999999999787,0.0,0.10000000000000142,0.20000000000000284,0.0,0.10000000000000142,0.10000000000000142,0.09999999999999787,0.0030000000000001137,-0.8730000000000047,0.027000000000001023,-0.012000000000000455,0.0,0.020000000000000018,0.020000000000000462,-66.0,128.0,1.1695999999999884
1961-01-01,24.256000000000313,22.09999999999991,0.03999999999999915,-9794.270699999994,14.519749999999476,0.026900000000001256,-0.028700000000000614,-0.05509999999999948,-0.2710000000000008,-0.6962999999999973,40.383,0.05879999999999974,0.17079999999999984,0.13070000000000093,32.0912,0.025500000000000966,0.2439,0.31460000000000576,74.1095,1.0,0.314279598,52.0,-2.0,6.6,1.299999999999999,-218.0,9.0,186.0,100.0,86.0,380579,-59.0,-40.0,-5.600000000000023,47.0,-84.0,-89.0,5.0,-19.0,-7.0,-4.199999999999818,1.3999999999996362,5.0,-33.0,39.2,2.1,39.3,1183,3.0,64.0,430,294,969.0,3.0,-2.0,275.0,286.0,-781.5809599999993,-208.88119000000006,-282.5105799999874,0.020662251000000076,0.6000000000000227,0.20000000000004547,4.599999999999909,-0.6999999999999957,0.0,0.10000000000000142,-0.06929999999999836,0.06699999999999662,646.5400000000009,0.22166880000000333,2.9200000000000017,-0.17343683699999968,17.91780742,-0.53,-0.25,-0.009999999999999787,-0.029999999999999805,-0.04999999999999982,0.0,0.0,-0.02999999999999936,0.0,1.53,0.79,1.02,1.36,2.22,2.39,2.87,3.65,0.000900000000000567,-0.6453999999999951,-0.0009999999999998899,0.010599999999999943,0.0,0.0,-0.09999999999999787,0.09999999999999787,0.0,-0.7000000000000028,0.030000000000001137,0.10000000000000142,0.0,-0.10000000000000142,-0.10000000000000142,-0.20000000000000284,0.09999999999999787,0.0,0.0,0.0,0.0029999999999983373,0.6110000000000042,-0.005000000000002558,-0.013999999999999346,0.010000000000000231,0.010000000000000231,-0.010000000000000231,-141.0,-118.0,1.105000000000004
1961-02-01,10.652999999999793,0.20000000000027285,0.05799999999999983,3270.007500000007,-66.37600999999995,-0.026900000000001256,0.028700000000000614,0.0,0.19360000000000355,-0.09950000000000259,40.6564,-0.07840000000000025,-0.14639999999999986,-0.17430000000000057,32.2397,-0.10210000000000008,0.0,1.454899999999995,73.512,-25.0,0.298634106,-27.0,-188.0,6.9,-0.09999999999999964,153.0,-70.0,88.0,63.0,25.0,433704,-126.0,-90.0,-6.100000000000023,-21.0,-62.0,-60.0,-2.0,-36.0,-47.0,-5.599999999999909,-30.100000000000364,2.0,23.0,39.2,2.1,39.4,1226,78.0,-43.0,444,288,961.0,4.0,15.0,258.0,276.0,330.12624999999935,96.33334000000468,-214.31837000000814,-0.010331124999999997,0.09999999999999432,0.6999999999999318,8.100000000000136,-0.7000000000000028,-0.3000000000000007,-0.5,-0.08550000000000324,0.05630000000000024,-361.72000000000116,-1.499034899999998,2.450000000000003,-0.13382936,18.76447098,1.09,0.04999999999999982,0.17999999999999972,0.1299999999999999,0.1200000000000001,-0.009999999999999787,-0.06000000000000005,-0.05000000000000071,-0.02999999999999936,0.49,-0.12,0.06,0.39,1.12,1.24,1.73,2.53,0.014199999999999768,0.0,-0.00649999999999995,-0.0032999999999999696,0.10000000000000142,0.20000000000000284,0.09999999999999787,0.10000000000000142,0.0,0.0,0.0,-0.10000000000000142,0.10000000000000142,0.09999999999999787,0.0,0.20000000000000284,0.0,0.09999999999999787,0.0,0.0,0.014000000000001123,-0.13000000000000256,0.009000000000000341,0.01699999999999946,0.009999999999999787,0.0,0.0,-129.0,-101.0,0.2511000000000081
1961-03-01,11.264000000000124,12.599999999999909,0.19900000000000162,6419.995499999961,196.0166700000009,0.1343999999999994,0.11469999999999914,0.027499999999999858,0.0,9.999999999976694e-05,40.6564,-0.009800000000000253,0.17079999999999984,0.014499999999999957,32.8795,0.15319999999999823,-0.29809999999999803,-1.8874999999999957,73.8637,30.0,0.303523594,283.0,262.0,6.9,0.5,-174.0,69.0,47.0,18.0,29.0,382956,102.0,20.0,-1.6999999999999318,22.0,1.0,-5.0,6.0,82.0,20.0,-1.400000000000091,42.20000000000073,0.0,24.0,39.1,2.1,39.5,1312,1.0,46.0,428,343,1000.0,25.0,-22.0,282.0,288.0,29.156450000000405,-233.67986999999994,-516.3124499999976,-0.041324504000000095,-0.19999999999998863,-0.5999999999999659,6.0,0.0,-0.1999999999999993,-0.10000000000000142,0.10150000000000148,0.11820000000000164,145.33000000000175,-0.1827351999999962,1.9500000000000028,-0.10025535200000002,19.49331526,-0.52,0.0,-0.029999999999999805,-0.06000000000000005,-0.050000000000000266,-0.06000000000000005,-0.03999999999999959,-0.04999999999999982,-0.05000000000000071,1.01,0.37,0.52,0.86,1.58,1.72,2.2,3.0,0.0,0.0,-0.0024000000000001798,-0.0022999999999999687,-0.10000000000000142,-0.20000000000000284,0.10000000000000142,-0.1999999999999993,0.0,0.10000000000000142,0.0,0.0,0.0,-0.09999999999999787,0.0,-0.10000000000000142,0.0,0.0,0.0,0.0,-0.009000000000000341,0.015000000000007674,-0.038999999999997925,-0.012000000000000455,0.0,0.020000000000000018,0.0,-118.0,-124.0,-0.6067000000000036
1961-04-01,5.905999999999949,8.900000000000091,0.007999999999999119,-7914.941499999957,-331.88008999999875,0.45700000000000074,0.3731000000000009,0.38569999999999993,0.7742000000000004,1.3180000000000014,41.0211,0.0882000000000005,0.5855999999999995,0.5086000000000013,33.3111,0.485000000000003,0.43359999999999843,0.039299999999997226,75.3829,3.0,0.301655426,-436.0,-476.0,7.0,1.4000000000000004,-134.0,-49.0,135.0,27.0,108.0,382747,-32.0,-6.0,-5.0,-27.0,23.0,25.0,-2.0,-26.0,-38.0,-3.400000000000091,-62.600000000000364,6.0,18.0,39.1,2.2,39.5,1166,1.0,-69.0,415,278,1002.0,4.0,-16.0,292.0,292.0,808.8563599999998,349.0891100000008,0.0,0.02066225200000016,-0.10000000000002274,-0.20000000000004547,6.399999999999864,0.10000000000000142,0.09999999999999787,0.10000000000000142,0.16089999999999804,0.027200000000000557,-379.5899999999965,-1.0718505000000107,1.7099999999999937,-0.0785923860000004,20.19022178,-0.53,-0.11999999999999966,-0.10000000000000009,-0.06999999999999984,0.0,-0.03000000000000025,0.03999999999999959,0.03000000000000025,-0.009999999999999787,1.42,0.8,0.98,1.39,2.08,2.29,2.76,3.52,0.004100000000000215,1.8129000000000133,0.0005999999999999339,0.0014999999999999458,-0.20000000000000284,-0.19999999999999574,-0.10000000000000142,-0.10000000000000142,0.0,0.10000000000000142,-0.030000000000001137,-0.10000000000000142,0.0,0.10000000000000142,0.0,0.0,0.10000000000000142,-0.09999999999999787,0.0,0.0,-0.009000000000000341,0.09799999999999187,-0.08600000000000207,0.018000000000000682,0.010000000000000231,0.019999999999999574,0.020000000000000018,-72.0,-37.0,-0.02049999999999841
1961-05-01,21.393999999999778,15.399999999999636,0.0990000000000002,7713.553199999966,276.9124499999998,0.34939999999999927,0.17220000000000013,0.19290000000000163,0.38709999999999667,0.6217000000000006,41.2945,0.009800000000000253,0.6099999999999994,0.5375999999999994,33.7797,0.3318999999999974,0.6232000000000006,0.2359000000000009,76.356,65.0,0.308015191,185.0,75.0,7.1,0.09999999999999964,19.0,5.0,88.0,31.0,57.0,358345,159.0,91.0,0.10000000000002274,-17.0,107.0,105.0,2.0,68.0,3.0,2.400000000000091,20.199999999999818,7.0,35.0,39.3,2.2,39.7,1228,2.0,24.0,461,268,1027.0,14.0,9.0,290.0,296.0,176.81976000000031,247.0329999999958,68.19220999999379,-0.02066225200000016,0.4000000000000057,0.7000000000000455,6.7000000000000455,0.0,0.0,0.0,-0.07849999999999824,0.06469999999999843,103.81999999999971,-0.9085839999999905,0.6700000000000017,-0.02969142399999969,20.55897407,0.49,-0.15000000000000036,0.0,-0.020000000000000018,-0.009999999999999787,-0.09999999999999964,-0.06999999999999984,0.019999999999999574,0.0,0.78,0.31,0.47,0.89,1.49,1.73,2.29,3.03,0.0038999999999997925,1.1750000000000114,-0.0040999999999997705,-0.0013999999999999568,-0.10000000000000142,-0.20000000000000284,-0.09999999999999787,-0.3000000000000007,0.0,0.7000000000000028,0.030000000000001137,0.20000000000000284,0.1999999999999993,-0.10000000000000142,0.0,0.10000000000000142,0.0,0.09999999999999787,0.0,0.0,0.009000000000000341,0.015999999999998238,-0.01699999999999946,-0.009000000000000341,0.009999999999999787,0.010000000000000231,-0.010000000000000231,-43.0,-15.0,0.5746999999999929
1961-06-01,26.307999999999993,20.800000000000182,0.03900000000000148,4986.084000000032,138.9747900000002,0.32260000000000133,0.2582000000000022,0.22039999999999793,0.3871000000000038,0.6713999999999984,41.4769,0.0686,0.3171999999999997,0.29049999999999976,34.1166,0.33190000000000097,-0.35219999999999985,-1.0617000000000019,77.3241,21.0,0.31975435,426.0,544.0,6.9,0.5999999999999996,93.0,-13.0,-35.0,-104.0,69.0,331716,191.0,95.0,2.699999999999932,41.0,49.0,31.0,18.0,96.0,17.0,-0.3000000000001819,16.199999999999818,7.0,24.0,39.6,2.3,40.0,1382,33.0,14.0,494,342,1070.0,2.0,-2.0,305.0,324.0,337.65049999999974,104.91748999999982,-87.6756999999925,-0.030993376999999933,-0.39999999999997726,-0.19999999999998863,7.0,0.3999999999999986,0.10000000000000142,0.1999999999999993,0.3177000000000021,0.2441999999999993,155.05999999999767,-1.0263762000000156,-0.8799999999999955,0.0391224939999999,20.43799389,-0.25,0.15000000000000036,0.040000000000000036,0.08999999999999986,0.18999999999999995,0.33999999999999986,0.16999999999999993,0.0600000000000005,0.020000000000000462,1.18,0.6,0.81,1.33,2.08,2.15,2.6,3.3,-0.008000000000000007,0.0,-0.0041999999999999815,0.01770000000000005,0.0,0.0,-0.10000000000000142,-0.3999999999999986,0.0,0.19999999999999574,0.0,-0.10000000000000142,0.10000000000000142,0.09999999999999787,0.0,0.0,0.0,0.10000000000000142,0.0,0.0,0.006999999999999673,-0.055999999999997385,-0.030999999999998806,0.009000000000000341,0.010000000000000231,0.020000000000000018,4.440892098500626e-16,10.0,100.0,1.7150000000000034
1961-07-01,8.010999999999967,6.199999999999818,-0.04900000000000304,-5560.020900000003,-14.519749999999476,0.2687999999999988,0.2008999999999972,0.165300000000002,0.3096999999999994,0.3731000000000009,41.6592,0.04889999999999972,0.2927999999999997,0.30519999999999925,34.3047,0.28089999999999904,-0.08129999999999882,2.5167,78.1087,41.0,0.325284091,-342.0,-385.0,7.0,1.1000000000000014,-52.0,-63.0,179.0,116.0,63.0,347116,146.0,22.0,0.10000000000002274,-24.0,48.0,47.0,1.0,124.0,35.0,6.599999999999909,12.700000000000728,5.0,36.0,39.7,2.5,40.0,1335,-4.0,-14.0,482,325,1083.0,16.0,8.0,308.0,310.0,-237.9542599999986,296.63036000000284,204.57662999999593,0.020662251000000076,-0.20000000000001705,-0.8000000000000114,1.400000000000091,0.30000000000000426,0.10000000000000142,0.0,0.12939999999999685,0.1623000000000019,61.2300000000032,-0.5423567999999932,-0.18000000000000682,0.018324493000000164,20.37936027,-0.56,-0.18999999999999995,-0.08999999999999986,-0.08999999999999986,-0.14000000000000012,0.029999999999999805,0.040000000000000036,0.08000000000000007,0.05999999999999961,1.55,1.07,1.28,1.75,2.67,2.75,3.24,3.92,-0.004700000000000593,0.13110000000000355,-0.0024000000000001798,0.028799999999999937,0.0,0.10000000000000142,0.0,0.1999999999999993,0.0,0.30000000000000426,0.08000000000000185,0.10000000000000142,0.1999999999999993,-0.09999999999999787,0.10000000000000142,0.0,0.0,0.0,0.09999999999999787,0.10000000000000142,0.034000000000000696,-0.04599999999999227,0.0589999999999975,-0.0039999999999995595,0.0,-0.020000000000000018,-4.440892098500626e-16,-37.0,28.0,0.6710999999999956
1961-08-01,1.5950000000002547,11.200000000000273,0.05799999999999983,9876.99979999999,207.42505999999776,0.21499999999999986,0.17220000000000013,0.16529999999999845,0.23229999999999507,0.04970000000000141,42.0238,0.03920000000000101,0.4147999999999996,0.2615000000000016,34.9554,0.30630000000000024,0.5418999999999983,-0.5897999999999968,78.9783,61.0,0.355403674,-2.0,244.0,6.6,-0.3000000000000007,-88.0,31.0,-181.0,-90.0,-91.0,317851,175.0,85.0,2.0,19.0,64.0,52.0,12.0,90.0,2.0,14.200000000000273,1.0,7.0,40.0,39.7,2.5,40.1,1312,-25.0,-10.0,503,316,1159.0,64.0,-3.0,319.0,314.0,869.0503199999985,410.1320100000012,438.3784900000028,-0.030993377000000155,0.5999999999999943,0.6999999999999886,6.0,0.09999999999999432,0.09999999999999787,0.10000000000000142,0.07540000000000191,0.11380000000000123,223.5,0.31952210000000036,2.3500000000000085,-0.09329752899999999,21.33169515,0.8300000000000001,0.19999999999999973,0.1499999999999999,0.20999999999999996,0.14000000000000012,0.1200000000000001,0.1200000000000001,0.040000000000000036,0.020000000000000462,0.92,0.39,0.66,1.06,1.96,2.04,2.45,3.11,0.001100000000000101,0.0,0.015500000000000291,-0.0024999999999999467,0.10000000000000142,0.0,0.0,0.8000000000000007,0.0,0.0,0.019999999999999574,-0.10000000000000142,0.09999999999999787,0.10000000000000142,0.0,-7.105427357601002e-15,0.10000000000000142,0.0,0.0,0.0,0.0129999999999999,0.053999999999987836,0.010000000000001563,-0.009000000000002117,0.009999999999999787,0.009999999999999787,4.440892098500626e-16,-46.0,43.0,1.290700000000001
1961-09-01,3.4459999999999127,5.099999999999909,0.0920000000000023,1677.3993999999948,33.18801000000167,-0.026799999999997937,-0.057399999999997675,-0.11019999999999897,-0.5807000000000002,-1.1936999999999998,41.7959,0.12739999999999974,0.048799999999999955,0.1742999999999988,34.8317,-0.1786999999999992,0.1355000000000004,-1.3370999999999995,78.1562,29.0,0.362061591,-317.0,-311.0,6.7,-0.8999999999999986,158.0,-90.0,-118.0,-63.0,-55.0,330492,90.0,5.0,2.2999999999999545,16.0,-13.0,-8.0,-5.0,85.0,6.0,-5.700000000000273,-1.9000000000005457,5.0,32.0,39.2,2.6,39.5,1429,71.0,27.0,510,328,1098.0,-75.0,10.0,315.0,322.0,-240.77585,-44.82838000000629,389.66976999999315,0.0,-0.29999999999998295,-0.10000000000002274,4.899999999999864,0.30000000000000426,0.1999999999999993,0.1999999999999993,0.11399999999999721,0.09569999999999723,263.6099999999933,0.285536900000011,-0.5300000000000011,0.03262213199999975,21.23718401,-0.1200000000000001,0.1299999999999999,-0.11000000000000032,0.020000000000000018,0.0,-0.06000000000000005,-0.06000000000000005,0.0,0.009999999999999787,1.17,0.4,0.8,1.18,2.02,2.1,2.57,3.24,-0.000700000000000145,0.0,0.009299999999999642,-0.000700000000000145,-0.10000000000000142,0.0,0.0,-0.1999999999999993,0.0,0.09999999999999432,0.03999999999999915,0.10000000000000142,0.10000000000000142,0.0,0.0,-0.09999999999999432,0.0,0.10000000000000142,0.0,0.0,0.018000000000000682,0.07100000000000506,-0.015000000000000568,0.01600000000000179,0.0,0.020000000000000018,-0.03000000000000025,-112.0,-35.0,1.4775000000000063
1961-10-01,27.815000000000055,28.199999999999818,0.10299999999999798,-487.8488999999827,343.2884699999995,0.4568999999999974,0.4303999999999988,0.46839999999999904,0.9291000000000054,1.1190999999999995,42.5252,-0.009800000000000253,0.39039999999999964,0.0727000000000011,35.7776,0.45949999999999847,0.2710000000000008,1.6516999999999982,79.5528,91.0,0.390115898,275.0,378.0,6.5,-0.20000000000000107,-48.0,-9.0,-50.0,-27.0,-23.0,308441,134.0,75.0,-4.699999999999932,17.0,63.0,39.0,24.0,59.0,13.0,4.5,9.199999999999818,4.0,9.0,40.0,2.7,40.3,1415,-42.0,6.0,511,349,1123.0,9.0,-7.0,325.0,335.0,126.0311099999999,74.3960400000069,165.60965000001306,-0.020662251999999937,-2.842170943040401e-14,-0.2999999999999545,5.300000000000182,0.3999999999999986,0.3000000000000007,0.3000000000000007,0.20710000000000406,0.07779999999999987,275.13000000000466,-0.7305739000000244,0.7399999999999949,-0.0023001169999998794,21.62113494,0.3799999999999999,-0.04999999999999982,0.020000000000000018,-0.020000000000000018,-0.010000000000000231,-0.10000000000000009,-0.06000000000000005,-0.03000000000000025,0.009999999999999787,0.74,0.04,0.4,0.79,1.54,1.66,2.16,2.87,0.006300000000000416,0.0,0.0032000000000000917,-0.00039999999999995595,0.0,-0.10000000000000142,-0.10000000000000142,0.0,0.0,-0.5999999999999943,0.0,-0.10000000000000142,0.0,-0.10000000000000142,0.0,0.0,0.09999999999999787,0.0,0.0,0.0,-0.0010000000000012221,-0.23199999999999932,-0.021999999999998465,-0.015000000000000568,0.020000000000000018,0.0,0.04999999999999982,-32.0,42.0,1.689300000000003
1961-11-01,25.49499999999989,24.5,0.16100000000000136,4575.613499999978,136.90052999999898,0.3764000000000003,0.43049999999999855,0.4960000000000022,0.6193999999999988,0.9450000000000003,42.9354,0.23519999999999897,0.2928000000000033,0.26149999999999984,36.3277,0.4085000000000001,-0.08130000000000237,0.43249999999999744,80.7658,58.0,0.42887078,-116.0,162.0,6.1,1.0999999999999996,-173.0,-19.0,-93.0,-37.0,-56.0,306364,220.0,122.0,0.5,6.0,116.0,92.0,24.0,98.0,30.0,4.0,23.900000000000546,6.0,7.0,40.2,2.8,40.7,1385,-10.0,4.0,492,344,1152.0,17.0,3.0,314.0,355.0,527.6376900000014,258.4785399999964,594.2463999999891,0.0,0.4000000000000341,0.6999999999999318,7.699999999999818,0.5,0.10000000000000142,0.09999999999999787,0.1558999999999955,0.12490000000000023,590.0699999999997,0.0991083000000117,3.0799999999999983,-0.09803369900000014,22.71799116,0.3500000000000001,-0.020000000000000018,0.18000000000000016,0.040000000000000036,0.020000000000000018,0.020000000000000018,0.020000000000000018,-0.03000000000000025,-0.019999999999999574,0.37,-0.13,0.09,0.46,1.21,1.33,1.78,2.5,0.0,0.0,-0.0004999999999997229,0.005400000000000071,0.10000000000000142,0.10000000000000142,0.10000000000000142,-0.10000000000000142,0.0,-0.20000000000000284,0.0,-0.10000000000000142,-0.10000000000000142,0.0,-0.10000000000000142,0.0,0.0,0.0,0.0,0.0,0.0010000000000012221,-0.24199999999999733,0.0009999999999976694,0.005000000000000782,0.010000000000000231,0.03000000000000025,-0.029999999999999805,-10.0,48.0,-0.054000000000002046
1961-12-01,17.273999999999887,14.800000000000182,0.11599999999999966,227.35129999998026,7.259880000001431,0.21499999999999986,0.17210000000000036,0.16529999999999845,0.07739999999999725,0.3978999999999999,42.9354,0.02940000000000076,0.31709999999999994,0.21799999999999997,36.8552,0.3064,0.1626000000000012,-0.43249999999999744,81.6041,-20.0,0.436198228,-299.0,-181.0,6.0,-1.1999999999999993,96.0,-94.0,-27.0,1.0,-28.0,293015,130.0,54.0,-3.800000000000068,10.0,50.0,31.0,19.0,76.0,0.0,-2.299999999999727,7.399999999999636,7.0,24.0,39.7,2.8,40.4,1365,3.0,-18.0,503,328,1161.0,23.0,-4.0,321.0,338.0,512.5891999999985,493.1122099999993,97.41744000000472,-0.01033112600000008,-0.3000000000000398,-0.1999999999999318,5.900000000000091,0.7999999999999972,0.3000000000000007,0.3000000000000007,0.6660000000000039,0.2746999999999993,500.23999999999796,0.22976280000000315,0.6599999999999966,0.0019924389999999015,23.02005488,-0.2799999999999998,0.20999999999999996,0.1200000000000001,0.17999999999999972,0.11000000000000032,0.0900000000000003,0.11999999999999966,0.03000000000000025,-0.010000000000000675,0.86,0.27,0.55,0.85,1.58,1.73,2.09,2.77,-0.006700000000000372,-0.0524000000000342,-0.005300000000000082,0.006999999999999895,0.0,0.10000000000000142,0.10000000000000142,0.40000000000000213,0.0,0.10000000000000142,0.030000000000001137,0.10000000000000142,-0.09999999999999787,0.09999999999999787,0.10000000000000142,0.0,0.10000000000000142,0.0,0.0,0.0,0.0039999999999995595,0.3859999999999957,-0.020999999999997243,-0.002000000000000668,0.0,0.009999999999999787,0.010000000000000231,-21.0,242.0,0.490799999999993
1962-01-01,-2.8899999999998727,-3.699999999999818,0.004999999999999005,2243.476500000048,168.0142999999989,-0.21509999999999962,-0.2295999999999978,-0.1377999999999986,-0.2710000000000008,-0.4974000000000025,42.7531,-0.02940000000000076,-0.17070000000000007,-0.014499999999999957,35.8454,-0.3318999999999974,0.3522999999999996,0.43249999999999744,80.2408,88.0,0.468022544,112.0,208.0,5.8,-0.5,-33.0,-14.0,-126.0,-62.0,-64.0,296932,19.0,-45.0,-0.09999999999990905,-59.0,13.0,7.0,6.0,64.0,17.0,13.299999999999727,0.4000000000005457,4.0,15.0,39.3,2.8,40.0,1361,20.0,-43.0,485,365,1122.0,-6.0,-28.0,323.0,331.0,-63.015550000000076,503.60396000000037,565.0211600000039,0.0,-0.39999999999997726,-0.10000000000002274,5.5,-0.6999999999999957,0.0,0.0,0.18560000000000088,0.238900000000001,34.270000000004075,-0.04469720000000166,-2.6700000000000017,0.11850270100000015,22.2238843,-0.18000000000000016,0.06999999999999984,0.1200000000000001,0.06000000000000005,0.09999999999999964,0.029999999999999805,0.020000000000000462,0.0,-0.019999999999999574,1.11,0.57,0.79,1.13,1.79,1.93,2.27,2.93,0.002100000000000435,0.0,0.0013999999999998458,0.0022999999999999687,0.10000000000000142,0.10000000000000142,-0.10000000000000142,0.0,0.0,0.0,0.029999999999997584,-0.10000000000000142,0.09999999999999787,-0.09999999999999787,0.0,0.0,0.0,0.09999999999999787,0.10000000000000142,0.0,0.02999999999999936,-0.14000000000000057,0.029999999999997584,0.01699999999999946,0.009999999999999787,0.03000000000000025,-4.440892098500626e-16,-64.0,-57.0,0.6146999999999991
1962-02-01,12.251999999999953,13.099999999999909,-0.007999999999999119,-1251.896800000046,2.0742500000014843,0.40330000000000155,0.34440000000000026,0.24799999999999756,0.23230000000000217,0.1244000000000014,43.0265,0.12730000000000175,0.36599999999999966,0.15979999999999883,36.9188,0.4085000000000001,-0.05419999999999803,0.27530000000000143,81.4267,-31.0,0.485404288,220.0,430.0,5.5,0.6999999999999993,-197.0,-43.0,9.0,0.0,9.0,290789,297.0,173.0,-0.900000000000091,83.0,89.0,81.0,8.0,124.0,38.0,13.200000000000273,23.799999999999272,5.0,27.0,39.9,2.8,40.4,1278,-61.0,40.0,498,290,1194.0,6.0,54.0,339.0,327.0,94.99359000000186,538.8943799999979,565.0211699999927,0.01033112600000008,0.5,0.6000000000000227,6.0,-0.8000000000000043,-0.5,-0.5,-0.11650000000000205,0.2012999999999998,357.54999999999563,-0.14346280000000888,1.1500000000000057,-0.03856963899999988,22.50770567,0.2200000000000002,-0.03999999999999959,0.009999999999999787,-0.009999999999999787,0.0,-0.04999999999999982,-0.040000000000000036,0.0,-0.009999999999999787,0.85,0.36,0.56,0.91,1.52,1.67,2.05,2.7,0.008700000000000152,-0.039400000000000546,0.0036000000000000476,0.0037000000000000366,0.10000000000000142,0.09999999999999432,0.10000000000000142,-0.10000000000000142,0.0,-0.20000000000000284,0.07000000000000028,0.20000000000000284,0.10000000000000142,0.10000000000000142,0.10000000000000142,0.0,0.0,0.0,0.09999999999999787,0.1999999999999993,0.041999999999999815,0.14800000000000324,0.08099999999999952,-0.010999999999999233,0.0,-0.08000000000000007,0.0,-11.0,51.0,-0.3242999999999938
1962-03-01,19.96600000000035,18.0,0.13899999999999935,3260.957300000009,331.88008999999875,0.1343999999999994,0.2008999999999972,0.2480000000000011,0.2710000000000008,0.3232999999999997,43.3,0.11759999999999948,0.02430000000000021,0.028999999999999915,36.9573,0.20420000000000016,0.21679999999999922,-0.07869999999999777,81.8912,0.0,0.479214486,5.0,-45.0,5.6,-1.0,217.0,-69.0,-82.0,-38.0,-44.0,285784,87.0,0.0,-2.2999999999999545,-34.0,40.0,36.0,4.0,87.0,21.0,6.599999999999909,15.700000000000728,6.0,23.0,40.1,2.8,40.6,1443,37.0,9.0,536,371,1134.0,-32.0,-30.0,330.0,338.0,-483.43275000000176,-368.165009999997,633.2133699999977,-0.01033112600000008,-0.19999999999998863,0.39999999999997726,7.7000000000000455,0.20000000000000284,-0.10000000000000142,0.0,0.23239999999999839,0.23130000000000095,488.22000000000116,-0.0653664999999819,0.07000000000000739,0.006605549000000099,22.45320227,0.48,0.029999999999999805,-0.009999999999999787,-0.06000000000000005,-0.21999999999999975,-0.20999999999999996,-0.10999999999999988,-0.03000000000000025,-0.03000000000000025,0.4,-0.13,0.02,0.21,0.83,1.08,1.54,2.19,0.0129999999999999,-0.1701999999999657,0.000700000000000145,0.000700000000000145,-0.10000000000000142,-0.09999999999999432,0.0,0.0,0.0,0.10000000000000142,0.060000000000002274,0.0,0.0,-3.552713678800501e-15,0.0,0.10000000000000142,0.09999999999999787,0.10000000000000142,0.10000000000000142,0.0,0.021000000000000796,0.035000000000003695,0.008000000000002672,0.0010000000000012221,0.010000000000000231,0.06999999999999984,-0.009999999999999787,27.0,72.0,-0.707099999999997
1962-04-01,14.96499999999969,17.09999999999991,0.05900000000000105,-2155.753800000006,108.8981500000009,0.05369999999999919,0.20080000000000098,0.24790000000000134,0.3096999999999994,0.5222000000000016,43.3456,0.05879999999999974,-0.024399999999999977,-0.014499999999999957,36.9151,0.02559999999999718,0.0,0.31459999999999866,81.7429,-3.0,0.480286738,-136.0,-121.0,5.6,-0.09999999999999964,-92.0,56.0,-40.0,-24.0,-16.0,282623,327.0,149.0,-3.0,77.0,73.0,37.0,36.0,178.0,81.0,6.400000000000091,39.69999999999982,5.0,21.0,40.1,2.8,40.6,1524,28.0,42.0,515,403,1235.0,47.0,13.0,327.0,382.0,-216.32204999999885,-495.01980000000185,146.1261599999998,0.0,0.09999999999999432,-0.6000000000000227,6.5,0.3999999999999986,0.1999999999999993,0.10000000000000142,0.438600000000001,0.29720000000000013,738.3400000000038,0.7360429999999951,-2.240000000000009,0.10533529799999997,21.52308498,-0.07000000000000028,-0.04999999999999982,0.009999999999999787,-0.040000000000000036,-0.06999999999999984,-0.08000000000000007,-0.0900000000000003,-0.05999999999999961,-0.020000000000000462,0.42,-0.05,0.05,0.21,0.82,1.06,1.55,2.24,0.005799999999999805,0.2226999999999748,-0.0013000000000000789,0.0004999999999999449,0.0,-0.10000000000000142,0.0,-0.3999999999999986,0.0,-0.10000000000000142,0.03999999999999915,-0.10000000000000142,0.3999999999999986,-0.09999999999999787,0.10000000000000142,0.0,0.0,0.0,0.0,0.0,0.017999999999998906,-0.24100000000000676,0.04499999999999815,-0.010000000000001563,0.009999999999999787,0.03000000000000025,0.0,81.0,191.0,0.2517999999999887
1962-05-01,4.173999999999978,3.900000000000091,0.13100000000000023,2815.543900000048,136.90053999999873,-0.026900000000001256,0.14349999999999952,0.11019999999999897,0.19359999999999644,0.1988999999999983,43.6191,0.0,-0.31709999999999994,-0.27609999999999957,37.0,-0.05109999999999815,0.29809999999999803,0.07869999999999777,81.3349,68.0,0.503235827,273.0,316.0,5.5,0.5999999999999996,-86.0,26.0,12.0,8.0,4.0,301972,26.0,-5.0,-1.1000000000000227,7.0,-11.0,8.0,-19.0,31.0,-36.0,4.299999999999727,-16.199999999999818,8.0,36.0,40.2,2.8,40.6,1483,4.0,-37.0,518,392,1142.0,-70.0,2.0,341.0,343.0,65.83714999999938,-345.27391999999963,730.6308200000058,0.01033112600000008,0.0,-0.39999999999997726,5.399999999999864,0.10000000000000142,0.10000000000000142,0.1999999999999993,0.3014999999999972,0.33360000000000056,734.1299999999974,1.2789582000000053,-5.059999999999995,0.2521740370000001,19.7704694,-0.41999999999999993,-0.040000000000000036,-0.040000000000000036,-0.050000000000000266,0.03999999999999959,0.06000000000000005,0.03000000000000025,-0.04999999999999982,-0.019999999999999574,0.8,0.33,0.42,0.67,1.3,1.51,1.92,2.64,-0.016300000000000203,-0.0262000000000171,-0.0019000000000000128,0.032200000000000006,-0.10000000000000142,-0.10000000000000142,0.0,0.0,0.0,-0.10000000000000142,0.029999999999997584,0.0,0.0,0.10000000000000142,0.0,0.0,0.10000000000000142,0.09999999999999787,0.0,0.10000000000000142,0.010000000000001563,0.1280000000000001,-0.0259999999999998,0.016000000000000014,0.0,-0.03000000000000025,0.010000000000000231,121.0,203.0,-0.01670000000000016
1962-06-01,4.061000000000149,3.400000000000091,-0.08600000000000207,-2322.904300000053,-260.3184399999991,-0.05369999999999919,0.028700000000000614,-0.027499999999999858,-0.23229999999999507,-0.42269999999999897,43.4824,0.0882000000000005,-0.07319999999999993,-0.1451999999999991,37.2097,-0.0511000000000017,0.4335000000000022,0.03930000000000433,80.9291,-62.0,0.489594173,-37.0,-18.0,5.5,-0.40000000000000036,55.0,-30.0,-55.0,-1.0,-54.0,308059,16.0,-67.0,-6.699999999999932,-65.0,5.0,-1.0,6.0,83.0,6.0,8.700000000000273,4.299999999999272,6.0,42.0,40.0,2.8,40.5,1404,-12.0,-29.0,517,355,1154.0,13.0,3.0,329.0,351.0,-94.99359999999979,-186.9438999999984,487.08720999999787,0.020662251999999937,-0.6000000000000227,-0.19999999999998863,7.100000000000136,0.3999999999999986,0.09999999999999787,0.0,0.7006000000000014,0.4286999999999992,536.3799999999974,0.8805385999999942,-7.359999999999999,0.44326653699999996,17.30393422,0.3200000000000003,0.08999999999999986,0.040000000000000036,0.020000000000000018,0.0,-0.020000000000000018,0.040000000000000036,0.0,0.019999999999999574,0.57,0.05,0.12,0.35,0.96,1.23,1.6,2.34,-0.013799999999999812,-0.039400000000000546,-0.0038000000000000256,0.005700000000000038,0.0,0.0,0.0,-0.20000000000000284,0.0,-0.09999999999999432,-0.029999999999997584,0.09999999999999432,0.0,-0.10000000000000142,0.0,-0.10000000000000142,0.0,0.0,0.0,-0.10000000000000142,0.009999999999999787,0.1840000000000046,-0.0329999999999977,-0.006000000000000227,0.0,0.010000000000000231,-0.020000000000000462,136.0,260.0,0.755500000000012
1962-07-01,14.268999999999778,13.099999999999909,0.05500000000000327,-1594.843499999959,317.3603299999995,0.24190000000000111,0.258300000000002,0.33060000000000045,0.6193999999999988,0.4972999999999992,44.0293,0.0782999999999987,0.19510000000000005,0.1451999999999991,37.2648,0.2298000000000009,0.3794000000000004,0.07859999999999445,81.476,-6.0,0.49122807,-212.0,-187.0,5.4,-0.5,-6.0,41.0,-30.0,-22.0,-8.0,305231,102.0,62.0,-7.100000000000023,65.0,4.0,8.0,-4.0,40.0,-10.0,0.09999999999990905,4.700000000000728,4.0,26.0,40.0,2.8,40.5,1450,-10.0,24.0,520,384,1189.0,-7.0,10.0,346.0,366.0,221.96523999999954,-24.798679999999877,370.186280000009,0.0,0.10000000000002274,-0.30000000000001137,4.599999999999909,0.3999999999999986,0.20000000000000284,0.1999999999999993,0.18489999999999895,0.33640000000000114,374.76000000000204,0.20484650000000215,1.3399999999999963,-0.07539179900000015,17.48131198,0.029999999999999805,0.10999999999999988,0.18999999999999995,0.28000000000000025,0.26000000000000023,0.1599999999999997,0.09999999999999964,0.05999999999999961,0.03000000000000025,0.65,0.21,0.37,0.58,1.09,1.3,1.63,2.34,0.0018000000000002458,0.0,-0.0017000000000000348,-0.008700000000000152,0.0,-0.10000000000000142,0.0,0.3000000000000007,0.0,-0.10000000000000142,0.00999999999999801,7.105427357601002e-15,-0.29999999999999716,0.10000000000000142,-0.10000000000000142,0.0,0.10000000000000142,0.0,-0.10000000000000142,0.0,-0.009000000000000341,-0.15200000000000102,-0.05700000000000216,-0.009000000000000341,0.010000000000000231,0.029999999999999805,0.020000000000000462,102.0,225.0,0.3739999999999952
1962-08-01,4.765000000000327,3.099999999999909,0.047999999999998266,6800.429000000004,126.52928999999858,0.026900000000001256,0.0,-0.05509999999999948,-0.4258999999999986,-0.3232999999999997,43.6191,0.09800000000000075,0.048799999999999955,0.08720000000000105,37.2798,0.0511000000000017,-0.02710000000000079,-1.3369999999999962,81.4168,-30.0,0.460004984,679.0,485.0,5.7,-0.09999999999999964,139.0,96.0,32.0,1.0,31.0,307105,92.0,3.0,5.399999999999977,2.0,-5.0,-7.0,2.0,89.0,13.0,3.0,8.299999999999272,5.0,37.0,40.1,2.7,40.5,1517,10.0,24.0,539,398,1200.0,2.0,-18.0,359.0,380.0,-95.93412999999964,-429.20792000000074,467.60371999999916,-0.010331125999999857,0.19999999999998863,0.5,4.2999999999999545,-0.09999999999999432,-0.20000000000000284,-0.1999999999999993,0.19660000000000366,0.28800000000000026,542.939999999995,0.7380019000000004,1.5500000000000043,-0.08470354600000007,17.76479501,0.2200000000000002,-0.06000000000000005,-0.10000000000000009,-0.08999999999999986,-0.08999999999999986,-0.08999999999999986,-0.029999999999999805,0.009999999999999787,0.009999999999999787,0.37,-0.11,0.06,0.27,0.78,1.05,1.42,2.13,0.0049000000000001265,-0.039299999999968804,-0.0028000000000001357,-0.0013999999999998458,0.10000000000000142,0.20000000000000284,0.0,0.3000000000000007,0.0,-0.10000000000000142,0.060000000000002274,-0.29999999999999716,0.1999999999999993,-0.10000000000000142,0.10000000000000142,0.10000000000000142,0.0,0.0,0.10000000000000142,0.10000000000000142,0.022999999999999687,-0.04000000000000625,0.05100000000000193,-0.0009999999999976694,0.009999999999999787,0.0,-4.440892098500626e-16,98.0,232.0,0.09550000000000125
1962-09-01,1.393000000000029,3.300000000000182,0.19200000000000017,-4698.461800000048,61.19038999999975,0.1612999999999971,0.17219999999999658,0.11019999999999897,0.23229999999999507,0.29850000000000065,43.8926,-0.009800000000000253,0.19529999999999959,0.11629999999999896,37.5212,0.1786999999999992,-0.08129999999999882,1.1403999999999996,81.7875,-33.0,0.457712699,172.0,224.0,5.6,-0.40000000000000036,18.0,-46.0,15.0,82.0,-67.0,302275,140.0,54.0,-3.0,6.0,51.0,39.0,12.0,86.0,18.0,0.1999999999998181,15.5,5.0,26.0,40.1,2.8,40.5,1324,-49.0,-60.0,469,384,1223.0,-6.0,25.0,355.0,388.0,722.3275299999987,358.6270700000023,701.4055799999915,0.010331125999999857,-0.39999999999997726,0.0999999999999659,1.6000000000001364,0.09999999999999432,0.20000000000000284,0.1999999999999993,0.4502000000000024,0.34469999999999956,383.2100000000064,0.039374899999984336,-0.5200000000000031,0.04326431299999989,17.36193748,-0.03000000000000025,0.040000000000000036,-0.040000000000000036,-0.06000000000000005,-0.14000000000000012,-0.009999999999999787,0.0,-0.02999999999999936,-0.02999999999999936,0.44,-0.12,0.03,0.16,0.8,1.08,1.42,2.13,0.0012999999999996348,-2.8717000000000326,-0.0028999999999999027,-0.0009000000000001229,0.29999999999999716,0.3999999999999986,0.0,0.6999999999999993,0.0,0.0,0.14000000000000057,0.5999999999999943,0.1999999999999993,0.0,0.19999999999999574,-0.10000000000000142,0.0,0.10000000000000142,0.20000000000000284,0.09999999999999787,0.0779999999999994,0.047000000000011255,0.21699999999999875,-0.0020000000000024443,0.0,0.010000000000000231,-0.009999999999999787,-35.0,73.0,0.32519999999999527
1962-10-01,15.673999999999978,9.199999999999818,-0.08599999999999852,5869.046200000041,322.5459600000031,0.026900000000001256,-0.08609999999999829,0.027599999999999625,-0.07739999999999725,0.09949999999999903,43.7103,0.03920000000000101,-9.999999999976694e-05,0.04359999999999964,37.2727,-0.0511000000000017,0.0,0.039299999999997226,81.3851,-30.0,0.468840389,-236.0,-78.0,5.4,0.0,-113.0,-48.0,-74.0,-51.0,-23.0,305972,63.0,-4.0,-2.3999999999999773,-2.0,1.0,13.0,-12.0,67.0,8.0,-1.8999999999996362,1.6000000000003638,7.0,25.0,39.9,2.7,40.3,1533,6.0,57.0,629,370,1181.0,19.0,-24.0,347.0,359.0,330.1262600000009,605.6600599999947,506.5706999999966,0.0,0.6999999999999602,0.20000000000004547,9.099999999999909,0.30000000000000426,0.09999999999999787,0.10000000000000142,0.47509999999999764,0.35940000000000083,590.5500000000029,0.6517594999999972,-1.8299999999999983,0.14651519700000026,16.63186471,0.0,-0.06999999999999984,-0.03999999999999959,-0.0900000000000003,-0.08000000000000007,-0.06000000000000005,-0.04999999999999982,-0.040000000000000036,-0.040000000000000036,0.37,-0.16,-0.06,0.08,0.74,1.03,1.38,2.09,-0.0019000000000000128,-0.6433999999999855,0.00039999999999995595,-0.0006999999999999229,-0.19999999999999574,-0.29999999999999716,-0.10000000000000142,-0.3999999999999986,0.0,0.0,-0.0400000000000027,-0.29999999999999716,-0.10000000000000142,0.09999999999999787,-0.09999999999999432,-0.10000000000000142,0.0,0.0,0.0,0.0,-0.016000000000000014,-0.3540000000000134,-0.04800000000000182,0.005000000000000782,0.0,0.0,0.010000000000000231,46.0,125.0,1.5555999999999983
1962-11-01,10.987999999999829,13.300000000000182,0.22999999999999687,3246.2609999999986,108.898159999997,0.1075000000000017,0.17210000000000036,0.11019999999999897,0.23230000000000217,0.024799999999999045,43.8926,0.0,0.19519999999999982,0.10170000000000101,37.7294,0.20429999999999993,0.3522999999999996,0.31459999999999866,81.8392,-1.0,0.442842942,-46.0,-267.0,5.7,-0.7999999999999989,202.0,-68.0,29.0,95.0,-66.0,300802,15.0,-41.0,-6.7000000000000455,4.0,-39.0,-27.0,-12.0,56.0,7.0,-3.400000000000091,12.100000000000364,7.0,31.0,40.1,2.8,40.5,1622,27.0,39.0,580,442,1236.0,1.0,-1.0,364.0,397.0,-429.8224999999984,-0.953799999995681,38.96698000001197,-0.020662251999999937,0.20000000000004547,0.30000000000001137,8.5,-0.30000000000000426,-0.5999999999999979,-0.7000000000000028,0.3511000000000024,0.36529999999999774,613.2200000000012,0.6641227000000072,3.8699999999999974,-0.21285200699999995,17.58738072,0.040000000000000036,-0.040000000000000036,0.08999999999999986,0.050000000000000266,0.020000000000000018,-0.040000000000000036,-0.010000000000000231,-0.03000000000000025,-0.03000000000000025,0.29,-0.11,-0.05,0.06,0.66,0.98,1.31,2.02,-0.005799999999999805,0.01290000000000191,0.0005999999999999339,0.0006999999999999229,0.0,0.09999999999999432,0.0,0.1999999999999993,0.0,0.20000000000000284,0.0,-0.30000000000000426,0.0,-0.09999999999999787,0.09999999999999432,0.10000000000000142,0.09999999999999787,0.0,0.0,0.0,0.011000000000001009,0.32200000000000983,-0.0030000000000001137,0.0039999999999995595,0.010000000000000231,0.020000000000000018,-0.010000000000000231,80.0,204.0,-0.017899999999997362
1962-12-01,14.039999999999964,14.699999999999818,0.09800000000000253,-8323.592700000037,-4.148499999999331,0.0,0.028700000000000614,0.08259999999999934,0.1548000000000016,0.17409999999999926,44.1204,-0.05880000000000152,-0.12199999999999989,-0.0727000000000011,37.4757,0.025500000000000966,-0.02710000000000079,0.5506000000000029,81.6791,-1.0,0.455848477,-17.0,100.0,5.5,0.29999999999999893,-106.0,95.0,17.0,-53.0,70.0,310357,-28.0,-41.0,-3.5,-27.0,-10.0,1.0,-11.0,13.0,4.0,3.0,2.0999999999994543,5.0,-19.0,39.6,2.8,40.3,1564,75.0,-61.0,570,380,1236.0,-11.0,16.0,346.0,410.0,841.7749199999998,1358.2046100000007,107.15917999998783,0.020662251999999937,-0.10000000000002274,0.2999999999999545,9.600000000000136,1.0,0.5,0.40000000000000213,0.2378,0.31920000000000215,484.61999999999534,0.419925400000011,2.6000000000000014,-0.11948694500000023,18.1548443,-0.009999999999999787,0.06000000000000005,0.040000000000000036,0.020000000000000018,0.009999999999999787,-0.040000000000000036,-0.06000000000000005,-0.009999999999999787,-0.040000000000000036,0.36,-0.06,-0.02,0.08,0.63,0.93,1.31,1.99,0.0005999999999994898,0.051400000000001,0.00140000000000029,-0.0008999999999999009,-0.10000000000000142,-0.19999999999999574,0.0,-0.3999999999999986,0.0,-0.5,0.0,0.10000000000000142,0.0,0.10000000000000142,-0.09999999999999432,-0.10000000000000142,0.0,0.0,0.0,0.0,-0.006000000000000227,-0.04600000000000648,-0.04399999999999693,-0.004999999999999005,0.0,0.020000000000000018,0.0,6.0,262.0,1.0752999999999986
1963-01-01,18.523999999999887,-6.699999999999818,-0.005000000000002558,3948.568500000052,88.1556500000006,0.1880999999999986,0.28699999999999903,0.38569999999999993,0.4644999999999939,0.24870000000000303,44.713,-0.039199999999999235,0.09759999999999991,0.05810000000000137,37.3249,0.15320000000000178,0.7588000000000008,0.8650999999999982,81.9446,32.0,0.445017182,292.0,125.0,5.7,0.20000000000000107,-2.0,82.0,54.0,20.0,34.0,304621,87.0,38.0,-1.6000000000000227,13.0,25.0,21.0,4.0,49.0,-30.0,10.0,9.900000000000546,8.0,78.0,40.0,2.7,40.5,1244,-173.0,-127.0,502,428,1248.0,14.0,-48.0,370.0,432.0,-126.0311099999999,1105.4488399999973,175.35139999999956,0.0,0.0,-0.39999999999997726,5.7999999999999545,-0.6999999999999957,-0.10000000000000142,0.09999999999999787,0.22469999999999857,0.39049999999999585,529.7400000000052,-0.13763900000000717,2.4200000000000017,-0.11623005299999978,18.65907971,-0.010000000000000231,0.04999999999999982,0.040000000000000036,0.04999999999999982,0.03000000000000025,0.020000000000000018,-0.029999999999999805,-0.03000000000000025,-0.009999999999999787,0.42,-0.01,0.04,0.12,0.66,0.91,1.29,1.99,0.008800000000000807,0.03849999999999909,0.0015000000000000568,0.0011999999999998678,-0.10000000000000142,0.0,0.0,-0.3000000000000007,0.0,0.19999999999999574,0.060000000000002274,0.30000000000000426,-0.29999999999999716,-3.552713678800501e-15,0.09999999999999432,-0.10000000000000142,0.10000000000000142,0.0,0.0,0.10000000000000142,0.0389999999999997,-0.07199999999999562,0.06799999999999784,0.018000000000000682,0.009999999999999787,-0.010000000000000231,0.009999999999999787,14.0,56.0,0.6265000000000072
1963-02-01,-15.949999999999818,7.399999999999636,-0.06599999999999895,3820.5394999999553,-158.68016999999963,0.29579999999999984,0.2295000000000016,0.22050000000000125,0.4259000000000057,0.24869999999999948,45.2144,0.1372,0.3415999999999997,0.1598999999999986,38.1419,0.2041999999999966,0.46059999999999945,0.9438000000000031,82.3778,3.0,0.428504011,116.0,-48.0,5.9,0.29999999999999893,128.0,30.0,15.0,-38.0,53.0,294808,115.0,-29.0,-0.1999999999999318,-24.0,-3.0,6.0,-9.0,144.0,65.0,5.099999999999909,8.0,6.0,27.0,39.9,2.8,40.5,1456,69.0,113.0,523,437,1212.0,-12.0,-8.0,375.0,411.0,190.92771999999968,879.3993300000002,311.73581000001286,-0.020662251999999937,0.09999999999999432,0.19999999999998863,7.2999999999999545,-0.6000000000000014,-0.3999999999999986,-0.5,0.1670999999999978,0.38569999999999993,720.2899999999936,2.1128440999999896,0.8599999999999994,-0.03274228800000012,18.73113579,0.08000000000000007,-0.08999999999999986,0.009999999999999787,0.020000000000000018,-0.03000000000000025,0.08000000000000007,0.08999999999999986,-0.019999999999999574,-0.020000000000000462,0.25,-0.08,-0.02,0.01,0.66,0.92,1.19,1.89,-0.000600000000000378,0.02569999999997208,-0.00140000000000029,0.000600000000000156,0.0,0.0,0.0,-0.3000000000000007,0.0,-0.10000000000000142,0.03999999999999915,-0.10000000000000142,0.09999999999999787,-0.09999999999999787,0.0,0.20000000000000284,0.0,0.0,0.09999999999999432,0.0,0.01699999999999946,0.23499999999999943,0.015000000000000568,-0.02000000000000135,0.010000000000000231,0.010000000000000231,4.440892098500626e-16,4.0,37.0,-0.5692999999999984
1963-03-01,13.606999999999971,12.600000000000364,0.08900000000000219,-2679.5795999999973,166.9771699999983,0.1612000000000009,0.0,0.027499999999999858,0.1547999999999945,0.04969999999999786,45.4422,-0.05879999999999974,0.3415999999999997,0.17430000000000057,38.7518,0.15320000000000178,-0.3794000000000004,0.0,82.6243,29.0,0.453094303,161.0,327.0,5.7,0.40000000000000036,-157.0,-17.0,-50.0,-52.0,2.0,287299,90.0,5.0,1.1999999999999318,-18.0,22.0,6.0,16.0,85.0,20.0,6.199999999999818,19.099999999999454,7.0,14.0,40.0,2.8,40.5,1534,17.0,2.0,610,409,1258.0,-3.0,58.0,361.0,416.0,310.3751200000006,1265.6864599999972,214.31837999999698,0.0,-0.30000000000001137,0.10000000000002274,8.0,0.20000000000000284,-0.10000000000000142,0.0,0.14450000000000074,0.2850000000000037,696.6600000000035,0.9045337000000018,-0.25,0.022534684000000027,18.44444859,-0.020000000000000018,0.08999999999999986,-0.029999999999999805,-0.029999999999999805,0.020000000000000018,0.020000000000000018,0.010000000000000231,0.0,-0.009999999999999787,0.36,-0.09,-0.03,0.05,0.7,0.95,1.21,1.9,0.0038999999999997925,0.07720000000000482,-0.0027999999999996916,0.00029999999999996696,-0.10000000000000142,-0.30000000000000426,0.0,-0.3999999999999986,0.0,0.0,0.030000000000001137,-0.10000000000000142,0.10000000000000142,0.0,0.0,0.20000000000000284,0.0,0.10000000000000142,0.0,0.0,-0.012999999999998124,-0.0519999999999996,-0.05999999999999872,-0.0039999999999995595,0.009999999999999787,0.020000000000000018,-4.440892098500626e-16,30.0,65.0,-0.4836000000000098
1963-04-01,8.295000000000073,8.0,0.06400000000000006,6616.157100000011,91.2670300000027,0.24199999999999733,0.31569999999999965,0.13780000000000214,0.15490000000000492,0.19900000000000162,45.579,0.0882000000000005,0.2195999999999998,0.3050999999999995,38.648,0.33190000000000097,-0.35219999999999985,-1.887599999999999,83.4581,-30.0,0.447595561,274.0,291.0,5.7,0.0,16.0,-40.0,-16.0,-8.0,-8.0,293103,260.0,110.0,3.900000000000091,67.0,38.0,27.0,11.0,150.0,73.0,6.600000000000364,32.400000000000546,6.0,19.0,40.2,2.6,40.5,1689,84.0,71.0,586,433,1288.0,0.0,34.0,382.0,391.0,-155.18756000000212,749.6831700000039,97.41743999999017,-0.01033112600000008,0.20000000000001705,-0.19999999999998863,9.700000000000045,0.29999999999999716,0.10000000000000142,0.10000000000000142,0.4177999999999997,0.3558000000000021,728.1999999999971,1.1131330999999989,3.0900000000000034,-0.12288382099999984,19.17979747,-0.08000000000000007,-0.020000000000000018,0.009999999999999787,0.029999999999999805,0.08000000000000007,0.06000000000000005,0.040000000000000036,0.019999999999999574,-0.009999999999999787,0.42,0.0,0.08,0.21,0.84,1.07,1.31,1.97,0.000600000000000378,2.1995000000000005,9.999999999976694e-05,-0.0012000000000000899,0.0,0.0,0.0,0.1999999999999993,0.0,0.10000000000000142,-0.030000000000001137,0.09999999999999432,0.0,0.0,0.0,-0.20000000000000284,0.09999999999999787,0.0,-0.09999999999999432,0.0,-0.0010000000000012221,-0.07699999999999818,-0.02500000000000213,0.0029999999999983373,0.0,-0.040000000000000036,-0.009999999999999787,118.0,207.0,-0.19209999999999638
1963-05-01,12.971000000000004,12.0,0.010999999999999233,1902.9134000000195,-133.78917,0.32250000000000156,0.1147999999999989,0.0,0.07739999999999725,0.39780000000000015,45.4422,-0.02940000000000076,0.5611999999999995,0.45040000000000013,39.232,0.22969999999999757,0.43349999999999866,0.7078999999999951,83.9513,-34.0,0.422338155,135.0,-27.0,5.9,0.0,153.0,-66.0,86.0,72.0,14.0,290170,36.0,56.0,1.3999999999999773,15.0,39.0,32.0,7.0,-20.0,-56.0,0.1999999999998181,-32.0,9.0,24.0,40.2,2.8,40.5,1641,-66.0,14.0,571,452,1350.0,17.0,-15.0,406.0,427.0,206.91674000000057,804.049500000001,438.3784900000028,0.01033112600000008,0.20000000000001705,0.19999999999998863,8.0,0.20000000000000284,0.0,-0.10000000000000142,0.25730000000000075,0.4841999999999942,533.5299999999988,0.2258252999999968,1.3799999999999955,-0.03824444100000024,19.42198384,0.10000000000000009,-0.06999999999999984,0.03000000000000025,0.029999999999999805,0.010000000000000231,-0.020000000000000018,-0.040000000000000036,0.009999999999999787,-0.020000000000000462,0.25,-0.07,0.01,0.12,0.72,0.93,1.22,1.85,-0.0052000000000003155,1.752900000000011,-0.001100000000000101,0.0004999999999999449,0.10000000000000142,0.20000000000000284,0.1999999999999993,-0.1999999999999993,0.0,0.20000000000000284,0.030000000000001137,-0.19999999999998863,0.09999999999999787,0.10000000000000142,0.0,0.0,0.0,0.0,0.09999999999999432,0.0,0.0259999999999998,0.030999999999998806,0.02500000000000213,0.015000000000002345,0.010000000000000231,0.029999999999999805,0.010000000000000231,131.0,227.0,-0.23999999999999488
1963-06-01,14.34900000000016,14.699999999999818,0.17099999999999937,-3883.704399999988,156.60591999999815,0.08070000000000022,0.05740000000000123,0.11019999999999897,0.23230000000000217,0.42279999999999873,45.4878,0.039199999999999235,0.09759999999999991,0.02909999999999968,39.5207,0.07660000000000267,0.10839999999999961,0.31460000000000576,83.9398,7.0,0.449585114,-206.0,34.0,5.6,-0.5,-151.0,99.0,-90.0,15.0,-105.0,287361,43.0,-28.0,1.6999999999999318,-1.0,-17.0,-2.0,-15.0,71.0,14.0,-0.6999999999998181,9.899999999999636,2.0,14.0,40.3,2.9,40.7,1588,-27.0,-16.0,574,439,1345.0,-34.0,15.0,399.0,448.0,-690.3494900000005,-204.11220999999932,457.8619699999981,-0.01033112600000008,-0.700000000000017,-0.5000000000000568,3.5,0.5,0.1999999999999993,0.10000000000000142,0.5978999999999957,0.6591000000000022,540.4499999999971,0.08821700000001442,-0.030000000000001137,0.025108893000000077,19.20581858,-0.009999999999999787,0.1299999999999999,0.06000000000000005,0.07000000000000028,0.08000000000000007,0.08999999999999986,0.06000000000000005,0.010000000000000675,-0.009999999999999787,0.39,0.0,0.09,0.21,0.82,1.0,1.24,1.85,0.000300000000000189,0.2499000000000251,0.0005999999999999339,0.001000000000000112,0.10000000000000142,0.10000000000000142,0.0,0.29999999999999716,0.0,0.10000000000000142,0.09999999999999787,0.19999999999998863,0.0,0.0,0.10000000000000142,0.10000000000000142,0.10000000000000142,0.09999999999999787,0.10000000000000142,0.10000000000000142,0.03500000000000014,0.11199999999999477,0.07399999999999807,-0.01600000000000179,0.009999999999999787,0.020000000000000018,-4.440892098500626e-16,148.0,295.0,0.059899999999998954
1963-07-01,1.7229999999999563,1.699999999999818,0.09199999999999875,8519.631099999999,245.79868999999962,-0.10760000000000147,-9.999999999976694e-05,0.0,-0.11619999999999919,-0.024899999999998812,45.3055,0.1372,-0.24399999999999977,-0.2469999999999999,39.1929,-0.10210000000000008,-0.6231999999999971,-0.5113000000000056,83.3448,58.0,0.455689953,330.0,256.0,5.6,0.0,-26.0,30.0,3.0,-45.0,48.0,280616,135.0,52.0,-0.599999999999909,28.0,22.0,8.0,14.0,83.0,16.0,1.8999999999996362,7.699999999999818,5.0,32.0,40.2,2.9,40.6,1614,6.0,-24.0,619,438,1321.0,13.0,-17.0,409.0,418.0,631.0960599999999,-61.04291000000376,418.8950000000041,-0.010331124999999997,0.9000000000000057,0.40000000000009095,5.599999999999909,0.5999999999999943,0.1999999999999993,0.1999999999999993,0.21950000000000358,0.4887999999999977,840.8600000000006,1.3508708999999897,-1.0400000000000063,0.05206954099999983,18.72080865,0.029999999999999805,0.11000000000000032,0.18999999999999995,0.22999999999999998,0.2799999999999998,0.08000000000000007,0.02999999999999936,0.02999999999999936,0.0,0.47,0.16,0.29,0.46,0.87,1.0,1.24,1.82,-0.000700000000000145,0.1711999999999989,0.000600000000000378,0.0014000000000000679,-0.10000000000000142,0.0,0.0,0.10000000000000142,0.0,0.09999999999999432,0.08000000000000185,7.105427357601002e-15,0.0,-0.10000000000000142,0.10000000000000142,0.0,0.0,0.10000000000000142,0.10000000000000142,0.09999999999999787,0.03200000000000003,-0.20300000000000296,0.0779999999999994,0.005000000000000782,0.010000000000000231,0.010000000000000231,4.440892098500626e-16,126.0,261.0,0.2044999999999959
1963-08-01,10.707999999999629,10.200000000000273,0.06400000000000006,-2116.9318000000203,-26.965249999997468,0.05380000000000251,0.2582999999999984,0.3030000000000008,0.3096999999999994,0.04980000000000118,45.8069,0.23510000000000097,-0.2195999999999998,-0.39229999999999876,40.0312,0.12769999999999726,0.10839999999999961,0.668600000000005,83.5014,-29.0,0.468540485,-170.0,3.0,5.4,-0.09999999999999964,-16.0,-139.0,44.0,71.0,-27.0,290279,116.0,14.0,-0.8000000000000682,11.0,-2.0,-5.0,3.0,102.0,19.0,6.300000000000182,19.100000000000364,7.0,34.0,40.2,2.9,40.6,1639,34.0,33.0,595,420,1310.0,-2.0,9.0,392.0,417.0,-543.6267100000005,78.21122000000469,477.3454999999958,0.010331124999999997,-0.4000000000000057,-0.20000000000004547,5.7000000000000455,-0.19999999999999574,-0.3000000000000007,-0.3000000000000007,0.010399999999997078,0.36760000000000304,859.7100000000064,1.021127000000007,1.9100000000000108,-0.08113400600000009,19.09020056,0.4700000000000002,0.22999999999999998,0.13999999999999968,0.1299999999999999,0.04999999999999982,0.0,-0.019999999999999574,0.03000000000000025,-0.009999999999999787,0.23,-0.17,-0.05,0.04,0.4,0.51,0.8,1.34,-0.006599999999999717,-0.052700000000015734,-0.001200000000000312,0.0031999999999998696,0.0,-0.10000000000000142,0.0,-0.10000000000000142,0.0,0.20000000000000284,0.05999999999999872,0.0,0.10000000000000142,0.09999999999999787,0.10000000000000142,-0.10000000000000142,0.10000000000000142,0.0,0.10000000000000142,0.0,0.021999999999998465,0.016000000000005343,0.0470000000000006,-0.0019999999999988916,0.0,0.019999999999999574,-0.020000000000000462,75.0,253.0,-1.2424000000000035
1963-09-01,20.798999999999978,20.09999999999991,-0.03399999999999892,-2897.09580000001,-52.89339000000109,0.2687999999999988,0.08609999999999829,0.08269999999999911,0.11619999999999919,0.4475999999999978,45.6702,-0.02940000000000076,0.48799999999999955,0.46499999999999986,40.3971,0.17870000000000275,0.29809999999999803,0.3538999999999959,83.8227,-4.0,0.458175385,345.0,266.0,5.5,0.29999999999999893,18.0,75.0,-45.0,-83.0,38.0,289193,168.0,46.0,-1.1000000000000227,11.0,30.0,31.0,-1.0,122.0,21.0,3.300000000000182,16.099999999999454,4.0,49.0,40.2,2.9,40.6,1763,-6.0,13.0,693,439,1413.0,44.0,-3.0,428.0,443.0,480.6111600000004,391.0561099999977,545.5377000000008,0.01033112600000008,-0.30000000000001137,-0.10000000000002274,9.0,0.29999999999999716,0.3000000000000007,0.20000000000000284,0.3457000000000008,0.366100000000003,593.6100000000006,0.20675059999999235,1.8699999999999903,-0.07523090299999957,19.43473455,-0.010000000000000231,0.1599999999999997,0.06000000000000005,0.06000000000000005,0.040000000000000036,0.06999999999999984,0.08000000000000007,0.019999999999999574,0.009999999999999787,0.4,-0.1,0.02,0.09,0.48,0.6,0.83,1.36,-0.001300000000000523,-0.4603999999999928,-0.0019000000000000128,-0.0030999999999998806,0.0,0.0,0.0,-0.09999999999999787,0.0,0.20000000000000284,-0.030000000000001137,-0.10000000000000142,0.0,-0.09999999999999787,-0.10000000000000142,0.0,0.0,0.0,-0.10000000000000142,0.0,-0.0030000000000001137,0.4370000000000118,-0.08599999999999852,0.0029999999999983373,0.009999999999999787,0.0,0.03000000000000025,-62.0,117.0,0.5827000000000027
1963-10-01,17.156000000000404,15.900000000000091,-0.010000000000001563,8483.270900000003,371.2908500000012,0.18819999999999837,0.258300000000002,0.19289999999999807,0.2710000000000008,0.024900000000002365,46.0348,0.176400000000001,0.14639999999999986,0.14529999999999887,40.4787,0.22969999999999757,0.08119999999999905,0.11789999999999878,84.3071,67.0,0.471532481,150.0,120.0,5.5,-0.29999999999999893,43.0,-62.0,2.0,31.0,-29.0,286326,205.0,34.0,-0.599999999999909,-6.0,40.0,23.0,17.0,171.0,24.0,8.799999999999727,18.100000000000364,13.0,62.0,40.3,2.9,40.7,1779,22.0,23.0,662,441,1414.0,-7.0,7.0,425.0,447.0,316.01829,162.1452100000024,740.3724999999977,-0.01033112600000008,0.4000000000000057,-0.0999999999999659,6.2999999999999545,0.20000000000000284,0.0,0.09999999999999787,0.5885999999999996,0.3509999999999991,943.179999999993,0.7817108000000133,0.18000000000000682,0.024468662999999946,19.25038264,0.020000000000000018,0.0,0.07000000000000028,0.08000000000000007,0.07000000000000028,0.010000000000000231,0.03000000000000025,0.010000000000000675,-0.009999999999999787,0.38,-0.05,0.08,0.14,0.47,0.61,0.82,1.33,0.0,-0.18380000000001928,0.00010000000000021103,-0.0019000000000000128,0.10000000000000142,0.10000000000000142,0.10000000000000142,0.09999999999999787,0.0,0.29999999999999716,0.030000000000001137,0.10000000000000142,0.1999999999999993,0.0,0.0,0.09999999999999432,0.0,0.09999999999999787,0.0,0.0,0.03100000000000236,-0.3970000000000198,0.03500000000000014,0.015000000000000568,0.0,0.010000000000000231,-0.020000000000000018,56.0,197.0,0.5913000000000039
1963-11-01,6.42699999999968,6.900000000000091,0.13400000000000034,-6100.447199999995,-244.7615700000024,0.13440000000000296,0.1147999999999989,0.055100000000003035,0.038699999999998624,0.24869999999999948,45.9892,0.07840000000000025,0.14639999999999986,0.08710000000000129,40.8225,0.07660000000000267,0.4065000000000012,-0.07859999999999445,84.2946,-34.0,0.444712118,137.0,-27.0,5.7,-0.5999999999999996,121.0,64.0,-17.0,-8.0,-9.0,280784,-28.0,-61.0,-1.900000000000091,-21.0,-39.0,-9.0,-30.0,33.0,18.0,8.800000000000182,10.199999999999818,4.0,5.0,40.2,2.9,40.7,1622,-37.0,-37.0,597,422,1357.0,-26.0,18.0,422.0,401.0,-327.30465999999797,88.70296999999846,389.6698000000033,0.02066225200000016,0.4000000000000057,0.8999999999999773,9.100000000000136,0.6999999999999957,0.10000000000000142,0.10000000000000142,0.8271000000000015,0.3650999999999982,493.97000000000116,0.475680600000004,-0.4099999999999966,0.04940540899999979,18.99366593,-0.020000000000000018,0.0,0.06999999999999984,0.06999999999999984,0.10000000000000009,0.03999999999999959,0.009999999999999787,0.009999999999999787,0.009999999999999787,0.4,0.04,0.17,0.26,0.53,0.64,0.85,1.36,0.001000000000000334,0.22320000000001983,0.0,-0.00029999999999996696,0.0,-0.10000000000000142,0.0,0.3000000000000007,0.0,0.10000000000000142,0.030000000000001137,0.0,-0.09999999999999787,0.10000000000000142,0.10000000000000142,-0.09999999999999432,0.09999999999999787,0.0,0.10000000000000142,0.10000000000000142,0.022999999999999687,-0.10799999999998988,0.04299999999999926,-0.010999999999999233,0.010000000000000231,-0.010000000000000231,0.010000000000000231,38.0,174.0,0.06389999999998963
1963-12-01,24.603000000000065,20.799999999999727,0.21600000000000108,2379.240700000024,471.8920099999996,-0.05380000000000251,0.028600000000000847,0.11019999999999897,0.23219999999999885,0.07460000000000022,46.3994,-0.019600000000000506,-0.14639999999999986,-0.04359999999999964,40.2365,0.0,0.2710000000000008,-0.2359000000000009,84.0095,93.0,0.487798742,-230.0,-54.0,5.5,0.0,-85.0,-14.0,-47.0,-16.0,-31.0,301093,106.0,37.0,1.6000000000000227,-1.0,37.0,21.0,16.0,69.0,10.0,9.599999999999909,16.900000000000546,10.0,13.0,40.0,3.0,40.6,1491,-33.0,-51.0,514,459,1423.0,8.0,-25.0,476.0,430.0,-332.94785000000047,-322.3828399999984,38.96700000000419,-0.030993377000000155,-1.299999999999983,-1.5,1.3999999999998636,1.1000000000000014,0.5999999999999979,0.5999999999999979,0.9359000000000037,0.29189999999999827,974.5299999999988,0.49939449999999397,1.5499999999999972,-0.033485675000000104,19.19861918,-0.10000000000000009,0.08000000000000007,0.0,0.010000000000000231,0.06999999999999984,0.03000000000000025,0.009999999999999787,0.019999999999999574,0.009999999999999787,0.58,0.14,0.28,0.43,0.66,0.75,0.97,1.47,-0.0007999999999999119,0.2892999999999688,-0.0013000000000000789,0.0017999999999998018,-0.10000000000000142,0.0,0.0,-0.8000000000000007,0.0,0.3999999999999986,0.09999999999999787,-0.10000000000000142,0.09999999999999787,-0.10000000000000142,0.10000000000000142,0.10000000000000142,0.10000000000000142,0.10000000000000142,0.10000000000000142,0.09999999999999787,0.02400000000000091,0.11499999999999488,0.05000000000000071,-0.0070000000000014495,0.009999999999999787,0.06000000000000005,-4.440892098500626e-16,16.0,319.0,1.1762000000000086
1964-01-01,11.30099999999993,-0.29999999999972715,0.05900000000000105,7561.655599999998,-114.0837799999972,0.24190000000000111,0.28699999999999903,0.3030000000000008,0.3872,0.04969999999999786,46.8552,0.26449999999999996,0.19519999999999982,0.02909999999999968,40.9318,0.22979999999999734,0.6233000000000004,0.2359000000000009,84.4621,5.0,0.482501862,168.0,114.0,5.6,0.1999999999999993,31.0,-57.0,50.0,36.0,14.0,278146,126.0,-87.0,-3.1000000000000227,-86.0,3.0,-4.0,7.0,213.0,72.0,13.800000000000182,28.899999999999636,9.0,65.0,39.5,2.9,40.1,1603,12.0,61.0,584,428,1296.0,-45.0,24.0,401.0,399.0,1931.84994,1137.87788,526.0540999999939,0.0,0.6999999999999602,0.30000000000001137,4.0,-0.6999999999999957,0.0,0.0,0.24449999999999505,0.42970000000000397,879.9100000000035,0.8665684000000056,2.280000000000001,-0.0698726439999997,19.66592273,0.10000000000000009,0.010000000000000231,0.0,-0.020000000000000018,-0.020000000000000018,0.03000000000000025,0.040000000000000036,0.040000000000000036,-0.019999999999999574,0.49,0.04,0.16,0.31,0.59,0.69,0.91,1.35,0.00039999999999995595,-0.32869999999996935,0.0017999999999998018,0.0009000000000001229,0.10000000000000142,0.20000000000000284,0.0,0.40000000000000213,0.0,0.29999999999999716,0.060000000000002274,0.0,0.1999999999999993,0.09999999999999787,0.0,-0.10000000000000142,0.0,0.0,0.0,0.0,0.03399999999999892,0.04600000000000648,0.06400000000000006,0.005000000000000782,0.0,-0.009999999999999787,-0.009999999999999787,-13.0,32.0,-0.3645000000000067
1964-02-01,13.04300000000012,26.399999999999636,0.129999999999999,694.1289999999572,100.6011499999986,0.18819999999999837,0.0,-0.11010000000000275,-0.07750000000000057,0.14920000000000044,46.6729,-0.04899999999999949,0.39039999999999964,0.26149999999999984,41.5406,0.15320000000000178,-0.2981000000000016,0.19659999999999656,84.6673,-29.0,0.487029502,327.0,424.0,5.4,-0.3000000000000007,-97.0,60.0,-42.0,-25.0,-17.0,262838,266.0,164.0,0.10000000000002274,136.0,27.0,14.0,13.0,102.0,22.0,-3.600000000000364,26.300000000000182,8.0,19.0,40.3,2.9,40.7,1820,16.0,133.0,650,431,1442.0,71.0,45.0,405.0,425.0,-700.6953300000023,497.88119000000006,370.1863000000012,0.010331124999999997,0.20000000000004547,0.4000000000000341,9.0,-0.7000000000000028,-0.5999999999999979,-0.5,0.1296000000000035,0.4981999999999971,874.8699999999953,0.8766255999999828,0.9399999999999977,-0.01496185200000033,19.76813244,0.0,-0.0900000000000003,0.009999999999999787,0.029999999999999805,-0.010000000000000231,-0.040000000000000036,-0.019999999999999574,-0.02999999999999936,0.0,0.4,0.05,0.19,0.3,0.55,0.67,0.88,1.35,0.008600000000000385,0.2892999999999688,-0.0013999999999998458,-0.00029999999999996696,0.0,-0.30000000000000426,0.0,-0.40000000000000213,0.0,0.20000000000000284,-0.030000000000001137,0.0,-0.09999999999999787,-0.09999999999999787,0.0,0.10000000000000142,0.0,0.0,0.0,0.0,0.022999999999999687,0.07099999999999795,0.006000000000000227,0.009000000000000341,0.0,-0.03000000000000025,0.0,-2.0,61.0,-0.8138999999999896
1964-03-01,16.003000000000156,15.100000000000364,0.06500000000000128,-9122.160199999984,158.68016999999963,0.0,0.0,-0.05519999999999925,-0.19350000000000023,-0.1988999999999983,46.5361,0.12739999999999974,0.0,0.014599999999999724,41.33,0.0,0.2710000000000008,-0.039299999999997226,84.3575,26.0,0.491392405,30.0,12.0,5.4,0.3000000000000007,75.0,-92.0,24.0,6.0,18.0,277108,144.0,17.0,0.0,-7.0,28.0,34.0,-6.0,127.0,54.0,4.200000000000273,49.5,7.0,30.0,40.2,2.9,40.6,1517,-4.0,-162.0,580,363,1313.0,-7.0,-46.0,398.0,356.0,-128.8526899999997,656.211209999994,409.1533000000054,0.01033112600000008,-0.4000000000000341,-0.20000000000004547,5.900000000000091,0.29999999999999716,0.09999999999999787,0.10000000000000142,0.16570000000000107,0.3498999999999981,904.1800000000076,0.8941800999999998,1.4099999999999966,-0.032331856999999964,19.97134372,-0.04999999999999982,0.1200000000000001,0.010000000000000231,0.050000000000000266,0.13000000000000034,0.10999999999999943,0.0699999999999994,0.019999999999999574,0.0,0.57,0.11,0.29,0.48,0.71,0.79,0.95,1.4,0.0021999999999993136,-0.4730999999999881,0.0011999999999998678,0.0004999999999999449,-0.10000000000000142,0.10000000000000142,0.0,0.10000000000000142,0.0,0.5,0.030000000000001137,0.0,0.09999999999999787,0.0,0.0,-0.10000000000000142,0.0,0.10000000000000142,0.0,0.0,0.010000000000001563,-0.22099999999998943,-0.005000000000002558,-0.005000000000000782,0.009999999999999787,0.020000000000000018,0.0,28.0,84.0,0.15159999999998774
1964-04-01,19.35199999999986,18.199999999999818,0.0329999999999977,7682.804699999979,182.5340499999984,0.45700000000000074,0.6026000000000025,0.6338000000000008,1.0065000000000026,0.6962999999999973,47.63,0.24499999999999922,0.2927999999999997,0.1889000000000003,42.2153,0.4850999999999992,0.5960999999999999,0.3538999999999959,85.5869,91.0,0.518631955,561.0,593.0,5.3,-1.0999999999999996,-16.0,68.0,-105.0,-70.0,-35.0,263686,25.0,6.0,0.3000000000000682,-12.0,15.0,8.0,7.0,19.0,-34.0,6.400000000000091,-82.69999999999982,8.0,33.0,40.2,3.0,40.7,1448,-28.0,-32.0,566,368,1264.0,-30.0,-33.0,398.0,370.0,740.1976100000029,826.9405900000056,555.2793999999994,-0.020662251000000076,0.10000000000002274,-0.30000000000001137,5.7000000000000455,0.30000000000000426,0.10000000000000142,0.0,0.5150999999999968,0.3107000000000042,667.75,0.2227800000000002,1.1400000000000006,-0.021313637999999635,20.08156517,0.040000000000000036,-0.08999999999999986,-0.06999999999999984,-0.06000000000000005,0.0,0.010000000000000675,0.010000000000000675,0.020000000000000462,0.019999999999999574,0.44,0.0,0.19,0.44,0.68,0.76,0.93,1.38,-0.006099999999999994,0.2626000000000204,0.0009000000000001229,0.00039999999999995595,0.10000000000000142,-0.10000000000000142,0.0,0.0,0.0,0.10000000000000142,0.00999999999999801,0.09999999999999432,-0.09999999999999787,0.10000000000000142,0.0,0.0,0.09999999999999787,0.0,0.0,0.0,0.011999999999996902,0.11899999999998556,0.005000000000002558,-0.004999999999999005,0.010000000000000231,0.03000000000000025,0.020000000000000018,76.0,184.0,-0.5148999999999972
1964-05-01,19.21199999999999,18.90000000000009,0.25800000000000267,3155.98880000005,300.7663300000022,0.16130000000000067,0.08609999999999829,0.13769999999999882,0.3096999999999994,0.14920000000000044,48.0858,0.11749999999999972,0.21950000000000003,0.20340000000000025,42.2791,0.10210000000000008,0.18970000000000198,0.4719000000000051,85.5983,3.0,0.540648247,121.0,275.0,5.1,1.1999999999999993,-86.0,-98.0,41.0,7.0,34.0,267340,167.0,37.0,-2.0,12.0,27.0,13.0,14.0,130.0,34.0,8.0,55.79999999999927,5.0,26.0,40.3,3.1,40.8,1467,50.0,37.0,561,305,1299.0,12.0,15.0,399.0,377.0,1.8810599999997066,957.6105599999937,379.9279999999999,-0.010331125999999857,0.19999999999998863,0.6000000000000227,6.7999999999999545,0.19999999999999574,-0.10000000000000142,0.0,0.515500000000003,0.3177999999999983,926.3600000000006,0.8308214000000191,0.7800000000000011,-0.007726964000000169,20.09767035,0.029999999999999805,-0.020000000000000018,0.009999999999999787,-0.06000000000000005,-0.07000000000000028,-0.10000000000000053,-0.03000000000000025,0.009999999999999787,0.0,0.39,-0.02,0.1,0.34,0.55,0.7,0.91,1.35,-0.005300000000000082,0.05259999999998399,0.00039999999999995595,0.0,0.0,0.0,-0.10000000000000142,-0.10000000000000142,0.0,0.10000000000000142,0.030000000000001137,-0.09999999999999432,0.0,-0.10000000000000142,0.0,-0.10000000000000142,0.0,0.0,0.0,0.0,0.0020000000000024443,-0.10099999999999909,-0.03100000000000236,0.004999999999999005,0.0,-0.020000000000000018,-0.020000000000000018,128.0,249.0,-1.336500000000001
1964-06-01,11.333000000000084,11.699999999999818,0.10799999999999699,-411.63950000004843,17.63112999999794,0.08060000000000045,0.0,-0.027599999999999625,-0.07750000000000057,0.27360000000000184,47.7668,0.03920000000000101,0.17079999999999984,0.08709999999999951,42.8672,0.05100000000000193,0.5148999999999972,-0.39330000000000354,85.449,65.0,0.550603041,-363.0,-413.0,5.2,0.0,38.0,15.0,72.0,68.0,4.0,261464,130.0,52.0,3.7999999999999545,22.0,27.0,19.0,8.0,78.0,28.0,5.0,31.800000000000182,4.0,-1.0,40.4,3.1,40.8,1550,-5.0,9.0,583,361,1280.0,20.0,-10.0,391.0,356.0,137.3174799999979,1003.3927300000068,457.8619999999937,0.010331125999999857,-0.20000000000001705,0.4000000000000341,8.099999999999909,0.6000000000000014,0.3000000000000007,0.3000000000000007,0.549199999999999,0.27479999999999905,593.6599999999889,0.3949303999999927,-0.480000000000004,0.038289504999999835,19.73618362,0.0,0.10999999999999988,0.0,-0.040000000000000036,-0.009999999999999787,-0.03000000000000025,-0.03000000000000025,0.0,0.0,0.5,-0.02,0.06,0.33,0.52,0.67,0.91,1.35,-9.999999999976694e-05,-0.01310000000000855,-0.005199999999999871,0.0,0.0,0.10000000000000142,-0.09999999999999787,-0.3999999999999986,0.0,0.5999999999999943,0.030000000000001137,0.0,0.09999999999999787,0.10000000000000142,0.0,0.10000000000000142,0.10000000000000142,0.0,0.09999999999999432,0.10000000000000142,0.022999999999999687,0.0660000000000025,0.03900000000000148,-0.004999999999999005,0.009999999999999787,0.009999999999999787,0.010000000000000231,131.0,298.0,-0.07439999999999714
1964-07-01,17.56399999999985,16.40000000000009,0.14000000000000057,6503.602600000042,112.009530000003,0.18819999999999837,0.3155999999999999,0.3307000000000002,0.5807000000000002,0.4475999999999978,48.4049,0.14700000000000024,0.048799999999999955,0.02909999999999968,42.868,0.22979999999999734,0.18970000000000198,0.15729999999999933,85.861,62.0,0.599223947,-25.0,181.0,4.9,1.0999999999999996,-233.0,3.0,-45.0,-60.0,15.0,254030,193.0,58.0,-1.5,10.0,48.0,40.0,8.0,135.0,54.0,10.699999999999818,27.0,6.0,8.0,40.3,3.1,40.8,1562,-9.0,-3.0,568,400,1304.0,-20.0,7.0,414.0,370.0,895.3851700000014,1447.8613699999987,224.06010000000242,-0.020662251999999937,0.9000000000000341,0.0999999999999659,9.299999999999955,0.5,0.10000000000000142,0.09999999999999787,0.4221999999999966,0.40209999999999724,866.320000000007,0.5837602000000004,2.980000000000004,-0.08217956099999979,20.22105407,-0.08000000000000007,-0.040000000000000036,-0.020000000000000018,0.0,-0.10999999999999988,0.010000000000000675,0.020000000000000462,-0.009999999999999787,-0.019999999999999574,0.54,0.04,0.14,0.3,0.61,0.77,0.98,1.41,0.006099999999999994,0.052600000000040836,-0.0045000000000001705,0.00029999999999996696,0.0,0.10000000000000142,0.09999999999999787,0.1999999999999993,-0.050000000000000266,0.20000000000000284,0.00999999999999801,0.10000000000000142,-0.09999999999999787,-0.10000000000000142,0.0,0.0,0.0,0.09999999999999787,0.0,0.0,0.021000000000000796,0.043000000000006366,0.03200000000000003,-0.0010000000000012221,0.010000000000000231,0.020000000000000018,-0.010000000000000231,100.0,252.0,-0.3242000000000047
1964-08-01,18.383000000000266,18.5,0.11500000000000199,-6552.930900000036,319.4345899999971,0.18810000000000215,-0.028700000000000614,-0.027599999999999625,-0.07739999999999725,0.19890000000000185,48.0858,-0.009800000000000253,0.536800000000003,0.46499999999999986,43.365,0.1786999999999992,0.08129999999999882,-0.5504999999999995,86.1105,-34.0,0.582216142,111.0,64.0,5.0,-1.6999999999999993,210.0,-38.0,-68.0,-53.0,-15.0,244054,207.0,70.0,-1.2000000000000455,9.0,61.0,46.0,15.0,137.0,38.0,4.900000000000091,24.400000000000546,3.0,55.0,40.4,3.3,40.9,1569,11.0,13.0,596,356,1306.0,6.0,19.0,434.0,327.0,-1638.40438,484.5280500000008,370.1863000000012,0.01033112600000008,-0.20000000000001705,0.2999999999999545,9.300000000000182,0.0,0.0,-0.09999999999999787,0.38870000000000005,0.3581000000000003,678.5500000000029,0.2822490000000073,-1.2199999999999989,0.06729737800000013,19.80993996,0.08000000000000007,-0.08000000000000007,0.040000000000000036,0.04999999999999982,0.020000000000000018,0.019999999999999574,0.0,0.009999999999999787,-0.009999999999999787,0.38,0.0,0.11,0.24,0.55,0.69,0.91,1.32,-0.001100000000000101,-0.052600000000040836,-0.0030999999999998806,-0.0024999999999999467,0.10000000000000142,0.0,-0.09999999999999787,0.1999999999999993,0.0,0.10000000000000142,0.030000000000001137,-0.10000000000000142,0.09999999999999787,0.09999999999999787,0.0,0.0,0.0,0.0,0.0,0.0,0.012000000000000455,-0.13100000000001444,-0.013999999999999346,0.01600000000000179,0.009999999999999787,0.010000000000000231,0.009999999999999787,49.0,217.0,0.7079000000000093
1964-09-01,13.492999999999938,12.900000000000091,-0.08000000000000185,8872.593900000036,216.75919000000067,0.10759999999999792,-0.14339999999999975,-0.11019999999999897,-0.464500000000001,-0.6464999999999996,47.8124,0.09799999999999898,0.4147999999999996,0.3340999999999994,43.8872,0.1277000000000008,0.0,-0.1180000000000021,86.1994,30.0,0.581357759,172.0,115.0,5.1,-0.3000000000000007,7.0,23.0,-17.0,31.0,-48.0,251902,284.0,133.0,3.2000000000000455,5.0,125.0,102.0,23.0,151.0,23.0,11.599999999999909,11.5,7.0,54.0,40.3,3.3,40.9,1455,-34.0,-25.0,554,343,1265.0,-9.0,4.0,401.0,324.0,1164.3769299999985,864.1386099999945,1130.042300000001,0.0,-0.10000000000002274,0.20000000000004547,10.0,0.5,0.29999999999999716,0.3000000000000007,0.6703000000000046,0.36950000000000216,948.9199999999983,0.8990627999999958,1.4099999999999966,-0.025910796000000236,19.89948478,-0.04999999999999982,0.010000000000000231,0.029999999999999805,0.07000000000000028,0.09999999999999964,0.03000000000000025,0.009999999999999787,0.009999999999999787,0.0,0.44,0.08,0.23,0.39,0.63,0.75,0.97,1.37,-0.0005999999999994898,-1.113999999999976,-0.0032000000000000917,-0.0025999999999999357,0.0,0.0,0.09999999999999787,0.7000000000000028,0.0,0.6000000000000014,0.029999999999997584,-0.19999999999999574,-0.09999999999999787,-0.09999999999999787,0.09999999999999432,0.10000000000000142,0.0,0.0,0.10000000000000142,0.10000000000000142,0.02499999999999858,0.047000000000011255,0.05799999999999983,-0.019000000000001904,0.010000000000000231,-0.010000000000000231,0.010000000000000231,-48.0,139.0,1.6662000000000035
1964-10-01,1.8209999999999127,2.0,0.125,-4557.70630000002,-898.1504999999997,-0.4031999999999982,-0.31569999999999965,-0.38569999999999993,-0.8130000000000024,-2.810200000000002,48.4505,-0.08819999999999872,-0.5124000000000031,-0.6392999999999986,43.9287,-0.4085000000000001,0.21669999999999945,0.27530000000000143,84.6252,1.0,0.579441761,18.0,4.0,5.1,-0.09999999999999964,51.0,-42.0,-14.0,13.0,-27.0,256279,-110.0,-220.0,2.2999999999999545,29.0,-252.0,-262.0,10.0,110.0,33.0,8.5,22.0,2.0,59.0,40.3,3.1,40.7,1524,36.0,45.0,596,290,1230.0,-18.0,2.0,392.0,314.0,-298.1482099999994,1320.052800000005,-9.741699999998673,0.020662250999999854,-0.39999999999997726,-1.2999999999999545,5.2999999999999545,0.30000000000000426,0.10000000000000142,0.09999999999999787,0.5158999999999949,0.3247,608.2099999999919,0.9579439000000036,1.4399999999999977,-0.026074774000000023,20.06021074,-0.0900000000000003,0.10999999999999988,0.040000000000000036,0.040000000000000036,0.020000000000000018,-0.009999999999999787,-0.009999999999999787,0.0,-0.010000000000000675,0.64,0.21,0.36,0.5,0.71,0.83,1.06,1.45,-0.0030000000000001137,0.09140000000002146,0.00010000000000021103,-0.0008000000000001339,0.0,0.10000000000000142,0.10000000000000142,-0.3000000000000007,0.0,1.3999999999999986,0.0400000000000027,0.19999999999999574,0.0,0.0,0.0,-0.20000000000000284,0.10000000000000142,0.0,0.0,0.0,0.00999999999999801,-0.10999999999999943,0.012999999999998124,0.006000000000000227,-0.020000000000000018,0.040000000000000036,-0.06000000000000005,4.0,125.0,1.3680999999999983
1964-11-01,22.070999999999913,22.699999999999818,-0.1750000000000007,-3165.471200000029,209.49930999999924,0.8870000000000005,0.8896000000000015,0.9367999999999981,1.5097999999999985,3.307500000000001,48.5872,0.3722999999999992,0.8296000000000028,0.8862999999999985,44.0907,0.8169000000000004,-0.24380000000000024,-0.19659999999999656,86.8484,100.0,0.636158829,-22.0,153.0,4.8,1.4000000000000004,-158.0,-8.0,19.0,14.0,5.0,268779,425.0,303.0,2.400000000000091,26.0,275.0,260.0,15.0,122.0,37.0,9.199999999999818,20.0,5.0,34.0,40.6,3.2,41.0,1486,-17.0,-27.0,546,345,1254.0,20.0,-6.0,411.0,305.0,-112.86367999999857,578.9537899999996,730.630799999999,-0.010331124999999997,0.30000000000001137,0.6999999999999318,5.399999999999864,0.5999999999999943,0.1999999999999993,0.10000000000000142,0.5720000000000027,0.32789999999999964,413.8500000000058,-0.5152250000000151,0.5900000000000034,0.003387781000000256,19.94714363,0.16000000000000014,0.019999999999999574,0.07000000000000028,0.08999999999999986,0.050000000000000266,-0.03000000000000025,-0.040000000000000036,0.009999999999999787,0.0,0.5,0.12,0.29,0.39,0.52,0.63,0.91,1.29,-0.00140000000000029,-0.365600000000029,0.0013000000000000789,-0.0013999999999998458,0.0,-0.10000000000000142,0.0,0.09999999999999787,0.0,0.29999999999999716,0.08999999999999986,0.09999999999999432,0.09999999999999787,0.10000000000000142,0.10000000000000142,0.20000000000000284,0.09999999999999787,0.10000000000000142,0.0,0.0,0.02300000000000324,0.26599999999999113,0.03200000000000003,-0.0039999999999995595,0.009999999999999787,-0.020000000000000018,0.06000000000000005,-82.0,66.0,1.137900000000002
1964-12-01,32.66600000000017,29.800000000000182,0.18500000000000227,15181.516800000041,1048.533660000001,0.34949999999999903,0.40169999999999817,0.5234000000000023,0.851700000000001,1.6164999999999985,48.8607,0.20579999999999998,0.3415999999999997,0.2616000000000014,44.6398,0.5106000000000002,0.2981000000000016,0.2359000000000009,88.0025,-7.0,0.61681731,179.0,79.0,5.0,-1.3000000000000007,76.0,10.0,-49.0,-40.0,-9.0,251590,203.0,85.0,-0.6000000000000227,7.0,80.0,62.0,18.0,118.0,46.0,10.5,29.599999999999454,4.0,18.0,40.7,3.3,41.2,1484,70.0,-78.0,580,317,1164.0,5.0,-43.0,367.0,297.0,1038.3458299999984,686.7326699999976,720.8891000000003,-0.04132450399999987,-0.5,-0.19999999999998863,6.900000000000091,0.9000000000000057,0.40000000000000213,0.5,1.4853000000000023,0.46050000000000324,1015.5400000000081,0.07780629999999178,-1.480000000000004,0.0749866619999997,19.42348674,0.33000000000000007,0.15000000000000036,0.19999999999999973,0.14000000000000012,0.10999999999999943,0.04999999999999982,0.02999999999999936,0.010000000000000675,0.0,0.32,-0.01,0.1,0.17,0.24,0.33,0.59,0.96,0.0,-1.9592999999999847,0.005799999999999805,0.0006999999999999229,0.0,-0.10000000000000142,0.09999999999999787,-0.09999999999999787,0.0,-0.19999999999999574,0.03999999999999915,7.105427357601002e-15,0.3000000000000007,-0.10000000000000142,0.10000000000000142,-0.10000000000000142,0.0,0.0,0.10000000000000142,0.09999999999999787,0.023999999999997357,-0.053999999999987836,0.030000000000001137,0.004000000000001336,0.020000000000000018,0.03000000000000025,0.0,-1.0,377.0,0.6729999999999876
1965-01-01,20.90099999999984,5.599999999999909,0.13700000000000045,-3485.8121999999858,173.1999199999991,0.32250000000000156,0.34440000000000026,0.3307000000000002,0.6193000000000026,0.49730000000000274,49.5444,-0.019600000000000506,0.3171999999999997,0.2179000000000002,45.3343,0.33190000000000097,0.02710000000000079,0.15729999999999933,88.5986,28.0,0.638297872,104.0,183.0,4.9,-0.5,-46.0,35.0,-80.0,-40.0,-40.0,236202,161.0,62.0,0.10000000000002274,-2.0,69.0,45.0,24.0,99.0,17.0,8.5,28.800000000000182,7.0,40.0,40.8,3.5,41.3,1361,-139.0,30.0,636,247,1264.0,-27.0,86.0,420.0,285.0,705.3979800000016,1275.2244100000025,935.2073999999993,0.020662251999999937,0.0999999999999659,0.10000000000002274,7.7000000000000455,-0.6000000000000014,0.0,0.0,0.8928999999999974,0.38159999999999883,1223.0199999999895,1.0788847000000032,2.160000000000011,-0.055325524000000126,19.73637725,0.04999999999999982,0.08000000000000007,-0.029999999999999805,-0.010000000000000231,-0.07999999999999963,0.009999999999999787,0.010000000000000675,-0.010000000000000675,-0.009999999999999787,0.35,-0.09,0.04,0.04,0.2,0.29,0.53,0.9,0.0041999999999999815,-0.24500000000000455,0.000700000000000145,-0.0007999999999999119,0.0,0.20000000000000284,0.0,-0.3000000000000007,0.0,0.0,0.030000000000001137,0.0,0.1999999999999993,0.0,0.0,0.20000000000000284,0.10000000000000142,0.09999999999999787,0.0,0.10000000000000142,0.018000000000000682,-0.08700000000001751,0.021000000000000796,0.0009999999999976694,0.0,-0.020000000000000018,-0.009999999999999787,-24.0,22.0,-0.3382999999999896
1965-02-01,1.8919999999998254,17.09999999999991,0.3099999999999987,1163.9764999999898,150.38317000000097,0.18819999999999837,0.25819999999999865,0.19289999999999807,0.11619999999999919,0.3978999999999999,49.4532,0.19589999999999996,0.09759999999999991,0.0727000000000011,45.304,0.17879999999999896,0.05409999999999826,0.15729999999999933,88.7226,98.0,0.637533512,288.0,130.0,5.1,0.40000000000000036,117.0,-2.0,126.0,103.0,23.0,239913,218.0,43.0,0.09999999999990905,-6.0,46.0,43.0,3.0,175.0,65.0,9.400000000000091,30.199999999999818,5.0,37.0,40.7,3.5,41.3,1433,66.0,-14.0,596,307,1185.0,-2.0,-68.0,404.0,292.0,-197.5114300000023,957.610560000001,516.3125,0.0,-0.1999999999999602,0.0999999999999659,9.299999999999955,-0.6000000000000014,-0.40000000000000213,-0.5,0.8282999999999987,0.34550000000000125,969.4499999999971,1.6130591000000152,0.6299999999999955,-0.0020177309999995785,19.69999747,0.08000000000000007,0.019999999999999574,0.1200000000000001,0.06000000000000005,0.0900000000000003,0.05000000000000071,0.019999999999999574,-0.019999999999999574,-0.019999999999999574,0.29,-0.05,0.02,0.05,0.17,0.23,0.43,0.8,0.008799999999999919,0.3353999999999928,0.0038000000000000256,0.0019000000000000128,0.10000000000000142,0.0,0.0,0.3999999999999986,0.0,-0.10000000000000142,0.0,-0.10000000000000142,-0.09999999999999787,0.09999999999999787,-0.10000000000000142,-0.30000000000000426,0.09999999999999787,0.0,0.10000000000000142,0.0,0.0070000000000014495,-0.003999999999990678,-0.013000000000001677,1.7763568394002505e-15,0.03000000000000025,0.06999999999999984,-4.440892098500626e-16,3.0,111.0,-0.42950000000000443
1965-03-01,16.26000000000022,15.599999999999909,0.06099999999999994,5946.567799999961,-237.50169000000096,0.4032000000000018,0.3731000000000009,0.38569999999999993,0.38709999999999667,0.8206999999999987,49.4988,0.1568000000000005,0.4391999999999996,0.4212999999999987,45.3017,0.35740000000000194,0.3522999999999996,-0.07860000000000156,89.2769,29.0,0.685754986,92.0,312.0,4.7,-0.5999999999999996,-41.0,-61.0,-123.0,-70.0,-53.0,236864,203.0,76.0,-3.199999999999932,16.0,62.0,42.0,20.0,127.0,41.0,12.099999999999909,9.699999999999818,6.0,36.0,40.8,3.6,41.3,1423,47.0,23.0,518,306,1211.0,32.0,-17.0,391.0,316.0,513.529730000002,824.0792000000001,1256.6849999999977,-0.010331125999999857,0.39999999999997726,-0.0999999999999659,7.599999999999909,0.20000000000000284,0.10000000000000142,0.09999999999999787,1.0795999999999992,0.4428999999999945,764.0300000000134,0.3980277000000001,0.0799999999999983,0.01650787499999984,19.48191258,0.06999999999999984,0.11000000000000032,0.0,0.0,0.02999999999999936,0.0,0.0,0.009999999999999787,0.0,0.33,-0.11,-0.04,0.02,0.11,0.17,0.38,0.74,0.015400000000000524,1.5559999999999832,-0.0026999999999999247,0.005399999999999849,0.0,0.0,0.10000000000000142,0.10000000000000142,0.0,0.10000000000000142,0.029999999999997584,0.0,0.0,3.552713678800501e-15,0.10000000000000142,0.10000000000000142,0.0,0.10000000000000142,0.0,0.0,0.020999999999997243,0.016000000000005343,0.045999999999999375,-0.006000000000000227,0.009999999999999787,0.010000000000000231,4.440892098500626e-16,26.0,116.0,-0.4784999999999968
1965-04-01,13.878999999999905,11.600000000000364,0.14099999999999824,5294.411500000046,199.128050000003,0.1343999999999994,0.0,0.05509999999999948,-0.11609999999999587,-0.04970000000000141,49.362,0.107800000000001,0.2927999999999997,0.15990000000000038,46.2515,0.1786999999999992,0.8672000000000004,-0.1180000000000021,89.2868,34.0,0.678998609,279.0,194.0,4.8,-0.5999999999999996,45.0,-11.0,0.0,-9.0,9.0,235644,256.0,25.0,-0.5,-41.0,65.0,64.0,1.0,231.0,97.0,9.600000000000364,53.80000000000018,5.0,41.0,40.7,3.2,41.2,1438,-23.0,40.0,563,258,1162.0,-28.0,47.0,376.0,263.0,297.2076799999995,1002.4389299999966,594.2464000000036,0.0,-0.09999999999999432,-0.6000000000000227,3.900000000000091,0.3999999999999986,0.1999999999999993,0.10000000000000142,0.9842000000000013,0.46240000000000236,1131.3399999999965,1.1081989999999848,1.1400000000000006,-0.015322510999999928,19.51216141,0.040000000000000036,0.0,0.0,-0.009999999999999787,-0.019999999999999574,0.0,-0.009999999999999787,0.009999999999999787,0.019999999999999574,0.29,-0.16,-0.1,-0.05,0.06,0.11,0.34,0.71,0.00019999999999953388,1.3201999999999998,0.0037999999999995815,-0.0020000000000000018,0.29999999999999716,0.29999999999999716,0.10000000000000142,0.3999999999999986,0.0,0.3999999999999986,0.07000000000000028,0.10000000000000142,0.09999999999999787,-0.10000000000000142,0.0,-0.10000000000000142,0.10000000000000142,0.0,0.0,0.09999999999999787,0.026000000000003354,-0.031999999999996476,0.05100000000000193,0.0039999999999995595,-0.009999999999999787,-0.03000000000000025,-0.010000000000000231,94.0,289.0,-0.6576000000000022
1965-05-01,18.639999999999873,20.399999999999636,-0.01899999999999835,-5780.8973000000115,370.2537299999967,0.24189999999999756,0.34430000000000405,0.33060000000000045,0.2708999999999975,0.22380000000000067,49.6355,0.17629999999999946,0.12199999999999989,0.08709999999999951,46.5233,0.22970000000000113,-0.541999999999998,-0.19659999999999656,89.4494,98.0,0.739801865,238.0,401.0,4.6,-0.3000000000000007,-77.0,25.0,-60.0,-43.0,-17.0,229863,232.0,127.0,-0.20000000000004547,69.0,59.0,47.0,12.0,105.0,5.0,11.0,21.199999999999818,8.0,43.0,40.8,3.6,41.3,1478,11.0,4.0,564,281,1207.0,29.0,9.0,381.0,265.0,-585.9505900000004,903.2442200000005,672.1803000000073,0.010331125999999857,-0.8000000000000114,-0.49999999999994316,1.0,0.10000000000000142,0.0,0.0,0.7918999999999983,0.4046999999999983,838.4700000000012,0.25813039999999887,1.3100000000000023,-0.02046483099999996,19.64481535,0.009999999999999787,0.0,-0.040000000000000036,-0.040000000000000036,-0.009999999999999787,0.0,0.009999999999999787,0.010000000000000675,0.009999999999999787,0.28,-0.21,-0.15,-0.07,0.05,0.11,0.34,0.71,0.0029000000000003467,0.31520000000000437,0.0009000000000001229,0.00029999999999996696,0.10000000000000142,0.10000000000000142,0.0,0.40000000000000213,0.0,0.8999999999999986,0.10000000000000142,0.0,0.10000000000000142,0.10000000000000142,0.10000000000000142,0.0,0.0,0.0,0.19999999999999574,0.0,0.036999999999999034,0.11399999999999011,0.06299999999999883,0.006000000000000227,0.020000000000000018,0.050000000000000266,0.020000000000000018,87.0,262.0,-0.8870000000000005
1965-06-01,9.908000000000357,9.5,-0.16600000000000037,3480.2665999999736,-145.1975399999974,0.24200000000000088,0.17219999999999658,0.22040000000000148,0.11619999999999919,0.2735000000000021,49.6811,0.17639999999999922,0.3415999999999997,0.2469999999999999,47.0597,0.17879999999999896,0.0,0.31459999999999866,89.4582,24.0,0.756716859,-54.0,-9.0,4.6,0.5,-14.0,-34.0,50.0,32.0,18.0,230657,199.0,78.0,-3.199999999999932,10.0,77.0,66.0,11.0,121.0,38.0,13.199999999999818,20.400000000000546,3.0,34.0,40.6,3.5,41.2,1488,4.0,25.0,558,270,1241.0,6.0,-1.0,419.0,256.0,299.088749999999,821.217819999998,837.7899999999936,0.01033112600000008,0.8000000000000114,1.2999999999999545,3.7999999999999545,0.5999999999999943,0.1999999999999993,0.1999999999999993,1.2261000000000024,0.45360000000000156,944.2099999999919,0.7265838000000144,-4.239999999999995,0.16815826899999964,18.44548969,-0.04999999999999982,0.0,-0.0900000000000003,-0.0900000000000003,-0.040000000000000036,0.0,0.0,0.019999999999999574,0.040000000000000036,0.33,-0.24,-0.18,-0.05,0.11,0.17,0.42,0.81,-0.013399999999999856,-0.6951999999999998,-0.0047999999999999154,0.0029000000000001247,0.10000000000000142,0.19999999999999574,0.09999999999999787,0.8000000000000007,0.0,0.20000000000000284,0.129999999999999,-7.105427357601002e-15,-0.10000000000000142,-0.10000000000000142,0.19999999999999574,0.0,0.0,0.0,0.10000000000000142,0.20000000000000284,0.047999999999998266,-0.5559999999999974,0.18900000000000006,-0.011000000000001009,0.009999999999999787,0.029999999999999805,-0.020000000000000018,129.0,306.0,0.04420000000000357
1965-07-01,23.028999999999996,21.700000000000273,0.2480000000000011,6278.167400000035,393.0704799999985,0.2957000000000001,0.2582000000000022,0.19289999999999807,0.0,0.2237999999999971,49.5443,0.21550000000000047,0.2683,0.21799999999999997,47.4531,0.45949999999999847,-0.3794000000000004,0.6291000000000011,90.2974,12.0,0.780066647,349.0,435.0,4.4,0.0,-2.0,-50.0,-103.0,-58.0,-45.0,220110,275.0,89.0,1.6999999999999318,-30.0,115.0,84.0,31.0,186.0,33.0,9.0,19.599999999999454,9.0,73.0,40.7,3.5,41.2,1529,-43.0,48.0,606,258,1237.0,-18.0,37.0,402.0,250.0,688.4684300000008,820.2640200000023,1013.1413999999932,-0.01033112600000008,0.30000000000001137,-0.20000000000004547,10.200000000000045,0.6000000000000014,0.1999999999999993,0.10000000000000142,0.7393000000000001,0.460799999999999,864.5400000000081,0.32145159999998896,-0.13000000000000966,0.02433151300000036,18.27649776,0.040000000000000036,0.0,0.040000000000000036,0.040000000000000036,-0.010000000000000231,0.0,-0.009999999999999787,0.020000000000000462,0.03000000000000025,0.29,-0.25,-0.19,-0.11,0.06,0.11,0.39,0.79,-0.00990000000000002,0.5113000000000056,-0.0013000000000000789,0.0012000000000000899,-0.10000000000000142,0.0,0.0,-0.40000000000000213,0.0,-0.30000000000000426,-0.030000000000001137,-0.19999999999998863,0.0,0.1999999999999993,0.0,7.105427357601002e-15,0.10000000000000142,0.0,0.0,-0.10000000000000142,0.012000000000000455,0.44599999999999795,0.0030000000000001137,0.009000000000000341,-0.009999999999999787,-0.040000000000000036,0.0,157.0,248.0,0.037799999999990064
1965-08-01,14.360999999999876,17.199999999999818,0.14699999999999847,-4997.087100000004,77.78440000000046,0.1343999999999994,0.028700000000000614,0.02750000000000341,-0.038699999999998624,-0.32319999999999993,49.6811,0.0,0.2927999999999997,0.23249999999999815,47.78,0.025500000000000966,0.18969999999999843,0.1180000000000021,89.8508,85.0,0.81745544,-145.0,-98.0,4.4,0.3000000000000007,-41.0,-19.0,50.0,47.0,3.0,247092,263.0,115.0,0.0,54.0,63.0,61.0,2.0,148.0,33.0,5.300000000000182,13.100000000000364,6.0,70.0,40.6,3.5,41.1,1432,18.0,-85.0,601,232,1249.0,21.0,-25.0,397.0,271.0,197.51142999999865,736.3300300000046,974.1744000000035,0.01033112600000008,-0.10000000000002274,0.10000000000007958,10.5,-0.19999999999999574,-0.29999999999999716,-0.3000000000000007,0.5888000000000062,0.4971999999999994,592.4700000000012,0.325012600000008,1.5799999999999983,-0.03724929200000027,18.47092768,0.03000000000000025,0.0,0.0,0.050000000000000266,0.0900000000000003,0.04999999999999982,0.04999999999999982,0.009999999999999787,0.0,0.26,-0.28,-0.17,-0.05,0.08,0.13,0.37,0.76,-0.0062000000000006494,0.01310000000000855,-0.00019999999999997797,-0.0051000000000001044,0.10000000000000142,0.0,0.10000000000000142,0.3000000000000007,0.0,0.0,-0.029999999999997584,0.19999999999998863,0.0,-0.1999999999999993,-0.09999999999999432,-0.10000000000000853,0.0,0.0,-0.10000000000000142,0.0,0.004000000000001336,0.10900000000000176,-0.047999999999998266,0.004000000000001336,0.020000000000000018,0.03000000000000025,0.009999999999999787,150.0,328.0,-0.05639999999999645
1965-09-01,84.53699999999981,21.09999999999991,0.33699999999999974,2535.609699999972,65.33888999999908,0.08060000000000045,0.31569999999999965,0.4408999999999992,0.6580999999999975,0.571900000000003,50.3192,0.245000000000001,-0.2439,-0.13079999999999714,47.611,0.07659999999999911,1.0298000000000016,-0.6685000000000016,89.5586,98.0,0.857587065,-114.0,-76.0,4.3,0.0,14.0,-80.0,-1.0,-30.0,29.0,228216,262.0,82.0,-5.5,17.0,70.0,51.0,19.0,180.0,43.0,11.399999999999636,25.0,8.0,67.0,40.7,3.5,41.1,1482,18.0,22.0,573,269,1227.0,3.0,-14.0,403.0,254.0,-638.6203099999984,1185.5676499999972,379.9279999999999,0.0,0.4000000000000341,0.7999999999999545,8.599999999999909,0.3999999999999986,0.1999999999999993,0.1999999999999993,0.9090999999999951,0.5300000000000011,839.3799999999901,-2.5359907000000135,2.8900000000000006,-0.08016886899999998,18.94503353,-0.10000000000000053,0.0,0.08000000000000007,0.1200000000000001,0.1299999999999999,0.04999999999999982,0.040000000000000036,0.02999999999999936,0.03000000000000025,0.36,-0.09,0.06,0.19,0.24,0.28,0.51,0.9,-0.00019999999999953388,0.01310000000000855,0.005900000000000016,-0.0020000000000000018,0.09999999999999432,0.0,0.0,-0.10000000000000142,0.0,0.20000000000000284,0.07000000000000028,-0.09999999999999432,0.0,0.0,0.0,0.20000000000000284,0.09999999999999787,0.10000000000000142,0.10000000000000142,0.10000000000000142,0.007999999999999119,-0.07200000000000273,-0.03300000000000125,0.0019999999999988916,0.009999999999999787,0.009999999999999787,0.0,-33.0,85.0,0.5769000000000091
1965-10-01,-15.166999999999916,36.600000000000364,0.2870000000000026,5354.246400000004,635.7578099999992,0.3225999999999978,0.34429999999999694,0.27550000000000097,0.23230000000000217,0.29839999999999733,50.456,0.18619999999999948,0.31709999999999994,0.02909999999999968,48.2771,0.25530000000000186,0.6232000000000006,0.3538999999999959,89.7893,90.0,0.90614063,336.0,409.0,4.2,0.1999999999999993,-94.0,60.0,-60.0,-40.0,-20.0,218745,229.0,87.0,5.100000000000023,20.0,62.0,31.0,31.0,142.0,41.0,9.400000000000091,21.800000000000182,10.0,40.0,40.7,3.7,41.2,1452,-28.0,3.0,562,277,1279.0,9.0,-1.0,448.0,253.0,1118.290939999999,1519.3960200000001,467.60379999999714,-0.01033112600000008,0.0999999999999659,-0.5999999999999659,8.400000000000091,0.5,0.1999999999999993,0.3000000000000007,0.6616999999999962,0.48219999999999885,678.0500000000029,1.7895938000000058,2.010000000000005,-0.04357014100000001,19.16167558,0.0600000000000005,0.0,0.11000000000000032,0.1200000000000001,0.09999999999999964,0.08999999999999986,0.05999999999999961,0.040000000000000036,0.019999999999999574,0.3,-0.05,0.11,0.22,0.26,0.27,0.48,0.85,0.0022999999999999687,-0.06560000000001764,0.006400000000000183,-0.0013000000000000789,0.10000000000000142,0.20000000000000284,0.0,0.40000000000000213,0.0,-0.20000000000000284,0.029999999999997584,0.10000000000000142,-0.09999999999999787,0.09999999999999787,0.09999999999999432,0.0,0.10000000000000142,0.09999999999999787,0.10000000000000142,0.10000000000000142,0.004999999999999005,-0.4989999999999952,0.036999999999999034,-0.005000000000000782,0.010000000000000231,0.020000000000000018,4.440892098500626e-16,18.0,21.0,2.4697999999999922
1965-11-01,26.21100000000024,23.299999999999727,-0.009000000000000341,6172.769499999995,304.91483000000153,0.1343999999999994,0.31569999999999965,0.3031000000000006,0.23219999999999885,0.22390000000000043,50.775,0.24489999999999945,-0.12199999999999989,-0.15990000000000038,48.375,0.12769999999999726,-0.6504000000000012,0.9438000000000031,89.6483,192.0,0.989261308,-41.0,29.0,4.1,-0.40000000000000036,-2.0,-25.0,-27.0,-2.0,-25.0,220030,277.0,126.0,2.3999999999999773,25.0,98.0,72.0,26.0,151.0,33.0,4.5,24.699999999999818,6.0,58.0,40.7,3.8,41.3,1460,38.0,29.0,529,251,1306.0,6.0,3.0,424.0,295.0,238.89478000000236,1151.231019999992,740.3725000000122,-0.020662251999999937,-0.5,-5.684341886080802e-14,5.2999999999999545,0.5,-0.10000000000000142,0.0,0.7040000000000077,0.4674000000000049,600.7400000000052,-0.43768159999999057,0.7600000000000051,-0.0024817169999997724,19.16478813,0.019999999999999574,0.0,0.05999999999999961,0.04999999999999982,0.07000000000000028,0.1200000000000001,0.10000000000000053,0.040000000000000036,0.020000000000000462,0.28,-0.01,0.14,0.27,0.36,0.35,0.5,0.85,0.0,-0.7728000000000179,0.0005999999999999339,-9.999999999998899e-05,0.10000000000000142,0.20000000000000284,0.09999999999999787,0.3000000000000007,0.0,0.20000000000000284,0.10000000000000142,0.0,0.09999999999999787,3.552713678800501e-15,0.10000000000000142,0.10000000000000142,0.09999999999999787,0.0,0.0,0.0,0.028000000000002245,0.5249999999999986,0.02500000000000213,0.0070000000000014495,0.0,0.009999999999999787,-0.010000000000000231,-6.0,87.0,0.11369999999999436
1965-12-01,18.94499999999971,17.90000000000009,0.04299999999999926,3084.3896999999997,91.26701999999932,0.40320000000000533,0.4303999999999988,0.3580999999999932,0.2710000000000008,0.6713999999999984,50.7294,0.28410000000000046,0.3415999999999997,0.21799999999999997,48.925,0.485000000000003,0.10839999999999961,0.07860000000000156,90.5141,64.0,1.024084461,296.0,338.0,4.0,-0.29999999999999893,-95.0,-38.0,14.0,32.0,-18.0,208651,326.0,130.0,-1.0,41.0,89.0,71.0,18.0,196.0,50.0,8.599999999999909,44.399999999999636,5.0,63.0,40.9,3.8,41.3,1656,50.0,58.0,635,232,1315.0,-6.0,72.0,441.0,221.0,527.6376899999996,1340.082500000004,779.3395999999921,0.0,0.4000000000000341,0.4000000000000341,6.5,1.3999999999999986,0.8000000000000007,0.6999999999999993,1.4037000000000006,0.3873999999999995,549.4499999999971,-0.5160200999999915,-0.4200000000000017,0.03521860099999996,18.8462356,0.22000000000000064,0.27000000000000046,0.29000000000000004,0.3099999999999996,0.34999999999999964,0.2599999999999998,0.16999999999999993,0.08000000000000007,0.0699999999999994,0.33,0.06,0.23,0.4,0.4,0.3,0.36,0.7,-0.0022999999999999687,-0.36559999999997217,-0.0016000000000002679,0.0008000000000001339,0.20000000000000284,0.19999999999999574,0.0,0.6000000000000014,0.0,-0.5,0.10000000000000142,0.0,0.10000000000000142,-0.10000000000000142,0.10000000000000142,0.0,0.0,0.10000000000000142,0.20000000000000284,0.09999999999999432,0.05999999999999872,0.39099999999999824,0.08799999999999741,-0.0039999999999995595,0.009999999999999787,0.0,0.009999999999999787,14.0,335.0,1.0053000000000054
1966-01-01,8.663000000000011,7.099999999999909,0.13299999999999912,-1800.386599999969,170.0885500000004,0.32260000000000133,0.28699999999999903,0.38569999999999993,0.23230000000000217,0.09949999999999903,51.0029,0.2744,0.4147999999999996,0.39229999999999876,49.1243,0.3064,0.2710000000000008,0.6685999999999979,90.8594,29.0,1.048527443,93.0,136.0,4.0,0.5,87.0,-80.0,-36.0,-33.0,-3.0,217763,207.0,63.0,0.8999999999999773,-27.0,92.0,78.0,14.0,144.0,42.0,10.600000000000364,10.0,6.0,42.0,41.0,3.9,41.5,1370,-60.0,-111.0,485,268,1325.0,31.0,-42.0,430.0,253.0,715.7438199999997,2041.1221000000078,828.0482000000047,0.0,0.1999999999999602,-0.6999999999999886,7.400000000000091,-0.5,0.10000000000000142,0.1999999999999993,0.8253999999999877,0.5550999999999959,1076.0,1.2071395999999766,1.5899999999999892,-0.02909029399999996,18.99324148,0.09999999999999964,0.16999999999999993,0.20999999999999996,0.16000000000000014,0.16000000000000014,0.14000000000000057,-0.009999999999999787,0.0600000000000005,0.040000000000000036,0.4,0.17,0.29,0.46,0.44,0.19,0.32,0.64,0.011199999999999655,-0.07819999999998117,0.0018000000000002458,-0.001100000000000101,0.0,0.10000000000000142,0.0,0.3999999999999986,0.0,0.19999999999999574,0.029999999999997584,0.09999999999999432,-0.10000000000000142,0.10000000000000142,0.10000000000000142,-0.20000000000000284,0.10000000000000142,0.0,0.0,0.10000000000000142,0.019999999999999574,-0.911999999999999,0.07400000000000162,-1.7763568394002505e-15,0.0,0.0,4.440892098500626e-16,-59.0,-90.0,0.3071999999999946
1966-02-01,17.78500000000031,17.09999999999991,0.1410000000000018,2685.7330000000075,76.74726999999984,0.2149999999999963,0.11470000000000624,0.11030000000000229,0.11609999999999587,-0.049799999999997624,51.2763,-0.03920000000000101,0.34160000000000323,0.2759999999999998,49.4584,0.20429999999999637,0.5690999999999988,-0.5899000000000001,90.9108,68.0,1.135106383,-232.0,-64.0,3.8,-0.7000000000000011,-18.0,-19.0,-29.0,-9.0,-20.0,210278,267.0,101.0,-1.2999999999999545,-43.0,145.0,110.0,35.0,166.0,33.0,10.5,9.300000000000182,3.0,70.0,41.2,4.0,41.7,1378,-57.0,7.0,572,237,1159.0,-70.0,-21.0,382.0,226.0,-103.45837000000029,1647.2046099999861,1441.7782000000007,0.0,-0.799999999999983,-0.19999999999998863,-0.900000000000091,-0.7000000000000028,-0.6000000000000014,-0.6999999999999993,0.6999000000000137,0.5862000000000052,727.6399999999994,-0.24705179999997995,-0.6299999999999955,0.041533760999999725,18.57124703,0.17999999999999972,0.05999999999999961,0.0600000000000005,0.11000000000000032,0.0600000000000005,0.1200000000000001,0.21999999999999975,0.040000000000000036,0.0600000000000005,0.28,0.05,0.22,0.34,0.38,0.23,0.18,0.52,0.004700000000000593,0.8362999999999943,-0.0013999999999998458,0.0016000000000000458,0.29999999999999716,0.29999999999999716,0.20000000000000284,0.6000000000000014,0.0,-0.09999999999999432,0.1999999999999993,-0.09999999999999432,0.10000000000000142,-0.10000000000000142,0.19999999999999574,0.10000000000000142,0.0,0.09999999999999787,0.19999999999999574,0.10000000000000142,0.06899999999999906,0.7330000000000041,0.13800000000000168,0.0010000000000012221,0.020000000000000018,0.050000000000000266,0.009999999999999787,-60.0,-88.0,-1.0364999999999895
1966-03-01,19.239000000000033,18.600000000000364,0.16399999999999793,6678.430699999968,453.223750000001,0.45700000000000074,0.37309999999999377,0.330600000000004,0.34840000000000515,0.2488000000000028,51.641,0.2743000000000002,0.5611999999999995,0.319700000000001,50.3145,0.4340000000000046,-0.05420000000000158,0.1180000000000021,91.5884,186.0,1.173190163,121.0,54.0,3.8,-0.09999999999999964,18.0,56.0,-11.0,-9.0,-2.0,181579,396.0,200.0,1.8999999999999773,85.0,112.0,88.0,24.0,196.0,38.0,9.0,28.100000000000364,12.0,81.0,41.2,3.9,41.6,1394,36.0,16.0,544,230,1234.0,39.0,27.0,395.0,222.0,1045.8700700000009,2293.877870000011,1149.525800000003,-0.01033112600000008,0.4000000000000057,-5.684341886080802e-14,3.5,0.10000000000000142,0.0,-0.09999999999999787,0.8379999999999939,0.4469999999999956,688.0299999999988,-0.14807860000001938,-3.8100000000000023,0.15014528699999996,17.59539472,0.0600000000000005,0.33000000000000007,-0.0600000000000005,-0.040000000000000036,0.02999999999999936,-0.0600000000000005,0.040000000000000036,0.13999999999999968,0.20000000000000018,0.55,-0.06,0.13,0.32,0.27,0.22,0.27,0.67,0.006999999999999673,0.209699999999998,-0.007300000000000306,-9.999999999998899e-05,0.0,0.0,0.09999999999999787,-0.20000000000000284,0.0,-0.10000000000000142,0.10000000000000142,0.0,0.10000000000000142,0.1999999999999993,0.10000000000000142,0.10000000000000142,0.10000000000000142,0.0,0.10000000000000142,0.10000000000000142,0.04100000000000037,-0.2430000000000092,0.09199999999999875,-0.006000000000000227,0.010000000000000231,0.009999999999999787,-0.020000000000000018,-9.0,-31.0,-1.3717000000000041
1966-04-01,-2.9280000000003383,-1.300000000000182,0.010999999999999233,-2234.537399999972,-358.8453499999996,0.05380000000000251,0.17220000000000368,0.24789999999999424,0.1547999999999945,0.621699999999997,51.5498,0.107800000000001,-0.07319999999999993,0.20339999999999847,50.1837,0.1786999999999992,0.08129999999999882,0.2359000000000009,91.5416,-131.0,1.151343706,263.0,322.0,3.8,-0.29999999999999893,40.0,-161.0,-8.0,9.0,-17.0,176263,245.0,53.0,-36.5,-27.0,117.0,94.0,23.0,192.0,55.0,7.0,17.199999999999818,6.0,67.0,41.2,4.1,41.8,1352,-16.0,-20.0,529,239,1145.0,-28.0,-53.0,394.0,215.0,-483.43274999999994,1717.7854599999991,993.6578999999911,0.02066225200000016,0.4000000000000057,-0.49999999999994316,2.0,0.6000000000000014,0.3000000000000007,0.29999999999999716,0.8517999999999972,0.43319999999999936,358.6999999999971,0.16339280000002532,2.719999999999999,-0.07467959299999993,17.86234292,0.009999999999999787,0.16999999999999993,0.03000000000000025,-0.040000000000000036,-0.0699999999999994,-0.08999999999999986,-0.1200000000000001,0.040000000000000036,0.08999999999999986,0.71,-0.05,0.07,0.23,0.16,0.08,0.29,0.74,-0.011700000000000266,0.3149999999999977,-0.0017999999999998018,0.0007999999999999119,0.10000000000000142,0.0,0.10000000000000142,-0.20000000000000284,0.0,0.0,0.10000000000000142,0.10000000000000142,0.10000000000000142,-0.10000000000000142,0.10000000000000142,-0.10000000000000142,0.1999999999999993,0.20000000000000284,0.20000000000000284,0.19999999999999574,0.05799999999999983,0.1950000000000074,0.06599999999999895,0.0259999999999998,0.020000000000000018,0.040000000000000036,0.020000000000000018,22.0,67.0,0.21059999999999945
1966-05-01,11.829999999999927,11.599999999999909,-0.19799999999999685,-4959.430400000012,-447.00099000000046,0.322499999999998,0.2582000000000022,0.22050000000000125,0.00010000000000331966,-0.5471999999999966,51.8689,0.18619999999999948,0.36599999999999966,0.11620000000000275,50.6389,0.22970000000000113,0.29810000000000514,0.3538999999999959,91.6379,31.0,1.114237288,109.0,-13.0,3.9,-0.6000000000000014,68.0,168.0,-41.0,-75.0,34.0,189249,275.0,107.0,33.60000000000002,-34.0,108.0,80.0,28.0,168.0,31.0,11.199999999999818,35.399999999999636,7.0,62.0,40.8,4.0,41.5,1265,-37.0,-28.0,526,219,1078.0,-11.0,-16.0,369.0,200.0,-297.2076799999995,1440.231019999992,1539.1956000000064,0.020662251999999937,-1.8000000000000114,-1.3000000000000114,-0.599999999999909,0.10000000000000142,0.0,-0.09999999999999787,0.9544999999999959,0.35070000000000334,500.3500000000058,0.10234769999999571,-4.819999999999993,0.18877739000000027,16.78305951,0.23000000000000043,0.009999999999999787,0.019999999999999574,0.0699999999999994,0.02999999999999936,0.05999999999999961,0.03000000000000025,0.020000000000000462,0.07000000000000028,0.49,-0.26,-0.09,0.03,-0.01,-0.12,0.08,0.58,-0.012100000000000222,-0.15750000000002728,-0.001100000000000101,-0.00029999999999996696,0.0,-0.09999999999999432,0.1999999999999993,-0.29999999999999716,0.0,-0.30000000000000426,0.07000000000000028,-0.10000000000000853,-0.10000000000000142,3.552713678800501e-15,0.0,0.09999999999999432,0.09999999999999787,0.10000000000000142,0.0,0.0,0.021000000000000796,-0.16799999999999926,-0.019999999999999574,-0.006000000000000227,0.0,0.010000000000000231,-0.020000000000000018,38.0,75.0,-0.33729999999999905
1966-06-01,17.76200000000017,19.700000000000273,0.055999999999997385,7588.595900000015,590.12428,0.1612999999999971,0.2008999999999972,0.24790000000000134,0.19350000000000023,9.999999999621423e-05,52.1424,0.13710000000000022,0.19519999999999627,0.11629999999999896,50.9401,0.15319999999999823,0.5960999999999999,-1.1402999999999963,91.5205,35.0,1.156685237,200.0,278.0,3.8,-0.5,16.0,-42.0,-59.0,-4.0,-55.0,190957,399.0,171.0,1.0,62.0,108.0,81.0,27.0,228.0,56.0,13.400000000000091,31.300000000000182,10.0,81.0,40.9,4.0,41.4,1194,20.0,-29.0,490,194,956.0,-30.0,-29.0,327.0,179.0,647.0850799999971,1945.7425599999988,1656.0964999999997,0.0,0.799999999999983,0.2999999999999545,2.0,0.5,0.10000000000000142,0.09999999999999787,2.064600000000013,0.5716999999999999,483.2299999999959,-0.4000625000000184,-0.7199999999999989,0.04649286099999994,16.46082405,0.2699999999999996,0.1200000000000001,-0.13999999999999968,-0.15999999999999925,0.040000000000000036,0.08000000000000007,0.02999999999999936,0.08999999999999986,0.09999999999999964,0.34,-0.67,-0.52,-0.2,-0.2,-0.36,-0.1,0.41,-0.00039999999999995595,0.24950000000001182,-0.0024999999999999467,-0.00019999999999997797,-0.20000000000000284,-0.10000000000000142,0.0,0.0,0.0,-0.19999999999999574,0.030000000000001137,7.105427357601002e-15,0.10000000000000142,0.0,0.0,-0.09999999999999432,0.10000000000000142,0.09999999999999432,0.0,0.10000000000000142,0.04200000000000159,0.05099999999999483,0.0259999999999998,0.006999999999999673,0.009999999999999787,0.029999999999999805,0.0,93.0,193.0,-1.0200999999999993
1966-07-01,14.628999999999905,15.299999999999727,0.18200000000000216,-6815.951700000034,109.93528000000151,0.18820000000000192,0.2295000000000016,0.19290000000000163,-0.07739999999999725,-0.6218000000000004,52.4614,0.23519999999999897,0.07319999999999993,-0.02909999999999968,51.4949,0.15319999999999823,0.3522999999999996,0.9043999999999954,91.4046,4.0,1.156467316,89.0,85.0,3.8,0.0,-7.0,30.0,-48.0,-27.0,-21.0,213734,190.0,26.0,1.7000000000000455,-2.0,27.0,17.0,10.0,164.0,24.0,15.599999999999909,20.100000000000364,14.0,72.0,40.8,3.9,41.2,1086,-32.0,-30.0,459,179,932.0,22.0,-18.0,306.0,172.0,-589.7127099999998,1787.4125300000014,1305.3937000000005,0.020662250999999854,-1.599999999999966,-1.3999999999999773,-4.0,1.0,0.5,0.40000000000000213,1.3906999999999954,0.3281999999999954,272.7700000000041,-0.525353999999993,-0.21999999999999886,0.03172703599999993,16.2394577,0.1299999999999999,0.1200000000000001,0.2999999999999998,0.27999999999999936,0.20000000000000018,0.20000000000000018,0.20999999999999996,0.08999999999999986,0.09999999999999964,0.33,-0.5,-0.37,-0.13,-0.13,-0.28,-0.14,0.38,0.000900000000000567,0.13150000000001683,-0.0009999999999998899,-0.0016000000000000458,0.20000000000000284,0.10000000000000142,0.20000000000000284,0.3999999999999986,0.0,0.0,0.07000000000000028,0.10000000000000142,0.29999999999999716,0.09999999999999787,0.10000000000000142,0.10000000000000142,0.1999999999999993,0.10000000000000142,0.09999999999999432,0.10000000000000142,0.0329999999999977,0.1280000000000001,0.013000000000001677,-0.014999999999998792,0.010000000000000231,0.0,0.020000000000000018,50.0,165.0,0.05280000000000484
1966-08-01,18.343000000000302,9.5,0.0329999999999977,8244.475099999981,297.65495999999985,0.02680000000000149,-0.11469999999999914,0.027499999999996305,-0.15490000000000492,-0.522199999999998,52.5526,0.05880000000000152,0.26830000000000354,0.1889000000000003,51.6614,0.07659999999999911,0.24389999999999645,0.6292000000000044,91.0801,-39.0,1.133448276,310.0,286.0,3.8,0.10000000000000142,-18.0,18.0,37.0,41.0,-4.0,196906,206.0,100.0,3.699999999999932,-26.0,122.0,99.0,23.0,106.0,21.0,6.199999999999818,17.399999999999636,0.0,32.0,40.8,4.0,41.4,1119,41.0,39.0,412,178,877.0,-18.0,-8.0,305.0,144.0,-555.8536099999983,1045.3597200000077,1393.069399999993,0.0,1.799999999999983,2.000000000000057,-3.7000000000000455,-0.3999999999999986,-0.40000000000000213,-0.40000000000000213,0.21129999999999427,0.21680000000000632,525.2599999999948,-0.5780627999999979,-5.189999999999998,0.23845601000000016,15.05726305,0.23000000000000043,0.21999999999999975,0.16000000000000014,0.33999999999999986,0.3700000000000001,0.33000000000000007,0.20000000000000018,0.14999999999999947,0.15000000000000036,0.32,-0.57,-0.26,0.01,-0.03,-0.31,-0.22,0.3,0.010099999999999554,-0.03950000000003229,0.0,0.00029999999999996696,0.29999999999999716,0.3999999999999986,0.09999999999999432,0.10000000000000142,0.0,0.0,0.19999999999999574,-0.20000000000000284,0.10000000000000142,-0.10000000000000142,0.10000000000000142,0.0,0.0,0.10000000000000142,0.20000000000000284,0.10000000000000142,0.06500000000000128,-0.13799999999999812,0.14099999999999824,-0.004000000000001336,0.019999999999999574,0.020000000000000018,-0.010000000000000231,24.0,158.0,0.6115999999999957
1966-09-01,22.096999999999753,9.300000000000182,0.19700000000000273,1032.029600000009,53.93051999999807,0.32260000000000133,0.2581999999999951,0.24800000000000466,0.15490000000000492,0.19890000000000185,52.6893,0.1664999999999992,0.317300000000003,0.4068000000000005,51.622,0.2552999999999983,-0.29809999999999803,0.157199999999996,91.2464,-65.0,1.151536812,10.0,112.0,3.7,0.29999999999999893,-67.0,-34.0,24.0,27.0,-3.0,191811,136.0,-24.0,-0.6000000000000227,-27.0,4.0,37.0,-33.0,160.0,41.0,-0.6999999999998181,5.900000000000546,5.0,57.0,40.7,3.8,41.2,1046,-49.0,-24.0,441,149,774.0,-49.0,-2.0,261.0,136.0,1780.4245100000007,2064.013189999998,1120.3006000000023,0.02066225200000016,0.6999999999999886,1.099999999999909,4.099999999999909,0.6999999999999957,0.5,0.6000000000000014,0.49439999999999884,0.3195999999999941,85.75,-1.3398010999999883,-2.8400000000000034,0.15558907099999963,14.43981029,-0.1299999999999999,0.040000000000000036,0.41000000000000014,0.5200000000000005,0.28000000000000025,0.0,-0.040000000000000036,0.1800000000000006,0.2599999999999998,0.49,-0.03,0.39,0.42,0.1,-0.22,0.09,0.69,0.0015000000000000568,0.03950000000003229,0.0004999999999997229,0.001000000000000112,0.20000000000000284,0.10000000000000142,-0.09999999999999432,-0.10000000000000142,0.050000000000000266,-0.10000000000000142,0.10000000000000142,0.29999999999999716,0.0,0.20000000000000284,0.19999999999999574,-0.10000000000000142,0.1999999999999993,0.0,0.10000000000000142,0.10000000000000142,0.053999999999998494,-0.013999999999995794,0.07000000000000028,0.01800000000000246,0.010000000000000231,0.03000000000000025,0.010000000000000231,-97.0,-12.0,1.2922999999999973
1966-10-01,15.383000000000266,15.099999999999909,-0.0940000000000012,-4571.6861999999965,-114.08379000000059,0.241899999999994,0.34440000000000026,0.4683999999999955,0.9677999999999969,1.6661999999999964,53.0995,-0.04899999999999949,0.14639999999999986,0.14529999999999887,51.2199,0.3318000000000012,0.18970000000000198,0.668600000000005,91.618,6.0,1.153681201,143.0,143.0,3.7,0.20000000000000107,-14.0,-13.0,6.0,-13.0,19.0,195266,211.0,43.0,-0.39999999999997726,-27.0,70.0,48.0,22.0,168.0,35.0,9.900000000000091,14.699999999999818,5.0,64.0,40.9,3.9,41.3,843,-62.0,-51.0,372,129,739.0,-18.0,-21.0,261.0,140.0,-811.6779500000011,1053.943889999995,1509.9704000000056,0.010331125999999857,-2.0,-2.499999999999943,-3.5,0.20000000000000284,0.1999999999999993,0.10000000000000142,0.5221000000000089,0.34490000000000265,280.6200000000099,-0.6362583000000086,-0.6800000000000068,0.024097490000000388,14.14856865,0.1299999999999999,0.11000000000000032,-0.020000000000000462,-0.16999999999999993,-0.2400000000000002,-0.23000000000000043,-0.16999999999999993,-0.08000000000000007,0.009999999999999787,0.47,-0.18,0.09,0.05,-0.26,-0.52,-0.12,0.57,0.007200000000000095,0.01310000000000855,0.0022999999999999687,0.0031999999999998696,-0.10000000000000142,0.0,-0.10000000000000142,-0.5,0.0,-0.10000000000000142,0.10000000000000142,-0.09999999999999432,0.10000000000000142,-0.10000000000000142,0.0,0.0,0.10000000000000142,0.20000000000000284,0.10000000000000142,0.09999999999999432,0.045000000000001705,0.06299999999998818,0.0259999999999998,0.002999999999996561,0.009999999999999787,-0.010000000000000231,-0.009999999999999787,24.0,52.0,0.07510000000000616
1966-11-01,23.06399999999985,13.900000000000091,0.04499999999999815,-174.25419999996666,9.334129999999277,-0.241899999999994,-0.05739999999999412,-0.11019999999999897,-0.23230000000000217,-1.019599999999997,53.4186,-0.21550000000000047,-0.48800000000000665,-0.5376000000000012,51.2652,-0.35729999999999507,0.29809999999999803,-1.0225000000000009,90.1293,4.0,1.166787004,411.0,439.0,3.6,-0.6000000000000014,-42.0,-4.0,-30.0,-9.0,-21.0,203871,165.0,-3.0,-2.5,-26.0,25.0,6.0,19.0,168.0,30.0,11.599999999999909,5.5,8.0,76.0,40.7,3.8,41.2,961,58.0,-8.0,409,159,736.0,29.0,-8.0,251.0,126.0,-835.1912100000009,317.61385999999766,1373.585899999991,0.02066225200000016,1.0000000000000284,1.3000000000000114,3.5,0.3999999999999986,-0.1999999999999993,0.0,0.3622000000000014,0.2488000000000028,484.27999999999884,-0.4579544999999996,3.8599999999999994,-0.1863900970000003,14.79283347,0.22999999999999954,0.0,-0.02999999999999936,-0.08000000000000007,-0.040000000000000036,0.09000000000000075,0.15000000000000036,-0.0600000000000005,0.03000000000000025,0.24,-0.44,-0.22,-0.22,-0.4,-0.6,-0.41,0.37,-0.014499999999999957,-0.06570000000004939,-0.0004999999999997229,0.0027000000000001467,0.0,-0.10000000000000142,0.10000000000000142,-0.6000000000000014,0.0,0.30000000000000426,0.030000000000001137,-0.10000000000000142,0.09999999999999432,3.552713678800501e-15,0.0,0.0,0.1999999999999993,0.09999999999999432,0.0,0.0,0.02499999999999858,-0.04099999999998971,0.004999999999999005,-0.016999999999997684,0.010000000000000231,0.020000000000000018,-4.440892098500626e-16,52.0,89.0,0.7536999999999949
1966-12-01,-1.2139999999999418,-4.400000000000091,0.03400000000000247,148.07079999998678,-188.7567999999992,0.0805999999999969,0.11479999999999535,0.11019999999999897,-0.11609999999999587,-0.3481000000000023,53.4641,0.20570000000000022,-9.999999999621423e-05,-0.10169999999999746,51.6204,0.1530999999999949,-0.08129999999999882,-0.2359000000000009,90.0246,-38.0,1.096840659,31.0,-111.0,3.8,-0.1999999999999993,83.0,-31.0,24.0,14.0,10.0,216328,180.0,20.0,0.8999999999999773,4.0,17.0,10.0,7.0,160.0,38.0,8.300000000000182,28.599999999999454,11.0,53.0,40.6,3.5,40.9,990,-1.0,30.0,409,160,743.0,-19.0,-13.0,285.0,131.0,-69.5992699999988,331.92079000000376,1159.267599999992,0.010331124999999997,0.39999999999997726,1.2999999999999545,7.100000000000136,1.2000000000000028,0.6000000000000014,0.6999999999999993,0.6033999999999935,0.31739999999999924,350.86999999999534,0.27534169999998426,0.3400000000000034,-0.023049799999999898,14.80471677,-0.35999999999999943,0.0,-0.3600000000000003,-0.46999999999999975,-0.33999999999999986,-0.3600000000000003,-0.3200000000000003,0.040000000000000036,0.04999999999999982,0.6,-0.44,-0.33,-0.2,-0.4,-0.56,-0.01,0.78,0.0022999999999999687,0.01310000000000855,-0.001000000000000334,0.0008999999999999009,-0.10000000000000142,-0.20000000000000284,0.0,-0.19999999999999574,0.0,-0.10000000000000142,0.03999999999999915,0.09999999999999432,-0.19999999999999574,-0.10000000000000497,0.0,-0.10000000000000142,0.0,0.0,0.0,0.10000000000000142,0.036000000000001364,0.26500000000000057,0.011000000000002785,-0.0030000000000001137,0.0,0.010000000000000231,-0.019999999999999574,46.0,367.0,2.214500000000001
1967-01-01,34.82600000000002,30.199999999999818,0.10200000000000031,-4916.295400000003,-1273.5898500000003,0.16510000000000247,0.3841999999999999,0.2588000000000008,0.4251000000000005,-0.8155999999999999,54.7033,-0.1053999999999995,-0.13620000000000232,-0.033900000000002706,51.4605,0.10040000000000049,0.8842999999999961,0.3031999999999968,89.8425,26.0,1.08490566,-2.0,-58.0,3.9,-0.1999999999999993,26.0,109.0,1.0,8.0,-7.0,209000,208.0,49.0,-0.599999999999909,11.0,35.0,-3.0,38.0,159.0,27.0,5.5,-0.8999999999996362,10.0,59.0,40.8,3.5,41.1,1067,35.0,45.0,435,131,995.0,138.0,58.0,322.0,150.0,-542.6861800000006,227.95708999999624,1461.261599999998,0.0,-0.6999999999999886,-1.4999999999999432,5.099999999999909,-0.4000000000000057,0.3000000000000007,0.3999999999999986,0.2980000000000018,0.2680999999999969,410.33000000000175,-0.8348175999999796,3.1200000000000045,-0.11853119500000009,15.3306887,-0.45999999999999996,-0.2699999999999996,-0.2400000000000002,-0.33000000000000007,-0.4500000000000002,-0.2999999999999998,-0.2599999999999998,-0.1899999999999995,-0.20999999999999996,0.79,-0.22,-0.2,-0.19,-0.24,-0.36,0.26,1.03,0.007500000000000284,0.0,0.0009000000000001229,-0.0036000000000000476,0.0,0.0,0.0,0.10000000000000142,0.0,1.0,-0.020000000000003126,7.105427357601002e-15,0.0,0.10000000000000142,0.0,0.10000000000000142,0.10000000000000142,0.10000000000000142,0.09999999999999432,-0.10000000000000142,0.0010000000000012221,-0.6380000000000052,-0.01600000000000179,-0.0010000000000012221,0.009999999999999787,0.029999999999999805,0.019999999999999574,-90.0,-224.0,1.3126000000000033
1967-02-01,4.554999999999836,-0.599999999999909,-0.08000000000000185,-1398.6730000000098,-253.05856999999742,-0.3988000000000014,-0.23270000000000124,-0.2154999999999987,-0.6362000000000023,-0.8854000000000006,54.2699,0.018299999999999983,-0.6144999999999996,-0.5691999999999986,50.9109,-0.3791000000000011,0.16830000000000211,-0.5186999999999955,88.3949,-31.0,1.09399657,-118.0,-65.0,3.8,-0.10000000000000142,-12.0,8.0,-30.0,-28.0,-2.0,229000,22.0,-70.0,-2.0,-12.0,-55.0,-18.0,-37.0,92.0,5.0,-0.8000000000001819,-2.0,11.0,38.0,40.0,3.4,40.4,1123,23.0,-35.0,448,186,907.0,-89.0,-5.0,310.0,168.0,-140.13906000000134,206.01980000000913,565.0212000000174,0.020662251999999937,1.1999999999999886,2.099999999999966,6.2000000000000455,-0.5,-0.40000000000000213,-0.3000000000000007,0.284000000000006,0.2038000000000011,164.0399999999936,-0.1359329999999943,2.9099999999999966,-0.10215177099999995,15.83609984,0.05999999999999961,-0.35000000000000053,-0.16000000000000014,-0.15000000000000036,-0.040000000000000036,0.040000000000000036,0.04999999999999982,-0.16999999999999993,-0.14999999999999947,0.38,-0.44,-0.41,-0.29,-0.26,-0.37,0.03,0.82,0.005199999999999427,0.01320000000004029,0.0030999999999998806,0.001100000000000101,-0.10000000000000142,-0.10000000000000142,-0.10000000000000142,-0.7000000000000028,0.029999999999999805,0.19999999999999574,0.10000000000000142,-7.105427357601002e-15,0.19999999999999574,-0.09999999999999787,0.0,0.10000000000000142,0.09999999999999787,0.10000000000000142,0.0,0.10000000000000142,0.019999999999999574,0.2120000000000033,0.010000000000001563,0.00300000000000189,0.020000000000000018,0.0,0.010000000000000231,-158.0,-222.0,1.3599999999999994
1967-03-01,23.008000000000266,13.5,0.11200000000000188,2629.1209999999846,249.94718999999895,-0.19590000000000174,0.09980000000000189,0.0975000000000037,0.14979999999999905,0.28570000000000206,54.3049,-0.02490000000000059,-0.5862999999999978,-0.43700000000000117,50.4726,-0.16859999999999786,0.5683999999999969,0.3973000000000013,87.5162,-87.0,1.073727934,-193.0,-167.0,3.8,-0.29999999999999893,-10.0,7.0,-23.0,-2.0,-21.0,260750,101.0,-68.0,-1.3000000000000682,-27.0,-38.0,-26.0,-12.0,169.0,45.0,10.199999999999818,38.69999999999982,14.0,44.0,40.2,3.3,40.5,1056,-103.0,18.0,469,183,955.0,-28.0,19.0,354.0,181.0,-350.81792999999743,-357.67325999999593,808.5646999999881,0.0,0.700000000000017,1.099999999999966,13.900000000000091,-0.09999999999999432,-0.3000000000000007,-0.1999999999999993,0.5650999999999868,0.23749999999999716,369.570000000007,-0.47104280000002063,2.0600000000000023,-0.06502783899999987,16.14953657,-0.46999999999999975,-0.13999999999999968,-0.2999999999999998,-0.3700000000000001,-0.3600000000000003,-0.20000000000000018,-0.08999999999999986,0.09999999999999964,0.02999999999999936,0.71,-0.27,-0.31,-0.18,0.01,0.01,0.6,1.32,-0.0033999999999991815,-0.40720000000004575,0.002200000000000202,0.0014000000000000679,0.0,-0.09999999999999432,0.0,-0.3999999999999986,0.0,0.0,0.0,-0.09999999999999432,0.0,0.0,0.0,-0.10000000000000142,0.10000000000000142,0.0,0.10000000000000142,0.0,0.009000000000000341,0.13100000000000023,-0.015000000000000568,-0.011000000000001009,0.0,0.009999999999999787,-0.020000000000000018,-84.0,-138.0,1.6758999999999986
1967-04-01,-3.1710000000002765,1.099999999999909,0.20599999999999952,-239.11999999999534,63.264640000001236,0.3260000000000005,0.3511999999999986,0.39329999999999643,0.7991000000000028,0.24129999999999896,55.4231,-0.01130000000000031,0.2962999999999987,-0.04240000000000066,51.2331,0.21580000000000155,0.5652000000000044,0.611699999999999,87.6555,31.0,1.082210708,449.0,443.0,3.8,-0.09999999999999964,-39.0,27.0,-8.0,-2.0,-6.0,263000,-64.0,-77.0,-2.6000000000000227,-13.0,-62.0,-61.0,-1.0,13.0,-48.0,7.300000000000182,-50.399999999999636,14.0,38.0,40.0,3.2,40.4,1091,39.0,-2.0,484,168,1035.0,48.0,28.0,356.0,183.0,168.35498000000007,99.1947199999995,535.7960000000021,0.0,-2.400000000000034,-2.199999999999932,2.7999999999999545,0.09999999999999432,0.0,0.10000000000000142,1.0619000000000085,0.2536000000000058,153.77999999999884,0.11495510000000309,1.539999999999992,-0.054907744000000314,16.38783156,-0.4800000000000004,-0.41000000000000014,-0.41999999999999993,-0.3299999999999996,-0.23999999999999932,-0.03000000000000025,0.04999999999999982,-0.019999999999999574,-0.019999999999999574,0.78,-0.21,-0.16,0.06,0.46,0.54,1.06,1.78,-0.008800000000000807,-0.23599999999999,0.0028999999999999027,0.00039999999999995595,0.0,0.09999999999999432,0.0,-0.40000000000000213,0.0,0.0,0.10000000000000142,0.10000000000000142,0.20000000000000284,0.09999999999999787,0.0,0.10000000000000142,0.10000000000000142,0.10000000000000142,0.0,0.0,0.028999999999999915,0.1419999999999959,-0.009000000000000341,0.016000000000000014,0.010000000000000231,0.020000000000000018,0.010000000000000231,-36.0,-50.0,-0.4551000000000016
1967-05-01,6.9900000000002365,5.400000000000091,-0.0020000000000024443,-299.20100000000093,-114.08378000000084,-0.3044000000000011,-0.27120000000000033,-0.3370000000000033,-0.9196999999999989,-0.4394999999999989,54.2274,0.05569999999999986,-0.34410000000000096,-0.148299999999999,50.7899,-0.23680000000000234,1.0655000000000001,-0.1290000000000049,86.6106,-26.0,1.060771594,-4.0,-38.0,3.8,-0.10000000000000142,34.0,9.0,-11.0,10.0,-21.0,235750,154.0,-63.0,-1.6999999999999318,-15.0,-46.0,-17.0,-29.0,217.0,76.0,0.0,60.899999999999636,14.0,39.0,40.0,3.2,40.4,1304,32.0,107.0,501,223,1076.0,-16.0,1.0,393.0,202.0,1304.5159999999996,1033.9141799999925,350.70269999999437,0.01033112600000008,2.1000000000000227,2.699999999999932,15.399999999999864,0.10000000000000142,-0.09999999999999787,-0.10000000000000142,0.417199999999994,0.2924999999999969,265.45999999999185,-0.1942372999999975,1.6300000000000097,-0.05612690199999992,16.65707697,-0.10999999999999988,-0.16000000000000014,-0.23999999999999977,-0.0900000000000003,0.040000000000000036,0.2400000000000002,0.2599999999999998,0.1299999999999999,0.1299999999999999,0.73,-0.34,-0.14,0.21,0.81,0.91,1.3,2.02,-0.008000000000000007,-0.039400000000000546,-0.0022999999999999687,-0.00019999999999997797,0.10000000000000142,0.10000000000000142,0.0,0.40000000000000213,0.0,-0.3999999999999986,0.0,-0.10000000000000142,0.10000000000000142,-0.10000000000000142,0.10000000000000142,0.0,0.0,0.10000000000000142,0.0,0.10000000000000142,0.0329999999999977,-0.022999999999996135,0.03200000000000003,-0.009000000000000341,0.009999999999999787,0.03000000000000025,-4.440892098500626e-16,-13.0,-52.0,-0.34090000000000487
1967-06-01,15.044999999999618,13.800000000000182,0.12900000000000134,2712.0320000000065,748.8044599999994,-0.004399999999996851,0.04250000000000398,-0.007799999999996032,0.13989999999999725,-0.3362000000000016,54.6796,-0.08070000000000022,-0.06419999999999959,-0.13250000000000028,50.8626,-0.047100000000000364,-0.6795000000000044,0.7787000000000006,86.0691,-7.0,1.036096257,497.0,434.0,3.9,-0.3999999999999986,123.0,-22.0,5.0,8.0,-3.0,232000,130.0,-18.0,-1.3999999999999773,2.0,-20.0,-23.0,3.0,148.0,17.0,-0.6999999999998181,20.199999999999818,16.0,60.0,40.1,3.2,40.4,1248,-13.0,-48.0,505,223,1169.0,22.0,29.0,406.0,231.0,430.763039999998,1256.148509999999,243.54360000000452,-0.02066225200000016,-0.19999999999998863,-0.2999999999999545,5.400000000000091,0.6000000000000014,0.1999999999999993,0.1999999999999993,1.0906999999999982,0.3736999999999995,589.6399999999994,-0.2242889000000048,-1.1599999999999966,0.03973774200000024,16.44856732,0.040000000000000036,-0.019999999999999574,-0.06000000000000005,0.0900000000000003,0.33000000000000007,0.2599999999999998,0.16999999999999993,0.20000000000000018,0.1900000000000004,0.67,-0.44,-0.09,0.5,1.03,1.04,1.46,2.17,0.000600000000000378,0.01310000000000855,-0.005700000000000038,-0.0017000000000000348,0.30000000000000426,0.30000000000000426,0.10000000000000142,0.29999999999999716,0.0,0.10000000000000142,0.19999999999999574,0.09999999999999432,0.0,0.10000000000000497,0.10000000000000142,-7.105427357601002e-15,0.1999999999999993,0.09999999999999432,0.20000000000000284,0.10000000000000142,0.054999999999999716,-0.0759999999999934,0.07900000000000063,0.014999999999998792,0.010000000000000231,0.029999999999999805,-0.009999999999999787,49.0,102.0,-0.3931999999999931
1967-07-01,19.524000000000342,16.199999999999818,-0.0779999999999994,-2376.782999999996,-178.38554999999906,-0.07870000000000488,-0.12879999999999825,-0.20400000000000063,-0.06810000000000116,0.4117999999999995,54.2857,-0.29829999999999934,-0.011599999999997834,-0.14819999999999922,50.4028,-0.13419999999999987,-0.7433999999999941,-0.5148999999999972,85.3074,-59.0,1.03294837,194.0,242.0,3.8,0.0,-62.0,-20.0,-10.0,-11.0,1.0,227800,138.0,11.0,1.5,39.0,-28.0,-31.0,3.0,127.0,36.0,5.699999999999818,21.100000000000364,13.0,10.0,40.2,3.3,40.5,1364,68.0,20.0,509,248,1177.0,2.0,23.0,396.0,224.0,-867.169249999999,726.7920699999959,526.0542000000132,0.01033112600000008,-0.20000000000001705,-0.5,8.400000000000091,0.7999999999999972,0.5,0.5,1.0422000000000082,0.35370000000000346,353.2100000000064,-0.7867029999999886,1.5799999999999983,-0.046709861000000075,16.75346183,-0.18999999999999995,0.2699999999999996,0.6699999999999999,0.8299999999999996,0.5299999999999994,0.22000000000000064,0.14000000000000057,0.13999999999999968,0.10999999999999943,1.13,0.42,0.93,1.22,1.44,1.37,1.79,2.47,0.007100000000000328,0.09180000000003474,-0.0038999999999997925,-0.0025999999999999357,0.0,-0.10000000000000142,0.0,-0.09999999999999787,0.0,-0.10000000000000142,0.10000000000000142,7.105427357601002e-15,0.19999999999999574,-0.10000000000000497,0.19999999999999574,7.105427357601002e-15,0.0,0.10000000000000142,0.10000000000000142,0.10000000000000142,0.05900000000000105,0.2949999999999875,0.08399999999999963,-0.015999999999998238,0.029999999999999805,0.040000000000000036,0.020000000000000018,0.0,63.0,2.4277000000000015
1967-08-01,18.123999999999796,15.300000000000182,0.06500000000000128,4908.574000000022,6.222749999997177,0.6611000000000047,0.46349999999999625,0.396099999999997,0.45420000000000016,0.3531000000000013,54.784,0.2682000000000002,0.921599999999998,0.8545000000000016,51.1515,0.6188000000000002,-0.657500000000006,0.47800000000000153,86.4918,90.0,1.063157895,248.0,247.0,3.8,0.5999999999999996,-47.0,65.0,29.0,-20.0,49.0,212750,255.0,115.0,-13.700000000000045,9.0,121.0,114.0,7.0,140.0,24.0,16.90000000000009,10.0,16.0,46.0,40.3,3.4,40.6,1407,-79.0,41.0,568,271,1229.0,-8.0,8.0,407.0,265.0,506.94600999999966,290.90759000000253,1100.8170999999857,-0.01033112600000008,0.5,0.19999999999998863,8.899999999999864,-0.09999999999999432,-0.1999999999999993,-0.1999999999999993,-0.22280000000000655,0.3586999999999989,583.2700000000041,-0.3622569999999996,1.4799999999999898,-0.04190042400000005,17.04814343,0.10999999999999988,0.08000000000000007,0.05999999999999961,0.11000000000000032,0.1200000000000001,0.07999999999999918,0.1200000000000001,0.040000000000000036,0.07000000000000028,1.1,0.37,0.93,1.23,1.41,1.38,1.72,2.43,0.01249999999999929,0.27549999999996544,-0.002000000000000224,-0.0020000000000000018,0.09999999999999432,0.10000000000000142,0.0,0.0,0.06999999999999984,0.0,0.10000000000000142,-7.105427357601002e-15,0.10000000000000142,3.552713678800501e-15,0.20000000000000284,0.10000000000000142,0.09999999999999787,0.10000000000000142,0.19999999999999574,0.19999999999999574,0.054000000000002046,-0.11499999999999488,0.0779999999999994,0.005000000000000782,0.010000000000000231,0.010000000000000231,0.0,-36.0,86.0,1.5751999999999953
1967-09-01,3.0149999999998727,5.0,0.1839999999999975,1307.350999999966,725.9877000000015,-0.057099999999998374,0.05239999999999867,0.011000000000002785,0.09300000000000352,-0.09779999999999944,55.0109,-0.07580000000000098,-0.20789999999999864,-0.33999999999999986,51.9096,-0.0058000000000006935,-0.4164999999999992,0.880199999999995,86.0644,-36.0,1.046315078,100.0,87.0,3.8,-0.5,72.0,-33.0,7.0,45.0,-38.0,216400,21.0,-112.0,-3.1000000000000227,2.0,-111.0,-148.0,37.0,133.0,23.0,-4.800000000000182,32.19999999999982,13.0,33.0,40.3,3.4,40.6,1421,97.0,-63.0,561,255,1279.0,23.0,26.0,429.0,244.0,-440.16834000000017,162.1452100000024,565.0212000000174,0.0,-0.5999999999999943,-0.5999999999999659,7.0,0.5,0.3999999999999986,0.40000000000000213,0.2242000000000104,0.43909999999999627,494.7699999999895,0.15649519999999484,1.3200000000000074,-0.03551658499999988,17.31758094,0.0900000000000003,0.0,0.15000000000000036,0.1299999999999999,0.11000000000000032,0.09000000000000075,0.019999999999999574,0.03000000000000025,0.07000000000000028,1.01,0.43,0.97,1.25,1.41,1.31,1.66,2.41,0.006400000000000183,-0.24930000000000518,-0.0015999999999998238,-0.000600000000000156,0.0,0.09999999999999432,0.09999999999999432,-0.10000000000000142,0.0,0.0,0.10000000000000142,-0.19999999999999574,0.30000000000000426,0.09999999999999787,0.0,-7.105427357601002e-15,0.10000000000000142,0.20000000000000284,0.10000000000000142,0.10000000000000142,0.05299999999999727,-0.030000000000001137,0.045000000000001705,0.01399999999999757,0.009999999999999787,0.029999999999999805,-0.020000000000000018,-191.0,-87.0,2.7420000000000044
1967-10-01,4.98700000000008,1.199999999999818,-0.2079999999999984,-2578.6539999999804,-400.3303599999999,0.28599999999999426,0.19650000000000034,0.2441999999999993,0.6340000000000003,0.5794999999999995,55.6487,-0.12219999999999942,0.4004000000000012,0.16599999999999682,52.6358,0.28020000000000067,1.9173000000000044,0.14590000000000458,86.3701,69.0,1.006681515,382.0,197.0,4.0,0.29999999999999893,63.0,67.0,24.0,8.0,16.0,216750,61.0,4.0,-1.7999999999999545,-1.0,6.0,-11.0,17.0,57.0,0.0,0.3000000000001819,5.5,10.0,19.0,40.3,3.3,40.6,1491,-20.0,74.0,580,254,1280.0,-10.0,-2.0,433.0,253.0,448.63312000000224,1129.2937200000015,-38.96700000000419,0.01033112600000008,-0.09999999999999432,-0.4000000000000341,5.900000000000091,0.7000000000000028,0.5,0.3999999999999986,0.36779999999998836,0.4568000000000012,268.43000000000757,-0.24762499999999932,-0.15000000000000568,0.004778954999999918,17.33358363,-0.11000000000000032,0.07000000000000028,0.13999999999999968,0.11000000000000032,0.1299999999999999,0.16999999999999993,0.1800000000000006,0.16999999999999993,0.11999999999999922,1.19,0.68,1.19,1.49,1.69,1.6,1.94,2.64,-0.0015000000000000568,-0.052399999999977354,-0.000500000000000167,-0.0019000000000000128,0.10000000000000142,0.0,0.0,0.10000000000000142,0.0,0.8000000000000043,0.10000000000000142,0.20000000000000284,-0.10000000000000142,0.0,0.10000000000000142,-0.09999999999999432,0.1999999999999993,0.09999999999999432,0.10000000000000142,0.10000000000000142,0.04899999999999949,0.11400000000000432,0.0259999999999998,-0.004999999999999005,0.010000000000000231,0.020000000000000018,0.010000000000000231,-64.0,-13.0,2.9218999999999937
1967-11-01,24.480000000000018,22.5,0.14999999999999858,9940.913,608.7925499999983,0.5061999999999998,0.6129000000000033,0.7269000000000005,1.0193999999999974,1.7864999999999966,56.081,0.3839000000000006,0.35719999999999885,0.29480000000000217,53.6259,0.6197000000000017,1.0031999999999996,-0.317300000000003,87.5349,-27.0,1.023157208,-3.0,74.0,3.9,0.20000000000000107,-50.0,-57.0,18.0,14.0,4.0,206250,478.0,217.0,0.0,31.0,185.0,179.0,6.0,261.0,74.0,14.199999999999818,39.19999999999982,13.0,53.0,40.5,3.3,40.6,1538,-8.0,1.0,633,256,1297.0,-5.0,-5.0,462.0,251.0,338.5910299999996,344.3201299999928,1207.9763000000094,-0.030993376999999933,-0.09999999999999432,-0.5,-0.20000000000004547,0.5999999999999943,0.0,0.10000000000000142,0.49160000000000537,0.4902000000000015,855.8899999999994,-0.24960110000000668,-3.0,0.09882832399999986,16.82864799,0.25,0.20999999999999996,0.17000000000000082,0.17999999999999972,0.2400000000000002,0.20999999999999996,0.2699999999999996,0.25,0.20000000000000018,1.15,0.6,1.12,1.48,1.65,1.62,1.94,2.59,-0.020799999999999486,0.01310000000000855,-0.12139999999999995,0.0017000000000000348,0.0,0.10000000000000142,0.10000000000000142,-0.1999999999999993,0.0,2.1999999999999957,0.19999999999999574,-0.10000000000000142,0.29999999999999716,-0.09999999999999787,0.10000000000000142,0.0,0.0,0.10000000000000142,0.10000000000000142,0.10000000000000142,0.05799999999999983,-0.13700000000000045,0.07699999999999818,-0.0009999999999994458,0.020000000000000018,0.03000000000000025,-4.440892098500626e-16,-50.0,38.0,1.1958000000000055
1967-12-01,10.827999999999975,9.700000000000273,0.2950000000000017,8426.88500000001,761.249960000001,0.3867000000000047,0.3511999999999986,0.4602000000000004,0.7997000000000014,1.3510000000000062,56.4593,0.14920000000000044,0.42730000000000246,0.20110000000000028,54.8497,0.34890000000000043,0.09339999999999549,0.5945999999999998,88.0043,26.0,1.048045063,300.0,348.0,3.8,-0.3000000000000007,-64.0,15.0,-5.0,-18.0,13.0,211200,197.0,41.0,-0.6000000000000227,1.0,40.0,26.0,14.0,156.0,41.0,-3.599999999999909,45.400000000000546,15.0,40.0,40.2,3.4,40.7,1308,-57.0,-46.0,519,242,1315.0,12.0,3.0,441.0,275.0,2307.1216600000007,1302.884480000008,983.9161999999778,-0.030993378000000016,0.09999999999999432,0.599999999999909,6.0,1.2999999999999972,0.6000000000000014,0.5,1.5438000000000045,0.5741999999999976,546.0299999999988,0.11651050000000396,2.6400000000000006,-0.08729745399999977,17.35374818,0.3799999999999999,0.27999999999999936,0.23999999999999932,0.2400000000000002,0.09999999999999964,-0.03000000000000025,-0.04999999999999982,0.1200000000000001,0.20999999999999996,1.05,0.46,0.98,1.2,1.24,1.19,1.68,2.42,-0.002200000000000202,-0.15720000000004575,-0.25550000000000006,0.0052000000000000934,0.10000000000000142,0.0,0.20000000000000284,0.3999999999999986,0.0,0.0,0.10000000000000142,0.19999999999999574,0.0,0.09999999999999787,0.19999999999999574,0.10000000000000142,0.1999999999999993,0.10000000000000142,0.09999999999999432,0.09999999999999432,0.028000000000002245,-0.33800000000000807,0.015000000000000568,0.0039999999999995595,0.009999999999999787,0.019999999999999574,0.010000000000000231,-42.0,277.0,0.21580000000000155
1968-01-01,21.294000000000324,17.899999999999636,0.14300000000000068,-3886.0040000000154,-491.597389999999,-0.0391000000000048,-0.17999999999999972,-0.26319999999999766,-0.6685000000000016,-1.0339000000000027,56.105,0.06609999999999872,0.14449999999999363,0.22819999999999752,54.546,-0.07750000000000057,0.2627000000000024,-0.19760000000000133,87.4092,70.0,1.123349548,-913.0,-773.0,3.7,0.8000000000000007,-158.0,-16.0,18.0,23.0,-5.0,215750,-96.0,-120.0,-2.6000000000000227,-134.0,15.0,20.0,-5.0,24.0,-47.0,-2.099999999999909,-41.5,8.0,59.0,39.9,3.4,40.4,1380,20.0,5.0,515,292,1179.0,-59.0,-26.0,414.0,251.0,-1513.3138000000035,-157.3762299999944,905.9821999999986,0.030993378000000016,0.09999999999999432,-0.9999999999998863,3.099999999999909,-0.09999999999999432,0.5,0.5,0.4111999999999938,0.5095000000000027,-1387.0099999999948,-3.5423845999999912,-0.2599999999999909,0.018904062999999915,17.30698092,0.10000000000000053,0.040000000000000036,0.03000000000000025,-0.25,-0.28000000000000025,-0.20999999999999996,-0.16999999999999993,-0.020000000000000462,-0.08999999999999986,0.99,0.4,0.64,0.83,0.94,0.93,1.57,2.24,0.026399999999999757,0.27520000000004075,0.0028000000000001357,0.0043999999999999595,0.10000000000000142,0.0,0.0,-0.10000000000000142,0.0,0.3999999999999986,0.10000000000000142,-0.09999999999999432,0.20000000000000284,-0.09999999999999787,0.10000000000000142,-0.20000000000000284,0.10000000000000142,0.20000000000000284,0.20000000000000284,0.10000000000000142,0.08200000000000074,0.44300000000001205,0.10899999999999821,0.010000000000001563,0.040000000000000036,0.08000000000000007,0.020000000000000018,-129.0,-248.0,0.448599999999999
1968-02-01,29.86499999999978,29.700000000000273,0.022999999999999687,-1208.8190000000177,316.32320999999865,0.12990000000000634,0.22299999999999898,0.19489999999999696,0.2623999999999995,0.5420999999999978,56.1699,0.01389999999999958,0.002100000000005764,0.07670000000000243,54.1191,0.153100000000002,0.5157000000000025,0.774799999999999,87.4077,-40.0,1.063978674,652.0,529.0,3.8,-0.7000000000000011,252.0,-59.0,-35.0,-24.0,-11.0,210750,411.0,200.0,1.6000000000000227,186.0,14.0,-3.0,17.0,211.0,86.0,16.299999999999727,48.5,13.0,25.0,40.4,3.4,40.8,1520,-2.0,13.0,642,296,1342.0,43.0,48.0,460.0,277.0,155.18756000000212,377.7029599999951,789.0813000000198,0.0,-0.6000000000000227,0.39999999999997726,4.300000000000182,-0.5,-0.1999999999999993,-0.40000000000000213,0.04720000000000368,0.5668999999999969,1114.0099999999948,-0.18714460000001054,-4.290000000000006,0.15675696299999986,16.56573351,0.09999999999999964,-0.09999999999999964,-0.019999999999999574,-0.07000000000000028,-0.019999999999999574,0.04999999999999982,0.02999999999999936,-0.07000000000000028,-0.040000000000000036,0.79,0.27,0.46,0.7,0.88,0.85,1.39,2.09,0.004400000000000404,-0.052500000000009095,9.999999999976694e-05,0.0025999999999999357,0.10000000000000142,0.20000000000000284,0.10000000000000142,0.10000000000000142,0.0,2.700000000000003,0.10000000000000142,0.09999999999999432,0.10000000000000142,-3.552713678800501e-15,0.10000000000000142,0.09999999999999432,0.10000000000000142,0.09999999999999432,0.10000000000000142,0.10000000000000142,0.07199999999999918,-0.1670000000000158,0.08300000000000196,0.007999999999997343,0.010000000000000231,-0.04999999999999982,-0.03000000000000025,-29.0,-55.0,0.5564999999999998
1968-03-01,33.70600000000013,17.90000000000009,0.3780000000000001,2845.411000000022,653.388930000001,0.11359999999999815,0.10179999999999723,0.11880000000000024,0.2931999999999988,-0.07379999999999853,56.7077,0.13180000000000014,0.12630000000000052,0.004699999999999704,54.3517,0.055399999999998784,0.4486999999999952,-0.26539999999999964,87.1625,68.0,1.133472367,26.0,150.0,3.7,-0.1999999999999993,-59.0,-61.0,-21.0,-21.0,0.0,195200,80.0,2.0,-1.2999999999999545,-9.0,13.0,4.0,9.0,78.0,19.0,7.100000000000364,17.300000000000182,9.0,23.0,40.3,3.4,40.8,1466,-30.0,2.0,627,283,1370.0,73.0,-49.0,454.0,287.0,1154.0310900000004,1313.3762299999944,603.9880999999878,0.0,0.4000000000000341,-0.1999999999999318,3.599999999999909,0.29999999999999716,0.0,-0.3000000000000007,0.515900000000002,0.5709000000000017,706.6600000000035,-0.7772294000000102,-1.6599999999999966,0.07158885700000006,16.2888088,0.33999999999999986,0.13999999999999968,0.1899999999999995,0.16000000000000014,0.16999999999999993,0.16999999999999993,0.1800000000000006,0.010000000000000675,0.04999999999999982,0.59,0.12,0.28,0.53,0.71,0.69,1.06,1.8,-0.017199999999999882,-0.052399999999977354,-0.00949999999999962,-0.0024999999999999467,0.09999999999999432,0.10000000000000142,0.09999999999999432,0.10000000000000142,0.0,0.7000000000000028,0.09999999999999432,7.105427357601002e-15,0.0,0.10000000000000142,0.10000000000000142,7.105427357601002e-15,0.1999999999999993,0.10000000000000142,0.10000000000000142,0.10000000000000142,0.05799999999999983,0.02600000000001046,0.04499999999999815,-0.004999999999997229,0.019999999999999574,0.04999999999999982,0.010000000000000231,17.0,10.0,0.4772999999999996
1968-04-01,17.809999999999945,11.199999999999818,-0.08500000000000085,-764.2239999999874,-63.264640000001236,0.05279999999999774,-0.09899999999999665,-0.18970000000000198,-0.08370000000000033,0.03249999999999886,56.5602,-0.07599999999999874,0.25319999999999965,0.13279999999999959,55.5108,0.034300000000001774,-0.4858999999999938,-0.6824999999999974,86.8671,55.0,1.224067922,14.0,182.0,3.5,0.1999999999999993,-215.0,72.0,-54.0,-24.0,-30.0,199000,261.0,88.0,13.899999999999977,13.0,64.0,46.0,18.0,173.0,73.0,9.699999999999818,45.79999999999927,9.0,36.0,40.1,3.1,40.3,1554,43.0,10.0,635,311,1286.0,-54.0,-2.0,446.0,267.0,-1077.848109999999,297.5841599999985,1207.9763000000094,0.010331124999999997,0.29999999999998295,-0.3000000000000682,2.7999999999999545,0.5,0.0,0.0,1.3070000000000022,0.5510000000000019,843.6100000000006,0.03996660000001384,6.579999999999998,-0.21380871200000007,17.50093278,0.71,0.16999999999999993,0.20999999999999996,0.16000000000000014,0.1299999999999999,-0.0699999999999994,-0.10000000000000053,0.09999999999999964,0.1200000000000001,0.05,-0.38,-0.27,-0.05,-0.07,-0.12,0.45,1.21,0.006799999999999251,0.22299999999995634,0.0020999999999999908,-0.0045999999999999375,0.20000000000000284,0.19999999999999574,0.0,0.09999999999999787,0.0,-2.8000000000000043,0.10000000000000142,-7.105427357601002e-15,-0.10000000000000142,-0.09999999999999787,0.09999999999999432,-0.10000000000000142,0.09999999999999787,0.10000000000000142,0.09999999999999432,0.10000000000000142,0.05600000000000094,-0.04899999999999238,0.06800000000000139,-0.012000000000002231,0.020000000000000018,0.010000000000000231,-0.009999999999999787,55.0,103.0,-1.0219000000000023
1968-05-01,20.994000000000142,22.59999999999991,0.1579999999999977,2694.0079999999725,177.34843000000183,0.4100000000000037,0.3333999999999975,0.3509000000000029,0.26539999999999964,0.4382000000000019,56.6981,0.22959999999999958,0.508499999999998,0.3503000000000007,56.6094,0.4421999999999997,0.5019999999999953,1.5114000000000019,87.5822,11.0,1.214233577,577.0,546.0,3.5,-0.5,131.0,-111.0,2.0,15.0,-13.0,199000,96.0,48.0,0.10000000000002274,-11.0,59.0,28.0,31.0,48.0,-27.0,8.900000000000091,15.300000000000182,10.0,27.0,40.5,3.7,40.9,1408,-11.0,-36.0,577,270,1297.0,-25.0,39.0,435.0,275.0,-482.4922200000001,-611.3828399999911,1295.6520000000019,0.0,0.30000000000001137,0.6999999999999318,4.7000000000000455,0.09999999999999432,-0.20000000000000284,-0.1999999999999993,0.5515999999999934,0.5356999999999985,718.679999999993,-0.34249249999999165,2.200000000000003,-0.055996618,17.88943222,0.3600000000000003,0.3700000000000001,0.28000000000000025,0.33999999999999986,0.4299999999999997,0.34999999999999964,0.23000000000000043,0.05999999999999961,0.0600000000000005,0.06,-0.45,-0.28,0.03,-0.07,-0.24,0.16,0.92,-0.0129999999999999,-0.013199999999983447,-0.012599999999999945,-0.0021999999999999797,0.0,0.0,0.0,-0.1999999999999993,0.0,-2.3999999999999986,0.10000000000000142,0.0,0.0,0.0,0.0,0.0,0.10000000000000142,0.0,0.10000000000000142,0.09999999999999432,0.06599999999999895,0.025999999999982037,0.08599999999999852,0.0070000000000014495,0.020000000000000018,0.040000000000000036,0.009999999999999787,66.0,117.0,0.295100000000005
1968-06-01,18.535999999999603,18.0,0.19700000000000273,2737.2660000000033,456.33511999999973,0.13569999999999993,0.13240000000000407,0.14439999999999742,0.3064999999999998,0.34080000000000155,56.9668,-0.03500000000000014,0.13700000000000045,0.052599999999998204,56.7933,0.07459999999999667,0.13620000000000232,-0.0326999999999984,87.3868,-3.0,1.131381892,273.0,75.0,3.7,-0.29999999999999893,188.0,71.0,10.0,-16.0,26.0,193600,253.0,9.0,0.5,-27.0,38.0,13.0,25.0,244.0,67.0,13.099999999999909,21.199999999999818,5.0,82.0,40.5,3.6,40.9,1405,7.0,6.0,541,289,1300.0,32.0,-52.0,464.0,269.0,336.7099699999999,-92.51815000000352,779.3395000000019,-0.010331124999999997,0.0,0.5000000000001137,1.7000000000000455,0.8000000000000114,0.3000000000000007,0.3000000000000007,0.9569000000000045,0.6713000000000022,614.7799999999988,-0.33469530000002123,2.6299999999999955,-0.06632857000000003,18.27920836,-0.04999999999999982,0.07000000000000028,-0.14000000000000057,-0.1900000000000004,-0.15999999999999925,-0.1900000000000004,-0.15000000000000036,0.010000000000000675,0.040000000000000036,0.18,-0.55,-0.43,-0.09,-0.22,-0.35,0.21,1.0,-0.021399999999999864,-0.419399999999996,-0.0046000000000003816,-0.001000000000000112,0.10000000000000142,0.10000000000000142,0.10000000000000142,-0.1999999999999993,0.0,0.29999999999999716,0.20000000000000284,-0.09999999999999432,0.19999999999999574,-3.552713678800501e-15,0.20000000000000284,0.10000000000000142,0.1999999999999993,0.29999999999999716,0.20000000000000284,0.20000000000000284,0.05799999999999983,-0.022999999999996135,0.0470000000000006,0.004999999999999005,0.0,0.0,-0.010000000000000231,128.0,313.0,-0.9531000000000063
1968-07-01,24.66700000000037,22.700000000000273,0.21599999999999753,3720.18200000003,355.73397000000114,-0.056800000000002626,-0.1268000000000029,-0.15529999999999688,-0.12019999999999698,-0.3036999999999992,56.9809,-0.14969999999999928,0.03399999999999892,-0.023799999999997823,57.4238,-0.10790000000000077,-0.4040999999999997,0.18259999999999366,86.7454,89.0,1.183836282,-150.0,-95.0,3.7,0.5,-108.0,15.0,21.0,24.0,-3.0,196250,221.0,65.0,2.699999999999932,23.0,37.0,37.0,0.0,156.0,42.0,10.0,29.100000000000364,16.0,31.0,40.4,3.6,40.8,1512,37.0,27.0,622,251,1344.0,-28.0,10.0,502.0,293.0,-122.26898000000074,-929.9504900000029,545.5376999999862,-0.01033112600000008,-0.30000000000001137,-0.7000000000000455,-0.40000000000009095,0.7999999999999972,0.3000000000000007,0.5,1.1062999999999903,0.3442000000000007,984.6699999999983,-0.030267899999984138,-0.20000000000000284,0.019222581000000183,18.13391383,-0.040000000000000036,-0.05999999999999961,-0.20999999999999996,-0.22999999999999954,-0.33000000000000007,-0.25,-0.21999999999999975,-0.040000000000000036,-0.08999999999999986,0.16,-0.71,-0.61,-0.37,-0.42,-0.52,0.22,0.96,-0.005899999999999572,-1.3566000000000145,0.0054000000000002935,-0.0032999999999998586,0.10000000000000142,0.10000000000000142,0.10000000000000142,0.3000000000000007,0.0,-0.3999999999999986,0.19999999999999574,0.19999999999999574,0.0,0.10000000000000142,0.10000000000000142,0.10000000000000142,0.1999999999999993,0.10000000000000142,0.10000000000000142,0.20000000000000284,0.054999999999999716,0.07800000000001717,0.060000000000002274,-0.0129999999999999,0.020000000000000018,0.040000000000000036,4.440892098500626e-16,139.0,254.0,0.4630999999999972
1968-08-01,18.699999999999818,14.099999999999909,0.06400000000000006,-6709.786000000022,376.47647999999754,0.10329999999999728,0.36880000000000024,0.36589999999999634,0.5975999999999999,0.453799999999994,57.6308,0.1368999999999989,-0.2552999999999983,-0.4239999999999995,58.0188,0.17430000000000234,0.5987000000000009,-0.0031999999999996476,86.7982,61.0,1.255057804,-159.0,-44.0,3.5,-0.09999999999999964,-2.0,-66.0,-33.0,-27.0,-6.0,199400,204.0,21.0,1.0,31.0,-11.0,-34.0,23.0,183.0,63.0,8.5,38.5,22.0,24.0,40.3,3.4,40.7,1495,-3.0,-40.0,613,287,1357.0,23.0,9.0,481.0,295.0,-134.49589000000196,1053.9438900000096,1237.2014999999956,0.04132450300000001,0.20000000000001705,0.7999999999999545,6.400000000000091,0.20000000000000284,0.0,0.0,0.20230000000000814,0.23959999999999582,637.8000000000029,-0.4367915999999923,-2.1899999999999977,0.08043644699999986,17.67634923,0.0,-0.3100000000000005,-0.21999999999999975,-0.17999999999999972,-0.22000000000000064,-0.09999999999999964,-0.08000000000000007,-0.22000000000000064,-0.16000000000000014,-0.15,-0.94,-0.8,-0.6,-0.53,-0.61,-0.01,0.79,0.007799999999999585,-0.8168999999999755,0.0010999999999996568,-0.001000000000000112,0.09999999999999432,0.10000000000000142,0.0,0.09999999999999787,0.0,-0.10000000000000142,0.10000000000000142,-0.09999999999999432,0.10000000000000142,-0.09999999999999787,0.19999999999999574,-0.10000000000000853,0.20000000000000284,0.20000000000000284,0.09999999999999432,0.09999999999999432,0.07400000000000162,0.013999999999981583,0.09699999999999775,0.009999999999999787,0.010000000000000231,0.009999999999999787,-0.010000000000000231,73.0,260.0,2.5234000000000094
1968-09-01,19.218000000000302,19.59999999999991,-0.0329999999999977,5414.451000000001,-618.1266699999978,0.1407000000000025,0.1396000000000015,0.19200000000000017,0.20129999999999626,0.3657000000000039,57.6954,0.16610000000000014,0.13859999999999673,0.056299999999996686,58.5102,0.019300000000001205,0.06759999999999877,-0.19479999999999364,86.474,70.0,1.319434103,47.0,129.0,3.4,-0.10000000000000142,-111.0,16.0,-18.0,3.0,-21.0,191000,154.0,40.0,1.8000000000000682,40.0,-2.0,-3.0,1.0,114.0,46.0,8.199999999999818,27.100000000000364,11.0,25.0,40.5,3.7,40.9,1556,16.0,21.0,615,310,1464.0,-11.0,57.0,522.0,315.0,1481.3357700000015,977.6402600000001,681.9220999999961,-0.020662251999999937,-0.4000000000000341,0.40000000000009095,7.5,0.09999999999999432,0.10000000000000142,0.10000000000000142,0.6071000000000026,0.4896000000000029,838.6699999999983,-0.08060520000000793,3.1899999999999977,-0.08366790699999971,18.17664653,-0.25,-0.05999999999999961,0.10000000000000053,0.019999999999999574,0.020000000000000462,-0.019999999999999574,0.040000000000000036,-0.04999999999999982,-0.03000000000000025,0.04,-0.59,-0.53,-0.33,-0.3,-0.32,0.19,1.01,-0.005199999999999427,-0.46510000000000673,-0.0036999999999998145,0.00039999999999995595,0.20000000000000284,0.19999999999999574,0.10000000000000142,0.1999999999999993,0.0,0.10000000000000142,0.10000000000000142,-7.105427357601002e-15,0.0,0.09999999999999787,0.10000000000000142,7.105427357601002e-15,0.09999999999999787,0.10000000000000142,0.10000000000000142,0.10000000000000142,0.06299999999999883,0.06700000000000728,0.054999999999999716,-0.0009999999999994458,0.029999999999999805,0.020000000000000018,0.029999999999999805,-83.0,-8.0,2.8473999999999933
1968-10-01,6.98700000000008,5.5,0.038999999999997925,5312.314000000013,797.5493499999975,0.07399999999999807,0.09720000000000084,0.08660000000000423,0.3213000000000008,0.4748999999999981,57.8782,0.13429999999999964,0.0397000000000034,0.2767000000000017,58.2663,0.22399999999999665,0.35369999999999635,-0.21050000000000324,86.6475,179.0,1.384529565,55.0,52.0,3.4,0.20000000000000107,-27.0,18.0,11.0,9.0,2.0,186000,237.0,29.0,-45.90000000000009,33.0,41.0,19.0,22.0,208.0,47.0,10.700000000000273,31.599999999999454,19.0,34.0,40.5,3.7,41.0,1569,-50.0,28.0,656,303,1421.0,8.0,-35.0,521.0,300.0,1280.0622000000003,1334.3597299999965,1217.7180000000226,-0.010331124999999997,0.4000000000000341,-0.20000000000004547,2.3999999999998636,0.7999999999999972,0.5,0.5999999999999979,0.9672999999999945,0.6779000000000011,1358.62000000001,0.8907222999999931,2.5,-0.05919835100000004,18.48559846,0.1299999999999999,-0.020000000000000462,0.15999999999999925,0.16000000000000014,0.1200000000000001,0.0699999999999994,0.1200000000000001,0.1200000000000001,0.04999999999999982,-0.11,-0.56,-0.5,-0.34,-0.36,-0.33,0.18,0.93,-0.0035000000000007248,-0.6568000000000325,0.0022999999999999687,-0.00029999999999996696,0.0,0.10000000000000142,0.10000000000000142,0.20000000000000284,0.0,0.20000000000000284,0.19999999999999574,0.0,0.10000000000000142,0.0,0.20000000000000284,-0.10000000000000142,0.1999999999999993,0.09999999999999432,0.20000000000000284,0.20000000000000284,0.0799999999999983,-0.046999999999997044,0.10600000000000165,0.004999999999999005,0.010000000000000231,0.040000000000000036,-0.009999999999999787,37.0,158.0,2.0468000000000046
1968-11-01,18.60899999999947,17.40000000000009,0.13000000000000256,3428.1909999999916,722.876320000003,0.4832000000000036,0.4346999999999994,0.35069999999999624,0.666400000000003,0.8445000000000036,58.3644,0.011200000000000543,0.5435000000000016,0.33830000000000027,58.7093,0.5090000000000003,0.28760000000000474,0.3693000000000026,87.5062,1.0,1.371639042,296.0,270.0,3.4,-0.3000000000000007,86.0,-31.0,-29.0,-26.0,-3.0,183400,263.0,93.0,45.10000000000002,-4.0,53.0,56.0,-3.0,170.0,48.0,12.900000000000091,21.100000000000364,15.0,6.0,40.2,3.8,40.9,1630,-17.0,-12.0,721,327,1436.0,-38.0,42.0,490.0,342.0,-1035.5242400000025,242.26402000000235,613.7298999999766,-0.02066225200000016,0.6999999999999886,0.7999999999999545,9.100000000000136,0.9000000000000057,0.1999999999999993,0.0,1.6574999999999989,0.6610999999999976,925.7099999999919,0.02893810000000485,1.6000000000000085,-0.03185073400000027,18.68113562,-0.08999999999999986,0.1200000000000001,0.10000000000000053,0.1899999999999995,0.17999999999999972,0.11000000000000032,0.1200000000000001,0.10000000000000053,0.16999999999999993,0.1,-0.37,-0.22,-0.07,-0.16,-0.12,0.37,1.19,0.0026000000000001577,-0.4493999999999687,-0.0038999999999997925,0.00029999999999996696,0.10000000000000142,0.0,0.0,0.6999999999999957,0.0,0.10000000000000142,0.10000000000000142,-0.19999999999999574,0.20000000000000284,3.552713678800501e-15,0.10000000000000142,0.3999999999999986,0.10000000000000142,0.20000000000000284,0.19999999999999574,0.19999999999999574,0.062000000000001165,0.033999999999991815,0.06099999999999994,-0.008999999999998565,0.029999999999999805,0.040000000000000036,0.0,43.0,162.0,0.5745999999999896
1968-12-01,16.778000000000247,15.400000000000091,-0.05799999999999983,-3718.9799999999814,-430.40699000000313,0.11949999999999505,0.07139999999999702,-0.05279999999999774,-0.2881,0.3281999999999954,57.6575,0.16610000000000014,0.18059999999999832,0.06729999999999947,58.6246,0.0033000000000029672,0.6171999999999969,0.6579999999999941,87.1445,-57.0,1.365735568,254.0,284.0,3.4,0.09999999999999964,-66.0,32.0,-6.0,-35.0,29.0,199500,264.0,105.0,-1.3999999999999773,40.0,64.0,53.0,11.0,159.0,39.0,3.099999999999909,28.399999999999636,12.0,38.0,40.3,3.7,40.7,1548,19.0,-9.0,644,313,1389.0,20.0,-84.0,533.0,316.0,-118.50685999999769,637.1353099999978,633.2134000000078,0.02066225200000016,-0.5999999999999943,-0.39999999999997726,3.3999999999998636,1.3999999999999915,0.3999999999999986,0.1999999999999993,1.7365000000000066,0.620199999999997,1158.7100000000064,0.6106513000000007,1.0999999999999943,-0.017437305999999708,18.77997946,0.1999999999999993,0.25,0.5099999999999998,0.45999999999999996,0.4400000000000004,0.45999999999999996,0.33000000000000007,0.2599999999999998,0.22000000000000064,0.15,-0.06,0.04,0.17,0.1,0.01,0.43,1.21,-0.0005999999999994898,-0.1922999999999888,-0.0016000000000002679,0.0,0.0,0.0,0.19999999999999574,-0.3999999999999986,0.0,0.29999999999999716,0.20000000000000284,0.20000000000000284,-0.20000000000000284,-3.552713678800501e-15,0.09999999999999432,-0.5999999999999943,0.1999999999999993,0.10000000000000142,0.0,0.10000000000000142,0.038000000000000256,-0.4089999999999918,0.021999999999998465,0.006999999999999673,0.010000000000000231,0.0,-0.009999999999999787,59.0,432.0,2.254400000000004
1969-01-01,3.769999999999527,1.0,0.19099999999999895,9.6129999999539,318.39746000000014,0.2296000000000049,0.26839999999999975,0.2693999999999974,0.2744999999999962,-0.09359999999999502,58.1521,0.2225999999999999,0.17069999999999652,0.07219999999999871,59.6756,0.21889999999999787,0.8218999999999994,-2.555799999999998,87.3161,154.0,1.405813098,60.0,27.0,3.4,-0.09999999999999964,27.0,-15.0,-12.0,18.0,-30.0,191500,191.0,27.0,0.2999999999999545,8.0,22.0,53.0,-31.0,164.0,17.0,7.0,20.300000000000182,16.0,64.0,40.5,3.7,40.8,1769,56.0,99.0,757,265,1459.0,15.0,72.0,517.0,315.0,677.1820599999992,408.22441999999864,867.0151999999944,0.0,-0.10000000000002274,-1.8999999999999773,2.6000000000001364,-0.19999999999998863,0.9000000000000021,0.9000000000000021,0.941599999999994,0.6485000000000056,730.9199999999983,0.2234446999999875,-4.5,0.13697873500000002,17.88902874,0.28000000000000025,0.3600000000000003,0.17999999999999972,0.22000000000000064,0.14999999999999947,0.1299999999999999,0.009999999999999787,0.13999999999999968,0.08999999999999986,0.23,-0.16,-0.02,0.04,-0.05,-0.26,0.29,1.02,0.020999999999999908,0.07689999999996644,0.0028000000000001357,-0.00029999999999996696,0.10000000000000142,0.20000000000000284,0.20000000000000284,0.20000000000000284,0.0,1.3999999999999986,0.10000000000000142,-7.105427357601002e-15,0.20000000000000284,-0.10000000000000142,0.10000000000000142,0.19999999999999574,0.1999999999999993,0.19999999999999574,0.10000000000000142,0.10000000000000142,0.07199999999999918,0.2639999999999958,0.08500000000000085,0.006000000000000227,0.020000000000000018,0.03000000000000025,0.009999999999999787,-65.0,-121.0,-1.165700000000001
1969-02-01,19.358000000000175,15.799999999999727,0.1509999999999998,618.8280000000377,216.75919000000067,0.24439999999999884,0.14030000000000342,0.13940000000000197,0.4246000000000052,-0.025500000000000966,58.8484,-0.006499999999999062,0.37580000000000524,0.29180000000000206,60.2329,0.2954000000000008,-0.13569999999999993,2.6141000000000005,87.6841,-4.0,1.417904903,496.0,522.0,3.4,-0.1999999999999993,-112.0,78.0,19.0,34.0,-15.0,196000,260.0,111.0,0.10000000000002274,41.0,70.0,31.0,39.0,149.0,44.0,7.0,21.199999999999818,16.0,15.0,40.1,3.5,40.4,1705,-59.0,92.0,669,256,1495.0,4.0,35.0,525.0,304.0,749.6029300000009,977.6402200000011,1324.8772000000172,0.0,-0.6999999999999602,0.10000000000002274,2.7999999999999545,-0.9000000000000057,-0.8000000000000007,-0.8000000000000007,1.1482000000000028,0.7197999999999922,1144.229999999996,0.40298380000001544,-0.5,0.024727131999999763,17.65614707,0.3100000000000005,0.08999999999999986,-0.019999999999999574,0.019999999999999574,0.07000000000000028,0.08999999999999986,0.15000000000000036,0.07000000000000028,-0.020000000000000462,0.01,-0.49,-0.31,-0.2,-0.27,-0.42,0.05,0.69,0.00019999999999953388,-0.1408999999999878,0.0043999999999999595,0.0017000000000000348,0.0,-0.10000000000000142,0.10000000000000142,-0.30000000000000426,0.0,0.5,0.09999999999999432,-0.09999999999999432,0.5,0.20000000000000284,0.10000000000000142,0.5,0.10000000000000142,0.20000000000000284,0.20000000000000284,0.10000000000000142,0.0470000000000006,0.14399999999999125,0.015000000000000568,-0.01600000000000179,0.020000000000000018,0.0,-0.010000000000000231,-19.0,6.0,-2.4172999999999973
1969-03-01,18.77900000000045,19.0,-0.10500000000000043,1463.5599999999977,-241.6501900000003,0.3012999999999977,0.3971000000000018,0.2815000000000012,0.36540000000000106,0.21069999999999567,59.2862,0.16029999999999944,0.16569999999999396,0.0893999999999977,60.5171,0.28130000000000166,0.6295000000000002,0.1443000000000012,88.0152,30.0,1.418510325,60.0,40.0,3.4,0.0,161.0,-93.0,-5.0,-9.0,4.0,189000,206.0,58.0,-3.699999999999932,4.0,56.0,38.0,18.0,148.0,40.0,6.900000000000091,27.199999999999818,13.0,5.0,40.4,3.7,40.8,1561,66.0,-184.0,562,339,1438.0,11.0,-57.0,507.0,311.0,-432.64410000000134,515.0494999999937,1285.910199999984,0.0,0.0999999999999659,-0.10000000000002274,-6.400000000000091,-0.20000000000000284,-0.5,-0.6000000000000014,0.9419999999999931,0.6616000000000071,891.0800000000017,-0.2600324999999941,-2.200000000000003,0.07751799600000009,17.09425166,0.17999999999999972,0.20000000000000018,-0.10000000000000053,-0.13999999999999968,-0.07000000000000028,0.07000000000000028,0.10999999999999943,0.1899999999999995,0.20999999999999996,0.03,-0.77,-0.63,-0.45,-0.38,-0.49,0.06,0.72,-0.021599999999999397,0.12810000000001764,0.000300000000000189,0.0022999999999999687,0.19999999999999574,0.19999999999999574,0.19999999999999574,0.4000000000000057,0.18000000000000016,0.0,0.30000000000000426,-7.105427357601002e-15,0.5999999999999943,-0.10000000000000142,0.29999999999999716,0.0,0.3000000000000007,0.29999999999999716,0.19999999999999574,0.29999999999999716,0.08699999999999974,0.06800000000001205,0.09199999999999875,0.022000000000002018,0.020000000000000018,0.08999999999999986,0.0,-2.0,12.0,-1.267399999999995
1969-04-01,10.07799999999952,9.700000000000273,0.09700000000000131,1726.7129999999888,171.12567000000126,-0.1424999999999983,-0.3293999999999997,-0.2775999999999996,-0.7767000000000053,-0.9900999999999982,58.7014,0.16779999999999973,0.102800000000002,0.015600000000002723,61.0359,-0.155300000000004,0.13540000000000418,-0.3965000000000032,87.3134,38.0,1.408629442,202.0,156.0,3.4,0.0,-3.0,-6.0,33.0,19.0,14.0,184000,167.0,2.0,-0.900000000000091,11.0,-4.0,-6.0,2.0,165.0,64.0,7.299999999999727,21.700000000000728,16.0,16.0,40.7,3.6,41.0,1524,-43.0,-33.0,582,358,1441.0,-12.0,-15.0,502.0,346.0,1498.2653100000025,2193.7293999999965,1091.0754000000015,0.010331124999999997,0.0,-1.1999999999999318,-5.099999999999909,0.6000000000000085,0.3000000000000007,0.20000000000000284,1.533200000000008,0.5936999999999983,961.3399999999965,0.201037499999984,2.0,-0.05176412600000013,17.31898321,0.6200000000000001,0.21999999999999975,0.09000000000000075,-0.03000000000000025,-0.08000000000000007,-0.11000000000000032,-0.1299999999999999,0.040000000000000036,0.03000000000000025,-0.37,-1.3,-1.28,-1.15,-1.11,-1.24,-0.52,0.13,0.02349999999999941,0.2307999999999879,0.0013999999999998458,-0.0004999999999999449,0.20000000000000284,0.20000000000000284,-0.10000000000000142,0.3999999999999986,0.10000000000000009,0.3999999999999986,0.19999999999999574,0.10000000000000853,0.0,3.552713678800501e-15,0.10000000000000142,-0.3999999999999986,0.1999999999999993,0.10000000000000142,0.20000000000000284,0.20000000000000284,0.08200000000000074,-0.2049999999999983,0.12400000000000233,-0.009000000000000341,0.020000000000000018,0.040000000000000036,0.010000000000000231,80.0,188.0,0.12639999999998963
1969-05-01,16.48700000000008,15.5,0.1609999999999978,-276.36999999999534,287.28369999999995,-0.14580000000000126,-0.19530000000000314,-0.2634000000000043,-0.3868000000000009,-0.48980000000000246,58.4043,-0.1103999999999985,-0.0840999999999994,-0.24640000000000128,61.5285,-0.14879999999999427,-0.2342000000000013,0.6856000000000009,86.6316,6.0,1.434205676,-156.0,-111.0,3.4,0.0,49.0,-107.0,1.0,8.0,-7.0,181200,256.0,84.0,0.6000000000000227,45.0,34.0,22.0,12.0,172.0,53.0,13.200000000000273,43.69999999999982,12.0,39.0,40.4,3.7,40.7,1583,-3.0,48.0,609,344,1328.0,0.0,-61.0,470.0,326.0,-1739.9816800000008,843.1551000000036,1383.3276999999944,0.010331125999999857,-0.5999999999999659,-0.5000000000001137,-2.2000000000000455,1.0,0.7999999999999972,0.3999999999999986,1.1739000000000033,0.5309000000000026,886.0,-0.07006239999998343,3.299999999999997,-0.08729725799999999,17.82376565,1.2599999999999998,0.3099999999999996,-0.07000000000000028,0.020000000000000462,0.16000000000000014,0.2400000000000002,0.15000000000000036,-0.09999999999999964,-0.020000000000000462,-1.32,-2.63,-2.52,-2.25,-2.13,-2.35,-1.88,-1.15,0.0033000000000003027,0.0,-0.006600000000000161,0.0007999999999999119,0.19999999999999574,0.29999999999999716,0.10000000000000142,0.8999999999999986,0.0,0.8000000000000043,0.10000000000000142,-0.10000000000000853,-0.29999999999999716,-3.552713678800501e-15,0.10000000000000142,-0.30000000000000426,0.20000000000000284,0.10000000000000142,0.10000000000000142,0.10000000000000142,0.07499999999999929,-0.09800000000001319,0.0849999999999973,0.0129999999999999,0.019999999999999574,0.04999999999999982,-0.009999999999999787,128.0,249.0,-2.5176999999999907
1969-06-01,14.407000000000153,15.099999999999909,-0.09299999999999997,-229.50799999997253,-190.8310500000007,0.3755000000000024,0.29760000000000275,0.2980000000000018,0.5935000000000059,1.2158000000000015,58.5218,0.16469999999999985,0.47529999999999717,0.3030000000000008,61.5584,0.2236999999999938,-0.0683000000000007,0.07370000000000232,86.8283,-139.0,1.332386364,571.0,468.0,3.5,-0.20000000000000018,15.0,142.0,-19.0,-17.0,-2.0,192000,308.0,82.0,0.7000000000000455,29.0,52.0,41.0,11.0,226.0,67.0,16.0,35.5,18.0,75.0,40.3,3.6,40.7,1528,28.0,-69.0,601,339,1349.0,-31.0,32.0,456.0,360.0,-470.265330000002,65.8119000000006,886.4987000000256,0.0,0.39999999999997726,1.2000000000000455,-3.2000000000000455,0.09999999999999432,-0.5999999999999979,-0.6000000000000014,0.5949999999999989,0.3111999999999995,681.5900000000111,-0.4015386000000092,-5.459999999999994,0.17435991600000023,16.800525,0.23000000000000043,0.8800000000000008,0.40000000000000036,0.5999999999999996,0.6200000000000001,0.20999999999999996,0.25,0.1900000000000004,0.1800000000000006,-0.67,-2.46,-2.15,-1.86,-2.15,-2.33,-1.92,-1.2,-0.01100000000000012,0.4753999999999792,0.0030000000000001137,0.0023999999999999577,0.20000000000000284,0.20000000000000284,0.10000000000000142,0.5,0.0,0.29999999999999716,0.20000000000000284,0.10000000000000853,0.10000000000000142,-0.10000000000000142,0.29999999999999716,0.30000000000000426,0.09999999999999432,0.20000000000000284,0.19999999999999574,0.19999999999999574,0.09100000000000108,0.1430000000000149,0.16900000000000048,-0.023000000000001464,0.020000000000000018,0.04999999999999982,-4.440892098500626e-16,168.0,361.0,-1.2918999999999983
1969-07-01,23.17699999999968,21.299999999999727,-0.030999999999998806,112.95199999999022,17.631130000001576,0.2049999999999983,0.3450999999999951,0.497799999999998,0.9089999999999989,0.006100000000003547,59.9852,0.16769999999999996,0.01680000000000348,0.08739999999999881,61.9599,0.269200000000005,2.1529999999999987,0.621699999999997,87.1293,-22.0,1.30055788,131.0,79.0,3.5,0.09999999999999964,22.0,17.0,9.0,-27.0,36.0,208750,93.0,9.0,5.699999999999932,0.0,2.0,-11.0,13.0,84.0,25.0,8.899999999999636,18.099999999999454,16.0,-19.0,40.2,3.6,40.6,1368,-112.0,-30.0,572,349,1278.0,-2.0,-18.0,448.0,317.0,128.85269999999946,142.11549999999988,1217.7179999999935,0.01033112600000008,-0.10000000000002274,-1.0,-5.899999999999864,0.20000000000000284,-0.1999999999999993,-0.09999999999999787,0.5152999999999963,0.41159999999999286,487.59999999999127,-0.8797270000000026,-4.430000000000007,0.15471630399999992,15.97046876,-0.2900000000000009,0.41999999999999993,0.5599999999999996,0.4900000000000002,0.5599999999999996,0.2599999999999998,0.14999999999999947,0.09999999999999964,0.13999999999999968,0.04,-1.61,-1.37,-1.01,-1.6,-1.89,-1.53,-0.77,-0.0038999999999997925,0.9157000000000153,0.0009000000000001229,0.0012000000000000899,0.10000000000000142,0.0,0.0,-0.3999999999999986,0.0,0.10000000000000142,0.19999999999999574,-7.105427357601002e-15,0.0,0.10000000000000497,0.10000000000000142,0.0,0.20000000000000284,0.09999999999999432,0.20000000000000284,0.10000000000000142,0.08299999999999841,-0.054000000000002046,0.0990000000000002,0.022000000000002018,0.020000000000000018,0.0,0.020000000000000462,69.0,252.0,-0.9287000000000063
1969-08-01,26.54700000000048,24.5,0.21999999999999886,4347.421999999962,352.6225999999988,0.08970000000000056,-0.11529999999999774,-0.1576999999999984,-0.09470000000000312,0.39170000000000016,59.5606,-0.06580000000000297,0.3680000000000021,0.3835000000000015,61.9685,0.05169999999999675,0.15760000000000218,0.13119999999999976,86.9222,-71.0,1.281162465,279.0,291.0,3.5,0.10000000000000053,-49.0,49.0,-4.0,24.0,-28.0,198400,279.0,121.0,5.600000000000023,-10.0,125.0,118.0,7.0,158.0,42.0,7.700000000000273,23.300000000000182,18.0,33.0,40.4,3.5,40.6,1358,34.0,90.0,510,279,1317.0,-11.0,-5.0,507.0,313.0,612.285450000003,150.6996999999974,1100.8170999999857,-0.01033112600000008,-0.39999999999997726,-0.39999999999997726,-2.6000000000001364,0.09999999999999432,-0.10000000000000142,0.0,0.2510000000000048,0.3509999999999991,471.16999999999825,-0.7539040999999997,-0.5299999999999869,0.025709173000000085,15.80595954,0.5800000000000001,-0.3200000000000003,-0.019999999999999574,-0.04999999999999982,-0.05999999999999961,0.020000000000000462,-0.02999999999999936,-0.11000000000000032,0.020000000000000462,-0.86,-2.21,-2.0,-1.65,-2.16,-2.5,-2.22,-1.33,-0.005799999999999805,-0.01290000000000191,-0.0051000000000001044,-0.0025999999999999357,0.10000000000000142,0.10000000000000142,0.20000000000000284,0.29999999999999716,0.0,1.2000000000000028,0.10000000000000142,-0.29999999999999716,0.10000000000000142,-0.10000000000000142,0.20000000000000284,-7.105427357601002e-15,0.20000000000000284,0.20000000000000284,0.10000000000000142,0.20000000000000284,0.0519999999999996,0.003999999999990678,0.04800000000000182,-0.021000000000000796,0.020000000000000018,0.040000000000000036,-0.010000000000000231,3.0,225.0,-1.0896999999999935
1969-09-01,11.061999999999898,10.600000000000364,0.030000000000001137,1955.01800000004,418.99860999999873,-0.008800000000000807,-0.08169999999999789,-0.08859999999999957,-0.40050000000000097,-0.37049999999999983,59.1665,0.16469999999999985,0.09499999999999886,0.05649999999999977,62.3013,-0.05100000000000193,-0.8186999999999998,0.04660000000000508,86.479,219.0,1.275657895,184.0,0.0,3.7,0.09999999999999964,56.0,98.0,18.0,2.0,16.0,194750,-94.0,-123.0,3.800000000000068,22.0,-147.0,-117.0,-30.0,29.0,16.0,5.299999999999727,6.0,3.0,6.0,40.3,3.6,40.6,1507,-44.0,7.0,624,349,1263.0,1.0,-13.0,456.0,322.0,1090.0750099999968,882.2606999999989,1256.6849999999977,0.0,0.4000000000000057,1.3999999999999773,-3.099999999999909,0.0,0.0,0.09999999999999787,0.5108999999999924,0.2610000000000099,548.6999999999971,-0.33608939999999166,0.3299999999999983,-0.004596343000000225,15.83594972,-0.03999999999999915,0.15000000000000036,0.10999999999999943,0.1299999999999999,0.28000000000000025,0.54,0.46999999999999975,0.16999999999999993,0.1900000000000004,-0.67,-2.06,-1.83,-1.33,-1.58,-1.99,-2.01,-1.1,-0.006800000000000139,-1.2626999999999953,-0.0013000000000000789,0.00019999999999997797,0.09999999999999432,0.10000000000000142,0.0,0.0,0.0,1.6999999999999957,0.20000000000000284,0.3999999999999986,-0.10000000000000142,0.19999999999999574,0.10000000000000142,-0.09999999999999432,0.29999999999999716,0.20000000000000284,0.19999999999999574,0.19999999999999574,0.07900000000000063,-0.09999999999999432,0.10800000000000054,0.01699999999999946,0.040000000000000036,0.04999999999999982,0.0,-43.0,58.0,0.009999999999990905
1969-10-01,7.9909999999999854,5.799999999999727,0.125,4707.90399999998,338.10285000000295,0.011400000000001853,0.030299999999996885,-9.999999999621423e-05,0.02230000000000132,0.20199999999999818,59.0636,0.04820000000000135,-0.007200000000004536,-0.05069999999999908,62.1756,0.03790000000000049,0.34319999999999595,0.6166999999999945,86.2439,-61.0,1.251885864,204.0,195.0,3.7,-0.40000000000000036,121.0,-110.0,-17.0,-5.0,-12.0,199250,207.0,-12.0,1.2999999999999545,-4.0,-7.0,-5.0,-2.0,219.0,51.0,10.5,37.19999999999982,10.0,51.0,40.2,3.5,40.5,1381,33.0,-91.0,565,340,1216.0,-1.0,3.0,413.0,316.0,-741.1381399999991,-117.31680000000051,1139.784100000019,-0.020662250999999854,0.4000000000000057,-0.7000000000000455,-4.900000000000091,0.6000000000000085,0.3999999999999986,0.3000000000000007,0.519599999999997,0.26309999999999434,532.6100000000006,-0.13356190000001789,1.009999999999991,-0.03175576300000005,15.93995466,-0.15000000000000036,0.08000000000000007,-0.08999999999999986,-0.03000000000000025,-0.1800000000000006,-0.0600000000000005,-0.0600000000000005,0.1900000000000004,0.16999999999999993,-0.44,-2.0,-1.71,-1.36,-1.49,-1.9,-1.67,-0.78,0.006699999999999484,-0.03849999999999909,0.006200000000000205,-0.00039999999999995595,0.20000000000000284,0.29999999999999716,0.19999999999999574,0.3999999999999986,0.0,0.3999999999999986,0.19999999999999574,-0.19999999999999574,0.29999999999999716,-0.5,0.19999999999999574,0.4000000000000057,0.10000000000000142,0.09999999999999432,0.10000000000000142,0.20000000000000284,0.06500000000000128,0.2740000000000009,0.019999999999999574,0.0030000000000001137,0.010000000000000231,0.03000000000000025,-0.010000000000000231,105.0,137.0,-0.8961999999999932
1969-11-01,4.140000000000327,4.200000000000273,-0.027999999999998693,-5700.434000000008,-25.928139999999985,-0.368700000000004,-0.4945999999999984,-0.5465000000000018,-0.45599999999999596,-1.5441000000000003,59.3885,-0.38599999999999923,-0.191599999999994,-0.34220000000000184,62.1609,-0.3889999999999958,0.23160000000000025,1.2046000000000063,85.029,-89.0,1.305322129,-97.0,96.0,3.5,0.40000000000000036,-234.0,35.0,18.0,8.0,10.0,205000,-35.0,-136.0,-1.8999999999999773,11.0,-146.0,-162.0,16.0,101.0,47.0,11.800000000000182,21.0,11.0,18.0,40.2,3.5,40.5,1229,-16.0,-44.0,497,317,1191.0,-20.0,-13.0,442.0,295.0,-630.15553,-180.267399999997,642.955099999992,0.030993376999999933,-0.10000000000002274,0.7000000000000455,-3.0,1.1999999999999886,0.3000000000000007,0.3000000000000007,0.8482000000000056,0.22299999999999898,412.49000000000524,-0.2955707999999788,0.6899999999999977,-0.020204189999999844,16.00565596,-0.15000000000000036,-0.09999999999999964,0.2400000000000002,0.33000000000000007,0.25,0.020000000000000462,0.040000000000000036,0.019999999999999574,0.02999999999999936,-0.39,-1.61,-1.23,-0.96,-1.32,-1.71,-1.5,-0.6,0.02059999999999995,-0.5126999999999953,0.006099999999999994,-0.0020000000000000018,0.29999999999999716,0.29999999999999716,0.20000000000000284,0.4000000000000057,0.0,0.4000000000000057,0.20000000000000284,0.09999999999999432,0.10000000000000142,0.4000000000000057,0.20000000000000284,-0.30000000000001137,0.19999999999999574,0.20000000000000284,0.20000000000000284,0.19999999999999574,0.08299999999999841,-0.17500000000001137,0.12599999999999767,-0.010999999999999233,0.020000000000000018,0.03000000000000025,4.440892098500626e-16,4.0,134.0,1.3278999999999996
1969-12-01,9.029999999999745,7.0,-0.022000000000002018,-748.6020000000135,286.2465799999991,-0.1039999999999992,-0.016600000000003945,-0.0625,0.06989999999999696,-0.21159999999999712,59.6483,-0.06109999999999971,-0.21250000000000568,-0.3534000000000006,62.4722,-0.1980000000000004,0.4620000000000033,-1.0212000000000003,84.2607,-130.0,1.247572816,227.0,199.0,3.5,0.0,5.0,-5.0,21.0,35.0,-14.0,219750,155.0,44.0,0.6000000000000227,24.0,18.0,20.0,-2.0,111.0,28.0,12.400000000000091,17.700000000000728,13.0,29.0,40.3,3.4,40.6,1327,9.0,24.0,556,322,1155.0,6.0,-5.0,409.0,291.0,-308.4940499999975,-379.6104999999952,1120.3005999999878,0.0,-0.39999999999997726,0.5,-1.699999999999818,1.2000000000000028,0.40000000000000213,0.3999999999999986,1.4124999999999943,0.16330000000000666,446.070000000007,-0.44866150000001426,-5.099999999999994,0.18731429599999982,15.12917838,0.120000000000001,0.379999999999999,0.5800000000000001,0.28000000000000025,0.28000000000000025,0.4299999999999997,0.5100000000000007,0.3700000000000001,0.40000000000000036,-0.13,-1.15,-1.07,-0.8,-1.01,-1.32,-1.25,-0.32,-0.015799999999999592,-0.02559999999999718,0.0009999999999998899,-0.0017000000000000348,0.10000000000000142,0.0,0.10000000000000142,-0.10000000000000142,0.0,1.1999999999999957,0.20000000000000284,-0.19999999999999574,0.20000000000000284,-0.10000000000000142,0.19999999999999574,7.105427357601002e-15,0.20000000000000284,0.20000000000000284,0.29999999999999716,0.20000000000000284,0.08800000000000097,-0.13199999999997658,0.13700000000000045,0.009999999999999787,0.020000000000000018,0.05999999999999961,-4.440892098500626e-16,-19.0,271.0,0.6222999999999956
1970-01-01,7.730999999999767,6.699999999999818,0.14499999999999957,-5108.040999999968,96.45264999999927,-0.7155999999999949,-0.6246999999999971,-0.6011999999999986,-0.8731999999999971,-1.8804000000000016,59.5272,-0.22860000000000014,-0.8277000000000001,-0.8385999999999996,62.0012,-0.8032000000000039,0.44189999999999685,0.5282999999999944,82.1375,-153.0,1.076226179,357.0,40.0,3.9,-0.09999999999999964,215.0,50.0,18.0,7.0,11.0,247000,-65.0,-158.0,-4.7000000000000455,-92.0,-61.0,-73.0,12.0,93.0,19.0,6.900000000000091,0.5999999999994543,13.0,19.0,40.0,3.3,40.4,1085,-25.0,-38.0,476,223,1062.0,-34.0,-55.0,407.0,289.0,-1082.5507700000016,-647.6270999999979,146.12610000002314,0.020662251999999937,1.9999999999999716,-0.7999999999999545,-3.7000000000000455,-0.3999999999999915,0.7999999999999972,1.0,-0.29999999999999716,0.5229999999999961,558.429999999993,-0.13139269999999215,-0.7999999999999972,0.034411117000000324,15.02672844,0.009999999999999787,-0.0600000000000005,0.04999999999999982,-0.1200000000000001,-0.07000000000000028,0.20999999999999996,0.13999999999999968,0.1900000000000004,0.20999999999999908,-0.2,-1.11,-1.2,-0.88,-0.81,-1.19,-1.07,-0.12,0.004999999999999893,0.06399999999996453,0.0030999999999998806,-0.0013000000000000789,0.20000000000000284,0.20000000000000284,0.29999999999999716,0.0,0.0,2.0,0.19999999999999574,0.10000000000000142,0.3999999999999986,0.09999999999999432,0.20000000000000284,0.0,0.29999999999999716,0.19999999999999574,0.10000000000000142,0.20000000000000284,0.06899999999999906,-0.006000000000014438,0.09299999999999997,-0.006999999999999673,-0.010000000000000231,0.03000000000000025,4.440892098500626e-16,-119.0,-234.0,-1.4110000000000014
1970-02-01,10.576000000000022,7.0,0.10699999999999932,355.67699999996694,147.27179999999862,-0.025000000000005684,0.10719999999999885,0.19849999999999568,0.5053999999999945,0.49490000000000123,60.0005,0.0686,-0.19779999999999376,-0.3116999999999983,62.2005,0.028000000000005798,-0.2657999999999987,-0.07679999999999865,81.9421,-36.0,0.987257457,170.0,-82.0,4.2,0.09999999999999964,150.0,115.0,39.0,21.0,18.0,258500,129.0,21.0,-1.3999999999999773,88.0,-63.0,-48.0,-15.0,108.0,21.0,3.5,16.100000000000364,12.0,22.0,40.0,3.2,40.2,1305,89.0,-9.0,531,308,1118.0,42.0,24.0,401.0,285.0,-171.17657999999938,-758.2673000000068,954.6909999999916,0.0,-3.4999999999999716,-5.000000000000114,-16.90000000000009,-1.2000000000000028,-1.0,-1.0999999999999979,-0.6025999999999954,0.29980000000000473,278.79000000000815,-0.6206850000000088,-3.1500000000000057,0.13042278799999973,14.5081829,0.0,-0.22999999999999865,-0.7400000000000002,-0.5600000000000005,-0.5099999999999998,-0.34999999999999964,-0.5499999999999998,0.019999999999999574,-0.08000000000000007,-0.43,-1.85,-1.76,-1.39,-1.16,-1.74,-1.05,-0.2,-0.01499999999999968,-0.02559999999999718,0.0043000000000001926,0.00019999999999997797,-0.10000000000000142,-0.10000000000000142,0.0,0.10000000000000142,0.0,-0.29999999999999716,0.20000000000000284,0.09999999999999432,0.10000000000000142,7.105427357601002e-15,0.20000000000000284,0.10000000000000142,0.20000000000000284,0.20000000000000284,0.20000000000000284,0.19999999999999574,0.07700000000000173,0.11999999999999034,0.10000000000000142,0.0009999999999994458,0.03000000000000025,0.019999999999999574,-4.440892098500626e-16,-86.0,-104.0,-1.6606999999999914
1970-03-01,16.792999999999665,15.099999999999909,-0.125,-4680.267999999982,-296.617839999999,-0.04919999999999902,-0.021399999999999864,-0.1027999999999949,-0.06199999999999761,0.3270999999999944,59.6714,0.032799999999998164,-0.08220000000000027,-0.008300000000001972,61.4866,-0.102800000000002,0.09199999999999875,0.7085000000000008,81.4505,-184.0,0.887207703,347.0,165.0,4.4,0.3000000000000007,28.0,85.0,64.0,44.0,20.0,268250,146.0,-9.0,-0.8999999999999773,-6.0,-1.0,19.0,-20.0,155.0,27.0,3.5,23.699999999999818,15.0,85.0,39.9,3.1,40.1,1319,15.0,49.0,520,270,1132.0,-15.0,18.0,410.0,287.0,-631.0960599999999,-1022.4685999999929,691.6638000000094,0.020662251000000076,1.8999999999999773,4.300000000000068,-5.399999999999864,0.09999999999999432,-0.3999999999999986,-0.1999999999999993,-0.28249999999999886,0.1799999999999926,-16.710000000006403,-0.9442384999999831,1.490000000000009,-0.05730876099999982,14.7765951,-1.2200000000000006,-0.22000000000000064,-0.5,-0.6399999999999997,-0.6200000000000001,-0.6100000000000003,-0.16999999999999993,-0.08999999999999986,-0.14999999999999858,0.57,-1.13,-1.18,-0.79,-0.55,-0.69,0.08,0.87,0.01019999999999932,-0.16639999999995325,0.001100000000000101,-0.00039999999999995595,0.10000000000000142,0.10000000000000142,-0.10000000000000142,0.3999999999999986,0.0,1.1000000000000014,0.19999999999999574,-0.29999999999999716,-0.10000000000000142,0.0,0.0,-0.10000000000000853,0.3999999999999986,0.19999999999999574,0.09999999999999432,0.20000000000000284,0.047999999999998266,0.009000000000014552,-0.005000000000002558,0.0039999999999995595,0.020000000000000018,0.040000000000000036,0.010000000000000231,-63.0,-178.0,1.4769999999999897
1970-04-01,43.21600000000035,-23.59999999999991,0.019000000000001904,-2000.6790000000037,372.32798000000184,-0.09729999999999706,0.013500000000000512,-0.009700000000002262,0.20920000000000272,-0.015999999999998238,60.0177,-0.007500000000000284,-0.24140000000000583,-0.37379999999999924,61.9387,-0.12780000000000058,0.5112000000000023,-0.35379999999999967,80.9056,-91.0,0.825388465,229.0,67.0,4.6,-0.10000000000000142,161.0,-27.0,68.0,47.0,21.0,325250,-103.0,-186.0,-2.800000000000068,-28.0,-153.0,-126.0,-27.0,83.0,-23.0,0.6999999999998181,-18.100000000000364,7.0,102.0,39.7,3.0,39.8,1264,-39.0,-15.0,533,256,1224.0,4.0,-23.0,466.0,342.0,-548.3293599999997,-1278.0858000000007,1324.877199999988,0.020662251999999937,0.30000000000001137,0.10000000000002274,-5.100000000000136,1.0,0.6000000000000014,0.6999999999999993,0.26379999999998915,0.12120000000000175,-30.669999999998254,-2.221160200000014,-2.700000000000003,0.11620502999999971,14.32004741,0.33999999999999986,-0.2699999999999996,-0.1200000000000001,0.019999999999999574,0.08999999999999986,0.29000000000000004,0.3199999999999994,-0.009999999999999787,0.06999999999999851,-0.04,-1.59,-1.5,-1.04,-0.6,-0.71,-0.27,0.6,-0.007799999999999585,0.4737999999999829,0.0002999999999997449,9.999999999998899e-05,0.0,0.0,0.20000000000000284,-0.10000000000000142,0.0,1.8999999999999986,0.20000000000000284,0.20000000000000284,0.5,0.09999999999999432,0.19999999999999574,0.10000000000000853,0.20000000000000284,0.30000000000000426,0.20000000000000284,0.19999999999999574,0.0990000000000002,-0.05200000000000671,0.15600000000000236,0.005000000000000782,0.020000000000000018,0.0600000000000005,-0.020000000000000018,43.0,31.0,1.9412000000000091
1970-05-01,-25.11200000000008,8.400000000000091,0.16799999999999926,4277.728000000003,454.260879999998,-0.044000000000004036,0.012100000000003774,0.020600000000001728,0.2813999999999979,0.034300000000001774,60.4466,-0.016499999999997073,-0.11479999999999535,-0.11169999999999902,61.6068,-0.0835000000000008,0.7916000000000025,-0.6535999999999973,80.4638,-194.0,0.750191375,-244.0,-366.0,4.8,0.40000000000000036,-30.0,135.0,-11.0,-40.0,29.0,310400,-224.0,-216.0,-1.1000000000000227,-35.0,-178.0,-119.0,-59.0,-8.0,7.0,2.300000000000182,6.0,6.0,-37.0,39.6,3.0,39.8,1290,-24.0,-7.0,573,272,1328.0,19.0,24.0,528.0,341.0,795.6889200000005,-1056.8053000000073,-48.70869999998831,-0.020662251999999937,-0.5,2.0,4.100000000000136,0.29999999999999716,-0.20000000000000284,-0.40000000000000213,0.3352000000000004,0.04770000000000607,54.94999999999709,0.43496450000000664,-9.89,0.4844665319999999,12.7432174,-0.14999999999999947,0.16999999999999993,0.33000000000000007,0.41999999999999993,0.6900000000000004,0.46999999999999975,0.5200000000000005,0.27999999999999936,0.28000000000000114,0.28,-1.1,-0.92,-0.19,0.03,-0.03,0.17,1.04,0.008300000000000196,0.8226000000000226,-0.0023999999999997357,9.999999999998899e-05,0.0,-0.10000000000000142,0.10000000000000142,-0.5,0.0,-0.5,0.10000000000000142,-0.10000000000000853,0.10000000000000142,-0.09999999999999432,0.10000000000000142,0.09999999999999432,0.19999999999999574,0.10000000000000142,0.10000000000000142,0.10000000000000142,0.062000000000001165,0.058000000000006935,0.04899999999999949,-0.008000000000000895,0.009999999999999787,-0.020000000000000462,0.03000000000000025,10.0,-13.0,-0.21699999999999875
1970-06-01,13.632000000000517,12.900000000000091,0.08300000000000196,1594.5360000000219,205.35080000000016,-0.12199999999999989,-0.09370000000000545,-0.08190000000000452,0.13060000000000116,0.6747999999999976,60.1916,-0.0987000000000009,-0.15559999999999974,-0.021300000000000097,61.1594,-0.10759999999999792,-0.6525999999999996,0.3257999999999939,79.9709,-57.0,0.708179808,1.0,-151.0,4.9,0.0,-9.0,49.0,66.0,73.0,-7.0,296500,-95.0,-95.0,3.1000000000000227,2.0,-99.0,-101.0,2.0,0.0,11.0,-4.100000000000364,0.5,3.0,-1.0,39.6,2.9,39.8,1385,2.0,47.0,588,303,1322.0,17.0,39.0,494.0,313.0,491.89752999999837,-629.5049699999945,1061.8500999999815,0.0,-0.09999999999999432,0.6000000000000227,1.599999999999909,0.30000000000001137,-0.29999999999999716,-0.1999999999999993,0.8240000000000123,-0.12020000000001119,509.1999999999971,-0.23356050000001005,-0.46999999999999886,0.0303739890000001,12.71085821,-0.33999999999999986,-0.019999999999999574,-0.16000000000000014,-0.15999999999999925,-0.20000000000000018,-0.1200000000000001,-0.07000000000000028,0.370000000000001,0.2699999999999996,0.6,-0.92,-0.74,-0.05,0.25,0.24,0.88,1.65,0.005199999999999427,-0.02580000000000382,-0.006000000000000227,-0.0343,0.10000000000000142,0.10000000000000142,0.09999999999999432,0.0,0.0,-0.8000000000000043,0.19999999999999574,0.10000000000000853,0.19999999999999574,-7.105427357601002e-15,0.10000000000000142,-0.09999999999999432,0.20000000000000284,0.19999999999999574,0.10000000000000142,0.20000000000000284,0.05099999999999838,-0.03200000000001069,0.019999999999999574,-0.0029999999999983373,0.029999999999999805,0.0600000000000005,-0.010000000000000231,53.0,195.0,0.26500000000000057
1970-07-01,24.52599999999984,21.09999999999991,-0.006000000000000227,426.5709999999963,271.7268299999996,0.0923000000000016,0.03480000000000416,-0.04099999999999682,0.12529999999999575,0.06320000000000192,60.3514,-0.041900000000001825,0.1728999999999985,0.023799999999997823,62.2634,0.11049999999999471,0.7449999999999974,-0.8439999999999941,79.9694,-99.0,0.666826347,417.0,313.0,5.0,0.3000000000000007,32.0,39.0,5.0,-5.0,10.0,286500,24.0,-46.0,-0.1999999999999318,9.0,-53.0,-68.0,15.0,70.0,37.0,17.700000000000273,9.200000000000728,6.0,30.0,39.7,3.0,40.0,1517,52.0,12.0,636,324,1324.0,9.0,11.0,480.0,309.0,-303.79139999999825,-861.2772200000036,1246.9433000000136,0.0,0.0,0.1999999999999318,6.099999999999909,1.0999999999999943,0.5,0.10000000000000142,0.8412000000000006,0.20420000000000016,528.6699999999983,-0.72333789999999,0.12999999999999545,-0.0028248509999997395,12.78766765,-0.40000000000000036,0.0799999999999983,-0.22999999999999954,-0.35000000000000053,-0.4500000000000002,-0.2599999999999998,-0.3799999999999999,-0.040000000000000924,0.15000000000000036,1.08,-0.76,-0.7,-0.11,0.38,0.25,1.23,2.19,-0.011800000000000033,0.490099999999984,-0.007099999999999884,-0.006399999999999961,0.0,0.0,0.20000000000000284,0.10000000000000142,-0.040000000000000036,-0.7999999999999972,0.10000000000000142,-0.10000000000000142,0.20000000000000284,7.105427357601002e-15,0.10000000000000142,-0.10000000000000142,0.20000000000000284,0.20000000000000284,0.19999999999999574,0.10000000000000142,0.07200000000000273,0.12300000000000466,0.07700000000000173,-0.0020000000000024443,0.020000000000000018,0.05999999999999961,-0.010000000000000231,-262.0,-306.0,1.3256999999999977
1970-08-01,11.195999999999913,7.900000000000091,0.1039999999999992,-185.04800000000978,-10.371250000000146,-0.0671999999999997,-0.42719999999999914,-0.45929999999999893,-0.8913000000000011,-1.0818000000000012,59.6554,-0.044299999999999784,0.4181999999999988,0.35570000000000235,61.3038,-0.24259999999999593,0.36950000000000216,0.8123000000000005,79.1792,-29.0,0.647321429,-21.0,-102.0,5.1,-0.09999999999999964,50.0,19.0,43.0,26.0,17.0,285400,-116.0,-90.0,5.199999999999932,4.0,-98.0,-56.0,-42.0,-26.0,-10.0,-12.900000000000091,-2.4000000000005457,4.0,14.0,39.6,2.9,39.8,1399,-57.0,-39.0,622,314,1394.0,-5.0,2.0,513.0,349.0,-165.53340000000026,-970.9636900000041,1032.6248999999953,0.01033112600000008,1.5,1.8999999999999773,10.900000000000091,0.20000000000000284,0.29999999999999716,0.6999999999999993,0.8636999999999944,0.21120000000000516,208.20000000001164,-0.5029705000000035,2.200000000000003,-0.11441193300000041,13.29771633,-0.5899999999999999,-0.3899999999999988,-0.040000000000000036,0.040000000000000036,-0.11999999999999922,-0.019999999999999574,0.07000000000000028,-0.3099999999999987,0.03999999999999915,1.28,-0.2,-0.06,0.37,0.96,0.92,1.52,2.83,-0.0022999999999999687,-1.1458000000000084,-0.0028999999999999027,-0.010699999999999932,0.0,0.0,0.0,-0.3999999999999986,0.0,-0.8999999999999986,0.10000000000000142,0.09999999999999432,-0.10000000000000142,-7.105427357601002e-15,0.09999999999999432,0.09999999999999432,0.19999999999999574,0.10000000000000142,0.0,0.09999999999999432,0.0519999999999996,-0.016999999999995907,0.019999999999999574,-0.0029999999999983373,0.03000000000000025,0.07000000000000028,0.0,163.0,215.0,2.8537999999999926
1970-09-01,-3.105999999999767,-11.100000000000364,0.12199999999999989,-694.5300000000279,101.6382700000031,-0.2592999999999961,-0.26960000000000406,-0.363900000000001,-0.19589999999999463,-0.9168999999999983,59.9729,-0.34279999999999866,-0.2413000000000025,-0.43260000000000076,61.9658,-0.2984000000000009,0.4790999999999954,1.0503999999999962,78.2697,-27.0,0.612208259,74.0,-126.0,5.4,0.09999999999999964,53.0,100.0,83.0,53.0,30.0,318500,7.0,-117.0,1.0,-31.0,-87.0,-62.0,-25.0,124.0,7.0,2.699999999999818,18.699999999999818,10.0,30.0,39.3,2.7,39.6,1534,45.0,-4.0,667,364,1426.0,-13.0,-24.0,549.0,382.0,105.33943999999974,-696.2706199999957,603.9880999999878,0.010331125999999857,0.0,0.5000000000001137,8.200000000000045,0.5,0.40000000000000213,0.6999999999999993,0.988199999999992,0.2703999999999951,521.9599999999919,0.05483100000000718,4.659999999999997,-0.22674808699999982,14.17784577,-0.33000000000000007,-0.5800000000000001,-0.29000000000000004,-0.08999999999999986,-0.25,-0.28000000000000025,-0.14000000000000057,-0.040000000000000924,-0.049999999999998934,1.03,-0.17,0.17,0.44,1.0,1.1,1.8,3.1,0.0052000000000003155,-0.2563999999999851,-0.0024000000000001798,-0.005600000000000049,0.3999999999999986,0.3999999999999986,0.10000000000000142,0.7999999999999972,0.0,-0.5,0.20000000000000284,0.10000000000000853,0.20000000000000284,7.105427357601002e-15,0.20000000000000284,7.105427357601002e-15,0.20000000000000284,0.19999999999999574,0.20000000000000284,0.20000000000000284,0.08899999999999864,0.055999999999997385,0.10800000000000054,0.012000000000000455,0.020000000000000018,-0.009999999999999787,0.020000000000000462,67.0,73.0,2.398700000000005
1970-10-01,-15.260000000000218,-22.899999999999636,-0.1509999999999998,-4153.962999999989,270.68969999999536,-0.7473000000000027,-0.6163999999999987,-0.690100000000001,-0.6311000000000035,-2.006599999999999,60.3358,-0.5144000000000002,-0.917199999999994,-1.0938000000000017,62.2027,-0.785499999999999,0.7846000000000046,-0.5176000000000016,76.2845,-190.0,0.552820736,322.0,187.0,5.5,-0.20000000000000107,151.0,22.0,-17.0,5.0,-22.0,333600,-423.0,-511.0,0.5,8.0,-519.0,-486.0,-33.0,88.0,7.0,0.0,16.800000000000182,8.0,52.0,39.2,2.7,39.5,1580,13.0,47.0,641,377,1564.0,41.0,35.0,569.0,424.0,-2045.6541500000021,-1340.082500000004,253.2854000000225,0.01033112600000008,-0.8000000000000114,-1.1000000000001364,5.2999999999999545,0.0,-0.1999999999999993,0.0,0.24510000000000787,0.3252999999999986,112.97999999999593,-0.08382220000001439,1.7900000000000063,-0.1017142139999998,14.59188548,-0.08999999999999986,-0.47000000000000064,-0.20999999999999996,-0.25,-0.3000000000000007,-0.16999999999999993,-0.05999999999999961,-0.0600000000000005,-0.0600000000000005,0.65,-0.29,0.01,0.23,0.92,1.13,1.83,3.13,0.024099999999999788,-0.16650000000004184,0.0020999999999999908,0.005600000000000049,0.0,-0.10000000000000142,0.19999999999999574,0.0,0.0,-0.7000000000000028,0.19999999999999574,-0.10000000000000853,0.3999999999999986,-0.10000000000000142,0.20000000000000284,0.09999999999999432,0.19999999999999574,0.30000000000000426,0.19999999999999574,0.20000000000000284,0.0990000000000002,0.21600000000000819,0.09600000000000009,0.006999999999999673,-0.010000000000000231,0.040000000000000036,-0.0600000000000005,2.0,15.0,2.854200000000006
1970-11-01,-4.458000000000538,-1.6000000000003638,-0.16300000000000026,-6631.680999999982,-732.2104499999987,-0.22169999999999845,-0.23329999999999984,-0.23960000000000292,-0.3382000000000005,0.10279999999999845,59.7216,-0.08440000000000047,-0.20250000000000057,-0.2892999999999972,61.9047,-0.21000000000000085,-1.890500000000003,0.6938999999999993,75.585,-6.0,0.516945692,272.0,-35.0,5.9,0.6000000000000014,-48.0,243.0,100.0,27.0,73.0,325250,-112.0,-132.0,0.6000000000000227,17.0,-149.0,-127.0,-22.0,20.0,-27.0,-3.299999999999727,-29.0,12.0,37.0,39.3,2.6,39.5,1647,5.0,25.0,725,329,1502.0,16.0,8.0,564.0,343.0,389.3796900000016,-440.6534599999868,769.5976999999839,0.04132450300000001,-0.30000000000001137,-0.4999999999998863,3.900000000000091,0.7999999999999972,0.09999999999999787,0.10000000000000142,0.40040000000000475,0.2727000000000004,-384.6899999999878,-0.8590149000000054,-0.09000000000000341,-0.015750966000000144,14.69319589,-0.6000000000000005,-0.5499999999999998,-0.6299999999999999,-0.79,-0.9199999999999999,-0.6500000000000004,-0.4900000000000002,0.02000000000000135,0.05000000000000071,0.7,-0.32,-0.18,-0.09,0.87,1.24,2.45,3.78,-0.012199999999999989,-0.10239999999998872,0.0028999999999999027,-0.0013000000000000789,0.19999999999999574,0.20000000000000284,0.10000000000000142,-0.3999999999999986,0.0,-1.6999999999999957,0.20000000000000284,0.10000000000000853,0.3999999999999986,0.09999999999999432,0.09999999999999432,7.105427357601002e-15,0.20000000000000284,0.19999999999999574,0.20000000000000284,0.19999999999999574,0.07900000000000063,0.055999999999983174,0.01899999999999835,0.0019999999999988916,0.010000000000000231,0.040000000000000036,0.03000000000000025,-44.0,-76.0,3.040699999999987
1970-12-01,15.032000000000153,10.200000000000273,0.2289999999999992,12328.51000000001,947.9325099999987,0.8355999999999995,0.8926000000000016,1.045100000000005,2.168300000000002,3.6793000000000013,60.7054,0.19299999999999962,0.7609999999999957,0.9969999999999999,61.6881,0.899799999999999,0.4478999999999971,0.8121000000000009,77.3384,4.0,0.499605989,122.0,-56.0,6.1,0.5,31.0,-127.0,231.0,180.0,51.0,306000,383.0,328.0,-0.7999999999999545,45.0,285.0,292.0,-7.0,55.0,-3.0,-1.099999999999909,47.30000000000018,11.0,15.0,39.4,2.5,39.5,1893,-7.0,31.0,863,413,1767.0,49.0,20.0,669.0,434.0,2720.0146099999984,403.45543999999063,233.8018999999913,-0.05165562900000009,-0.0999999999999659,0.6999999999999318,5.699999999999818,1.5,0.5,0.5999999999999979,1.1833999999999918,0.5880000000000081,697.6299999999901,-0.32265869999997676,5.769999999999996,-0.2585039299999998,15.83551091,-0.6999999999999993,-0.5699999999999994,-0.41000000000000014,-0.5300000000000002,-0.5099999999999998,-0.5199999999999996,-0.4500000000000002,-0.41000000000000103,-0.26000000000000156,0.83,-0.03,-0.01,0.1,1.05,1.49,2.74,4.22,-0.005899999999999572,-0.03839999999996735,0.000300000000000189,-0.0027999999999999137,0.0,-0.10000000000000142,0.0,-0.6000000000000014,0.25,-1.6000000000000014,0.19999999999999574,-0.10000000000000853,0.3999999999999986,0.10000000000000853,0.20000000000000284,-7.105427357601002e-15,0.20000000000000284,0.20000000000000284,0.20000000000000284,0.20000000000000284,0.08899999999999864,-0.12199999999998568,0.05900000000000105,0.004000000000001336,0.04999999999999982,-0.010000000000000675,0.06000000000000005,-134.0,116.0,4.340699999999998
1971-01-01,37.90300000000025,38.69999999999982,0.33999999999999986,3926.8589999999967,797.5493500000011,0.28640000000000043,0.14529999999999887,0.14739999999999753,0.7843000000000018,1.4039999999999964,61.0139,-0.3349999999999991,0.4801000000000002,0.47719999999999985,61.7067,0.2967999999999975,0.3177000000000021,0.15429999999999922,77.7741,-96.0,0.489370237,180.0,270.0,5.9,0.6999999999999993,-67.0,40.0,11.0,-36.0,47.0,298800,73.0,-79.0,-6.0,-45.0,-29.0,-18.0,-11.0,152.0,54.0,-11.200000000000273,42.80000000000018,12.0,33.0,39.6,2.8,39.9,1828,-5.0,-30.0,773,473,1643.0,-50.0,16.0,635.0,378.0,835.1912100000009,944.257420000009,808.5648000000219,-0.020662251999999937,0.39999999999997726,1.0,12.100000000000136,0.20000000000000284,1.1999999999999993,1.2000000000000028,0.19010000000000105,0.3902999999999963,404.9800000000105,-1.069998400000003,3.4399999999999977,-0.13900004100000007,16.67799633,-0.7600000000000007,-0.6200000000000001,-0.4299999999999997,-0.41999999999999993,-0.4299999999999997,-0.0600000000000005,-0.14999999999999947,-0.27999999999999936,-0.379999999999999,0.97,0.3,0.33,0.43,1.75,2.1,3.22,4.6,-0.007500000000000284,0.3533999999999651,0.015200000000000102,-0.005700000000000038,0.10000000000000142,0.10000000000000142,0.10000000000000142,0.29999999999999716,0.0,-0.8000000000000043,0.10000000000000142,-0.09999999999999432,0.30000000000000426,-0.20000000000000284,0.0,-0.19999999999999574,0.19999999999999574,0.19999999999999574,0.09999999999999432,0.0,0.04299999999999926,-0.009000000000000341,-0.04200000000000159,-0.023000000000001464,0.040000000000000036,0.07000000000000028,-0.020000000000000018,-35.0,-211.0,3.026200000000017
1971-02-01,8.842999999999847,4.200000000000273,0.0470000000000006,2260.2270000000135,348.47409999999945,-0.07150000000000034,0.03459999999999752,-0.05189999999999628,-0.029900000000004923,0.8310000000000031,60.3969,0.08339999999999925,-0.20669999999999789,-0.11909999999999954,61.7212,0.01680000000000348,0.17009999999999792,0.353900000000003,77.6129,65.0,0.510911687,-247.0,-164.0,5.9,-0.09999999999999964,-124.0,7.0,-45.0,-63.0,18.0,284000,-58.0,-80.0,-4.7000000000000455,-10.0,-64.0,-49.0,-15.0,22.0,19.0,1.5,-2.699999999999818,8.0,-1.0,39.4,2.8,39.7,1741,0.0,-28.0,742,445,1588.0,-62.0,-58.0,632.0,446.0,522.9350400000003,1007.2079099999974,905.9821999999986,-0.010331124999999997,0.8000000000000114,1.7000000000000455,20.299999999999955,-0.6000000000000085,-0.5,-0.5,0.34720000000000084,0.4311000000000007,704.9799999999959,0.09221239999999398,3.6200000000000045,-0.135100247,17.50762379,-0.4199999999999995,-0.6400000000000006,-0.7400000000000002,-0.69,-0.6800000000000002,-0.33000000000000007,-0.1299999999999999,-0.28000000000000025,-0.34999999999999964,0.75,-0.02,0.06,0.17,1.84,2.39,3.36,4.67,-0.007200000000000095,-0.4749999999999659,0.01200000000000001,-0.0042999999999999705,0.20000000000000284,0.20000000000000284,0.10000000000000142,1.1000000000000014,0.0,-0.8999999999999986,0.0,0.10000000000000142,0.19999999999999574,0.09999999999999432,0.10000000000000142,0.0,0.10000000000000142,0.0,0.10000000000000142,0.10000000000000142,0.05900000000000105,-0.15500000000001535,0.019000000000001904,0.0070000000000014495,0.020000000000000018,0.040000000000000036,-0.009999999999999787,59.0,-83.0,1.320999999999998
1971-03-01,13.963999999999942,11.099999999999909,0.013000000000001677,1688.2609999999986,47.70776000000478,-0.04059999999999775,-0.11589999999999634,-0.0689000000000064,0.15200000000000102,0.04359999999999786,60.6156,-0.15109999999999957,0.06620000000000203,0.06459999999999866,61.7337,-0.073599999999999,1.1171000000000006,0.11410000000000053,77.2542,-1.0,0.502105474,-28.0,-112.0,6.0,0.1999999999999993,-34.0,4.0,30.0,25.0,5.0,293750,53.0,-23.0,-1.6000000000000227,41.0,-62.0,-48.0,-14.0,76.0,6.0,-3.0,15.099999999999454,8.0,31.0,39.6,2.8,39.8,1910,-20.0,104.0,818,454,1759.0,71.0,87.0,659.0,432.0,-553.9725499999986,-147.8382799999963,1315.135500000004,0.0,-0.5,0.7999999999999545,18.200000000000045,0.20000000000000284,-0.1999999999999993,-0.20000000000000284,0.09260000000000446,0.6525000000000034,738.6900000000023,-0.08949409999999602,2.489999999999995,-0.09036144600000018,18.12238164,-0.010000000000000231,-0.27999999999999936,-0.3200000000000003,-0.2799999999999998,-0.20000000000000018,-0.5599999999999996,-0.41000000000000014,0.1299999999999999,0.07000000000000028,0.48,-0.33,-0.21,-0.02,1.29,1.99,3.5,4.75,0.002200000000000202,-0.026299999999991996,0.0008999999999996788,-0.001100000000000101,0.10000000000000142,0.09999999999999432,0.19999999999999574,-0.5,0.0,0.0,0.10000000000000142,-0.20000000000000284,0.0,7.105427357601002e-15,0.10000000000000142,0.0,0.0,0.0,0.20000000000000284,0.09999999999999432,0.06700000000000017,-0.13999999999998636,0.06599999999999895,-0.0010000000000012221,0.020000000000000018,0.03000000000000025,-0.03000000000000025,74.0,-68.0,1.7523999999999944
1971-04-01,11.86999999999989,11.199999999999818,0.1509999999999998,2222.9769999999553,640.9434299999994,0.20999999999999375,0.1991999999999976,0.1373000000000033,0.43720000000000425,0.2430000000000021,61.1592,-0.08900000000000041,0.22969999999999402,0.025500000000000966,62.9824,0.18529999999999802,-0.06909999999999883,0.2126999999999981,77.4626,-3.0,0.504335552,371.0,399.0,5.9,0.3000000000000007,62.0,-62.0,51.0,50.0,1.0,287500,176.0,61.0,0.3000000000000682,61.0,-5.0,-10.0,5.0,115.0,35.0,2.5,31.300000000000182,13.0,37.0,39.6,2.8,39.9,1986,20.0,29.0,821,478,1745.0,-22.0,5.0,655.0,439.0,-697.873730000003,-589.4455400000006,1061.8500999999815,0.0,-0.20000000000001705,-0.39999999999997726,17.200000000000045,0.7999999999999972,0.1999999999999993,0.40000000000000213,0.16190000000000282,0.7330000000000041,1093.87999999999,0.26896119999997836,3.4000000000000057,-0.10630549399999989,18.8876751,0.4500000000000002,0.3799999999999999,0.48,0.5300000000000002,0.6099999999999999,0.6500000000000004,0.1299999999999999,0.040000000000000036,-0.010000000000001563,0.41,-0.29,-0.12,0.15,1.5,1.68,3.1,4.3,-0.0015999999999998238,-0.015500000000031378,-0.0007999999999999119,0.0013000000000000789,0.09999999999999432,0.20000000000000284,0.0,0.6000000000000014,0.0,1.3000000000000043,0.10000000000000142,0.10000000000000142,0.0,-7.105427357601002e-15,0.19999999999999574,-7.105427357601002e-15,0.10000000000000142,0.10000000000000142,0.10000000000000142,0.10000000000000142,0.08000000000000185,0.12199999999999989,0.0990000000000002,-0.0039999999999995595,0.03000000000000025,0.040000000000000036,0.020000000000000018,143.0,112.0,2.003700000000009
1971-05-01,17.291000000000167,16.59999999999991,-0.018000000000000682,2006.6870000000345,-206.38794000000053,0.1909000000000063,0.029200000000003,-0.0015000000000000568,0.046700000000001296,0.5876000000000019,60.8337,-0.10159999999999947,0.41159999999999997,0.4123999999999981,63.2352,0.23900000000000432,0.36079999999999757,-2.1721999999999966,77.7867,34.0,0.507405925,189.0,152.0,5.9,0.29999999999999893,23.0,-9.0,24.0,-30.0,54.0,292200,211.0,93.0,0.6999999999999318,15.0,76.0,52.0,24.0,118.0,35.0,12.200000000000273,22.5,12.0,25.0,39.6,2.9,40.0,2049,35.0,-63.0,877,513,1972.0,91.0,30.0,720.0,480.0,-326.36413999999786,-1335.3135200000106,1061.8501000000106,-0.01033112600000008,0.8000000000000114,-0.1999999999999318,12.399999999999864,0.8000000000000114,0.40000000000000213,0.1999999999999993,0.9118999999999886,0.7453000000000003,666.3000000000029,-0.41336319999999205,-1.4000000000000057,0.038274195000000066,18.70208982,0.46999999999999975,0.4899999999999993,0.2799999999999998,0.33000000000000007,0.7400000000000002,0.6299999999999999,0.5599999999999996,0.28000000000000025,0.16999999999999993,0.43,-0.49,-0.27,0.41,1.65,1.76,2.9,3.99,-0.1745000000000001,-0.09019999999998163,0.0007999999999999119,0.0009999999999998899,0.20000000000000284,0.10000000000000142,0.20000000000000284,0.0,0.0,-0.6000000000000014,0.19999999999999574,0.29999999999999716,0.0,7.105427357601002e-15,0.20000000000000284,0.10000000000000853,0.10000000000000142,0.20000000000000284,0.19999999999999574,0.20000000000000284,0.0849999999999973,-0.056000000000011596,0.08899999999999864,0.016000000000000014,0.019999999999999574,0.05999999999999961,0.0,113.0,107.0,-1.4335000000000093
1971-06-01,84.21500000000015,1.800000000000182,0.20400000000000063,5670.393999999971,655.4631899999949,0.15849999999999653,0.1606999999999985,0.16539999999999822,0.39989999999999526,0.30409999999999826,61.2746,0.07339999999999947,0.1589000000000027,-0.13939999999999841,64.8189,0.08979999999999677,0.13290000000000646,1.5131999999999977,77.7853,103.0,0.533036977,-429.0,-382.0,5.9,0.40000000000000036,-49.0,40.0,-6.0,-39.0,33.0,296500,7.0,-77.0,-0.8999999999999773,9.0,-86.0,-51.0,-35.0,84.0,-7.0,-16.100000000000364,16.5,20.0,38.0,39.6,2.9,39.9,2026,-16.0,20.0,884,479,1903.0,-49.0,-10.0,716.0,474.0,701.6358599999985,-1191.2904199999903,496.82889999999315,-0.020662251999999937,-0.5,-2.0000000000001137,7.400000000000091,0.5,-0.1999999999999993,-0.3999999999999986,1.0649999999999977,0.7430999999999983,830.1699999999983,-2.32092609999998,-1.8799999999999955,0.054245711000000085,18.36539914,0.28000000000000025,0.3200000000000003,0.6100000000000003,0.6099999999999994,0.5999999999999996,0.25,0.1299999999999999,0.10999999999999943,0.13000000000000078,0.47,-0.16,0.06,0.73,1.62,1.61,2.73,3.84,-0.030400000000000205,-0.0011999999999829924,0.00010000000000021103,0.012600000000000167,0.10000000000000142,0.19999999999999574,0.20000000000000284,0.20000000000000284,0.0,0.0,0.20000000000000284,-0.29999999999999716,0.20000000000000284,0.0,0.10000000000000142,-0.10000000000000142,0.29999999999999716,0.19999999999999574,0.20000000000000284,0.19999999999999574,0.09100000000000108,0.005000000000009663,0.11100000000000065,-0.0009999999999994458,0.020000000000000018,0.03000000000000025,0.0,168.0,163.0,1.046699999999987
1971-07-01,-57.10099999999966,5.199999999999818,-0.10900000000000176,-4820.855999999971,108.8981500000009,-0.11019999999999897,0.4497999999999962,0.35770000000000124,0.8400999999999996,0.7248999999999981,62.1387,0.024100000000000676,-0.8573000000000022,-0.7802000000000007,64.5353,0.06080000000000041,1.4878,0.03459999999999752,77.7208,-38.0,0.516385303,634.0,548.0,6.0,-0.09999999999999964,30.0,-57.0,84.0,58.0,26.0,293200,61.0,-4.0,-18.700000000000045,27.0,-13.0,-24.0,11.0,65.0,23.0,10.400000000000091,29.5,6.0,3.0,39.6,2.9,40.0,2083,33.0,7.0,856,524,2069.0,40.0,15.0,790.0,511.0,-332.94785000000047,-752.544550000006,711.1474000000162,0.020662251999999937,-0.09999999999999432,0.3000000000000682,12.200000000000045,1.2999999999999972,0.5,0.09999999999999787,0.250700000000009,1.2462000000000018,978.0800000000163,2.382929699999977,-0.7199999999999989,0.01924512300000014,18.31620715,0.39999999999999947,0.3700000000000001,0.6500000000000004,0.6600000000000001,0.40000000000000036,0.3199999999999994,0.21000000000000085,0.0,0.009999999999999787,0.44,0.09,0.32,0.73,1.54,1.42,2.33,3.45,0.0007999999999999119,-0.007500000000050022,-0.000300000000000189,0.0,-0.20000000000000284,-0.19999999999999574,0.19999999999999574,-0.30000000000000426,0.0,0.0,0.10000000000000142,-7.105427357601002e-15,0.0,-7.105427357601002e-15,0.09999999999999432,0.0,0.10000000000000142,0.10000000000000142,0.10000000000000142,0.10000000000000142,0.062000000000001165,0.006000000000000227,0.01699999999999946,-0.0009999999999994458,0.010000000000000231,0.03000000000000025,-0.010000000000000231,199.0,347.0,2.2402000000000157
1971-08-01,15.46599999999944,15.5,0.14499999999999957,2600.2820000000065,199.12806000000273,-0.2195999999999998,-0.23259999999999792,-0.12839999999999918,-0.6310000000000002,-0.3868000000000009,61.3851,0.22579999999999956,-0.20399999999999352,-0.5055000000000014,65.5605,-0.4247000000000014,-1.8105000000000047,0.9281000000000006,76.6074,25.0,0.511297234,333.0,234.0,6.1,0.0,127.0,19.0,10.0,27.0,-17.0,325250,58.0,6.0,17.40000000000009,0.0,-11.0,-3.0,-8.0,52.0,25.0,8.0,27.600000000000364,8.0,30.0,39.5,2.9,39.8,2158,-1.0,44.0,924,488,2004.0,-2.0,-9.0,740.0,507.0,1529.3028300000005,279.4620399999985,1022.8830999999773,-0.010331125999999857,-0.700000000000017,-0.7000000000000455,10.399999999999864,-0.10000000000000853,-0.10000000000000142,-0.09999999999999787,1.3029999999999973,0.7573999999999899,1200.1399999999849,0.3750573000000088,-1.7600000000000051,0.05317967000000001,18.04338112,0.2600000000000007,-0.009999999999999787,-0.45999999999999996,-0.41000000000000014,-0.2400000000000002,-0.2999999999999998,-0.15000000000000036,-0.04999999999999982,0.0,0.17,-0.62,-0.34,0.24,0.99,1.02,2.03,3.2,-0.06400000000000006,-1.6243000000000052,0.016100000000000225,-0.008300000000000196,0.30000000000000426,0.29999999999999716,0.30000000000000426,-0.10000000000000142,0.0,0.10000000000000142,0.10000000000000142,-0.29999999999999005,0.10000000000000142,-0.09999999999999432,0.10000000000000142,-0.20000000000000284,0.19999999999999574,0.10000000000000142,0.09999999999999432,0.10000000000000142,0.05999999999999872,-0.7099999999999937,0.10800000000000054,-0.0010000000000012221,0.029999999999999805,0.040000000000000036,0.010000000000000231,48.0,241.0,-0.7272000000000105
1971-09-01,26.74200000000019,18.0,0.254999999999999,3749.021000000008,619.1637899999987,0.6114999999999995,0.5724000000000018,0.4170999999999978,0.5023000000000053,-0.06530000000000058,62.245,0.3459000000000003,0.6594999999999942,0.7940000000000005,66.0986,0.7173000000000016,-0.0034999999999953957,-1.1272999999999982,77.9618,-28.0,0.515073384,58.0,150.0,6.0,0.40000000000000036,-36.0,0.0,-22.0,-35.0,13.0,320250,241.0,80.0,6.5,34.0,39.0,19.0,20.0,161.0,47.0,15.099999999999909,24.199999999999818,13.0,27.0,39.4,2.8,39.7,2041,-41.0,-8.0,880,464,1996.0,13.0,1.0,758.0,467.0,58.31290000000081,767.8052800000005,886.4986999999965,0.0,0.20000000000001705,1.1000000000000227,13.0,0.30000000000001137,0.3000000000000007,0.6999999999999993,0.9942999999999955,0.9468999999999994,1328.5100000000093,0.37094350000000986,2.160000000000011,-0.07247725400000027,18.52146303,-0.020000000000000462,-0.04999999999999982,-0.25,-0.25,-0.3899999999999997,-0.41000000000000014,-0.4400000000000004,-0.14999999999999947,-0.16999999999999993,0.14,-0.86,-0.58,-0.14,0.59,0.59,1.89,3.04,-0.04939999999999989,-17.758999999999958,0.03479999999999972,0.0,0.0,-0.10000000000000142,0.0,-0.09999999999999432,0.0,0.09999999999999432,0.09999999999999432,0.3999999999999915,-0.20000000000000284,0.10000000000000142,0.0,0.0,0.10000000000000142,0.10000000000000142,0.0,0.0,0.030999999999998806,0.13599999999998147,0.045000000000001705,-0.021000000000000796,0.010000000000000231,0.02999999999999936,-0.020000000000000018,51.0,64.0,1.2160000000000082
1971-10-01,12.636999999999716,16.800000000000182,0.06300000000000239,290.78899999998976,440.778250000003,0.2862000000000009,0.4183000000000021,0.40400000000000347,0.7438999999999965,0.7065000000000055,62.9655,0.15060000000000073,0.1051000000000002,0.5443999999999996,66.78,0.5373999999999981,2.066899999999997,0.27720000000000056,78.9224,34.0,0.531085991,141.0,229.0,5.8,0.6999999999999993,-79.0,-22.0,29.0,1.0,28.0,297600,28.0,-46.0,-63.90000000000009,47.0,-28.0,-15.0,-13.0,74.0,-12.0,9.200000000000273,7.199999999999818,11.0,47.0,39.6,2.9,39.9,2128,-9.0,10.0,916,514,2026.0,-26.0,4.0,776.0,501.0,-605.7017400000004,202.20462000000407,477.3455000000249,0.010331125999999857,-0.20000000000001705,-1.1000000000000227,10.299999999999955,0.29999999999999716,0.0,0.1999999999999993,0.5935000000000059,0.9877000000000038,1077.359999999986,0.5204061999999965,-2.1099999999999994,0.06056383600000004,18.12585105,-0.34999999999999964,-0.27000000000000046,-0.23000000000000043,-0.3700000000000001,-0.5,-0.20999999999999996,-0.20999999999999996,-0.05000000000000071,-0.10999999999999943,0.22,-0.74,-0.6,-0.29,0.73,0.73,2.19,3.28,-0.006199999999999761,-6.910500000000013,0.020199999999999996,-0.008299999999999974,0.0,0.10000000000000142,-0.10000000000000142,0.6999999999999957,0.0,-0.19999999999999574,0.10000000000000142,-0.09999999999999432,0.0,-0.4000000000000057,0.10000000000000142,0.10000000000000142,0.10000000000000142,0.10000000000000142,0.10000000000000142,0.10000000000000142,0.03200000000000003,0.34900000000001796,0.03399999999999892,-0.014999999999998792,0.020000000000000018,0.03000000000000025,0.020000000000000018,121.0,191.0,1.3671999999999969
1971-11-01,23.26299999999992,17.199999999999818,0.13100000000000023,7107.517999999982,428.332739999998,0.1634999999999991,0.23759999999999337,0.209699999999998,0.4435000000000002,0.39569999999999794,63.4132,0.07099999999999973,0.05940000000000367,-0.08419999999999916,66.7508,0.13560000000000372,-1.0671999999999997,0.11899999999999977,79.0161,62.0,0.521798101,586.0,379.0,6.0,-0.5999999999999996,82.0,83.0,9.0,19.0,-10.0,287000,205.0,80.0,4.2000000000000455,36.0,40.0,26.0,14.0,125.0,25.0,10.0,1.5,14.0,33.0,39.8,2.9,40.0,2182,67.0,4.0,931,482,2079.0,-2.0,27.0,794.0,511.0,863.4071299999996,362.44224000000395,0.0,-0.030993378000000016,-0.0999999999999659,0.3000000000000682,10.900000000000091,0.7999999999999972,0.09999999999999787,0.0,0.5424000000000007,0.9017999999999944,1715.7900000000081,0.7791789000000051,-4.510000000000005,0.146876083,17.2760751,-0.29000000000000004,-0.5800000000000001,-0.2400000000000002,-0.21999999999999975,-0.2400000000000002,-0.14999999999999947,-0.1200000000000001,-0.1299999999999999,-0.09999999999999964,-0.07,-0.69,-0.53,-0.24,0.87,0.9,2.35,3.47,0.008399999999999963,-2.3584999999999923,0.0037000000000002586,-0.0007999999999999119,0.09999999999999432,0.20000000000000284,0.10000000000000142,0.6000000000000014,0.0,0.10000000000000142,0.10000000000000142,0.0,-0.10000000000000142,0.30000000000000426,0.0,0.10000000000000142,0.10000000000000142,0.09999999999999432,0.0,0.10000000000000142,0.043000000000002814,0.11999999999999034,0.02400000000000091,0.012000000000000455,0.0,0.009999999999999787,-0.029999999999999805,131.0,320.0,2.7915000000000134
1971-12-01,24.069000000000415,25.300000000000182,0.16799999999999926,3991.7459999999846,-23.85388000000239,0.4466999999999999,0.23380000000000223,0.1659000000000006,0.37830000000000297,0.1775999999999982,63.9053,0.08750000000000036,0.7259999999999991,0.2193000000000005,67.5825,0.34199999999999875,-0.48969999999999914,1.0349999999999966,79.551,35.0,0.529297633,167.0,174.0,6.0,-0.5,16.0,-111.0,6.0,4.0,2.0,273000,262.0,57.0,59.5,-36.0,36.0,34.0,2.0,205.0,82.0,10.400000000000091,57.69999999999982,12.0,42.0,39.7,3.0,40.2,2295,17.0,11.0,981,517,2133.0,-3.0,18.0,821.0,523.0,729.8517800000009,274.6930699999939,1169.009299999976,-0.010331125999999857,-0.10000000000002274,-0.5000000000001137,9.700000000000045,1.2999999999999972,0.40000000000000213,0.6999999999999993,-0.014300000000005753,0.10520000000001062,1355.8699999999953,0.09839009999998893,6.390000000000001,-0.2203975680000001,18.3100347,-0.7700000000000005,-0.17999999999999972,-0.20999999999999996,-0.14999999999999947,-0.07000000000000028,-0.08999999999999986,0.1200000000000001,-0.009999999999999787,0.0,0.52,-0.13,0.09,0.46,1.55,1.79,3.11,4.24,-0.07929999999999993,-8.679300000000012,0.03330000000000011,-0.0046000000000000485,0.30000000000000426,0.29999999999999716,0.19999999999999574,0.20000000000000284,0.0,-0.8000000000000043,0.10000000000000142,0.0,0.0,0.0,0.29999999999999716,0.0,0.10000000000000142,0.10000000000000142,0.20000000000000284,0.19999999999999574,0.08199999999999719,0.19599999999999795,0.1109999999999971,0.007999999999999119,0.04999999999999982,0.020000000000000462,0.0699999999999994,49.0,461.0,3.4457999999999913
1972-01-01,22.278000000000247,23.699999999999818,0.004000000000001336,4561.308000000019,-284.17233000000124,0.9373000000000005,0.8083999999999989,0.741500000000002,0.849499999999999,1.2026000000000039,64.4626,0.5043000000000006,1.1186000000000007,0.8631999999999991,69.2101,0.9515999999999991,0.04019999999999868,0.3054000000000059,81.3684,129.0,0.5692369,353.0,488.0,5.8,0.5999999999999996,4.0,-29.0,-26.0,-36.0,10.0,271200,332.0,124.0,-1.5,45.0,81.0,72.0,9.0,208.0,58.0,23.09999999999991,105.90000000000055,7.0,76.0,39.7,3.0,40.2,2494,66.0,-32.0,1034,629,2238.0,59.0,-60.0,852.0,597.0,625.4528800000007,390.10229999999865,-97.41739999997662,-0.030993377000000155,1.299999999999983,1.7000000000001592,13.799999999999955,0.4000000000000057,1.5999999999999979,1.6999999999999993,0.3684000000000083,1.2781999999999982,883.6300000000047,-0.37248990000000504,4.1299999999999955,-0.12376783399999969,18.95519899,-0.6299999999999999,-0.6299999999999999,-0.6299999999999999,-0.5700000000000003,-0.3199999999999994,-0.10000000000000053,0.020000000000000462,-0.05999999999999961,-0.15000000000000036,0.52,-0.12,0.16,0.78,2.09,2.45,3.69,4.73,-0.011900000000000244,-7.35269999999997,0.04389999999999983,0.00660000000000005,-0.10000000000000142,-0.19999999999999574,0.10000000000000142,0.5999999999999943,0.0,0.20000000000000284,0.10000000000000142,0.0,0.30000000000000426,-7.105427357601002e-15,0.0,0.09999999999999432,0.19999999999999574,0.10000000000000142,0.10000000000000142,0.10000000000000142,0.08600000000000207,0.11300000000001376,0.08600000000000207,0.009000000000000341,0.03000000000000025,0.0699999999999994,-0.03999999999999959,-75.0,-132.0,1.227499999999992
1972-02-01,37.746000000000095,23.699999999999818,0.06299999999999883,-4706.7029999999795,309.0633400000006,0.4061000000000021,0.40380000000000393,0.34189999999999543,0.3485999999999976,0.1623999999999981,64.9273,0.26769999999999783,0.40729999999999933,0.3186,69.4125,0.31580000000000297,3.3583,1.2720999999999947,81.8317,62.0,0.592329546,58.0,149.0,5.7,0.3000000000000007,-213.0,-19.0,35.0,-23.0,58.0,263500,207.0,50.0,-4.0,-24.0,78.0,62.0,16.0,157.0,53.0,8.599999999999909,30.799999999999272,7.0,32.0,39.9,3.2,40.4,2390,-110.0,22.0,1083,564,2169.0,-22.0,0.0,802.0,601.0,723.2680599999985,768.7590700000001,603.9880999999878,0.02066225200000016,0.4000000000000341,0.599999999999909,10.900000000000091,-1.1000000000000085,-1.0,-1.0,0.7336999999999989,1.8322000000000003,1262.25,-0.430188099999981,1.9000000000000057,-0.05367547700000008,19.0912164,-0.20999999999999996,-0.2200000000000002,-0.17999999999999972,-0.03000000000000025,-0.010000000000000675,0.10000000000000053,0.1299999999999999,0.07999999999999918,0.0,0.51,-0.09,0.34,0.98,2.4,2.79,3.98,4.94,-0.031099999999999905,-7.5330000000000155,0.033199999999999896,-0.0012000000000000899,0.29999999999999716,0.19999999999999574,0.20000000000000284,0.30000000000000426,0.0,0.0,0.19999999999999574,0.09999999999999432,-0.10000000000000142,7.105427357601002e-15,0.20000000000000284,-0.09999999999999432,0.10000000000000142,0.10000000000000142,0.19999999999999574,0.20000000000000284,0.08299999999999841,-0.33200000000002206,0.14699999999999847,-0.009000000000000341,0.029999999999999805,0.03000000000000025,0.020000000000000018,-5.0,11.0,-0.16059999999998809
1972-03-01,29.677999999999884,27.600000000000364,0.4269999999999996,7991.902999999991,965.5636400000003,0.2820999999999998,0.20109999999999673,0.1262000000000043,-0.017000000000003013,-0.2850000000000037,65.1212,0.19950000000000045,0.36880000000000024,0.25120000000000076,70.0253,0.26839999999999975,0.2494999999999976,0.2202000000000055,82.1903,64.0,0.59210004,575.0,465.0,5.8,-0.09999999999999964,192.0,-52.0,-60.0,-41.0,-19.0,262750,296.0,121.0,3.0,33.0,86.0,66.0,20.0,175.0,62.0,19.699999999999818,23.800000000000182,10.0,31.0,39.9,3.2,40.4,2334,31.0,-58.0,1012,606,2105.0,-60.0,-12.0,873.0,538.0,61.13449000000037,445.4224399999948,818.306500000006,-0.030993378000000016,-0.20000000000001705,-0.20000000000004547,18.799999999999955,0.6000000000000085,0.0,-0.09999999999999787,0.7927999999999997,1.3341999999999956,1705.0400000000081,0.6100456999999722,2.5,-0.06774027300000007,19.38010238,0.5300000000000002,0.2899999999999996,0.5299999999999998,0.4900000000000002,0.40000000000000036,0.17999999999999972,-0.009999999999999787,-0.02999999999999936,0.009999999999999787,0.27,-0.1,0.29,0.84,2.04,2.24,3.41,4.41,-0.0043999999999999595,-2.6505000000000223,0.01440000000000019,-0.006199999999999872,0.0,0.0,0.09999999999999432,0.0,0.0,0.7999999999999972,0.0,-0.19999999999999574,0.0,0.0,0.0,-0.10000000000000142,0.10000000000000142,0.10000000000000142,0.0,0.0,0.030000000000001137,0.03900000000001569,-0.007999999999999119,-0.013999999999999346,0.03000000000000025,0.03000000000000025,-0.020000000000000018,0.0,81.0,2.8959999999999866
1972-04-01,6.408999999999651,13.800000000000182,0.0779999999999994,2984.7969999999623,94.37840000000142,0.40439999999999543,0.4522000000000048,0.5317999999999969,0.6711000000000027,1.2015999999999991,65.3355,0.2818000000000005,0.35130000000000194,0.27169999999999916,70.3797,0.4216999999999942,-0.47939999999999827,-0.5885999999999996,82.8692,30.0,0.607582174,3.0,82.0,5.7,0.09999999999999964,-74.0,82.0,-29.0,-70.0,41.0,263000,218.0,63.0,-6.2000000000000455,10.0,61.0,48.0,13.0,155.0,34.0,11.100000000000364,25.900000000000546,13.0,29.0,39.9,3.5,40.5,2249,-26.0,24.0,1070,465,2139.0,43.0,51.0,872.0,480.0,325.42361000000164,335.7359700000088,1334.619000000006,0.0,-0.700000000000017,-2.8999999999999773,7.599999999999909,1.2000000000000028,0.7000000000000028,0.6999999999999993,1.5408999999999935,1.4070999999999998,1358.2399999999907,0.9444763000000194,1.0999999999999943,-0.028819502000000163,19.41230276,0.33999999999999986,0.4500000000000002,-0.020000000000000018,0.11000000000000032,0.29000000000000004,0.2999999999999998,0.1200000000000001,0.05999999999999961,0.0,0.38,-0.46,0.06,0.79,2.0,2.02,3.13,4.07,-0.005799999999999805,1.024000000000001,-0.00790000000000024,-0.0028000000000000247,0.0,0.0,0.10000000000000142,0.6000000000000014,0.0,0.20000000000000284,0.10000000000000142,0.20000000000000284,0.0,0.0,0.10000000000000142,0.10000000000000142,0.10000000000000142,0.0,0.10000000000000142,0.09999999999999432,0.03200000000000003,0.14700000000000557,-0.012000000000000455,-0.004000000000001336,0.019999999999999574,0.040000000000000036,0.0,94.0,256.0,1.225500000000011
1972-05-01,19.81500000000051,17.899999999999636,0.13400000000000034,2724.04800000001,507.1542699999991,0.003900000000001569,-0.07169999999999987,-0.16539999999999822,-0.2507000000000019,-0.3651999999999944,65.1979,-0.011600000000001387,0.08809999999999718,0.18570000000000064,70.6362,0.06880000000000308,-0.9270999999999958,0.2892999999999972,82.7981,52.0,0.622714344,195.0,232.0,5.7,-0.09999999999999964,-37.0,34.0,-35.0,58.0,-93.0,267750,307.0,123.0,3.300000000000068,26.0,94.0,71.0,23.0,184.0,30.0,11.0,16.799999999999272,12.0,58.0,39.8,3.4,40.5,2221,16.0,48.0,997,446,2067.0,-25.0,-8.0,785.0,527.0,591.5937699999995,815.4950499999977,1617.129499999981,0.0,-0.9999999999999716,0.0,7.5,0.5999999999999943,0.19999999999999574,0.20000000000000284,1.460099999999997,1.3589000000000055,1727.2300000000105,0.8009999999999877,-1.0999999999999943,0.028819502000000163,19.04902252,0.09999999999999964,-0.09999999999999964,-0.020000000000000018,-0.11000000000000032,-0.3200000000000003,-0.3200000000000003,-0.0600000000000005,0.0,-0.009999999999999787,0.18,-0.58,-0.15,0.37,1.58,1.86,3.03,3.96,0.009599999999999831,0.8190000000000168,0.002200000000000202,-0.006800000000000028,0.20000000000000284,0.20000000000000284,0.10000000000000142,0.5999999999999943,0.0,-0.10000000000000142,0.10000000000000142,-0.10000000000000142,0.10000000000000142,0.0,0.10000000000000142,0.0,0.09999999999999432,0.19999999999999574,0.10000000000000142,0.10000000000000142,0.0470000000000006,-0.12700000000000955,0.038000000000000256,0.0070000000000014495,0.020000000000000462,0.02999999999999936,0.0,116.0,383.0,-0.7870000000000061
1972-06-01,13.313999999999396,13.0,0.08699999999999974,1941.7999999999884,254.09569000000192,0.10849999999999937,0.15090000000000003,0.05180000000000007,0.023800000000001376,0.022599999999997067,65.2252,0.057200000000001694,0.06459999999999866,0.010200000000001097,71.0278,0.1377999999999986,-1.4603000000000037,-0.8626000000000005,82.8697,36.0,0.629900467,197.0,196.0,5.7,0.09999999999999964,87.0,-45.0,-27.0,3.0,-30.0,273250,289.0,60.0,1.3999999999999773,12.0,39.0,24.0,15.0,229.0,59.0,9.0,29.800000000000182,26.0,-11.0,40.0,3.4,40.6,2254,-9.0,-42.0,992,535,2183.0,-7.0,-2.0,889.0,549.0,162.7117999999973,1097.8184699999983,603.9881999999925,0.0,0.39999999999997726,1.5000000000001137,11.0,0.4000000000000057,-0.29999999999999716,-0.30000000000000426,1.0752000000000095,1.0548999999999893,1746.0699999999779,1.1127150000000086,0.29999999999999716,-0.00791808500000002,18.92809192,0.1900000000000004,0.14999999999999947,0.2200000000000002,0.22999999999999954,0.29000000000000004,0.0600000000000005,-0.019999999999999574,-0.0699999999999994,-0.030000000000001137,0.14,-0.55,-0.11,0.47,1.45,1.65,2.77,3.74,-0.0607000000000002,-1.9650000000000318,-0.043299999999999894,-0.009399999999999964,0.20000000000000284,0.29999999999999716,0.0,0.10000000000000142,0.0,-0.10000000000000142,0.10000000000000142,-0.10000000000000142,0.0,-7.105427357601002e-15,0.09999999999999432,-7.105427357601002e-15,0.10000000000000142,0.0,0.0,0.10000000000000142,0.03200000000000003,-0.06499999999999773,-0.0010000000000012221,0.0009999999999994458,0.0,-0.019999999999999574,-0.009999999999999787,180.0,450.0,-0.3615000000000066
1972-07-01,28.77599999999984,28.0,0.19900000000000162,-2775.716999999946,209.49930999999924,-0.03889999999999816,0.2137999999999991,0.2166999999999959,0.44239999999999924,0.9313000000000002,65.2666,-0.001300000000000523,-0.30529999999999546,-0.16380000000000194,70.5214,-0.004699999999999704,0.2826999999999984,0.7203000000000017,82.6391,65.0,0.644412782,137.0,147.0,5.6,-0.5999999999999996,-31.0,26.0,13.0,44.0,-31.0,297600,-49.0,-120.0,-3.2999999999999545,-30.0,-85.0,-71.0,-14.0,71.0,6.0,-5.800000000000182,13.300000000000182,-1.0,77.0,39.9,3.4,40.5,2252,37.0,2.0,1011,476,2195.0,10.0,-22.0,932.0,530.0,-655.5498599999992,769.7128499999963,613.729800000001,0.0,1.5000000000000284,3.3999999999998636,19.200000000000045,1.1999999999999886,0.6000000000000014,0.3999999999999986,0.9145000000000039,1.5457000000000107,954.6300000000047,-0.467521099999999,-0.7999999999999972,0.024319719999999823,18.56107276,0.08999999999999986,0.23000000000000043,0.06999999999999984,0.15000000000000036,0.03000000000000025,0.05999999999999961,0.0,-0.020000000000000462,0.030000000000001137,0.28,-0.57,-0.05,0.41,1.42,1.56,2.66,3.68,-0.03479999999999972,-1.3839999999999577,-0.12440000000000007,0.0044999999999999485,0.09999999999999432,0.20000000000000284,0.10000000000000142,0.6000000000000014,0.0,-0.6999999999999957,0.09999999999999432,0.0,0.09999999999999432,-0.09999999999999432,0.20000000000000284,0.10000000000000853,0.10000000000000142,0.20000000000000284,0.19999999999999574,0.10000000000000142,0.07600000000000051,0.10699999999999932,0.10200000000000031,0.012000000000000455,0.009999999999999787,0.019999999999999574,-4.440892098500626e-16,94.0,309.0,-0.6773000000000025
1972-08-01,44.38000000000011,43.30000000000018,0.14599999999999724,10648.660999999964,375.43935000000056,0.5660999999999987,0.5202999999999989,0.5074000000000041,0.6300999999999988,0.3545000000000016,66.0529,0.3503000000000007,0.6076999999999941,0.46359999999999957,71.0831,0.5202999999999989,0.6821000000000055,0.21399999999999864,83.5051,119.0,0.665114396,374.0,348.0,5.6,0.0,37.0,26.0,2.0,-16.0,18.0,253500,432.0,238.0,9.099999999999909,44.0,185.0,178.0,7.0,194.0,48.0,13.199999999999818,33.899999999999636,11.0,48.0,40.0,3.4,40.6,2382,24.0,20.0,1029,543,2263.0,11.0,37.0,953.0,528.0,1646.8691599999984,1043.4521999999997,2006.7993000000133,-0.02066225200000016,-0.10000000000002274,-0.599999999999909,17.59999999999991,0.0,0.0,-0.09999999999999432,1.3265999999999991,1.6304999999999978,1484.2700000000186,-0.3108675999999946,3.799999999999997,-0.09513753799999991,19.03264067,0.2599999999999998,-0.08000000000000007,0.03999999999999959,0.04999999999999982,0.020000000000000462,0.04999999999999982,0.09999999999999964,-0.019999999999999574,-0.040000000000000924,-0.06,-0.78,-0.25,0.18,1.22,1.41,2.39,3.39,0.015800000000000036,0.13040000000000873,0.00550000000000006,-0.0015999999999999348,0.20000000000000284,0.10000000000000142,0.10000000000000142,0.29999999999999716,0.0,0.09999999999999432,0.10000000000000142,-0.20000000000000284,0.20000000000000284,0.10000000000000142,0.0,-0.10000000000000142,0.10000000000000142,0.10000000000000142,0.0,0.10000000000000142,0.06199999999999761,0.024999999999991473,0.06300000000000239,-0.005000000000000782,0.040000000000000036,0.03000000000000025,0.03000000000000025,78.0,354.0,0.6642000000000223
1972-09-01,18.27900000000045,20.899999999999636,0.0470000000000006,7822.475000000035,750.8787099999972,0.32379999999999853,0.2591999999999999,0.28940000000000055,0.3253000000000057,0.4707000000000008,66.2456,0.14869999999999806,0.3890000000000029,0.2579000000000029,71.4832,0.31289999999999907,0.3240999999999943,0.8196999999999974,83.9268,41.0,0.685914622,-125.0,-35.0,5.5,0.29999999999999893,68.0,-151.0,-25.0,-36.0,11.0,256200,123.0,56.0,5.7000000000000455,17.0,33.0,23.0,10.0,67.0,19.0,8.100000000000364,7.400000000000546,9.0,45.0,40.0,3.6,40.6,2481,2.0,11.0,1139,520,2393.0,-4.0,47.0,1044.0,523.0,1981.6980600000024,2262.4026000000013,1578.1626000000106,-0.020662250999999854,0.19999999999998863,0.3999999999998636,14.100000000000136,0.10000000000000853,-0.10000000000000142,-0.20000000000000284,0.9491000000000014,1.4234000000000009,1439.3499999999767,0.18292189999999664,-1.5999999999999943,0.04358171500000019,18.57272338,0.0600000000000005,0.3200000000000003,0.6400000000000006,0.5800000000000001,0.5399999999999991,0.23000000000000043,0.33999999999999986,0.02999999999999936,-0.09999999999999964,0.2,-0.21,0.26,0.65,1.38,1.68,2.35,3.22,0.006599999999999717,-0.04189999999999827,-0.009200000000000319,0.0005999999999999339,0.20000000000000284,0.29999999999999716,0.29999999999999716,0.20000000000000284,0.0,0.6000000000000014,0.20000000000000284,0.7000000000000028,0.20000000000000284,-0.10000000000000142,0.29999999999999716,0.0,0.10000000000000142,0.09999999999999432,0.30000000000000426,0.19999999999999574,0.09600000000000009,0.016000000000005343,0.1819999999999986,-0.0019999999999988916,0.03000000000000025,0.040000000000000036,-0.020000000000000018,-57.0,71.0,2.1484999999999843
1972-10-01,111.6880000000001,74.60000000000036,0.45200000000000173,6386.552999999956,571.4560300000012,0.5414999999999992,0.6801999999999992,0.6528999999999954,0.8423999999999978,0.9968000000000004,66.9059,0.35630000000000095,0.3855999999999966,0.36489999999999867,72.4174,0.5747,2.1654000000000053,1.6393000000000058,84.8843,154.0,0.713846154,99.0,73.0,5.6,-0.40000000000000036,-2.0,82.0,-8.0,18.0,-26.0,251000,410.0,157.0,-0.20000000000004547,38.0,119.0,97.0,22.0,253.0,68.0,9.399999999999636,50.19999999999982,11.0,31.0,40.1,3.6,40.7,2485,22.0,1.0,1135,505,2354.0,23.0,-72.0,1009.0,569.0,-700.6953300000023,1122.6171000000031,1237.2014999999956,-0.01033112600000008,-0.4999999999999716,-0.9999999999998863,16.0,1.2000000000000028,0.7999999999999972,0.7000000000000028,2.1333999999999946,1.427899999999994,1589.4100000000035,-1.9348823999999922,0.19999999999998863,0.016148983999999977,18.37907736,0.17999999999999972,0.13999999999999968,0.08000000000000007,0.0,0.0,-0.07000000000000028,-0.0699999999999994,-0.009999999999999787,-0.02999999999999936,0.16,-0.3,0.09,0.48,1.14,1.44,2.17,3.02,0.010299999999999976,-0.10800000000000409,-0.0461999999999998,-0.00029999999999996696,-0.20000000000000284,-0.10000000000000142,0.20000000000000284,0.3999999999999986,0.0,-0.10000000000000142,0.10000000000000142,-0.20000000000000284,-0.10000000000000142,0.3999999999999986,0.10000000000000142,-0.10000000000000142,0.09999999999999432,0.10000000000000142,0.10000000000000142,0.10000000000000142,0.02400000000000091,-0.6839999999999975,0.05999999999999872,-0.010000000000001563,0.02999999999999936,0.04999999999999982,0.009999999999999787,-50.0,97.0,0.5859000000000094
1972-11-01,50.414999999999964,33.100000000000364,0.10899999999999821,8973.617000000027,276.91245000000345,0.5052000000000021,0.4268999999999963,0.47350000000000136,0.43079999999999785,1.0642999999999958,66.835,0.31129999999999924,0.580600000000004,0.4305999999999983,73.0132,0.5076000000000036,0.6975999999999942,-2.343500000000006,85.689,65.0,0.770317253,101.0,374.0,5.3,-0.29999999999999893,-160.0,-86.0,-83.0,-31.0,-52.0,250750,299.0,75.0,-2.3999999999999773,-36.0,112.0,93.0,19.0,224.0,75.0,14.600000000000364,45.5,11.0,37.0,40.0,3.7,40.7,2421,-38.0,-55.0,1121,547,2234.0,25.0,-23.0,909.0,548.0,749.6029300000009,1140.739300000001,1480.7451,-0.020662251999999937,-0.4000000000000057,-1.6000000000000227,7.7000000000000455,-0.9000000000000057,-1.9999999999999964,-2.0000000000000036,2.499300000000005,1.5568999999999988,1864.8300000000163,-0.1468020000000081,5.5,-0.11502415300000024,19.11578451,0.009999999999999787,-0.03000000000000025,0.040000000000000036,-0.040000000000000036,-0.25,-0.05999999999999961,-0.20000000000000018,-0.08999999999999986,-0.07000000000000028,0.12,-0.28,0.03,0.21,1.06,1.22,2.06,2.93,-0.0020999999999999908,-0.02250000000003638,-0.043299999999999894,0.0047000000000000375,0.29999999999999716,0.20000000000000284,0.29999999999999716,1.1000000000000014,0.0,-0.09999999999999432,0.19999999999999574,-0.09999999999999432,0.19999999999999574,-0.3999999999999986,0.20000000000000284,0.09999999999999432,0.10000000000000142,0.10000000000000142,0.19999999999999574,0.20000000000000284,0.06400000000000006,0.5470000000000113,0.08000000000000185,0.01600000000000179,0.010000000000000675,0.040000000000000036,-0.019999999999999574,-21.0,303.0,1.8256999999999834
1972-12-01,18.45299999999952,26.699999999999818,0.10700000000000287,6375.739000000001,935.4870099999971,0.48620000000000374,0.3424000000000049,0.42600000000000193,0.5108000000000033,0.9342000000000041,66.9943,0.22940000000000182,0.6306999999999974,0.5982000000000021,73.4912,0.5445999999999955,-0.6573999999999955,-0.9716999999999985,86.5586,302.0,0.846797271,351.0,410.0,5.2,0.0,-188.0,74.0,-34.0,-19.0,-15.0,242400,295.0,84.0,-4.199999999999932,-65.0,153.0,124.0,29.0,211.0,73.0,15.099999999999909,54.399999999999636,10.0,41.0,39.7,3.7,40.6,2366,60.0,-73.0,1095,531,2419.0,60.0,49.0,1010.0,522.0,1577.2698799999998,2024.907600000006,1237.2016000000003,-0.020662251000000076,1.3999999999999773,1.3999999999999773,15.399999999999864,0.9000000000000057,-0.40000000000000213,-0.8000000000000007,1.5191999999999837,1.0353000000000065,2110.069999999978,0.9656765999999948,2.4000000000000057,-0.035630256999999776,19.33176142,0.27000000000000046,0.22000000000000064,0.29000000000000004,0.20999999999999996,0.25,0.040000000000000036,0.08000000000000007,-0.040000000000000036,-0.0600000000000005,0.07,-0.26,-0.03,0.19,0.83,1.03,1.75,2.6,-0.025599999999999845,0.25200000000000955,-0.006600000000000161,0.009399999999999964,0.4000000000000057,0.5,0.6000000000000014,1.7999999999999972,0.0,0.0,0.10000000000000142,0.0,0.10000000000000142,0.10000000000000142,0.10000000000000142,0.10000000000000853,0.10000000000000142,0.10000000000000142,0.10000000000000142,0.09999999999999432,0.06899999999999906,0.11299999999998533,0.08299999999999841,-0.002000000000000668,0.019999999999999574,0.07000000000000028,0.029999999999999805,-1.0,486.0,3.8122000000000185
1973-01-01,-19.91899999999987,-24.199999999999818,0.27399999999999736,6170.262999999977,725.9877000000051,0.316599999999994,0.25309999999999633,0.18900000000000006,-0.11209999999999809,-0.1414000000000044,66.9139,0.30630000000000024,0.37760000000000105,0.4272999999999989,73.5578,0.32380000000000564,0.29469999999999885,-0.2044999999999959,86.9641,100.0,0.912390199,-456.0,-239.0,4.9,-0.40000000000000036,32.0,-116.0,-59.0,-14.0,-45.0,228500,349.0,183.0,-3.5,67.0,118.0,94.0,24.0,166.0,55.0,16.09999999999991,31.100000000000364,10.0,6.0,39.7,3.8,40.4,2481,-70.0,245.0,1072,494,2271.0,-69.0,11.0,910.0,532.0,948.0548899999994,2310.092399999994,2747.171799999982,-0.010331125999999857,-0.4999999999999716,-0.39999999999997726,9.900000000000091,0.29999999999999716,1.5,1.3000000000000007,2.3042000000000087,1.8315999999999946,3103.9500000000116,2.9921356000000117,0.9000000000000057,-0.014744644999999945,19.29499977,0.6100000000000003,0.3699999999999992,0.33999999999999986,0.3200000000000003,0.3700000000000001,0.17999999999999972,0.09999999999999964,0.07000000000000028,-0.02999999999999936,-0.17,-0.53,-0.32,-0.05,0.4,0.52,1.21,1.96,-0.04070000000000018,0.5477000000000203,0.011400000000000077,0.0024999999999999467,0.29999999999999716,0.3999999999999986,0.19999999999999574,1.2000000000000028,0.0,0.3999999999999986,0.20000000000000284,-0.20000000000000284,0.0,0.0,0.29999999999999716,-0.20000000000000284,0.10000000000000142,0.10000000000000142,0.29999999999999716,0.20000000000000284,0.06500000000000128,-0.16100000000000136,0.18200000000000216,-0.036000000000001364,0.04999999999999982,0.09999999999999964,-0.010000000000000231,-176.0,-110.0,1.6126999999999896
1973-02-01,18.338999999999942,17.199999999999818,0.1739999999999995,766.6259999999893,626.4236799999999,0.632000000000005,0.6502000000000052,0.6362000000000023,0.7619999999999933,0.8563000000000045,67.5476,0.38659999999999783,0.6021000000000001,0.4623999999999988,74.579,0.669399999999996,-0.4825000000000017,-0.8500000000000014,88.0709,-6.0,0.885220126,877.0,751.0,5.0,-0.5,224.0,-81.0,-53.0,-15.0,-38.0,222000,397.0,205.0,2.7999999999999545,67.0,134.0,109.0,25.0,192.0,62.0,24.300000000000182,25.5,22.0,21.0,40.1,3.9,40.9,2289,-12.0,-56.0,1004,438,2226.0,-40.0,28.0,905.0,504.0,1020.4757500000051,2870.923999999999,2338.0186000000103,0.0,-1.6000000000000227,-4.199999999999932,-4.400000000000091,-1.4000000000000057,-1.1999999999999993,-1.5999999999999979,5.384800000000013,1.7550000000000097,2182.3099999999977,0.6878990999999814,-4.200000000000003,0.1038848240000001,18.33088343,0.6399999999999997,0.40000000000000036,0.1899999999999995,0.20999999999999996,0.3000000000000007,0.2599999999999998,0.17999999999999972,0.0699999999999994,0.0699999999999994,-0.41,-0.98,-0.75,-0.39,0.02,0.06,0.64,1.39,-0.3123,-23.36760000000004,0.07089999999999996,-0.0036999999999999256,0.5,0.5,0.6000000000000014,2.1000000000000014,0.0,1.6000000000000014,0.29999999999999716,0.19999999999999574,0.20000000000000284,0.0,0.3999999999999986,0.10000000000000142,0.10000000000000142,0.09999999999999432,0.30000000000000426,0.29999999999999716,0.11400000000000077,0.2220000000000084,0.2259999999999991,0.03800000000000203,0.0,-0.08000000000000007,-0.019999999999999574,-24.0,94.0,-2.7242999999999995
1973-03-01,5.967999999999847,2.0,0.037000000000002586,-1962.2269999999553,331.88008999999875,0.019099999999994566,0.16149999999999665,0.16869999999999408,0.17710000000000292,0.06009999999999849,67.7969,0.14970000000000283,-0.1332000000000022,0.04840000000000089,74.223,0.07659999999999911,0.6009000000000029,-0.8915000000000006,87.9475,37.0,0.905325444,482.0,540.0,4.9,0.09999999999999964,-123.0,77.0,-5.0,-21.0,16.0,227200,270.0,102.0,-0.39999999999997726,18.0,83.0,67.0,16.0,168.0,48.0,4.099999999999909,26.100000000000364,14.0,34.0,40.2,3.8,40.9,2365,6.0,-76.0,1174,414,2062.0,24.0,-94.0,817.0,498.0,1190.711789999994,3876.2244000000064,2260.0847000000067,0.0,-1.1999999999999886,-2.6000000000001364,-14.700000000000045,0.7999999999999972,0.1999999999999993,0.0,4.159300000000002,2.004499999999993,2157.1600000000035,0.7338182000000018,-1.7999999999999972,0.05029345499999982,17.71502046,0.5099999999999998,0.5899999999999999,0.4900000000000002,0.6799999999999997,0.6599999999999993,0.20000000000000018,0.07000000000000028,0.07000000000000028,0.05999999999999961,-0.33,-1.0,-0.58,-0.24,-0.29,-0.38,0.2,0.94,-0.19989999999999997,-16.519199999999955,0.04519999999999991,0.0010999999999999899,0.8999999999999986,1.2000000000000028,0.7000000000000028,2.1999999999999957,0.0,3.799999999999997,0.3999999999999986,0.20000000000000284,0.10000000000000142,0.0,0.5,0.0,0.19999999999999574,0.20000000000000284,0.3999999999999986,0.4000000000000057,0.15499999999999758,-0.11200000000000898,0.3539999999999992,0.012999999999998124,0.020000000000000462,0.020000000000000462,-4.440892098500626e-16,-15.0,70.0,-0.5371000000000095
1973-04-01,9.780000000000655,13.599999999999454,-0.11200000000000188,-2024.7119999999995,-322.5459600000031,-0.06139999999999901,-0.19700000000000273,-0.23699999999999477,-0.6465999999999994,-0.7237999999999971,67.2584,0.15319999999999823,0.08250000000000313,0.019200000000001438,74.3271,-0.06869999999999976,-1.403500000000001,-0.1063000000000045,87.5234,-69.0,0.876653958,172.0,107.0,5.0,-0.5999999999999996,124.0,134.0,-80.0,-32.0,-48.0,239000,171.0,54.0,0.1999999999999318,17.0,37.0,34.0,3.0,117.0,33.0,9.199999999999818,16.69999999999891,9.0,32.0,40.1,4.0,40.8,2084,-14.0,-26.0,831,516,1908.0,-42.0,-34.0,813.0,424.0,-484.3732799999998,3158.016499999998,2240.6011,0.010331125999999857,1.5,3.200000000000159,-2.8999999999998636,1.5,0.3999999999999986,0.5,2.576699999999988,1.8426000000000045,1684.5499999999884,0.1369602000000043,-2.1000000000000085,0.06880868399999995,17.10195354,0.03000000000000025,0.3700000000000001,0.16999999999999993,0.009999999999999787,0.0,-0.1299999999999999,-0.040000000000000036,-0.03000000000000025,0.0600000000000005,0.01,-0.86,-0.6,-0.27,-0.45,-0.45,0.14,0.97,0.0235000000000003,3.589999999999975,0.011299999999999866,0.0039999999999998925,0.30000000000000426,0.29999999999999716,0.19999999999999574,0.8000000000000043,0.0,1.0,0.30000000000000426,7.105427357601002e-15,0.29999999999999716,-7.105427357601002e-15,0.3999999999999986,0.09999999999999432,0.10000000000000142,0.10000000000000142,0.3999999999999986,0.29999999999999716,0.16300000000000026,0.1840000000000117,0.2729999999999997,0.03500000000000014,0.02999999999999936,0.019999999999999574,0.020000000000000462,27.0,223.0,0.24440000000001305
1973-05-01,21.99499999999989,16.700000000000728,0.060000000000002274,-1562.0920000000042,0.0,0.2927999999999997,0.30160000000000053,0.2986000000000004,0.38009999999999877,-0.10960000000000036,67.9637,0.1974000000000018,0.27729999999999677,0.2187999999999981,74.6073,0.2704000000000022,1.120199999999997,0.13920000000000243,87.7869,44.0,0.913143913,-41.0,89.0,4.9,0.09999999999999964,-37.0,-154.0,7.0,-2.0,9.0,240250,193.0,66.0,1.5,31.0,34.0,44.0,-10.0,127.0,39.0,8.200000000000273,27.600000000000364,12.0,40.0,40.2,3.8,40.7,2266,-18.0,98.0,961,488,1931.0,-32.0,21.0,824.0,447.0,379.0338499999998,3053.099000000002,2786.138899999991,0.010331124999999997,1.200000000000017,2.699999999999818,7.7000000000000455,0.5,0.10000000000000142,0.0,2.431600000000003,1.5130999999999943,2146.4400000000023,0.5317416999999978,-3.0999999999999943,0.09908758800000017,16.34231661,0.7199999999999998,0.1299999999999999,0.10000000000000053,0.10000000000000053,0.040000000000000036,0.1299999999999999,0.17999999999999972,0.03000000000000025,-0.02999999999999936,-0.58,-1.48,-1.22,-0.95,-1.04,-0.99,-0.55,0.22,-0.06780000000000008,-0.8408999999999764,0.046900000000000386,9.999999999998899e-05,0.29999999999999716,0.29999999999999716,0.9000000000000057,2.3999999999999986,0.0,0.29999999999999716,0.19999999999999574,-0.20000000000000284,0.0,0.10000000000000853,0.4000000000000057,-0.09999999999999432,0.10000000000000142,0.19999999999999574,0.30000000000000426,0.29999999999999716,0.10900000000000176,-0.13000000000000966,0.16900000000000048,-0.028999999999996362,0.020000000000000462,0.010000000000000675,-0.010000000000000231,98.0,503.0,-1.2582999999999913
1973-06-01,14.228000000000065,17.399999999999636,-0.0710000000000015,-969.6980000000331,401.3674800000008,0.057800000000000296,0.022100000000001785,-0.011700000000004707,-0.3913999999999973,-0.03180000000000405,67.3446,0.19709999999999894,0.09330000000000638,0.1863000000000028,73.9445,0.008000000000002672,0.46690000000000254,0.205600000000004,87.5089,25.0,0.911757965,571.0,537.0,4.9,-0.5,99.0,-72.0,-37.0,-13.0,-24.0,238800,239.0,103.0,6.400000000000091,56.0,42.0,41.0,1.0,136.0,36.0,17.899999999999636,19.600000000000364,9.0,55.0,40.1,3.8,40.7,2067,20.0,-78.0,889,419,2051.0,40.0,-56.0,963.0,444.0,54.55077000000165,2807.9735999999975,2571.8205000000016,0.0,-0.4000000000000341,-0.599999999999909,1.8999999999998636,0.6000000000000085,-0.19999999999999574,-0.3000000000000007,2.863299999999981,1.6950000000000074,1997.9300000000221,0.49681710000001544,-2.4000000000000057,0.08433811399999991,15.69989463,0.6500000000000004,0.7400000000000002,0.8300000000000001,0.6100000000000003,0.41999999999999993,-0.10999999999999943,0.05000000000000071,0.08000000000000007,0.07000000000000028,-0.49,-1.3,-1.26,-1.18,-1.8,-1.59,-1.12,-0.36,-0.11960000000000015,-0.1524000000000001,0.04559999999999986,-0.0023999999999999577,0.5,0.6000000000000014,0.7999999999999972,2.5,0.0,0.6000000000000014,0.30000000000000426,-1.4210854715202004e-14,0.20000000000000284,-0.10000000000000142,0.29999999999999716,-0.10000000000000142,0.19999999999999574,0.20000000000000284,0.29999999999999716,0.20000000000000284,0.1269999999999989,-0.06099999999999284,0.21300000000000097,0.013999999999995794,0.03000000000000025,0.040000000000000036,0.0,140.0,466.0,0.6022999999999854
1973-07-01,15.010999999999513,18.0,0.2259999999999991,6607.649000000034,13.482629999998608,0.166400000000003,0.16389999999999816,0.12450000000000472,-0.16329999999999956,-0.0490999999999957,67.1127,0.23629999999999995,0.1646999999999963,0.21039999999999992,74.0038,0.1792999999999978,0.04010000000000247,-0.8356000000000066,87.5779,65.0,0.939140534,56.0,114.0,4.8,0.0,-51.0,66.0,-23.0,20.0,-43.0,242750,26.0,37.0,5.2999999999999545,39.0,-8.0,13.0,-21.0,-11.0,10.0,8.200000000000273,-2.7000000000007276,11.0,-7.0,40.1,3.8,40.7,2123,-55.0,5.0,1007,407,1819.0,-28.0,45.0,735.0,422.0,239.83531999999832,1992.4784999999974,2182.1506999999983,0.0,-0.9999999999999716,-3.2999999999999545,7.2000000000000455,1.8999999999999915,1.2999999999999972,1.1999999999999993,2.499900000000025,1.7273999999999887,1705.2599999999802,0.5087302000000022,1.0,-0.013284678999999855,15.63781694,1.9100000000000001,1.2599999999999998,0.8199999999999994,0.8899999999999988,1.080000000000001,0.6399999999999997,0.22999999999999954,0.08000000000000007,0.10999999999999943,-1.14,-2.39,-2.28,-2.01,-3.07,-3.27,-2.95,-2.16,-0.22989999999999977,0.05570000000000164,-0.03869999999999996,0.001100000000000101,-0.10000000000000142,-0.19999999999999574,-0.7000000000000028,-2.5,0.0,1.2000000000000028,0.0,-0.19999999999998863,0.0,-0.10000000000000142,0.0,0.10000000000000142,0.10000000000000142,0.0,0.0,0.10000000000000142,0.08099999999999952,0.055999999999997385,0.04100000000000037,0.0,0.02999999999999936,0.009999999999999787,0.009999999999999787,92.0,486.0,-0.3567999999999927
1973-08-01,-15.11200000000008,-18.399999999999636,-0.3550000000000004,-10156.001000000047,131.71491000000242,-0.06289999999999907,-0.17719999999999914,-0.23060000000000258,-0.568000000000005,-1.3961000000000041,67.181,0.05310000000000059,0.05640000000000356,-0.04660000000000153,74.1117,-0.10820000000000363,0.6524999999999963,0.11260000000000048,87.0644,-97.0,0.916608595,-95.0,-95.0,4.8,0.20000000000000107,19.0,-54.0,32.0,-20.0,52.0,258250,255.0,37.0,5.7000000000000455,1.0,31.0,33.0,-2.0,218.0,39.0,16.5,13.800000000001091,10.0,39.0,40.0,3.7,40.6,2051,17.0,-7.0,874,458,1809.0,5.0,-1.0,735.0,409.0,9.40530000000581,2866.1551000000036,1860.6731000000145,0.0,-0.6000000000000227,-0.900000000000091,-28.5,0.20000000000000284,0.20000000000000284,0.0,2.738999999999976,1.6637000000000057,1738.2900000000081,0.2294834999999864,-2.0,0.07499488199999993,14.88462429,0.09999999999999964,1.0,0.6600000000000001,0.5300000000000011,0.4299999999999997,0.2999999999999998,0.27000000000000046,0.22999999999999954,0.28999999999999915,-0.24,-1.83,-1.85,-1.68,-2.87,-3.1,-2.82,-1.97,0.1499999999999999,0.6662000000000035,-0.0618000000000003,0.0043999999999999595,1.6000000000000014,2.0,1.2000000000000028,11.599999999999994,0.7499999999999996,0.7999999999999972,0.7999999999999972,0.30000000000001137,0.0,0.10000000000000142,1.2000000000000028,0.0,0.30000000000000426,0.20000000000000284,0.8999999999999986,0.7999999999999972,0.25900000000000034,-0.054000000000002046,0.6319999999999979,0.01600000000000179,0.010000000000000675,0.0,-0.009999999999999787,95.0,495.0,0.4035000000000082
1973-09-01,30.177999999999884,28.5,0.4150000000000027,3322.4490000000224,594.2727899999954,0.357999999999997,0.5138999999999996,0.6751000000000005,0.9485000000000028,1.526600000000002,67.6469,0.3380999999999972,0.18829999999999814,0.10140000000000171,74.315,0.329500000000003,1.7188999999999979,0.417500000000004,87.4336,-32.0,0.899770115,329.0,284.0,4.8,-0.40000000000000036,-79.0,86.0,-3.0,36.0,-39.0,246800,108.0,-11.0,3.0,4.0,-20.0,-9.0,-11.0,119.0,27.0,1.400000000000091,19.399999999999636,7.0,-12.0,40.0,3.8,40.7,1874,3.0,-20.0,774,398,1704.0,-42.0,-55.0,693.0,443.0,-375.2717200000043,2552.3563999999897,1967.83229999998,0.01033112600000008,0.0,-1.7999999999999545,-7.099999999999909,0.4000000000000057,0.29999999999999716,0.7000000000000028,0.4385000000000048,1.582400000000007,886.2099999999919,-0.7142614999999921,1.7999999999999972,-0.03763837800000003,14.93005399,0.27999999999999936,0.05000000000000071,-0.3800000000000008,-0.20000000000000107,-0.5099999999999998,-0.5800000000000001,-0.3100000000000005,-0.04999999999999982,0.10000000000000142,-0.47,-2.49,-2.33,-2.47,-3.73,-3.69,-3.15,-2.15,0.04369999999999985,0.25469999999995707,-0.057399999999999896,0.0043999999999999595,-0.10000000000000142,-0.20000000000000284,-0.5,-3.1999999999999957,0.0,-0.10000000000000142,0.20000000000000284,-1.4210854715202004e-14,-0.10000000000000142,0.09999999999999432,0.0,-0.10000000000000142,0.29999999999999716,0.29999999999999716,0.10000000000000142,0.20000000000000284,0.08999999999999986,-0.04999999999999716,0.020000000000003126,0.012000000000000455,0.040000000000000036,0.08000000000000007,0.010000000000000231,46.0,236.0,1.6599999999999966
1973-10-01,44.501000000000204,42.599999999999454,-0.19700000000000273,12430.646999999997,248.91007000000536,0.366100000000003,0.37650000000000006,0.376100000000001,0.26080000000000325,-0.3318000000000012,68.3097,0.29960000000000164,0.34720000000000084,0.20689999999999742,75.08,0.421599999999998,-1.3952999999999989,1.7616999999999976,87.985,59.0,0.958735521,293.0,499.0,4.6,0.7999999999999989,-148.0,-25.0,8.0,-33.0,41.0,241500,331.0,93.0,4.399999999999977,-5.0,93.0,63.0,30.0,238.0,64.0,15.699999999999818,42.100000000000364,1.0,85.0,40.0,3.7,40.6,1677,-36.0,-57.0,726,342,1411.0,-35.0,-28.0,582.0,324.0,1594.199440000004,3088.3895000000193,1928.8654000000097,-0.020662251000000076,0.9000000000000341,2.800000000000068,-9.100000000000136,1.2999999999999972,0.8999999999999986,1.2999999999999972,0.6628000000000043,1.4835999999999956,1876.4300000000221,-0.5441063000000099,4.200000000000003,-0.08505174700000007,15.19118753,-0.7699999999999996,-1.17,-1.0699999999999994,-1.129999999999999,-0.9100000000000001,-0.28000000000000025,-0.2999999999999998,-0.03000000000000025,-0.22000000000000064,-0.87,-2.79,-2.69,-2.61,-3.24,-3.22,-2.41,-1.6,0.011800000000000033,0.8600999999999885,0.01089999999999991,-0.007199999999999873,-0.10000000000000142,-0.10000000000000142,0.3999999999999986,-2.3999999999999986,0.0,0.7000000000000028,0.3999999999999986,-0.09999999999999432,0.29999999999999716,0.5000000000000071,0.29999999999999716,0.19999999999999574,0.5,0.3999999999999986,0.29999999999999716,0.29999999999999716,0.12900000000000134,-0.06100000000000705,0.22999999999999687,-0.0259999999999998,0.019999999999999574,0.03000000000000025,-0.010000000000000675,27.0,352.0,1.6929999999999836
1973-11-01,11.779999999999745,10.699999999999818,0.05100000000000193,8039.967000000004,358.84534999999596,0.208599999999997,0.16100000000000136,0.1670000000000016,0.2008999999999972,-0.03540000000000276,68.6639,0.14329999999999998,0.251100000000001,0.23110000000000142,76.0209,0.3068000000000026,-0.5326999999999984,-0.843599999999995,88.3043,-21.0,0.89899909,585.0,333.0,4.8,-0.29999999999999893,225.0,-65.0,39.0,25.0,14.0,253750,313.0,78.0,6.199999999999932,0.0,71.0,57.0,14.0,235.0,52.0,10.699999999999818,38.19999999999891,16.0,58.0,40.3,3.8,40.6,1724,20.0,-51.0,765,381,1402.0,10.0,-4.0,599.0,292.0,1205.760279999995,3428.8942999999854,3292.709499999997,-0.010331125999999857,0.8999999999999773,2.9999999999998863,1.7000000000000455,0.7999999999999972,-0.10000000000000142,-0.10000000000000142,0.7659000000000162,1.562899999999999,1658.1299999999756,-0.16273540000000253,-7.799999999999997,0.2662353479999999,13.83995644,0.019999999999999574,-0.030000000000001137,0.6100000000000003,0.6399999999999997,0.16999999999999993,0.15000000000000036,-0.05999999999999961,0.07000000000000028,0.009999999999999787,-0.92,-2.2,-2.07,-2.46,-3.11,-3.3,-2.36,-1.61,0.1358999999999999,11.927700000000016,-0.04219999999999979,-0.002000000000000113,0.4000000000000057,0.5,0.3999999999999986,0.5,0.0,1.2999999999999972,0.29999999999999716,0.09999999999999432,0.3999999999999986,-0.6000000000000014,0.5,-0.09999999999999432,0.29999999999999716,0.30000000000000426,0.4000000000000057,0.5,0.18799999999999883,0.2190000000000083,0.39000000000000057,0.004999999999999005,0.03000000000000025,0.02999999999999936,8.881784197001252e-16,7.0,342.0,3.127600000000001
1973-12-01,-13.672999999999774,-10.899999999999636,-0.24200000000000088,-6760.252999999968,-1180.2485799999995,-0.12959999999999638,-0.4037000000000006,-0.48790000000000333,-1.1092999999999975,-0.9669999999999987,67.5368,0.08030000000000115,0.1453999999999951,0.17800000000000082,76.9481,0.019700000000000273,-4.010100000000001,-0.10850000000000648,88.0543,-164.0,0.843840499,174.0,81.0,4.9,-0.40000000000000036,44.0,54.0,-65.0,-43.0,-22.0,284000,111.0,60.0,4.7000000000000455,7.0,47.0,37.0,10.0,51.0,-9.0,10.5,-7.199999999998909,9.0,35.0,40.1,3.6,40.6,1526,-45.0,-24.0,699,318,1288.0,-20.0,-47.0,520.0,324.0,-2008.9734499999977,2494.1749000000127,4296.109200000006,0.020662250999999854,-0.10000000000002274,0.3000000000000682,-1.7999999999999545,1.7999999999999972,0.30000000000000426,0.3999999999999986,1.275999999999982,1.4706999999999937,797.570000000007,-0.156111199999998,-7.219999999999999,0.28837868700000024,12.61216818,-0.08000000000000007,0.16999999999999993,-0.3799999999999999,-0.40000000000000036,-0.3000000000000007,-0.1200000000000001,0.009999999999999787,0.009999999999999787,0.0600000000000005,-0.67,-2.5,-2.39,-2.68,-3.15,-3.21,-2.27,-1.47,0.03530000000000033,1.9150000000000205,-0.06959999999999988,0.00029999999999996696,0.3999999999999986,0.3999999999999986,1.0,0.10000000000000142,0.0,6.100000000000001,0.3999999999999986,0.0,0.4000000000000057,0.09999999999999432,0.3999999999999986,0.0,0.20000000000000284,0.29999999999999716,0.3999999999999986,0.30000000000000426,0.19000000000000128,-0.10900000000000887,0.33999999999999986,0.029999999999997584,0.009999999999999787,0.009999999999999787,-8.881784197001252e-16,-94.0,309.0,2.690700000000021
1974-01-01,-43.873999999999796,-55.0,-0.015999999999998238,449.40199999994365,554.8620300000039,-0.30450000000000443,-0.2884999999999991,-0.4106000000000023,-0.8022000000000062,-2.3059999999999974,67.8514,-0.015000000000000568,-0.31619999999999493,-0.5258000000000003,77.6186,-0.346899999999998,1.004400000000004,-0.5922999999999945,87.0781,-3.0,0.815030146,309.0,154.0,5.1,0.0,68.0,94.0,32.0,28.0,4.0,305250,69.0,-70.0,4.5,-43.0,-32.0,-36.0,4.0,139.0,60.0,29.90000000000009,-10.899999999999636,14.0,20.0,39.8,3.5,40.5,1451,22.0,40.0,618,262,1331.0,15.0,32.0,540.0,300.0,2170.7447200000024,4010.709600000002,3653.154099999985,0.0,-0.9999999999999432,-2.3999999999999773,-10.700000000000045,0.30000000000001137,1.5,1.7000000000000028,1.811300000000017,0.9271999999999991,1241.5899999999965,0.8853104000000087,1.3299999999999983,-0.02854004500000018,12.51545531,-0.29999999999999893,-0.41999999999999993,0.3199999999999994,0.09000000000000075,0.15000000000000036,0.15000000000000036,0.25,0.15000000000000036,0.0,-0.79,-1.88,-2.0,-2.23,-2.7,-2.66,-1.82,-1.17,0.16439999999999966,17.956099999999992,-0.09339999999999993,-0.007899999999999907,1.1999999999999957,1.3000000000000043,1.1000000000000014,4.199999999999996,5.8,1.3999999999999986,0.5,0.0,0.5999999999999943,7.105427357601002e-15,0.6000000000000014,0.19999999999999574,0.29999999999999716,0.3999999999999986,0.6000000000000014,0.5,0.22299999999999898,0.20700000000000784,0.4870000000000019,-0.024999999999995026,0.0,0.0,-0.009999999999999787,-240.0,-211.0,1.4659999999999798
1974-02-01,-30.641999999999825,-29.699999999999818,-0.16300000000000026,-2447.6779999999562,266.54119999999966,-0.13819999999999766,-0.1858000000000004,-0.11929999999999552,-0.19829999999999615,-0.11090000000000089,67.6068,-0.07530000000000214,-0.09040000000000248,-0.15549999999999997,77.6752,-0.1711999999999989,-0.12570000000000192,0.0030000000000001137,86.4624,-83.0,0.782498415,286.0,199.0,5.2,0.09999999999999964,32.0,22.0,30.0,28.0,2.0,318500,154.0,9.0,3.7000000000000455,63.0,-61.0,-52.0,-9.0,145.0,23.0,19.90000000000009,-2.5,18.0,45.0,40.0,3.4,40.4,1752,28.0,31.0,780,342,1360.0,-6.0,13.0,543.0,319.0,61.13448999999673,3866.686399999977,3146.583400000003,0.0,0.5999999999999659,0.2999999999999545,-9.900000000000091,-1.3000000000000114,-1.3999999999999986,-1.5,1.74939999999998,1.471900000000005,1203.2400000000198,0.1645719999999926,-2.6599999999999966,0.12209792300000011,11.87707716,-0.6799999999999997,-0.8599999999999994,-0.6499999999999995,-0.6900000000000004,-0.54,-0.1299999999999999,-0.03000000000000025,0.019999999999999574,0.049999999999998934,-0.97,-1.85,-2.01,-2.09,-2.15,-2.01,-1.12,-0.44,-0.18809999999999993,-7.0464000000000055,0.050899999999999945,-0.014900000000000024,0.9000000000000057,1.1000000000000014,0.8999999999999986,1.0,0.0,1.1000000000000085,0.5,0.4000000000000057,0.6000000000000014,-7.105427357601002e-15,0.7999999999999972,-0.09999999999999432,0.20000000000000284,0.3999999999999986,0.5999999999999943,0.5999999999999943,0.2740000000000009,-0.0010000000000047748,0.6089999999999982,0.021999999999994913,0.04999999999999982,0.0600000000000005,0.020000000000000462,-94.0,-38.0,-0.020899999999983265
1974-03-01,-33.19300000000021,-31.5,0.04400000000000048,1678.6479999999865,649.240429999998,-0.00269999999999726,0.14990000000000236,0.1753,0.12010000000000076,0.033099999999997465,67.7797,0.1816000000000031,-0.15230000000000388,-0.20609999999999928,77.7014,-0.04660000000000508,1.0157000000000025,1.1064000000000007,86.1018,15.0,0.802114804,-32.0,65.0,5.1,0.09999999999999964,-19.0,-23.0,20.0,24.0,-4.0,311600,42.0,-31.0,0.8999999999999773,-4.0,-27.0,-12.0,-15.0,73.0,9.0,0.0,9.299999999999272,2.0,17.0,39.9,3.5,40.4,1555,-52.0,-16.0,653,340,1440.0,-5.0,46.0,544.0,357.0,-442.9899299999961,3083.6204000000143,4198.691699999996,-0.010331124999999997,-0.10000000000002274,1.3999999999999773,-6.7999999999999545,0.5,-0.30000000000000426,-0.3999999999999986,4.044800000000009,1.5866000000000042,792.0699999999779,-0.08947820000000206,3.989999999999995,-0.1293334070000003,12.10678059,0.379999999999999,0.6400000000000006,0.8399999999999999,0.8700000000000001,0.8799999999999999,0.4899999999999993,0.25,0.16000000000000014,0.08999999999999986,-0.71,-1.39,-1.52,-1.59,-2.04,-2.14,-1.34,-0.73,-0.0974999999999997,-8.922399999999982,0.06569999999999965,-0.0046000000000000485,0.5,0.3999999999999986,1.3000000000000043,-2.0,0.0,4.0,0.5,-0.20000000000000284,0.8000000000000043,0.20000000000000995,0.6000000000000014,-7.105427357601002e-15,0.3999999999999986,0.5,0.6000000000000014,0.5,0.2759999999999998,0.21999999999999886,0.5420000000000016,0.019000000000001904,0.020000000000000462,0.019999999999999574,-0.009999999999999787,-143.0,-250.0,2.05619999999999
1974-04-01,-2.967999999999847,-22.400000000000546,0.09399999999999764,-3630.0619999999763,610.86679,-0.13280000000000314,-0.21300000000000097,-0.23499999999999943,-0.18260000000000076,-0.31919999999999504,67.7059,-0.24620000000000175,-0.054299999999997794,0.0009999999999976694,77.0717,-0.18739999999999668,1.733699999999999,4.447199999999995,85.4761,119.0,0.830662625,-166.0,-150.0,5.1,0.10000000000000142,-76.0,53.0,40.0,16.0,24.0,293000,86.0,-17.0,9.699999999999932,-30.0,2.0,32.0,-30.0,103.0,34.0,7.099999999999909,28.200000000000728,6.0,39.0,39.1,2.9,39.5,1607,-2.0,20.0,690,337,1254.0,-23.0,-91.0,485.0,344.0,746.781329999998,3182.8151999999827,2893.2981000000145,0.010331124999999997,-0.8999999999999773,-3.1000000000000227,-5.5,2.1000000000000085,1.1000000000000014,0.6000000000000014,6.17410000000001,1.7781999999999982,1040.1300000000047,-0.10645650000000728,-4.980000000000004,0.2117811030000003,11.33996583,1.1600000000000001,1.2799999999999994,0.3700000000000001,0.4900000000000002,0.8599999999999994,0.6100000000000003,0.2999999999999998,0.2400000000000002,0.25,-0.59,-2.18,-2.19,-1.89,-2.59,-3.0,-2.26,-1.64,-0.05180000000000007,-4.390700000000038,0.04800000000000004,-0.0043999999999999595,0.5,0.3999999999999986,0.8999999999999986,-1.6999999999999957,0.0,4.099999999999994,0.30000000000000426,0.20000000000000284,0.5,-0.10000000000000853,0.20000000000000284,0.20000000000000995,0.20000000000000284,0.4000000000000057,0.20000000000000284,0.20000000000000284,0.16999999999999815,-0.001999999999995339,0.21399999999999864,-0.020999999999997243,0.009999999999999787,0.03000000000000025,-0.010000000000000675,-10.0,172.0,0.258199999999988
1974-05-01,4.57300000000032,3.0,0.08200000000000074,2176.1149999999907,529.9710199999972,0.36129999999999995,0.43780000000000285,0.48399999999999466,0.5668000000000006,0.18730000000000047,68.4971,0.3417999999999992,0.27960000000000207,0.23100000000000165,77.0371,0.33269999999999555,0.05359999999999587,0.4609000000000023,85.8811,-50.0,0.804675877,309.0,222.0,5.1,-0.20000000000000107,120.0,-47.0,-9.0,-11.0,2.0,297500,167.0,-35.0,7.0,-27.0,-14.0,-12.0,-2.0,202.0,43.0,12.800000000000182,32.29999999999927,10.0,30.0,39.8,3.4,40.3,1426,-20.0,-64.0,618,312,1138.0,-1.0,3.0,415.0,296.0,2364.4940300000017,4417.98020000002,4568.877999999997,0.0,-0.0999999999999659,-1.099999999999909,-15.200000000000045,1.0999999999999943,0.5,-0.30000000000000426,2.6399999999999864,1.3854000000000042,896.25,-0.8771726999999885,-2.789999999999992,0.13873785000000005,10.76925726,0.8000000000000007,0.9000000000000004,-0.09999999999999964,0.08000000000000007,0.16000000000000014,0.2599999999999998,0.07000000000000028,0.11999999999999922,0.1800000000000015,-0.49,-3.08,-2.91,-2.53,-3.13,-3.73,-2.94,-2.26,-0.10970000000000013,1.1923000000000457,0.025100000000000122,-0.005299999999999971,0.5999999999999943,0.5,1.6000000000000014,-2.3000000000000043,0.0,6.200000000000003,0.5,-0.20000000000000284,0.5999999999999943,0.10000000000000142,0.6000000000000014,0.19999999999998863,0.5,0.5,0.6000000000000014,0.6000000000000014,0.23900000000000077,0.2810000000000059,0.3440000000000012,0.028999999999996362,0.08000000000000007,0.040000000000000036,0.08000000000000007,47.0,356.0,-1.7557999999999936
1974-06-01,-3.490000000000691,-1.8999999999996362,-0.06700000000000017,-1732.7210000000196,114.08379000000423,-0.08670000000000044,0.052499999999994884,0.07580000000000098,0.20259999999999678,0.5822999999999965,68.4218,0.023800000000001376,-0.2173000000000016,0.018299999999999983,77.0533,0.007899999999999352,1.465600000000002,0.30819999999999936,85.657,-100.0,0.74812259,272.0,50.0,5.4,0.09999999999999964,40.0,108.0,46.0,35.0,11.0,305600,55.0,-44.0,5.300000000000068,-52.0,2.0,19.0,-17.0,99.0,19.0,9.599999999999909,9.600000000000364,8.0,18.0,39.7,3.3,40.2,1513,31.0,62.0,614,310,1086.0,-10.0,-4.0,386.0,287.0,-62.07502000000386,3514.7358999999997,4734.487699999998,0.02066225200000016,0.49999999999994316,1.4999999999998863,-8.199999999999818,0.7999999999999972,0.0,-0.3999999999999986,2.477300000000014,1.1406999999999954,680.8699999999953,-0.6028895000000034,0.12000000000000455,0.017087563999999666,10.61406134,0.6199999999999992,0.35999999999999943,-0.33000000000000007,-0.28000000000000114,-0.10999999999999943,-0.08000000000000007,-0.040000000000000036,0.10000000000000142,0.21999999999999886,-0.75,-4.03,-3.81,-3.26,-3.83,-4.39,-3.46,-2.66,0.0726,4.003600000000006,-0.023499999999999854,0.0040999999999999925,0.0,-0.20000000000000284,0.8999999999999986,-2.8999999999999986,0.0,0.8999999999999915,0.3999999999999986,0.0,0.6000000000000014,0.30000000000000426,0.3999999999999986,0.10000000000000853,0.3999999999999986,0.5,0.3999999999999986,0.29999999999999716,0.20800000000000196,0.39299999999998647,0.17599999999999838,-0.003999999999997783,0.04999999999999982,0.0600000000000005,-0.040000000000000036,130.0,335.0,0.102800000000002
1974-07-01,19.927999999999884,3.5,0.09299999999999997,-1131.9160000000265,756.0643300000011,0.09199999999999875,-0.08439999999999515,0.046100000000002694,-0.01279999999999859,-0.0910999999999973,68.4643,0.05940000000000012,0.25450000000000017,-0.0943000000000005,77.1405,-0.004199999999997317,-1.1961000000000013,0.8335000000000008,85.4222,-129.0,0.702547897,344.0,208.0,5.5,0.20000000000000107,29.0,85.0,-2.0,-22.0,20.0,309500,32.0,-129.0,6.399999999999977,-101.0,-34.0,-17.0,-17.0,161.0,36.0,7.599999999999909,28.600000000000364,4.0,49.0,39.7,3.3,40.1,1316,-60.0,-41.0,543,285,1002.0,-21.0,-21.0,372.0,259.0,1348.7209399999992,4438.009900000005,4919.580799999996,-0.01033112600000008,-0.0999999999999659,0.40000000000009095,-3.6000000000001364,1.5,0.7999999999999972,0.5,3.879099999999994,1.2924000000000007,1043.6199999999953,-0.8341517000000067,-10.480000000000004,0.5529047320000005,9.233380544,0.9900000000000002,0.75,-0.35000000000000053,-0.17999999999999883,0.13000000000000078,0.28000000000000114,0.2699999999999996,0.25,0.21000000000000085,-0.99,-5.37,-4.98,-4.12,-4.54,-5.11,-4.2,-3.44,-0.025700000000000056,8.009999999999991,-0.0005999999999999339,0.009899999999999909,1.4000000000000057,1.4000000000000057,1.8999999999999986,4.399999999999999,0.0,-0.5999999999999943,0.29999999999999716,-0.20000000000000284,0.5,-0.20000000000000284,0.19999999999999574,-0.10000000000000142,0.5,0.5,0.29999999999999716,0.3999999999999986,0.1819999999999986,-0.14699999999999136,0.1960000000000015,-0.03300000000000125,0.03000000000000025,0.009999999999999787,-0.019999999999999574,73.0,248.0,-1.865099999999984
1974-08-01,-8.485999999999876,-6.399999999999636,0.21199999999999974,-4788.411999999953,1357.5969999999943,-0.48329999999999984,-0.1682000000000059,-0.06900000000000261,-0.0945999999999998,-0.07130000000000081,68.3604,-0.08160000000000167,-0.7685000000000031,-0.5231999999999992,76.1319,-0.3943000000000012,-0.15169999999999817,0.28289999999999793,84.441,-85.0,0.691358025,-153.0,-112.0,5.5,-0.09999999999999964,83.0,-119.0,36.0,35.0,1.0,341400,-17.0,-66.0,6.399999999999977,14.0,-86.0,-60.0,-26.0,49.0,-4.0,5.300000000000182,-3.7000000000007276,1.0,40.0,39.7,3.4,40.2,1142,2.0,-46.0,443,255,917.0,-15.0,1.0,314.0,246.0,1918.682510000006,5607.362999999983,3692.1210000000137,0.0,0.0,-0.8999999999999773,-16.09999999999991,-0.09999999999999432,-0.29999999999999716,-0.29999999999999716,2.394599999999997,0.7861999999999938,648.25,-0.7686534999999992,-3.280000000000001,0.231473308,8.6921725,-0.9100000000000001,-0.14000000000000057,1.410000000000001,1.169999999999999,0.5599999999999987,0.25,0.22999999999999954,0.27999999999999936,0.28999999999999915,-0.22,-3.05,-2.9,-2.65,-3.38,-3.97,-3.01,-2.24,0.020399999999999974,11.30359999999996,-0.04400000000000004,0.0036000000000000476,1.0,0.8999999999999986,2.3999999999999986,3.1000000000000014,0.0,0.7999999999999972,0.6000000000000014,1.0,0.20000000000000284,0.10000000000000142,0.8000000000000043,0.09999999999999432,0.5,0.5999999999999943,0.7000000000000028,0.6000000000000014,0.26000000000000156,-0.3170000000000073,0.44099999999999895,0.03300000000000125,0.05999999999999961,0.13999999999999968,0.019999999999999574,176.0,369.0,0.6117999999999881
1974-09-01,-5.28899999999976,-5.600000000000364,-0.28600000000000136,-4141.947000000044,-1174.0258199999953,0.00740000000000407,-0.08869999999999578,-0.026099999999999568,-0.5330000000000013,-0.12770000000000437,67.5842,0.37730000000000175,0.09660000000000224,0.24279999999999902,75.9207,0.007000000000005002,-0.6629999999999967,-1.5165000000000006,84.253,-143.0,0.612286187,429.0,14.0,5.9,-0.20000000000000107,114.0,197.0,61.0,58.0,3.0,360750,-9.0,-122.0,7.899999999999977,-50.0,-78.0,-49.0,-29.0,113.0,2.0,-2.800000000000182,25.799999999999272,1.0,94.0,39.5,3.2,40.0,1150,32.0,-3.0,436,241,840.0,8.0,-8.0,264.0,219.0,-2805.6029000000053,2511.343200000003,5289.767099999968,0.04132450399999987,0.0999999999999659,1.099999999999909,-17.0,0.29999999999999716,0.10000000000000142,0.09999999999999432,1.6122000000000014,0.6107999999999976,76.09000000002561,-1.304844199999991,-7.909999999999997,0.5877493429999996,7.649513544,-0.6699999999999999,-0.4299999999999997,-0.9000000000000004,-0.5800000000000001,-0.4900000000000002,-0.26000000000000156,0.0,0.2400000000000002,0.41000000000000014,0.02,-3.28,-2.81,-2.47,-2.97,-3.3,-2.1,-1.16,0.012100000000000222,-3.1995999999999754,-0.029100000000000126,0.006500000000000061,0.5999999999999943,0.5,0.10000000000000142,-2.0,0.0,-0.8999999999999915,0.7000000000000028,-1.0999999999999943,0.3999999999999986,-0.10000000000000142,0.6999999999999957,7.105427357601002e-15,0.5,0.5,0.6999999999999957,0.6000000000000014,0.26099999999999923,0.3160000000000167,0.3880000000000017,0.0030000000000001137,0.04999999999999982,0.08999999999999986,-0.009999999999999787,43.0,-39.0,-0.48050000000000637
1974-10-01,16.274000000000342,9.800000000000182,-0.0779999999999994,-8300.715999999957,-449.0752500000017,-0.14270000000000493,-0.07200000000000273,0.04630000000000223,0.001300000000000523,-0.5640999999999963,67.9752,0.023799999999997823,-0.2062000000000026,-0.12870000000000203,74.4516,-0.2985000000000042,2.0855999999999995,1.018100000000004,83.4837,-238.0,0.559659605,30.0,-56.0,6.0,0.3000000000000007,0.0,90.0,51.0,44.0,7.0,396750,20.0,-156.0,10.600000000000023,-37.0,-128.0,-75.0,-53.0,176.0,42.0,5.099999999999909,34.0,2.0,62.0,39.6,3.1,40.0,1070,-36.0,-22.0,430,225,824.0,5.0,-1.0,253.0,210.0,-2690.8581699999995,-750.6369999999879,5055.96530000004,0.030993377000000155,0.4000000000000341,1.6000000000000227,-3.1000000000001364,0.4000000000000057,-0.20000000000000284,1.3000000000000043,1.2360999999999933,0.6460000000000008,-362.0800000000163,-1.7754889999999932,1.3199999999999932,-0.09538518599999968,7.685391859,-1.2799999999999994,-1.8099999999999987,-0.6000000000000005,-0.7899999999999991,-0.8199999999999985,-0.39999999999999947,-0.1399999999999988,0.02999999999999936,0.3000000000000007,-0.51,-2.6,-2.32,-2.01,-2.09,-2.16,-0.79,0.42,-0.1001000000000003,0.28050000000001774,0.01650000000000018,-0.0034000000000000696,1.0,1.0,1.3000000000000043,2.3000000000000043,1.0500000000000007,-3.5,0.3999999999999986,0.0,0.29999999999999716,-0.10000000000000142,0.5,0.09999999999999432,0.3999999999999986,0.4000000000000057,0.4000000000000057,0.5,0.1819999999999986,-1.4210854715202004e-14,0.2010000000000005,-0.037000000000002586,0.05000000000000071,-0.009999999999999787,0.020000000000000462,43.0,-111.0,-0.4093000000000018
1974-11-01,-30.128999999999905,-35.30000000000018,-0.2989999999999995,-5098.428000000014,-247.87294999999722,-1.4801999999999964,-1.1231000000000009,-1.0099000000000018,-1.6914000000000016,-2.0450000000000017,66.644,-0.31349999999999767,-1.783699999999996,-1.0091999999999999,72.1577,-1.2864999999999966,-2.8958000000000013,-0.5078999999999994,80.8232,-232.0,0.465635179,248.0,-369.0,6.6,-0.3000000000000007,329.0,148.0,56.0,24.0,32.0,457600,-365.0,-345.0,3.8999999999999773,-61.0,-287.0,-184.0,-103.0,-20.0,-40.0,2.100000000000364,-38.5,0.0,48.0,39.1,2.8,39.5,1026,-36.0,45.0,369,233,783.0,-13.0,-24.0,243.0,216.0,-618.869160000002,-845.0627000000095,4413.010099999956,0.030993378000000016,0.0999999999999659,-0.09999999999990905,-6.699999999999818,1.2000000000000028,-0.10000000000000142,0.3999999999999986,1.1744999999999948,0.5928000000000111,-325.04000000000815,-0.4726289000000179,2.299999999999997,-0.16124715100000042,7.860619422,-0.6100000000000012,-0.6000000000000014,0.009999999999999787,-0.22000000000000064,-0.39000000000000057,-0.29000000000000004,-0.22000000000000064,-0.379999999999999,0.11999999999999922,-0.5,-1.98,-1.93,-1.79,-1.77,-1.77,-0.56,1.15,-0.14629999999999965,0.7104999999999677,-0.007800000000000029,0.0044000000000000705,1.1000000000000014,1.1000000000000014,0.5999999999999943,1.0,0.0,-1.1000000000000085,0.5,0.29999999999999716,0.30000000000000426,-0.10000000000000142,0.5,-0.29999999999999716,0.3999999999999986,0.3999999999999986,0.5,0.5,0.19200000000000017,-0.527000000000001,0.27399999999999736,0.018000000000000682,0.019999999999999574,0.04999999999999982,-0.05000000000000071,-18.0,-131.0,2.0345000000000084
1974-12-01,-3.1010000000005675,-16.5,-0.053999999999998494,-13817.304000000004,-720.8020700000052,-1.5645000000000024,-1.4998000000000005,-1.5,-1.9472999999999985,-3.4224999999999994,65.8455,-0.8612000000000002,-1.5917999999999992,-1.4164999999999992,68.499,-1.899000000000001,0.9727999999999994,0.7221999999999937,77.0017,-239.0,0.394816154,14.0,-482.0,7.2,0.5,73.0,233.0,198.0,90.0,108.0,524000,-613.0,-470.0,-34.39999999999998,-51.0,-384.0,-272.0,-112.0,-143.0,-102.0,-11.900000000000091,-61.599999999998545,-2.0,27.0,39.1,2.6,39.3,975,23.0,-35.0,353,210,869.0,48.0,-5.0,266.0,236.0,-3524.168319999997,-2215.666599999997,4607.84500000003,0.06198675499999995,-0.8999999999999773,-1.8000000000000682,-6.7000000000000455,1.6999999999999886,0.10000000000000142,0.6000000000000014,0.8714000000000226,0.5673999999999921,-2.5,-1.0335884999999791,-4.670000000000002,0.35404723400000027,7.293378922,-0.9199999999999999,0.23000000000000043,-0.3199999999999994,-0.40999999999999925,-0.35000000000000053,-0.3700000000000001,-0.25,0.0,0.030000000000001137,0.65,-1.38,-1.42,-1.22,-1.22,-1.1,0.36,2.1,-0.1475000000000004,0.336400000000026,0.0041999999999999815,0.0007999999999999119,0.0,-0.10000000000000142,0.0,-2.700000000000003,0.0,-1.2999999999999972,0.3999999999999986,-0.5,0.29999999999999716,0.10000000000000142,0.5,0.0,0.4000000000000057,0.3999999999999986,0.5,0.3999999999999986,0.20400000000000063,0.0010000000000047748,0.277000000000001,0.014000000000002899,0.040000000000000036,0.04999999999999982,0.019999999999999574,-123.0,28.0,3.1928000000000054
1975-01-01,-4.670000000000073,-13.800000000000182,0.2270000000000003,-1148.738000000012,1707.108220000002,-0.5814000000000021,-0.8425999999999974,-0.9204000000000008,-1.2946999999999989,-1.5925000000000011,64.8442,-0.477800000000002,-0.3235000000000028,-0.6618999999999993,67.0292,-0.8185000000000002,-2.448500000000003,1.1031000000000049,75.2829,-150.0,0.329289428,348.0,-517.0,8.1,0.5999999999999996,168.0,495.0,229.0,142.0,87.0,535000,-359.0,-329.0,42.39999999999998,-19.0,-349.0,-237.0,-112.0,-30.0,-51.0,-18.0,-8.800000000001091,-5.0,65.0,38.9,2.5,39.2,1032,0.0,39.0,382,199,726.0,-82.0,3.0,235.0,203.0,-270.87281999999686,-2185.145199999999,1558.6791000000085,0.0,-0.8000000000000114,0.6999999999999318,-5.2999999999999545,-0.8999999999999915,0.8000000000000043,1.1999999999999957,0.3108000000000004,0.23810000000000286,112.1700000000128,-0.6623998999999969,5.490000000000009,-0.3739625179999999,7.879849437,-1.3999999999999995,-1.79,-0.8900000000000006,-0.75,-0.47999999999999954,0.10000000000000053,0.07000000000000028,-0.0600000000000005,0.17999999999999972,0.26,-0.87,-0.77,-0.3,0.28,0.37,1.7,3.68,-0.07499999999999973,-0.7269000000000005,0.03289999999999971,0.00660000000000005,0.30000000000000426,0.19999999999999574,0.20000000000000284,-1.8999999999999986,0.0,-1.4000000000000057,0.3999999999999986,0.09999999999999432,0.10000000000000142,0.10000000000000142,0.4000000000000057,0.0,0.29999999999999716,0.3999999999999986,0.29999999999999716,0.3999999999999986,0.16100000000000136,-0.42799999999999727,0.1460000000000008,0.014999999999997016,0.03000000000000025,0.03000000000000025,-0.009999999999998899,-158.0,-489.0,0.12129999999999086
1975-02-01,-2.4399999999996,-20.399999999999636,0.24499999999999744,-2949.951000000001,701.0966899999985,-0.9436999999999998,-0.9466999999999999,-0.883499999999998,-0.7543000000000006,-1.0285999999999973,64.3298,-0.6540999999999997,-0.9206000000000003,-0.6824000000000012,64.7919,-1.0789000000000044,1.9616000000000042,-1.7650000000000006,73.0755,-58.0,0.320744681,-352.0,-371.0,8.1,1.0,-346.0,-30.0,286.0,194.0,92.0,544500,-375.0,-462.0,3.0,-123.0,-340.0,-231.0,-109.0,87.0,-36.0,-13.900000000000091,9.600000000000364,-5.0,123.0,38.6,2.4,38.9,904,48.0,-100.0,346,159,729.0,15.0,-14.0,223.0,217.0,-530.4592900000061,-2327.2607000000135,-662.438599999994,0.0,1.400000000000034,3.6000000000001364,4.899999999999864,-2.200000000000003,-2.200000000000003,-1.8999999999999986,-1.2064000000000021,0.6060999999999979,497.4400000000023,-0.3205922000000214,7.539999999999992,-0.44091725500000045,8.668037562,-0.8899999999999997,-1.0299999999999994,-0.7599999999999998,-0.7400000000000002,-0.8499999999999996,-0.2999999999999998,-0.11000000000000032,-0.21000000000000085,-0.16000000000000014,0.12,-0.74,-0.62,-0.26,0.87,1.15,2.38,4.41,-0.05469999999999997,-8.026200000000017,0.033500000000000085,0.005599999999999938,-0.10000000000000142,-0.19999999999999574,-0.20000000000000284,-1.7000000000000028,0.0,-2.1999999999999886,0.30000000000000426,0.10000000000000853,0.29999999999999716,0.0,0.19999999999999574,0.0,0.3999999999999986,0.30000000000000426,0.20000000000000284,0.20000000000000284,0.14199999999999946,0.5279999999999916,0.060000000000002274,-0.022999999999999687,0.03000000000000025,-0.009999999999999787,0.019999999999999574,68.0,-156.0,-0.14969999999999573
1975-03-01,3.6979999999994106,-0.1999999999998181,-0.05999999999999872,-13620.23999999999,-1106.6126799999984,-0.44479999999999364,-0.346899999999998,-0.11030000000000229,0.143100000000004,0.41080000000000183,64.2796,-0.3232999999999997,-0.5275999999999996,-0.31829999999999714,63.2826,-0.5138999999999996,2.5090000000000003,-1.2911000000000001,71.9652,-70.0,0.293557283,389.0,-69.0,8.6,0.10000000000000142,246.0,14.0,233.0,181.0,52.0,546600,-270.0,-238.0,2.6000000000000227,-90.0,-151.0,-95.0,-56.0,-32.0,-36.0,-13.099999999999909,-1.7999999999992724,-2.0,7.0,38.3,2.3,38.8,993,-77.0,41.0,400,230,709.0,-9.0,-9.0,215.0,223.0,-2174.5068399999946,-2993.0099000000046,-1003.399700000009,0.04132450300000001,0.2999999999999545,3.099999999999909,14.100000000000136,0.20000000000000284,-0.7999999999999972,-0.7999999999999972,-2.261400000000009,0.5467999999999904,-354.11999999999534,-0.8434475999999904,3.680000000000007,-0.17212628099999971,9.083295507,-0.7000000000000002,-0.3000000000000007,-0.009999999999999787,0.0,0.1299999999999999,0.1899999999999995,0.34000000000000075,0.05000000000000071,-0.16999999999999993,0.52,-0.05,0.08,0.57,1.76,2.19,3.13,4.94,0.010399999999999743,-3.709699999999998,0.02220000000000022,9.999999999998899e-05,0.0,-0.20000000000000284,-0.3999999999999986,-0.7999999999999972,0.0,0.5,0.19999999999999574,-0.10000000000000853,0.4000000000000057,0.0,0.20000000000000284,0.10000000000000142,0.10000000000000142,0.29999999999999716,0.19999999999999574,0.20000000000000284,0.08899999999999864,0.15800000000000125,-0.020000000000003126,-0.05099999999999838,0.04999999999999982,0.16000000000000014,0.009999999999999787,-121.0,-445.0,5.14500000000001
1975-04-01,6.126000000000204,-5.100000000000364,0.03200000000000003,4406.300999999978,661.685940000003,0.07679999999999865,0.36880000000000024,0.4759999999999991,1.1544999999999987,1.3855000000000004,65.1977,-0.09769999999999968,-0.20009999999999906,-0.32060000000000244,63.7578,0.001100000000000989,2.139499999999998,-0.3214000000000041,71.8504,6.0,0.285992692,234.0,2.0,8.8,1.0999999999999996,-278.0,89.0,368.0,173.0,195.0,525250,-188.0,-165.0,-4.0,-63.0,-94.0,-103.0,9.0,-23.0,-48.0,-2.099999999999909,-33.80000000000109,3.0,41.0,38.7,2.4,39.0,1005,14.0,-20.0,401,247,866.0,30.0,43.0,283.0,239.0,2086.0969599999953,-2450.3002999999735,87.6757000000216,-0.020662251999999937,-1.599999999999966,-0.7999999999999545,12.399999999999864,1.0999999999999943,0.5,0.5,-0.708200000000005,0.46050000000002456,-531.8399999999965,-1.0436339000000032,0.9399999999999977,-0.03286932500000006,9.214334071,-0.04999999999999982,0.05000000000000071,0.1200000000000001,0.3799999999999999,0.79,0.6900000000000004,0.5,0.27999999999999936,0.09999999999999964,0.62,0.12,0.51,1.41,2.5,2.74,3.46,5.09,0.07540000000000013,4.248199999999997,-0.04730000000000034,0.010499999999999954,0.5,0.5,0.10000000000000142,2.3999999999999986,0.0,-0.4000000000000057,0.20000000000000284,-0.09999999999999432,0.09999999999999432,-0.09999999999999432,0.10000000000000142,-0.20000000000000284,0.29999999999999716,0.29999999999999716,0.20000000000000284,0.19999999999999574,0.08900000000000219,-0.09899999999998954,-0.018000000000000682,0.006000000000000227,0.009999999999999787,-0.009999999999999787,-0.04999999999999982,-80.0,-173.0,4.865099999999984
1975-05-01,30.707000000000335,23.399999999999636,0.565999999999999,-102.1359999999986,2241.227739999995,-0.11700000000000443,0.02169999999999561,0.07830000000000581,0.2558999999999969,0.8858999999999995,65.0054,-0.2557000000000009,-0.2453999999999965,-0.3520000000000003,64.3039,-0.05169999999999675,-1.9838000000000022,-1.4281999999999968,71.6374,-4.0,0.27795565,485.0,262.0,9.0,0.5,136.0,-27.0,201.0,76.0,125.0,498800,164.0,-12.0,10.600000000000023,-13.0,-13.0,-41.0,28.0,176.0,39.0,1.2999999999997272,45.600000000000364,5.0,32.0,38.9,2.4,39.0,1121,27.0,29.0,422,286,914.0,2.0,27.0,272.0,269.0,-652.7282599999962,-2241.419099999999,-1169.0093000000343,-0.01033112600000008,3.1999999999999886,2.699999999999932,20.799999999999955,0.20000000000000284,-0.5,-0.5,-1.3368999999999858,0.0841999999999814,-116.93000000002212,-1.4871168999999895,5.3799999999999955,-0.2447986999999996,9.839310091,-0.27000000000000046,-0.41000000000000014,-0.3799999999999999,-0.41000000000000014,-0.5100000000000007,-0.27000000000000046,-0.16999999999999993,-0.049999999999998934,0.10999999999999943,0.48,0.01,0.37,1.17,2.5,2.84,3.68,5.47,-0.04930000000000012,-0.7663000000000011,-0.0501999999999998,0.01760000000000006,0.29999999999999716,0.3999999999999986,-0.20000000000000284,1.7000000000000028,0.0,-0.5999999999999943,0.10000000000000142,0.10000000000000853,0.10000000000000142,-0.10000000000000853,0.29999999999999716,-0.19999999999999574,0.20000000000000284,0.10000000000000142,0.19999999999999574,0.10000000000000142,0.1059999999999981,-0.6370000000000147,0.07600000000000051,0.021999999999998465,0.019999999999999574,0.009999999999999787,0.020000000000000462,42.0,-34.0,1.8041000000000054
1975-06-01,88.2569999999996,9.100000000000364,0.04100000000000037,3992.9470000000438,-56.00475999999617,0.25250000000000483,0.24150000000000205,0.306599999999996,0.7623000000000033,0.3842999999999961,65.9739,-0.14699999999999847,0.2575000000000003,0.01740000000000208,66.1366,0.3138000000000005,-1.1555999999999997,1.4121999999999986,72.1233,170.0,0.305839416,-309.0,-96.0,8.8,1.9000000000000004,-179.0,-166.0,200.0,-16.0,216.0,495500,-103.0,-79.0,-0.10000000000002274,-26.0,-56.0,-66.0,10.0,-24.0,29.0,-1.599999999999909,44.399999999999636,-1.0,-43.0,38.8,2.4,39.2,1087,-27.0,14.0,398,289,946.0,-9.0,-3.0,310.0,275.0,72.42085999999836,-2484.637000000017,-487.08720000000903,-0.030993376999999933,0.19999999999998863,2.300000000000068,14.900000000000091,1.4000000000000057,-0.10000000000000142,-0.20000000000000284,-1.436000000000007,0.12989999999999213,-2830.889999999985,-5.264612400000004,2.3000000000000114,-0.08770087100000001,10.13557108,0.33000000000000007,-0.03000000000000025,0.10999999999999943,0.020000000000000462,-0.09999999999999964,-0.20999999999999996,-0.20000000000000018,-0.13000000000000078,-0.07000000000000028,0.12,-0.21,0.06,0.74,1.96,2.31,3.22,5.07,-0.01499999999999968,2.03570000000002,-0.040200000000000014,-0.0021999999999999797,0.5,0.5,0.0,0.29999999999999716,0.0,-1.4000000000000057,0.3999999999999986,-0.10000000000000853,0.5,0.10000000000000142,0.3999999999999986,0.0,0.29999999999999716,0.30000000000000426,0.30000000000000426,0.3999999999999986,0.16600000000000037,0.1640000000000157,0.232999999999997,0.013999999999999346,0.03000000000000025,0.05999999999999961,0.009999999999998899,170.0,-2593.0,3.7957999999999856
1975-07-01,-56.761999999999716,-1.8999999999996362,0.11700000000000088,2225.3800000000047,791.3265899999969,0.4187999999999974,0.6903999999999968,0.7319000000000031,1.4608999999999952,1.9187999999999974,67.0241,0.1136000000000017,0.15329999999999444,-0.03229999999999933,67.8399,0.534799999999997,0.44660000000000366,1.4329000000000036,73.0294,44.0,0.314753292,446.0,539.0,8.6,-0.3000000000000007,10.0,-258.0,100.0,4.0,96.0,442000,249.0,-37.0,0.10000000000002274,-25.0,-12.0,-50.0,38.0,286.0,45.0,12.0,32.399999999999636,11.0,77.0,39.1,2.6,39.4,1226,61.0,39.0,431,295,1020.0,13.0,48.0,306.0,292.0,3530.7520300000033,350.0429000000004,496.829000000027,-0.02066225200000016,-1.8999999999999773,-3.0,5.7000000000000455,1.0999999999999943,0.29999999999999716,0.20000000000000284,-0.9869999999999948,-0.023199999999974352,1241.2799999999988,1.2427562000000023,0.0899999999999892,-0.003907056000000075,10.18209753,0.5499999999999998,0.6500000000000004,0.79,0.8899999999999997,0.8200000000000003,0.41000000000000014,0.20000000000000018,0.07000000000000028,-0.06999999999999851,0.22,0.03,0.4,1.01,1.82,1.96,2.74,4.45,0.1195999999999997,2.9078999999999837,-0.09580000000000011,0.0044999999999999485,0.5,0.6000000000000014,0.20000000000000284,0.8999999999999986,0.0,-0.29999999999999716,0.5,0.3999999999999915,0.8000000000000043,0.0,0.7000000000000028,0.19999999999999574,0.20000000000000284,0.3999999999999986,0.6999999999999957,0.5,0.2289999999999992,0.1799999999999926,0.4100000000000037,0.010000000000001563,0.020000000000000462,0.020000000000000462,8.881784197001252e-16,151.0,243.0,1.5093000000000245
1975-08-01,37.97999999999956,37.599999999999454,0.07499999999999929,5283.475999999966,554.8620300000039,0.39990000000000236,0.16050000000000608,0.07789999999999964,0.3167000000000044,0.5278000000000063,67.1744,-0.10910000000000153,0.6174999999999997,0.5248999999999988,68.734,0.3866999999999976,0.3399999999999963,-0.34150000000000347,73.6483,-28.0,0.319122099,141.0,340.0,8.4,0.5999999999999996,-74.0,103.0,-81.0,-152.0,71.0,452000,383.0,195.0,4.100000000000023,46.0,146.0,97.0,49.0,188.0,50.0,7.699999999999818,40.400000000001455,10.0,9.0,39.4,2.8,39.7,1260,-41.0,35.0,478,288,994.0,-4.0,-32.0,316.0,292.0,221.02469999999448,-575.1386000000057,1061.8500999999815,-0.020662250999999854,-0.8999999999999773,-4.100000000000023,8.099999999999909,-0.4000000000000057,-0.3999999999999986,-0.3999999999999986,-0.7228000000000065,0.10129999999998063,350.3500000000058,-1.3094374000000073,-6.780000000000001,0.3173053019999994,9.5792477,0.040000000000000036,0.2699999999999996,0.3100000000000005,0.4400000000000004,0.5899999999999999,0.41000000000000014,0.33999999999999986,0.10999999999999943,0.03999999999999915,0.45,0.3,0.8,1.56,2.19,2.26,2.81,4.45,0.06450000000000022,1.6021000000000072,-0.07019999999999982,0.0045000000000001705,0.5,0.6000000000000014,0.5,0.6000000000000014,0.0,0.3999999999999915,0.20000000000000284,-0.3999999999999915,0.3999999999999986,-0.09999999999999432,0.10000000000000142,-0.10000000000000142,0.29999999999999716,0.19999999999999574,0.10000000000000142,0.20000000000000284,0.11700000000000088,-0.019000000000005457,0.17900000000000205,-0.06700000000000017,0.040000000000000036,-0.010000000000000675,0.009999999999999787,128.0,38.0,3.129499999999979
1975-09-01,12.089000000000851,12.800000000000182,0.07400000000000162,1091.060999999987,101.63827999999921,0.5307999999999993,0.5677999999999983,0.6535000000000011,0.8560000000000016,0.7952999999999975,68.0129,0.26729999999999876,0.48450000000000415,0.35719999999999885,70.5381,0.6451000000000064,0.16560000000000485,2.442,74.7531,66.0,0.327653667,40.0,45.0,8.4,0.5000000000000018,70.0,-14.0,44.0,-82.0,126.0,445250,75.0,108.0,1.2999999999999545,26.0,80.0,29.0,51.0,-33.0,17.0,19.40000000000009,2.1999999999989086,10.0,-46.0,39.5,2.8,39.8,1264,-1.0,-39.0,503,307,1064.0,13.0,11.0,334.0,320.0,-91.23146999999881,-949.0264000000025,1363.8441999999923,0.0,1.1999999999999318,0.39999999999997726,2.1000000000001364,0.10000000000000853,0.10000000000000142,0.0,-0.10620000000000118,0.20120000000000005,894.359999999986,-0.32718810000000076,-1.039999999999992,0.053167494000000204,9.58354076,0.10000000000000053,0.20000000000000018,-0.020000000000000462,-0.020000000000000462,0.04999999999999982,0.03999999999999915,0.02999999999999936,0.0,0.019999999999999574,0.55,0.18,0.68,1.51,2.13,2.19,2.71,4.37,0.031200000000000117,1.932799999999986,-0.030899999999999928,-0.009100000000000108,0.3999999999999986,0.3999999999999986,0.20000000000000284,1.5,0.0,1.0,0.3999999999999986,0.10000000000000853,0.7999999999999972,0.09999999999999432,0.29999999999999716,0.10000000000000142,0.4000000000000057,0.4000000000000057,0.5,0.3999999999999986,0.13400000000000034,0.058000000000006935,0.0449999999999946,0.0730000000000004,0.019999999999999574,0.020000000000000462,-0.009999999999999787,6.0,-120.0,4.070700000000016
1975-10-01,24.118999999999687,19.399999999999636,-0.0020000000000024443,557.5460000000312,345.36271999999735,0.18019999999999925,0.13449999999999562,0.09219999999999828,0.08779999999999433,-0.16910000000000025,68.2704,0.06380000000000052,0.21940000000000026,-0.05039999999999978,71.6881,0.2055999999999969,-1.4661000000000044,-1.6893999999999991,75.0165,1.0,0.32885906,65.0,91.0,8.4,-0.7000000000000011,84.0,35.0,-217.0,-67.0,-150.0,421250,312.0,100.0,4.7000000000000455,14.0,80.0,3.0,77.0,212.0,36.0,4.5,29.899999999999636,10.0,76.0,39.5,2.7,39.9,1344,2.0,44.0,495,349,1096.0,-9.0,16.0,341.0,338.0,-619.809699999998,-1411.6171000000031,1480.7451,-0.01033112600000008,-1.8999999999999773,-2.1000000000000227,1.599999999999909,0.5,0.0,0.19999999999999574,-0.10779999999999745,0.7305000000000064,684.8399999999965,-0.8906311000000073,3.8999999999999915,-0.2042305209999995,10.1687461,-0.41999999999999993,-0.4400000000000004,-0.45999999999999996,-0.6699999999999999,-0.7999999999999998,-0.39999999999999947,-0.28999999999999915,-0.08999999999999986,0.009999999999999787,0.53,0.14,0.43,1.13,2.15,2.32,3.04,4.8,-0.046800000000000175,2.427400000000034,-0.02660000000000018,-0.0012000000000000899,0.5,0.5,0.5999999999999943,0.5999999999999943,0.0,0.0,0.29999999999999716,0.19999999999998863,0.30000000000000426,0.0,0.3999999999999986,-0.19999999999999574,0.29999999999999716,0.29999999999999716,0.3999999999999986,0.29999999999999716,0.1579999999999977,-0.016000000000005343,0.2150000000000034,-0.03200000000000003,0.020000000000000462,-0.020000000000000462,-0.010000000000000675,64.0,-60.0,1.4189000000000078
1975-11-01,-0.31999999999970896,9.900000000000546,0.22100000000000009,-670.4980000000214,217.79631000000518,0.05729999999999791,0.002600000000001046,-0.026600000000001955,0.2021000000000015,0.01680000000000348,68.5852,-0.034600000000001074,0.10770000000000124,0.06289999999999907,71.9764,0.0583999999999989,-0.6717999999999975,0.43359999999999843,74.9958,97.0,0.3456505,-17.0,86.0,8.3,1.200000000000001,-244.0,-47.0,100.0,-97.0,197.0,400600,145.0,58.0,0.1999999999999318,17.0,41.0,34.0,7.0,87.0,30.0,10.099999999999909,13.5,4.0,3.0,39.5,2.8,39.9,1360,14.0,-18.0,540,324,1110.0,2.0,7.0,347.0,337.0,408.190300000002,-579.9075999999768,-204.57659999997122,0.01033112600000008,1.7000000000000455,2.800000000000068,3.2999999999999545,1.3999999999999915,0.0,0.10000000000000142,-0.09530000000000882,0.5189000000000021,1166.4100000000035,-0.010945599999985234,1.5,-0.08067314500000045,10.45440565,-0.6000000000000005,-0.5699999999999994,-0.47999999999999954,-0.4500000000000002,-0.45999999999999996,-0.16999999999999993,-0.08999999999999986,-0.08000000000000007,-0.05999999999999872,0.56,0.26,0.58,1.27,2.58,2.83,3.56,5.34,-0.009300000000000086,0.20889999999997144,-0.008399999999999963,-0.011199999999999877,0.20000000000000284,0.20000000000000284,0.20000000000000284,-0.6999999999999886,0.0,-0.19999999999998863,0.3999999999999986,-0.09999999999999432,0.6999999999999957,-0.5,0.30000000000000426,0.09999999999999432,0.6000000000000014,0.3999999999999986,0.30000000000000426,0.4000000000000057,0.17600000000000193,-0.01999999999999602,0.13300000000000267,0.05699999999999861,0.02999999999999936,0.0600000000000005,0.010000000000000675,82.0,105.0,3.058599999999984
1975-12-01,7.579999999999927,1.8999999999996362,0.28100000000000236,4836.4770000000135,822.4403499999971,0.5665000000000049,0.516600000000004,0.5483000000000047,0.5626999999999995,0.7367999999999952,68.9871,0.33230000000000004,0.6012999999999948,0.3252000000000024,73.0139,0.5694000000000017,0.061599999999998545,0.6848000000000027,75.9362,5.0,0.348527893,159.0,209.0,8.2,-0.10000000000000142,44.0,-154.0,79.0,138.0,-59.0,374250,332.0,160.0,5.600000000000023,37.0,115.0,74.0,41.0,172.0,35.0,13.700000000000273,43.20000000000073,14.0,43.0,39.8,2.9,40.2,1321,-6.0,-7.0,530,308,1091.0,-2.0,0.0,349.0,318.0,440.16833999999653,-1090.1880999999994,185.09309999999823,-0.02066225200000016,-1.1000000000000227,0.20000000000004547,6.900000000000091,2.0,0.3999999999999986,0.3999999999999986,0.7396999999999991,0.7119999999999891,2717.0800000000163,0.9893257999999889,-1.3699999999999903,0.05200264499999996,10.43300761,-0.019999999999999574,0.09999999999999964,-0.040000000000000036,0.04999999999999982,0.10999999999999943,-0.040000000000000036,-0.05000000000000071,0.009999999999999787,0.0,0.68,0.24,0.65,1.4,2.56,2.8,3.59,5.36,-0.020099999999999785,3.1247000000000185,-0.02629999999999999,0.0,0.10000000000000142,0.0,0.20000000000000284,-0.4000000000000057,0.0,-0.4000000000000057,0.30000000000000426,0.0,0.20000000000000284,0.6000000000000014,0.19999999999999574,-0.09999999999999432,0.29999999999999716,0.30000000000000426,0.29999999999999716,0.29999999999999716,0.15200000000000102,0.34499999999999886,0.10299999999999443,-0.04199999999999804,0.03000000000000025,0.03000000000000025,0.0,13.0,167.0,4.04679999999999
1976-01-01,34.03299999999945,24.800000000000182,0.2940000000000005,11424.900000000023,1333.7431199999992,0.5619999999999976,0.5225999999999971,0.4725999999999999,0.703000000000003,0.6636999999999986,69.6668,0.18100000000000094,0.5870999999999995,0.5129999999999981,73.3198,0.46940000000000026,2.6454999999999984,-0.403100000000002,76.6799,64.0,0.366737457,525.0,735.0,7.9,0.10000000000000142,-13.0,-37.0,-155.0,-150.0,-5.0,371200,486.0,197.0,1.3999999999999773,47.0,147.0,102.0,45.0,289.0,117.0,12.599999999999909,64.10000000000036,6.0,23.0,40.0,3.0,40.3,1367,-5.0,-4.0,550,343,1195.0,-3.0,-1.0,374.0,401.0,1638.40438,-859.3697000000102,2143.183699999994,-0.030993378000000016,0.9999999999999432,1.0999999999997954,12.099999999999909,-1.1999999999999886,0.6000000000000014,0.6000000000000014,-0.7104999999999961,0.9544999999999959,1581.4799999999814,-0.26943739999998684,8.159999999999997,-0.3460803269999997,11.54736334,-0.33000000000000007,-0.7199999999999998,-0.5700000000000003,-0.71,-0.79,-0.2999999999999998,-0.2599999999999998,-0.1899999999999995,-0.15000000000000036,0.29,0.0,0.27,0.94,2.59,2.87,3.73,5.54,-0.03069999999999995,-1.0343000000000302,0.00649999999999995,-0.007400000000000073,-0.10000000000000142,-0.20000000000000284,0.19999999999999574,-1.0,0.0,-0.20000000000000284,0.19999999999999574,0.09999999999999432,0.3999999999999986,-0.09999999999999432,0.10000000000000142,-0.10000000000000142,0.6000000000000014,0.29999999999999716,0.20000000000000284,0.20000000000000284,0.10500000000000043,-0.34199999999999875,0.05700000000000216,-0.027000000000004576,0.040000000000000036,0.009999999999999787,0.009999999999999787,3.0,-309.0,0.38110000000000355
1976-02-01,30.296000000000276,29.899999999999636,-0.02500000000000213,2076.380999999994,-385.81061000000045,0.43249999999999744,0.2775000000000034,0.22999999999999687,0.2745999999999995,0.5539000000000058,69.7268,0.13620000000000232,0.5693000000000055,0.6262000000000008,74.5104,0.6006999999999962,-2.2845000000000013,2.6422000000000025,77.6593,149.0,0.397488398,64.0,272.0,7.7,-0.3000000000000007,50.0,-174.0,-194.0,-146.0,-48.0,348250,313.0,94.0,-1.6999999999999318,-1.0,97.0,69.0,28.0,219.0,95.0,17.5,63.19999999999891,9.0,12.0,40.0,3.1,40.4,1538,44.0,76.0,614,330,1190.0,5.0,34.0,385.0,346.0,2082.334840000003,149.745900000009,2006.7993000000133,0.0,1.1000000000000796,3.300000000000182,21.200000000000045,-1.3000000000000114,-1.3999999999999986,-1.3999999999999986,-0.6037000000000035,1.25,1270.7200000000012,-0.06126340000000141,3.739999999999995,-0.13805399800000018,12.08682281,-0.10000000000000053,-0.03000000000000025,0.009999999999999787,0.0600000000000005,0.10000000000000053,-0.009999999999999787,0.04999999999999982,-0.049999999999998934,-0.16999999999999993,0.36,0.11,0.43,1.14,2.68,3.02,3.78,5.47,-0.03300000000000036,-3.0412999999999784,-0.0024000000000001798,-0.0129999999999999,-0.10000000000000142,-0.29999999999999716,0.20000000000000284,-0.8999999999999986,0.8699999999999992,-0.09999999999999432,0.10000000000000142,0.0,0.29999999999999716,0.09999999999999432,-0.10000000000000142,0.19999999999999574,0.29999999999999716,0.20000000000000284,0.10000000000000142,0.09999999999999432,0.03599999999999781,-0.16500000000000625,-0.14799999999999613,-0.007999999999995566,0.040000000000000036,0.03000000000000025,0.0,25.0,-200.0,0.8310000000000173
1976-03-01,13.738000000000284,18.400000000000546,0.1490000000000009,3590.407999999996,360.9196000000011,0.08740000000000236,0.008599999999994168,0.03020000000000067,-0.07220000000000226,-0.025000000000005684,69.6262,0.1258999999999979,0.15979999999999706,0.1565000000000012,74.5847,0.12630000000000052,-0.6162999999999954,0.2903999999999982,77.7378,23.0,0.405947441,217.0,313.0,7.6,0.1999999999999993,-171.0,15.0,-78.0,-5.0,-73.0,360500,232.0,87.0,4.100000000000023,-2.0,86.0,72.0,14.0,145.0,33.0,9.5,12.600000000000364,10.0,6.0,39.7,3.1,40.2,1421,-4.0,-16.0,506,341,1164.0,2.0,-5.0,365.0,343.0,1872.5965099999958,1155.0461999999825,2055.5080999999773,0.0,-0.5000000000000568,-4.0,14.0,0.7000000000000028,-0.4000000000000057,-0.3999999999999986,-2.5567000000000064,1.68040000000002,1665.5400000000081,0.5879133999999908,0.5,-0.01483027700000017,12.21202289,0.07000000000000028,0.1200000000000001,0.1200000000000001,0.2400000000000002,0.2999999999999998,0.040000000000000036,-0.05999999999999961,-0.030000000000001137,-0.120000000000001,0.41,0.16,0.6,1.37,2.65,2.89,3.68,5.28,-0.0043999999999999595,-1.0760999999999967,-0.0833999999999997,-0.007600000000000051,0.10000000000000142,0.0,0.19999999999999574,-0.6000000000000014,0.07000000000000028,0.5999999999999943,0.10000000000000142,-0.09999999999999432,0.5,0.0,-0.10000000000000142,7.105427357601002e-15,0.30000000000000426,0.29999999999999716,0.09999999999999432,0.0,0.04200000000000159,-0.19299999999998363,-0.08600000000000563,-0.0030000000000001137,0.03000000000000025,0.04999999999999982,0.0,81.0,-126.0,2.8536
1976-04-01,20.256999999999607,24.800000000000182,0.21499999999999986,2289.0659999999916,1076.5360500000024,0.2237000000000009,0.16140000000000043,0.11050000000000182,0.1559000000000026,-0.05749999999999744,69.9197,0.15549999999999997,0.2775000000000034,0.2836999999999996,74.9621,0.24380000000000024,1.068799999999996,0.3506,78.031,-17.0,0.398090041,531.0,431.0,7.7,-0.5999999999999996,310.0,16.0,-231.0,-180.0,-51.0,370250,244.0,70.0,-1.900000000000091,-1.0,71.0,54.0,17.0,174.0,75.0,14.699999999999818,52.80000000000109,12.0,-2.0,39.4,2.6,39.6,1395,-31.0,12.0,505,335,1132.0,-4.0,-25.0,357.0,348.0,-126.97163999999611,729.6535000000149,2532.8535000000265,0.0,0.10000000000002274,1.099999999999909,15.900000000000091,1.7999999999999972,0.30000000000000426,0.3999999999999986,-2.0121999999999787,1.9037999999999897,1879.5499999999884,0.4751832000000036,0.8000000000000114,-0.005759384999999728,12.30230836,-0.019999999999999574,-0.16000000000000014,-0.13999999999999968,-0.2600000000000007,-0.29000000000000004,-0.2400000000000002,-0.17000000000000082,-0.11999999999999922,-0.17999999999999972,0.27,0.04,0.36,1.1,2.43,2.74,3.58,5.12,-0.03600000000000003,-1.4096999999999866,-0.09650000000000003,-0.0022999999999999687,0.29999999999999716,0.3999999999999986,0.20000000000000284,2.3999999999999986,0.07000000000000028,2.200000000000003,0.10000000000000142,-0.10000000000000853,0.20000000000000284,-0.20000000000000284,0.10000000000000142,-7.105427357601002e-15,0.19999999999999574,0.20000000000000284,0.20000000000000284,0.10000000000000142,0.06299999999999883,0.5009999999999906,-0.04399999999999693,-0.017000000000003013,0.019999999999999574,0.0699999999999994,-0.040000000000000036,158.0,182.0,4.410200000000003
1976-05-01,6.055000000000291,14.199999999999818,-0.21699999999999875,-531.1120000000228,-451.14949999999953,0.17969999999999686,0.3125,0.29710000000000036,0.45129999999999626,0.13920000000000243,70.5566,0.14939999999999998,0.050499999999999545,0.1830999999999996,74.8064,0.2080000000000055,1.1861000000000033,0.8231999999999999,78.2498,69.0,0.423507727,101.0,378.0,7.4,-0.9000000000000004,-143.0,38.0,-95.0,95.0,-190.0,391600,20.0,-62.0,0.5,-35.0,-28.0,29.0,-57.0,82.0,25.0,8.300000000000182,22.69999999999891,9.0,-14.0,39.9,3.2,40.3,1459,-13.0,5.0,508,404,1194.0,5.0,9.0,396.0,357.0,83.70722999999998,-134.48519999999553,2484.1447000000044,0.01033112600000008,-0.8000000000000114,0.5,10.0,0.5,0.0,-0.20000000000000284,0.957099999999997,1.0723000000000127,701.9000000000233,-0.30756379999999695,-0.7000000000000028,0.04826941299999987,12.12291788,0.46999999999999975,0.35000000000000053,0.33999999999999986,0.4400000000000004,0.4800000000000004,0.33999999999999986,0.34000000000000075,0.17999999999999972,-0.08000000000000007,0.15,-0.09,0.33,1.11,2.3,2.61,3.29,4.57,-0.042300000000000004,-0.10460000000000491,-0.03839999999999999,-0.0034000000000000696,0.10000000000000142,0.0,0.29999999999999716,-0.29999999999999716,0.0,1.5,0.29999999999999716,0.20000000000000284,0.29999999999999716,0.10000000000000142,0.30000000000000426,0.10000000000000142,0.10000000000000142,0.19999999999999574,0.20000000000000284,0.30000000000000426,0.13299999999999912,-0.09700000000000841,0.1529999999999987,0.028000000000002245,0.04999999999999982,0.08000000000000007,0.05999999999999961,124.0,151.0,-0.6080000000000041
1976-06-01,7.800000000000182,3.300000000000182,0.34399999999999764,5903.505999999994,1148.097689999995,0.045999999999999375,-0.06979999999999364,-0.06840000000000401,-0.16509999999999536,-0.166400000000003,70.4042,0.08419999999999916,0.15409999999999968,0.13739999999999952,74.4621,0.0437999999999974,-0.5178000000000011,1.6891000000000034,78.1547,18.0,0.410406993,38.0,-231.0,7.6,1.8999999999999986,-8.0,232.0,217.0,83.0,134.0,393750,64.0,-6.0,3.2000000000000455,-17.0,8.0,11.0,-3.0,70.0,10.0,1.5,-4.0,10.0,-8.0,39.8,3.1,40.2,1495,16.0,-25.0,580,377,1188.0,-12.0,10.0,370.0,379.0,821.083249999996,455.91419999999925,3955.148199999996,-0.01033112600000008,-0.8999999999999773,-5.7999999999999545,-0.40000000000009095,0.8000000000000114,-0.20000000000000284,-0.19999999999999574,0.669399999999996,0.6663999999999817,1548.3799999999756,0.2641736999999864,0.5999999999999943,0.0011550389999999133,12.07900337,0.1900000000000004,0.3899999999999997,0.20999999999999996,0.14999999999999947,0.11999999999999922,0.020000000000000462,-0.040000000000000036,0.03999999999999915,0.030000000000001137,0.35,-0.07,0.29,1.04,2.13,2.38,3.14,4.41,-0.016899999999999693,0.18689999999998008,-0.04390000000000005,-0.006599999999999939,0.10000000000000142,0.10000000000000142,0.5,1.6000000000000014,0.0,0.7999999999999972,0.30000000000000426,1.4210854715202004e-14,0.5,0.0,0.19999999999999574,-0.09999999999999432,0.30000000000000426,0.30000000000000426,0.29999999999999716,0.19999999999999574,0.12300000000000111,-0.28999999999999204,0.14000000000000057,0.008000000000002672,0.020000000000000462,-0.040000000000000036,-0.02999999999999936,197.0,357.0,0.7437999999999931
1976-07-01,32.537999999999556,15.899999999999636,0.08800000000000097,338.8540000000503,421.0728700000036,0.24730000000000274,0.383899999999997,0.23519999999999897,0.3889999999999958,0.217800000000004,70.8849,0.14360000000000284,0.11309999999999576,0.23710000000000164,74.6495,0.30989999999999895,0.26550000000000296,-0.7386000000000053,78.55,-28.0,0.397463284,698.0,530.0,7.8,-1.1999999999999993,178.0,-100.0,-16.0,87.0,-103.0,390800,171.0,6.0,7.600000000000023,-5.0,3.0,-1.0,4.0,165.0,42.0,5.699999999999818,27.200000000000728,9.0,30.0,39.8,3.2,40.3,1401,-21.0,-14.0,551,347,1245.0,19.0,-7.0,388.0,406.0,1502.9679700000052,1455.4916999999841,2610.787399999972,0.01033112600000008,0.6999999999999886,3.2000000000000455,5.2999999999999545,1.1999999999999886,0.3999999999999986,0.5,0.040300000000002,0.9758000000000209,1533.0,-0.4655027999999959,2.4000000000000057,-0.05628061499999992,12.20052291,-0.17000000000000082,-0.29000000000000004,-0.17999999999999972,-0.23999999999999932,-0.3199999999999994,-0.1200000000000001,-0.03000000000000025,-0.05999999999999872,-0.07000000000000028,0.23,-0.08,0.22,0.89,2.18,2.52,3.25,4.51,0.014599999999999724,-4.54989999999998,0.020999999999999908,-0.0014000000000000679,0.20000000000000284,0.19999999999999574,0.30000000000000426,-0.4000000000000057,0.0,2.299999999999997,0.29999999999999716,0.0999999999999801,0.30000000000000426,0.10000000000000142,0.30000000000000426,0.09999999999999432,0.3999999999999986,0.29999999999999716,0.29999999999999716,0.30000000000000426,0.14300000000000068,0.3370000000000033,0.1280000000000001,0.01099999999999568,0.04999999999999982,0.09000000000000075,0.009999999999999787,179.0,283.0,-1.1990999999999872
1976-08-01,15.0600000000004,18.0,0.053999999999998494,1681.0509999999776,-306.98909000000276,0.301400000000001,0.16190000000000282,0.25430000000000064,0.11230000000000473,0.6220999999999961,70.6298,0.32909999999999684,0.42620000000000147,0.289399999999997,75.4406,0.2697000000000003,0.11899999999999977,0.0893000000000086,78.8635,5.0,0.396648045,158.0,130.0,7.8,-0.09999999999999964,-72.0,142.0,62.0,32.0,30.0,388500,157.0,50.0,-28.5,5.0,72.0,85.0,-13.0,107.0,37.0,1.7000000000002728,33.899999999999636,5.0,14.0,39.7,3.1,40.2,1550,13.0,51.0,574,409,1309.0,12.0,15.0,395.0,436.0,-361.1637700000065,-473.0824999999895,1714.5470000000205,0.0,0.8000000000000114,3.7000000000000455,11.700000000000045,-0.09999999999999432,-0.19999999999999574,-0.20000000000000284,0.6526000000000067,1.1578999999999837,922.0200000000186,-0.4922623999999871,-0.9000000000000057,0.06073100199999981,11.91171256,-0.019999999999999574,-0.17999999999999972,-0.09000000000000075,-0.1299999999999999,-0.20000000000000018,-0.1800000000000006,-0.0600000000000005,-0.11000000000000121,-0.17999999999999972,0.07,-0.15,0.11,0.71,2.02,2.48,3.16,4.35,-0.0036999999999998145,-4.015100000000018,-0.0021999999999999797,0.0132000000000001,0.19999999999999574,0.10000000000000142,0.19999999999999574,-1.1999999999999957,0.0,0.4000000000000057,0.29999999999999716,0.10000000000000853,0.29999999999999716,-0.19999999999999574,0.29999999999999716,0.0,0.29999999999999716,0.29999999999999716,0.30000000000000426,0.29999999999999716,0.1559999999999988,-0.3300000000000125,0.14699999999999847,0.03300000000000125,0.04999999999999982,0.040000000000000036,0.009999999999999787,119.0,212.0,2.0180999999999756
1976-09-01,4.61699999999928,7.600000000000364,0.11400000000000077,1413.0929999999935,5.1856299999999464,0.1448999999999998,0.18589999999999662,-0.022999999999996135,0.05739999999999412,-0.25959999999999894,70.9054,-0.05779999999999674,0.10309999999999775,-0.05609999999999715,75.7821,0.11899999999999977,0.036599999999999966,-0.43610000000001037,78.8909,-22.0,0.401084011,-188.0,-50.0,7.6,-0.40000000000000036,17.0,6.0,-82.0,-6.0,-76.0,407500,188.0,104.0,31.600000000000023,2.0,69.0,17.0,52.0,84.0,47.0,12.699999999999818,22.200000000000728,24.0,-36.0,39.9,3.1,40.2,1720,6.0,59.0,632,456,1481.0,-4.0,76.0,469.0,462.0,297.2076800000068,712.4851999999955,3721.3462999999756,0.0,-1.1999999999999886,-0.3000000000001819,11.0,0.09999999999999432,-0.20000000000000284,-0.20000000000000284,1.3782999999999959,1.0228999999999928,1746.539999999979,0.28729909999998426,2.200000000000003,-0.04867798599999995,11.98763267,-0.040000000000000036,-0.03000000000000025,-0.05999999999999961,-0.10000000000000053,-0.16000000000000014,-0.17999999999999972,-0.17999999999999972,-0.06999999999999851,-0.2400000000000002,0.08,-0.17,0.05,0.59,1.88,2.34,3.13,4.15,-0.008000000000000007,-3.2649000000000115,-0.05559999999999987,-0.010300000000000087,0.20000000000000284,0.10000000000000142,0.6000000000000014,-0.20000000000000284,1.7300000000000004,0.5,0.30000000000000426,-0.20000000000000284,0.6000000000000014,0.09999999999999432,0.29999999999999716,-0.10000000000000142,0.3999999999999986,0.4000000000000057,0.29999999999999716,0.29999999999999716,0.16000000000000014,0.5740000000000123,0.1460000000000008,-0.030000000000001137,0.040000000000000036,0.02999999999999936,-0.009999999999999787,10.0,16.0,1.4013000000000204
1976-10-01,-1.7069999999994252,3.899999999999636,0.04800000000000182,-5777.3369999999995,851.4798599999995,-0.011099999999999,0.2376999999999967,0.2481999999999971,0.4492000000000047,0.557699999999997,71.2462,0.02979999999999805,-0.24489999999999412,-0.2557000000000009,75.8505,-0.04529999999999745,1.7016999999999953,0.08769999999999811,78.6084,37.0,0.403364738,151.0,101.0,7.7,0.0,35.0,-44.0,-4.0,-31.0,27.0,409000,19.0,-105.0,0.2999999999999545,11.0,-117.0,-112.0,-5.0,124.0,3.0,5.700000000000273,10.099999999998545,15.0,57.0,39.7,3.2,40.0,1629,0.0,-53.0,574,476,1425.0,4.0,-27.0,421.0,477.0,97.81518999999389,1741.6302999999898,1977.574100000027,0.030993378000000016,1.7999999999999545,2.1000000000001364,14.5,1.0,0.3999999999999986,0.4000000000000057,1.2650999999999897,1.2931000000000097,1764.0500000000175,0.502108800000002,-3.5999999999999943,0.19435172400000011,11.3717508,-0.23000000000000043,-0.23000000000000043,-0.16000000000000014,-0.2400000000000002,-0.33999999999999986,-0.3799999999999999,-0.17999999999999972,-0.0600000000000005,-0.11000000000000121,0.08,-0.1,0.04,0.48,1.73,2.39,3.3,4.27,-0.026800000000000157,3.8280000000000314,-0.08950000000000014,-0.0023999999999999577,0.29999999999999716,0.3999999999999986,0.10000000000000142,-0.3999999999999986,0.0,0.5,0.29999999999999716,-0.19999999999998863,0.6000000000000014,-0.19999999999999574,0.30000000000000426,7.105427357601002e-15,0.30000000000000426,0.29999999999999716,0.3999999999999986,0.30000000000000426,0.14999999999999858,0.05999999999998806,0.16100000000000136,-0.023999999999997357,0.009999999999999787,0.07000000000000028,-0.04999999999999982,919.0,884.0,1.7991999999999848
1976-11-01,46.779999999999745,38.69999999999982,0.17799999999999727,8044.7729999999865,239.57594000000245,0.6853999999999942,0.7918000000000021,0.9491999999999976,1.1176999999999992,1.4147999999999996,72.0769,0.6730000000000018,0.5705999999999989,0.36489999999999867,76.0757,0.5668000000000006,4.2424000000000035,1.1750000000000114,79.4494,68.0,0.402230971,550.0,360.0,7.8,0.10000000000000142,-119.0,164.0,62.0,15.0,47.0,389500,329.0,170.0,1.7999999999999545,33.0,134.0,134.0,0.0,159.0,23.0,5.5,10.100000000000364,14.0,45.0,39.8,3.1,40.1,1641,37.0,-49.0,591,483,1531.0,3.0,2.0,449.0,550.0,1521.7785800000056,1021.5149000000092,2123.700199999963,-0.020662251999999937,-0.7999999999999545,-1.0,16.0,1.7000000000000028,0.4000000000000057,0.3999999999999986,1.4621999999999957,1.2095999999999947,1979.4400000000023,-0.47750809999999433,-0.7000000000000028,0.09245601400000014,11.12766369,-0.0699999999999994,-0.11999999999999922,-0.16999999999999993,-0.17999999999999972,-0.20999999999999996,-0.23000000000000043,-0.1200000000000001,-0.07000000000000028,-0.05999999999999872,0.03,-0.2,-0.07,0.34,1.57,2.34,3.3,4.28,-0.004999999999999893,3.9762999999999806,0.00039999999999995595,0.01319999999999999,0.5,0.5,0.3999999999999986,0.3999999999999986,0.0,-0.20000000000000284,0.20000000000000284,0.19999999999998863,0.3999999999999986,0.4999999999999929,0.10000000000000142,-0.20000000000000284,0.29999999999999716,0.29999999999999716,0.30000000000000426,0.19999999999999574,0.13100000000000023,-0.6289999999999907,0.1389999999999958,0.020999999999997243,0.05000000000000071,0.019999999999999574,0.0699999999999994,15.0,188.0,3.8459000000000003
1976-12-01,16.493999999999687,15.900000000000546,0.41000000000000014,12743.065000000002,1645.9178299999985,0.48560000000000514,0.5071000000000012,0.5117000000000047,0.683799999999998,1.1607000000000056,72.3808,0.3393999999999977,0.4549999999999983,0.2978000000000023,76.5711,0.4632999999999967,0.5138999999999996,0.9834999999999923,80.0906,137.0,0.424387011,94.0,169.0,7.8,-0.20000000000000107,95.0,-145.0,21.0,-35.0,56.0,373750,208.0,54.0,4.300000000000068,10.0,37.0,29.0,8.0,154.0,52.0,8.299999999999727,19.899999999999636,16.0,2.0,39.6,3.2,39.9,1804,-23.0,81.0,649,530,1511.0,4.0,-15.0,462.0,528.0,2888.369599999998,1859.9010000000126,1753.51390000002,-0.04132450300000001,0.9999999999999432,0.599999999999909,13.599999999999909,2.0,0.5,0.6000000000000014,1.3473000000000184,1.233000000000004,3133.1900000000023,0.8572171000000139,3.5,-0.06790199600000024,11.31624428,-0.2999999999999998,-0.3200000000000003,-0.40000000000000036,-0.3700000000000001,-0.40000000000000036,-0.41999999999999993,-0.41999999999999993,-0.2699999999999996,-0.11000000000000121,0.01,-0.3,-0.14,0.24,1.45,2.22,3.33,4.47,0.008100000000000218,-0.46359999999998536,0.0403,0.032399999999999984,0.5,0.5,0.3999999999999986,1.1000000000000014,0.0,-1.2000000000000028,0.29999999999999716,0.0,0.29999999999999716,-0.3999999999999915,0.29999999999999716,0.29999999999999716,0.30000000000000426,0.30000000000000426,0.19999999999999574,0.30000000000000426,0.1620000000000026,0.132000000000005,0.13000000000000256,0.03900000000000148,0.040000000000000036,0.010000000000000675,-0.019999999999999574,-879.0,-504.0,5.281300000000016
1977-01-01,-26.185999999999694,-18.0,-0.08999999999999986,-3291.206999999995,-421.0728699999963,-0.3154000000000039,-0.22109999999999985,-0.12140000000000128,-0.2587999999999937,-0.2255000000000038,72.1171,0.040200000000002234,-0.39690000000000225,-0.22960000000000136,76.7465,-0.17839999999999634,-0.8449000000000026,1.1415000000000077,79.5496,96.0,0.453021978,-140.0,125.0,7.5,0.09999999999999964,-27.0,-98.0,-175.0,-52.0,-123.0,401800,242.0,59.0,5.699999999999932,-28.0,84.0,56.0,28.0,183.0,81.0,13.700000000000273,54.5,18.0,-19.0,38.9,3.3,39.4,1527,-40.0,-200.0,571,571,1466.0,-34.0,-25.0,457.0,547.0,-1318.6239600000044,771.6203999999852,2932.2651000000187,0.010331125999999857,-0.49999999999994316,-0.599999999999909,12.400000000000091,-0.5999999999999943,0.8999999999999986,0.7999999999999972,0.5395999999999788,1.1257999999999981,-14183.020000000019,-9.148222000000018,-0.9000000000000057,0.07850072600000013,11.00651391,-0.040000000000000036,0.05999999999999961,0.27000000000000046,0.3200000000000003,0.40000000000000036,0.4800000000000004,0.33999999999999986,-0.020000000000000462,-0.03999999999999915,0.11,0.01,0.22,0.68,1.97,2.6,3.35,4.47,0.04279999999999973,-3.6493000000000393,0.03400000000000003,-0.008000000000000007,0.10000000000000142,0.20000000000000284,0.20000000000000284,-0.20000000000000284,0.0,0.4000000000000057,0.30000000000000426,0.10000000000000853,0.5,0.09999999999999432,0.29999999999999716,0.0,0.3999999999999986,0.3999999999999986,0.4000000000000057,0.29999999999999716,0.16900000000000048,0.3779999999999859,0.16400000000000148,-0.028999999999999915,0.04999999999999982,0.08999999999999986,0.019999999999999574,-102.0,65.0,-0.13009999999999877
1977-02-01,17.411000000000058,17.099999999999454,0.17400000000000304,6816.728999999992,1358.6341299999985,0.7202000000000055,0.8160999999999987,0.8046999999999969,0.8836000000000013,0.5814999999999984,73.1476,0.540499999999998,0.6148999999999987,0.3495999999999988,78.6195,0.8056999999999945,-1.2849999999999966,2.3569999999999993,80.7991,2.0,0.443369609,577.0,414.0,7.6,-0.5,121.0,34.0,-26.0,-20.0,-6.0,450750,298.0,158.0,3.300000000000068,115.0,40.0,13.0,27.0,140.0,49.0,9.599999999999909,29.700000000000728,13.0,0.0,40.0,3.3,40.2,1943,10.0,204.0,754,590,1560.0,4.0,25.0,508.0,561.0,479.67063000000053,144.02309999999125,2825.105799999961,-0.010331125999999857,1.099999999999966,-0.8000000000001819,0.7999999999999545,-1.9000000000000057,-1.7000000000000028,-1.6000000000000014,1.6239000000000203,2.0337000000000103,2944.790000000008,0.4945392000000055,-2.799999999999997,0.15561136300000022,10.47628602,0.0699999999999994,0.040000000000000036,0.04999999999999982,0.07000000000000028,0.17999999999999972,0.25,0.17999999999999972,0.07999999999999918,0.03999999999999915,0.08,-0.01,0.22,0.79,2.15,2.71,3.36,4.44,0.028500000000000192,-6.030299999999954,-0.0020999999999999908,0.01760000000000006,0.7000000000000028,0.6999999999999957,0.29999999999999716,1.4000000000000057,0.0,2.0999999999999943,0.5999999999999943,-1.4210854715202004e-14,0.4000000000000057,-0.10000000000000142,0.7000000000000028,0.0,0.29999999999999716,0.29999999999999716,0.5999999999999943,0.6000000000000014,0.2289999999999992,-0.7119999999999891,0.44599999999999795,0.02500000000000213,0.02999999999999936,0.0,-0.049999999999998934,56.0,-52.0,1.0348999999999933
1977-03-01,23.885999999999513,22.199999999999818,0.020999999999997243,6147.43200000003,498.85725999999704,0.5799999999999983,0.3155000000000001,0.21580000000000155,0.09279999999999688,1.2546000000000035,72.4343,0.34520000000000195,0.8144000000000062,0.6349000000000018,79.7067,0.6446000000000041,-4.3100999999999985,-1.7527000000000044,81.7424,96.0,0.464759819,330.0,466.0,7.4,-0.1999999999999993,-22.0,-27.0,-117.0,-75.0,-42.0,360250,403.0,194.0,12.399999999999977,84.0,98.0,83.0,15.0,209.0,77.0,16.40000000000009,57.79999999999927,25.0,-6.0,39.9,3.3,40.3,2063,75.0,36.0,802,551,1660.0,72.0,42.0,514.0,541.0,2952.3256800000017,704.854800000001,2805.6223000000464,-0.020662251999999937,-0.8000000000000114,-1.4999999999997726,8.299999999999955,0.9000000000000057,-0.29999999999999716,-0.3999999999999986,1.7433999999999799,2.0056999999999903,3356.0199999999895,0.9193142000000023,-0.4000000000000057,0.06270300899999981,10.2671765,0.010000000000000675,-0.009999999999999787,-0.07000000000000028,-0.020000000000000462,0.03000000000000025,0.09999999999999964,0.07000000000000028,0.0600000000000005,0.0,0.06,-0.09,0.19,0.81,2.24,2.77,3.41,4.43,0.02959999999999985,-4.795600000000036,0.007100000000000106,0.023399999999999865,0.5,0.6000000000000014,0.6000000000000014,0.8999999999999915,0.0,1.5,0.30000000000000426,-0.4999999999999858,0.5,0.30000000000000426,0.20000000000000284,0.0,0.3999999999999986,0.30000000000000426,0.30000000000000426,0.29999999999999716,0.1479999999999997,0.1799999999999926,0.11700000000000443,-0.0010000000000012221,0.03000000000000025,0.009999999999999787,0.02999999999999936,115.0,185.0,2.990099999999984
1977-04-01,23.35400000000027,23.900000000000546,0.04400000000000048,-622.4330000000191,943.784010000003,0.4560999999999993,0.542900000000003,0.4479000000000042,0.4662000000000006,0.4283000000000001,72.8942,0.31629999999999825,0.3651999999999944,0.3100999999999985,80.0735,0.49099999999999966,-0.6345000000000027,-0.10970000000000368,82.3975,92.0,0.49412098,215.0,463.0,7.2,-0.09999999999999964,22.0,-219.0,-121.0,-78.0,-43.0,367400,337.0,135.0,5.2000000000000455,45.0,83.0,54.0,29.0,202.0,66.0,14.199999999999818,36.0,19.0,25.0,40.0,3.3,40.4,1892,-33.0,-20.0,743,492,1660.0,-35.0,25.0,547.0,518.0,-437.34674000000086,1544.1947000000218,3458.319199999969,0.010331125999999857,-0.2999999999999545,0.1999999999998181,5.2000000000000455,1.8999999999999915,0.6999999999999957,0.7000000000000028,1.140100000000018,2.41640000000001,2426.060000000027,0.2426794000000001,-1.5499999999999972,0.12239036300000006,9.951759337,0.040000000000000036,0.0,-0.05999999999999961,-0.08000000000000007,-0.05999999999999961,-0.13999999999999968,-0.08999999999999986,-0.0600000000000005,-0.049999999999998934,0.02,-0.19,0.07,0.71,2.06,2.64,3.31,4.34,-0.024099999999999788,-5.019399999999962,0.0016000000000000458,0.00020000000000020002,0.29999999999999716,0.30000000000000426,0.5000000000000071,1.7000000000000028,0.0,0.5,0.3999999999999986,0.19999999999998863,0.29999999999999716,-0.10000000000000142,0.5,-0.10000000000000142,0.4000000000000057,0.29999999999999716,0.3999999999999986,0.4000000000000057,0.1720000000000006,-0.044999999999987494,0.22499999999999432,-0.0030000000000036664,0.04999999999999982,0.020000000000000462,0.009999999999999787,136.0,240.0,1.8778000000000077
1977-05-01,13.592999999999847,25.099999999999454,0.08699999999999974,324.4340000000084,-270.68970000000263,0.369099999999996,0.3767999999999958,0.3088999999999942,0.001599999999996271,0.21349999999999625,72.7504,0.4568000000000012,0.353900000000003,0.21140000000000114,81.0472,0.36489999999999867,0.5103000000000009,-0.814700000000002,82.8156,97.0,0.518738243,335.0,483.0,7.0,0.5,-261.0,176.0,-8.0,43.0,-51.0,380250,360.0,112.0,3.5,26.0,83.0,69.0,14.0,248.0,71.0,13.900000000000091,45.30000000000109,14.0,57.0,40.1,3.5,40.5,1971,26.0,18.0,769,501,1668.0,4.0,-11.0,556.0,524.0,370.569070000005,1279.0395999999892,2425.6942999999737,0.01033112600000008,-0.9000000000000341,-1.699999999999818,9.0,0.4000000000000057,-0.09999999999999432,-0.20000000000000284,1.484899999999982,2.4968000000000075,2556.389999999985,0.6184532999999988,-0.28999999999999204,0.06996097700000004,9.814018005,0.6199999999999992,0.5099999999999998,0.41999999999999993,0.40000000000000036,0.39999999999999947,0.15000000000000036,0.08999999999999986,0.010000000000001563,-0.0600000000000005,-0.09,-0.39,-0.15,0.49,1.59,2.11,2.7,3.66,-0.007100000000000328,2.219099999999969,-0.000500000000000167,-0.0029000000000001247,0.4000000000000057,0.5,0.5,-0.7000000000000028,0.0,1.2000000000000028,0.20000000000000284,0.4000000000000057,0.10000000000000142,0.0,0.19999999999999574,-0.09999999999999432,0.19999999999999574,0.20000000000000284,0.29999999999999716,0.19999999999999574,0.1509999999999998,0.21199999999998909,0.19700000000000273,-0.0329999999999977,0.03000000000000025,0.0,-0.009999999999999787,238.0,434.0,-0.9432999999999936
1977-06-01,8.378999999999905,15.300000000000182,-0.012000000000000455,4637.010000000009,326.6944700000022,0.36530000000000484,0.5437000000000012,0.5703000000000031,0.4902000000000015,0.9478000000000009,72.8948,0.5135000000000005,0.19109999999999872,0.22419999999999973,81.0588,0.40789999999999793,1.9742999999999995,-1.1374999999999886,83.3042,33.0,0.507148865,428.0,205.0,7.2,-0.5,384.0,-92.0,-10.0,33.0,-43.0,361250,400.0,127.0,11.0,32.0,85.0,57.0,28.0,273.0,71.0,16.90000000000009,44.899999999999636,15.0,75.0,40.0,3.5,40.5,1893,-15.0,-9.0,732,484,1752.0,58.0,7.0,571.0,528.0,1972.2927500000005,2554.2639999999956,2094.475000000035,0.0,0.4000000000000341,-0.6000000000001364,4.600000000000136,0.7999999999999972,-0.30000000000000426,-0.29999999999999716,1.775100000000009,2.0641999999999996,2645.790000000008,0.7098625999999939,0.5300000000000011,0.033816079000000165,9.749633155,0.040000000000000036,0.16000000000000014,0.05999999999999961,0.009999999999999787,-0.040000000000000036,-0.1800000000000006,-0.17999999999999972,-0.10000000000000053,-0.09999999999999964,0.03,-0.37,-0.18,0.41,1.37,1.89,2.56,3.52,-0.029799999999999827,-4.565299999999979,0.000600000000000156,0.009100000000000108,0.19999999999998863,0.0,0.0,-2.0999999999999943,0.0,-1.2999999999999972,0.29999999999999716,-0.09999999999999432,0.0,0.0,0.30000000000000426,-0.09999999999999432,0.3999999999999986,0.29999999999999716,0.30000000000000426,0.30000000000000426,0.16799999999999926,-0.0519999999999925,0.18900000000000006,0.028999999999999915,0.04999999999999982,0.04999999999999982,0.009999999999999787,169.0,450.0,0.6786999999999921
1977-07-01,30.338000000000648,18.400000000000546,0.2560000000000002,1411.8910000000033,709.3937000000005,0.06510000000000105,0.14450000000000074,0.14739999999999753,0.13070000000000448,0.03630000000000422,73.0803,0.1424999999999983,-0.00999999999999801,-0.12900000000000134,81.3907,0.001300000000000523,1.9733000000000018,-0.1121000000000123,83.0558,95.0,0.543710646,-180.0,125.0,6.9,-0.09999999999999964,-279.0,-18.0,-11.0,42.0,-53.0,361400,346.0,60.0,-23.700000000000045,19.0,67.0,69.0,-2.0,286.0,63.0,18.0,29.100000000000364,16.0,92.0,39.9,3.4,40.4,2058,18.0,-12.0,811,564,1687.0,-74.0,-2.0,571.0,539.0,-448.6331100000025,1700.6172000000079,1665.838300000003,0.0,-0.20000000000004547,0.10000000000013642,4.699999999999818,2.299999999999997,0.8999999999999986,0.7999999999999972,1.6287000000000091,2.3411999999999864,2535.639999999985,0.1725726000000094,0.9099999999999966,0.006696891999999899,9.747936149,0.03000000000000025,-0.03000000000000025,0.17000000000000082,0.1900000000000004,0.14000000000000057,0.08000000000000007,0.04999999999999982,-0.009999999999999787,-0.040000000000000924,-0.03,-0.23,-0.02,0.52,1.42,1.91,2.52,3.45,-0.07900000000000018,-7.997700000000009,0.0034999999999998366,0.0034999999999998366,0.20000000000000284,0.29999999999999716,0.19999999999998863,-0.7999999999999972,0.0,0.0,0.29999999999999716,0.19999999999998863,-0.10000000000000142,-0.20000000000000284,0.20000000000000284,-1.4210854715202004e-14,0.5,0.3999999999999986,0.19999999999999574,0.29999999999999716,0.1559999999999988,0.18899999999999295,0.09799999999999898,0.00600000000000378,0.040000000000000036,0.009999999999999787,-0.009999999999999787,349.0,548.0,-1.87469999999999
1977-08-01,21.536000000000058,13.5,-0.018000000000000682,859.1499999999651,-53.93052000000171,0.044299999999999784,0.16790000000000305,0.10490000000000066,0.12869999999999493,0.049699999999994304,73.2536,0.07550000000000168,-0.07110000000000127,0.06620000000000203,81.5936,0.24629999999999797,-0.6471000000000018,-0.492999999999995,83.2478,86.0,0.548592058,453.0,357.0,7.0,-0.40000000000000036,37.0,147.0,-71.0,4.0,-75.0,367250,241.0,18.0,-14.899999999999977,14.0,17.0,15.0,2.0,223.0,62.0,16.799999999999727,40.100000000000364,19.0,29.0,39.9,3.5,40.4,2020,2.0,-29.0,838,526,1780.0,11.0,34.0,613.0,545.0,715.743819999996,2046.8447999999917,2795.880599999975,0.0,0.7000000000000455,1.3999999999998636,6.900000000000091,0.10000000000000853,-0.09999999999999432,-0.8999999999999986,2.3045999999999935,2.636599999999987,2354.5200000000186,0.3192134999999894,-2.450000000000003,0.15796206599999962,9.438104832,0.4800000000000004,0.3700000000000001,0.2999999999999998,0.4299999999999997,0.4299999999999997,0.1900000000000004,0.07000000000000028,0.040000000000000036,-0.049999999999998934,-0.14,-0.41,-0.07,0.47,1.13,1.5,2.08,2.92,-0.0020999999999999908,1.8141999999999712,0.017100000000000115,0.013800000000000034,0.4000000000000057,0.29999999999999716,0.30000000000001137,-0.8000000000000043,0.9499999999999993,-0.09999999999999432,0.30000000000000426,-0.4999999999999858,-0.10000000000000142,0.10000000000000853,0.19999999999998863,0.0,0.30000000000000426,0.20000000000000284,0.20000000000000284,0.20000000000000284,0.1410000000000018,-0.13500000000000512,0.10000000000000142,-0.01300000000000523,0.020000000000000462,0.019999999999999574,-0.009999999999999787,158.0,456.0,-0.13050000000001205
1977-09-01,34.35899999999947,39.0,0.0990000000000002,1912.9619999999995,273.80107999999746,0.1939999999999955,0.10810000000000031,0.12270000000000181,0.10899999999999466,0.18730000000000047,73.3011,0.09719999999999729,0.2693999999999974,0.027200000000000557,81.0627,0.02690000000000481,-0.38000000000000256,0.2185000000000059,83.0451,-14.0,0.56065768,87.0,261.0,6.8,0.09999999999999964,-13.0,-82.0,17.0,-24.0,41.0,368750,457.0,120.0,33.799999999999955,28.0,58.0,45.0,13.0,337.0,88.0,16.300000000000182,46.099999999998545,26.0,75.0,39.8,3.4,40.4,1949,-46.0,-3.0,802,540,1674.0,-5.0,-65.0,568.0,554.0,1467.2278000000006,2650.5973999999987,3419.352200000023,0.010331125999999857,0.0999999999999659,-1.099999999999909,8.5,0.20000000000000284,0.0,0.3999999999999986,1.5109999999999957,1.9217000000000155,2019.25,-0.07285290000000089,-1.519999999999996,0.12046005599999976,9.221184722,0.23999999999999932,0.33999999999999986,0.3199999999999994,0.20999999999999996,0.16000000000000014,0.009999999999999787,-0.0600000000000005,-0.0600000000000005,-0.019999999999999574,-0.04,-0.33,-0.1,0.39,0.9,1.2,1.78,2.66,-0.03390000000000004,0.09260000000000446,0.0034000000000000696,-0.0017000000000000348,0.29999999999999716,0.20000000000000284,0.29999999999999716,-0.19999999999999574,0.0,-1.7000000000000028,0.19999999999999574,-0.20000000000001705,0.20000000000000284,0.09999999999999432,0.20000000000000284,0.10000000000000853,0.29999999999999716,0.29999999999999716,0.20000000000000284,0.29999999999999716,0.11499999999999844,-0.1699999999999875,0.04800000000000182,-0.005999999999996675,0.040000000000000036,0.0600000000000005,0.009999999999999787,119.0,211.0,0.7930000000000064
1977-10-01,47.91400000000067,56.0,0.267000000000003,3916.0439999999944,1248.6988400000046,0.0742000000000047,-0.024900000000002365,-0.035899999999998045,0.5058000000000078,0.014200000000002433,74.1083,-0.095799999999997,0.16440000000000055,0.2842999999999982,81.231,0.09179999999999922,1.884599999999999,0.26679999999998927,82.9588,186.0,0.587165459,362.0,350.0,6.8,-0.3000000000000007,0.0,2.0,-64.0,-38.0,-26.0,359000,268.0,35.0,3.1000000000000227,11.0,22.0,11.0,11.0,233.0,40.0,13.599999999999909,40.400000000001455,22.0,60.0,40.0,3.5,40.6,2042,47.0,42.0,842,504,1758.0,33.0,0.0,610.0,563.0,1249.9652200000055,2899.5378999999957,1432.0363999999827,-0.010331125999999857,-0.30000000000001137,-1.400000000000091,2.7000000000000455,1.2999999999999972,0.5,-0.10000000000000142,2.2554000000000087,2.6895000000000095,3053.929999999993,0.10092310000000282,-2.490000000000009,0.18467013000000065,8.915686765,0.33000000000000007,0.41000000000000014,0.35000000000000053,0.3899999999999997,0.4399999999999995,0.28000000000000025,0.17999999999999972,0.11999999999999922,0.08999999999999986,0.04,-0.31,-0.04,0.5,0.85,1.05,1.57,2.42,-0.09649999999999981,-12.025499999999994,0.027999999999999803,0.025600000000000067,0.4000000000000057,0.29999999999999716,0.09999999999999432,0.29999999999999716,0.0,-1.2000000000000028,0.30000000000000426,0.30000000000001137,0.19999999999999574,-0.30000000000000426,0.20000000000000284,-0.09999999999999432,0.30000000000000426,0.30000000000000426,0.19999999999999574,0.20000000000000284,0.14199999999999946,0.4069999999999965,0.14399999999999835,-0.02500000000000213,0.04999999999999982,0.040000000000000036,0.0,1509.0,1724.0,-1.1091000000000122
1977-11-01,44.17199999999957,31.0,0.19599999999999795,2406.8240000000224,507.1542699999991,0.09159999999999968,0.08169999999999789,0.033699999999996066,0.09049999999999159,0.0058000000000006935,74.2501,0.00859999999999772,0.09900000000000375,0.004100000000001103,81.6079,0.12129999999999797,-2.646499999999996,-0.9856999999999942,82.925,134.0,0.602347762,761.0,709.0,6.8,-0.09999999999999964,41.0,-47.0,15.0,32.0,-17.0,353500,373.0,92.0,5.5,24.0,63.0,57.0,6.0,281.0,85.0,18.5,54.69999999999891,25.0,52.0,40.0,3.5,40.5,2042,-22.0,14.0,802,552,1771.0,-38.0,33.0,597.0,594.0,-467.4437300000063,2508.4818000000087,2951.748499999987,-0.01033112600000008,0.3000000000000682,0.6000000000001364,0.3999999999998636,1.8999999999999915,0.19999999999999574,0.6000000000000014,1.6851999999999805,2.5731999999999857,2851.829999999987,-0.08390409999999804,0.5400000000000063,0.032255813999999994,8.889622792,0.040000000000000036,0.03000000000000025,-0.0600000000000005,-0.019999999999999574,-0.019999999999999574,0.019999999999999574,0.0600000000000005,0.040000000000000924,0.05999999999999872,0.03,-0.41,-0.1,0.44,0.83,1.07,1.57,2.44,-0.08029999999999982,-10.041899999999998,0.046700000000000186,0.010399999999999965,0.5,0.5,0.5,1.4000000000000057,0.0,0.29999999999999716,0.3999999999999986,0.29999999999999716,0.20000000000000284,7.105427357601002e-15,0.5,0.19999999999998863,0.3999999999999986,0.29999999999999716,0.5000000000000071,0.5,0.17600000000000193,-0.1460000000000008,0.24900000000000233,0.01899999999999835,0.03000000000000025,0.019999999999999574,-0.010000000000000675,289.0,588.0,1.7897000000000105
1977-12-01,24.926000000000386,26.699999999999818,0.06400000000000006,7012.591000000015,295.5806999999986,0.0817999999999941,0.5450000000000017,0.6352000000000046,0.5819000000000045,0.31280000000000285,74.9763,0.3392000000000017,-0.3457000000000008,0.4604999999999997,81.6553,0.507000000000005,1.5564999999999998,-1.2212999999999994,83.5776,117.0,0.66113373,-85.0,344.0,6.4,0.0,-195.0,-139.0,-87.0,-49.0,-38.0,359600,237.0,0.0,-140.60000000000002,29.0,112.0,91.0,21.0,237.0,91.0,19.0,53.899999999999636,20.0,23.0,39.8,3.4,40.4,2142,-17.0,-39.0,887,623,1754.0,16.0,-12.0,620.0,550.0,2415.28269,3577.6865000000107,2708.204800000007,-0.010331125999999857,0.09999999999990905,-0.5000000000002274,2.900000000000091,2.3000000000000114,0.6000000000000014,0.8999999999999986,1.737700000000018,2.248899999999992,1354.140000000014,-0.4049394000000035,-0.46000000000000796,0.08439439599999954,8.79139167,0.04999999999999982,0.07000000000000028,-0.02999999999999936,-0.009999999999999787,0.009999999999999787,0.14000000000000057,0.11000000000000032,0.10999999999999943,0.040000000000000924,0.05,-0.49,-0.16,0.4,0.92,1.13,1.63,2.43,-0.12050000000000027,-3.679699999999997,0.036799999999999944,-0.01200000000000001,0.29999999999999716,0.29999999999999716,0.29999999999999716,1.0,0.0,0.10000000000000853,0.29999999999999716,-0.20000000000000284,0.29999999999999716,0.19999999999999574,0.20000000000000284,0.0,0.29999999999999716,0.30000000000000426,0.29999999999999716,0.19999999999999574,0.14999999999999858,0.3739999999999952,0.14699999999999847,-0.024999999999995026,0.019999999999999574,0.040000000000000036,8.881784197001252e-16,-1757.0,-1239.0,2.7035999999999945
1978-01-01,-19.914999999999964,-19.100000000000364,-0.3470000000000013,-16415.18300000002,-1279.8125999999975,-0.7060999999999993,-1.0018999999999991,-1.1308000000000007,-1.7887999999999948,-2.704900000000002,73.9417,-0.5082000000000022,-0.41799999999999926,-0.4034000000000013,82.0471,-0.7146000000000043,-0.5335000000000036,-0.9005999999999972,82.0672,34.0,0.65587918,382.0,279.0,6.4,-0.6999999999999993,95.0,48.0,-74.0,-29.0,-45.0,351000,184.0,3.0,-2.1000000000000227,-58.0,62.0,57.0,5.0,181.0,60.0,13.699999999999818,32.70000000000073,15.0,73.0,38.7,3.4,39.5,1718,-57.0,-59.0,704,498,1740.0,11.0,-51.0,649.0,547.0,-3840.186609999997,1651.01979999998,4266.88400000002,0.05165562899999987,1.2000000000000455,1.5000000000002274,2.0,0.29999999999998295,1.6000000000000014,1.8000000000000043,2.615700000000004,2.64700000000002,2692.8399999999965,1.2339200999999917,-3.569999999999993,0.24490960299999998,8.382062783,0.14000000000000057,0.13999999999999968,0.3700000000000001,0.2999999999999998,0.3200000000000003,0.28999999999999915,0.2699999999999996,0.22000000000000064,0.17999999999999972,0.05,-0.26,0.0,0.58,1.07,1.26,1.71,2.47,-0.09089999999999998,0.058099999999996044,0.0807,0.0039000000000000146,0.29999999999999716,0.30000000000001137,0.30000000000001137,0.8999999999999915,0.0,0.3999999999999915,0.4000000000000057,-0.29999999999999716,0.30000000000000426,-0.10000000000000142,0.3999999999999915,0.0,0.3999999999999986,0.3999999999999986,0.20000000000000284,0.3999999999999986,0.18299999999999983,-0.3819999999999908,0.16100000000000136,0.06699999999999662,0.0600000000000005,0.04999999999999982,0.04999999999999982,177.0,27.0,-1.6632999999999925
1978-02-01,25.28899999999976,26.300000000000182,0.4680000000000035,11919.963000000047,1500.7202899999975,0.2586000000000013,0.6212000000000018,0.7840999999999951,1.0874999999999915,1.2027,74.874,0.5940000000000012,-0.07920000000000016,0.01740000000000208,82.7246,0.18599999999999994,2.9602000000000004,-1.336500000000001,82.1542,33.0,0.678854068,-36.0,135.0,6.3,-0.40000000000000036,-60.0,-47.0,-59.0,87.0,-146.0,383250,354.0,79.0,3.900000000000091,29.0,46.0,37.0,9.0,275.0,66.0,22.100000000000364,29.299999999999272,30.0,60.0,39.4,3.6,39.9,1738,-34.0,45.0,688,523,1736.0,-26.0,55.0,620.0,543.0,2344.7428900000014,2501.8052000000025,2386.7272999999695,-0.030993376999999933,-2.599999999999966,-3.6000000000001364,-0.5,-1.5,-1.3000000000000043,-1.3000000000000043,2.9658999999999764,2.6056999999999846,3003.0899999999965,0.5276872000000026,-1.269999999999996,0.1232480150000006,8.195581237,0.08000000000000007,0.009999999999999787,0.009999999999999787,0.040000000000000036,0.05999999999999961,0.0600000000000005,0.0699999999999994,0.0600000000000005,0.02999999999999936,-0.02,-0.33,-0.04,0.56,1.05,1.25,1.69,2.42,-0.07679999999999998,-0.7087999999999965,0.0042999999999999705,0.011800000000000033,0.5,0.5,0.5,1.1000000000000085,0.0,0.29999999999999716,0.29999999999999716,-0.5999999999999943,0.10000000000000142,0.30000000000000426,0.30000000000001137,0.20000000000000284,0.4000000000000057,0.19999999999999574,0.3999999999999915,0.30000000000000426,0.14499999999999957,-0.14800000000001035,0.07499999999999574,-0.010999999999999233,0.040000000000000036,0.05000000000000071,-0.04999999999999982,86.0,5.0,1.15979999999999
1978-03-01,32.23099999999977,31.300000000000182,0.32499999999999574,5338.7489999999525,1604.4328200000018,0.9260000000000019,1.2256,1.2957999999999998,1.3564000000000078,1.497099999999996,76.0388,0.7125999999999983,0.6310000000000002,0.4580999999999982,82.8571,0.8318999999999974,2.3945000000000007,1.998199999999997,83.3773,133.0,0.697806533,255.0,236.0,6.3,-0.09999999999999964,107.0,24.0,-53.0,-100.0,47.0,349000,512.0,196.0,14.099999999999909,120.0,60.0,38.0,22.0,316.0,87.0,20.399999999999636,42.80000000000109,21.0,60.0,40.0,3.6,40.5,2032,78.0,-11.0,876,562,1799.0,7.0,2.0,647.0,570.0,3095.2863399999987,4699.349799999996,4568.878100000031,0.0,0.7999999999999545,0.900000000000091,-2.2999999999999545,0.4000000000000057,-0.6999999999999957,-0.6000000000000014,3.3468000000000018,2.681100000000015,3939.8300000000163,0.6363113000000169,-0.1600000000000108,0.05841391500000004,8.101264832,0.009999999999999787,-0.009999999999999787,-0.16000000000000014,-0.11000000000000032,-0.03000000000000025,0.03000000000000025,0.009999999999999787,0.0,0.02000000000000135,-0.04,-0.5,-0.16,0.52,1.07,1.25,1.68,2.43,-0.010999999999999899,-8.51479999999998,-0.03410000000000002,0.012799999999999923,0.29999999999999716,0.3999999999999915,0.3999999999999915,1.3999999999999915,0.0,-0.7999999999999972,0.3999999999999986,1.0,0.09999999999999432,-0.29999999999999716,0.3999999999999915,0.20000000000000284,0.3999999999999986,0.4000000000000057,0.4000000000000057,0.5,0.20300000000000296,0.27000000000001023,0.2890000000000015,-0.01600000000000179,0.04999999999999982,0.08000000000000007,-0.010000000000000675,182.0,254.0,2.320300000000003
1978-04-01,32.64500000000044,40.399999999999636,0.1980000000000004,16269.78899999999,1664.5860799999937,0.9716000000000022,0.6082999999999998,0.5605000000000047,0.44819999999999993,1.004100000000001,76.0714,0.5387000000000022,1.2804999999999964,0.4797000000000011,83.962,0.7221000000000046,-4.362200000000001,0.020699999999997942,84.4017,266.0,0.758576052,482.0,639.0,6.1,-0.09999999999999964,-121.0,-78.0,-29.0,5.0,-34.0,326000,702.0,359.0,154.80000000000007,130.0,73.0,68.0,5.0,343.0,101.0,24.400000000000546,53.19999999999891,20.0,66.0,40.1,3.5,40.4,2197,82.0,51.0,903,567,1948.0,30.0,7.0,771.0,558.0,2272.322039999999,3748.415800000017,4841.646799999988,-0.05165562900000009,1.1999999999999886,1.5,-3.1000000000001364,2.0999999999999943,0.8999999999999986,0.6000000000000014,3.3920999999999992,2.8223999999999876,3010.2999999999884,-0.05330000000000723,3.8900000000000006,-0.18719978699999995,8.378486902,0.09999999999999964,0.07000000000000028,0.0,0.10000000000000053,0.14000000000000057,0.1200000000000001,0.11000000000000121,0.08999999999999986,0.09999999999999964,-0.07,-0.6,-0.16,0.56,1.09,1.26,1.67,2.43,0.006699999999999928,-10.000400000000013,-0.05580000000000007,0.015900000000000025,0.7999999999999972,0.9000000000000057,0.29999999999999716,2.299999999999997,0.0,0.6000000000000085,0.5,0.3999999999999915,0.10000000000000142,0.19999999999999574,0.6000000000000085,-0.29999999999999716,0.5,0.3999999999999986,0.5,0.4999999999999929,0.23899999999999721,-0.028000000000005798,0.3470000000000013,0.029000000000003467,0.0699999999999994,0.040000000000000036,0.03000000000000025,310.0,556.0,2.6555999999999926
1978-05-01,6.600999999999658,2.0,0.132000000000005,-526.3049999999348,438.7039999999979,0.24389999999999645,0.01379999999999626,-0.056699999999999307,-0.3833000000000055,-0.7719999999999985,75.9848,0.1617999999999995,0.44770000000000465,0.24170000000000158,83.8922,0.23049999999999926,0.643100000000004,2.7546000000000035,84.559,-38.0,0.758935858,322.0,375.0,6.0,-0.20000000000000107,120.0,-61.0,-82.0,-94.0,12.0,327000,347.0,74.0,5.699999999999932,-6.0,76.0,67.0,9.0,273.0,89.0,23.699999999999818,60.30000000000109,19.0,37.0,39.9,3.5,40.4,2075,-54.0,-14.0,876,540,1766.0,-20.0,-28.0,644.0,551.0,730.792300000001,4741.3168000000005,3370.6435000000056,0.010331124999999997,2.1000000000000227,1.8999999999998636,-3.2999999999999545,1.1000000000000227,0.10000000000000142,-0.5,3.4026000000000067,3.147199999999998,4111.470000000001,1.1743047999999874,4.700000000000003,-0.21408321300000033,8.710366178,0.47000000000000064,0.23999999999999932,0.1200000000000001,0.28999999999999915,0.3700000000000001,0.1999999999999993,0.1999999999999993,0.129999999999999,0.16999999999999993,-0.3,-0.95,-0.34,0.46,0.82,0.99,1.33,2.13,0.06000000000000005,4.3215999999999894,-0.03159999999999985,-0.0230999999999999,0.5,0.3999999999999915,0.6000000000000085,0.7000000000000028,0.0,0.19999999999998863,0.6000000000000014,-0.20000000000000284,0.30000000000000426,-0.10000000000000142,0.5999999999999943,0.19999999999998863,0.3999999999999986,0.3999999999999986,0.5,0.5,0.22700000000000387,0.08399999999998897,0.3429999999999964,-0.019000000000001904,0.040000000000000036,0.08999999999999897,-0.019999999999999574,410.0,798.0,-2.033699999999982
1978-06-01,20.932999999999993,29.699999999999818,0.10799999999999699,3064.103000000003,1189.5827000000136,0.32379999999999853,0.45230000000000103,0.45519999999999783,0.3738000000000028,0.2685999999999993,76.4062,0.3965999999999994,0.1997999999999962,0.16689999999999827,84.1008,0.3470999999999975,-0.5574000000000012,-2.128699999999995,84.916,4.0,0.772063703,475.0,574.0,5.9,0.0,-82.0,119.0,-68.0,-16.0,-52.0,324250,441.0,156.0,8.100000000000023,77.0,71.0,48.0,23.0,285.0,107.0,22.199999999999818,59.5,26.0,18.0,40.2,3.6,40.6,2070,9.0,12.0,845,545,1983.0,8.0,-3.0,648.0,759.0,1000.7246100000048,4236.759099999996,3760.31329999998,0.0,-3.0,-2.099999999999909,-3.2999999999999545,1.299999999999983,0.19999999999999574,0.30000000000000426,3.075400000000002,3.135300000000001,4648.369999999995,1.1817865000000154,0.25,0.024741692000000093,8.632395935,0.23999999999999932,0.5300000000000002,0.3200000000000003,0.21000000000000085,0.2699999999999996,0.17999999999999972,0.11000000000000121,0.07000000000000028,0.10999999999999943,-0.01,-0.87,-0.37,0.49,0.76,0.86,1.16,2.0,-0.0798000000000001,-12.072199999999981,0.019099999999999895,0.0031999999999998696,0.6000000000000085,0.7000000000000028,0.5,1.7999999999999972,0.0,1.6000000000000085,0.5,-0.29999999999999716,0.3999999999999986,0.0,0.5999999999999943,-0.09999999999999432,0.5,0.5,0.5999999999999943,0.6000000000000085,0.20899999999999608,0.017000000000010118,0.2980000000000018,-0.010999999999999233,0.0600000000000005,0.05000000000000071,0.019999999999999574,477.0,904.0,1.0089999999999861
1978-07-01,31.682999999999993,11.300000000000182,-0.15800000000000125,-4579.332000000053,-451.1495000000141,-0.0379999999999967,-0.06349999999999767,-0.055399999999998784,-0.3751000000000033,0.06980000000000075,75.7502,0.1994000000000007,-0.01389999999999958,0.15759999999999863,83.3626,-0.04540000000000077,-0.12720000000000198,0.2290999999999883,84.5872,1.0,0.737834839,28.0,-253.0,6.2,-0.09999999999999964,281.0,-79.0,21.0,3.0,18.0,350200,254.0,62.0,6.600000000000023,24.0,32.0,50.0,-18.0,192.0,24.0,14.699999999999818,40.899999999999636,23.0,49.0,40.2,3.5,40.6,2092,10.0,3.0,835,564,1786.0,26.0,15.0,656.0,513.0,-1201.0576300000102,3766.5378999999957,3458.319200000027,0.02066225200000016,-1.2999999999999545,-2.400000000000091,-7.0,2.0999999999999943,0.9000000000000057,0.6999999999999957,2.7498999999999967,2.9073999999999955,2716.679999999993,0.015140699999989238,-0.46999999999999886,0.062043358999999576,8.523117065,0.20999999999999996,0.2599999999999998,0.27999999999999936,0.20999999999999996,0.3000000000000007,0.17999999999999972,0.17999999999999972,0.120000000000001,0.0,0.04,-0.8,-0.37,0.58,0.73,0.83,1.07,1.79,-0.08139999999999992,-14.410899999999998,0.057700000000000085,0.0028000000000001357,0.5999999999999943,0.6000000000000085,0.20000000000000284,-0.3999999999999915,0.0,-0.5,0.5,-0.3999999999999915,0.5,0.0,0.5,-0.20000000000000284,0.5,0.5,0.29999999999999716,0.5,0.17600000000000193,-0.12299999999999045,0.17099999999999937,0.00999999999999801,0.04999999999999982,0.03999999999999915,0.0,436.0,675.0,-1.693899999999985
1978-08-01,26.212999999999738,23.5,0.2989999999999995,7189.226999999955,917.8558800000028,0.20219999999999771,0.2464999999999975,0.3035999999999959,-0.10519999999999641,-0.2586999999999975,75.7602,0.4826000000000015,0.15740000000000265,0.27090000000000103,82.8887,0.23840000000000572,-0.6206999999999994,2.1571,84.7497,76.0,0.778125,112.0,341.0,5.9,-0.5999999999999996,-211.0,100.0,-131.0,-85.0,-46.0,348750,279.0,74.0,2.2999999999999545,17.0,55.0,50.0,5.0,205.0,66.0,24.199999999999818,24.299999999999272,18.0,-10.0,40.1,3.5,40.5,1996,-17.0,-58.0,814,564,1691.0,-16.0,-11.0,635.0,466.0,2334.3970499999996,4560.095700000005,3984.373399999982,-0.01033112600000008,1.2999999999999545,3.800000000000182,2.0,-0.5,-0.6000000000000014,-0.5,2.1365000000000123,3.311800000000005,3060.790000000008,0.36348420000001624,6.710000000000008,-0.2934150319999995,9.06905703,0.22999999999999954,-0.019999999999999574,0.07000000000000028,-0.07000000000000028,-0.08000000000000007,-0.20999999999999908,-0.23000000000000043,-0.19000000000000128,-0.11999999999999922,-0.21,-0.96,-0.67,0.27,0.29,0.37,0.65,1.44,-0.13680000000000003,-10.985900000000015,0.045700000000000074,0.015800000000000036,0.10000000000000853,0.0,0.5,-0.5,0.0,3.799999999999997,0.4000000000000057,0.29999999999999716,0.3999999999999986,0.10000000000000142,0.30000000000001137,0.10000000000000853,0.5,0.4000000000000057,0.4000000000000057,0.3999999999999915,0.16400000000000148,0.11599999999998545,0.12400000000000233,-0.007999999999999119,0.040000000000000036,0.0600000000000005,-0.019999999999999574,397.0,872.0,0.09799999999998477
1978-09-01,7.644000000000233,13.600000000000364,-0.05399999999999494,-1274.9070000000065,327.7315900000103,0.1238000000000028,0.19650000000000034,0.22449999999999903,0.12340000000000373,-0.29070000000000107,76.1614,0.28249999999999886,0.055399999999998784,0.1891999999999996,83.4223,0.21459999999999724,1.7952000000000012,0.46290000000000475,84.8665,66.0,0.783183674,284.0,239.0,6.0,0.0,83.0,-83.0,66.0,54.0,12.0,322600,138.0,70.0,4.400000000000091,4.0,62.0,62.0,0.0,68.0,57.0,14.200000000000728,28.200000000000728,17.0,-72.0,40.0,3.7,40.5,1970,39.0,-19.0,820,512,1751.0,1.0,3.0,654.0,503.0,1708.0036499999987,5583.518099999987,3867.472400000028,0.0,0.5999999999999659,2.099999999999909,-0.900000000000091,1.0,0.19999999999999574,0.30000000000000426,2.1388000000000034,2.7737999999999943,2337.7999999999884,0.30412359999999694,0.0,0.035293550999999646,9.000149534,0.41000000000000014,0.5600000000000005,0.7699999999999996,0.6200000000000001,0.33000000000000007,0.09999999999999964,0.009999999999999787,0.0,-0.0600000000000005,-0.06,-0.6,-0.46,0.19,-0.02,-0.03,0.24,0.97,-0.09749999999999992,1.2099000000000046,0.018899999999999917,0.026000000000000023,0.6999999999999886,0.6999999999999886,0.5999999999999943,1.3999999999999915,0.0,0.09999999999999432,0.5999999999999943,0.0,0.6000000000000014,-0.10000000000000142,0.5999999999999943,0.09999999999999432,0.6000000000000014,0.5999999999999943,0.4000000000000057,0.5,0.18499999999999517,-0.06799999999998363,0.17600000000000193,0.01600000000000179,0.04999999999999982,0.0600000000000005,0.03000000000000025,289.0,547.0,2.45950000000002
1978-10-01,21.264000000000124,22.599999999999454,0.056999999999995055,4971.05700000003,1259.0700999999972,0.3891999999999953,0.3089000000000013,0.25910000000000366,-0.1197000000000088,0.14519999999999555,75.8708,0.5382999999999996,0.4515999999999991,0.32250000000000156,83.6969,0.34320000000000306,-0.05239999999999867,0.9462000000000046,85.1995,155.0,0.832688751,285.0,463.0,5.8,0.29999999999999893,-155.0,-51.0,11.0,39.0,-28.0,328250,335.0,104.0,6.899999999999977,23.0,74.0,65.0,9.0,231.0,99.0,26.399999999999636,41.100000000000364,15.0,39.0,40.1,3.7,40.5,1981,-39.0,23.0,847,512,1781.0,-20.0,-8.0,683.0,532.0,2629.7236700000067,7257.429000000004,4831.9050999999745,0.0,-1.4999999999999432,-4.2000000000000455,-7.199999999999818,1.4000000000000057,0.6000000000000014,0.3999999999999986,2.4238,3.4161,1698.3700000000244,-0.6437583999999958,-3.3000000000000114,0.17506140299999995,8.638216146,0.5100000000000016,0.5899999999999999,0.14000000000000057,0.5600000000000005,0.5,0.17999999999999972,0.22000000000000064,0.20000000000000107,0.16999999999999993,0.02,-0.97,-0.41,0.18,-0.35,-0.32,-0.07,0.63,-0.03320000000000012,-6.288499999999999,0.04799999999999982,0.01639999999999997,0.30000000000001137,0.4000000000000057,0.7999999999999972,1.9000000000000057,0.0,3.3000000000000114,0.5999999999999943,0.29999999999999716,0.6999999999999957,0.10000000000000142,0.5999999999999943,0.0,0.5,0.5999999999999943,0.5,0.6000000000000085,0.2610000000000028,0.15399999999998215,0.2839999999999989,0.053999999999998494,0.0600000000000005,0.019999999999999574,-0.010000000000000675,205.0,537.0,-0.408299999999997
1978-11-01,10.1899999999996,6.700000000000728,0.12100000000000222,2435.662000000011,1102.4641799999954,0.39330000000000354,0.37760000000000105,0.38450000000000273,0.22849999999999682,0.16860000000000497,76.127,0.4585000000000008,0.39759999999999707,0.3321000000000005,84.2259,0.45819999999999794,-1.3248999999999995,1.5082000000000022,85.7249,-30.0,0.809939115,482.0,352.0,5.9,-0.5999999999999996,117.0,48.0,-77.0,-14.0,-63.0,330500,435.0,130.0,8.399999999999977,6.0,115.0,85.0,30.0,305.0,91.0,20.800000000000182,45.600000000000364,32.0,36.0,40.2,3.7,40.6,2094,-12.0,114.0,838,532,1795.0,18.0,-20.0,725.0,506.0,60.193960000004154,6273.112200000003,4627.328500000003,0.0,0.9999999999999432,-0.5,-1.900000000000091,3.0999999999999943,1.2000000000000028,1.7999999999999972,2.8812999999999818,3.0704000000000065,3322.0999999999767,0.7392571000000032,-5.890000000000001,0.32895208500000006,8.090953261,0.7999999999999989,1.1600000000000001,0.6500000000000004,0.6899999999999995,0.8699999999999992,0.23000000000000043,0.16999999999999993,0.1399999999999988,0.2400000000000002,0.38,-1.12,-0.52,0.25,-0.92,-0.95,-0.73,0.07,0.13850000000000007,8.511500000000012,-0.04669999999999974,-0.009700000000000042,0.5999999999999943,0.5,0.6000000000000085,0.4000000000000057,0.0,-0.10000000000000853,0.4000000000000057,-0.30000000000001137,0.6000000000000014,0.0,0.5,-0.10000000000000853,0.5,0.5,0.5,0.5,0.1869999999999976,-0.07399999999998386,0.22799999999999443,-0.07600000000000051,0.04999999999999982,0.05000000000000071,0.009999999999999787,442.0,926.0,0.620599999999996
1978-12-01,33.3100000000004,33.5,0.20300000000000296,3022.0470000000205,968.6750199999951,0.2603999999999971,0.32859999999999445,0.255199999999995,0.13210000000000832,0.148299999999999,76.2417,0.29529999999999745,0.1928000000000054,0.3279999999999994,84.7046,0.3622000000000014,0.6674999999999969,1.0067999999999984,86.0798,30.0,0.795118818,247.0,96.0,6.0,-0.5,75.0,123.0,27.0,50.0,-23.0,355600,280.0,80.0,4.2000000000000455,-3.0,77.0,59.0,18.0,200.0,62.0,20.899999999999636,25.0,20.0,17.0,40.2,3.6,40.5,2044,43.0,-129.0,761,645,1818.0,11.0,9.0,699.0,535.0,-764.6514100000059,3399.326700000005,4900.097400000028,0.0,-0.1999999999999318,0.10000000000013642,-1.7000000000000455,4.0,2.1000000000000014,1.8999999999999986,1.4331999999999994,2.876499999999993,2719.9100000000035,0.021521199999995133,1.4000000000000057,-0.06037681000000017,8.15765215,0.2699999999999996,0.22999999999999865,0.4399999999999995,0.11999999999999922,0.2900000000000009,0.2400000000000002,0.1999999999999993,0.13000000000000078,0.10999999999999943,0.34,-0.95,-0.67,0.27,-0.95,-1.02,-0.87,-0.09,0.0006999999999999229,3.8125,0.025299999999999878,0.006699999999999928,0.7999999999999972,1.0,0.5,0.5999999999999943,0.0,0.0,0.4000000000000057,-0.19999999999998863,0.6000000000000014,-0.20000000000000284,0.5,0.20000000000001705,0.19999999999999574,0.30000000000001137,0.3999999999999915,0.3999999999999915,0.15500000000000114,-0.09500000000001307,0.20000000000000284,-0.027999999999998693,0.04999999999999982,0.03999999999999915,-0.009999999999999787,321.0,1033.0,1.3468000000000018
1979-01-01,19.587999999999738,12.599999999999454,-0.12199999999999989,-6208.714999999967,-456.3351299999922,-0.2809999999999988,0.036000000000001364,0.1852000000000018,-0.1495000000000033,0.3947000000000003,75.7383,0.33240000000000336,-0.5568000000000026,-0.5551999999999992,83.622,-0.3529000000000053,1.4466000000000037,-1.8943000000000012,85.2099,-42.0,0.803732198,248.0,367.0,5.9,0.5,-187.0,-1.0,-19.0,-42.0,23.0,357500,137.0,-18.0,3.3999999999999773,-77.0,54.0,52.0,2.0,155.0,60.0,20.600000000000364,29.799999999999272,21.0,26.0,39.8,3.6,40.4,1630,-2.0,-172.0,734,432,1461.0,-22.0,-159.0,591.0,467.0,381.85543999999936,4333.092399999994,3682.3792999999714,0.01033112600000008,-0.6000000000000227,-1.300000000000182,-9.5,-0.39999999999997726,1.3999999999999986,1.3000000000000043,2.517600000000016,1.483600000000024,3905.6699999999837,0.5381263999999817,3.5999999999999943,-0.14700370899999982,8.361780118,0.040000000000000924,-0.11999999999999922,0.2699999999999996,0.11000000000000121,0.10999999999999943,0.11999999999999922,0.08999999999999986,0.08999999999999986,0.19000000000000128,0.18,-0.72,-0.6,0.34,-0.87,-0.97,-0.82,0.06,-0.0042999999999999705,1.799999999999983,0.019200000000000106,0.010099999999999998,0.9000000000000057,0.7999999999999972,0.6999999999999886,2.0999999999999943,0.0,1.5,0.5999999999999943,0.4000000000000057,0.09999999999999432,0.4000000000000057,0.6000000000000085,0.09999999999999432,0.5,0.3999999999999915,0.6000000000000085,0.5,0.25200000000000244,-0.15099999999999625,0.49499999999999744,0.03399999999999892,0.03000000000000025,0.05000000000000071,8.881784197001252e-16,428.0,529.0,1.983699999999999
1979-02-01,23.329999999999927,29.800000000000182,0.16399999999999437,-2653.1530000000494,621.2380499999999,0.2530000000000001,0.09219999999999828,-0.012999999999998124,-0.5005000000000024,-0.627600000000001,75.3571,0.31319999999999837,0.38920000000000243,0.22369999999999735,84.2711,0.1577000000000055,2.064299999999996,-0.8225000000000051,85.2128,-105.0,0.778389762,445.0,381.0,5.9,0.09999999999999964,108.0,-39.0,47.0,28.0,19.0,358500,247.0,44.0,7.100000000000023,16.0,21.0,34.0,-13.0,203.0,50.0,13.5,22.399999999999636,19.0,10.0,40.0,3.6,40.5,1520,-16.0,-19.0,653,438,1492.0,-26.0,47.0,593.0,475.0,2419.9853399999993,6490.577500000014,4052.565600000031,0.010331125999999857,-5.684341886080802e-14,0.6000000000001364,-11.299999999999955,-2.700000000000017,-2.3999999999999986,-2.3999999999999986,4.119599999999991,1.6831999999999994,3401.5500000000466,0.4684917000000155,-1.4799999999999898,0.12138591700000045,8.100303987,-0.009999999999999787,-0.3000000000000007,-0.02999999999999936,-0.0600000000000005,-0.16999999999999993,-0.06999999999999851,0.0,0.009999999999999787,-0.05000000000000071,-0.11,-0.74,-0.65,0.18,-0.93,-0.96,-0.8,0.02,0.0038000000000000256,2.752200000000016,-0.001100000000000101,0.005700000000000038,0.7000000000000028,0.9000000000000057,0.6000000000000085,2.0,1.0,8.600000000000009,0.7000000000000028,-0.10000000000000853,0.6000000000000085,-0.29999999999999716,0.7000000000000028,0.19999999999998863,0.6000000000000085,0.6000000000000085,0.6999999999999886,0.8000000000000114,0.17900000000000205,0.5460000000000065,0.3610000000000042,-0.08599999999999852,0.05999999999999961,0.10999999999999943,-0.010000000000000675,386.0,495.0,0.8646999999999991
1979-03-01,17.981000000000677,15.800000000000182,0.03300000000000125,16168.853000000003,1496.5717900000018,0.16020000000000323,0.28310000000000457,0.23669999999999902,0.28580000000000894,-0.1039999999999992,75.8867,0.21799999999999997,0.04690000000000083,0.10490000000000066,84.6139,0.24789999999999424,0.12100000000000222,0.6303000000000054,85.3672,40.0,0.793092159,87.0,151.0,5.8,0.5,-56.0,-29.0,68.0,28.0,40.0,358000,424.0,214.0,6.599999999999909,163.0,44.0,37.0,7.0,210.0,57.0,17.0,29.30000000000109,19.0,9.0,40.3,3.5,40.6,1847,-30.0,149.0,813,486,1720.0,-7.0,60.0,753.0,490.0,3251.4144300000044,7062.854699999996,3136.841599999985,-0.04132450300000001,1.3000000000000682,3.7999999999999545,-5.599999999999909,0.700000000000017,-0.5,-0.5,4.016700000000014,2.0069999999999766,3114.3899999999558,0.09983139999999935,1.8699999999999903,-0.054782507000000535,8.116436925,0.02999999999999936,-0.049999999999998934,0.16000000000000014,0.0600000000000005,0.009999999999999787,0.06999999999999851,0.019999999999999574,0.10999999999999943,0.17999999999999972,-0.19,-0.61,-0.62,0.16,-0.89,-0.97,-0.72,0.17,0.006299999999999972,5.816399999999987,0.03359999999999985,-0.021700000000000053,0.5999999999999943,0.5999999999999943,0.8999999999999915,1.7000000000000028,0.0,2.6999999999999886,0.7000000000000028,0.0,1.2000000000000028,0.09999999999999432,0.8999999999999915,-0.09999999999999432,0.5,0.6999999999999886,0.7000000000000028,0.6999999999999886,0.2639999999999958,-0.3130000000000166,0.46000000000000085,0.10200000000000031,0.0600000000000005,-0.03999999999999915,0.009999999999999787,564.0,948.0,2.5408999999999935
1979-04-01,-47.499000000000706,-51.600000000000364,-0.1910000000000025,-15510.371000000043,-174.2370499999961,-0.6131000000000029,-0.9273000000000025,-1.0414999999999992,-1.3055999999999983,-2.5598000000000027,75.4954,-0.6100999999999992,-0.32030000000000314,-0.758499999999998,85.1027,-0.8449999999999989,-1.3633000000000024,1.555899999999994,83.674,160.0,0.824682814,-417.0,-377.0,5.8,-0.6999999999999993,95.0,-27.0,-93.0,-50.0,-43.0,415500,-62.0,-40.0,-0.09999999999990905,-36.0,-3.0,8.0,-11.0,-22.0,-71.0,8.599999999999454,7.199999999998909,20.0,21.0,38.9,2.6,39.3,1748,-5.0,4.0,683,518,1597.0,2.0,-6.0,621.0,503.0,-5577.346699999995,4636.39929999999,5426.151499999978,0.030993377000000155,2.8999999999999773,4.2999999999999545,0.599999999999909,2.0999999999999943,0.5,0.5999999999999943,5.867599999999982,2.463700000000017,2723.8699999999953,1.0319874999999854,2.0,-0.0560490739999997,8.114739516,-0.08000000000000007,-0.05000000000000071,-0.019999999999999574,0.019999999999999574,-0.13000000000000078,0.05000000000000071,0.0600000000000005,0.010000000000001563,0.07000000000000028,-0.16,-0.55,-0.52,0.11,-0.76,-0.83,-0.63,0.32,0.03620000000000001,9.961600000000004,0.03570000000000029,-0.027499999999999858,0.7999999999999972,0.7999999999999972,1.1000000000000085,0.6000000000000085,0.0,6.900000000000006,0.6999999999999886,0.10000000000000853,1.3999999999999915,-0.10000000000000853,0.9000000000000057,1.4210854715202004e-14,0.5999999999999943,0.8000000000000114,0.7000000000000028,0.7000000000000028,0.355000000000004,0.2430000000000092,0.4480000000000004,0.11299999999999955,0.0,0.09999999999999964,-0.07000000000000028,541.0,1127.0,2.7915999999999883
1979-05-01,-20.411000000000058,-15.199999999999818,0.09500000000000597,12383.784000000102,781.9924699999974,0.45309999999999917,0.661999999999999,0.7789999999999964,0.4924999999999926,1.4669000000000025,75.3166,0.8411000000000008,0.25679999999999836,0.5391999999999975,85.1948,0.6925999999999988,-1.0097999999999985,0.11320000000000618,84.5852,-36.0,0.850856164,-1.0,228.0,5.6,0.09999999999999964,-165.0,-11.0,-33.0,-4.0,-29.0,348000,372.0,113.0,3.2999999999999545,49.0,59.0,48.0,11.0,259.0,94.0,16.600000000000364,-5.0,25.0,13.0,39.9,3.4,40.2,1876,-11.0,56.0,776,508,1684.0,18.0,27.0,660.0,506.0,1667.5608199999988,2272.8944000000192,4529.911100000027,-0.030993377000000155,-3.8999999999999773,-6.199999999999818,-10.900000000000091,0.09999999999999432,-0.5,-1.2999999999999972,4.9739999999999895,2.4908000000000072,3102.1200000000536,0.5947823000000199,-2.3699999999999903,0.1689045629999999,7.757365919,0.23000000000000043,0.09999999999999964,0.14999999999999858,0.049999999999998934,0.0,-0.009999999999999787,0.07000000000000028,0.11999999999999922,0.14000000000000057,-0.29,-0.63,-0.7,-0.12,-1.0,-0.99,-0.74,0.23,0.009600000000000053,2.1288999999999874,-0.014800000000000146,0.009199999999999875,0.4000000000000057,0.30000000000001137,0.8999999999999915,0.29999999999999716,2.2500000000000018,-4.400000000000006,0.8000000000000114,0.09999999999999432,1.2999999999999972,0.10000000000000853,0.8999999999999915,-0.4000000000000199,0.7000000000000028,0.8999999999999915,0.7999999999999972,0.9000000000000057,0.35599999999999454,-0.4849999999999852,0.5069999999999979,0.011999999999996902,0.08999999999999986,0.08000000000000007,0.11000000000000032,659.0,1004.0,-0.03709999999998104
1979-06-01,-3.1039999999993597,8.300000000000182,0.08699999999999619,-5837.417000000016,326.6944599999988,0.00829999999999842,-0.016999999999995907,-0.007199999999997431,-0.24689999999999657,-0.5379000000000005,75.2775,0.11329999999999885,0.029699999999998283,0.20360000000000156,85.0412,0.06310000000000571,-1.9258000000000024,-0.36599999999999966,84.4358,-68.0,0.822453432,467.0,348.0,5.7,-0.6999999999999993,174.0,-81.0,-68.0,-69.0,1.0,360000,319.0,90.0,5.7000000000000455,39.0,44.0,31.0,13.0,229.0,57.0,18.699999999999818,-8.699999999998909,19.0,55.0,39.9,3.4,40.2,1913,12.0,-37.0,829,517,1640.0,4.0,-11.0,639.0,490.0,485.31381999999576,4218.636899999983,5192.349600000016,0.020662251000000076,2.199999999999932,4.699999999999818,-4.199999999999818,1.4000000000000057,-0.10000000000000142,0.20000000000000284,4.746600000000001,3.378499999999974,2110.439999999944,-0.013334799999995539,1.9699999999999989,-0.05692322099999991,7.751766225,0.049999999999998934,-0.1899999999999995,-0.5499999999999989,-0.47999999999999865,-0.5499999999999989,-0.39000000000000057,-0.33999999999999986,-0.21000000000000085,-0.08999999999999986,-0.53,-1.23,-1.23,-0.72,-1.44,-1.38,-1.0,0.09,-0.028299999999999992,0.18260000000000787,0.053199999999999914,0.016800000000000148,0.3999999999999915,0.5,0.9000000000000057,0.8999999999999915,1.0,1.6000000000000085,0.7999999999999972,-0.29999999999999716,1.4000000000000057,0.0,0.8000000000000114,0.10000000000000853,0.5999999999999943,0.7999999999999972,0.7000000000000028,0.7000000000000028,0.28699999999999903,-0.0320000000000249,0.4759999999999991,-0.08399999999999608,0.040000000000000036,0.009999999999999787,-0.04999999999999982,719.0,1192.0,0.7544999999999789
1979-07-01,44.572000000000116,6.0,-0.03300000000000125,-716.1589999999851,-329.8058400000009,-0.08359999999999701,-0.028300000000001546,-0.03480000000000416,-0.5194000000000045,-0.6317999999999984,74.8644,0.283100000000001,-0.13059999999999405,-0.09890000000000043,86.2421,0.049399999999998556,-1.7506999999999948,0.6800999999999959,84.2723,-37.0,0.811207472,364.0,327.0,5.7,-0.09999999999999964,-57.0,166.0,-48.0,3.0,-51.0,379250,109.0,2.0,8.599999999999909,17.0,-22.0,-8.0,-14.0,107.0,-27.0,8.400000000000546,-33.400000000001455,16.0,105.0,39.8,3.3,40.2,1760,-10.0,-31.0,774,460,1534.0,-20.0,-43.0,599.0,487.0,-1508.611149999997,1674.8646999999764,7588.81879999995,0.01033112600000008,5.684341886080802e-14,-1.0,-5.400000000000091,2.1999999999999886,0.7999999999999972,1.0,4.381599999999992,4.1233,3091.9100000000326,-0.5528441000000157,1.0,0.004053188999999513,7.6679412,0.1800000000000015,0.10999999999999943,0.17999999999999972,0.17999999999999972,0.07000000000000028,0.05000000000000071,0.03999999999999915,-0.08999999999999986,-0.09000000000000163,-0.6,-1.23,-1.23,-0.83,-1.57,-1.52,-1.27,-0.18,-0.05010000000000003,-2.0867000000000075,0.14789999999999992,-0.008500000000000174,0.8000000000000114,0.8999999999999915,1.2000000000000028,0.9000000000000057,2.6499999999999986,1.3999999999999915,0.7999999999999972,-0.10000000000000853,1.2000000000000028,0.10000000000000853,0.7999999999999972,-0.20000000000000284,0.7999999999999972,0.9000000000000057,0.7000000000000028,0.7999999999999972,0.267000000000003,0.13500000000001933,0.48499999999999943,-0.03800000000000381,0.040000000000000036,0.07000000000000028,-0.009999999999999787,459.0,1168.0,1.4524000000000115
1979-08-01,9.42199999999957,9.099999999999454,0.36599999999999966,981.7139999999199,2825.1292799999937,-0.3370999999999995,-0.41159999999999997,-0.5237999999999943,-0.7357999999999976,-2.0467000000000013,75.0318,-0.3564000000000007,-0.26380000000000337,-0.5915999999999997,85.6463,-0.6233000000000004,2.2568999999999946,-0.8413000000000039,82.9951,59.0,0.778955696,94.0,-230.0,6.0,0.29999999999999893,406.0,-162.0,80.0,16.0,64.0,393750,83.0,-104.0,7.300000000000068,13.0,-125.0,-112.0,-13.0,187.0,14.0,5.5,5.0,29.0,79.0,39.9,3.2,40.1,1778,14.0,15.0,770,453,1591.0,-9.0,10.0,640.0,502.0,-1791.7108799999987,1035.8218000000343,3380.385200000019,-0.01033112600000008,-2.1999999999999886,0.0,-2.7000000000000455,0.5,-0.19999999999999574,-0.10000000000000142,2.782100000000014,2.8515000000000157,2654.609999999986,0.019211399999989,4.700000000000003,-0.1772021979999998,7.865681995,0.46999999999999886,0.5500000000000007,0.27999999999999936,0.25,0.33999999999999986,0.16000000000000014,0.08000000000000007,0.030000000000001137,0.0600000000000005,-0.52,-1.42,-1.45,-0.96,-1.88,-1.91,-1.71,-0.59,0.008099999999999996,1.4157000000000153,-0.022999999999999687,0.00670000000000015,0.7999999999999972,1.0,1.0999999999999943,-1.0,4.75,1.6000000000000085,0.7000000000000028,0.10000000000000853,1.0,-0.10000000000000853,0.7000000000000028,0.20000000000000284,0.9000000000000057,0.9000000000000057,0.5999999999999943,0.7999999999999972,0.2700000000000031,-0.016000000000005343,0.3329999999999984,0.06200000000000472,0.040000000000000036,0.03999999999999915,0.009999999999999787,357.0,601.0,0.5307999999999993
1979-09-01,-0.36200000000008004,3.9000000000005457,0.08400000000000318,-3196.280000000028,781.9924699999974,-0.003500000000002501,0.36990000000000123,0.644599999999997,0.3550999999999931,1.5957000000000008,74.5542,0.7163000000000004,-0.3288999999999973,-0.13599999999999923,84.7813,0.050499999999999545,-0.45369999999999777,-1.0720999999999918,82.8572,129.0,0.816155089,434.0,564.0,5.9,-0.09999999999999964,-350.0,234.0,-31.0,-29.0,-2.0,385800,27.0,29.0,4.199999999999932,-9.0,36.0,65.0,-29.0,-2.0,35.0,2.0,33.400000000001455,-1.0,-101.0,39.8,3.3,40.1,1832,-44.0,5.0,771,545,1638.0,49.0,6.0,660.0,474.0,2641.010049999997,3545.2574000000022,1841.189699999988,0.0,-1.1000000000000227,-4.2999999999999545,-8.399999999999864,1.0,0.3999999999999986,0.10000000000000142,3.7309000000000196,2.984499999999997,2859.5499999999884,0.17204950000001418,1.1999999999999886,-0.003923628999999984,7.792059655,0.4900000000000002,1.2100000000000009,0.7400000000000002,0.7099999999999991,0.8599999999999994,0.34999999999999964,0.3000000000000007,0.20999999999999908,0.1899999999999995,0.2,-1.17,-1.23,-0.59,-2.02,-2.1,-1.99,-0.89,-0.045700000000000074,4.4879999999999995,-0.040200000000000014,-0.005300000000000082,1.2999999999999972,1.5,1.2999999999999972,2.4000000000000057,2.0,0.7999999999999972,0.7000000000000028,0.3999999999999915,0.7999999999999972,0.0,0.6999999999999886,-0.19999999999998863,0.7000000000000028,0.6999999999999886,0.6000000000000085,0.7999999999999972,0.31400000000000006,0.09399999999999409,0.48499999999999943,-0.0010000000000047748,0.04999999999999982,0.08999999999999986,0.0,618.0,1185.0,3.838600000000014
1979-10-01,0.09699999999975262,-1.199999999999818,-0.11699999999999733,-1682.2529999999097,-573.5302799999918,0.3552000000000035,0.1833999999999989,0.041499999999999204,0.21540000000000248,-0.24560000000000315,75.0602,-0.2715999999999994,0.4936999999999969,0.19989999999999952,85.3332,0.2576999999999998,0.35249999999999915,-0.6651000000000096,83.0737,81.0,0.815279543,170.0,64.0,6.0,0.0,93.0,-43.0,47.0,49.0,-2.0,402250,154.0,-50.0,5.5,-5.0,-52.0,-73.0,21.0,204.0,74.0,15.299999999999272,54.899999999999636,19.0,8.0,39.9,3.2,40.2,1681,43.0,-84.0,761,445,1481.0,-59.0,-40.0,643.0,433.0,-609.4638600000035,1922.851399999985,5280.0253000000375,0.0,1.0,-1.199999999999818,-12.400000000000091,1.9000000000000057,1.1999999999999957,0.5999999999999943,1.774499999999989,2.9591000000000065,2697.070000000007,0.16262910000000375,-4.099999999999994,0.2437227350000004,7.36536494,2.34,1.5999999999999996,1.4399999999999995,1.4600000000000009,1.5999999999999996,1.2200000000000006,0.9700000000000006,0.6900000000000013,0.8600000000000012,-0.54,-2.07,-2.11,-1.33,-3.14,-3.47,-3.64,-2.37,0.019600000000000062,8.070799999999991,-0.05279999999999996,0.010099999999999998,0.9000000000000057,0.7999999999999972,1.3000000000000114,0.8999999999999915,0.5,4.400000000000006,0.7999999999999972,-0.09999999999999432,0.5,0.0,0.7000000000000028,0.19999999999998863,0.8999999999999915,0.8000000000000114,0.5,0.7000000000000028,0.29299999999999926,0.16200000000000614,0.3500000000000014,0.008000000000002672,0.03000000000000025,-0.009999999999999787,0.0,121.0,614.0,0.6714999999999804
1979-11-01,19.10199999999986,16.599999999999454,0.08699999999999619,212.68499999993946,1058.9049099999975,-0.08340000000000458,-0.04469999999999885,-0.0818000000000012,-0.17479999999999052,-0.7811999999999983,75.2952,-0.0549000000000035,-0.1150999999999982,-0.21420000000000172,85.329,-0.1559999999999988,1.8247,-1.1400000000000006,82.6126,-323.0,0.771080475,112.0,170.0,5.9,0.09999999999999964,-9.0,-128.0,20.0,-1.0,21.0,413250,92.0,-91.0,2.800000000000068,-3.0,-91.0,-75.0,-16.0,183.0,64.0,15.400000000000546,40.399999999999636,17.0,37.0,39.8,3.1,40.1,1524,43.0,-52.0,692,366,1276.0,9.0,-60.0,554.0,368.0,-1470.9899199999927,1781.6897999999928,3078.3911999999546,0.0,-1.5,-0.8000000000001819,-13.200000000000045,2.3000000000000114,0.7000000000000028,0.8000000000000043,1.087600000000009,2.3807999999999936,2403.780000000028,-0.2496074999999962,-0.7999999999999972,0.08601648999999956,7.180161576,-0.5899999999999999,0.33999999999999986,0.08999999999999986,0.16000000000000014,-0.049999999999998934,0.29999999999999893,0.34999999999999964,0.629999999999999,0.5899999999999999,0.39,-1.39,-1.36,-0.79,-2.25,-2.53,-2.42,-1.19,0.01200000000000001,14.49969999999999,-0.008599999999999941,0.0042999999999999705,1.0,1.2000000000000028,0.7999999999999972,1.2000000000000028,2.0,0.3999999999999915,0.7999999999999972,0.0,0.7000000000000028,0.09999999999999432,0.7000000000000028,0.5,1.0,0.8999999999999915,0.6999999999999886,0.7999999999999972,0.25099999999999767,0.1039999999999992,0.3640000000000043,-0.06899999999999906,0.04999999999999982,0.08000000000000007,-0.009999999999999787,535.0,1240.0,1.3862000000000023
1979-12-01,15.15900000000056,12.900000000000546,-0.10199999999999676,-1640.1959999999963,230.24181999999564,0.03530000000000655,0.17709999999999582,0.205600000000004,0.026399999999995316,-0.11050000000000182,75.4111,0.2085000000000008,-0.08769999999999811,0.033200000000000784,85.9169,0.13579999999999615,-1.4908000000000001,0.34790000000000987,82.6455,-34.0,0.755098814,446.0,359.0,6.0,0.20000000000000107,-17.0,150.0,38.0,45.0,-7.0,428200,99.0,23.0,7.2999999999999545,13.0,2.0,9.0,-7.0,76.0,-16.0,-13.600000000000364,1.8999999999996362,13.0,7.0,39.8,3.1,40.1,1498,-73.0,67.0,632,406,1254.0,1.0,21.0,517.0,361.0,803.2131599999993,2076.412500000035,3205.033800000034,0.01033112600000008,1.0,2.2999999999999545,-12.399999999999864,2.8999999999999773,1.0,1.3999999999999986,2.4875000000000114,2.4067000000000007,2518.2799999999697,-0.31519610000000853,4.099999999999994,-0.16221666599999995,7.336093073,0.5999999999999996,-0.33000000000000007,0.25,0.019999999999999574,-0.41000000000000014,-0.5099999999999998,-0.2599999999999998,-0.019999999999999574,0.07000000000000028,-0.54,-1.74,-1.94,-1.8,-3.36,-3.39,-3.04,-1.72,-0.04390000000000005,-4.609699999999975,0.06549999999999967,-0.009700000000000042,0.7999999999999972,0.7999999999999972,0.7999999999999972,1.2000000000000028,1.5,2.9000000000000057,0.9000000000000057,0.20000000000000284,1.0999999999999943,0.20000000000000284,0.7999999999999972,-0.30000000000001137,0.9000000000000057,0.9000000000000057,0.7000000000000028,0.9000000000000057,0.3059999999999974,-0.05900000000001171,0.42799999999999727,0.05699999999999861,0.05999999999999961,0.05000000000000071,0.02999999999999936,472.0,894.0,0.8088999999999942
1980-01-01,8.435999999999694,-6.100000000000364,0.2740000000000009,4740.347999999998,1709.1824699999997,0.2745999999999995,0.1455000000000055,0.26599999999999824,-0.23440000000000794,-0.9313000000000002,75.6505,0.5287000000000006,0.37650000000000006,0.11690000000000111,86.333,0.25260000000000105,-3.096599999999995,1.3071999999999946,82.8789,-115.0,0.697441269,304.0,-54.0,6.3,-0.40000000000000036,202.0,30.0,76.0,72.0,4.0,414250,128.0,-21.0,3.7000000000000455,-5.0,-19.0,-23.0,4.0,149.0,18.0,21.0,2.0,23.0,21.0,39.6,3.0,40.0,1341,11.0,-111.0,627,354,1280.0,-26.0,8.0,563.0,359.0,4060.270789999995,3901.0230999999912,4296.109200000006,-0.030993377000000155,3.0,1.2000000000000455,-15.5,-0.6999999999999886,1.2000000000000028,1.3999999999999986,2.12439999999998,2.4402000000000044,1733.2600000000093,-0.8013688000000059,3.1000000000000085,-0.10142182899999952,7.402949823,0.040000000000000924,-0.20000000000000107,-0.03999999999999915,0.0,0.08000000000000007,0.3200000000000003,0.41000000000000014,0.34999999999999964,0.35999999999999943,-0.78,-1.82,-1.98,-1.76,-3.08,-3.02,-2.73,-1.4,-0.0037000000000000366,-2.485900000000015,0.06340000000000012,-0.006000000000000005,1.2000000000000028,1.3000000000000114,2.0,-0.29999999999999716,0.0,1.2000000000000028,1.0999999999999943,0.09999999999999432,2.200000000000003,1.4210854715202004e-14,1.2000000000000028,0.20000000000001705,1.0999999999999943,1.2000000000000028,1.1000000000000085,1.2000000000000028,0.3850000000000051,0.4310000000000116,0.7210000000000036,-0.028999999999999915,-0.009999999999999787,-0.09999999999999964,-0.03999999999999915,502.0,1420.0,-0.7459999999999809
1980-02-01,-27.22899999999936,-20.5,-0.28700000000000614,-5311.113000000012,-684.5026899999939,0.0192999999999941,0.15179999999999438,0.29299999999999926,0.18470000000000653,-0.3493999999999957,76.1768,0.15770000000000195,-0.09420000000000073,-0.03240000000000265,85.2896,-0.05359999999999587,3.149099999999997,-1.1670000000000016,82.6129,-104.0,0.679946285,135.0,116.0,6.3,0.1999999999999993,-81.0,137.0,5.0,45.0,-40.0,418000,83.0,-75.0,6.2999999999999545,-20.0,-63.0,-9.0,-54.0,158.0,35.0,18.699999999999818,24.0,13.0,25.0,39.7,3.0,40.1,1350,-71.0,40.0,689,332,1199.0,5.0,-41.0,529.0,348.0,406.30922999999893,2679.2111999999615,3994.1150999999954,0.0,0.30000000000001137,2.8999999999998636,-9.0,-2.0999999999999943,-2.0,-2.3999999999999986,3.822999999999979,2.933099999999996,2201.1699999999837,0.1593029999999942,4.3999999999999915,-0.15277509499999997,7.564531995,0.3100000000000005,0.7400000000000002,0.8599999999999994,1.0199999999999996,1.8599999999999994,1.8599999999999994,1.6099999999999994,1.290000000000001,1.1500000000000004,-0.35,-1.27,-1.27,-0.21,-1.53,-1.72,-1.75,-0.56,0.04530000000000012,6.461399999999998,0.02499999999999991,-0.008499999999999952,1.1999999999999886,1.2999999999999972,1.5999999999999943,1.6999999999999886,4.5,7.3999999999999915,1.0,-0.19999999999998863,1.7999999999999972,0.0999999999999801,0.7999999999999972,-0.30000000000001137,1.0,1.0999999999999943,0.8999999999999915,0.8999999999999915,0.402000000000001,0.21600000000000819,0.47099999999999653,0.1039999999999992,0.08999999999999986,0.17999999999999972,0.03999999999999915,695.0,596.0,2.8700000000000045
1980-03-01,-31.454000000000633,-18.0,-0.2779999999999987,-12735.854999999981,-1228.9934599999979,-0.2179000000000002,-0.3889999999999958,-0.370199999999997,-0.5118999999999971,-0.807300000000005,75.892,-0.26529999999999987,-0.0671999999999997,-0.14649999999999963,84.5975,-0.42610000000000525,2.953400000000002,-3.168700000000001,81.74,-66.0,0.667409719,-255.0,-282.0,6.3,0.40000000000000036,-37.0,72.0,99.0,-15.0,114.0,433800,111.0,-56.0,6.100000000000023,-57.0,-2.0,-1.0,-1.0,167.0,4.0,3.600000000000364,5.600000000000364,18.0,70.0,39.5,3.0,39.9,1047,25.0,-64.0,496,261,988.0,-8.0,-60.0,462.0,272.0,-2745.408939999994,2601.0,4120.757799999963,0.04132450300000001,-6.000000000000057,-6.699999999999818,-19.5,1.0999999999999943,-0.10000000000000142,-1.2000000000000028,3.711300000000051,1.9442999999999984,-24.05999999999767,-0.933848399999988,-10.599999999999994,0.5526465979999999,6.754015062,3.0600000000000005,3.0299999999999994,2.34,2.17,1.9000000000000004,0.870000000000001,0.33999999999999986,0.5800000000000001,0.879999999999999,-0.38,-1.99,-2.16,-1.37,-3.72,-4.44,-4.23,-2.74,0.12369999999999992,4.128600000000006,-0.08460000000000001,0.01760000000000006,0.9000000000000057,0.8999999999999915,0.6000000000000085,-1.7999999999999972,1.0,-6.299999999999997,1.0999999999999943,0.3999999999999915,2.0,-0.19999999999998863,1.1000000000000085,0.10000000000000853,1.3000000000000114,1.2999999999999972,1.2000000000000028,1.2000000000000028,0.4609999999999985,-0.1910000000000167,0.7909999999999968,-0.0259999999999998,0.0600000000000005,0.08000000000000007,0.010000000000000675,753.0,613.0,1.600500000000011
1980-04-01,-7.0109999999995125,-10.5,-0.4309999999999974,-11701.27099999995,-1067.2019200000068,-1.0256999999999934,-0.8657000000000039,-0.6698000000000022,-1.0644000000000062,-1.9007999999999967,75.4458,-0.3088000000000015,-1.1318000000000055,-0.909399999999998,83.1716,-1.0101999999999975,-0.3155000000000001,-2.3022999999999954,79.9156,-526.0,0.538869258,149.0,-480.0,6.9,0.40000000000000036,277.0,116.0,237.0,168.0,69.0,529750,-145.0,-311.0,9.200000000000045,-75.0,-244.0,-219.0,-25.0,166.0,-100.0,-15.899999999999636,-63.100000000000364,6.0,287.0,39.5,2.8,39.8,1051,7.0,-15.0,509,260,808.0,-34.0,-6.0,393.0,201.0,-4913.332080000007,210.78880000003846,6497.743400000036,0.04132450300000001,-2.8999999999999204,-2.7999999999999545,-15.5,2.9000000000000057,1.7999999999999972,2.1000000000000014,1.2173999999999978,1.6905999999999892,-1575.8699999999953,-1.2341788999999892,-1.7000000000000028,0.13674158300000006,6.569557502,0.41999999999999815,-1.0299999999999994,-2.0,-2.1499999999999986,-2.5199999999999996,-1.6300000000000008,-1.2799999999999994,-0.9200000000000017,-0.2599999999999998,-1.83,-4.41,-4.73,-4.31,-5.77,-6.14,-5.57,-3.42,-0.0028999999999999027,1.7964000000000055,0.0049000000000001265,0.0129999999999999,0.7000000000000028,0.6000000000000085,0.29999999999999716,-2.5,1.5,-3.700000000000003,0.8000000000000114,-0.6000000000000085,0.4000000000000057,-0.10000000000000853,0.5,-0.4000000000000057,1.1999999999999886,0.7999999999999972,0.5,0.7999999999999972,0.1980000000000004,-0.42799999999999727,0.20700000000000074,-0.11700000000000088,0.040000000000000036,0.07000000000000028,-0.05000000000000071,1045.0,832.0,1.591099999999983
1980-05-01,-18.311999999999898,-22.0,-0.1630000000000038,-6847.9700000000885,47.70776000000478,-1.2431000000000054,-1.0743999999999971,-0.9114000000000004,-1.364299999999993,-2.725200000000001,75.065,-0.4676000000000009,-1.3488999999999933,-1.3178000000000019,80.7297,-1.4305999999999983,-2.120200000000004,-1.2102999999999966,77.4097,-319.0,0.456663327,338.0,-288.0,7.5,-0.5,380.0,220.0,46.0,18.0,28.0,615800,-429.0,-273.0,13.099999999999909,-39.0,-247.0,-219.0,-28.0,-156.0,-39.0,-8.700000000000728,-16.299999999999272,11.0,-129.0,39.1,2.5,39.3,927,-8.0,-29.0,470,212,861.0,16.0,10.0,403.0,218.0,-5785.203969999995,-3167.5545000000275,2883.5562999999966,0.020662251999999937,5.599999999999966,7.699999999999818,-5.900000000000091,0.0,-0.8999999999999986,0.5,-2.7234000000000265,0.6425000000000125,-2665.4500000000116,-1.785311500000006,4.700000000000003,-0.20439164000000076,6.814684294,-6.629999999999999,-6.289999999999999,-4.619999999999999,-4.23,-3.91,-1.8900000000000006,-1.290000000000001,-1.049999999999999,-1.0199999999999996,-1.49,-2.4,-2.33,-1.59,-1.03,-0.8,0.01,2.19,-0.09830000000000005,-21.6464,0.09260000000000002,-0.01200000000000001,0.3999999999999915,0.3999999999999915,0.5,1.2000000000000028,0.0,-2.0999999999999943,0.7999999999999972,-0.19999999999998863,0.5999999999999943,1.4210854715202004e-14,0.5,0.4000000000000057,1.0,0.8000000000000114,0.5999999999999943,0.7999999999999972,0.29699999999999704,-0.14999999999999147,0.25,0.12600000000000477,0.05999999999999961,0.05999999999999872,0.03000000000000025,653.0,305.0,3.557799999999986
1980-06-01,14.153999999999542,8.399999999999636,0.1560000000000059,-1520.0359999999637,1093.1300499999925,-0.638300000000001,-0.45940000000000225,-0.34619999999999607,-0.3658000000000001,-0.6734000000000009,74.9257,-0.3628,-0.7694000000000045,-0.6873000000000005,79.6959,-0.7467000000000041,1.1142000000000039,-0.13060000000000116,76.0282,50.0,0.45640899,-149.0,-263.0,7.6,0.40000000000000036,-345.0,271.0,20.0,-34.0,54.0,607000,-319.0,-266.0,9.800000000000068,-39.0,-236.0,-190.0,-46.0,-53.0,-50.0,-9.699999999999818,-14.300000000001091,12.0,-13.0,39.2,2.4,39.2,1196,19.0,55.0,628,249,1118.0,15.0,26.0,545.0,292.0,2297.716349999995,-692.4553999999771,2279.5681999999797,0.01033112600000008,3.3000000000000114,6.800000000000182,2.599999999999909,1.0,-0.5,0.20000000000000284,-0.8405999999999949,0.7221000000000117,-1748.8799999999464,-1.889251900000005,6.8999999999999915,-0.2887409279999993,7.198093535,-1.5099999999999998,-1.2200000000000006,-1.5099999999999998,-1.3500000000000005,-1.2300000000000004,-0.7399999999999984,-0.40000000000000036,-0.41000000000000014,-0.4599999999999991,-1.2,-2.4,-2.17,-1.31,-0.26,0.31,1.11,3.24,-0.029200000000000115,-10.711000000000013,0.03390000000000004,-0.022499999999999964,0.7000000000000028,0.8000000000000114,0.7999999999999972,0.5999999999999943,0.0,-0.9000000000000057,0.7999999999999972,0.09999999999999432,-0.09999999999999432,-0.10000000000000853,0.3999999999999915,-0.29999999999999716,1.4000000000000057,0.8999999999999915,0.4000000000000057,0.8000000000000114,0.2430000000000021,0.1700000000000017,0.20300000000000296,-0.06500000000000483,0.08999999999999986,0.07000000000000028,0.03000000000000025,661.0,3690.5,3.535599999999988
1980-07-01,44.00200000000041,-17.699999999999818,0.28699999999999903,6643.697000000044,1683.2543399999995,-0.3475999999999999,0.051700000000003854,0.06809999999999405,0.014999999999993463,-0.041499999999999204,74.9775,0.0006000000000021544,-0.6695999999999955,-0.7363999999999997,78.1839,-0.45870000000000033,2.5429999999999993,-0.8377000000000052,75.1189,13.0,0.443501136,379.0,114.0,7.8,0.5,49.0,-62.0,235.0,124.0,111.0,559250,-261.0,-270.0,-14.399999999999977,-44.0,-214.0,-148.0,-66.0,9.0,-21.0,-3.199999999999818,-10.199999999998909,11.0,-23.0,39.0,2.6,39.1,1269,-13.0,6.0,669,288,1259.0,-2.0,56.0,584.0,340.0,5590.514139999999,3615.8381999999983,3507.0278999999864,-0.030993378000000016,0.5999999999999659,-0.6000000000001364,17.5,1.0,-0.6000000000000014,-0.6000000000000014,1.02049999999997,1.5767999999999915,106.9199999999837,-1.8782300999999961,5.200000000000003,-0.18881368600000048,7.566330392,-0.4400000000000013,0.14000000000000057,0.9900000000000002,0.7600000000000007,0.4900000000000002,0.3199999999999985,0.47000000000000064,0.4900000000000002,-0.0600000000000005,-0.62,-0.97,-0.97,-0.38,0.5,1.22,2.04,3.62,-0.026100000000000012,3.218800000000016,0.03730000000000011,0.000700000000000145,1.4000000000000057,1.5,0.7000000000000028,4.5,0.0,2.6000000000000085,0.09999999999999432,1.4210854715202004e-14,0.3999999999999915,0.0,0.6000000000000085,-0.20000000000000284,-0.5,-0.09999999999999432,0.5999999999999943,0.09999999999999432,0.30100000000000193,-0.48500000000001364,0.3710000000000022,0.04200000000000159,0.04999999999999982,0.05000000000000071,-0.019999999999999574,574.0,440.0400000000009,5.1375000000000455
1980-08-01,12.470999999999549,18.300000000000182,0.03999999999999915,3842.7459999999264,817.2547300000006,0.15490000000000492,0.16890000000000072,0.10470000000000113,0.23450000000000415,0.3669000000000011,75.1097,-0.0622000000000007,0.13879999999999626,0.22520000000000095,79.4899,0.3167000000000044,1.397199999999998,-1.529599999999995,75.4695,17.0,0.449945659,-54.0,28.0,7.7,0.5999999999999996,-43.0,-159.0,167.0,121.0,46.0,528200,259.0,162.0,-2.5,26.0,138.0,84.0,54.0,97.0,33.0,14.199999999999818,19.0,12.0,-8.0,39.2,2.7,39.5,1436,11.0,21.0,711,381,1367.0,4.0,4.0,632.0,392.0,-1155.9121599999926,1755.9372999999905,2532.8535000000265,-0.020662251000000076,0.30000000000001137,-0.2999999999999545,5.7000000000000455,-1.5,-2.5,-2.799999999999997,3.390800000000013,1.4184999999999945,112.14000000001397,-1.2587113000000016,3.700000000000003,-0.11453764999999994,7.793923264,0.5800000000000001,1.1600000000000001,1.0700000000000003,1.3499999999999996,1.5899999999999999,1.3100000000000005,0.8499999999999996,0.5700000000000003,0.5,-0.04,-0.48,-0.2,0.63,1.23,1.49,2.03,3.54,0.044399999999999995,2.7774,-0.0028000000000001357,0.006899999999999906,1.0,1.0999999999999943,1.0,4.400000000000006,-1.5,2.5999999999999943,0.6000000000000085,0.19999999999998863,0.6000000000000085,-0.10000000000000853,1.0,0.9999999999999858,0.0,0.3999999999999915,0.7000000000000028,0.5,0.32499999999999574,0.8200000000000074,0.4339999999999975,-0.03399999999999892,0.08000000000000007,0.08999999999999986,0.019999999999999574,377.0,131.1800000000003,5.429499999999962
1980-09-01,25.722999999999956,17.399999999999636,0.006999999999997897,11310.748000000021,267.57832000000053,0.8121999999999971,0.7309999999999945,0.6510999999999996,0.6204999999999998,1.8106000000000009,74.9037,0.5945999999999998,0.855000000000004,0.4695999999999998,80.9274,0.7781999999999982,-0.8155000000000001,0.9987999999999957,76.5621,165.0,0.485101608,-7.0,253.0,7.5,0.5,-265.0,-45.0,147.0,111.0,36.0,482750,114.0,71.0,16.5,24.0,31.0,41.0,-10.0,43.0,25.0,13.0,12.699999999998909,12.0,-80.0,39.4,2.7,39.6,1471,28.0,83.0,670,346,1484.0,14.0,18.0,722.0,387.0,6501.888330000002,3768.4455000000307,3097.874599999981,-0.030993377999999794,0.4000000000000341,-3.5,-0.7999999999999545,1.0,0.8000000000000043,0.19999999999999574,3.343400000000031,1.244700000000023,639.9599999999627,-1.4061822999999976,3.0,-0.08147576499999953,7.980883506,1.2599999999999998,1.4000000000000004,1.1399999999999988,1.1600000000000001,1.2799999999999994,0.7799999999999994,0.41000000000000014,0.379999999999999,0.5499999999999989,0.1,-0.6,-0.3,0.65,0.75,0.64,1.15,2.83,-0.01309999999999989,-9.497100000000017,0.030799999999999716,0.00550000000000006,0.3999999999999915,0.29999999999999716,0.4000000000000057,1.4000000000000057,-2.0,-1.2999999999999972,0.7000000000000028,0.09999999999999432,0.8999999999999915,0.30000000000001137,0.8999999999999915,1.4210854715202004e-14,0.5,0.7000000000000028,0.9000000000000057,0.7999999999999972,0.3640000000000043,-0.04599999999999227,0.35999999999999943,0.0799999999999983,0.0600000000000005,0.049999999999998934,-0.020000000000000462,384.0,91.70999999999913,3.5274
1980-10-01,51.70100000000002,60.5,0.4209999999999994,11451.33500000008,1941.4985400000005,0.628300000000003,0.6007000000000033,0.6377000000000024,0.4589999999999961,0.7198999999999955,75.1613,0.5599999999999987,0.6322999999999936,0.9589999999999996,81.6804,0.8438000000000017,-1.1362999999999985,-0.9641999999999982,77.7499,12.0,0.482566766,307.0,240.0,7.5,0.1999999999999993,86.0,-69.0,-3.0,-97.0,94.0,438000,277.0,81.0,10.899999999999977,10.0,61.0,54.0,7.0,196.0,20.0,7.600000000000364,7.200000000000728,20.0,56.0,39.6,2.8,39.8,1523,-46.0,-26.0,791,349,1366.0,-1.0,1.0,631.0,360.0,2374.839869999996,3499.475299999991,2854.3311000000103,-0.030993377000000155,-1.400000000000034,-1.7000000000000455,-4.900000000000091,1.5,0.5,0.5,5.164799999999957,2.1159999999999854,1468.5599999999977,-1.4202689000000106,3.6999999999999886,-0.11331912600000038,8.216020467,1.9400000000000013,1.549999999999999,1.3499999999999996,1.0600000000000005,0.9700000000000006,0.2400000000000002,0.2400000000000002,0.2900000000000009,0.5300000000000011,-0.29,-1.19,-1.18,-0.32,-0.95,-1.06,-0.5,1.42,0.02279999999999993,-5.093999999999994,0.015300000000000313,0.0043999999999999595,0.7000000000000028,0.5,0.8999999999999915,1.7999999999999972,0.0,2.700000000000003,0.7999999999999972,0.10000000000000853,0.7000000000000028,-0.09999999999999432,0.7000000000000028,-0.29999999999999716,1.0,0.9000000000000057,0.5,0.7999999999999972,0.31799999999999784,-0.7850000000000108,0.31700000000000017,-0.0010000000000012221,0.08000000000000007,0.08000000000000007,0.020000000000000462,528.0,125.7699999999968,2.5948000000000206
1980-11-01,14.537000000000262,24.900000000000546,-0.09499999999999886,372.4989999999525,697.985320000007,0.8348000000000013,0.6024999999999991,0.5285000000000011,0.28580000000000894,1.0365000000000038,74.9321,0.47190000000000154,0.9991000000000057,0.9124000000000017,83.1599,0.848399999999998,-0.9528000000000034,1.0853000000000037,78.9331,172.0,0.507914745,163.0,228.0,7.5,0.5,-90.0,-46.0,23.0,-50.0,73.0,412600,257.0,111.0,17.999999999999886,-2.0,95.0,91.0,4.0,146.0,28.0,10.800000000000182,18.899999999999636,14.0,5.0,39.7,2.9,39.9,1510,1.0,30.0,727,369,1383.0,-8.0,-19.0,654.0,381.0,-2633.4858000000095,894.6599999999744,2649.7544000000344,0.0,-2.5,0.20000000000004547,-6.7999999999999545,1.0999999999999943,-0.5,-1.1999999999999957,7.41700000000003,2.203300000000013,318.21000000002095,-1.1486516999999878,5.5,-0.1677822339999997,8.577970574,3.039999999999999,2.66,2.110000000000001,1.8699999999999992,1.6600000000000001,0.9700000000000006,0.9299999999999997,0.6600000000000001,0.41000000000000014,-0.67,-2.12,-2.35,-1.7,-3.02,-3.17,-2.88,-1.21,0.06410000000000005,3.7831999999999937,-0.022400000000000198,0.01729999999999987,0.6000000000000085,0.7000000000000028,0.7000000000000028,1.2999999999999972,0.0,-1.2000000000000028,0.8999999999999915,-0.30000000000001137,0.7999999999999972,-0.20000000000001705,0.7000000000000028,-1.4210854715202004e-14,1.0999999999999943,0.7999999999999972,0.7000000000000028,0.9000000000000057,0.3260000000000005,0.5420000000000016,0.34199999999999875,-0.027999999999998693,0.08000000000000007,0.08000000000000007,0.009999999999999787,41.0,-296.29999999999563,4.649400000000014
1980-12-01,29.360999999999876,21.699999999999818,0.24099999999999966,1383.0520000000251,104.74964999999793,0.33609999999999474,0.17009999999999792,0.07019999999999982,0.02039999999999509,-0.569899999999997,75.3412,0.13019999999999854,0.46109999999999474,0.11570000000000036,84.4084,0.2032999999999987,0.6976000000000013,0.9238,79.0663,-156.0,0.507774035,-216.0,89.0,7.2,0.09999999999999964,-49.0,-264.0,77.0,63.0,14.0,410000,196.0,59.0,15.400000000000091,6.0,39.0,34.0,5.0,137.0,38.0,12.599999999999454,19.700000000000728,15.0,-18.0,39.8,3.1,40.1,1482,18.0,-42.0,781,311,1249.0,-13.0,-10.0,621.0,303.0,3229.7822300000116,3711.217799999984,16239.487599999993,0.04132450300000001,-3.8999999999999773,-7.0,-12.700000000000045,1.4000000000000057,-0.5,-0.20000000000000284,4.663999999999987,1.6765999999999508,1391.3699999999953,-0.7973001000000011,-2.1999999999999886,0.09691459799999969,8.444890385,3.049999999999999,2.8900000000000006,1.7599999999999998,1.1400000000000006,0.7300000000000004,0.41999999999999993,0.16000000000000014,0.2400000000000002,0.5,-0.83,-3.41,-4.26,-4.02,-5.65,-6.06,-5.69,-3.76,0.05940000000000012,-3.6173,-0.04820000000000002,0.010400000000000187,0.3999999999999915,0.4000000000000057,0.9000000000000057,-0.7999999999999972,1.0,-2.9000000000000057,0.8000000000000114,-0.19999999999998863,0.7000000000000028,0.10000000000000853,0.5,-0.5999999999999801,1.1000000000000085,0.9000000000000057,0.5999999999999943,0.7999999999999972,0.26200000000000045,-0.4989999999999952,0.33500000000000085,-0.055999999999997385,0.05999999999999872,0.0600000000000005,-0.040000000000000036,353.0,574.2299999999959,1.87439999999998
1981-01-01,-19.618000000000393,-14.600000000000364,0.009000000000000341,3418.5779999999795,2027.579939999996,-0.3241999999999976,-0.028599999999997294,-0.012500000000002842,0.0006999999999948159,-0.22220000000000084,75.4887,0.026900000000001256,-0.5529999999999973,-0.3044000000000011,83.6379,-0.21389999999999532,-0.4836999999999989,4.468800000000002,78.5238,-87.0,0.474786272,674.0,321.0,7.5,0.6000000000000014,221.0,100.0,-17.0,-133.0,116.0,413000,90.0,-30.0,13.599999999999909,-41.0,-1.0,8.0,-9.0,120.0,33.0,7.400000000000546,17.5,16.0,-13.0,40.0,3.0,40.1,1547,21.0,38.0,799,299,1221.0,-3.0,-12.0,608.0,303.0,-3432.9368499999982,794.5116000000271,3049.1658999999636,-0.020662251999999937,5.0,3.1000000000001364,-8.799999999999955,-2.3000000000000114,0.8999999999999986,1.2000000000000028,0.41390000000001237,1.4873000000000047,588.140000000014,-0.5218532000000096,-0.5,0.04742192500000009,8.429998268,0.17999999999999972,-1.490000000000002,-0.47000000000000064,-0.5600000000000005,-0.8000000000000007,-0.4800000000000004,-0.2699999999999996,-0.40000000000000036,-0.11000000000000121,-2.5,-4.06,-5.0,-5.0,-6.31,-6.51,-6.27,-4.05,0.03699999999999992,-7.121899999999982,0.05699999999999994,-0.005900000000000016,1.0,0.8999999999999915,1.1999999999999886,0.7000000000000028,1.0,-1.0999999999999943,0.7999999999999972,-0.09999999999999432,1.7000000000000028,0.29999999999999716,0.7000000000000028,-1.4210854715202004e-14,0.7999999999999972,0.7999999999999972,0.9000000000000057,0.7999999999999972,0.39000000000000057,0.23699999999999477,0.4690000000000012,0.11199999999999832,0.07000000000000028,0.08999999999999986,0.010000000000000675,414.0,83.45000000000437,2.3104000000000156
1981-02-01,-16.936999999999898,-15.599999999999454,-0.08599999999999852,-2328.719000000041,1146.0234400000045,-0.2090999999999994,-0.3177999999999983,-0.2686999999999955,-0.13179999999999836,-0.11240000000000094,75.3518,-0.3570999999999991,-0.11419999999999675,-0.1377999999999986,83.2469,-0.2483000000000004,-1.511800000000001,-1.8790000000000049,77.9256,64.0,0.483915042,216.0,236.0,7.4,-0.20000000000000107,-31.0,78.0,-45.0,-27.0,-18.0,428750,72.0,-34.0,9.600000000000136,-17.0,-26.0,-28.0,2.0,106.0,44.0,10.0,30.399999999999636,12.0,-14.0,39.4,2.9,39.8,1246,-56.0,-98.0,683,268,1199.0,9.0,-20.0,603.0,297.0,253.94327999999223,356.71940000000177,4666.295500000007,0.01033112600000008,0.6999999999999886,4.699999999999818,-3.3999999999998636,-2.0999999999999943,-1.7000000000000028,-1.6000000000000014,0.6648000000000138,1.3824000000000183,1395.5,-0.30715949999999737,-4.599999999999994,0.19815894899999975,8.142736385,-3.1499999999999986,-1.089999999999998,-0.23000000000000043,-0.02999999999999936,0.4900000000000002,0.6400000000000006,0.6199999999999992,0.5399999999999991,0.33999999999999986,-0.44,-1.14,-1.88,-1.36,-2.52,-2.74,-2.58,-0.56,0.1197999999999999,3.3499999999999943,-0.10880000000000001,0.00749999999999984,0.7999999999999972,0.7999999999999972,0.5,0.7999999999999972,0.0,-2.200000000000003,0.7999999999999972,0.3999999999999915,2.200000000000003,-0.19999999999998863,1.0,-0.09999999999999432,0.7000000000000028,0.8999999999999915,1.1999999999999886,0.9000000000000057,0.41499999999999915,0.03900000000000148,0.7439999999999998,-0.06800000000000139,0.030000000000001137,0.05000000000000071,-0.020000000000000462,495.0,200.68999999999505,2.1923999999999637
1981-03-01,19.14600000000064,15.300000000000182,0.10000000000000142,-5812.182999999961,542.4165199999989,0.2569000000000017,0.21629999999999683,0.26489999999999725,-0.045099999999990814,0.571399999999997,74.9015,0.3061999999999969,0.2815999999999974,0.0625,83.72,0.15269999999999584,-1.107299999999995,-1.6809000000000012,77.9687,-8.0,0.487095966,311.0,380.0,7.4,-0.09999999999999964,41.0,16.0,-68.0,-40.0,-28.0,407500,105.0,85.0,13.399999999999864,39.0,34.0,28.0,6.0,20.0,21.0,6.299999999999272,10.299999999999272,9.0,-54.0,39.8,2.9,40.0,1306,34.0,33.0,677,267,1183.0,6.0,17.0,565.0,296.0,1950.6605500000005,908.9670000000042,2756.913600000029,0.010331125999999857,0.6999999999999886,6.099999999999909,7.7999999999999545,0.8000000000000114,-0.19999999999999574,0.10000000000000142,1.276299999999992,1.6861000000000104,1911.2799999999697,-0.44691819999999893,4.799999999999983,-0.1450983689999994,8.48921714,-1.2300000000000004,-1.5500000000000007,-1.4299999999999997,-1.2400000000000002,-0.8599999999999994,0.0,-0.07000000000000028,-0.019999999999999574,-0.02999999999999936,-0.76,-1.34,-1.89,-0.99,-1.29,-1.58,-1.37,0.64,-0.020299999999999985,3.075099999999992,-0.06219999999999981,-0.006999999999999895,1.1000000000000085,1.2000000000000028,1.0,-0.4000000000000057,0.0,-0.4000000000000057,0.5999999999999943,-0.10000000000000853,1.0999999999999943,0.09999999999999432,0.5,-0.20000000000000284,0.7000000000000028,0.7000000000000028,0.7000000000000028,0.5999999999999943,0.2890000000000015,-0.387999999999991,0.45700000000000074,-0.04400000000000048,0.08000000000000007,0.049999999999998934,0.019999999999999574,1268.0,899.5400000000009,1.7522000000000162
1981-04-01,-11.181000000000495,-4.400000000000546,-0.12300000000000466,311.216999999946,-578.715909999999,-0.21450000000000102,0.26490000000000435,0.3584999999999994,0.17439999999999145,0.5409000000000006,74.8226,0.35600000000000165,-0.5908000000000015,0.18719999999999715,83.8902,0.2704000000000022,0.129099999999994,-0.9433999999999969,78.1977,-5.0,0.493455331,372.0,485.0,7.2,-0.09999999999999964,-143.0,8.0,-45.0,40.0,-85.0,410250,73.0,-52.0,-136.89999999999986,18.0,64.0,54.0,10.0,125.0,53.0,15.700000000000728,37.0,14.0,-32.0,39.8,2.7,40.1,1360,-8.0,-29.0,717,318,1190.0,3.0,-32.0,575.0,322.0,2114.3128799999977,1734.0,1003.3996000000043,-0.010331125999999857,4.199999999999989,4.700000000000273,15.0,2.5999999999999943,0.5999999999999943,0.29999999999999716,4.109100000000012,1.7842999999999734,1162.6199999999953,0.15838660000000004,1.200000000000017,-0.01481144099999998,8.613852453,1.0200000000000014,0.620000000000001,0.33000000000000007,0.6399999999999988,0.6099999999999994,0.5800000000000001,0.5600000000000005,0.5500000000000007,0.22000000000000064,-1.16,-2.03,-2.27,-1.4,-1.73,-2.04,-1.84,-0.16,0.052100000000000035,6.184100000000001,-0.056599999999999984,-0.00039999999999995595,1.0,1.1000000000000085,1.2000000000000028,0.4000000000000057,0.0,1.1000000000000085,0.5,1.4210854715202004e-14,-0.09999999999999432,0.09999999999999432,0.09999999999999432,0.09999999999999432,0.8999999999999915,0.5,0.4000000000000057,0.4000000000000057,0.18199999999999505,0.8509999999999849,-0.030999999999998806,-0.019999999999999574,0.049999999999998934,0.05000000000000071,0.020000000000000462,601.0,508.3600000000006,2.170599999999979
1981-05-01,18.126000000000204,17.0,0.016000000000005343,-3940.076999999932,-655.4631800000061,0.2890999999999977,0.36309999999999576,0.3254000000000019,0.6454999999999984,0.702300000000001,75.3905,-0.0015000000000000568,0.22090000000000032,0.11550000000000082,84.4021,0.2372000000000014,1.5681000000000012,-0.8091000000000008,78.3713,-46.0,0.469415219,297.0,-8.0,7.5,-0.3000000000000007,224.0,158.0,-10.0,-27.0,17.0,416400,13.0,-3.0,12.5,-71.0,55.0,35.0,20.0,16.0,15.0,4.099999999999454,13.900000000001455,9.0,-62.0,39.8,3.0,40.2,1140,-3.0,-26.0,582,262,1173.0,-18.0,-19.0,578.0,339.0,-54.55077000000165,1153.1386000000057,3770.0550999999978,0.020662251999999937,-11.099999999999966,-17.600000000000136,-6.900000000000091,0.799999999999983,0.20000000000000284,-0.7000000000000028,5.577599999999961,2.633700000000033,1458.100000000035,-0.31424130000000616,-2.700000000000017,0.124189361,8.463943183,2.799999999999999,2.9999999999999982,2.610000000000001,1.8399999999999999,1.879999999999999,0.6400000000000006,0.41999999999999993,0.4399999999999995,0.3899999999999988,-0.96,-2.22,-3.23,-2.32,-3.89,-4.42,-4.2,-2.57,0.09219999999999984,5.652600000000007,-0.08689999999999998,0.010000000000000009,0.29999999999999716,0.19999999999998863,0.4000000000000057,-0.4000000000000057,0.0,0.5999999999999943,0.6000000000000085,-0.30000000000001137,0.5,-0.09999999999999432,0.4000000000000057,0.9000000000000057,1.1000000000000085,0.7999999999999972,0.3999999999999915,0.5999999999999943,0.1880000000000024,-0.0379999999999967,-0.05300000000000438,0.019000000000001904,0.040000000000000924,0.07000000000000028,-0.03000000000000025,427.0,439.43000000000757,1.6052000000000248
1981-06-01,33.43499999999949,33.69999999999982,0.23199999999999932,-1459.9550000000745,811.0319799999997,0.26619999999999777,-0.21949999999999648,-0.28999999999999915,-0.46479999999999677,-0.38989999999999725,74.9053,-0.12920000000000087,0.6435999999999993,-0.0954999999999977,84.114,-0.2255000000000038,1.2891000000000048,-1.451500000000003,77.8094,27.0,0.477154853,-826.0,-750.0,7.5,0.09999999999999964,-69.0,-191.0,29.0,55.0,-26.0,433000,194.0,142.0,153.70000000000005,-32.0,23.0,15.0,8.0,52.0,24.0,7.400000000000546,11.299999999999272,3.0,-39.0,39.6,2.9,40.0,1045,-19.0,-18.0,543,243,976.0,-2.0,-8.0,466.0,264.0,88.40988000000652,361.48849999997765,3643.412299999967,0.010331125999999857,3.1999999999999886,1.099999999999909,-9.700000000000045,0.700000000000017,-0.10000000000000142,0.10000000000000142,4.0926000000000045,2.146599999999978,535.8099999999977,-0.9101402999999948,0.6000000000000227,0.005839337999999472,8.503136551,0.5800000000000018,-1.2399999999999984,-1.5700000000000003,-1.1999999999999993,-1.3399999999999999,-0.6800000000000015,-0.629999999999999,-0.5700000000000003,-0.14999999999999858,-2.78,-4.37,-5.01,-4.24,-5.15,-5.63,-5.35,-3.3,0.008000000000000007,3.5519999999999925,-0.11460000000000004,0.0030999999999998806,0.5,0.4000000000000057,0.29999999999999716,1.1000000000000085,-2.0,-0.7000000000000028,0.7999999999999972,0.10000000000000853,0.5,0.19999999999998863,0.5,-0.20000000000000284,1.0999999999999943,0.7000000000000028,0.5,0.8000000000000114,0.16799999999999926,-0.42499999999998295,0.045999999999999375,-0.038000000000000256,0.07000000000000028,0.11999999999999922,-0.009999999999999787,731.0,483.59999999999127,1.7373000000000047
1981-07-01,91.72200000000066,56.900000000000546,-0.07100000000000506,1268.8990000000922,695.9110600000131,0.3341000000000065,0.3958999999999975,0.39000000000000057,0.4732000000000056,0.24809999999999377,75.4986,0.05180000000000007,0.27430000000000376,-0.09520000000000195,84.2537,0.09720000000000084,1.3228000000000009,0.33490000000000464,77.7628,-32.0,0.487345797,160.0,395.0,7.2,0.10000000000000142,-33.0,5.0,-84.0,-47.0,-37.0,430750,111.0,12.0,28.59999999999991,-12.0,-4.0,-13.0,9.0,99.0,20.0,5.099999999999454,8.100000000000364,11.0,16.0,39.7,3.0,39.9,1041,49.0,7.0,495,231,935.0,9.0,-16.0,469.0,227.0,-18.810620000003837,1318.1452000000281,4403.268400000001,0.0,1.1999999999999886,5.500000000000227,-7.5,2.0999999999999943,0.6000000000000014,0.8999999999999986,3.684500000000014,1.358000000000004,1631.5800000000163,-1.8214981999999935,-3.200000000000017,0.1532825889999998,8.266975438,-0.060000000000002274,0.6799999999999997,0.21999999999999886,0.6500000000000004,0.8600000000000012,0.8399999999999999,0.8099999999999987,0.6300000000000008,0.370000000000001,-2.04,-4.09,-4.3,-3.32,-4.25,-4.76,-4.66,-2.87,0.023900000000000254,8.145600000000002,-0.10010000000000008,0.006600000000000161,0.20000000000000284,0.09999999999999432,0.20000000000000284,0.09999999999999432,0.0,0.6000000000000085,1.0,0.20000000000000284,0.7999999999999972,0.20000000000001705,0.6999999999999886,0.10000000000000853,1.4000000000000057,1.1000000000000085,0.7000000000000028,1.0,0.25500000000000256,-0.040000000000020464,0.1910000000000025,0.06899999999999906,0.05999999999999872,0.10999999999999943,0.0,814.0,683.1900000000023,-0.412399999999991
1981-08-01,23.484999999999673,27.0,0.21800000000000352,-2214.5650000000605,1428.1215200000006,-0.06520000000000437,-0.06569999999999965,0.02209999999999468,-0.01290000000000191,-0.30049999999999955,75.6779,-0.057500000000000995,-0.06269999999999953,0.05659999999999954,83.6827,-0.012999999999998124,-2.8026000000000053,3.3315999999999946,77.5446,-31.0,0.472996516,169.0,-4.0,7.4,0.5999999999999996,13.0,79.0,75.0,-3.0,78.0,450200,-36.0,-44.0,15.900000000000091,-21.0,-37.0,-24.0,-13.0,8.0,9.0,2.600000000000364,7.100000000000364,7.0,-65.0,39.7,2.9,40.0,940,-45.0,-21.0,478,213,889.0,-3.0,-7.0,439.0,221.0,-1984.519650000002,-319.52150000003166,3117.358100000012,0.010331124999999997,-1.6999999999999886,0.7999999999997272,-0.5,0.09999999999999432,0.0,0.30000000000000426,4.665900000000022,2.2959000000000174,222.2399999999907,-1.0711318000000034,0.5,0.01421599400000062,8.295386549,-1.2199999999999989,0.23000000000000043,0.5600000000000005,0.7799999999999994,0.9999999999999982,0.7700000000000014,0.6600000000000001,0.5099999999999998,0.16999999999999815,-0.59,-2.31,-2.3,-1.1,-2.26,-2.88,-2.93,-1.48,0.07169999999999987,1.0001000000000033,-0.05339999999999989,0.012499999999999956,0.09999999999999432,0.0,0.5,-1.0,0.0,3.3999999999999915,0.7000000000000028,0.09999999999999432,0.4000000000000057,-0.20000000000001705,0.4000000000000057,-0.10000000000000853,1.0,0.7999999999999972,0.6000000000000085,0.6999999999999886,0.26599999999999824,-0.05499999999999261,0.19200000000000017,0.015000000000000568,0.07000000000000028,0.07000000000000028,0.040000000000000036,1652.0,483.93000000000757,-0.171100000000024
1981-09-01,-9.189000000000306,-5.300000000000182,-0.22700000000000387,-3788.673999999999,-378.55073000000266,-0.24739999999999895,-0.08899999999999864,-0.12119999999999465,-0.4475000000000051,-1.006299999999996,75.6297,0.02650000000000219,-0.36480000000000246,-0.2726000000000006,83.3707,-0.17249999999999943,-2.0390999999999977,-0.5028000000000006,77.0783,-202.0,0.437302552,-431.0,-625.0,7.6,-0.8000000000000007,173.0,37.0,20.0,70.0,-50.0,473250,-88.0,-48.0,10.299999999999955,-24.0,-36.0,-28.0,-8.0,-40.0,-15.0,-3.100000000000364,-5.700000000000728,3.0,-79.0,39.4,2.6,39.6,911,8.0,-20.0,476,198,847.0,-20.0,-4.0,428.0,214.0,-940.5306399999972,337.64360000001034,3955.148200000054,0.02066225200000016,0.10000000000002274,-0.6999999999998181,-5.199999999999818,-1.4000000000000057,-0.3999999999999986,-0.5,1.5924999999999727,1.6710999999999672,3545.719999999972,0.8017478000000011,-11.299999999999997,0.5139811089999995,7.545232416,-1.950000000000001,-1.1400000000000006,-0.8100000000000005,-0.5999999999999996,-0.1999999999999993,0.3699999999999992,0.3800000000000008,0.5999999999999996,0.5800000000000018,0.22,-1.17,-0.95,0.65,0.06,-0.55,-0.38,1.05,-0.14749999999999996,-3.8452000000000055,-0.005700000000000038,-0.022399999999999975,0.4000000000000057,0.4000000000000057,0.0,-1.2999999999999972,0.0,-0.09999999999999432,0.8999999999999915,-0.30000000000001137,0.6999999999999886,-0.09999999999999432,0.5999999999999943,-0.09999999999999432,1.2999999999999972,1.0,0.5999999999999943,0.9000000000000057,0.25900000000000034,0.06300000000000239,0.21399999999999864,-0.018000000000000682,0.0600000000000005,0.0600000000000005,-0.020000000000000462,2148.0,3077.5599999999977,0.8679000000000201
1981-10-01,-23.673999999999978,-19.100000000000364,-0.1839999999999975,-7433.15399999998,-1231.067710000003,-0.3965999999999994,-0.08270000000000266,0.16859999999999786,0.3007999999999953,-0.2184000000000026,76.2576,-0.0882000000000005,-0.6324000000000041,-0.603399999999997,81.9878,-0.4958999999999989,3.2515999999999963,-0.3628,76.1081,-201.0,0.393014111,730.0,314.0,7.9,-0.09999999999999964,163.0,130.0,42.0,22.0,20.0,492800,-97.0,-159.0,4.099999999999909,-16.0,-146.0,-110.0,-36.0,62.0,-22.0,2.300000000000182,-13.299999999999272,-1.0,38.0,39.5,2.6,39.6,873,-1.0,26.0,389,222,731.0,10.0,-10.0,343.0,183.0,-3475.2607299999945,-1896.1452000000281,2191.892399999895,0.030993378000000016,1.2999999999999545,4.099999999999909,11.099999999999909,0.30000000000001137,0.10000000000000142,0.3999999999999986,3.0833999999999833,1.4227000000000203,428.36999999999534,0.08225469999999291,1.5,-0.03839830899999974,7.664194589,-0.7899999999999991,-1.2400000000000002,-1.1600000000000001,-1.0999999999999996,-1.1399999999999988,-0.5199999999999996,-0.16999999999999993,-0.08999999999999986,0.18999999999999773,-0.23,-1.54,-1.26,0.3,0.33,0.07,0.32,2.03,-0.13779999999999992,2.038000000000011,0.026100000000000012,0.0020999999999999908,0.3999999999999915,0.29999999999999716,0.09999999999999432,-1.5,-1.0,-1.9000000000000057,0.30000000000001137,0.10000000000002274,0.9000000000000057,1.4210854715202004e-14,0.10000000000000853,-1.0,0.5,0.29999999999999716,0.5,0.29999999999999716,0.19500000000000028,0.06299999999998818,0.06400000000000006,-0.0379999999999967,0.0600000000000005,0.09999999999999964,-0.029999999999998472,861.0,433.7699999999895,1.4610000000000127
1981-11-01,7.097999999999956,3.100000000000364,-0.06499999999999773,-4170.785999999964,-143.12329000000318,-0.591700000000003,-0.3083999999999989,-0.2554000000000016,-0.12139999999999418,-0.7404000000000011,76.5566,-0.5098999999999982,-0.7970999999999933,-0.7410000000000032,80.8207,-0.6097999999999999,-0.05079999999999529,0.40980000000000416,74.9664,-12.0,0.375013844,212.0,-171.0,8.3,-0.40000000000000036,156.0,156.0,42.0,33.0,9.0,511750,-209.0,-176.0,9.700000000000045,-29.0,-157.0,-133.0,-24.0,-33.0,-43.0,-1.699999999999818,-35.70000000000073,1.0,9.0,39.5,2.4,39.4,837,-23.0,-24.0,459,163,748.0,-18.0,0.0,395.0,166.0,-1274.4190200000012,-2106.93399999995,5192.349700000021,0.020662250999999854,1.5000000000000568,-1.5,7.400000000000091,2.1999999999999886,0.19999999999999574,0.7999999999999972,4.309900000000027,1.4658000000000015,1173.1900000000023,-0.3167582999999894,3.1000000000000085,-0.1082208419999997,7.874741124,-1.7699999999999996,-2.6899999999999995,-2.6799999999999997,-2.5199999999999996,-2.9700000000000006,-2.0299999999999994,-1.7599999999999998,-1.1799999999999997,-0.7199999999999989,-1.15,-2.45,-2.01,-0.9,0.07,0.08,0.91,3.08,-0.09860000000000002,-8.392300000000006,0.06180000000000008,-0.015700000000000047,0.30000000000001137,0.20000000000000284,0.10000000000000853,-1.5,1.0,-1.5999999999999943,0.3999999999999915,-0.30000000000001137,0.7000000000000028,0.0999999999999801,0.20000000000000284,0.3999999999999915,0.7999999999999972,0.5,0.5,0.4000000000000057,0.23199999999999932,-0.11999999999999034,0.06300000000000239,0.057999999999992724,0.049999999999998934,0.11000000000000121,-0.010000000000001563,434.0,657.0200000000041,-0.11570000000000391
1981-12-01,-3.894999999999527,-3.199999999999818,0.21000000000000085,-6930.881999999983,383.7363500000065,-0.5459999999999994,-0.4643999999999977,-0.4906000000000006,-0.6670000000000016,-1.7907999999999973,76.6809,-0.4315000000000033,-0.5931000000000068,-0.6758999999999986,78.2568,-0.7935000000000016,0.567699999999995,-0.22860000000000014,73.5468,-160.0,0.348116974,-324.0,-562.0,8.5,0.0,137.0,179.0,29.0,1.0,28.0,551000,-276.0,-219.0,1.400000000000091,-32.0,-186.0,-150.0,-36.0,-57.0,-51.0,-7.5,-25.799999999999272,4.0,-5.0,39.2,2.4,39.2,910,23.0,6.0,485,181,796.0,3.0,3.0,431.0,172.0,-2858.2726200000034,-3114.141900000046,-1831.4479000000283,0.02066225200000016,2.499999999999943,5.100000000000136,14.699999999999818,3.5,1.0,1.0,4.798900000000003,1.9694000000000074,-629.109999999986,-0.5152893000000063,0.8999999999999915,-0.009380559000000233,7.942954271,-0.9400000000000013,-0.040000000000000924,-0.009999999999999787,0.21999999999999886,0.4399999999999995,0.21999999999999886,0.33000000000000007,0.009999999999999787,0.16000000000000014,-0.25,-1.52,-0.85,0.48,1.23,1.35,1.86,4.18,0.02929999999999988,-4.172200000000004,0.0007999999999999119,-0.0020999999999999908,0.3999999999999915,0.4000000000000057,0.09999999999999432,-0.9000000000000057,-1.0,-2.5,0.29999999999999716,0.29999999999999716,0.20000000000000284,-0.19999999999998863,0.19999999999998863,0.30000000000001137,0.5,0.29999999999999716,0.4000000000000057,0.20000000000000284,0.13400000000000034,-0.16799999999999216,0.08299999999999841,-0.12999999999999545,0.019999999999999574,0.02999999999999936,-0.009999999999999787,100.0,14.559999999997672,0.016799999999989268
1982-01-01,-13.824999999999818,-10.900000000000546,-0.06099999999999994,-2780.5230000000447,-975.9348900000041,-1.0208999999999975,-1.3270000000000053,-1.3455000000000013,-1.1821999999999946,-1.1315000000000026,75.5417,-1.2004999999999981,-0.7447999999999979,-0.729099999999999,78.1613,-1.1692000000000036,1.5869999999999962,-1.2604000000000042,71.5518,-14.0,0.341811216,177.0,47.0,8.6,0.3000000000000007,-25.0,85.0,35.0,20.0,15.0,535200,-330.0,-294.0,-5.800000000000182,-108.0,-176.0,-116.0,-60.0,-36.0,-25.0,-10.100000000000364,-2.400000000001455,2.0,-32.0,37.2,2.3,37.3,843,-46.0,-21.0,503,163,794.0,-18.0,-24.0,472.0,171.0,3477.141789999994,581.8152000000118,37457.00640000007,0.11364238399999982,0.6000000000000227,-4.5,9.800000000000182,-0.8999999999999773,1.3000000000000043,0.4000000000000057,4.537800000000004,1.8134999999999764,3597.820000000007,0.9034451999999931,-6.5,0.32233740599999994,7.533484463,0.8500000000000014,0.9700000000000006,1.4299999999999997,1.3100000000000005,1.4700000000000006,1.0500000000000007,0.8699999999999992,0.9499999999999993,0.5500000000000007,-0.13,-0.94,-0.39,1.1,1.43,1.37,1.96,3.88,0.029000000000000137,5.850500000000011,-0.017300000000000093,0.007500000000000062,0.6000000000000085,0.5999999999999943,0.4000000000000057,0.9000000000000057,-1.1499999999999986,-1.9000000000000057,0.30000000000001137,-0.29999999999999716,0.29999999999999716,0.0,0.10000000000000853,-0.20000000000001705,0.5,0.29999999999999716,0.3999999999999915,0.29999999999999716,0.25900000000000034,0.13699999999998624,0.1280000000000001,0.14399999999999835,0.19000000000000128,0.35999999999999943,0.16000000000000014,-249.0,1116.449999999997,-0.9338999999999942
1982-02-01,26.149999999999636,20.0,0.31099999999999994,8390.836999999941,2355.3115300000063,0.9962000000000018,1.6006,1.627200000000002,1.774799999999999,1.4459000000000017,77.4219,1.0484000000000009,0.48270000000000124,0.3741999999999983,80.4423,1.3094000000000037,0.06860000000000355,-1.070999999999998,73.4248,-121.0,0.318495621,378.0,70.0,8.9,0.6999999999999993,-116.0,48.0,349.0,256.0,93.0,533750,-2.0,-1.0,1.5,62.0,-66.0,-59.0,-7.0,-1.0,5.0,-7.699999999999818,21.30000000000109,2.0,-30.0,39.5,2.4,39.6,866,38.0,-31.0,534,148,808.0,15.0,-2.0,473.0,171.0,-42.32387999999628,-1312.4223999999813,-3643.412299999967,-0.04132450299999979,-6.800000000000011,-10.800000000000182,-1.6000000000001364,-2.3000000000000114,-1.9000000000000057,-2.200000000000003,5.868200000000002,2.1621000000000095,936.9899999999907,-0.48869099999998866,-2.799999999999997,0.16504539900000026,7.361861483,1.5599999999999987,1.4399999999999995,1.200000000000001,0.7799999999999994,0.41000000000000014,-0.11000000000000121,-0.16000000000000014,0.08999999999999986,0.0799999999999983,-0.25,-1.3,-1.17,-0.05,-0.24,-0.35,0.49,2.4,0.046699999999999964,10.500599999999991,-0.038999999999999924,0.021399999999999864,-0.10000000000000853,0.0,-0.10000000000000853,0.29999999999999716,-2.2900000000000027,-0.8999999999999915,0.29999999999999716,0.29999999999999716,-0.5,-0.10000000000000853,0.20000000000000284,0.4000000000000199,0.4000000000000057,0.20000000000000284,0.29999999999999716,0.29999999999999716,0.1319999999999979,-0.24399999999999977,0.11200000000000188,-0.15099999999999625,-0.07000000000000028,-0.23000000000000043,-0.21999999999999886,27.0,-257.34999999999127,2.620299999999986
1982-03-01,-4.211999999999534,-4.399999999999636,-0.03800000000000381,426.5709999999963,-832.8116100000043,-0.33620000000000516,-0.40749999999999886,-0.3703000000000003,-0.3640000000000043,-0.15520000000000067,76.9425,-0.34750000000000014,-0.26899999999999835,-0.21640000000000015,79.6589,-0.3415999999999997,-1.7772999999999968,0.24680000000000035,72.7311,-91.0,0.303183426,100.0,-90.0,9.0,0.0,88.0,-15.0,207.0,128.0,79.0,556500,-129.0,-147.0,1.900000000000091,-23.0,-124.0,-86.0,-38.0,18.0,-6.0,-3.5,5.600000000000364,7.0,13.0,39.2,2.3,39.1,931,9.0,21.0,527,190,891.0,8.0,24.0,492.0,203.0,2506.514160000006,1071.112199999974,867.015199999907,0.010331124999999997,1.6000000000000227,7.900000000000091,12.700000000000045,-1.3000000000000114,-2.0999999999999943,-1.7999999999999972,3.2608999999999924,2.6447000000000003,351.9099999999744,-0.09069560000000365,-3.700000000000003,0.22218718899999956,7.161594188,-0.09999999999999964,-0.7299999999999986,-0.8000000000000007,-0.8399999999999999,-0.7800000000000011,-0.5599999999999987,-0.5700000000000003,-0.6899999999999995,-0.35999999999999943,-0.88,-2.0,-1.91,-0.73,-0.7,-0.82,-0.1,2.14,-0.0022999999999999687,5.922699999999992,-0.04170000000000007,0.00649999999999995,0.0,-0.20000000000000284,-0.3999999999999915,-0.29999999999999716,-3.0799999999999983,-4.400000000000006,0.0,0.0,-0.4000000000000057,0.20000000000000284,-0.10000000000000853,-0.5000000000000142,0.09999999999999432,0.0,0.10000000000000853,-0.09999999999999432,0.11299999999999955,-0.14399999999997704,-0.11500000000000199,0.06400000000000006,0.049999999999998934,0.0600000000000005,0.0799999999999983,557.0,304.33000000000175,1.151299999999992
1982-04-01,43.25,31.399999999999636,0.020000000000003126,603.2080000001006,418.9986199999985,-0.45639999999999503,-0.3406999999999982,-0.3340999999999994,-0.054099999999991155,0.7520000000000024,76.3488,-0.45500000000000185,-0.5339999999999989,-0.1947999999999972,78.8062,-0.36310000000000286,1.651600000000002,0.6888000000000005,72.014,-125.0,0.280652089,253.0,-96.0,9.3,0.40000000000000036,55.0,120.0,121.0,-22.0,143.0,587000,-284.0,-218.0,-19.700000000000045,-25.0,-174.0,-134.0,-40.0,-66.0,-26.0,-13.899999999999636,6.899999999999636,-1.0,-14.0,39.0,2.2,39.1,917,-13.0,61.0,494,161,888.0,3.0,7.0,502.0,180.0,-1820.8673200000048,-437.7920999999624,1850.9314000000013,0.010331125999999857,3.6000000000000227,5.400000000000091,12.299999999999955,2.5,0.3999999999999986,0.29999999999999716,7.081900000000019,1.618600000000015,1119.2900000000373,-0.44733449999999664,5.5,-0.2610266609999998,7.516110207,0.2599999999999998,0.2599999999999998,0.019999999999999574,0.030000000000001137,0.030000000000001137,0.019999999999999574,0.009999999999999787,-0.11999999999999922,-0.03999999999999915,-0.88,-2.24,-2.14,-0.96,-0.94,-1.07,-0.48,1.84,0.07379999999999987,2.8785000000000025,-0.033299999999999885,0.0047000000000001485,0.20000000000000284,0.10000000000000853,-0.20000000000000284,0.5,4.970000000000002,-1.2000000000000028,0.29999999999999716,-0.09999999999999432,-1.2999999999999972,0.10000000000000853,-0.20000000000000284,0.4000000000000057,0.9000000000000057,0.29999999999999716,0.0,0.29999999999999716,0.021999999999998465,0.2319999999999709,-0.357999999999997,-0.04800000000000182,0.02000000000000135,0.009999999999999787,0.009999999999999787,1039.0,607.5599999999977,4.127200000000016
1982-05-01,-0.2750000000005457,1.7000000000007276,0.1039999999999992,2754.087999999989,1000.8258999999962,-0.32440000000000424,-0.08930000000000149,-0.06920000000000215,0.04579999999999984,0.0069000000000016826,76.4178,-0.18870000000000076,-0.501100000000001,-0.2319000000000031,77.7598,-0.09019999999999584,-3.308399999999999,2.030999999999999,71.728,-22.0,0.27605225,631.0,540.0,9.4,0.40000000000000036,-66.0,68.0,190.0,74.0,116.0,583800,-43.0,-112.0,-26.0,9.0,-95.0,-76.0,-19.0,69.0,29.0,-3.600000000000364,28.100000000000364,4.0,-7.0,39.1,2.3,39.1,1025,23.0,-18.0,570,188,953.0,16.0,37.0,490.0,204.0,-2632.5452700000023,-4045.0462000000407,-4529.910999999964,-0.030993376999999933,-4.800000000000068,-5.900000000000091,-5.7999999999999545,1.3000000000000114,-0.10000000000000142,0.3999999999999986,4.925799999999981,1.9943999999999846,1210.149999999965,-0.23874070000000813,0.10000000000000853,0.020786979999999566,7.49570233,-0.4900000000000002,-0.6400000000000006,-0.6099999999999994,-0.6400000000000006,-0.6400000000000006,-0.25,-0.25,-0.20000000000000107,-0.14000000000000057,-1.03,-2.36,-2.29,-1.11,-0.7,-0.83,-0.19,2.19,-0.012399999999999967,-7.143299999999982,0.03839999999999999,0.008399999999999963,0.0,-0.10000000000000853,0.0,1.7000000000000028,2.479999999999997,-0.5999999999999943,0.9000000000000057,-0.10000000000000853,0.5999999999999943,-0.10000000000000853,0.9000000000000057,0.9000000000000057,0.7999999999999972,0.9000000000000057,0.5999999999999943,0.8999999999999915,0.26200000000000045,0.3060000000000116,0.2889999999999944,0.07199999999999562,0.07000000000000028,0.13000000000000078,0.010000000000001563,1376.0,1445.7599999999948,0.04820000000000846
1982-06-01,-20.97099999999955,-22.900000000000546,-0.1880000000000024,-7625.412000000011,-1471.6807799999951,-0.12539999999999907,-0.12899999999999778,-0.12919999999999732,0.4428999999999945,0.30169999999999675,76.9257,-0.5296999999999983,-0.11870000000000402,-0.1272999999999982,77.9922,-0.03410000000000224,-0.7404000000000011,0.9251000000000005,71.5368,-161.0,0.255456443,-370.0,-573.0,9.6,0.7999999999999989,-279.0,118.0,175.0,8.0,167.0,599500,-242.0,-241.0,-22.299999999999955,-62.0,-158.0,-122.0,-36.0,-1.0,-19.0,-15.300000000000182,5.899999999999636,7.0,13.0,39.0,2.3,39.2,902,-30.0,8.0,461,196,913.0,-13.0,-29.0,492.0,204.0,-204.09514999999374,-3347.821799999976,2523.1117000000086,0.020662251000000076,1.2000000000000455,-0.900000000000091,-10.5,1.6999999999999886,0.10000000000000142,0.0,4.581900000000019,1.826599999999985,910.6000000000349,-0.11342890000000239,-6.700000000000003,0.3830972940000006,7.032586226,-0.29999999999999893,0.5400000000000009,0.3800000000000008,0.5399999999999991,0.7300000000000004,0.6799999999999997,0.6800000000000015,0.5500000000000007,0.28000000000000114,-0.19,-1.68,-1.45,-0.08,0.28,0.15,0.66,2.77,0.12890000000000001,14.234199999999987,-0.05410000000000004,0.04200000000000004,0.7999999999999972,1.0,0.09999999999999432,-0.10000000000000853,-0.8599999999999994,-4.5,1.0999999999999943,1.4210854715202004e-14,2.1000000000000085,0.10000000000000853,1.4000000000000057,-0.20000000000000284,0.7999999999999972,1.2000000000000028,1.0,1.1000000000000085,0.32200000000000273,-0.29400000000001114,0.6060000000000016,-0.014999999999993463,0.02999999999999936,0.009999999999999787,-0.010000000000001563,1038.0,793.5200000000041,1.8174999999999955
1982-07-01,0.47999999999956344,-20.0,0.20199999999999818,-2043.9370000000345,1605.4699399999954,-0.16400000000000148,0.02120000000000033,0.04339999999999833,0.17040000000000077,0.24390000000000356,77.0335,-0.07890000000000086,-0.3061999999999969,-0.2068000000000012,77.7386,-0.05740000000000123,0.9042999999999992,0.020299999999998875,71.3197,-127.0,0.236427321,261.0,-50.0,9.8,-0.29999999999999893,323.0,-113.0,104.0,72.0,32.0,576000,-344.0,-209.0,-28.299999999999955,-29.0,-152.0,-103.0,-49.0,-135.0,-22.0,-12.0,8.199999999998909,2.0,-126.0,39.1,2.4,39.2,1166,14.0,0.0,709,198,1044.0,-4.0,36.0,540.0,255.0,1033.6431699999957,-2346.3365999999805,2162.6672000000253,0.010331125999999857,-0.30000000000001137,-5.099999999999909,-4.0,1.700000000000017,0.3999999999999986,0.8999999999999986,3.479499999999973,0.31159999999999854,-393.7700000000186,-0.8237881999999956,-0.29999999999999716,0.02920796999999986,7.048948977,-1.5600000000000005,-1.0200000000000014,-1.120000000000001,-0.8199999999999985,-0.8300000000000001,-0.35999999999999943,-0.3500000000000014,-0.20000000000000107,-0.120000000000001,0.35,-1.24,-0.71,0.65,1.48,1.36,2.02,4.21,0.017100000000000115,3.8333000000000084,-0.02089999999999992,-0.005600000000000049,0.4000000000000057,0.29999999999999716,0.20000000000000284,-1.0999999999999943,-0.9100000000000037,1.2000000000000028,0.5,0.29999999999998295,0.8999999999999915,-0.10000000000000853,0.5,-0.8000000000000114,0.5,0.5,0.5,0.5,0.26500000000000057,-0.09299999999998931,0.2360000000000042,0.06099999999999284,0.049999999999998934,0.08000000000000007,-0.00999999999999801,-131.0,-155.5399999999936,1.1725999999999885
1982-08-01,12.319000000000415,11.5,0.025000000000005684,-4842.484999999986,-451.14949999999953,-0.4392999999999958,-0.4429000000000016,-0.5724000000000018,-0.1858000000000004,-0.5981000000000023,77.1358,-0.7232999999999983,-0.4222999999999999,-0.40090000000000003,78.3982,-0.41850000000000165,-0.23819999999999908,-2.791399999999996,70.5585,-72.0,0.229114971,172.0,140.0,9.8,0.7999999999999989,-34.0,54.0,141.0,91.0,50.0,629500,-158.0,-166.0,-24.100000000000136,-24.0,-118.0,-130.0,12.0,8.0,-26.0,-10.899999999999636,-0.7999999999992724,0.0,40.0,38.9,2.3,39.0,1046,11.0,9.0,572,195,926.0,12.0,-38.0,509.0,194.0,-3405.6614499999996,-3996.4026000000304,-1178.7510000000475,0.020662251999999937,2.8999999999999773,8.200000000000045,10.099999999999909,0.5999999999999943,0.20000000000000284,0.4000000000000057,1.8156000000000176,1.1294000000000324,-48.1699999999837,-0.5908694000000025,0.29999999999999716,-0.0048962100000000675,7.134345892,-2.4700000000000006,-2.789999999999999,-2.67,-2.0,-1.8100000000000005,-1.0700000000000003,-0.8899999999999988,-0.8999999999999986,-0.4800000000000004,0.03,-1.44,-0.24,1.31,2.88,2.94,3.59,6.2,0.015899999999999803,4.014499999999998,-0.010399999999999965,-0.024799999999999933,0.3999999999999915,0.4000000000000057,-0.09999999999999432,-0.9000000000000057,-0.20999999999999375,0.09999999999999432,0.20000000000000284,-0.3999999999999915,0.10000000000000853,0.10000000000000853,0.0,-0.3999999999999915,0.5999999999999943,0.29999999999999716,0.10000000000000853,0.20000000000000284,0.1389999999999958,-0.6159999999999854,-0.08800000000000097,-0.018999999999991246,0.030000000000001137,0.02999999999999936,-1.7763568394002505e-15,-2.0,-6.190000000002328,1.771599999999978
1982-09-01,-2.5850000000000364,-10.899999999999636,0.3119999999999976,1010.5529999999562,1250.7731000000058,-0.12430000000000518,-0.018799999999998818,-0.07499999999999574,-0.018699999999995498,-0.5677999999999983,77.4849,-0.1186000000000007,-0.20430000000000348,-0.2837999999999994,78.7287,-0.07900000000000063,-0.03190000000000026,1.3425999999999974,70.333,-129.0,0.210751538,207.0,-129.0,10.1,0.40000000000000213,71.0,140.0,193.0,41.0,152.0,660750,-180.0,-122.0,-21.09999999999991,-15.0,-86.0,-73.0,-13.0,-58.0,-41.0,-17.600000000000364,-14.0,5.0,-7.0,39.0,2.2,39.0,1144,31.0,-21.0,627,228,1042.0,4.0,27.0,558.0,230.0,2082.334839999996,-1439.2772000000114,-379.9281000000192,-0.010331125999999857,2.1000000000000227,-0.5,13.5,-0.5999999999999943,-0.20000000000000284,-0.7000000000000028,5.17919999999998,0.8648000000000025,1155.8300000000163,0.14526380000000927,12.700000000000003,-0.6357460929999998,8.044668,0.19000000000000128,0.20999999999999908,-0.7599999999999998,-0.5100000000000016,-0.5800000000000001,-0.75,-0.7200000000000006,-0.7700000000000014,-0.6899999999999995,0.05,-2.39,-0.94,0.54,1.94,2.03,2.63,5.32,0.029900000000000038,4.240200000000016,-0.013000000000000123,-0.010400000000000187,0.10000000000000853,0.20000000000000284,0.09999999999999432,-0.5999999999999943,1.6799999999999997,1.1000000000000085,0.0,0.0,-0.20000000000000284,-0.10000000000000853,-0.10000000000000853,-0.09999999999999432,0.0,0.0,0.29999999999999716,-0.10000000000000853,0.125,0.46299999999999386,-0.015000000000000568,-0.07000000000000739,0.009999999999999787,-0.03999999999999915,-0.009999999999999787,-59.0,58.63999999999942,3.0745000000000005
1982-10-01,-3.8720000000002983,-10.400000000000546,0.15399999999999636,-5396.425999999978,1080.6845499999908,-0.45639999999999503,-0.3907000000000025,-0.38589999999999947,0.019499999999993634,-0.554000000000002,77.8844,-0.6324000000000005,-0.4936999999999969,-0.7514000000000003,78.9854,-0.5685999999999964,1.087299999999999,0.5869,69.3689,1.0,0.205134877,23.0,-289.0,10.4,0.5999999999999979,-93.0,-23.0,296.0,68.0,228.0,652400,-276.0,-267.0,-22.899999999999977,-22.0,-221.0,-204.0,-17.0,-9.0,-35.0,-13.800000000000182,-12.0,1.0,33.0,38.7,2.2,38.9,1173,-41.0,24.0,642,259,1149.0,14.0,0.0,615.0,266.0,-933.946929999991,258.47850000002654,-1052.1082999999635,0.020662251999999937,2.1000000000000227,-1.900000000000091,3.800000000000182,1.5999999999999943,0.6000000000000014,1.1000000000000014,1.3532000000000153,0.7155999999999949,306.95999999996275,-0.4550011999999981,10.299999999999983,-0.4293592610000001,8.814718258,-0.5999999999999996,-1.1600000000000001,-0.20999999999999996,-1.08,-1.5299999999999994,-1.4499999999999993,-1.4299999999999997,-0.8200000000000003,-0.9000000000000004,-0.51,-2.0,-1.42,-0.39,1.09,1.2,2.41,5.02,0.03190000000000026,8.32929999999999,-0.015800000000000036,-0.0046999999999999265,0.29999999999999716,0.29999999999999716,-0.09999999999999432,-0.5,0.04999999999999716,-0.6000000000000085,0.3999999999999915,0.20000000000000284,0.20000000000000284,0.0,0.4000000000000057,0.4999999999999858,0.30000000000001137,0.4000000000000057,0.5,0.4000000000000057,0.2540000000000049,0.45599999999998886,0.09799999999999898,0.10600000000000165,0.019999999999999574,0.14000000000000057,-0.02999999999999936,-206.0,-430.18000000000757,3.6666000000000167
1982-11-01,24.09100000000035,4.5,0.28300000000000125,1413.0920000000042,1459.2352700000047,-0.14970000000000283,-0.134999999999998,-0.13739999999999952,-0.11209999999999809,-0.02179999999999893,77.7155,-0.09909999999999997,-0.1565000000000012,-0.2745999999999995,78.7315,-0.2417999999999978,0.8216999999999999,-1.082499999999996,68.9198,6.0,0.198609482,306.0,-103.0,10.8,-0.09999999999999787,101.0,47.0,300.0,208.0,92.0,594250,-121.0,-143.0,-19.399999999999977,7.0,-131.0,-105.0,-26.0,22.0,-36.0,-11.5,-15.700000000000728,7.0,21.0,38.9,2.3,39.0,1372,44.0,21.0,791,244,1229.0,6.0,3.0,661.0,291.0,-2270.4409700000106,-1663.4190999999992,-4208.433500000043,-0.020662251999999937,-0.6000000000000227,2.7000000000000455,16.199999999999818,2.5,0.6000000000000014,0.5,-0.41660000000001673,0.5743999999999687,1605.2900000000373,-0.20800570000000107,5.400000000000006,-0.19721975499999989,9.338587398,-0.5100000000000016,-0.5099999999999998,0.3600000000000003,0.05000000000000071,-0.16000000000000014,-0.41999999999999993,-0.35999999999999943,-0.4399999999999995,-0.4299999999999997,-0.51,-1.13,-0.86,-0.04,1.18,1.35,2.48,5.1,0.01939999999999964,-7.5271000000000186,-0.06409999999999982,-0.0039000000000000146,0.4000000000000057,0.4000000000000057,0.19999999999998863,0.5,-1.5300000000000011,0.5,-0.09999999999999432,-0.20000000000000284,0.0,0.20000000000000284,0.09999999999999432,-0.19999999999998863,-0.20000000000000284,0.0,0.20000000000000284,-0.10000000000000853,0.13700000000000045,-0.7680000000000007,0.021000000000000796,-0.08699999999999619,0.009999999999999787,-0.05000000000000071,0.030000000000001137,801.0,968.9000000000087,1.9051000000000045
1982-12-01,32.39399999999932,32.0,0.15100000000000335,-1429.914999999979,16.594010000000708,-0.3365000000000009,-0.28479999999999706,-0.28880000000000194,-0.8297000000000025,0.0011999999999972033,76.3811,0.29240000000000066,-0.36650000000000205,0.17449999999999832,77.7506,-0.132000000000005,-1.826900000000002,-0.23110000000000497,68.651,97.0,0.204796283,33.0,-80.0,10.8,1.0,-35.0,-93.0,177.0,-49.0,226.0,523750,-15.0,-48.0,-17.0,1.0,-32.0,-21.0,-11.0,33.0,-8.0,-10.199999999999818,8.100000000000364,5.0,4.0,38.9,2.3,39.0,1303,-24.0,-30.0,718,302,1351.0,-19.0,19.0,745.0,329.0,5306.473890000008,3410.7723000000115,-2474.402999999933,-0.01033112600000008,-3.6999999999999886,8.200000000000045,28.700000000000045,3.1999999999999886,0.6999999999999957,0.6000000000000014,0.06680000000000064,0.41060000000004493,2374.0999999999767,0.07420580000000143,1.3000000000000114,-0.04156222399999976,9.632686532,-0.25,-0.17999999999999972,-0.1299999999999999,-0.17999999999999972,-0.25,-0.16000000000000014,-0.010000000000001563,0.15000000000000036,-0.16000000000000014,-0.44,-1.01,-0.79,-0.04,1.27,1.59,2.88,5.19,-0.1429999999999998,-22.146599999999978,-0.016100000000000003,0.012299999999999978,0.3999999999999915,0.29999999999999716,0.0,-0.4000000000000057,-2.4299999999999997,-1.3999999999999915,-0.29999999999999716,-0.09999999999999432,-0.5,-0.29999999999999716,0.0,0.29999999999999716,-0.7999999999999972,-0.4000000000000057,0.09999999999999432,-0.5,0.06899999999999551,0.34200000000001296,-0.12899999999999778,-0.05600000000000449,0.05000000000000071,0.16000000000000014,0.00999999999999801,610.0,940.1199999999953,6.565499999999986
1983-01-01,-6.923999999999978,6.300000000000182,0.036000000000001364,9902.46100000001,-636.7949300000037,0.8685000000000045,0.7859999999999943,0.7028999999999996,1.391300000000001,1.7000000000000028,77.4754,0.01559999999999917,0.9057000000000031,0.715600000000002,80.2328,1.0335000000000036,-0.8980999999999995,-1.7299999999999969,70.1756,29.0,0.216490376,-388.0,129.0,10.4,1.2999999999999972,-285.0,-113.0,6.0,-97.0,103.0,501000,219.0,69.0,-19.100000000000023,73.0,15.0,11.0,4.0,150.0,35.0,-5.5,59.30000000000109,13.0,42.0,39.4,2.3,39.3,1586,12.0,48.0,948,295,1426.0,34.0,18.0,765.0,332.0,3469.617539999992,3592.9470999999903,-4442.235400000005,-0.04132450300000001,-0.9000000000000341,31.299999999999955,50.600000000000136,-1.799999999999983,0.0,0.09999999999999432,1.1444999999999936,2.4375,1601.0499999999884,0.15690269999998918,4.900000000000006,-0.15811152900000014,10.14413969,-0.2699999999999996,-0.33999999999999986,-0.08000000000000007,-0.23000000000000043,-0.2900000000000009,-0.19000000000000128,-0.0799999999999983,-0.040000000000000924,-0.20000000000000107,-0.51,-0.82,-0.75,-0.06,1.35,1.78,3.11,5.26,-0.08220000000000005,-9.210300000000018,-0.040400000000000214,-0.009800000000000031,-0.7999999999999972,-0.9000000000000057,-0.29999999999999716,0.0,-0.5299999999999976,2.299999999999997,0.20000000000000284,0.4999999999999858,-0.10000000000000853,0.0,0.0,-0.09999999999999432,0.5999999999999943,0.4000000000000057,0.20000000000000284,0.30000000000001137,0.21300000000000097,0.47599999999997067,0.01899999999999835,0.11400000000000432,0.03999999999999915,-0.019999999999999574,0.0,307.0,349.0899999999965,5.886799999999994
1983-02-01,4.593000000000757,0.3000000000001819,-0.009000000000000341,-2227.783000000054,262.3926999999967,-0.291400000000003,-0.468599999999995,-0.5653000000000006,-0.8319999999999936,-0.1367000000000047,76.2312,-0.0990000000000002,-0.14090000000000202,0.24719999999999942,81.029,-0.030999999999998806,-0.8549000000000007,-0.723399999999998,70.0808,-1.0,0.216197488,-61.0,-72.0,10.4,-0.1999999999999993,63.0,-135.0,-27.0,-76.0,49.0,488750,-73.0,-81.0,-25.5,-57.0,1.0,5.0,-4.0,8.0,-3.0,-1.300000000000182,9.099999999998545,14.0,-19.0,39.0,2.3,39.3,1699,103.0,50.0,864,339,1471.0,36.0,-17.0,792.0,331.0,-4892.640399999989,-1208.4587000000174,-759.8560999999754,0.01033112600000008,4.7000000000000455,-16.100000000000136,36.19999999999982,-1.9000000000000057,-2.1000000000000014,-2.0999999999999943,0.16919999999998936,1.071799999999996,503.2700000000186,-0.0990429000000006,2.5,-0.0721483730000001,10.50462607,-0.16999999999999993,0.16999999999999993,0.2499999999999991,0.3000000000000007,0.3000000000000007,0.23000000000000043,0.2599999999999998,0.22000000000000064,0.009999999999999787,-0.17,-0.4,-0.28,0.41,1.75,2.21,3.5,5.44,0.05009999999999981,3.390100000000018,-0.04269999999999996,-0.0009999999999998899,0.09999999999999432,0.0,0.20000000000000284,1.2000000000000028,-2.240000000000002,2.5,0.09999999999999432,0.10000000000000853,-0.6999999999999886,0.19999999999998863,-0.20000000000000284,-0.20000000000000284,0.4000000000000057,0.0,0.0,0.0,0.07800000000000296,-0.23699999999996635,-0.16199999999999903,-0.10600000000000165,0.05000000000000071,0.08999999999999986,0.040000000000000924,256.0,-11.869999999995343,5.982100000000003
1983-03-01,30.367999999999483,21.699999999999818,0.375,8831.827000000048,2535.771330000003,0.3941999999999979,0.4024000000000001,0.2867999999999995,0.27379999999999427,0.6026000000000025,76.2678,0.28570000000000206,0.37480000000000047,0.39069999999999894,81.4868,0.4251999999999967,1.810299999999998,-0.2686000000000064,70.6911,75.0,0.225368163,-47.0,90.0,10.3,0.1999999999999993,-215.0,-27.0,-29.0,-59.0,30.0,480250,173.0,-27.0,-9.200000000000045,-22.0,5.0,-3.0,8.0,200.0,45.0,-3.199999999999818,38.5,11.0,1.0,39.3,2.6,39.6,1606,-36.0,-50.0,850,346,1475.0,-41.0,13.0,843.0,312.0,2815.00821,656.2112000000197,-3575.220100000035,-0.04132450300000001,-0.8000000000000114,-18.999999999999773,16.59999999999991,0.30000000000001137,-1.7999999999999972,-2.0,0.4492000000000189,1.165899999999965,2436.75,0.15212929999999858,5.099999999999994,-0.14895866200000007,11.06910754,0.2599999999999998,0.17999999999999972,0.2400000000000002,0.1399999999999988,0.11999999999999922,-0.17999999999999972,-0.21000000000000085,-0.27999999999999936,-0.33999999999999986,-0.25,-0.42,-0.4,0.27,1.31,1.74,2.96,4.84,0.04830000000000023,2.133199999999988,-0.04289999999999994,-0.0014000000000000679,-0.09999999999999432,-0.09999999999999432,-0.29999999999999716,0.5,-0.129999999999999,0.0,0.09999999999999432,-0.5,-0.4000000000000057,-0.6999999999999886,0.10000000000000853,0.29999999999999716,0.19999999999998863,0.0,0.20000000000000284,0.09999999999999432,0.0589999999999975,-0.10600000000002296,0.06299999999999528,-0.09700000000000131,-0.009999999999999787,-0.009999999999999787,-0.07000000000000028,1465.0,1620.2899999999936,8.705399999999997
1983-04-01,5.016000000000531,9.0,0.22099999999999653,-49.26600000006147,269.65257000000565,0.6057000000000059,0.6968999999999994,0.6826000000000008,1.3340000000000032,0.9350000000000023,77.7804,0.06039999999999779,0.5135000000000005,0.4032000000000018,82.643,0.5707999999999984,4.275399999999998,2.3506,71.5296,63.0,0.233759318,241.0,381.0,10.2,0.10000000000000142,37.0,-38.0,-242.0,-206.0,-36.0,496000,274.0,80.0,-13.899999999999977,6.0,83.0,66.0,17.0,194.0,57.0,13.800000000000182,30.700000000000728,22.0,-15.0,39.4,2.7,39.7,1472,-50.0,-4.0,798,318,1566.0,14.0,-1.0,860.0,373.0,2467.011870000002,2023.9537999999593,506.57070000004023,0.0,-3.7000000000000455,-5.000000000000227,-1.0,2.6999999999999886,0.7000000000000028,0.3999999999999986,-1.3788999999999874,1.9285000000000423,1981.859999999986,0.07583350000000166,5.799999999999983,-0.16096679500000022,11.61635637,0.030000000000001137,0.009999999999999787,-0.1399999999999988,-0.06999999999999851,-0.05999999999999872,-0.0600000000000005,-0.10999999999999943,-0.22000000000000064,-0.3200000000000003,-0.27,-0.59,-0.5,0.18,1.22,1.6,2.71,4.49,-0.007600000000000051,-0.5075999999999965,0.04610000000000003,0.006199999999999983,0.09999999999999432,0.0,-0.20000000000000284,0.7000000000000028,1.7899999999999991,0.3999999999999915,0.7000000000000028,0.20000000000000284,1.2999999999999972,0.20000000000000284,0.7000000000000028,-0.6000000000000085,0.6000000000000085,0.7999999999999972,0.5999999999999943,0.7000000000000028,0.21000000000000085,-0.10299999999998022,0.41199999999999903,0.08500000000000085,0.009999999999999787,-0.010000000000001563,0.019999999999999574,833.0,593.7400000000052,8.911800000000028
1983-05-01,32.36200000000008,25.300000000000182,0.2150000000000034,8319.94200000004,1641.7693299999955,0.29869999999999663,0.30409999999999826,0.2867999999999995,0.21970000000000312,0.834699999999998,77.5811,0.33000000000000185,0.28480000000000416,0.532,83.7251,0.5433000000000021,-2.4231999999999942,1.669700000000006,72.3293,228.0,0.256589564,-32.0,82.0,10.1,1.0,-8.0,-133.0,168.0,128.0,40.0,468000,280.0,100.0,-4.600000000000023,12.0,91.0,73.0,18.0,180.0,55.0,13.0,32.29999999999927,13.0,15.0,39.7,2.8,40.0,1776,11.0,24.0,986,399,1669.0,-2.0,18.0,915.0,405.0,-181.52241000000504,563.6931000000332,1743.7722000000067,-0.020662251999999937,4.2000000000000455,1.1000000000001364,6.400000000000091,1.4000000000000057,-0.4000000000000057,-0.30000000000000426,-0.9353000000000407,2.057199999999966,1044.820000000007,-0.5344970999999958,6.400000000000006,-0.16504389500000016,12.21632897,-0.16999999999999993,-0.1999999999999993,-0.02000000000000135,-0.08000000000000007,-0.08000000000000007,0.009999999999999787,-0.019999999999999574,-0.049999999999998934,-0.1999999999999993,-0.3,-0.44,-0.41,0.27,1.4,1.75,2.83,4.46,-0.0015000000000000568,-2.991000000000014,0.03610000000000002,-0.0032999999999998586,0.30000000000001137,0.29999999999999716,0.29999999999999716,-0.29999999999999716,-0.6099999999999994,1.2000000000000028,0.4000000000000057,0.4000000000000057,0.7999999999999972,0.09999999999999432,0.5999999999999943,0.30000000000001137,0.20000000000000284,0.3999999999999915,0.4000000000000057,0.3999999999999915,0.13100000000000023,-0.20700000000002206,0.3410000000000011,-0.06700000000000017,0.009999999999999787,-0.05999999999999872,0.010000000000001563,721.0,753.5399999999936,8.39749999999998
1983-06-01,8.66399999999976,15.399999999999636,0.3509999999999991,13968.707000000053,2298.2695999999996,0.29639999999999844,0.2745999999999995,0.20370000000000488,0.24569999999999936,0.7837999999999994,77.4591,0.19269999999999854,0.3041999999999945,0.29469999999999885,83.9375,0.37469999999999715,-2.8156999999999996,0.5783999999999949,72.8725,9.0,0.25529077,1083.0,991.0,10.1,0.3000000000000007,155.0,-53.0,-68.0,-203.0,135.0,444250,377.0,120.0,-2.8999999999999773,46.0,75.0,50.0,25.0,257.0,76.0,18.600000000000364,49.0,11.0,15.0,39.8,2.9,40.1,1733,-6.0,-15.0,939,424,1769.0,28.0,7.0,945.0,440.0,5488.936820000003,3432.709499999997,1393.0694999999832,-0.05165562900000009,-2.8000000000000114,-4.099999999999909,6.300000000000182,1.9000000000000057,0.10000000000000142,-0.5,2.3489000000000146,2.511000000000024,3483.609999999986,0.6033860000000004,2.3000000000000114,-0.0523616579999997,12.53374163,0.34999999999999964,0.6699999999999999,0.5999999999999996,0.6699999999999999,0.7599999999999998,0.6000000000000014,0.46999999999999886,0.27999999999999936,0.27999999999999936,0.02,-0.19,-0.09,0.68,1.65,1.87,2.76,4.39,0.05509999999999993,5.2757000000000005,-0.0242,0.0030999999999998806,0.19999999999998863,0.29999999999999716,0.4000000000000057,-0.4000000000000057,1.0,-0.8999999999999915,0.20000000000000284,-0.20000000000001705,0.4000000000000057,0.0,0.29999999999999716,0.29999999999999716,0.29999999999999716,0.30000000000001137,0.29999999999999716,0.30000000000001137,0.17300000000000182,0.3100000000000023,0.09799999999999898,0.12199999999999989,0.019999999999999574,0.009999999999999787,-0.010000000000001563,1338.0,1611.7600000000093,8.763000000000034
1983-07-01,17.967999999999847,32.5,0.25,-296.798000000068,597.3842000000004,0.7304999999999993,0.7650000000000006,0.7261999999999986,0.8791999999999973,1.0587000000000018,78.1692,0.5680000000000014,0.6793000000000049,0.46229999999999905,84.6041,0.6770000000000067,2.4467,0.7852999999999994,73.8752,170.0,0.2883011,-123.0,575.0,9.4,0.3999999999999986,-227.0,-105.0,-141.0,150.0,-291.0,408000,416.0,154.0,5.7000000000000455,49.0,99.0,85.0,14.0,262.0,86.0,11.199999999999818,70.20000000000073,27.0,-9.0,39.9,3.0,40.3,1785,11.0,25.0,954,425,1795.0,4.0,-13.0,1000.0,420.0,-764.6514100000059,2360.6436000000103,2065.2496999999275,0.0,-0.19999999999998863,0.900000000000091,3.0,2.0,0.5,0.7000000000000028,3.955000000000041,3.3677000000000135,3383.070000000007,0.1832739000000032,0.5999999999999943,-0.0030084060000001855,12.68343264,0.3899999999999988,0.25,0.2900000000000009,0.3699999999999992,0.5399999999999991,0.5800000000000001,0.5300000000000011,0.41000000000000014,0.02000000000000135,-0.12,-0.29,-0.11,0.83,1.84,2.01,2.78,4.02,0.006099999999999994,0.48460000000000036,-0.02069999999999994,0.0,0.0,0.0,0.29999999999999716,-1.0,0.6600000000000001,0.8999999999999915,0.3999999999999915,0.20000000000001705,0.5999999999999943,-0.10000000000000853,0.4000000000000057,0.20000000000000284,0.3999999999999915,0.5,0.29999999999999716,0.3999999999999915,0.2629999999999981,0.09700000000003683,0.18299999999999983,0.08500000000000085,0.040000000000000924,0.0,0.030000000000001137,820.0,889.7299999999959,0.9821999999999775
1983-08-01,-9.226999999999862,-6.5,0.09799999999999898,-910.8190000000177,-1526.648399999991,0.5900999999999996,0.5118000000000009,0.5061999999999998,0.6007000000000033,0.860199999999999,78.5671,0.28289999999999793,0.6330999999999989,0.31890000000000285,85.3405,0.4206999999999965,3.1319000000000017,-0.6337999999999937,74.4808,51.0,0.291066554,475.0,400.0,9.5,-1.1999999999999993,173.0,214.0,-259.0,-195.0,-64.0,435750,-308.0,104.0,-2.0,45.0,59.0,45.0,14.0,-412.0,32.0,11.699999999999818,32.70000000000073,22.0,5.0,40.0,3.1,40.3,1910,21.0,4.0,1043,436,1713.0,0.0,19.0,917.0,402.0,375.27173000000766,1961.0031999999774,4188.95000000007,0.01033112600000008,-1.1000000000000227,-2.100000000000364,3.0,0.09999999999999432,-0.19999999999999574,-0.3999999999999986,3.792099999999948,3.027499999999975,3492.7700000000186,0.8489034999999916,-4.599999999999994,0.13036488599999974,12.41371787,0.19000000000000128,0.28999999999999915,0.2599999999999998,0.25,0.33000000000000007,0.41999999999999993,0.46999999999999886,0.35999999999999943,0.25,-0.02,-0.22,-0.05,0.97,2.07,2.29,2.95,4.08,0.04479999999999995,3.945300000000003,-0.024700000000000166,0.0015000000000000568,0.30000000000001137,0.29999999999999716,0.4000000000000057,2.700000000000003,0.25,0.5,0.29999999999999716,-0.5000000000000142,0.8000000000000114,0.20000000000001705,0.29999999999999716,-0.20000000000000284,0.20000000000000284,0.3999999999999915,0.4000000000000057,0.29999999999999716,0.20000000000000284,-0.19100000000003092,0.0730000000000004,-0.03200000000000358,0.009999999999999787,0.019999999999999574,-0.05000000000000071,532.0,927.4799999999959,1.123899999999992
1983-09-01,43.134000000000015,48.20000000000073,0.10000000000000142,8515.804000000004,1928.0158999999985,0.7297000000000011,0.9057999999999993,0.8861999999999952,0.8547999999999973,0.8096000000000032,79.4037,0.7789999999999999,0.5661999999999949,0.6596999999999973,86.3271,0.8937000000000026,0.9372000000000043,0.7966999999999942,75.7976,60.0,0.306555145,67.0,408.0,9.2,0.1999999999999993,136.0,-261.0,-216.0,-127.0,-89.0,408750,1118.0,174.0,-0.8000000000000682,38.0,137.0,107.0,30.0,944.0,149.0,27.100000000000364,67.39999999999964,25.0,26.0,40.1,3.3,40.6,1710,-51.0,-12.0,954,388,1585.0,-13.0,-18.0,821.0,401.0,3805.3869799999957,3460.3697000000393,4529.91109999991,-0.02066225200000016,-0.4000000000000341,0.0,3.0,-0.5,-0.8000000000000043,-0.6000000000000014,0.9424000000000206,3.4717999999999734,2829.4199999999837,-0.22921350000000018,4.799999999999983,-0.11142668599999972,12.80297663,-0.11000000000000121,-0.29999999999999893,-0.33999999999999986,-0.35999999999999943,-0.3699999999999992,-0.20000000000000107,-0.1999999999999993,-0.14000000000000057,-0.08999999999999986,-0.21,-0.45,-0.3,0.71,1.98,2.2,2.92,4.1,-0.0008999999999996788,-2.115099999999984,-0.0040000000000000036,-0.0012000000000000899,0.29999999999999716,0.20000000000000284,0.6999999999999886,1.0999999999999943,-0.8000000000000007,0.10000000000000853,0.30000000000001137,-0.29999999999999716,0.29999999999999716,-0.20000000000001705,0.20000000000000284,0.3999999999999915,0.4000000000000057,0.29999999999999716,0.19999999999998863,0.30000000000001137,0.16499999999999915,0.1740000000000066,-0.02499999999999858,-0.02599999999999625,0.05000000000000071,0.05000000000000071,0.049999999999998934,-149.0,333.47000000000116,4.634999999999991
1983-10-01,61.02300000000014,64.39999999999964,0.2979999999999947,6190.6900000000605,1596.135799999989,0.3965000000000032,0.14110000000000156,0.04650000000000176,-0.39979999999999905,0.6357999999999961,78.3607,0.33859999999999957,0.5865000000000009,0.49680000000000035,87.285,0.5190999999999946,-4.203000000000003,-1.572499999999998,76.5312,298.0,0.348943057,-372.0,23.0,8.8,0.0,-277.0,-38.0,-206.0,-42.0,-164.0,402200,273.0,165.0,11.5,40.0,112.0,90.0,22.0,108.0,64.0,18.0,42.600000000000364,10.0,-56.0,40.1,3.3,40.6,1715,14.0,-22.0,970,385,1716.0,-3.0,13.0,926.0,417.0,4359.359519999998,7128.666599999997,2026.2828000000445,-0.010331125999999857,2.1000000000001364,6.800000000000182,7.599999999999909,1.5,0.20000000000000284,0.7999999999999972,3.219600000000014,3.363200000000006,4393.780000000028,0.17166020000000515,0.5,0.005406670000000169,12.85626606,0.030000000000001137,-0.25,-0.35999999999999943,-0.3200000000000003,-0.34999999999999964,-0.15000000000000036,-0.11000000000000121,-0.11999999999999922,-0.08999999999999986,-0.49,-0.84,-0.65,0.33,1.8,2.06,2.77,3.98,-0.05010000000000003,-9.460700000000003,-0.0017000000000000348,-0.0005999999999999339,0.0,0.10000000000000853,0.10000000000000853,-0.09999999999999432,-0.6999999999999993,-0.8000000000000114,0.3999999999999915,0.0,0.3999999999999915,0.10000000000000853,0.29999999999999716,-0.29999999999998295,0.5,0.30000000000001137,0.4000000000000057,0.29999999999999716,0.0799999999999983,-0.13900000000001,0.007000000000005002,-0.11599999999999966,0.02999999999999936,0.019999999999999574,-0.00999999999999801,41.0,750.3500000000058,5.298600000000022
1983-11-01,51.03699999999935,35.399999999999636,0.08500000000000085,5861.449999999953,1360.7084000000032,0.230799999999995,0.20360000000000156,0.20470000000000255,0.11889999999999645,0.03540000000000276,78.5293,0.3260000000000005,0.24510000000000076,0.2223000000000006,87.0503,0.2571000000000012,-0.8812000000000069,1.177900000000001,76.8517,9.0,0.364143594,302.0,690.0,8.5,-0.5,-144.0,-92.0,-113.0,-3.0,-110.0,392500,355.0,152.0,0.7000000000000455,39.0,112.0,91.0,21.0,203.0,66.0,23.0,50.0,19.0,11.0,40.1,3.3,40.6,1785,1.0,17.0,979,428,1668.0,-13.0,-10.0,910.0,408.0,-33.85910000000149,4817.620399999956,4335.07620000001,0.0,-2.6000000000001364,-2.899999999999636,6.800000000000182,2.6999999999999886,0.0,-0.09999999999999432,3.8687999999999647,3.321200000000033,4539.599999999977,0.41836000000000695,-2.5,0.08159820699999987,12.64668278,-0.14000000000000057,0.10999999999999943,0.11999999999999922,0.09999999999999964,0.129999999999999,0.13000000000000078,0.15000000000000036,0.16000000000000014,0.14999999999999858,-0.24,-0.58,-0.41,0.6,2.07,2.35,3.07,4.27,0.05790000000000006,2.1444999999999936,-0.020299999999999985,0.0046999999999999265,-0.20000000000000284,-0.4000000000000057,0.09999999999999432,-0.9000000000000057,-0.5700000000000003,0.20000000000000284,0.29999999999999716,0.5000000000000142,0.4000000000000057,0.0,0.09999999999999432,0.19999999999998863,0.5999999999999943,0.3999999999999915,0.29999999999999716,0.29999999999999716,0.06700000000000017,0.28999999999999204,-0.0660000000000025,-0.011000000000002785,0.02999999999999936,-0.009999999999999787,-1.7763568394002505e-15,35.0,788.5800000000017,3.3514999999999873
1983-12-01,57.05200000000059,51.80000000000018,0.4130000000000038,10687.112000000081,665.834400000007,0.255900000000004,0.33029999999999404,0.39560000000000173,0.08509999999999707,1.1270999999999987,77.945,0.3044000000000011,0.18880000000000052,0.28640000000000043,86.143,0.13419999999999987,1.7073000000000036,-3.9151000000000025,76.9708,139.0,0.385596399,99.0,267.0,8.3,-0.5,108.0,-123.0,-156.0,-50.0,-106.0,368800,355.0,105.0,3.0,31.0,72.0,61.0,11.0,250.0,81.0,22.899999999999636,49.899999999999636,20.0,11.0,40.0,3.4,40.5,1688,-7.0,-18.0,956,379,1627.0,21.0,-12.0,823.0,445.0,522.9350399999967,2033.4917000000132,3945.406399999978,-0.02066225200000016,0.6000000000000227,-1.9000000000005457,4.899999999999636,3.0999999999999943,0.7999999999999972,0.8999999999999986,4.323000000000036,2.9762999999999806,4851.169999999984,0.5033076999999935,-0.799999999999983,0.039044320000000354,12.5396373,0.13000000000000078,0.4299999999999997,0.2400000000000002,0.2400000000000002,0.16999999999999993,0.129999999999999,0.14000000000000057,0.16000000000000014,0.14000000000000057,0.06,-0.47,-0.3,0.64,2.07,2.36,3.1,4.28,0.028200000000000003,-0.5675999999999988,-0.04279999999999995,0.010199999999999987,0.29999999999999716,0.4000000000000057,0.10000000000000853,1.2000000000000028,-0.6000000000000014,0.0,0.30000000000001137,-0.10000000000002274,0.0,0.10000000000000853,0.10000000000000853,-0.29999999999999716,0.29999999999999716,0.20000000000000284,0.20000000000000284,0.20000000000000284,0.02599999999999625,-0.3979999999999677,0.012999999999998124,-0.0589999999999975,0.030000000000001137,0.03999999999999915,-0.009999999999999787,-510.0,456.06999999999243,2.2456999999999994
1984-01-01,21.742999999999483,22.199999999999818,0.24099999999999966,3798.2859999999637,2417.5390999999945,1.0319000000000003,1.103500000000004,1.160899999999998,1.3718000000000075,1.1116000000000028,79.4117,0.6602999999999994,0.9414000000000016,0.6749000000000009,87.3757,0.906800000000004,3.9886999999999944,1.2383999999999986,78.2461,93.0,0.409746892,-118.0,205.0,8.0,1.1999999999999993,-146.0,11.0,-125.0,-104.0,-21.0,351000,443.0,139.0,2.7999999999999545,57.0,79.0,62.0,17.0,304.0,151.0,28.0,77.69999999999891,16.0,2.0,40.2,3.4,40.6,1897,28.0,74.0,903,539,1816.0,-4.0,66.0,890.0,505.0,2014.616630000004,4387.458800000022,2562.078700000071,-0.010331124999999997,1.3000000000000682,3.5,0.0,-0.8999999999999773,1.2000000000000028,1.2999999999999972,1.6649999999999636,3.3548999999999864,4835.580000000016,0.6654802000000046,2.0,-0.033805914000000215,12.54482728,0.08999999999999986,-0.33000000000000007,-0.09999999999999964,-0.16000000000000014,-0.20999999999999908,-0.16999999999999993,-0.16000000000000014,-0.370000000000001,-0.09999999999999964,-0.36,-0.66,-0.55,0.34,1.81,2.11,2.64,4.09,0.039699999999999847,-0.662399999999991,-0.0262,0.0015000000000000568,0.7000000000000028,0.7999999999999972,0.19999999999998863,1.0999999999999943,0.45000000000000284,-0.7000000000000028,0.6999999999999886,0.20000000000001705,0.5,-1.4210854715202004e-14,0.7000000000000028,-0.5,0.5,0.5,0.7000000000000028,0.5999999999999943,0.20600000000000307,-0.2720000000000198,0.4339999999999975,0.11599999999999966,0.05999999999999872,0.08000000000000007,0.010000000000001563,-334.0,-166.95999999999185,0.4379000000000133
1984-02-01,36.68299999999999,41.400000000000546,-0.5050000000000026,-318.42599999997765,-128.6036000000022,0.23980000000000246,0.2353999999999985,0.13219999999999743,-0.14860000000000184,0.1729999999999947,79.0699,0.2623999999999995,0.23579999999999757,0.5676999999999985,87.9494,0.5608000000000004,-3.0101999999999975,5.255400000000009,78.9769,168.0,0.438971676,406.0,623.0,7.8,-1.3999999999999986,18.0,-47.0,-263.0,-57.0,-206.0,339250,484.0,204.0,0.39999999999997726,105.0,98.0,78.0,20.0,280.0,90.0,27.699999999999818,44.0,20.0,15.0,40.7,3.4,41.1,2260,84.0,31.0,1187,503,1987.0,54.0,46.0,952.0,514.0,1220.8087700000033,5010.287000000011,7647.269199999981,0.020662251000000076,-1.3000000000000682,5.300000000000182,9.300000000000182,-4.5,-3.8000000000000043,-3.6000000000000014,7.975400000000036,3.8968000000000416,8325.349999999977,1.212160499999996,-9.099999999999994,0.2666083910000001,11.7018894,0.02999999999999936,0.120000000000001,0.1899999999999995,0.16999999999999993,0.1399999999999988,0.16999999999999993,0.16999999999999993,-0.11999999999999922,-0.0600000000000005,-0.27,-0.5,-0.41,0.45,1.95,2.25,2.49,4.0,-0.03299999999999992,-0.20369999999999777,0.03410000000000002,-0.00039999999999995595,0.4000000000000057,0.3999999999999915,0.4000000000000057,-0.7999999999999972,0.4549999999999983,1.0,0.5,-0.7000000000000028,0.20000000000000284,0.4000000000000057,0.5,-0.09999999999999432,0.5,0.5,0.5999999999999943,0.5,0.3200000000000003,0.1279999999999859,0.29000000000000625,0.19700000000000273,0.009999999999999787,-0.07000000000000028,-0.030000000000001137,-321.0,-28.25,0.46530000000001337
1984-03-01,39.34400000000005,36.899999999999636,0.31500000000000483,505.8769999999786,-765.3983999999909,0.2541999999999973,0.29460000000000264,0.3078000000000003,0.26309999999999434,0.11540000000000106,79.4163,0.3099000000000025,0.21410000000000196,0.1457000000000015,88.395,0.23259999999999792,1.2616000000000014,-1.8142000000000067,79.1923,4.0,0.441687629,98.0,143.0,7.8,0.10000000000000142,8.0,16.0,-110.0,-56.0,-54.0,345800,272.0,63.0,2.5,-17.0,78.0,62.0,16.0,209.0,69.0,16.300000000000182,36.70000000000073,20.0,5.0,40.2,3.5,40.7,1663,-102.0,-83.0,839,439,1725.0,-41.0,-97.0,831.0,511.0,4322.678839999993,9245.138599999947,6643.86950000003,0.0,1.5,-3.0,10.400000000000091,2.299999999999983,-0.09999999999999432,-0.5,7.365499999999997,4.411999999999978,2290.530000000028,-0.3522657000000038,0.09999999999999432,0.016171884000000247,11.55877915,0.3200000000000003,0.5099999999999998,0.4299999999999997,0.4800000000000004,0.5500000000000007,0.4800000000000004,0.4800000000000004,0.4900000000000002,0.40000000000000036,-0.08,-0.39,-0.25,0.68,2.11,2.41,2.66,4.08,-0.05600000000000005,-8.32990000000001,0.014000000000000012,0.021700000000000053,0.3999999999999915,0.5,0.5,1.9000000000000057,0.6159999999999997,2.3000000000000114,0.30000000000001137,0.3999999999999915,0.7000000000000028,-0.7999999999999972,0.19999999999998863,0.6999999999999886,0.4000000000000057,0.29999999999999716,0.20000000000000284,0.29999999999999716,0.15699999999999648,0.18200000000001637,0.03599999999999426,-0.14400000000000546,0.02000000000000135,0.05000000000000071,0.030000000000001137,114.0,505.16999999999825,3.648300000000006
1984-04-01,42.19000000000051,40.30000000000018,0.2609999999999957,3277.9899999999907,2005.800299999988,0.32050000000000267,0.31409999999999627,0.3667999999999978,0.17390000000000327,-0.09769999999999612,79.7564,0.27280000000000015,0.31519999999999726,0.1554000000000002,88.7074,0.25900000000000034,0.9223999999999961,-1.2759,79.4302,169.0,0.460168911,385.0,369.0,7.7,-0.20000000000000284,27.0,-42.0,-23.0,-7.0,-16.0,369250,363.0,96.0,-0.5,30.0,66.0,51.0,15.0,267.0,76.0,19.0,44.0,11.0,45.0,40.4,3.5,40.8,1851,29.0,10.0,953,474,1776.0,6.0,36.0,872.0,479.0,-7463.110650000002,1766.4290000000037,7715.461399999913,0.01033112600000008,-0.2999999999999545,-0.5,7.799999999999727,3.0999999999999943,0.8999999999999986,0.6000000000000014,6.8910999999999945,4.162599999999998,4321.080000000016,0.16241510000000403,0.19999999999998863,0.02170478899999928,11.36133779,0.379999999999999,0.34999999999999964,0.16999999999999993,0.17999999999999972,0.3100000000000005,0.34999999999999964,0.3100000000000005,0.2400000000000002,0.3200000000000003,-0.11,-0.6,-0.45,0.61,2.08,2.34,2.52,4.02,0.042300000000000004,-0.06640000000001578,-0.03469999999999995,0.00990000000000002,0.10000000000000853,-0.09999999999999432,0.20000000000000284,-0.5,-0.14300000000000068,0.6999999999999886,0.3999999999999915,-0.19999999999998863,0.3999999999999915,0.3999999999999915,0.30000000000001137,0.30000000000001137,0.5,0.5,0.29999999999999716,0.4000000000000057,0.18299999999999983,0.5720000000000027,-0.003999999999997783,0.011000000000002785,0.02999999999999936,0.02999999999999936,-0.02000000000000135,117.0,656.6999999999971,0.7667999999999893
1984-05-01,14.46599999999944,16.199999999999818,0.21600000000000108,4700.694999999949,718.7278000000078,0.28709999999999525,0.20589999999999975,0.04700000000000415,-0.2424000000000035,-0.42730000000000246,79.6464,0.1623999999999981,0.34260000000000446,0.20609999999999928,88.6059,0.16019999999999612,0.7336999999999989,0.4346999999999994,79.5019,58.0,0.483680227,551.0,857.0,7.4,-0.09999999999999787,-195.0,-72.0,26.0,99.0,-73.0,360250,306.0,84.0,6.100000000000023,33.0,44.0,42.0,2.0,222.0,51.0,12.699999999999818,23.0,19.0,28.0,40.3,3.4,40.7,1774,-8.0,9.0,893,456,1741.0,17.0,-20.0,849.0,470.0,2458.5471000000107,3612.0231000000495,6867.929699999979,0.010331125999999857,-1.8999999999999773,-4.099999999999909,7.900000000000091,0.6000000000000227,-0.6000000000000014,-2.3999999999999986,8.48090000000002,3.5702999999999747,7540.079999999958,1.9241435999999936,-1.0,0.05694336700000058,11.08815416,0.030000000000001137,0.47000000000000064,0.14000000000000057,0.47000000000000064,0.7599999999999998,0.8000000000000007,0.7799999999999994,0.46999999999999886,0.4299999999999997,0.33,-0.49,-0.01,1.34,2.85,3.09,2.96,4.42,0.07669999999999977,5.27770000000001,-0.03160000000000007,0.014799999999999924,-0.10000000000000853,0.0,0.20000000000000284,-0.7000000000000028,-0.09799999999999898,-2.0999999999999943,0.20000000000000284,0.29999999999999716,0.4000000000000057,-0.19999999999998863,0.09999999999999432,-0.10000000000000853,0.4000000000000057,0.29999999999999716,0.20000000000000284,0.20000000000000284,0.06099999999999994,-0.657999999999987,-0.1280000000000001,-0.07800000000000296,0.02999999999999936,0.030000000000001137,-0.009999999999999787,596.0,1317.6600000000035,-1.240600000000029
1984-06-01,50.1190000000006,49.100000000000364,0.259999999999998,5333.943000000087,1584.7274000000034,0.19709999999999894,0.30109999999999815,0.25959999999999894,-0.009500000000002728,0.17139999999999844,79.5267,0.334699999999998,0.10790000000000077,0.16410000000000124,88.2337,0.2488000000000028,-1.9403999999999968,-0.10620000000000118,79.6898,85.0,0.507537078,168.0,398.0,7.2,-0.6999999999999993,94.0,-114.0,-272.0,-157.0,-115.0,361400,381.0,108.0,5.2000000000000455,51.0,51.0,52.0,-1.0,273.0,97.0,15.400000000000546,58.29999999999927,18.0,24.0,40.3,3.4,40.6,1843,38.0,37.0,921,422,1814.0,-17.0,10.0,894.0,505.0,-2896.8343800000002,-345.27390000002924,2474.4030000000494,-0.010331125999999857,1.7999999999999545,-1.400000000000091,6.5,2.8999999999999773,1.0,0.7000000000000028,4.653999999999996,3.989400000000046,6221.350000000035,0.8088292000000052,-3.5,0.13438250199999935,10.63189366,0.7400000000000002,0.33000000000000007,0.03999999999999915,0.1999999999999993,0.41999999999999993,0.3100000000000005,0.15000000000000036,0.27000000000000135,0.3100000000000005,-0.08,-1.19,-0.55,1.02,2.42,2.5,2.49,3.99,0.015200000000000102,3.087999999999994,-0.012399999999999967,0.009600000000000053,0.0,-0.09999999999999432,0.19999999999998863,-1.2000000000000028,-0.5530000000000008,-0.5,0.20000000000000284,-0.30000000000001137,0.20000000000000284,0.09999999999999432,0.09999999999999432,-0.5,0.29999999999999716,0.20000000000000284,0.20000000000000284,0.20000000000000284,0.08600000000000563,0.08199999999996521,0.006999999999997897,-0.017999999999993577,0.040000000000000924,0.009999999999999787,0.02999999999999936,759.0,1605.550000000003,-0.3838999999999828
1984-07-01,15.103000000000065,17.099999999999454,-0.15500000000000114,-3231.127000000095,-1766.2243000000017,0.1512000000000029,0.16040000000000276,0.18350000000000222,-0.022499999999993747,0.5234999999999985,79.1659,0.45410000000000394,0.13889999999999958,0.2884999999999991,87.959,0.2149000000000001,-1.6319999999999908,-1.6140999999999934,79.8127,64.0,0.496544454,155.0,-156.0,7.5,-0.10000000000000142,131.0,199.0,26.0,12.0,14.0,360500,310.0,74.0,1.6999999999999318,27.0,46.0,45.0,1.0,236.0,80.0,24.099999999999454,55.70000000000073,16.0,45.0,40.3,3.4,40.6,1732,-25.0,-45.0,884,418,1605.0,-7.0,-6.0,777.0,426.0,3737.6687699999893,2763.145200000028,5016.9982999999775,0.020662251999999937,-2.800000000000068,-2.599999999999909,-0.1999999999998181,1.8000000000000114,0.0,-2.700000000000003,4.8285999999999945,3.420699999999954,5187.549999999988,0.8847566000000029,-2.0,0.07863874400000004,10.26972445,0.16999999999999993,0.20999999999999908,0.25,0.009999999999999787,-0.05000000000000071,-0.21000000000000085,-0.20000000000000107,-0.11000000000000121,0.09999999999999964,-0.04,-1.11,-0.71,0.8,2.04,2.13,2.21,3.92,0.1283000000000003,9.501900000000006,-0.05699999999999994,0.01980000000000004,0.20000000000000284,0.19999999999998863,-0.19999999999998863,0.7000000000000028,-1.2149999999999999,-1.4000000000000057,0.3999999999999915,0.700000000000017,-0.20000000000000284,0.0,0.10000000000000853,-0.09999999999999432,0.7000000000000028,0.4000000000000057,0.29999999999999716,0.29999999999999716,0.1729999999999947,-0.1729999999999734,0.05799999999999983,0.11199999999999477,0.009999999999999787,0.009999999999999787,-0.019999999999997797,658.0,1409.679999999993,-1.14609999999999
1984-08-01,44.3799999999992,40.70000000000073,0.1530000000000058,-151.40200000000186,-612.9410999999964,0.06519999999999726,0.17620000000000147,0.18479999999999563,-0.3469000000000051,0.3252000000000024,78.4192,0.3260000000000005,-0.0257000000000005,-0.028900000000000148,87.7729,0.113900000000001,-0.7791000000000068,0.09529999999999461,79.7724,-148.0,0.480220683,-290.0,-272.0,7.5,-0.6999999999999993,175.0,-57.0,-34.0,41.0,-75.0,389500,243.0,37.0,3.1000000000000227,13.0,21.0,31.0,-10.0,206.0,57.0,14.600000000000364,28.899999999999636,18.0,52.0,40.2,3.4,40.5,1586,-9.0,-14.0,776,403,1530.0,-1.0,-25.0,741.0,413.0,-842.7154499999888,630.4586999999592,7267.341200000024,0.020662251000000076,-0.599999999999909,-1.5,0.5,-0.8000000000000114,-0.20000000000000284,-2.3000000000000007,2.9916000000000054,3.513300000000015,4922.820000000007,0.3303393999999997,13.300000000000011,-0.37843573399999997,10.94773789,0.41000000000000014,-0.009999999999999787,0.3500000000000014,0.08999999999999986,-0.20999999999999908,-0.5899999999999999,-0.6399999999999988,-0.5700000000000003,-0.5199999999999996,-0.46,-1.17,-1.03,0.18,1.04,1.08,1.23,2.99,0.0034999999999998366,-0.8067000000000064,-0.006800000000000139,-0.020299999999999985,-0.20000000000000284,-0.29999999999999716,-0.20000000000000284,-0.7000000000000028,0.4980000000000011,-1.2999999999999972,0.30000000000001137,-1.4210854715202004e-14,0.09999999999999432,0.0,0.20000000000000284,0.09999999999999432,0.5,0.29999999999999716,0.29999999999999716,0.3999999999999915,0.1490000000000009,0.24500000000000455,0.132000000000005,-0.07600000000000051,0.02999999999999936,0.0,0.019999999999997797,596.0,1247.6800000000076,-0.1756000000000313
1984-09-01,52.40800000000036,55.599999999999454,0.2809999999999988,-741.3929999999236,1560.8735999999917,-0.15429999999999922,-0.022800000000003706,-0.003999999999997783,-0.231899999999996,-0.7199999999999989,78.5026,0.05129999999999768,-0.2546999999999997,-0.33859999999999957,87.8937,-0.19290000000000163,0.23450000000000415,0.7409000000000034,79.266,105.0,0.501493964,175.0,327.0,7.3,-0.3000000000000007,-242.0,143.0,-66.0,-2.0,-64.0,395400,312.0,9.0,-3.7999999999999545,29.0,-15.0,10.0,-25.0,303.0,79.0,17.0,52.70000000000073,21.0,31.0,40.2,3.3,40.5,1698,17.0,22.0,814,438,1523.0,20.0,-9.0,734.0,402.0,-3227.9011699999974,-32.429000000003725,3984.3732999999775,0.010331125999999857,2.0,7.099999999999909,7.199999999999818,1.200000000000017,0.7000000000000028,1.6000000000000014,3.1222999999999956,4.058800000000019,2338.539999999979,-0.3832037000000099,1.6999999999999886,-0.031753535,10.83888861,-0.33999999999999986,-0.14000000000000057,-0.10000000000000142,-0.1399999999999988,-0.2400000000000002,-0.15000000000000036,-0.20000000000000107,-0.20999999999999908,-0.28000000000000114,-0.26,-0.93,-0.83,0.28,1.23,1.22,1.36,3.05,0.08990000000000009,3.1958999999999946,-0.05689999999999995,0.010999999999999899,0.0,-0.09999999999999432,-0.10000000000000853,-0.5,0.06099999999999994,-1.3999999999999915,0.29999999999999716,-0.3999999999999915,0.29999999999999716,-0.10000000000000853,0.19999999999998863,0.10000000000000853,0.5,0.4000000000000057,0.29999999999999716,0.30000000000001137,0.0660000000000025,0.09299999999998931,0.045999999999999375,-0.0899999999999963,0.030000000000001137,0.0,-0.009999999999999787,-6.0,492.54999999998836,1.239500000000021
1984-10-01,-20.085000000000036,-25.5,-0.13000000000000256,2520.976000000024,540.3423000000039,-0.022199999999998,0.4328000000000003,0.5236000000000018,0.6196999999999946,-0.38990000000000435,79.7166,0.272199999999998,-0.3867000000000047,0.21170000000000044,87.3342,0.2944999999999993,0.5138999999999925,0.6109000000000009,79.4795,25.0,0.503639184,162.0,148.0,7.4,-0.3000000000000007,98.0,-166.0,-12.0,12.0,-24.0,419250,285.0,9.0,-9.5,14.0,5.0,5.0,0.0,276.0,90.0,13.099999999999454,66.69999999999891,25.0,19.0,40.0,3.2,40.5,1590,8.0,-17.0,749,404,1490.0,-14.0,7.0,710.0,400.0,579.3668799999868,-1961.0032999999821,3273.2260999999708,0.01033112600000008,-1.5,0.5,5.700000000000273,0.19999999999998863,0.5,1.6999999999999993,4.439699999999959,2.8997999999999706,4401.049999999988,1.3771916000000033,-1.299999999999983,0.06538858399999992,10.56869986,-1.3100000000000005,-0.9199999999999999,-0.629999999999999,-0.6000000000000014,-0.6799999999999997,-0.46999999999999886,-0.35999999999999943,-0.02999999999999936,-0.41000000000000014,0.13,-0.25,-0.12,0.91,2.07,2.17,2.64,3.95,0.019600000000000062,1.2977000000000203,-0.036699999999999955,0.0044999999999999485,-0.20000000000000284,-0.10000000000000853,0.10000000000000853,-1.2999999999999972,-0.5459999999999994,-2.3000000000000114,0.3999999999999915,0.09999999999999432,0.7000000000000028,0.20000000000001705,0.30000000000001137,-0.5000000000000142,0.3999999999999915,0.3999999999999915,0.4000000000000057,0.29999999999999716,0.11500000000000199,-0.41500000000002046,0.15099999999999625,0.0589999999999975,0.019999999999999574,-0.009999999999999787,1.7763568394002505e-15,397.0,762.070000000007,-0.8840999999999894
1984-11-01,36.17000000000007,33.69999999999982,0.5619999999999976,5356.772999999928,2139.589399999997,0.1816000000000031,0.2085000000000008,0.22869999999999635,0.21160000000000423,0.7397000000000062,79.5942,0.2809999999999988,0.15390000000000015,0.14620000000000033,87.1851,0.13700000000000045,1.0901000000000067,0.9961999999999946,79.4531,-53.0,0.508416687,151.0,334.0,7.2,0.3000000000000007,-31.0,-36.0,-88.0,-83.0,-5.0,407000,353.0,13.0,-5.100000000000023,27.0,-8.0,0.0,-8.0,340.0,125.0,10.5,111.90000000000146,21.0,37.0,40.2,3.3,40.4,1689,44.0,19.0,746,443,1643.0,35.0,32.0,751.0,445.0,4367.8243000000075,1605.237599999993,2903.0398000000278,-0.01033112600000008,3.199999999999932,8.0,17.299999999999727,2.5,0.7000000000000028,2.1000000000000014,4.607300000000009,4.7654,3592.640000000014,0.2573844000000065,1.5,-0.010599775999999395,10.52612848,-0.5600000000000005,-1.0899999999999999,-1.1300000000000008,-1.0599999999999987,-1.08,-0.7300000000000004,-0.5899999999999999,-0.34000000000000163,-0.4599999999999991,-0.4,-0.82,-0.62,0.39,1.9,2.14,2.86,4.05,-0.05449999999999999,-3.1239999999999952,0.019600000000000062,-0.0021999999999999797,0.4000000000000057,0.30000000000001137,0.09999999999999432,0.4000000000000057,-0.6670000000000016,1.9000000000000057,0.20000000000000284,-0.29999999999999716,0.10000000000000853,-1.4210854715202004e-14,0.0,1.4210854715202004e-14,0.4000000000000057,0.20000000000000284,0.09999999999999432,0.20000000000000284,0.06899999999999551,0.3860000000000241,-0.056999999999995055,-0.017000000000003013,0.03999999999999915,0.0,0.00999999999999801,-52.0,713.2899999999936,0.08139999999997372
1984-12-01,46.84299999999985,29.300000000000182,0.06099999999999994,728.1759999999776,-482.26320000000123,0.02659999999999485,0.23750000000000426,0.35540000000000305,0.325800000000001,0.5677999999999983,79.7571,0.20770000000000266,-0.14449999999999363,-0.08270000000000266,86.7729,0.1366000000000014,-0.9992000000000019,-2.080199999999998,79.424,173.0,0.519382627,411.0,251.0,7.3,-0.1999999999999993,-21.0,222.0,-37.0,-8.0,-29.0,385600,125.0,34.0,-9.299999999999955,35.0,7.0,12.0,-5.0,91.0,15.0,12.400000000000546,-3.5,20.0,-29.0,40.2,3.3,40.5,1612,-22.0,-15.0,810,339,1626.0,10.0,-6.0,746.0,429.0,-2868.618459999998,-1370.603999999992,1597.6460000000661,0.0,0.3000000000000682,2.5,19.59999999999991,4.200000000000017,1.5,2.8999999999999986,2.3906000000000063,3.8465000000000487,4875.169999999984,0.26511219999999014,-1.8000000000000114,0.07961222899999942,10.28910501,-1.049999999999999,-0.5899999999999999,-0.5499999999999989,-0.5300000000000011,-0.4900000000000002,-0.2599999999999998,-0.07000000000000028,-0.15999999999999837,-0.08000000000000007,0.06,-0.32,-0.1,0.95,2.69,3.12,3.75,5.02,0.09019999999999984,4.333499999999987,-0.05310000000000015,0.0033000000000000806,0.0,0.09999999999999432,-0.09999999999999432,-0.5,-2.6690000000000005,-1.4000000000000057,0.20000000000000284,0.09999999999999432,-0.20000000000000284,-0.09999999999999432,0.0,-1.4210854715202004e-14,0.3999999999999915,0.09999999999999432,0.10000000000000853,0.19999999999998863,0.13800000000000523,-0.4089999999999918,0.030999999999998806,0.09200000000000585,0.040000000000000924,0.07000000000000028,-0.00999999999999801,-420.0,854.0599999999977,0.19139999999998736
1985-01-01,-7.563000000000102,-6.199999999999818,0.355000000000004,-1522.4389999998966,858.7397000000055,-0.028599999999997294,-0.2506000000000057,-0.24560000000000315,-0.4099999999999966,-0.6052999999999997,79.4843,-0.059499999999999886,0.15079999999999671,0.035199999999999676,86.7606,-0.10269999999999868,-0.7978000000000023,-1.6242000000000019,79.0412,-113.0,0.501958922,144.0,79.0,7.3,-0.9000000000000004,296.0,-42.0,-117.0,-39.0,-78.0,370750,265.0,-1.0,-2.1000000000000227,16.0,-14.0,-6.0,-8.0,266.0,43.0,11.699999999999818,22.69999999999891,23.0,54.0,40.0,3.3,40.3,1711,-15.0,6.0,760,497,1660.0,48.0,-25.0,723.0,463.0,4231.447359999991,3998.310300000012,1071.5918999999994,0.01033112600000008,1.2999999999999545,1.0,20.40000000000009,-1.6000000000000227,0.3999999999999986,2.200000000000003,-0.40989999999999327,2.766300000000001,4244.180000000051,0.7642709000000139,7.099999999999994,-0.16414512799999947,10.59925952,-0.030000000000001137,-0.41000000000000014,-0.3000000000000007,-0.27999999999999936,-0.3100000000000005,-0.14000000000000057,-0.11999999999999922,-0.05000000000000071,-0.14000000000000057,-0.32,-0.59,-0.35,0.67,2.58,3.03,3.73,4.91,0.09879999999999978,6.218899999999991,-0.05899999999999994,0.0039000000000000146,0.0,-0.09999999999999432,-0.10000000000000853,-1.5,0.21199999999999974,-1.3999999999999915,0.20000000000000284,1.4210854715202004e-14,0.3999999999999915,-0.09999999999999432,0.19999999999998863,0.10000000000000853,0.30000000000001137,0.30000000000001137,0.29999999999999716,0.4000000000000057,0.24499999999999744,0.27899999999996794,0.1460000000000008,0.08800000000000097,0.05000000000000071,0.05999999999999872,0.019999999999997797,160.0,225.5500000000029,0.06200000000001182
1985-02-01,5.476999999999862,5.0,0.1490000000000009,2070.371999999974,1228.9934999999969,0.1600999999999999,0.2114000000000047,0.132000000000005,0.3984999999999985,-0.4761999999999986,80.3941,-0.2406000000000006,0.11310000000000286,-0.27280000000000015,86.6246,-0.21099999999999852,5.967300000000002,0.980000000000004,78.5025,25.0,0.511116452,151.0,253.0,7.2,0.0,-196.0,-84.0,105.0,76.0,29.0,391750,131.0,-51.0,-2.300000000000068,-6.0,-43.0,-29.0,-14.0,182.0,37.0,0.8999999999996362,26.399999999999636,21.0,13.0,39.9,3.3,40.1,1632,7.0,-79.0,779,471,1662.0,-13.0,2.0,688.0,511.0,-3278.6898199999996,844.108899999992,2678.9795999999624,0.0,1.2000000000000455,-4.300000000000182,8.0,-3.0,-0.8999999999999986,-0.8000000000000043,2.783200000000022,4.199299999999994,5970.429999999993,1.0690805999999924,9.300000000000011,-0.20293129399999987,11.02977957,0.15000000000000036,0.5099999999999998,0.5099999999999998,0.39000000000000057,0.2699999999999996,0.20000000000000107,0.129999999999999,0.05000000000000071,-0.02999999999999936,0.04,-0.23,-0.11,0.79,2.63,3.01,3.63,4.73,0.14550000000000018,6.294900000000013,-0.03400000000000003,0.03069999999999995,0.09999999999999432,0.0,-0.29999999999999716,-0.5,1.6300000000000026,0.5999999999999943,0.5999999999999943,0.799999999999983,0.5,0.19999999999998863,0.6000000000000085,0.7000000000000028,0.5,0.5999999999999943,0.4000000000000057,0.5999999999999943,0.2289999999999992,0.6340000000000146,0.23699999999999477,-0.09800000000000608,0.03999999999999915,0.05000000000000071,-0.02999999999999936,89.0,559.7900000000081,5.347199999999987
1985-03-01,29.543000000000575,28.699999999999818,-0.03999999999999915,5339.951000000001,589.0871000000043,0.08019999999999783,0.2926999999999964,0.22929999999999495,-0.05550000000000921,0.5405999999999977,79.9812,0.3697000000000017,-0.09500000000000597,0.24580000000000268,86.8343,0.4134999999999991,-4.287899999999993,-0.1769999999999996,78.8855,116.0,0.523923732,452.0,434.0,7.2,0.20000000000000107,48.0,-9.0,5.0,0.0,5.0,380800,339.0,40.0,-0.39999999999997726,68.0,-27.0,-17.0,-10.0,299.0,88.0,15.400000000000546,83.30000000000109,25.0,46.0,40.2,3.3,40.4,1800,15.0,117.0,831,455,1727.0,-6.0,44.0,762.0,464.0,-982.8545199999935,-1402.0791999999783,77.93400000000838,-0.01033112600000008,-3.6000000000000227,-9.599999999999909,0.900000000000091,2.5,0.19999999999999574,-0.10000000000000142,4.701099999999997,3.6773999999999774,6698.869999999995,0.9221933999999976,-1.5,0.059357005999999934,10.83656646,0.08000000000000007,0.3600000000000012,0.25,0.5099999999999998,0.5700000000000003,0.3899999999999988,0.34999999999999964,0.4299999999999997,0.4599999999999991,0.32,-0.06,0.32,1.28,2.94,3.28,3.98,5.11,-0.0011999999999998678,-2.557299999999998,0.032200000000000006,0.02929999999999988,0.0,-0.10000000000000853,-0.09999999999999432,-1.8000000000000114,0.9669999999999987,-0.09999999999999432,0.5,-0.4999999999999858,0.7000000000000028,1.4210854715202004e-14,0.3999999999999915,-0.29999999999999716,0.5,0.5,0.5,0.4000000000000057,0.19400000000000261,-0.5619999999999834,0.2290000000000063,-0.006999999999997897,0.009999999999999787,-0.05000000000000071,0.010000000000001563,1521.0,1916.7200000000012,2.9839000000000055
1985-04-01,-12.931000000000495,-12.0,0.10899999999999466,-630.844000000041,1504.8687999999966,-0.12059999999999604,-0.24490000000000123,-0.37650000000000006,-0.4019999999999868,-0.7180000000000035,79.7851,-0.31210000000000093,-0.016500000000000625,-0.2190000000000012,86.7972,-0.19830000000000325,-0.44590000000000884,0.8111999999999995,78.3797,-119.0,0.506253723,3.0,-53.0,7.3,0.29999999999999716,-20.0,52.0,-1.0,-30.0,29.0,398250,196.0,-17.0,4.7000000000000455,34.0,-53.0,-35.0,-18.0,213.0,55.0,2.899999999999636,37.29999999999927,21.0,35.0,40.2,3.1,40.5,1821,33.0,-37.0,821,490,1664.0,-7.0,-7.0,729.0,448.0,-703.5169199999946,-1190.3367000000435,477.3454999999376,0.0,0.7999999999999545,-2.899999999999636,4.5,2.8000000000000114,1.2000000000000028,1.5,-1.2252000000000294,3.657199999999989,5473.489999999991,1.62533040000001,1.1999999999999886,-0.013603244000000458,10.82724421,-0.3100000000000005,-0.5300000000000011,-0.5699999999999994,-0.6699999999999999,-0.7199999999999989,-0.5099999999999998,-0.4299999999999997,-0.33000000000000007,-0.17999999999999972,0.1,-0.32,-0.04,0.87,2.74,3.16,3.96,5.24,-0.2084999999999999,-6.075000000000017,0.11240000000000006,-0.018199999999999994,0.5,0.6000000000000085,0.20000000000000284,-0.8999999999999915,0.5670000000000002,3.0,0.20000000000000284,-0.4000000000000057,0.5,-1.4210854715202004e-14,0.30000000000001137,-0.10000000000000853,0.29999999999999716,0.29999999999999716,0.29999999999999716,0.29999999999999716,0.07199999999999562,0.014999999999986358,0.08399999999999608,-0.11699999999999733,0.040000000000000924,0.02000000000000135,-1.7763568394002505e-15,1886.0,2500.25,-0.5987999999999829
1985-05-01,15.20300000000043,16.699999999999818,0.4610000000000056,7121.9370000000345,739.4703000000009,0.0929000000000002,0.15559999999999974,0.13100000000000023,0.14219999999998834,0.04270000000000351,79.9798,0.09559999999999746,0.03870000000000573,-0.04210000000000136,87.1749,0.1191999999999993,-0.11959999999999127,0.7956999999999965,78.3475,96.0,0.523488316,-97.0,-4.0,7.2,-1.0999999999999979,4.0,61.0,-101.0,42.0,-143.0,392750,274.0,-12.0,-5.300000000000068,23.0,-31.0,-18.0,-13.0,286.0,73.0,6.600000000000364,56.899999999999636,24.0,44.0,40.1,3.2,40.4,1680,-35.0,17.0,741,447,1709.0,1.0,15.0,759.0,447.0,2884.6074799999915,98.24100000003818,-126.64269999996759,-0.020662250999999854,0.900000000000091,4.899999999999636,9.0,1.1999999999999886,-0.6000000000000014,-0.5999999999999943,1.6072000000000344,3.707899999999995,5405.450000000012,0.9763110999999896,4.300000000000011,-0.08456244000000002,11.04466634,-0.2999999999999998,-0.5399999999999991,-0.46999999999999975,-0.5800000000000001,-0.6799999999999997,-0.6699999999999999,-0.5800000000000001,-0.5099999999999998,-0.35999999999999943,-0.14,-0.49,-0.32,0.49,2.37,2.88,3.75,5.18,0.020199999999999996,-0.11599999999998545,0.010599999999999943,0.009800000000000031,0.30000000000001137,0.29999999999999716,0.29999999999999716,-0.9000000000000057,-1.1819999999999986,0.3999999999999915,0.20000000000000284,-0.09999999999999432,-0.29999999999999716,0.0,-0.20000000000000284,-0.7000000000000028,0.7000000000000028,0.29999999999999716,0.0,0.20000000000000284,0.1180000000000021,-0.6119999999999948,-0.04299999999999926,0.15099999999999625,0.009999999999999787,0.0,-0.009999999999999787,2353.0,3054.439999999988,5.0878999999999905
1985-06-01,24.769000000000233,26.200000000000728,-0.2150000000000034,-10285.773999999976,-661.6858999999968,-0.0286000000000044,0.11500000000000199,0.2132000000000005,0.23499999999999943,-0.12360000000000326,80.4172,0.041100000000000136,-0.14509999999999934,0.0616000000000021,86.9174,0.01670000000000016,0.29479999999999507,-0.2294999999999945,78.1769,-10.0,0.512529551,-269.0,-427.0,7.4,0.1999999999999993,35.0,-39.0,18.0,-28.0,46.0,392400,147.0,-40.0,-6.0,2.0,-36.0,-27.0,-9.0,187.0,49.0,5.899999999999636,32.70000000000073,21.0,24.0,40.1,3.2,40.5,1676,32.0,-17.0,734,435,1716.0,3.0,0.0,752.0,458.0,3045.4382199999964,4050.7688999999664,1919.12360000005,0.030993376999999933,2.4999999999998863,9.0,15.300000000000182,3.5,1.3999999999999986,1.5,1.442199999999957,3.4191000000000145,4125.349999999977,0.38021930000000737,4.0,-0.07421646400000004,11.28674267,-0.4399999999999995,-0.4800000000000004,-0.5300000000000002,-0.5600000000000005,-0.660000000000001,-0.7400000000000002,-0.6899999999999995,-0.7800000000000011,-0.75,-0.18,-0.58,-0.44,0.27,2.07,2.63,3.41,4.87,-0.04290000000000038,-2.889499999999998,0.03249999999999997,-0.008000000000000007,-0.30000000000001137,-0.4000000000000057,-0.6000000000000085,-0.5999999999999943,-0.4800000000000004,-1.5,0.29999999999999716,0.799999999999983,0.0,0.10000000000000853,0.09999999999999432,1.4210854715202004e-14,0.3999999999999915,0.30000000000001137,0.20000000000000284,0.29999999999999716,0.13600000000000279,0.3359999999999843,0.15500000000000114,-0.06799999999999784,0.019999999999999574,-0.009999999999999787,1.7763568394002505e-15,1207.0,1439.570000000007,5.5108000000000175
1985-07-01,10.188999999999396,-1.6000000000003638,0.2950000000000017,1173.9719999999506,206.38789999998698,-0.2744999999999962,-0.2674999999999983,-0.2494000000000014,-0.21699999999999875,0.07080000000000553,80.0381,-0.14809999999999945,-0.2722000000000051,-0.2834000000000003,86.7897,-0.21309999999999718,-1.0538000000000025,0.22979999999999734,77.688,-27.0,0.506167039,355.0,302.0,7.4,0.0,17.0,37.0,19.0,33.0,-14.0,378250,189.0,-43.0,-9.399999999999977,10.0,-43.0,-39.0,-4.0,232.0,16.0,-0.5999999999994543,12.0,22.0,122.0,40.1,3.3,40.4,1684,-53.0,-16.0,786,460,1697.0,-23.0,1.0,746.0,467.0,-2604.32935,917.5511999999871,-214.3183999999892,-0.01033112600000008,-0.3999999999998636,-6.199999999999818,11.5,2.1000000000000227,0.3999999999999986,0.5,4.845100000000002,3.428699999999992,4707.570000000007,0.8349173999999948,3.5999999999999943,-0.059312528999999614,11.549468,0.34999999999999964,0.20999999999999996,0.1299999999999999,0.11000000000000032,0.0600000000000005,0.09999999999999964,0.15000000000000036,0.030000000000001137,0.02999999999999936,-0.32,-0.8,-0.68,-0.02,1.82,2.43,3.09,4.55,-0.1660999999999997,-7.7035999999999945,0.0999000000000001,-0.014999999999999902,0.10000000000000853,0.0,-0.29999999999999716,-0.29999999999999716,0.18599999999999994,-1.1999999999999886,0.20000000000000284,-0.5999999999999801,0.09999999999999432,-0.09999999999999432,0.0,0.09999999999999432,0.5,0.29999999999999716,0.19999999999998863,0.20000000000000284,0.12299999999999756,-0.07299999999997908,0.027999999999998693,0.031999999999996476,0.02999999999999936,0.02999999999999936,0.00999999999999801,1372.0,2236.270000000004,-0.37599999999997635
1985-08-01,-0.26999999999952706,11.199999999999818,0.4099999999999966,11136.513999999966,1695.699900000007,0.17559999999999576,0.3008000000000024,0.26250000000000284,0.3135000000000048,0.5223999999999975,80.2149,0.04250000000000398,0.06739999999999924,0.2893000000000008,86.7881,0.2597999999999985,0.03690000000000282,-0.41740000000000066,77.9005,19.0,0.52806247,-29.0,288.0,7.1,-0.1999999999999993,-116.0,-39.0,-71.0,-26.0,-45.0,404400,192.0,-3.0,-7.0,24.0,-20.0,-19.0,-1.0,195.0,35.0,11.099999999999454,38.100000000000364,27.0,-1.0,40.2,3.3,40.6,1743,12.0,31.0,758,504,1808.0,22.0,12.0,780.0,510.0,2388.007300000012,1707.2937000000384,19.48349999997299,-0.020662250999999854,0.2999999999999545,-2.400000000000091,9.299999999999727,0.5,0.10000000000000142,0.19999999999999574,2.8297000000000025,4.107900000000029,3786.9199999999837,0.6523350999999877,-4.199999999999989,0.1077747889999996,11.35700526,0.020000000000000462,0.16000000000000014,0.05999999999999961,0.1200000000000001,0.1900000000000004,0.11000000000000121,0.019999999999999574,0.08000000000000007,0.07000000000000028,-0.18,-0.76,-0.58,0.15,1.91,2.43,3.15,4.6,-0.10980000000000034,-3.6754999999999995,0.0034000000000000696,0.004899999999999904,-0.20000000000000284,-0.20000000000000284,0.0,-2.0,0.4259999999999984,-1.4000000000000057,0.20000000000000284,-1.4210854715202004e-14,-0.3999999999999915,0.0999999999999801,-0.09999999999999432,0.3999999999999915,0.4000000000000057,0.09999999999999432,0.0,0.09999999999999432,0.16599999999999682,0.28199999999998226,-0.0379999999999967,0.06100000000000705,0.009999999999999787,0.019999999999999574,-0.019999999999999574,1751.0,2481.3600000000006,-0.9415000000000191
1985-09-01,32.259000000000015,28.800000000000182,0.5650000000000048,1673.841000000015,3379.991299999994,0.2026000000000039,0.15370000000000061,0.12510000000000332,0.3422999999999945,-0.0788999999999973,80.7914,-0.09199999999999875,0.23700000000000188,-0.11090000000000089,87.874,0.024200000000000443,2.887599999999999,-3.0371000000000024,77.7866,83.0,0.534796314,614.0,562.0,7.1,0.0,55.0,55.0,-16.0,-27.0,11.0,408500,205.0,-18.0,-8.5,29.0,-38.0,-35.0,-3.0,223.0,39.0,3.9000000000005457,13.600000000000364,29.0,19.0,40.2,3.3,40.6,1676,15.0,-18.0,720,478,1916.0,-21.0,-18.0,776.0,661.0,82.76669999999285,2835.633600000001,282.5106000000378,0.0,-1.1368683772161603e-13,-2.099999999999909,7.200000000000273,1.8999999999999773,1.6000000000000014,1.3000000000000043,4.484900000000039,4.5634000000000015,6506.619999999995,1.0179491000000098,-4.200000000000017,0.11268683800000012,11.16461795,0.019999999999999574,0.11000000000000032,-0.040000000000000036,-0.05000000000000071,0.019999999999999574,0.0,0.03999999999999915,0.019999999999999574,-0.019999999999999574,-0.09,-0.82,-0.65,0.15,1.89,2.45,3.15,4.56,0.03970000000000029,-0.933400000000006,-0.01990000000000003,0.012800000000000145,-0.7000000000000028,-0.6999999999999886,-0.09999999999999432,-1.1000000000000085,0.5340000000000025,-0.29999999999999716,0.19999999999998863,0.10000000000000853,0.0,-0.0999999999999801,0.20000000000000284,0.0,0.29999999999999716,0.29999999999999716,0.20000000000000284,0.20000000000000284,0.08500000000000085,-0.2039999999999793,0.05999999999999517,-0.12800000000000722,0.02000000000000135,0.040000000000000924,0.0,5892.0,6365.659999999989,2.342199999999991
1985-10-01,33.902000000000044,32.80000000000018,-0.6480000000000032,-5767.723999999929,-3576.007999999987,-0.19190000000000396,-0.0812000000000026,-0.01850000000000307,-0.09609999999999275,-0.26300000000000523,80.7972,-0.048799999999999955,-0.2785999999999973,-0.07479999999999976,86.9174,-0.1167999999999978,-0.7579999999999956,3.0426,77.484,-71.0,0.523017595,240.0,190.0,7.1,0.0,-70.0,-25.0,53.0,87.0,-34.0,405750,188.0,1.0,-5.699999999999932,16.0,-10.0,-4.0,-6.0,187.0,29.0,7.399999999999636,14.5,28.0,16.0,40.2,3.3,40.7,1834,72.0,20.0,803,461,1743.0,30.0,4.0,749.0,481.0,-1253.727350000001,541.7557999999844,3399.868699999992,0.020662250999999854,-2.599999999999909,-0.8000000000001819,2.399999999999636,1.3000000000000114,1.0,1.0999999999999943,-1.1579000000000406,4.617199999999968,4259.170000000042,0.3524494000000118,2.0999999999999943,-0.03728767899999941,11.35662127,0.07000000000000028,-0.03000000000000025,0.0600000000000005,0.0600000000000005,-0.0600000000000005,-0.120000000000001,-0.129999999999999,-0.05000000000000071,-0.120000000000001,-0.19,-0.83,-0.66,0.02,1.7,2.25,3.03,4.37,-0.16670000000000007,-21.84700000000001,0.05729999999999991,-0.0036000000000000476,1.1000000000000085,1.0,0.09999999999999432,2.299999999999997,1.2489999999999988,-1.2000000000000028,0.4000000000000057,0.0,0.29999999999999716,-1.4210854715202004e-14,0.19999999999998863,0.10000000000000853,0.5,0.4000000000000057,0.29999999999999716,0.4000000000000057,0.08400000000000318,0.3459999999999752,0.15400000000000347,-0.06099999999999284,0.009999999999999787,-0.030000000000001137,0.010000000000001563,2337.0,2725.5300000000134,1.880899999999997
1985-11-01,10.909999999999854,10.300000000000182,0.10900000000000176,4536.074999999953,577.6787999999942,0.18950000000000244,0.33729999999999905,0.40050000000000097,0.41100000000000136,1.2159000000000049,80.7167,0.3072999999999979,0.06040000000000134,0.2154999999999987,87.3872,0.356899999999996,-0.7790999999999997,-1.1133999999999986,77.8779,80.0,0.543799213,-10.0,160.0,7.0,0.3999999999999986,39.0,-89.0,-88.0,-186.0,98.0,393400,210.0,-9.0,-8.0,11.0,-11.0,-10.0,-1.0,219.0,34.0,3.699999999999818,27.799999999999272,33.0,20.0,40.1,3.3,40.7,1698,-77.0,-39.0,792,452,1692.0,2.0,-33.0,730.0,480.0,-3722.620280000003,-3804.689799999993,2260.0847000000067,-0.020662250999999854,-0.09999999999990905,-1.7999999999997272,-1.5,3.5,0.8999999999999986,0.30000000000000426,3.7754000000000474,4.279699999999991,3859.929999999993,0.4917417999999998,11.300000000000011,-0.2313940360000002,12.14220787,0.0600000000000005,-0.03000000000000025,0.08000000000000007,-0.03000000000000025,-0.1299999999999999,-0.41000000000000014,-0.46000000000000085,-0.46999999999999886,-0.3699999999999992,-0.28,-0.81,-0.75,-0.17,1.23,1.73,2.5,3.94,-0.03860000000000019,-10.606799999999993,0.018100000000000005,0.009800000000000031,0.5999999999999943,0.6999999999999886,0.20000000000000284,1.6000000000000085,1.2749999999999986,-2.4000000000000057,0.5,0.09999999999999432,0.5,0.10000000000000853,0.5,-0.29999999999999716,0.5999999999999943,0.5999999999999943,0.5,0.5999999999999943,0.14699999999999847,-0.17599999999998772,0.25799999999999557,0.06299999999999528,0.019999999999999574,-0.019999999999999574,0.00999999999999801,-328.0,100.13999999999942,5.494500000000016
1985-12-01,43.40700000000015,43.099999999999454,0.4549999999999983,-3335.667000000016,1503.8316999999952,0.5429999999999993,0.3843999999999994,0.3130999999999986,0.6555000000000035,0.06739999999999924,81.6922,-0.0694999999999979,0.6629000000000005,0.06370000000000076,87.8692,0.1816000000000031,4.003799999999998,0.7148000000000039,78.0314,-112.0,0.529368395,219.0,209.0,7.0,-0.5999999999999996,-70.0,88.0,1.0,93.0,-92.0,385250,166.0,-2.0,-5.600000000000023,8.0,-4.0,-10.0,6.0,168.0,29.0,0.5,25.600000000000364,24.0,20.0,40.3,3.6,40.9,1942,45.0,60.0,895,488,1794.0,-26.0,70.0,836.0,432.0,4922.737380000006,3274.3795999999857,2045.766299999901,0.010331124999999997,3.199999999999818,4.499999999999545,2.700000000000273,5.199999999999989,1.7000000000000028,2.1999999999999957,1.755299999999977,4.236100000000022,3314.0999999999767,-0.31839370000000145,9.800000000000011,-0.17897134400000025,12.86663827,0.21999999999999886,-0.019999999999999574,-0.14000000000000057,-0.16000000000000014,-0.20999999999999996,-0.5499999999999989,-0.5199999999999996,-0.39000000000000057,-0.41000000000000014,-0.52,-1.17,-1.13,-0.6,0.46,0.99,1.89,3.31,-0.026399999999999757,-1.2856000000000165,0.0051000000000001044,0.018999999999999906,0.5,0.7000000000000028,0.4000000000000057,-0.20000000000000284,-3.5849999999999973,0.4000000000000057,0.5,-0.20000000000000284,0.5,-0.10000000000000853,0.5,0.09999999999999432,0.4000000000000057,0.30000000000001137,0.5,0.4000000000000057,0.1700000000000017,-0.18899999999999295,0.25500000000000256,0.046999999999997044,0.07000000000000028,0.09999999999999964,0.030000000000001137,-466.0,852.8199999999924,11.324799999999982
1986-01-01,-4.621000000000095,-18.399999999999636,0.04200000000000159,9334.099999999977,1180.2485000000015,0.28999999999999915,0.5371999999999986,0.4797000000000011,0.8442999999999898,1.2391999999999967,82.2698,0.0852999999999966,0.07259999999999422,0.341899999999999,88.8137,0.6396999999999977,-1.3208000000000055,0.12189999999999657,78.8535,-8.0,0.551635664,328.0,671.0,6.7,-0.29999999999999893,-60.0,-130.0,-119.0,-1.0,-118.0,366750,123.0,12.0,-3.3999999999999773,21.0,-7.0,-7.0,0.0,111.0,9.0,-5.5,9.199999999998909,18.0,21.0,40.4,3.4,40.7,1972,38.0,11.0,898,466,1847.0,30.0,9.0,786.0,496.0,2337.2186899999942,3098.8810999999987,584.5046000001021,-0.020662251000000076,-5.999999999999886,-4.299999999999727,0.7999999999997272,-3.0,-0.10000000000000142,0.5,1.5908000000000015,4.5364999999999895,3369.280000000028,0.4073096999999848,0.8999999999999773,0.002738656000000006,13.06705024,-0.129999999999999,-0.040000000000000036,-0.02999999999999936,0.020000000000000462,0.0600000000000005,-0.05000000000000071,-0.07000000000000028,-0.10999999999999943,-0.14000000000000057,-0.43,-1.07,-0.98,-0.41,0.54,1.05,1.91,3.3,-0.038200000000000234,-2.897599999999983,-0.020299999999999985,0.011500000000000066,-0.5,-0.7000000000000028,-0.5,-1.2999999999999972,-4.283000000000001,1.2000000000000028,0.4000000000000057,-0.09999999999999432,0.5,0.30000000000001137,0.30000000000001137,0.0,0.5999999999999943,0.5,0.30000000000001137,0.0,0.23400000000000176,0.21600000000000819,0.12599999999999767,0.11700000000000443,-0.02999999999999936,-0.08000000000000007,-0.08000000000000185,1886.0,1738.8099999999977,14.52249999999998
1986-02-01,35.25699999999961,32.899999999999636,-0.10300000000000153,-3585.6019999999553,-1146.023399999991,-0.3819000000000017,-0.6026999999999987,-0.6131000000000029,-0.6285000000000025,-0.36350000000000193,81.5099,-0.35779999999999745,-0.1828999999999965,-0.021399999999999864,88.7573,-0.30749999999999744,-2.157200000000003,-1.631300000000003,78.3228,-13.0,0.510235658,200.0,-407.0,7.2,0.3999999999999986,183.0,155.0,219.0,123.0,96.0,369500,115.0,-45.0,-17.300000000000068,-4.0,-23.0,-22.0,-1.0,160.0,3.0,-2.0,7.200000000000728,33.0,44.0,40.0,3.3,40.7,1848,16.0,-6.0,747,483,1767.0,-24.0,0.0,754.0,472.0,-2013.6761499999993,2257.633700000006,662.438599999994,0.030993376999999933,2.2000000000000455,0.8000000000001819,14.0,-3.8999999999999773,-1.3999999999999986,-1.5999999999999943,0.32339999999999236,4.725599999999986,3266.0199999999604,0.24669780000002106,11.200000000000017,-0.17644838699999976,13.99962713,-0.28000000000000025,-0.08000000000000007,-0.010000000000000675,-0.04999999999999982,-0.1200000000000001,-0.33999999999999986,-0.4900000000000002,-0.3800000000000008,-0.33000000000000007,-0.23,-0.8,-0.75,-0.25,0.48,0.84,1.81,3.25,-0.11129999999999973,-15.038900000000012,0.00529999999999986,-0.0026999999999999247,-1.4000000000000057,-1.7999999999999972,-1.2000000000000028,-3.700000000000003,-7.503,0.20000000000000284,-0.20000000000000284,-0.6999999999999886,-1.0,-0.10000000000000853,-0.9000000000000057,-0.4000000000000057,0.4000000000000057,-0.30000000000001137,-0.30000000000001137,-0.29999999999999716,0.0,-0.32600000000002183,-0.5079999999999956,-0.07900000000000063,0.009999999999999787,0.030000000000001137,0.05000000000000249,934.0,1197.6100000000006,-0.1974999999999909
1986-03-01,67.74200000000019,59.5,0.142000000000003,611.6189999999478,-845.2571000000025,-0.39059999999999917,-0.2179000000000002,-0.21239999999999526,-0.27019999999998845,-0.03899999999999437,81.1141,-0.029200000000003,-0.5301000000000045,-0.14409999999999812,88.3905,-0.19170000000000442,0.6389000000000067,-1.4072999999999993,77.9655,-28.0,0.50805201,338.0,357.0,7.2,-0.5999999999999996,24.0,17.0,-47.0,-37.0,-10.0,381200,87.0,-57.0,-26.5,10.0,-39.0,-32.0,-7.0,144.0,40.0,-9.599999999999454,57.5,26.0,-4.0,40.0,3.4,40.7,1876,-53.0,36.0,782,493,1780.0,12.0,-16.0,717.0,526.0,-1017.6541500000021,3212.3828000000212,2094.4749999999767,0.030993378000000016,4.499999999999886,9.399999999999636,31.100000000000364,3.5999999999999943,0.6999999999999957,0.7999999999999972,4.690299999999979,4.911100000000033,1317.9000000000233,-0.5864781000000221,12.900000000000006,-0.1847601430000001,15.08630584,-0.3799999999999999,-0.4299999999999997,-0.5,-0.54,-0.5800000000000001,-0.8799999999999999,-0.919999999999999,-0.6699999999999999,-0.6099999999999994,-0.28,-0.92,-0.91,-0.45,-0.02,0.3,1.52,3.02,-0.03970000000000007,-6.15779999999998,0.03770000000000007,-0.0034000000000000696,-1.2999999999999972,-1.7999999999999972,-1.2999999999999972,-2.299999999999997,-2.824,0.7999999999999972,-0.6000000000000085,0.29999999999998295,-3.4000000000000057,0.10000000000000853,-1.5,0.4000000000000057,0.5999999999999943,-0.6999999999999886,-0.8999999999999915,-0.6000000000000085,-0.11200000000000188,0.26900000000000546,-0.9740000000000038,-0.00999999999999801,0.009999999999999787,-0.07000000000000028,-0.010000000000001563,1177.0,1207.3600000000006,-3.199199999999962
1986-04-01,23.896999999999935,20.5,0.2569999999999979,12632.516999999993,771.6211999999941,0.06220000000000425,0.22350000000000136,0.09159999999999968,0.4889999999999901,-0.044400000000003104,81.8974,-0.2173000000000016,-0.07920000000000016,0.03810000000000002,88.6824,0.2563000000000031,-1.4553000000000083,1.019600000000004,78.2537,24.0,0.512075562,96.0,115.0,7.1,0.09999999999999964,58.0,80.0,-99.0,-100.0,1.0,385750,187.0,-1.0,-28.699999999999932,36.0,-8.0,-4.0,-4.0,188.0,42.0,10.799999999999272,30.299999999999272,30.0,10.0,40.0,3.3,40.5,1933,25.0,33.0,761,513,1858.0,34.0,42.0,728.0,517.0,-1800.1756499999901,-2326.306900000025,506.5706999999238,-0.020662251999999937,-0.7999999999999545,4.500000000000455,31.299999999999727,3.6999999999999886,1.6000000000000014,1.5,2.422300000000007,4.834000000000003,4418.75,1.0323992000000146,5.699999999999989,-0.07147841799999988,15.67494469,-0.4900000000000002,-0.6000000000000005,-0.5,-0.4900000000000002,-0.5899999999999999,-0.41000000000000014,-0.4800000000000004,-0.21000000000000085,-0.3100000000000005,-0.39,-0.93,-0.91,-0.55,0.06,0.31,1.8,3.2,-0.013400000000000079,-3.602000000000004,0.031099999999999905,-0.013000000000000123,-0.5,-0.7000000000000028,-1.0,-2.6000000000000085,0.2289999999999992,-0.5,-0.3999999999999915,0.4000000000000057,-2.5999999999999943,-0.20000000000000284,-1.2000000000000028,-0.09999999999999432,0.5,-0.5,-0.7000000000000028,-0.5,-0.1039999999999992,0.046999999999997044,-0.6509999999999962,-0.1039999999999992,0.009999999999999787,0.08000000000000007,-0.03999999999999915,1799.0,1761.1900000000023,4.697999999999979
1986-05-01,7.890000000000327,4.199999999999818,0.25200000000000244,-6137.818999999901,1768.2985999999946,0.10490000000000066,0.209699999999998,0.13239999999999696,0.3947000000000003,0.09510000000000218,82.4525,-0.05469999999999686,0.011300000000005639,-0.13920000000000243,89.0289,0.0788999999999973,1.1078000000000117,2.151699999999998,78.2858,-73.0,0.498874274,212.0,137.0,7.2,0.0,-12.0,4.0,70.0,76.0,-6.0,386000,127.0,-78.0,-29.0,-26.0,-23.0,-23.0,0.0,205.0,60.0,5.100000000000364,45.400000000001455,25.0,25.0,40.1,3.4,40.7,1854,-36.0,-97.0,799,529,1797.0,-14.0,-18.0,698.0,518.0,-985.6761100000003,-1331.4983999999822,-2026.282799999928,0.0,3.5,2.299999999999727,18.300000000000182,1.3000000000000114,-0.3999999999999986,-0.3999999999999986,0.14740000000000464,4.63979999999998,4603.469999999972,0.8573815999999965,0.5,0.004090242999999827,15.82118176,-0.14000000000000057,0.020000000000000462,0.09000000000000075,0.11000000000000032,0.20999999999999996,0.46999999999999975,0.41000000000000014,0.3000000000000007,0.09999999999999964,-0.23,-0.7,-0.66,-0.2,0.67,0.86,2.24,3.44,-0.047800000000000065,-8.060400000000016,0.022599999999999953,-0.012199999999999989,0.5,0.7000000000000028,-0.20000000000000284,0.9000000000000057,2.5970000000000013,-0.10000000000000853,0.29999999999999716,-0.09999999999999432,0.4000000000000057,0.09999999999999432,0.20000000000000284,0.19999999999998863,0.20000000000000284,0.19999999999998863,0.20000000000000284,0.20000000000000284,0.09299999999999642,0.35300000000000864,0.11699999999999733,-0.02300000000000324,0.019999999999999574,0.049999999999998934,0.049999999999998934,2932.0,2996.1600000000035,3.4137999999999806
1986-06-01,2.076000000000022,1.300000000000182,-0.09500000000000597,4066.2449999999953,130.67780000000494,-0.21390000000000242,-0.16639999999999588,-0.24750000000000227,-0.005099999999998772,0.6019000000000005,82.0903,-0.34199999999999875,-0.251100000000001,-0.26599999999999824,89.5297,-0.23160000000000025,1.3783999999999992,-1.8138000000000005,77.8686,264.0,0.525858016,556.0,487.0,7.2,0.5,-97.0,35.0,88.0,-24.0,112.0,370500,-93.0,-86.0,-17.0,-7.0,-63.0,-62.0,-1.0,-7.0,-12.0,-30.899999999999636,15.799999999999272,27.0,-11.0,40.0,3.3,40.7,1847,12.0,42.0,768,499,1790.0,-1.0,-7.0,724.0,493.0,768.4135299999907,-1632.8976000000257,185.09320000000298,-0.01033112600000008,-2.3999999999999773,-6.800000000000182,9.799999999999727,3.6999999999999886,1.3999999999999986,1.5,3.2323000000000093,4.731699999999989,3425.5400000000373,0.38883690000000115,6.800000000000011,-0.08296493799999993,16.31477475,0.07000000000000028,0.08999999999999986,0.05999999999999961,0.07999999999999918,0.08000000000000007,0.1200000000000001,0.08999999999999986,0.040000000000000924,0.05000000000000071,-0.21,-0.71,-0.65,-0.19,0.72,0.88,2.21,3.42,-0.013199999999999878,0.5105000000000075,-0.012599999999999945,0.01419999999999999,0.29999999999999716,0.20000000000000284,-0.10000000000000853,-0.29999999999999716,-1.9750000000000014,1.0,0.4000000000000057,0.09999999999999432,0.8999999999999915,-0.20000000000000284,0.29999999999999716,0.20000000000000284,0.7000000000000028,0.5,0.5,0.5,0.19000000000000483,0.055999999999983174,0.1869999999999976,0.1039999999999992,0.0,0.030000000000001137,-0.03999999999999915,3102.0,3302.290000000008,3.884200000000021
1986-07-01,34.555999999999585,21.199999999999818,0.277000000000001,3769.447999999975,422.1100000000006,0.3410000000000011,0.34149999999999636,0.38940000000000197,0.45239999999999725,0.6614000000000004,82.4017,0.23789999999999623,0.333599999999997,0.27779999999999916,89.3409,0.3031000000000006,1.9829999999999899,-0.4309999999999974,78.2063,-182.0,0.515927395,45.0,234.0,7.0,0.0,-43.0,-157.0,-51.0,16.0,-67.0,362000,318.0,-28.0,-6.600000000000023,13.0,-33.0,-23.0,-10.0,346.0,106.0,39.399999999999636,51.399999999999636,31.0,0.0,40.0,3.4,40.6,1782,-14.0,31.0,712,473,1780.0,18.0,8.0,701.0,480.0,1621.4748300000065,-278.5082999999868,2084.733200000017,0.0,1.099999999999909,1.400000000000091,17.5,2.9000000000000057,1.1000000000000014,1.1000000000000014,1.85510000000005,5.8202,3843.4899999999907,0.36539590000001,-5.100000000000023,0.08814988899999987,16.08035506,-0.3600000000000003,-0.3799999999999999,-0.3799999999999999,-0.40999999999999925,-0.46000000000000085,-0.5800000000000001,-0.5,-0.25,-0.17999999999999972,-0.23,-0.73,-0.7,-0.29,0.5,0.74,2.32,3.6,-0.09610000000000007,-8.936000000000007,-0.0013999999999998458,-0.009099999999999886,-0.7999999999999972,-1.0,-0.5999999999999943,0.20000000000000284,-1.8940000000000001,0.5,0.09999999999999432,0.5999999999999943,-1.2000000000000028,0.10000000000000853,-0.09999999999999432,-0.3999999999999915,0.20000000000000284,-0.19999999999998863,0.0,0.0,0.012999999999998124,-0.20099999999996498,-0.09199999999999875,-0.1319999999999979,0.019999999999999574,0.0,0.02999999999999936,3121.0,3266.0999999999767,9.784199999999998
1986-08-01,15.413000000000466,25.0,0.20300000000000296,912.0219999999972,1269.4413000000059,-0.09440000000000026,0.026600000000001955,-0.03979999999999961,-0.06419999999999959,0.2108999999999952,82.178,-0.014899999999997249,-0.19999999999999574,-0.00870000000000104,90.333,0.13350000000000506,-1.1569999999999965,1.7474999999999952,78.289,42.0,0.53275968,21.0,205.0,6.9,0.3000000000000007,-7.0,-150.0,7.0,28.0,-21.0,407400,115.0,-10.0,-19.0,13.0,-8.0,0.0,-8.0,125.0,46.0,-8.899999999999636,47.5,24.0,21.0,40.1,3.4,40.7,1807,58.0,-14.0,708,458,1726.0,-18.0,7.0,662.0,476.0,-3080.237850000005,-1773.1056000000099,-516.3124000000535,0.0,-1.2999999999998408,-1.699999999999818,16.0,0.19999999999998863,0.29999999999999716,0.19999999999999574,2.080600000000004,6.20070000000004,2555.9400000000023,0.23275830000000042,4.800000000000011,-0.048731017000000154,16.46093979,-0.3899999999999997,-0.41000000000000014,-0.2999999999999998,-0.3100000000000005,-0.33999999999999986,-0.2599999999999998,-0.1299999999999999,-0.16000000000000014,0.019999999999999574,-0.25,-0.64,-0.62,-0.24,0.63,1.0,2.55,4.01,-0.08289999999999997,-4.428799999999995,-0.02100000000000013,0.00770000000000004,0.4000000000000057,0.5,0.0,0.29999999999999716,3.5170000000000012,-0.29999999999999716,0.09999999999999432,0.30000000000001137,-1.0,0.0,-0.10000000000000853,0.29999999999999716,0.3999999999999915,0.0,0.09999999999999432,0.09999999999999432,0.06400000000000006,-0.01700000000002433,0.020000000000003126,0.03399999999999892,0.02000000000000135,0.049999999999998934,-0.009999999999999787,1949.0,2183.0599999999977,9.220500000000015
1986-09-01,6.683999999999287,6.100000000000364,0.9329999999999998,15244.814999999944,7365.663799999995,0.15109999999999957,0.11110000000000042,0.1039999999999992,0.12160000000000082,0.46750000000000114,82.0912,0.08489999999999753,0.1833999999999989,0.26670000000000016,89.8884,0.15319999999999823,-0.363900000000001,-0.9531999999999954,78.3858,49.0,0.527436823,245.0,70.0,7.0,-0.09999999999999964,-34.0,244.0,42.0,-3.0,45.0,395500,346.0,-9.0,-15.100000000000023,-4.0,9.0,-14.0,23.0,355.0,48.0,-0.7000000000007276,43.399999999999636,24.0,110.0,40.2,3.4,40.7,1687,-35.0,-42.0,698,425,1686.0,20.0,-31.0,631.0,478.0,4783.538840000008,2239.5115000000224,-2883.5562999999383,-0.05165562899999987,0.29999999999984084,1.400000000000091,10.600000000000364,1.9000000000000057,1.9000000000000057,1.8000000000000043,2.575399999999945,6.022799999999961,6729.969999999972,1.2283146999999985,-6.699999999999989,0.1121319190000003,16.00941119,-0.28000000000000025,-0.2400000000000002,-0.3200000000000003,-0.20000000000000018,-0.16000000000000014,0.1200000000000001,0.28000000000000025,0.16999999999999993,0.019999999999999574,-0.21,-0.68,-0.54,-0.12,1.03,1.56,3.0,4.31,-0.007900000000000018,0.554300000000012,-0.01629999999999998,-0.0012000000000000899,0.20000000000000284,0.20000000000000284,0.5,-0.10000000000000853,-0.17900000000000027,0.5,0.4000000000000057,-0.4000000000000057,0.5,0.09999999999999432,0.4000000000000057,0.0,0.4000000000000057,0.5,0.29999999999999716,0.4000000000000057,0.16799999999999926,-0.12300000000001887,0.1670000000000016,0.10099999999999909,0.0,0.02000000000000135,-0.019999999999999574,6879.0,6868.330000000016,9.709900000000005
1986-10-01,1.844000000000051,0.8999999999996362,-0.6469999999999985,-9290.841999999946,-5554.8429999999935,0.23519999999999897,0.18959999999999866,0.15520000000000067,0.290300000000002,0.011099999999999,82.5343,-0.09080000000000155,0.2710000000000008,0.04269999999999996,91.0505,0.20599999999999596,0.009900000000001796,-0.8100000000000023,78.5421,-16.0,0.529782846,121.0,188.0,7.0,-0.20000000000000107,11.0,-43.0,-130.0,-107.0,-23.0,383250,187.0,-8.0,-2.2000000000000455,15.0,-21.0,-28.0,7.0,195.0,20.0,-0.8999999999996362,14.200000000000728,18.0,59.0,40.0,3.4,40.6,1681,-14.0,-6.0,683,454,1675.0,-31.0,-9.0,633.0,505.0,-2160.398880000008,-942.3498000000254,3058.9076999999816,0.030993378000000016,-1.1999999999999318,-1.7000000000002728,13.399999999999636,1.9000000000000057,1.3999999999999986,1.5999999999999943,-0.11850000000004002,4.624400000000037,6104.960000000021,1.3410915999999986,-0.9000000000000057,0.02011485699999982,15.99243334,-0.040000000000000036,0.0,-0.03000000000000025,-0.08999999999999986,-0.04999999999999982,-0.08999999999999986,-0.020000000000000462,-0.030000000000001137,0.040000000000000924,-0.17,-0.67,-0.59,-0.13,0.98,1.58,3.01,4.39,-0.010399999999999965,1.7408999999999821,-0.043400000000000105,0.0012000000000000899,0.5999999999999943,0.5999999999999943,-0.20000000000000284,0.8000000000000114,-0.06099999999999994,1.0,0.20000000000000284,-0.8000000000000114,-0.09999999999999432,-0.09999999999999432,0.0,-0.30000000000001137,0.4000000000000057,0.09999999999999432,0.0,0.09999999999999432,0.09199999999999875,-0.0439999999999543,-0.09800000000000608,-0.009000000000000341,0.02999999999999936,0.0799999999999983,0.02999999999999936,2731.0,2838.279999999999,-0.45019999999999527
1986-11-01,11.649000000000342,13.0,-0.142000000000003,-1987.4620000000577,-590.1243000000104,0.21739999999999782,0.22699999999999676,0.2884999999999991,0.49739999999999895,0.7516999999999996,82.862,-0.004199999999997317,0.20409999999999684,0.11400000000000077,91.2178,0.19850000000000279,-0.11119999999999663,1.0737000000000023,78.6724,189.0,0.558401765,118.0,202.0,6.9,-0.1999999999999993,-73.0,31.0,14.0,63.0,-49.0,363200,187.0,-4.0,-4.899999999999977,6.0,-5.0,-8.0,3.0,191.0,27.0,2.300000000000182,14.600000000000364,21.0,36.0,40.0,3.4,40.7,1623,-10.0,8.0,610,471,1644.0,-8.0,31.0,607.0,477.0,121.32845000000088,741.0989999999874,-399.41150000004563,0.0,3.0,-5.699999999999818,8.100000000000364,5.0,1.6999999999999957,1.8000000000000043,6.2164000000000215,5.3320999999999685,-1076.570000000007,-0.7443939999999998,7.699999999999989,-0.10233306599999992,16.54427224,0.1900000000000004,0.08000000000000007,0.16999999999999993,0.15000000000000036,0.08000000000000007,-0.07000000000000028,-0.17999999999999972,-0.17999999999999972,-0.16999999999999993,-0.28,-0.69,-0.63,-0.24,0.72,1.21,2.64,4.03,0.04249999999999998,6.377100000000013,-0.0025999999999999357,-0.0021999999999999797,-0.09999999999999432,-0.09999999999999432,0.0,0.19999999999998863,0.3550000000000004,0.0,0.20000000000000284,0.6000000000000227,0.29999999999999716,0.09999999999999432,0.20000000000000284,0.10000000000000853,0.29999999999999716,0.20000000000000284,0.30000000000001137,0.20000000000000284,0.09199999999999875,0.2389999999999759,0.044000000000004036,-0.06799999999999784,0.02999999999999936,0.09000000000000163,1.7763568394002505e-15,-2001.0,-1743.1199999999953,2.1533000000000015
1986-12-01,25.859999999999673,23.300000000000182,0.9420000000000002,13536.128000000026,5717.671699999992,0.5315000000000012,0.6698000000000093,0.6143000000000001,0.7637,1.0327000000000055,83.4369,0.37129999999999797,0.3973000000000013,0.2502999999999993,92.3259,0.5429999999999993,1.221199999999996,0.13589999999999947,79.2764,-246.0,0.546746163,-23.0,253.0,6.6,0.0,-46.0,-233.0,-41.0,-26.0,-15.0,358250,201.0,33.0,-5.600000000000023,33.0,6.0,-4.0,10.0,168.0,16.0,4.099999999999454,9.299999999999272,28.0,16.0,40.1,3.5,40.8,1833,41.0,94.0,615,541,1903.0,27.0,18.0,591.0,707.0,3557.0869400000083,1124.5248000000138,-4617.586799999932,-0.051655630000000174,8.800000000000068,12.799999999999727,15.299999999999727,6.599999999999994,3.1000000000000014,2.8999999999999986,15.317800000000034,11.500800000000027,-122.09999999997672,-0.6905552999999998,3.5,-0.04076002000000001,16.80349479,0.8700000000000001,0.33999999999999986,0.1800000000000006,0.13999999999999968,0.07000000000000028,-0.08999999999999986,-0.13999999999999968,-0.1899999999999995,-0.09999999999999964,-0.81,-1.38,-1.36,-1.04,-0.24,0.2,1.58,3.06,-0.021099999999999897,-0.7971000000000004,0.01550000000000007,-0.006199999999999983,0.19999999999998863,0.09999999999999432,0.20000000000000284,-0.6999999999999886,0.8689999999999998,-0.29999999999999716,0.3999999999999915,-1.4210854715202004e-14,0.29999999999999716,-0.09999999999999432,0.29999999999999716,0.0,0.29999999999999716,0.29999999999999716,0.29999999999999716,0.29999999999999716,0.07100000000000506,-0.02400000000000091,0.21000000000000085,-0.08599999999999852,0.02000000000000135,0.019999999999999574,-1.7763568394002505e-15,-1271.0,-443.0200000000186,4.804699999999968
1987-01-01,-12.159999999999854,-11.800000000000182,-1.0959999999999965,-20839.50800000003,-8538.652499999982,-0.2166999999999959,-0.3445000000000107,-0.3907999999999987,-0.8177000000000021,-0.4528000000000034,82.4371,0.032900000000005036,-0.09879999999999711,-0.06540000000000035,91.6947,-0.20530000000000115,-2.9295999999999935,0.3264999999999958,78.8108,-53.0,0.539406994,234.0,225.0,6.6,-0.09999999999999964,93.0,2.0,7.0,17.0,-10.0,345600,169.0,-5.0,-3.8999999999999773,14.0,-13.0,-13.0,0.0,174.0,2.0,10.400000000000546,-10.699999999998909,18.0,24.0,40.4,3.5,40.8,1774,-10.0,58.0,609,440,1690.0,-6.0,38.0,570.0,483.0,-4724.2854700000025,-1414.478599999973,5241.05839999998,0.06198675500000017,-13.800000000000068,-10.799999999999727,1.0,-1.5999999999999943,0.20000000000000284,0.6000000000000014,9.644999999999982,12.11609999999996,-1522.4700000000303,-0.8080758000000117,15.900000000000006,-0.19265542999999985,17.79478063,-0.4800000000000004,-0.2599999999999998,-0.10000000000000053,-0.10999999999999943,-0.08999999999999986,-0.03000000000000025,-0.03000000000000025,-0.13000000000000078,-0.25,-0.59,-1.0,-0.99,-0.65,0.21,0.65,1.93,3.29,-0.10309999999999997,-7.2228000000000065,0.06610000000000005,-0.019500000000000073,0.5,0.5999999999999943,0.5,2.3999999999999915,2.5799999999999983,-0.09999999999999432,0.6000000000000085,0.5,1.5,-0.20000000000000284,1.0,0.10000000000000853,0.4000000000000057,0.7999999999999972,0.7999999999999972,0.8000000000000114,0.242999999999995,0.19299999999998363,0.661999999999999,0.06999999999999318,-0.010000000000001563,-0.120000000000001,-0.009999999999999787,-1072.0,-2280.609999999986,2.1405000000000314
1987-02-01,21.74499999999989,20.0,0.8079999999999998,23058.880000000005,6166.7469999999885,0.7461999999999946,0.9044000000000096,0.9202999999999975,0.9912000000000063,0.9986999999999995,83.383,0.7637,0.5896999999999935,0.6369000000000007,92.6542,0.8378000000000014,1.5422999999999973,-0.23119999999999408,79.8043,256.0,0.57380801,277.0,304.0,6.6,-0.20000000000000107,-67.0,16.0,-51.0,-24.0,-27.0,348750,241.0,64.0,-1.2999999999999545,31.0,34.0,26.0,8.0,177.0,54.0,11.199999999999818,31.5,21.0,-9.0,40.7,3.7,41.2,1784,-40.0,-63.0,661,501,1689.0,20.0,20.0,603.0,409.0,3803.505919999996,-870.8151000000071,2016.5409999999683,-0.06198675500000017,-5.0,-12.300000000000182,-5.599999999999909,-4.5,-2.6000000000000014,-2.6000000000000014,-1.889599999999973,5.632400000000018,-2051.2600000000093,-1.3982057999999995,16.399999999999977,-0.17608806700000024,18.84160179,-0.33000000000000007,0.20999999999999996,0.16000000000000014,0.14999999999999947,0.17999999999999972,0.15000000000000036,0.16999999999999993,0.02000000000000135,-0.07000000000000028,-0.05,-0.51,-0.51,-0.14,0.69,1.15,2.28,3.55,-0.021300000000000097,-1.4226999999999919,0.022599999999999953,-0.026599999999999957,0.30000000000001137,0.4000000000000057,0.7999999999999972,0.9000000000000057,-0.9299999999999997,-1.0,0.3999999999999915,-0.20000000000000284,0.9000000000000057,0.0,0.5999999999999943,-0.30000000000001137,0.3999999999999915,0.5,0.5,0.5,0.18200000000000216,-0.4019999999999868,0.519999999999996,-0.0049999999999954525,0.0,-0.03999999999999915,0.009999999999999787,-936.0,-1023.390000000014,1.301499999999976
1987-03-01,16.63000000000011,18.0,0.0519999999999996,635.6510000000708,881.556500000006,0.07630000000000337,0.08699999999998909,0.05480000000000018,0.16660000000000252,-0.24729999999999563,83.788,-0.039500000000003865,0.06460000000000576,0.04410000000000025,92.5098,0.036499999999996646,0.6149999999999949,1.062100000000001,79.6594,190.0,0.598193844,148.0,151.0,6.6,0.20000000000000107,63.0,-22.0,-47.0,-55.0,8.0,333250,245.0,11.0,1.1999999999999318,1.0,8.0,-1.0,9.0,234.0,63.0,4.399999999999636,51.5,24.0,28.0,40.4,3.7,41.0,1726,30.0,-27.0,628,473,1704.0,11.0,-52.0,625.0,443.0,2720.0146499999973,1394.4488000000129,3682.3793000000296,0.01033112600000008,2.599999999999909,2.599999999999909,-3.199999999999818,2.3000000000000114,0.10000000000000142,0.0,1.4574999999999818,8.031000000000006,-2012.4099999999744,-1.1663564000000122,11.600000000000023,-0.11062610099999981,19.52811941,0.03000000000000025,0.11000000000000032,0.0,0.009999999999999787,0.07000000000000028,0.0,0.0,-0.02000000000000135,-0.040000000000000924,0.03,-0.54,-0.53,-0.1,0.66,1.12,2.23,3.48,-0.0012000000000000899,-1.9736000000000047,0.06430000000000002,-0.014600000000000168,0.09999999999999432,0.09999999999999432,0.10000000000000853,0.29999999999999716,0.5790000000000006,2.1999999999999886,0.4000000000000057,1.4210854715202004e-14,0.29999999999999716,0.09999999999999432,0.4000000000000057,0.5999999999999943,0.29999999999999716,0.29999999999999716,0.4000000000000057,0.29999999999999716,0.13799999999999812,0.1980000000000075,0.16400000000000148,0.045999999999999375,0.040000000000000924,0.129999999999999,1.7763568394002505e-15,487.0,5.880000000004657,2.1818999999999846
1987-04-01,-5.390999999999622,-3.699999999999818,0.20599999999999596,-1903.3490000000456,1071.3503999999957,0.3714000000000013,0.24680000000000746,0.11760000000000304,-0.08509999999999707,-0.3342000000000027,83.8536,0.2967000000000013,0.47579999999999956,0.27050000000000196,93.6682,0.34020000000000294,1.1295000000000073,0.8418999999999954,79.936,-38.0,0.618536197,66.0,386.0,6.3,-0.09999999999999964,-224.0,-157.0,21.0,63.0,-42.0,336250,335.0,35.0,2.800000000000068,14.0,18.0,2.0,16.0,300.0,78.0,11.600000000000364,48.5,31.0,45.0,40.2,3.3,40.8,1614,-34.0,-43.0,662,404,1601.0,-30.0,-21.0,604.0,412.0,1086.3129000000044,3727.432299999986,2172.408999999985,0.0,7.000000000000114,7.800000000000182,1.5,4.799999999999983,2.299999999999997,1.8999999999999986,1.3372000000000526,8.28290000000004,2813.6300000000047,0.33240729999999985,-3.1999999999999886,0.05227826699999971,19.19674157,0.2400000000000002,0.29000000000000004,0.04999999999999982,0.3000000000000007,0.46999999999999975,0.7800000000000002,0.7699999999999996,0.4900000000000002,0.4299999999999997,0.08,-0.73,-0.47,0.13,1.2,1.65,2.48,3.67,-0.043199999999999905,-8.534600000000012,0.038999999999999924,-0.00019999999999997797,0.5999999999999943,0.7000000000000028,0.3999999999999915,2.0,0.33800000000000097,0.6000000000000085,0.5,-1.4210854715202004e-14,0.5,0.20000000000000284,0.4000000000000057,0.20000000000001705,0.6000000000000085,0.6000000000000085,0.3999999999999915,0.5,0.19500000000000028,0.12600000000000477,0.16499999999999915,0.06700000000000017,0.0,-0.019999999999999574,-0.02000000000000135,1028.0,1525.9900000000198,4.488100000000031
1987-05-01,44.447000000000116,34.400000000000546,0.026000000000003354,-1103.076999999932,-23.853899999987334,0.3573999999999984,0.5202999999999918,0.44590000000000174,0.5838999999999999,0.42130000000000223,84.5096,0.2937999999999974,0.20400000000000063,0.13860000000000028,94.298,0.39759999999999707,-0.14260000000000161,0.30870000000000175,80.2905,129.0,0.632954846,672.0,640.0,6.3,0.09999999999999964,153.0,-136.0,13.0,-20.0,33.0,331000,229.0,48.0,3.0,27.0,17.0,9.0,8.0,181.0,29.0,3.600000000000364,18.899999999999636,18.0,3.0,40.5,3.7,41.0,1628,44.0,16.0,629,391,1500.0,-20.0,-20.0,576.0,379.0,754.3055000000022,5086.590700000001,5455.376799999969,0.01033112600000008,-8.200000000000045,-8.799999999999727,-1.900000000000091,1.0,-1.1000000000000014,-1.1000000000000014,1.9011999999999034,7.17489999999998,253.96000000002095,-1.0548353999999733,-0.19999999999998863,0.022762754000000385,19.1432067,0.47999999999999954,0.47999999999999954,0.020000000000000462,0.14999999999999947,0.5,0.6899999999999995,0.5899999999999999,0.4800000000000004,0.47000000000000064,0.08,-1.19,-0.8,0.15,1.41,1.76,2.48,3.66,-0.02540000000000009,-2.419599999999974,0.03530000000000011,0.02190000000000003,0.10000000000000853,0.10000000000000853,0.5,1.2999999999999972,0.7719999999999985,5.5,0.29999999999999716,-0.09999999999999432,0.10000000000000853,-0.20000000000000284,0.29999999999999716,-0.4000000000000057,0.3999999999999915,0.29999999999999716,0.29999999999999716,0.29999999999999716,0.13300000000000267,-0.20900000000000318,0.11599999999999966,-0.0519999999999996,0.02999999999999936,0.040000000000000924,0.019999999999999574,595.0,425.7599999999802,4.412099999999953
1987-06-01,-7.04700000000048,4.299999999999272,0.18299999999999983,3293.610999999917,1822.2290999999968,0.3078000000000003,0.23450000000001125,0.20769999999999555,0.20289999999999964,-0.5301000000000045,85.1363,0.22590000000000288,0.3674999999999997,0.19369999999999976,94.7713,0.23990000000000578,1.0708999999999946,0.6267999999999958,80.4265,-14.0,0.646120573,-364.0,-188.0,6.2,0.0,-148.0,73.0,-17.0,20.0,-37.0,322250,172.0,0.0,0.5,6.0,-5.0,-3.0,-2.0,172.0,56.0,4.599999999999454,38.29999999999927,12.0,12.0,40.3,3.6,40.9,1594,-43.0,-13.0,602,440,1522.0,5.0,-10.0,587.0,395.0,1368.472099999999,4996.934000000008,3360.901700000046,-0.01033112600000008,-4.499999999999886,-3.5000000000004547,-9.300000000000182,2.3000000000000114,0.5,0.7000000000000028,2.9279999999999973,9.69380000000001,1900.1699999999837,0.11442739999998253,12.299999999999955,-0.09951484400000021,19.949519,-0.11999999999999922,-0.009999999999999787,0.009999999999999787,-0.05999999999999961,-0.20000000000000018,-0.2400000000000002,-0.20999999999999908,-0.009999999999999787,0.009999999999999787,0.19,-1.06,-0.74,0.07,1.29,1.67,2.59,3.79,0.038000000000000034,4.070499999999981,-0.037800000000000056,-0.0023999999999999577,0.29999999999999716,0.3999999999999915,0.6000000000000085,0.7000000000000028,0.6189999999999998,0.8999999999999915,0.5,-0.5,0.6999999999999886,0.20000000000001705,0.5,0.09999999999999432,0.4000000000000057,0.4000000000000057,0.5,0.5,0.19899999999999807,0.12399999999999523,0.2680000000000007,0.03100000000000591,0.02000000000000135,0.049999999999998934,-0.009999999999999787,1619.0,2116.3399999999965,0.6852999999999838
1987-07-01,25.244000000000597,24.300000000000182,0.21300000000000097,5752.103000000003,881.556500000006,0.3918999999999997,0.45879999999999654,0.4572000000000003,0.5269999999999868,-0.08930000000000149,86.0044,0.2991000000000028,0.3240999999999943,0.17499999999999716,96.2323,0.4444999999999979,0.5563999999999965,0.6729000000000056,80.856,10.0,0.659053385,258.0,388.0,6.1,-0.7000000000000011,50.0,-27.0,-166.0,-74.0,-92.0,319250,347.0,65.0,2.1000000000000227,6.0,56.0,4.0,52.0,282.0,54.0,9.199999999999818,38.600000000000364,20.0,36.0,40.4,3.7,41.0,1575,8.0,-49.0,636,428,1516.0,7.0,-2.0,553.0,418.0,2221.5334000000003,5429.003199999977,1432.0363999999827,-0.01033112600000008,2.3999999999998636,2.700000000000273,-2.599999999999909,1.9000000000000057,0.10000000000000142,0.20000000000000284,-1.0373999999999342,7.687999999999988,2198.6699999999837,-0.1860294999999894,8.700000000000045,-0.06425743799999983,20.56510757,-0.15000000000000036,-0.2699999999999996,0.020000000000000462,-0.23000000000000043,-0.1200000000000001,-0.009999999999999787,0.049999999999998934,0.09999999999999964,0.08999999999999986,0.07,-0.89,-0.82,0.1,1.43,1.87,2.84,4.03,0.028000000000000025,5.744400000000013,-0.01980000000000004,-0.012499999999999956,0.20000000000000284,0.20000000000000284,0.5,1.0999999999999943,1.3210000000000015,4.700000000000003,0.29999999999999716,0.0,0.8000000000000114,-0.20000000000001705,0.29999999999999716,0.09999999999999432,0.29999999999999716,0.29999999999999716,0.30000000000001137,0.20000000000000284,0.12199999999999989,-0.08600000000001273,0.09799999999999898,-0.04400000000001114,-0.02000000000000135,-0.05999999999999872,-0.009999999999999787,1700.0,2394.0800000000163,1.887200000000007
1987-08-01,39.38499999999931,43.100000000000364,0.3369999999999962,-2949.951000000001,2512.9545999999973,0.4363000000000028,0.4872000000000014,0.5348000000000042,0.38520000000001176,0.520700000000005,86.2943,0.5049999999999955,0.38230000000000075,0.34490000000000265,96.018,0.31289999999999907,2.4284999999999997,-0.5803000000000011,81.1151,224.0,0.690538493,416.0,423.0,6.0,0.20000000000000107,-26.0,9.0,-43.0,-105.0,62.0,325600,173.0,51.0,4.2999999999999545,10.0,37.0,56.0,-19.0,122.0,38.0,13.300000000000182,10.100000000000364,11.0,12.0,40.4,3.7,40.9,1605,-3.0,46.0,632,419,1511.0,-20.0,-14.0,598.0,402.0,-4900.164600000004,3099.835000000021,457.8619999999646,0.0,2.1000000000000227,4.799999999999727,-2.599999999999909,-0.20000000000001705,-0.6000000000000014,-0.5,0.6885999999999513,6.831199999999967,3091.570000000007,-0.4220722999999964,19.299999999999955,-0.1476965090000002,21.78297608,0.15000000000000036,0.05999999999999961,0.34999999999999964,0.39000000000000057,0.35000000000000053,0.3100000000000005,0.3100000000000005,0.25,0.19000000000000128,-0.02,-0.69,-0.58,0.3,1.59,2.03,2.94,4.07,-9.999999999998899e-05,-2.9595999999999947,-0.009400000000000075,-0.000600000000000156,0.20000000000000284,0.20000000000000284,0.5,0.9000000000000057,-1.0809999999999995,2.9000000000000057,0.5,0.7000000000000028,0.6999999999999886,0.0,0.5,-0.0999999999999801,0.6000000000000085,0.5999999999999943,0.5,0.5999999999999943,0.20900000000000318,-0.015999999999991132,0.27900000000000347,0.06300000000000949,0.05000000000000071,0.03999999999999915,0.0600000000000005,1921.0,2499.279999999999,2.8330000000000837
1987-09-01,6.6159999999999854,8.699999999999818,-0.20899999999999608,7340.631000000052,-1806.6722000000009,0.23039999999999594,0.24399999999999977,0.20640000000000214,-0.19299999999999784,0.5272000000000006,85.6871,0.5673999999999992,0.2137000000000029,0.17980000000000018,96.6237,0.4146000000000001,-4.68119999999999,1.0623000000000005,81.53,-33.0,0.701351732,-307.0,-148.0,5.9,-0.20000000000000107,33.0,-124.0,-12.0,44.0,-56.0,309750,227.0,60.0,5.100000000000023,-6.0,61.0,34.0,27.0,167.0,63.0,11.300000000000182,30.399999999999636,8.0,-37.0,40.1,3.6,40.8,1695,-1.0,20.0,706,416,1514.0,-11.0,32.0,577.0,405.0,1935.6120000000083,1082.5578000000096,2289.309899999993,-0.010331124999999997,0.8000000000000682,2.100000000000364,1.2999999999997272,1.700000000000017,1.5,1.0999999999999943,7.189300000000003,6.92859999999996,1396.320000000007,-0.2048588000000109,-10.699999999999989,0.10243470599999993,20.97208388,0.4899999999999993,0.6600000000000001,0.3600000000000003,0.4899999999999993,0.6399999999999997,0.6199999999999992,0.6600000000000001,0.5099999999999998,0.5099999999999998,0.15,-0.82,-0.58,0.45,1.72,2.2,2.96,4.09,-0.033500000000000085,-4.043300000000016,0.04500000000000015,-0.010199999999999987,0.29999999999999716,0.29999999999999716,0.19999999999998863,-0.5,-0.7480000000000011,4.5,0.4000000000000057,-0.10000000000000853,0.30000000000001137,0.10000000000002274,0.29999999999999716,-0.30000000000001137,0.5,0.4000000000000057,0.29999999999999716,0.29999999999999716,0.17899999999999494,0.11100000000001842,0.10799999999999699,0.005999999999993122,0.02999999999999936,-0.009999999999999787,-0.010000000000001563,2305.0,2759.1300000000047,3.0108999999999924
1987-10-01,49.60400000000027,48.100000000000364,-0.027000000000001023,-776.2399999999907,-461.5207999999984,0.7920000000000016,0.9446999999999974,1.051400000000001,1.3060999999999865,1.7857999999999947,86.6632,0.7402000000000015,0.6398999999999972,0.801599999999997,96.764,0.8444000000000003,2.230800000000002,0.3961000000000041,82.5556,62.0,0.697799917,498.0,373.0,6.0,-0.1999999999999993,17.0,131.0,-72.0,-39.0,-33.0,300000,491.0,89.0,6.199999999999932,46.0,38.0,28.0,10.0,402.0,90.0,14.199999999999818,66.20000000000073,15.0,134.0,40.5,3.8,41.1,1515,1.0,-62.0,612,391,1447.0,-4.0,-5.0,554.0,370.0,2335.337599999999,2950.088999999978,8553.251400000066,0.010331124999999997,5.899999999999977,4.0,7.0,1.8000000000000114,1.3000000000000043,1.3000000000000043,1.7524000000000797,7.635700000000043,3359.8699999999953,-0.42785920000000033,-38.5,0.3912049460000002,18.35405882,0.07000000000000028,0.5199999999999996,-0.27000000000000046,0.05000000000000071,-0.08000000000000007,0.14000000000000057,0.09999999999999964,0.33999999999999986,0.3099999999999987,0.6,-1.16,-0.6,0.3,1.79,2.23,3.23,4.33,-0.008899999999999908,0.028999999999996362,0.01739999999999986,-0.005699999999999816,-0.20000000000000284,-0.09999999999999432,0.5,-0.20000000000000284,0.3219999999999992,7.0,0.29999999999999716,0.10000000000000853,0.09999999999999432,-0.20000000000001705,0.20000000000000284,0.09999999999999432,0.3999999999999915,0.3999999999999915,0.20000000000000284,0.4000000000000057,0.16900000000000404,-0.15800000000001546,0.12400000000000233,-0.007999999999995566,0.009999999999999787,0.02999999999999936,-0.05999999999999872,423.0,628.4400000000023,-0.6376999999999953
1987-11-01,36.873999999999796,39.29999999999927,0.0519999999999996,-1863.6959999999963,510.26559999998426,0.29480000000000217,0.08620000000000516,0.12189999999999657,0.017900000000011573,-0.09140000000000015,86.7428,0.24159999999999826,0.4765000000000015,0.34090000000000487,97.691,0.32339999999999947,-1.7168000000000063,0.7239999999999895,82.8781,63.0,0.725799574,31.0,223.0,5.8,0.0,-69.0,-79.0,3.0,33.0,-30.0,306750,234.0,56.0,-2.7999999999999545,10.0,46.0,24.0,22.0,178.0,42.0,10.600000000000364,23.599999999998545,-1.0,30.0,40.4,3.8,41.0,1656,-1.0,85.0,639,421,1457.0,26.0,-12.0,542.0,378.0,227.60839999999735,2415.963700000022,4900.097299999907,0.01033112600000008,-11.600000000000023,-11.200000000000273,-5.0,4.2999999999999545,0.10000000000000142,0.5,-0.6270000000000664,6.919700000000034,3580.9599999999627,0.007009500000009439,-35.19999999999999,0.46701627099999987,15.94630531,-0.5999999999999996,-0.7199999999999998,-0.4399999999999995,-0.5,-0.6299999999999999,-0.7300000000000004,-0.6600000000000001,-0.5099999999999998,-0.3899999999999988,0.48,-1.0,-0.5,0.27,1.66,2.17,3.32,4.54,-0.11149999999999993,-7.9225999999999885,0.11340000000000017,0.006999999999999895,0.0,-0.10000000000000853,0.4000000000000057,-0.7000000000000028,-0.9279999999999973,3.999999999999986,0.4000000000000057,0.0,0.29999999999999716,0.09999999999999432,0.29999999999999716,0.20000000000000284,0.4000000000000057,0.4000000000000057,0.3999999999999915,0.29999999999999716,0.10099999999999909,-0.18700000000001182,0.08899999999999864,-0.06500000000000483,0.05000000000000071,0.11000000000000121,0.03999999999999915,-1171.0,-743.25,1.5685999999999467
1987-12-01,85.8789999999999,83.90000000000055,0.33800000000000097,5683.611999999965,1688.4400000000023,0.3289999999999935,0.36350000000000193,0.3768000000000029,0.18189999999999884,-0.45359999999999445,87.284,0.43780000000000285,0.29180000000000206,0.316599999999994,98.5115,0.39220000000000255,-0.0014999999999929514,0.5841000000000065,83.314,-220.0,0.7044406,189.0,288.0,5.7,0.1999999999999993,6.0,-104.0,-30.0,-4.0,-26.0,318750,289.0,61.0,-0.8999999999999773,28.0,34.0,28.0,6.0,228.0,26.0,15.199999999999818,8.100000000000364,10.0,48.0,40.5,3.9,41.0,1400,-29.0,-64.0,577,320,1345.0,-16.0,-35.0,479.0,380.0,1064.6806999999972,2613.39929999999,6332.133700000006,0.0,0.0,3.400000000000091,2.300000000000182,4.5,0.8999999999999986,0.7999999999999972,2.5797999999999774,7.999599999999987,-1226.2299999999814,-1.9865382000000125,-4.0,0.0800914559999999,15.54359491,0.07999999999999918,0.4400000000000004,0.07999999999999918,0.16999999999999993,0.20999999999999996,0.09999999999999964,0.13000000000000078,0.09999999999999964,0.05999999999999872,0.84,-1.0,-0.41,0.4,1.68,2.22,3.34,4.52,-0.052100000000000035,-7.155599999999993,0.05339999999999989,-0.009199999999999875,-0.20000000000000284,-0.20000000000000284,0.29999999999999716,-0.19999999999998863,-1.679000000000002,6.700000000000017,0.19999999999998863,-1.0,-0.09999999999999432,-0.09999999999999432,0.0,-0.5,0.3999999999999915,0.20000000000000284,0.10000000000000853,0.20000000000000284,0.09899999999999665,-0.32399999999998386,0.026000000000003354,0.04000000000000625,-0.009999999999999787,-0.10000000000000142,-0.00999999999999801,-862.0,38.64999999999418,3.5661999999999807
1988-01-01,-6.351999999999862,-27.900000000000546,0.3819999999999979,-1544.0679999999702,462.55790000001434,-0.01559999999999917,0.17499999999999716,0.289599999999993,0.29110000000000014,-0.3060000000000045,87.9073,0.04540000000000077,-0.18599999999999994,-0.08370000000000033,97.3431,-0.14350000000000307,4.024199999999993,0.0549000000000035,83.0311,-116.0,0.686034805,240.0,223.0,5.7,0.0,-92.0,172.0,-53.0,-22.0,-31.0,335600,92.0,-104.0,-3.7000000000000455,-86.0,-19.0,-28.0,9.0,196.0,7.0,-6.399999999999636,-9.299999999999272,15.0,18.0,40.3,3.9,41.1,1271,29.0,-64.0,437,366,1244.0,1.0,-11.0,422.0,346.0,1802.056700000001,5112.343200000003,2815.364100000006,0.01033112600000008,9.0,13.5,9.699999999999818,-0.5999999999999659,0.5,0.10000000000000142,2.021000000000072,5.86850000000004,2124.20000000007,0.12796960000000013,9.5,-0.12000485399999983,15.91106641,0.0600000000000005,-0.7400000000000002,0.040000000000000036,-0.11000000000000032,-0.17999999999999972,-0.2699999999999996,-0.3200000000000003,-0.22999999999999865,-0.21999999999999886,0.04,-1.02,-0.58,0.16,1.35,1.84,3.05,4.24,0.016199999999999992,-0.556500000000014,-0.027900000000000036,-0.02200000000000002,0.6000000000000085,0.5,0.29999999999999716,-0.7000000000000028,-0.08099999999999952,0.9000000000000057,0.4000000000000057,0.7999999999999972,-0.20000000000000284,0.4000000000000057,0.20000000000000284,1.4210854715202004e-14,0.4000000000000057,0.29999999999999716,0.19999999999998863,0.29999999999999716,0.2080000000000055,0.036000000000001364,0.2010000000000005,0.08899999999999864,0.0600000000000005,0.2400000000000002,-1.7763568394002505e-15,-150.0,734.2699999999895,2.156400000000076
1988-02-01,34.56500000000051,35.0,0.04200000000000159,7627.814999999944,928.2270999999892,0.3032000000000039,0.3555999999999955,0.2802999999999969,0.36249999999999716,-0.057099999999998374,88.4966,0.30219999999999914,0.2507000000000019,0.01290000000000191,97.9271,0.19369999999999976,1.6577000000000055,1.0193000000000012,83.2306,70.0,0.698513494,187.0,211.0,5.7,0.20000000000000107,-29.0,-41.0,24.0,5.0,19.0,318750,461.0,101.0,-0.7999999999999545,68.0,33.0,23.0,10.0,360.0,129.0,23.5,94.79999999999927,6.0,24.0,40.4,3.7,41.1,1473,15.0,48.0,580,362,1438.0,-7.0,35.0,568.0,366.0,1176.6037999999971,4879.617199999979,5426.151500000036,-0.01033112600000008,-4.5,2.0,15.5,-5.600000000000023,-2.6000000000000014,-1.8999999999999986,1.1444999999999936,4.35469999999998,2840.899999999907,-0.07911639999998954,7.600000000000023,-0.08603074600000005,16.13091917,-0.25,-0.29000000000000004,-0.14999999999999947,-0.3200000000000003,-0.35000000000000053,-0.46999999999999975,-0.4599999999999991,-0.4800000000000004,-0.45000000000000107,0.0,-0.92,-0.65,0.06,1.13,1.63,2.82,4.04,0.04499999999999993,1.4812000000000154,-0.04269999999999996,-0.017300000000000093,-0.10000000000000853,-0.19999999999998863,0.30000000000001137,1.0,-0.3949999999999996,-4.900000000000006,0.20000000000000284,-1.6000000000000085,0.0,-0.10000000000002274,0.0,0.39999999999997726,0.5,0.20000000000000284,0.10000000000000853,0.20000000000000284,0.0799999999999983,0.1769999999999925,-0.14800000000000324,-0.0730000000000075,-0.02000000000000135,-0.11999999999999922,-0.009999999999999787,113.0,119.42999999999302,0.2706999999999198
1988-03-01,20.462999999999738,7.900000000000546,0.39000000000000057,10932.23999999999,2383.3139000000083,0.13299999999999557,0.084699999999998,0.10310000000001196,-0.1203000000000003,0.41199999999999903,88.0755,0.4187000000000012,0.17389999999999617,0.10960000000000036,98.236,0.15149999999999864,-1.895300000000006,0.15149999999999864,83.3868,116.0,0.720767888,-243.0,-190.0,5.7,-0.7000000000000011,-15.0,-23.0,6.0,46.0,-40.0,305500,275.0,55.0,-1.0,39.0,21.0,16.0,5.0,220.0,57.0,17.5,31.100000000000364,11.0,58.0,40.4,3.7,40.9,1532,16.0,-6.0,580,411,1525.0,50.0,21.0,551.0,399.0,-808.8562999999995,1499.3662999999942,4072.049100000062,-0.01033112600000008,2.599999999999909,-2.700000000000273,11.100000000000364,2.6999999999999886,0.0,-1.3000000000000043,3.1346999999999525,5.492799999999988,2745.340000000084,-0.11632240000000138,7.599999999999966,-0.08110538999999983,16.30148132,0.0,0.040000000000000036,0.040000000000000036,-0.019999999999999574,0.07000000000000028,0.1200000000000001,0.15999999999999837,-0.009999999999999787,-0.049999999999998934,0.04,-0.88,-0.67,0.13,1.25,1.79,2.81,3.99,-0.00529999999999986,-2.0526000000000124,0.07479999999999998,-0.018999999999999906,0.29999999999999716,0.29999999999999716,0.3999999999999915,-1.1000000000000085,-0.5480000000000018,1.9000000000000057,0.29999999999999716,2.40000000000002,0.0,-0.1999999999999602,0.29999999999999716,0.20000000000001705,0.4000000000000057,0.5,0.3999999999999915,0.29999999999999716,0.18500000000000227,0.5360000000000014,0.10900000000000176,0.020000000000010232,0.030000000000001137,-0.009999999999999787,0.009999999999999787,357.0,778.9800000000105,3.8367000000000644
1988-04-01,20.003999999999905,30.800000000000182,-0.18599999999999994,-3718.9799999999814,-635.7578000000212,0.3628,0.3855999999999966,0.5127999999999986,0.6521000000000043,1.332100000000004,88.3169,0.443799999999996,0.33559999999999945,0.42500000000000426,98.8024,0.5457000000000036,-1.5396999999999963,0.22709999999999297,84.0971,-28.0,0.746553553,338.0,613.0,5.4,-0.3999999999999986,65.0,-157.0,-181.0,-143.0,-38.0,312200,243.0,56.0,-0.6000000000000227,26.0,30.0,30.0,0.0,187.0,55.0,16.799999999999272,31.700000000000728,6.0,5.0,40.4,3.9,41.0,1573,-39.0,80.0,602,389,1429.0,-54.0,-9.0,518.0,399.0,126.03110000000743,1665.3267000000342,3925.9228999998886,0.0,2.200000000000159,-0.29999999999972715,2.199999999999818,5.0,2.0,0.7000000000000028,6.178899999999999,7.470699999999965,3602.019999999902,-0.09010109999999827,-3.099999999999966,0.07530551399999963,15.79476414,0.29000000000000004,0.2400000000000002,0.20999999999999996,0.2999999999999998,0.2999999999999998,0.35999999999999943,0.3500000000000014,0.27999999999999936,0.33000000000000007,-0.01,-0.96,-0.66,0.14,1.32,1.85,2.8,4.03,-0.0040000000000000036,-2.216300000000004,0.04520000000000013,-0.013900000000000023,0.4000000000000057,0.5,0.7000000000000028,1.3000000000000114,1.6580000000000013,8.5,0.7000000000000028,0.39999999999997726,0.5,0.2999999999999545,0.7000000000000028,-0.20000000000000284,0.5,0.5999999999999943,0.7000000000000028,0.7000000000000028,0.2629999999999981,-0.26400000000001,0.42600000000000193,0.01999999999999602,0.05999999999999872,0.11999999999999922,0.030000000000001137,313.0,995.5199999999895,5.308400000000006
1988-05-01,7.610999999999876,8.5,0.29299999999999926,2165.3000000000466,1248.6989000000176,-0.12369999999999948,-0.2271999999999963,-0.16390000000001237,-0.4393000000000029,-0.023300000000006094,87.6557,0.16440000000000055,-0.028700000000000614,0.15529999999999688,97.7242,-0.1647999999999996,0.03459999999999752,-1.2737999999999943,83.837,97.0,0.741259773,-180.0,-358.0,5.6,0.5,-12.0,106.0,84.0,48.0,36.0,313750,230.0,16.0,-1.7000000000000455,1.0,18.0,10.0,8.0,214.0,67.0,16.100000000000364,40.69999999999891,1.0,29.0,40.5,3.9,41.0,1421,-50.0,-52.0,570,371,1444.0,-3.0,0.0,533.0,402.0,1541.5296999999991,1989.6171999999788,4052.565600000089,0.0,-2.7000000000000455,-4.699999999999818,6.699999999999818,0.4000000000000341,-1.3999999999999986,-0.8999999999999986,6.311800000000062,7.191199999999981,2518.960000000079,0.10120979999999236,-6.5,0.12385193400000016,15.03760925,0.21999999999999975,0.33000000000000007,0.34999999999999964,0.34999999999999964,0.39000000000000057,0.39000000000000057,0.3699999999999992,0.23000000000000043,0.1399999999999988,0.1,-0.83,-0.53,0.31,1.49,2.0,2.81,3.95,0.028799999999999937,-0.11050000000000182,-0.008700000000000152,0.0020000000000000018,0.20000000000000284,0.20000000000000284,0.7000000000000028,0.3999999999999915,-0.43700000000000117,5.599999999999994,0.29999999999999716,-1.6999999999999886,0.4000000000000057,2.842170943040401e-14,0.20000000000000284,0.0,0.3999999999999915,0.29999999999999716,0.29999999999999716,0.29999999999999716,0.15800000000000125,-0.031999999999982265,0.1039999999999992,-0.03399999999999892,0.030000000000001137,0.019999999999999574,-0.02000000000000135,221.0,882.75,3.6488999999999123
1988-06-01,27.560999999999694,28.0,0.1490000000000009,6783.082999999984,678.2798999999941,0.17719999999999914,0.10450000000000159,0.1285000000000025,0.011499999999998067,0.2822000000000031,87.5131,0.3263999999999996,0.238900000000001,-0.012399999999999523,98.4743,0.125,-0.08639999999999759,-1.087299999999999,83.9766,-130.0,0.747784907,402.0,635.0,5.4,-0.7000000000000011,6.0,-112.0,-116.0,-75.0,-41.0,308250,364.0,55.0,-2.2999999999999545,33.0,24.0,23.0,1.0,309.0,82.0,20.899999999999636,49.399999999999636,9.0,34.0,40.5,3.9,41.1,1478,44.0,-7.0,576,385,1485.0,-6.0,10.0,564.0,408.0,2925.050299999988,3137.9867000000086,7491.40129999991,-0.010331124999999997,2.9999999999998863,-2.900000000000091,0.0,4.300000000000011,1.3999999999999986,0.7999999999999972,5.150899999999979,6.673900000000003,929.7299999999814,-0.7705342000000002,14.599999999999966,-0.15793950700000003,15.41812297,0.41999999999999993,0.2999999999999998,0.20000000000000018,0.15000000000000036,0.08999999999999986,-0.08999999999999986,-0.16999999999999993,-0.040000000000000924,-0.03999999999999915,-0.02,-1.05,-0.8,-0.02,0.98,1.41,2.35,3.49,0.05180000000000007,2.6784000000000106,-0.0927,-0.01970000000000005,0.29999999999999716,0.29999999999999716,1.2000000000000028,1.2000000000000028,-0.9079999999999977,1.5999999999999943,0.5,0.4000000000000057,0.3999999999999915,-0.19999999999998863,0.5,0.09999999999999432,0.6000000000000085,0.4000000000000057,0.5,0.4000000000000057,0.23199999999999932,0.1799999999999784,0.18099999999999739,0.06199999999999761,0.02999999999999936,0.040000000000000924,-0.009999999999999787,922.0,1591.4700000000012,4.912200000000098
1988-07-01,34.85900000000038,35.399999999999636,0.10999999999999943,-2833.393999999971,402.40460000000894,0.009500000000002728,-0.05360000000000298,-0.14000000000000057,-0.044899999999998386,-1.2989999999999995,88.1755,-0.34659999999999513,0.0660000000000025,0.034300000000001774,98.7029,-0.04509999999999792,1.7241999999999962,0.660499999999999,83.8802,91.0,0.754882665,192.0,133.0,5.4,0.3000000000000007,-103.0,143.0,70.0,79.0,-9.0,321600,224.0,15.0,-2.6000000000000227,9.0,10.0,19.0,-9.0,209.0,65.0,13.0,39.5,8.0,-21.0,40.5,3.8,41.1,1467,6.0,15.0,562,367,1439.0,-6.0,-21.0,552.0,401.0,-561.4967999999935,2902.399399999995,3380.3853000000818,0.010331124999999997,-3.4999999999998863,-3.600000000000364,-3.099999999999909,2.6999999999999886,0.6000000000000014,0.30000000000000426,4.981599999999958,7.045700000000011,1867.7399999999907,-0.7428654999999935,-1.599999999999966,0.0487643470000001,14.79340586,0.2400000000000002,0.33000000000000007,0.27000000000000046,0.28000000000000025,0.2599999999999998,0.16999999999999993,0.14000000000000057,0.10000000000000142,0.10999999999999943,0.07,-1.02,-0.76,0.0,0.91,1.31,2.21,3.36,0.07139999999999991,5.555999999999997,-0.07169999999999987,-0.010099999999999998,0.9000000000000057,0.8999999999999915,0.8999999999999915,-0.29999999999999716,-1.0320000000000018,1.3000000000000114,0.5,0.0,0.5,0.0999999999999659,0.7000000000000028,0.0,0.3999999999999915,0.5,0.6000000000000085,0.5999999999999943,0.26599999999999824,-0.10999999999998522,0.48100000000000165,-0.045000000000001705,0.030000000000001137,0.07000000000000028,-0.00999999999999801,234.0,666.8300000000163,-0.09710000000006858
1988-08-01,20.649999999999636,18.300000000000182,0.20899999999999608,402.53899999998976,818.291899999982,0.3061000000000007,0.3299000000000092,0.32860000000000866,0.5168999999999926,0.3915000000000006,88.745,0.16729999999999734,0.2787000000000006,0.021599999999999397,98.9425,0.09140000000000015,4.4238,0.5566999999999922,83.9632,19.0,0.731404355,460.0,222.0,5.6,0.1999999999999993,174.0,-94.0,38.0,39.0,-1.0,314750,124.0,-40.0,-2.6000000000000227,-2.0,-35.0,-13.0,-22.0,164.0,47.0,11.700000000000728,30.200000000000728,-2.0,50.0,40.3,3.7,40.9,1493,-25.0,-32.0,580,432,1460.0,-13.0,-9.0,556.0,440.0,1160.6147999999957,4242.481800000009,7208.890699999989,0.01033112600000008,-1.2000000000000455,-3.9999999999995453,-6.400000000000091,-1.0,-0.7000000000000028,-0.5,0.5962000000000671,7.433999999999969,3572.9100000000326,0.12056570000000022,-5.400000000000034,0.09989227099999987,14.01771859,0.2599999999999998,0.4399999999999995,0.3299999999999992,0.39999999999999947,0.41999999999999993,0.27999999999999936,0.1999999999999993,0.14999999999999858,0.10000000000000142,0.25,-0.95,-0.62,0.16,0.93,1.25,2.1,3.2,0.04940000000000011,0.7445999999999913,-0.008600000000000163,0.016199999999999992,0.3999999999999915,0.5,0.20000000000000284,0.29999999999999716,0.0259999999999998,2.1999999999999886,0.5,-1.8000000000000114,0.9000000000000057,-0.0999999999999659,0.29999999999999716,0.0,0.6000000000000085,0.29999999999999716,0.3999999999999915,0.4000000000000057,0.1629999999999967,0.034000000000020236,0.04399999999999693,0.0010000000000047748,0.009999999999999787,0.0,0.00999999999999801,455.0,894.9499999999825,-0.47479999999995925
1988-09-01,15.32300000000032,16.399999999999636,-0.1280000000000001,2754.087999999989,-467.7434999999823,-0.198599999999999,-0.13990000000001146,-0.07670000000000243,-0.4976999999999947,1.0701999999999998,87.3774,0.3977000000000004,-0.24690000000000367,0.2745999999999995,98.8366,0.19059999999999633,-5.548299999999998,-1.3198000000000008,84.1706,-217.0,0.725015142,-165.0,74.0,5.4,0.0,-20.0,-93.0,-70.0,-88.0,18.0,304500,339.0,16.0,-5.7999999999999545,2.0,23.0,17.0,6.0,323.0,33.0,13.0,14.200000000000728,4.0,90.0,40.3,3.8,41.0,1492,-14.0,12.0,591,422,1436.0,-26.0,11.0,542.0,445.0,-62.07499999999709,1807.4421999999904,5094.932200000039,0.0,-1.4999999999998863,0.09999999999990905,-6.299999999999727,0.39999999999997726,0.30000000000000426,0.5999999999999943,0.9209999999999354,6.947800000000029,-199.09000000008382,-0.9012522000000018,4.300000000000011,-0.028484482999999727,13.76231473,0.17999999999999972,-0.08999999999999986,0.1800000000000006,0.040000000000000036,-0.08000000000000007,-0.25,-0.27999999999999936,-0.28999999999999915,-0.3100000000000005,-0.02,-0.95,-0.76,-0.1,0.5,0.79,1.63,2.71,-0.007300000000000084,0.5515000000000043,-0.012499999999999956,0.0029999999999998916,0.20000000000000284,0.20000000000000284,0.20000000000000284,0.0,-1.0569999999999986,1.8000000000000114,0.5,3.200000000000003,0.20000000000000284,-2.842170943040401e-14,0.5999999999999943,0.10000000000000853,0.5,0.6000000000000085,0.6000000000000085,0.5999999999999943,0.26900000000000546,0.43499999999997385,0.3060000000000045,0.02599999999999625,0.03999999999999915,0.049999999999998934,0.02999999999999936,-21.0,89.5800000000163,-0.7428999999999633
1988-10-01,43.740999999999985,42.900000000000546,0.375,5426.466999999946,3007.6632999999856,0.2702999999999989,0.42960000000000775,0.4650999999999925,0.6158999999999963,0.6036999999999964,87.9785,0.25200000000000244,0.12259999999999849,0.14110000000000156,99.2539,0.26559999999999917,2.1204000000000036,0.9108000000000089,84.4663,263.0,0.769031669,246.0,282.0,5.4,-0.1999999999999993,-46.0,-16.0,-7.0,38.0,-45.0,291400,263.0,45.0,-3.1000000000000227,-8.0,52.0,34.0,18.0,218.0,19.0,13.0,-5.800000000001091,8.0,36.0,40.6,3.9,41.1,1522,-24.0,7.0,585,475,1516.0,28.0,1.0,568.0,470.0,1309.2186999999976,3413.633700000006,331.219299999997,-0.020662251000000076,-0.8000000000001819,3.5,-1.300000000000182,0.19999999999998863,-0.30000000000000426,0.30000000000000426,3.5493999999999915,7.289800000000014,805.6100000001024,-0.9181870000000032,9.399999999999977,-0.08716869800000016,13.83020334,0.11000000000000121,0.07000000000000028,0.10999999999999943,0.07000000000000028,0.019999999999999574,-0.17999999999999972,-0.17999999999999972,-0.3100000000000005,-0.4900000000000002,-0.06,-0.95,-0.8,-0.19,0.21,0.5,1.21,2.11,-0.039200000000000124,-5.637100000000004,0.05479999999999996,-0.021199999999999886,0.20000000000000284,0.20000000000000284,-0.10000000000000853,-0.4000000000000057,-0.6690000000000005,6.099999999999994,0.4000000000000057,-0.5999999999999943,0.09999999999999432,0.20000000000001705,0.20000000000000284,-0.30000000000001137,0.5999999999999943,0.3999999999999915,0.3999999999999915,0.29999999999999716,0.18099999999999739,-0.39799999999999613,0.10899999999999466,-0.02599999999999625,0.05000000000000071,0.02000000000000135,-0.00999999999999801,-218.0,225.0899999999965,0.9133999999999105
1988-11-01,2.256000000000313,-1.1000000000003638,0.11700000000000443,2719.2420000000857,1215.5108000000182,0.15610000000000213,0.13129999999999598,0.11899999999999977,0.15550000000000352,0.741100000000003,87.7958,0.09719999999999374,0.1753,0.3200000000000003,99.2292,0.22700000000000387,-0.16280000000000427,-0.36180000000000234,84.6922,-152.0,0.749426342,431.0,462.0,5.3,-0.8000000000000007,-9.0,103.0,-94.0,-29.0,-65.0,290500,341.0,43.0,-6.199999999999932,11.0,37.0,26.0,11.0,298.0,34.0,11.0,6.800000000001091,9.0,76.0,40.5,3.9,41.1,1569,19.0,4.0,624,460,1508.0,-19.0,-11.0,575.0,485.0,-1026.1189999999915,1524.164999999979,3565.4783999999054,0.0,2.0000000000001137,6.499999999999545,4.200000000000273,3.8000000000000114,0.5,-0.10000000000000142,1.9944000000000415,5.457700000000045,375.78999999992084,-0.2367796999999996,-6.399999999999977,0.11451352399999992,13.17318312,0.049999999999998934,0.41999999999999993,0.41000000000000014,0.3600000000000003,0.370000000000001,0.27999999999999936,0.16000000000000014,-0.0600000000000005,0.07000000000000028,0.31,-0.59,-0.49,0.13,0.44,0.61,1.1,2.13,-0.06969999999999987,-5.478499999999997,0.0697000000000001,0.01309999999999989,0.3999999999999915,0.4000000000000057,0.20000000000000284,-1.3999999999999915,0.17900000000000027,7.400000000000006,0.3999999999999915,-1.0,0.20000000000000284,-0.30000000000001137,0.29999999999999716,0.10000000000000853,0.4000000000000057,0.4000000000000057,0.30000000000001137,0.4000000000000057,0.12899999999999778,-0.18000000000000682,0.059000000000004604,-0.04000000000000625,0.019999999999999574,0.009999999999999787,-0.010000000000001563,-1238.0,-175.6700000000128,2.0669000000000324
1988-12-01,39.90399999999954,38.0,0.25199999999999534,9217.543999999994,1052.682199999981,0.28020000000000067,0.2944999999999993,0.32040000000000646,0.41339999999999577,0.7060999999999993,88.0278,0.15790000000000504,0.26190000000000424,0.04260000000000019,99.9734,0.29939999999999856,-0.42549999999999955,0.33839999999999293,85.0001,105.0,0.76772016,-15.0,4.0,5.3,0.3000000000000007,-125.0,56.0,22.0,-14.0,36.0,293200,281.0,24.0,-2.400000000000091,4.0,22.0,19.0,3.0,257.0,56.0,18.199999999999818,13.899999999999636,7.0,-10.0,40.3,3.8,40.9,1563,3.0,69.0,597,409,1501.0,2.0,98.0,545.0,408.0,11332.453699999998,9279.47510000004,8524.026100000017,-0.010331125999999857,0.20000000000004547,-6.899999999999636,-1.6000000000003638,4.600000000000023,1.3000000000000043,2.5,3.534999999999968,6.138899999999921,675.6700000000419,-0.857655500000007,5.5,-0.038208229999999954,13.11313833,0.41000000000000014,0.4499999999999993,0.3100000000000005,0.3600000000000003,0.5099999999999998,0.3000000000000007,0.14999999999999858,0.120000000000001,0.16999999999999993,0.35,-0.69,-0.54,0.23,0.33,0.35,0.81,1.89,0.012399999999999967,0.40560000000000684,0.017300000000000093,-0.022399999999999975,0.4000000000000057,0.3999999999999915,0.6000000000000085,2.8999999999999915,2.288999999999998,8.799999999999983,0.4000000000000057,0.29999999999999716,0.20000000000000284,0.09999999999999432,0.20000000000000284,0.20000000000000284,0.5,0.3999999999999915,0.3999999999999915,0.29999999999999716,0.1739999999999995,-0.012999999999976808,0.1980000000000004,0.016000000000005343,0.019999999999999574,0.03999999999999915,-0.019999999999999574,-1613.0,787.8000000000175,2.5195999999999685
1989-01-01,71.38500000000022,46.69999999999982,0.08300000000000551,818.295999999973,1083.7958999999973,0.18260000000000076,0.21829999999999927,0.18070000000000164,0.0438000000000045,1.3937999999999988,87.3002,0.39399999999999835,0.14699999999999847,0.4782999999999973,100.2473,0.48799999999999955,-4.994100000000003,0.3649000000000058,85.5472,-138.0,0.728225082,768.0,604.0,5.4,-0.3000000000000007,174.0,-13.0,-10.0,-3.0,-7.0,289750,263.0,43.0,-0.1999999999999318,12.0,32.0,21.0,11.0,220.0,42.0,23.699999999999818,36.69999999999891,-4.0,38.0,40.4,3.9,41.1,1621,52.0,-55.0,647,420,1466.0,33.0,-67.0,556.0,396.0,-3649.258799999996,4961.643599999952,6828.962700000033,0.0,-2.800000000000068,-4.5,-7.299999999999727,-1.6000000000000227,-0.30000000000000426,-0.29999999999999716,1.71550000000002,13.366399999999999,15975.369999999995,1.8258711000000005,8.899999999999977,-0.08053954900000004,13.18283165,0.35999999999999943,-0.07000000000000028,0.1999999999999993,0.1399999999999988,0.0600000000000005,0.0600000000000005,-0.019999999999999574,0.049999999999998934,0.0,-0.08,-0.85,-0.76,-0.07,0.03,-0.03,0.5,1.53,0.08200000000000007,3.754899999999992,-0.052100000000000035,-0.004899999999999904,1.0999999999999943,1.2000000000000028,1.3999999999999915,3.9000000000000057,1.7170000000000023,1.3000000000000114,0.5,-0.29999999999999716,0.5,0.4000000000000341,0.5999999999999943,-0.30000000000001137,0.5,0.5,0.6000000000000085,0.5,0.28700000000000614,0.5209999999999866,0.36699999999999733,0.05999999999999517,0.030000000000001137,0.08999999999999986,0.02000000000000135,-10294.0,8523.779999999999,-1.2839999999999918
1989-02-01,23.373000000000502,20.300000000000182,-0.09800000000000608,-7838.097000000067,-1996.4660999999905,-0.2761000000000067,-0.1600999999999999,-0.09350000000000591,0.016000000000005343,-0.6349000000000018,87.6874,-0.17280000000000229,-0.3744999999999976,-0.7897999999999996,99.6445,-0.6082000000000036,5.1259000000000015,-0.5172000000000025,84.5811,-10.0,0.763642082,-255.0,68.0,5.2,-0.1999999999999993,48.0,-133.0,-176.0,-79.0,-97.0,303750,266.0,-17.0,-4.7000000000000455,-11.0,-2.0,-9.0,7.0,283.0,93.0,20.300000000000182,41.5,13.0,38.0,40.4,3.9,41.2,1425,-51.0,-27.0,551,398,1383.0,-36.0,-12.0,518.0,399.0,-3703.8097000000125,3078.851400000043,5864.530000000028,0.030993376999999933,-0.900000000000091,-3.0,-7.700000000000273,-6.899999999999977,-2.799999999999997,-2.6000000000000014,10.802699999999959,6.60329999999999,1978.1899999999441,-0.3395737999999966,8.600000000000023,-0.07223350699999997,13.24569907,0.2400000000000002,0.33000000000000007,0.2599999999999998,0.19000000000000128,0.1999999999999993,0.11999999999999922,0.08000000000000007,0.02000000000000135,-0.040000000000000924,0.01,-0.83,-0.81,-0.11,-0.09,-0.19,0.28,1.25,0.0121,0.3748999999999967,-0.020299999999999985,-0.0021999999999999797,0.8000000000000114,1.0,0.5,-0.29999999999999716,-0.15700000000000003,-5.099999999999994,0.3999999999999915,-1.5000000000000142,0.7999999999999972,-2.842170943040401e-14,0.4000000000000057,0.10000000000000853,0.5,0.30000000000001137,0.3999999999999915,0.4000000000000057,0.1869999999999976,-0.5170000000000243,0.24799999999999756,-0.05899999999999039,0.02999999999999936,0.019999999999999574,-1.7763568394002505e-15,-1202.0,-275.70999999999185,-0.7889000000000124
1989-03-01,41.85499999999956,28.5,-0.02999999999999403,-4222.454999999958,843.1828000000096,0.15920000000000556,0.09480000000000643,-0.05649999999999977,0.13989999999999725,-0.9268000000000001,88.4331,-0.19709999999999894,0.21369999999999578,-0.041499999999999204,100.5839,-0.05379999999999541,5.457000000000008,-0.8900000000000006,84.3546,-124.0,0.762610798,92.0,246.0,5.0,-0.09999999999999964,-152.0,-27.0,49.0,14.0,35.0,322000,194.0,-11.0,4.0,-18.0,5.0,-6.0,11.0,205.0,79.0,20.800000000000182,76.90000000000146,5.0,10.0,40.5,4.0,41.1,1422,-52.0,47.0,557,394,1214.0,-20.0,-25.0,441.0,352.0,-190.9277000000002,4430.379499999981,4422.751899999916,0.01033112600000008,1.1000000000001364,7.0,-6.0,3.5,-0.5,-0.8000000000000043,-0.6458000000000084,5.852900000000091,3816.0500000000466,-0.2736615000000029,-1.3000000000000114,0.043420151999999934,12.84858332,0.4900000000000002,0.5800000000000001,0.2900000000000009,0.29999999999999893,0.3200000000000003,0.2400000000000002,0.1899999999999995,0.16000000000000014,0.0600000000000005,0.1,-1.03,-1.0,-0.28,-0.34,-0.49,-0.05,0.82,0.03699999999999992,2.8130000000000024,-0.040000000000000036,0.006299999999999972,0.3999999999999915,0.4000000000000057,0.6000000000000085,1.2000000000000028,1.6189999999999998,-1.6000000000000227,0.6000000000000085,2.3000000000000114,0.7000000000000028,-0.19999999999998863,0.5999999999999943,-0.5,0.5999999999999943,0.5999999999999943,0.6000000000000085,0.5999999999999943,0.21000000000000085,-0.6499999999999773,0.3850000000000051,0.032999999999994145,0.03999999999999915,0.0600000000000005,0.0,357.0,276.179999999993,3.1499000000000024
1989-04-01,-31.79200000000037,-22.0,0.27599999999999625,6431.013000000035,2768.0873999999894,-0.02190000000000225,0.08740000000000236,0.2582000000000022,-0.18540000000000134,0.4439000000000064,87.8928,0.5977000000000032,-0.1191999999999993,0.032099999999999795,100.1406,0.08449999999999847,-3.941500000000005,-0.07339999999999236,84.3002,247.0,0.769789734,338.0,75.0,5.2,0.1999999999999993,68.0,134.0,44.0,-3.0,47.0,311800,170.0,31.0,1.3000000000000682,35.0,-5.0,-2.0,-3.0,139.0,18.0,-7.600000000000364,13.299999999999272,2.0,18.0,40.5,3.9,41.1,1339,48.0,-53.0,528,345,1376.0,24.0,10.0,525.0,396.0,1037.4052999999985,3793.2442000000156,6312.650200000033,-0.01033112600000008,-3.0,-1.199999999999818,-12.799999999999727,2.8000000000000114,1.1000000000000014,0.7000000000000028,2.7059000000000424,9.29099999999994,2476.5999999999767,0.20621260000000063,9.600000000000023,-0.07298210599999999,12.92630938,-0.009999999999999787,-0.1399999999999988,-0.16999999999999993,-0.1999999999999993,-0.21000000000000085,-0.20999999999999908,-0.17999999999999972,-0.010000000000001563,-0.0600000000000005,-0.03,-1.19,-1.19,-0.48,-0.54,-0.66,-0.05,0.77,0.03590000000000004,1.4860999999999933,-0.012599999999999945,-0.006599999999999939,0.7999999999999972,1.0,0.5999999999999943,1.1999999999999886,1.5949999999999989,-1.0999999999999943,0.8999999999999915,-0.5,2.5999999999999943,-0.10000000000002274,1.4000000000000057,0.29999999999999716,0.5,0.9000000000000057,1.0999999999999943,0.9000000000000057,0.37699999999999534,0.835000000000008,0.9859999999999971,-0.030000000000001137,0.010000000000001563,0.07000000000000028,-0.03999999999999915,960.0,988.8999999999942,1.9332000000000562
1989-05-01,-34.72699999999986,-32.80000000000018,-0.054999999999999716,-3172.249000000069,1006.0114999999932,-0.3417999999999992,-0.5490000000000066,-0.6182000000000016,-0.7055000000000007,-1.2546999999999997,87.5283,-0.5374000000000052,-0.14999999999999858,-0.34669999999999845,99.8558,-0.46929999999999694,-0.9547000000000025,-0.846100000000007,83.4798,-216.0,0.747137255,-91.0,2.0,5.2,-0.5,-58.0,3.0,-49.0,34.0,-83.0,324500,122.0,-11.0,-0.3000000000000682,4.0,-15.0,-20.0,5.0,133.0,45.0,-0.6000000000003638,36.100000000000364,5.0,36.0,40.3,3.7,41.0,1331,-39.0,-3.0,535,372,1381.0,-27.0,-3.0,536.0,420.0,-5982.715499999991,-1153.1386000000057,6741.287000000011,0.01033112600000008,-0.40000000000009095,-0.7000000000002728,-7.300000000000182,-1.0,-2.3000000000000043,-1.8999999999999986,5.175200000000018,6.02049999999997,2548.8699999999953,0.6410294000000079,11.599999999999966,-0.08934427199999995,13.13926023,-0.02999999999999936,-0.33999999999999986,-0.22000000000000064,-0.2400000000000002,-0.379999999999999,-0.39000000000000057,-0.3200000000000003,-0.21999999999999886,-0.14999999999999858,-0.34,-1.38,-1.4,-0.83,-0.9,-0.95,-0.24,0.65,0.08210000000000006,5.8271000000000015,-0.07010000000000005,0.0036999999999998145,0.9000000000000057,1.0,0.09999999999999432,0.4000000000000057,-1.0079999999999991,-8.099999999999994,0.6000000000000085,-0.19999999999998863,0.7999999999999972,0.10000000000002274,0.5999999999999943,0.0,0.5999999999999943,0.5999999999999943,0.5999999999999943,0.5999999999999943,0.2080000000000055,-0.2839999999999918,0.38300000000000267,-0.012000000000000455,0.019999999999999574,-0.009999999999999787,0.030000000000001137,1268.0,1703.820000000007,2.365199999999959
1989-06-01,22.41899999999987,17.300000000000182,0.09199999999999875,-2184.524999999907,45.633499999996275,-0.0014000000000038426,0.2528000000000077,0.2627999999999986,0.020799999999994156,-0.7133000000000038,87.9705,0.5371000000000024,-0.228900000000003,-0.0981000000000023,99.9322,0.08729999999999905,-0.5478999999999985,0.7800000000000011,83.4007,-194.0,0.694693629,521.0,319.0,5.3,-0.9000000000000004,251.0,33.0,-48.0,-27.0,-21.0,333000,114.0,-37.0,-9.699999999999932,-1.0,-27.0,-28.0,1.0,151.0,26.0,-5.099999999999454,26.0,6.0,36.0,40.3,3.7,40.9,1397,-1.0,-14.0,526,462,1322.0,1.0,-9.0,507.0,398.0,2951.3852000000043,3106.511599999969,6166.524100000039,0.020662251999999937,2.7000000000000455,10.700000000000273,5.300000000000182,3.099999999999966,0.7000000000000028,1.0,-0.04320000000006985,7.64020000000005,1423.4400000000605,-0.31180690000000766,9.800000000000011,-0.06534945599999986,13.35906371,-0.28000000000000114,-0.3600000000000012,-0.27999999999999936,-0.4800000000000004,-0.5400000000000009,-0.620000000000001,-0.5800000000000001,-0.47000000000000064,-0.4300000000000015,-0.42,-1.38,-1.6,-1.09,-1.24,-1.25,-0.43,0.5,-0.020100000000000007,6.1173,-0.0777000000000001,0.006100000000000216,0.0,-0.20000000000000284,-0.09999999999999432,-1.2999999999999972,-0.027000000000001023,-7.300000000000011,0.3999999999999915,-0.5000000000000142,-0.09999999999999432,0.19999999999998863,0.10000000000000853,0.19999999999998863,0.5,0.29999999999999716,0.30000000000001137,0.29999999999999716,0.125,0.0999999999999659,0.016999999999995907,0.0009999999999976694,0.019999999999999574,0.019999999999999574,0.00999999999999801,1134.0,1425.0,0.9928999999999633
1989-07-01,26.543000000000575,24.600000000000364,0.1390000000000029,-7243.300000000047,759.1758000000264,-0.5960999999999999,-1.0069000000000017,-1.157199999999989,-1.7605999999999966,-2.0095000000000027,86.4161,-0.5420999999999978,-0.21719999999999828,-0.21180000000000376,99.1195,-0.7345000000000041,-1.1898999999999944,0.4217000000000013,82.203,85.0,0.716551193,-28.0,54.0,5.2,0.7000000000000011,-130.0,-59.0,135.0,127.0,8.0,341600,42.0,-25.0,-10.200000000000045,19.0,-33.0,-38.0,5.0,67.0,17.0,-0.4000000000005457,4.600000000000364,7.0,-7.0,40.4,3.8,40.9,1427,23.0,50.0,524,421,1283.0,-11.0,-7.0,483.0,401.0,-2177.328400000013,3895.3003000000026,4413.010099999956,0.020662251000000076,5.7999999999999545,8.199999999999818,11.799999999999727,2.0,0.6999999999999957,1.5,6.761500000000069,8.530499999999961,1188.0999999999767,-0.45391219999999066,8.199999999999989,-0.041464479000000054,13.55120548,-0.28999999999999915,-0.4299999999999997,-0.27000000000000046,-0.3199999999999994,-0.5499999999999998,-0.4599999999999991,-0.2599999999999998,-0.16999999999999993,-0.16000000000000014,-0.56,-1.36,-1.63,-1.35,-1.41,-1.22,-0.31,0.63,-0.08079999999999998,-3.5568999999999846,0.07380000000000009,-0.009500000000000064,-0.20000000000000284,-0.29999999999999716,-0.29999999999999716,0.29999999999999716,-0.36100000000000065,-8.5,0.4000000000000057,-0.20000000000000284,-0.29999999999999716,-0.09999999999999432,0.09999999999999432,-0.29999999999998295,0.700000000000017,0.4000000000000057,0.19999999999998863,0.4000000000000057,0.13700000000000045,0.0700000000000216,0.04200000000000159,0.003000000000007219,0.0600000000000005,0.08000000000000007,0.0,77.0,864.1199999999953,-0.1432999999999538
1989-08-01,17.58100000000013,11.599999999999454,0.4510000000000005,17742.96100000001,2387.4623999999894,0.5951000000000022,0.8589999999999947,1.032199999999989,1.3563000000000045,2.1981000000000037,87.2413,0.5733999999999995,0.34770000000000323,0.15750000000000597,99.2329,0.569500000000005,0.5060000000000002,-0.8127999999999957,82.756,-36.0,0.70926125,199.0,183.0,5.2,-0.40000000000000036,-83.0,77.0,-133.0,-72.0,-61.0,334500,51.0,21.0,24.100000000000023,13.0,-16.0,-6.0,-10.0,30.0,51.0,7.600000000000364,26.899999999999636,4.0,84.0,40.4,3.7,40.9,1332,-50.0,-49.0,568,381,1334.0,14.0,27.0,514.0,380.0,-1304.5159999999887,-2870.924100000004,1782.739200000069,-0.020662251000000076,-2.699999999999932,-2.5,17.700000000000273,-1.8000000000000114,-0.6999999999999957,-0.7000000000000028,4.229199999999992,10.018800000000056,282.64000000001397,-0.2237861000000123,14.700000000000045,-0.09759164399999998,14.05264792,-0.25,-0.10999999999999943,0.020000000000000462,0.1299999999999999,0.29000000000000004,0.2599999999999998,0.08999999999999986,0.030000000000001137,0.010000000000001563,-0.42,-1.09,-1.25,-0.81,-0.9,-0.88,-0.03,0.89,0.032399999999999984,1.0611999999999853,-0.03210000000000002,-0.01330000000000009,-0.3999999999999915,-0.7000000000000028,-0.4000000000000057,-2.299999999999997,-1.1219999999999999,-0.5999999999999943,0.0,-0.7999999999999972,-0.9000000000000057,0.0,-0.29999999999999716,0.0,0.5,0.09999999999999432,0.0,0.0,0.006999999999997897,-0.271000000000015,-0.3680000000000021,-0.02200000000000557,0.019999999999999574,-0.009999999999999787,1.7763568394002505e-15,631.0,474.35999999998603,-0.15880000000004202
1989-09-01,22.354999999999563,17.300000000000182,-0.08899999999999864,-5021.525000000023,-151.42029999999795,-0.20530000000000115,-0.1717000000000013,-0.27299999999999613,-0.28230000000000643,-0.05109999999999815,86.8365,-0.1600999999999999,-0.23160000000000025,-0.06880000000000308,98.7924,-0.14570000000000505,1.2756999999999863,0.4706999999999937,82.3396,-29.0,0.696358118,-222.0,-301.0,5.3,0.09999999999999964,124.0,-57.0,58.0,19.0,39.0,336000,249.0,-48.0,1.3999999999999773,-7.0,-42.0,-38.0,-4.0,297.0,-24.0,-13.399999999999636,-13.600000000000364,6.0,38.0,40.3,3.7,40.8,1279,21.0,8.0,494,373,1314.0,-8.0,-13.0,504.0,391.0,2914.7044000000024,1044.4059000000125,-954.6909000000451,0.0,0.0,-3.900000000000091,8.599999999999909,0.10000000000002274,0.5,0.5,1.9295999999999367,8.695500000000038,1631.2099999999627,-0.2690558999999979,0.6999999999999886,0.02936932999999975,13.99953536,0.02999999999999936,0.129999999999999,-0.15000000000000036,0.0,0.040000000000000924,0.08000000000000007,0.08000000000000007,0.049999999999998934,0.02999999999999936,-0.32,-1.27,-1.28,-0.8,-0.85,-0.83,-0.01,0.89,0.026100000000000012,3.5848000000000013,-0.02320000000000011,0.007000000000000117,0.5999999999999943,0.7999999999999972,0.29999999999999716,1.2999999999999972,1.0720000000000027,3.0,0.29999999999999716,2.8000000000000114,-0.5999999999999943,0.20000000000001705,0.20000000000000284,0.09999999999999432,0.29999999999998295,0.20000000000000284,0.30000000000001137,0.20000000000000284,0.1280000000000001,0.1710000000000207,0.036000000000001364,0.018000000000000682,0.019999999999999574,0.02999999999999936,-0.010000000000001563,275.0,895.7300000000105,-0.6828999999999041
1989-10-01,38.89300000000003,35.30000000000018,-0.03200000000000358,-6870.800999999978,-1711.2568000000028,-0.07799999999999585,-0.26949999999999363,-0.38689999999999714,0.17159999999999798,-1.0698000000000008,87.6997,-0.5741000000000014,0.09469999999999601,-0.12420000000000186,99.2417,-0.14969999999999573,-0.42249999999999943,-0.7853999999999957,81.9143,117.0,0.709803922,267.0,227.0,5.3,0.40000000000000036,4.0,11.0,32.0,-15.0,47.0,363250,107.0,-3.0,0.10000000000002274,24.0,-27.0,-28.0,1.0,110.0,-20.0,-1.4000000000005457,-33.20000000000073,-1.0,6.0,40.4,3.7,40.8,1410,4.0,33.0,554,407,1365.0,-4.0,29.0,500.0,421.0,-4104.47570000001,-250.84820000000764,3010.1990000000224,0.020662251000000076,4.0,3.5,5.300000000000182,0.19999999999998863,0.29999999999999716,0.3999999999999986,2.144800000000032,6.160699999999906,1974.6800000000512,-0.6541905999999926,0.0999999999999659,0.0355865660000001,13.93791622,-0.17999999999999972,-0.16999999999999993,-0.11000000000000032,-0.1200000000000001,-0.23000000000000043,-0.20000000000000018,-0.17999999999999972,-0.08999999999999986,-0.09999999999999964,-0.31,-1.2,-1.22,-0.85,-0.87,-0.83,0.08,0.97,-0.056400000000000006,-2.863299999999981,0.015900000000000025,-0.007900000000000018,0.5999999999999943,0.5999999999999943,0.10000000000000853,0.20000000000000284,0.4969999999999999,2.4000000000000057,0.6000000000000085,-0.700000000000017,0.5999999999999943,-0.20000000000001705,0.5999999999999943,0.3999999999999915,0.5999999999999943,0.7000000000000028,0.5,0.5999999999999943,0.22500000000000142,0.1740000000000066,0.34199999999999875,0.019000000000005457,0.030000000000001137,0.0600000000000005,0.0,-3456.0,919.9700000000012,8.06149999999991
1989-11-01,8.240999999999985,2.300000000000182,0.02300000000000324,6303.641999999993,1338.9287999999942,0.20669999999999789,0.2663999999999902,0.2569000000000017,0.3278000000000105,0.41259999999999764,87.9684,0.27600000000000335,0.14920000000000044,-0.028799999999996828,99.163,0.13569999999999993,0.3832000000000022,0.31980000000000075,81.8681,-177.0,0.673457249,426.0,331.0,5.4,-0.20000000000000107,29.0,43.0,26.0,17.0,9.0,336750,276.0,12.0,2.7999999999999545,17.0,-9.0,-15.0,6.0,264.0,16.0,1.800000000000182,-1.5,8.0,24.0,40.3,3.6,40.7,1351,9.0,31.0,507,355,1344.0,2.0,-8.0,489.0,417.0,7439.597399999999,5416.603999999992,3847.9888999999966,-0.010331124999999997,-4.300000000000068,-2.399999999999636,5.399999999999636,3.6000000000000227,0.5,0.8000000000000043,0.320699999999988,7.502000000000066,2052.159999999916,0.0398368999999974,-7.199999999999989,0.10298818399999998,13.64769672,-0.28999999999999915,-0.17999999999999972,0.05000000000000071,-0.1299999999999999,-0.22000000000000064,-0.16000000000000014,-0.13999999999999968,-0.02999999999999936,0.0,-0.2,-0.86,-1.06,-0.78,-0.74,-0.68,0.34,1.26,-0.011300000000000088,1.3275999999999897,-0.014799999999999924,-0.0052000000000000934,0.20000000000000284,0.10000000000000853,-0.20000000000000284,0.7999999999999972,-0.2710000000000008,-6.099999999999994,0.5,-0.4999999999999858,-0.09999999999999432,0.29999999999998295,0.29999999999999716,1.4210854715202004e-14,0.6000000000000227,0.29999999999999716,0.3999999999999915,0.4000000000000057,0.12599999999999767,0.06599999999997408,0.0,-0.02700000000000813,0.03999999999999915,0.07000000000000028,-0.009999999999999787,-984.0,-5.260000000009313,3.926400000000058
1989-12-01,6.757000000000517,10.799999999999272,0.3919999999999959,2350.3469999999506,399.2932000000146,0.35069999999999624,0.8102000000000089,1.077299999999994,1.2759999999999962,0.6234000000000037,89.5649,0.5741999999999976,-0.06689999999999685,-0.14300000000000068,98.1255,0.02230000000000132,8.989900000000006,-1.6939000000000064,81.6703,145.0,0.701064947,-140.0,-82.0,5.4,-0.09999999999999964,28.0,-48.0,-43.0,-23.0,-20.0,355200,84.0,-60.0,0.20000000000004547,-55.0,-5.0,-9.0,4.0,144.0,-48.0,-1.8999999999996362,-71.09999999999854,1.0,18.0,40.0,3.5,40.5,1251,-52.0,-53.0,437,430,1422.0,0.0,-36.0,526.0,494.0,2681.452799999999,7881.211100000015,-1441.778099999996,-0.01033112600000008,3.7000000000000455,-4.547473508864641e-13,7.300000000000182,6.5,1.8000000000000043,1.8999999999999986,-2.1102999999999383,7.179199999999923,710.390000000014,-0.30896389999999485,8.400000000000034,-0.04102441499999987,14.02548849,-0.10000000000000142,-0.0600000000000005,-0.0600000000000005,-0.07000000000000028,-0.04999999999999982,-0.05999999999999961,-0.03000000000000025,-0.030000000000001137,0.009999999999999787,-0.16,-0.82,-1.03,-0.73,-0.7,-0.61,0.41,1.37,-0.05030000000000001,0.1507000000000005,0.023900000000000032,-0.008399999999999963,0.7000000000000028,0.8999999999999915,0.20000000000000284,1.5999999999999943,1.2680000000000007,-9.300000000000011,0.3999999999999915,-0.6000000000000085,0.29999999999999716,-0.4999999999999716,0.30000000000001137,-1.4210854715202004e-14,0.5999999999999943,0.5,0.4000000000000057,0.3999999999999915,0.16799999999999926,-0.671999999999997,0.13000000000000256,0.06300000000000239,0.040000000000000924,0.08999999999999986,0.040000000000000924,-2978.0,875.0299999999988,3.792799999999943
1990-01-01,20.93499999999949,-1.0,0.23799999999999955,-5573.0629999999655,4851.672099999996,-0.323599999999999,-0.5700999999999965,-1.0635999999999939,-1.6984999999999957,-3.2808000000000064,88.7844,-0.3710000000000022,-0.09710000000000463,-0.05010000000000048,99.7045,-0.03130000000000166,-7.998500000000007,2.575499999999998,81.4034,-59.0,0.683501185,1336.0,1251.0,5.4,0.20000000000000107,-86.0,104.0,37.0,26.0,11.0,361000,360.0,32.0,3.3999999999999773,113.0,-84.0,-109.0,25.0,328.0,189.0,10.599999999999454,181.0,0.0,76.0,40.4,3.9,40.5,1551,30.0,75.0,575,487,1748.0,24.0,229.0,656.0,437.0,-9453.273399999991,3125.5875000000233,1685.3216999999713,0.0,-2.5,-4.899999999999636,-12.199999999999818,-1.1999999999999886,0.19999999999999574,0.0,-1.7846000000000686,5.865700000000061,685.0800000000745,-1.095420400000009,-8.629999999999995,0.1069375680000002,13.62934698,-0.21999999999999886,-0.1899999999999995,0.009999999999999787,0.1299999999999999,0.20000000000000018,0.3699999999999992,0.370000000000001,0.13000000000000078,0.11999999999999922,-0.13,-0.59,-0.68,-0.31,-0.11,-0.02,0.76,1.71,-0.05109999999999992,1.2968999999999937,0.05469999999999997,0.010699999999999932,2.200000000000003,2.8000000000000114,1.5,1.6000000000000085,1.5529999999999973,-1.299999999999983,1.2000000000000028,0.30000000000001137,2.299999999999997,0.29999999999998295,1.7999999999999972,-0.19999999999998863,0.5,1.0,1.3999999999999915,1.2000000000000028,0.4399999999999977,0.7690000000000055,1.1570000000000036,-0.023999999999993804,0.05999999999999872,0.07000000000000028,-0.02000000000000135,-777.0,-523.859999999986,8.897199999999998
1990-02-01,25.37500000000091,25.600000000000364,-0.24199999999999733,10517.685000000056,-1236.2533000000112,0.559899999999999,0.6367999999999938,0.8495999999999952,0.9739000000000004,3.4657000000000053,88.3708,0.7092000000000027,0.4802000000000035,0.3241000000000014,100.5688,0.8297999999999988,-6.845699999999994,1.009600000000006,82.2789,-199.0,0.663960307,-123.0,-22.0,5.3,-0.20000000000000107,34.0,-25.0,-62.0,-40.0,-22.0,358250,240.0,88.0,0.10000000000002274,-6.0,96.0,113.0,-17.0,152.0,-20.0,-9.899999999999636,-25.100000000000364,14.0,26.0,40.1,3.9,40.6,1437,60.0,-61.0,559,390,1329.0,-10.0,-181.0,455.0,410.0,2997.471099999995,-462.5908000000054,652.6968999999808,-0.020662251999999937,0.20000000000004547,-1.9000000000005457,0.0,-5.400000000000034,-2.299999999999997,-3.3999999999999986,0.7596000000000913,8.969699999999989,-1798.8000000000466,-1.2851445999999953,-9.520000000000039,0.12163641199999997,13.31579726,0.009999999999999787,0.040000000000000924,0.10000000000000053,0.15000000000000036,0.1899999999999995,0.3000000000000007,0.2599999999999998,0.23000000000000043,0.20000000000000107,-0.1,-0.5,-0.54,-0.13,0.18,0.23,0.98,1.9,-0.02960000000000007,0.7112999999999943,0.04489999999999994,0.024499999999999966,-0.10000000000000853,-0.20000000000000284,-0.9000000000000057,0.09999999999999432,-0.5329999999999977,-5.700000000000017,0.5,1.9999999999999858,0.20000000000000284,0.0,0.5,-0.09999999999999432,0.5999999999999943,0.4000000000000057,0.6000000000000085,0.5,0.25800000000000267,0.24399999999999977,0.4259999999999948,-0.025000000000005684,0.08000000000000007,0.02999999999999936,0.09000000000000163,-1701.0,-486.39000000001397,9.451900000000023
1990-03-01,7.93999999999869,6.300000000000182,0.16100000000000136,4186.405999999959,606.7183000000077,0.29650000000000176,0.5250000000000057,0.5940000000000083,0.5036999999999949,1.1070999999999955,88.534,0.7032999999999987,0.08659999999999712,0.41270000000000095,99.8539,0.30469999999999686,3.7976000000000028,-3.2376000000000005,82.461,-18.0,0.666565626,91.0,144.0,5.2,0.09999999999999964,-17.0,35.0,-19.0,-32.0,13.0,345200,204.0,-48.0,-0.6000000000000227,-24.0,-25.0,-22.0,-3.0,252.0,1.0,-6.5,-1.5,2.0,117.0,40.2,4.0,40.6,1289,-76.0,-6.0,510,373,1246.0,-33.0,-31.0,459.0,387.0,7224.215899999996,5991.742499999993,1743.7722000000067,-0.01033112600000008,0.6999999999999318,-1.4999999999995453,-3.200000000000273,4.699999999999989,0.0,-0.6000000000000014,1.7609999999999673,6.912299999999959,-1109.9000000000233,-0.8004614000000032,8.009999999999991,-0.053835469000000025,13.73843267,0.03999999999999915,0.1399999999999988,0.16000000000000014,0.14999999999999947,0.2400000000000002,0.17999999999999972,0.11999999999999922,0.14999999999999858,0.07000000000000028,0.0,-0.38,-0.43,0.07,0.32,0.31,1.09,1.93,0.02540000000000009,7.615000000000009,-0.07159999999999989,-0.01649999999999996,-0.09999999999999432,-0.4000000000000057,0.10000000000000853,-1.7000000000000028,-1.6900000000000013,4.800000000000011,0.5999999999999943,-0.29999999999999716,0.09999999999999432,0.10000000000002274,0.20000000000000284,-0.20000000000001705,0.8000000000000114,0.6999999999999886,0.3999999999999915,0.5,0.2220000000000013,-0.8289999999999793,0.11599999999999966,0.11400000000000432,0.05000000000000071,0.019999999999999574,-0.060000000000002274,-642.0,-221.5899999999965,2.5569000000000415
1990-04-01,52.31000000000131,45.899999999999636,0.09100000000000108,-8327.150999999954,-1162.617499999993,-0.14049999999999585,-0.33490000000000464,-0.35820000000001073,-0.33320000000000505,-1.3887999999999963,88.7769,-0.24849999999999994,0.03590000000000515,-0.04810000000000514,100.1021,-0.24859999999999616,1.5762,0.12299999999999756,81.9214,-71.0,0.636604384,-152.0,-351.0,5.4,0.10000000000000142,63.0,70.0,45.0,33.0,12.0,361750,34.0,-55.0,3.7000000000000455,-37.0,-23.0,-21.0,-2.0,89.0,2.0,2.0999999999994543,1.0,10.0,83.0,40.0,3.6,40.4,1248,-12.0,22.0,475,357,1136.0,-31.0,-9.0,428.0,348.0,-6714.448299999989,1998.20140000002,3078.3911999999546,0.030993378000000016,1.2000000000000455,0.599999999999909,3.200000000000273,5.0,1.8999999999999986,2.3999999999999986,2.6788999999999987,7.032400000000052,-2181.3399999999674,-1.456577799999991,-0.2799999999999727,0.03727741699999987,13.92221591,-0.019999999999999574,0.02000000000000135,-0.13000000000000078,-0.009999999999999787,0.05000000000000071,0.16999999999999993,0.1999999999999993,0.09000000000000163,0.08999999999999986,0.04,-0.49,-0.42,0.14,0.51,0.53,1.2,2.04,-0.026700000000000168,5.1503999999999905,0.012699999999999934,-0.015900000000000025,-0.09999999999999432,-0.20000000000000284,0.19999999999998863,-2.3999999999999915,-1.8359999999999985,6.699999999999989,0.30000000000001137,-1.5,0.4000000000000057,0.0999999999999659,0.09999999999999432,1.4210854715202004e-14,0.5999999999999943,0.4000000000000057,0.30000000000001137,0.29999999999999716,0.12399999999999523,0.08199999999996521,0.0030000000000001137,-0.10200000000000387,-0.019999999999999574,-0.009999999999999787,-0.0799999999999983,-202.0,289.320000000007,4.219200000000001
1990-05-01,-8.897000000000844,-9.800000000000182,-0.034000000000006025,5803.771999999997,-318.3974000000162,0.18419999999999703,0.22419999999999618,0.22679999999999723,-0.0653999999999968,0.5084000000000017,88.4086,0.6007999999999996,0.1448999999999998,0.2394000000000034,99.8207,0.1899000000000015,0.5932999999999993,-1.7002999999999986,81.9677,-100.0,0.626965292,244.0,299.0,5.4,-0.10000000000000142,-152.0,98.0,39.0,44.0,-5.0,355250,154.0,-79.0,4.2999999999999545,-34.0,-49.0,-30.0,-19.0,233.0,-8.0,-5.799999999999272,-12.700000000000728,5.0,222.0,40.1,3.9,40.6,1212,1.0,-29.0,489,335,1067.0,7.0,-22.0,410.0,312.0,3893.796900000001,2334.8910000000033,5426.151500000036,-0.01033112600000008,-6.5,-12.5,-4.600000000000364,-0.0999999999999659,-2.299999999999997,-2.0,-1.2011999999999716,9.077099999999973,-2502.5400000000373,-0.6500212000000118,12.069999999999993,-0.08325134999999984,14.62106,-0.08000000000000007,-0.05000000000000071,-0.02999999999999936,-0.08000000000000007,-0.08000000000000007,-0.02999999999999936,-0.02999999999999936,0.009999999999999787,0.10999999999999943,0.07,-0.44,-0.42,0.14,0.56,0.58,1.29,2.23,-0.06679999999999997,-4.414500000000004,0.040200000000000014,0.010600000000000165,0.09999999999999432,0.20000000000000284,0.0,0.3999999999999915,-0.3450000000000024,-1.1999999999999886,0.19999999999998863,-0.3999999999999915,-0.20000000000000284,-0.0999999999999659,0.0,0.09999999999999432,0.5,0.19999999999998863,0.19999999999998863,0.20000000000000284,0.13300000000000267,0.1220000000000141,0.014000000000002899,0.0,0.03999999999999915,0.030000000000001137,0.08000000000000007,-342.0,694.320000000007,4.143100000000004
1990-06-01,13.69000000000051,8.800000000000182,0.15200000000000102,1861.292999999947,1394.9335000000137,0.2126000000000019,0.35779999999999745,0.45710000000001116,0.8726999999999947,0.8507999999999996,89.2733,0.04250000000000398,0.07869999999999777,0.16109999999999758,99.3974,0.19769999999999754,1.1470999999999947,1.985599999999998,82.0333,-54.0,0.63323217,-320.0,-168.0,5.2,-0.09999999999999964,34.0,-151.0,21.0,25.0,-4.0,362400,22.0,-38.0,1.7999999999999545,-18.0,-21.0,-17.0,-4.0,60.0,-7.0,6.799999999999272,-12.5,10.0,-43.0,40.2,4.0,40.7,1177,-20.0,-25.0,538,296,1108.0,-4.0,8.0,421.0,338.0,-2390.8289000000077,-289.0,-1207.9762999999803,-0.010331125999999857,6.499999999999886,14.099999999999909,-5.199999999999818,4.399999999999977,1.0,1.3999999999999986,1.7805999999999358,7.776399999999967,753.0800000000745,-0.5611279999999965,10.139999999999986,-0.060428063000000254,15.21914831,0.10999999999999943,-0.10999999999999943,-0.009999999999999787,-0.1299999999999999,-0.22000000000000064,-0.3100000000000005,-0.27999999999999936,-0.21000000000000085,-0.1899999999999995,-0.15,-0.56,-0.66,-0.19,0.14,0.19,0.97,1.93,0.0052000000000000934,-0.34839999999999804,0.03289999999999993,-0.0017000000000000348,0.09999999999999432,0.0,-0.19999999999998863,-2.5,-1.3659999999999997,-1.8000000000000114,0.8000000000000114,0.29999999999999716,0.5,-2.842170943040401e-14,0.5999999999999943,-0.20000000000000284,0.9000000000000057,0.700000000000017,0.6000000000000085,0.7000000000000028,0.26200000000000045,-0.4449999999999932,0.3960000000000008,0.07900000000000063,0.040000000000000924,0.019999999999999574,-0.02000000000000135,-628.0,2383.149999999994,8.046600000000012
1990-07-01,28.09100000000035,28.199999999999818,0.09799999999999898,-3867.9799999999814,543.4535999999789,-0.10439999999999827,-0.2290999999999883,-0.28119999999999834,-0.6881999999999948,-1.817700000000002,89.1996,0.19209999999999638,0.009199999999999875,-0.08419999999999561,99.9912,-0.14039999999999964,-0.44660000000000366,0.4475000000000051,81.6697,6.0,0.603727247,159.0,-173.0,5.5,0.3000000000000007,70.0,122.0,98.0,50.0,48.0,367000,-35.0,-103.0,-0.8999999999999773,-29.0,-72.0,-46.0,-26.0,68.0,-16.0,-1.2999999999992724,-10.0,5.0,4.0,40.1,4.0,40.6,1171,12.0,0.0,487,329,1078.0,-7.0,-2.0,416.0,322.0,2528.146399999998,2845.1715999999433,5104.673999999999,0.020662251999999937,-3.299999999999841,-2.299999999999727,-3.099999999999909,2.1999999999999886,-0.30000000000000426,-0.09999999999999432,-1.6240000000000236,8.606800000000021,73.31999999994878,-0.6705043999999987,-0.36000000000001364,0.01898657700000017,15.42458304,-0.1399999999999988,-0.15000000000000036,-0.11000000000000032,-0.11000000000000032,-0.15999999999999925,-0.09999999999999964,-0.009999999999999787,-0.019999999999999574,-0.02000000000000135,-0.16,-0.53,-0.63,-0.21,0.18,0.32,1.09,2.05,-0.03259999999999996,-4.656199999999984,0.09950000000000014,-0.016000000000000014,0.30000000000001137,0.29999999999999716,-0.10000000000000853,0.4000000000000057,1.767000000000003,1.8000000000000114,0.5999999999999943,-0.20000000000000284,0.5,0.20000000000001705,0.4000000000000057,0.4000000000000057,0.799999999999983,0.5999999999999943,0.5,0.5999999999999943,0.14699999999999847,0.5929999999999893,0.2330000000000041,-0.142000000000003,0.02999999999999936,0.009999999999999787,-0.00999999999999801,469.0,3839.4100000000035,2.9461000000000013
1990-08-01,-51.840000000000146,-47.899999999999636,0.015000000000000568,7222.871999999974,787.1781000000192,0.22689999999999344,0.12229999999999563,0.1710999999999956,0.2604000000000042,-0.06499999999999773,89.6298,0.2447000000000017,0.31640000000000157,0.22339999999999804,99.9668,0.22789999999999822,-0.6414999999999935,1.831000000000003,81.801,-165.0,0.558430718,258.0,-8.0,5.7,0.29999999999999893,99.0,14.0,73.0,31.0,42.0,384250,-209.0,-97.0,-3.1000000000000227,-40.0,-53.0,-52.0,-1.0,-112.0,-39.0,3.0,-37.29999999999927,2.0,-103.0,40.1,3.9,40.5,1115,1.0,9.0,430,320,1069.0,0.0,-3.0,410.0,322.0,-3352.9918000000034,-1164.5840999999782,4490.944000000018,-0.020662251999999937,4.2999999999999545,6.699999999999818,-7.400000000000091,1.2000000000000455,-0.19999999999999574,-0.4000000000000057,0.44400000000007367,4.961099999999988,-957.5799999999581,-0.23352330000000165,-29.279999999999973,0.3054549129999997,14.26926562,-0.019999999999999574,-0.11000000000000032,-0.16999999999999993,-0.13999999999999968,-0.16000000000000014,0.10999999999999943,0.27999999999999936,0.16999999999999993,0.21000000000000085,-0.25,-0.68,-0.75,-0.35,0.31,0.62,1.28,2.28,-0.08479999999999999,-1.5785999999999945,0.09149999999999991,-0.012199999999999989,1.2999999999999972,1.6000000000000085,1.2000000000000028,9.5,8.535999999999998,5.799999999999983,1.0999999999999943,0.29999999999999716,2.200000000000003,0.0,1.2000000000000028,0.0,1.0,1.1999999999999886,1.1000000000000085,1.0,0.39699999999999847,-0.19799999999997908,0.7919999999999874,0.16800000000000637,-0.009999999999999787,-0.02999999999999936,-0.040000000000000924,-789.0,845.6199999999953,1.9228999999999132
1990-09-01,-2.7840000000014697,-10.699999999999818,-0.022999999999996135,-13335.457999999984,529.9709999999905,0.013500000000000512,0.17799999999999727,0.27949999999999875,0.5420000000000016,0.18909999999999627,90.351,-0.0014000000000038426,-0.134999999999998,-0.13819999999999766,99.6713,-0.10949999999999704,3.634699999999995,-0.37700000000000955,81.5066,-155.0,0.523751357,-98.0,-278.0,5.9,0.20000000000000107,-40.0,120.0,88.0,37.0,51.0,394000,-83.0,-77.0,1.0,-37.0,-41.0,-40.0,-1.0,-6.0,-11.0,-9.900000000000546,-8.0,-5.0,-20.0,40.1,3.9,40.5,1110,-16.0,0.0,436,325,976.0,-2.0,-5.0,373.0,273.0,1001.6652000000031,2815.6038999999873,3341.4183000000194,0.010331125999999857,-1.1000000000000227,-4.900000000000091,-7.199999999999818,2.8999999999999773,0.6999999999999957,1.0,-0.8885000000000218,4.022100000000023,-632.4700000000885,-0.7982497999999936,-15.339999999999975,0.19124405200000005,13.69054095,0.06999999999999851,0.08000000000000007,-0.08999999999999986,-0.05999999999999961,-0.020000000000000462,0.07000000000000028,0.14000000000000057,0.15000000000000036,0.23000000000000043,-0.24,-0.84,-0.88,-0.44,0.31,0.69,1.36,2.44,-0.000700000000000145,-9.020400000000024,-0.02190000000000003,0.013500000000000068,1.5,1.7999999999999972,1.7999999999999972,5.299999999999997,6.512999999999998,6.0,0.9000000000000057,0.6000000000000085,2.5,-0.30000000000001137,1.2999999999999972,-0.20000000000000284,0.5,1.1000000000000227,1.0999999999999943,0.9000000000000057,0.3690000000000069,0.1489999999999725,0.9390000000000072,-0.09500000000000597,0.05999999999999872,0.08000000000000007,0.06999999999999851,861.0,1336.6199999999953,2.7712999999999965
1990-10-01,-66.79199999999946,-71.80000000000018,-0.26899999999999835,-3053.2889999999898,588.0500999999931,-0.3865999999999943,-0.5559999999999974,-0.6462000000000074,-1.1006,-1.9328999999999965,89.7316,-0.08749999999999858,-0.22630000000000194,-0.38300000000000267,99.6211,-0.4089999999999989,-2.339999999999989,-1.7138999999999953,80.8379,-192.0,0.491620861,103.0,12.0,5.9,-0.20000000000000107,67.0,42.0,-6.0,-3.0,-3.0,425250,-146.0,-98.0,-2.099999999999909,-63.0,-32.0,-24.0,-8.0,-48.0,-13.0,-11.300000000000182,-6.800000000001091,-5.0,6.0,39.8,3.8,40.4,1014,35.0,-12.0,387,255,925.0,0.0,-23.0,361.0,257.0,2109.61020000001,3358.3135000000475,1977.574099999969,0.0,-4.800000000000068,-7.899999999999636,-13.0,0.8000000000000114,-0.3999999999999986,-0.19999999999999574,-1.9586000000000467,5.999700000000075,773.2800000000279,0.4374286999999981,-8.29000000000002,0.12955642200000028,13.41627263,-0.08999999999999986,0.020000000000000462,-0.1900000000000004,-0.16000000000000014,-0.20999999999999996,-0.17999999999999972,-0.16999999999999993,-0.030000000000001137,0.09999999999999964,-0.13,-0.94,-0.95,-0.56,0.22,0.61,1.42,2.63,-0.0250999999999999,-8.849599999999981,0.06620000000000004,0.0016999999999998128,1.2000000000000028,1.5,1.6000000000000085,10.0,2.2349999999999994,2.0,0.9000000000000057,-0.9000000000000057,2.3999999999999915,0.30000000000001137,1.2999999999999972,0.3999999999999915,0.5,0.8999999999999773,1.0999999999999943,0.9000000000000057,0.34599999999999653,0.2610000000000241,0.7450000000000045,0.01300000000000523,0.030000000000001137,0.009999999999999787,1.7763568394002505e-15,171.0,808.5200000000186,1.095700000000079
1990-11-01,1.0970000000006621,-2.600000000000364,-0.044000000000004036,-8380.021999999997,-449.0752999999968,-0.7798000000000016,-0.8849000000000018,-1.0752999999999986,-0.9104000000000099,-3.1370000000000005,90.0558,-1.027000000000001,-0.6709999999999994,-0.6497000000000028,99.5496,-0.7436000000000007,-2.341700000000003,-1.128700000000002,79.7507,-259.0,0.438948995,75.0,-230.0,6.2,0.20000000000000107,95.0,49.0,142.0,87.0,55.0,446750,-155.0,-190.0,0.5,-39.0,-149.0,-122.0,-27.0,35.0,-22.0,-7.399999999999636,-11.899999999999636,-9.0,7.0,39.9,3.7,40.2,1145,15.0,19.0,479,260,941.0,-5.0,8.0,378.0,253.0,-11208.303700000004,-3170.415800000017,2045.7663000000175,0.02066225200000016,2.5000000000001137,-1.4000000000005457,-3.100000000000364,4.899999999999977,1.0,1.1999999999999957,1.6552000000000362,5.213399999999979,-2115.9199999999255,-0.588809100000006,8.170000000000016,-0.07316243200000017,13.90905247,-0.2999999999999998,-0.07000000000000028,-0.11000000000000032,-0.1299999999999999,-0.2400000000000002,-0.3100000000000005,-0.33000000000000007,-0.22999999999999865,-0.120000000000001,0.1,-0.75,-0.78,-0.5,0.21,0.58,1.49,2.81,-0.024900000000000144,-0.3754000000000133,0.01859999999999995,0.0035000000000000586,0.6999999999999886,0.7999999999999972,0.29999999999999716,-8.0,-3.622,-8.299999999999983,0.29999999999998295,0.0,0.5,-2.842170943040401e-14,0.20000000000000284,-0.3999999999999915,0.5999999999999943,0.4000000000000057,0.4000000000000057,0.29999999999998295,0.07699999999999818,-0.5740000000000123,0.007999999999995566,-0.08400000000000318,0.0,0.02999999999999936,-0.08999999999999986,-3363.0,244.53999999997905,2.0095000000000027
1990-12-01,42.613000000000284,29.900000000000546,-0.17499999999999716,-7291.364999999991,-1334.7801999999792,-0.42900000000000205,-0.46699999999999875,-0.45539999999999736,-0.6006999999999891,-0.9363000000000028,89.6627,-0.35839999999999606,-0.3872,-0.4538999999999973,98.9697,-0.4801000000000002,-0.1781000000000006,-1.5749999999999957,79.021,2.0,0.431590938,72.0,-65.0,6.3,0.09999999999999964,20.0,100.0,-27.0,-25.0,-2.0,455000,-54.0,-82.0,0.5,-48.0,-33.0,-19.0,-14.0,28.0,-6.0,-2.800000000000182,-33.100000000000364,-12.0,18.0,40.1,3.7,40.3,969,-59.0,-14.0,402,234,861.0,-7.0,-15.0,340.0,233.0,4523.011899999998,3625.376199999999,-3857.730700000073,0.010331124999999997,0.39999999999997726,5.900000000000546,-2.199999999999818,1.6000000000000227,-2.8999999999999986,-3.0,2.3555000000000064,7.3723999999999705,-4780.600000000093,-1.6615305999999919,13.45999999999998,-0.1296298280000001,14.67239837,-0.5,-0.11000000000000032,-0.3199999999999994,-0.33000000000000007,-0.2599999999999998,-0.28999999999999915,-0.3100000000000005,-0.25,-0.1899999999999995,0.49,-0.57,-0.61,-0.26,0.42,0.77,1.74,3.12,0.02450000000000019,4.673500000000018,-0.042300000000000004,-0.0031999999999998696,-0.5999999999999943,-0.8999999999999915,-0.7999999999999972,-7.0,-4.962999999999997,-10.099999999999994,0.5,0.7999999999999972,0.8000000000000114,-0.2999999999999545,0.29999999999999716,0.29999999999999716,0.5,0.5,0.4000000000000057,0.4000000000000057,0.05700000000000216,-0.33199999999999363,0.1490000000000009,-0.05000000000000426,0.03999999999999915,0.009999999999999787,0.06999999999999851,-1339.0,542.3399999999965,1.4846999999999753
1991-01-01,-53.44200000000092,-69.60000000000036,-0.42900000000000205,-4568.51800000004,-3566.6739000000234,-0.20429999999999637,-0.12810000000000343,0.10479999999999734,0.3836999999999904,0.0812000000000026,90.209,-0.1110000000000042,-0.27060000000000173,-0.3727000000000018,98.155,-0.3813000000000031,3.3211999999999904,1.4608999999999952,78.4322,-243.0,0.395134124,-187.0,-301.0,6.4,-0.3000000000000007,8.0,65.0,62.0,25.0,37.0,439750,-110.0,-141.0,-1.1000000000000227,-75.0,-65.0,-61.0,-4.0,31.0,-70.0,-20.699999999999818,-26.399999999999636,9.0,6.0,39.9,3.7,40.2,798,-21.0,-98.0,345,239,786.0,-9.0,-7.0,297.0,217.0,-3352.9918000000034,-98.24090000003343,4890.355500000063,0.030993378000000016,-0.10000000000002274,6.699999999999363,2.800000000000182,-5.699999999999989,-8.200000000000003,-8.399999999999999,-5.379000000000019,4.831099999999992,-1702.2899999999208,-0.028634500000009666,-3.259999999999991,0.038922188999999996,14.59946647,-0.39999999999999947,-0.7000000000000002,-0.5200000000000005,-0.41999999999999993,-0.41000000000000014,-0.03000000000000025,0.009999999999999787,-0.010000000000001563,0.019999999999999574,0.19,-0.69,-0.63,-0.27,0.79,1.18,2.13,3.54,-0.010000000000000009,-0.190400000000011,0.012700000000000156,-0.0043000000000001926,0.5999999999999943,0.5999999999999943,0.0,2.5,-2.378,-3.700000000000017,0.5,-0.09999999999999432,-1.4000000000000057,0.0999999999999659,0.0,0.10000000000000853,1.0,0.5,0.39999999999997726,0.5,0.23199999999999932,1.6129999999999711,-0.09100000000000819,0.20100000000000762,0.05000000000000071,0.16000000000000014,1.7763568394002505e-15,-2670.0,-756.6699999999837,4.177599999999984
1991-02-01,6.712999999999738,-1.0999999999994543,0.2920000000000016,4075.8580000000075,2554.4396000000124,-0.44550000000000267,-0.6043999999999983,-0.6200999999999937,-0.7490999999999985,-1.2726000000000042,89.7786,-0.2979999999999947,-0.2924999999999969,-0.23930000000000007,97.7119,-0.43130000000000024,-3.1842999999999932,1.8986000000000018,77.7899,-107.0,0.370235935,65.0,-185.0,6.6,0.5,115.0,99.0,89.0,53.0,36.0,484000,-323.0,-160.0,-0.6000000000000227,-43.0,-117.0,-95.0,-22.0,-163.0,-104.0,-15.100000000000364,-73.39999999999964,-10.0,8.0,39.8,3.6,40.1,965,9.0,128.0,386,228,853.0,4.0,16.0,341.0,220.0,593.4749000000011,1207.5049,-2026.2828000000445,0.0,2.8999999999999773,0.9000000000005457,10.599999999999909,-2.7000000000000455,-2.3999999999999986,-2.1000000000000014,-0.1510999999999285,5.287400000000048,-3143.3499999999767,-0.7816095000000018,36.76999999999998,-0.3757167189999997,16.3824791,-0.6600000000000001,-0.6099999999999994,-0.27999999999999936,-0.35000000000000053,-0.3700000000000001,-0.23000000000000043,-0.2400000000000002,-0.20999999999999908,-0.379999999999999,0.24,-0.31,-0.32,0.02,1.22,1.6,2.58,3.82,-0.0029000000000001247,-3.1628000000000043,0.02949999999999986,-0.0010999999999998789,-0.7999999999999972,-1.2000000000000028,-1.0,-9.200000000000003,-4.436,-2.3999999999999915,0.10000000000002274,-0.30000000000001137,-1.5999999999999943,-0.09999999999999432,-0.3999999999999915,0.19999999999998863,0.700000000000017,0.09999999999999432,0.0,0.0,0.030999999999998806,-0.37599999999997635,-0.38399999999998613,-0.14800000000000324,-0.009999999999999787,-0.049999999999998934,-0.040000000000000924,-2194.0,-352.6499999999942,4.455199999999991
1991-03-01,12.484000000000378,3.899999999999636,0.5589999999999975,-4004.962999999989,899.1876000000047,-0.34140000000000015,-0.25509999999999877,-0.031999999999996476,0.035600000000002296,0.2465000000000046,89.7043,-0.0543000000000049,-0.41570000000000107,-0.3927999999999976,96.567,-0.4572000000000003,1.8425000000000011,0.4381999999999948,77.1232,-60.0,0.34940601,218.0,-103.0,6.8,0.20000000000000107,-46.0,201.0,182.0,135.0,47.0,498600,-167.0,-124.0,-1.2000000000000455,-48.0,-73.0,-57.0,-16.0,-43.0,-51.0,-9.199999999999818,-31.899999999999636,1.0,6.0,39.7,3.6,40.0,921,25.0,-42.0,397,190,911.0,7.0,7.0,353.0,252.0,-6706.923999999999,-1191.290399999998,-8144.098099999945,0.0,0.7000000000000455,0.599999999999909,12.900000000000091,4.2000000000000455,0.10000000000000142,0.0,-0.7515000000000782,5.550099999999929,-3231.240000000107,-0.841915699999987,10.019999999999982,-0.08819978100000014,16.95290657,-0.1299999999999999,-0.08000000000000007,-0.03000000000000025,-0.009999999999999787,0.13000000000000078,0.2999999999999998,0.2599999999999998,0.09999999999999964,0.019999999999999574,0.29,-0.21,-0.2,0.28,1.65,1.99,2.81,3.97,0.12329999999999997,6.850899999999996,-0.14270000000000005,0.0022999999999999687,-0.5,-0.5999999999999943,-1.2000000000000028,-3.5999999999999943,-0.6630000000000003,-1.5,0.0,-0.6999999999999886,-1.2000000000000028,0.0,-0.4000000000000057,-0.3999999999999915,0.29999999999998295,0.0,-0.09999999999999432,0.0,0.012999999999998124,-0.820999999999998,-0.2600000000000051,-0.007999999999995566,0.009999999999999787,-0.040000000000000924,0.02999999999999936,-1296.0,61.579999999987194,11.481899999999996
1991-04-01,31.66400000000067,16.899999999999636,-0.15899999999999892,13570.974000000046,1621.0267999999924,0.15509999999999735,0.03249999999999886,-0.11590000000001055,-0.004900000000006344,1.1585999999999999,89.0593,0.004200000000004422,0.26609999999999445,0.3891999999999989,97.1369,0.25720000000000454,-1.0223000000000013,-1.2450999999999937,77.3844,-14.0,0.353833393,310.0,457.0,6.7,0.5999999999999996,-139.0,-129.0,69.0,41.0,28.0,467250,-218.0,-90.0,-3.199999999999932,-39.0,-47.0,-22.0,-25.0,-128.0,-81.0,-7.199999999999818,-68.5,-19.0,-3.0,39.8,3.5,40.1,1001,-14.0,20.0,403,258,916.0,5.0,5.0,364.0,236.0,4480.687900000004,-3657.8052000000025,-2143.1837000000523,-0.04132450300000001,-1.7000000000000455,-6.900000000000091,2.299999999999727,3.0,1.6999999999999957,1.8000000000000043,-3.9116000000000213,3.213300000000004,-2436.009999999893,-1.1189073000000036,7.400000000000034,-0.060818437,17.38243687,-0.20999999999999996,-0.33999999999999986,-0.2599999999999998,-0.20999999999999996,-0.16000000000000014,-0.0699999999999994,-0.07000000000000028,-0.07000000000000028,-0.15000000000000036,0.16,-0.26,-0.2,0.33,1.79,2.13,2.95,4.03,0.04810000000000003,-0.2740000000000009,-0.07169999999999987,-0.0037000000000000366,0.0,0.0,-0.5,-0.29999999999999716,0.963000000000001,-0.9000000000000057,0.29999999999998295,0.7999999999999972,-0.20000000000000284,2.842170943040401e-14,0.5,0.0,0.20000000000001705,0.20000000000001705,0.30000000000001137,0.30000000000001137,0.1110000000000042,0.34600000000000364,0.21299999999999386,-0.044000000000004036,0.0600000000000005,0.09999999999999964,0.02000000000000135,217.0,725.070000000007,3.6995000000000573
1991-05-01,1.1999999999989086,-2.0999999999994543,0.12199999999999989,5760.5139999999665,57.04190000001108,0.6063000000000045,0.7237999999999971,0.7953000000000117,1.358000000000004,0.9285999999999959,90.6184,0.27769999999999584,0.48850000000000193,0.045700000000000074,98.0982,0.4142999999999972,3.337999999999994,1.362799999999993,77.8491,-9.0,0.34077381,-372.0,-669.0,6.9,-0.5999999999999996,221.0,63.0,46.0,-19.0,65.0,447000,-97.0,-68.0,-4.100000000000023,-42.0,-22.0,-20.0,-2.0,-29.0,-20.0,-6.300000000000182,-9.600000000000364,-17.0,13.0,39.8,3.6,40.2,996,21.0,-27.0,367,295,991.0,-1.0,10.0,391.0,275.0,2809.3650999999954,-2131.732699999993,-3984.373399999924,-0.02066225200000016,1.2999999999999545,0.09999999999990905,-1.2999999999997272,0.19999999999998863,-1.1999999999999957,-1.3000000000000043,-3.595100000000002,1.783800000000042,-2173.920000000042,-0.9044223000000073,-1.6899999999999977,0.016929560999999982,17.40156525,-0.1299999999999999,-0.15000000000000036,-0.1900000000000004,-0.09999999999999964,-0.11000000000000032,0.0,0.030000000000001137,0.0,-0.08000000000000007,0.14,-0.32,-0.17,0.35,1.92,2.29,3.08,4.08,0.01750000000000007,1.1091000000000122,-0.025900000000000034,-0.0036000000000000476,0.29999999999999716,0.20000000000000284,-0.10000000000000853,0.7000000000000028,0.41699999999999804,-3.799999999999997,0.5,0.0,0.7000000000000028,-0.20000000000004547,0.4000000000000057,0.20000000000000284,0.5,0.5,0.5999999999999943,0.4000000000000057,0.2539999999999978,-0.22100000000000364,0.2560000000000002,0.18999999999999773,0.009999999999999787,-0.05999999999999872,-0.010000000000001563,-964.0,1096.3899999999849,5.18629999999996
1991-06-01,42.85100000000057,39.69999999999982,0.008000000000002672,-3171.045999999973,348.4740999999922,0.49269999999999925,0.707800000000006,0.7288999999999959,0.9699000000000098,1.4095000000000013,91.3125,0.4380000000000024,0.28529999999999944,0.5136000000000003,97.9946,0.5568999999999988,2.535800000000009,0.5049000000000063,78.4948,47.0,0.347906121,155.0,199.0,6.9,0.7999999999999989,-193.0,-2.0,281.0,216.0,65.0,428600,77.0,-46.0,-3.2999999999999545,-18.0,-26.0,-36.0,10.0,123.0,-16.0,-2.199999999999818,-5.5,-6.0,63.0,40.1,3.8,40.4,1036,19.0,29.0,407,247,964.0,2.0,0.0,378.0,259.0,-3616.340299999996,-4543.881200000003,-2454.9195000000764,0.0,2.200000000000159,-1.699999999999818,-0.7000000000002728,3.8000000000000114,1.2999999999999972,1.3000000000000043,-1.3427999999998974,3.401899999999955,-3152.920000000042,-1.3744620999999881,0.30000000000001137,9.644000000008646e-05,17.53909517,0.1200000000000001,0.1900000000000004,0.11000000000000032,0.13999999999999968,0.23000000000000043,0.2400000000000002,0.20999999999999908,0.15000000000000036,0.10000000000000142,0.21,-0.33,-0.15,0.46,2.04,2.38,3.11,4.06,0.07230000000000003,1.5257000000000005,-0.07410000000000005,-0.006000000000000005,-0.19999999999998863,-0.30000000000001137,-0.19999999999998863,-1.7000000000000028,-1.0449999999999982,-6.599999999999994,0.4000000000000057,-0.5999999999999943,0.20000000000000284,0.3000000000000398,0.29999999999999716,-0.20000000000001705,0.5,0.29999999999998295,0.30000000000001137,0.29999999999998295,0.1039999999999992,-0.5809999999999889,0.08200000000000784,-0.1039999999999992,0.02999999999999936,-0.010000000000001563,1.7763568394002505e-15,652.0,100.43000000002212,9.628500000000031
1991-07-01,-19.240999999999985,-17.899999999999636,0.23399999999999466,9200.720999999903,531.0082000000111,0.16870000000000118,-0.12109999999999843,-0.05719999999999459,-0.190400000000011,0.9765000000000015,90.4728,0.25260000000000105,0.43780000000000285,0.3885000000000005,99.3353,0.3254000000000019,-2.320999999999998,-0.40869999999999607,78.8377,-113.0,0.339040298,-177.0,-71.0,6.8,0.10000000000000142,-6.0,-59.0,-145.0,-144.0,-1.0,418250,-40.0,-65.0,-4.900000000000091,-30.0,-30.0,-17.0,-13.0,25.0,2.0,-1.800000000000182,-10.799999999999272,-12.0,37.0,40.1,4.0,40.5,1063,-30.0,-6.0,439,278,973.0,2.0,7.0,391.0,246.0,15075.765599999999,7114.35970000003,-983.9161999999778,-0.010331125999999857,-3.0000000000001137,-4.700000000000273,-0.5,1.8999999999999773,0.30000000000000426,0.0,-3.174600000000055,-1.421699999999987,-3440.9199999999255,-0.5951598000000047,1.9399999999999977,-0.004999430999999888,17.79903517,-0.08000000000000007,-0.0600000000000005,0.009999999999999787,-0.04999999999999982,-0.05000000000000071,-0.03000000000000025,-0.009999999999999787,-0.009999999999999787,-0.07000000000000028,0.23,-0.24,-0.12,0.49,2.09,2.45,3.18,4.07,0.018399999999999972,-1.9174999999999898,0.0016000000000000458,0.005400000000000071,-0.30000000000001137,-0.5,-0.30000000000001137,0.20000000000000284,1.2250000000000014,-0.4000000000000057,0.19999999999998863,0.8999999999999773,-0.10000000000000853,-0.20000000000001705,-0.10000000000000853,0.20000000000001705,0.5999999999999943,0.4000000000000057,0.19999999999998863,0.20000000000001705,0.09700000000000131,1.4439999999999884,-0.25,0.0,0.02999999999999936,0.010000000000001563,-1.7763568394002505e-15,71.0,883.8399999999965,9.156799999999976
1991-08-01,15.52100000000064,9.699999999999818,-0.0730000000000004,-3008.8289999999106,-900.2248000000254,0.008800000000000807,0.05359999999998877,-0.0969000000000051,-0.013799999999989154,-0.8312999999999988,90.9222,-0.1857000000000042,-0.033200000000000784,0.10989999999999611,99.3038,0.07690000000000197,-0.4245999999999981,0.02209999999999468,78.853,-44.0,0.330833141,-4.0,-84.0,6.9,0.09999999999999964,24.0,-51.0,72.0,12.0,60.0,431600,9.0,-14.0,-6.399999999999977,-19.0,11.0,-16.0,27.0,23.0,-5.0,-4.899999999999636,-4.700000000000728,-6.0,-31.0,40.1,3.9,40.6,1049,14.0,-2.0,429,262,944.0,3.0,-8.0,375.0,238.0,-6725.734599999996,645.7195000000065,-399.41150000004563,0.0,0.2999999999999545,-5.299999999999727,-8.0,0.10000000000002274,-0.10000000000000142,-0.30000000000000426,-4.855300000000057,-0.7776000000000067,-4178.119999999995,-1.2710737999999964,9.169999999999959,-0.06437226400000018,18.42888465,-0.16000000000000014,-0.33000000000000007,-0.25,-0.3100000000000005,-0.5299999999999994,-0.4800000000000004,-0.3699999999999992,-0.25,-0.2400000000000002,0.06,-0.33,-0.27,0.12,1.77,2.24,3.09,3.99,-0.028000000000000025,-1.0136000000000251,0.03279999999999994,-0.0040999999999999925,0.20000000000000284,0.30000000000001137,0.20000000000000284,-0.30000000000001137,0.26799999999999713,-0.9000000000000057,0.4000000000000057,0.4000000000000341,0.7000000000000028,0.4000000000000057,0.20000000000000284,-0.5,0.4000000000000057,0.5,0.4000000000000057,0.29999999999998295,0.14399999999999835,-1.1980000000000075,0.20600000000000307,-0.0029999999999930083,0.0,0.0,-0.02999999999999936,1241.0,949.7799999999988,6.7509000000000015
1991-09-01,25.010999999998603,18.800000000000182,0.02300000000000324,3041.2729999999283,153.49460000000545,0.5079999999999956,0.7583000000000055,0.8920999999999992,1.1642999999999972,2.3125,91.4065,0.6029000000000053,0.2663000000000011,0.4136000000000024,99.7488,0.6219999999999999,1.1589999999999918,-0.23319999999999652,79.558,34.0,0.3326072,500.0,444.0,6.9,0.09999999999999964,32.0,-18.0,37.0,14.0,23.0,424500,36.0,-27.0,-6.5,-5.0,-16.0,-19.0,3.0,63.0,-23.0,-0.5,-11.700000000000728,-8.0,-24.0,40.2,3.9,40.6,1015,-16.0,5.0,425,243,974.0,-5.0,-4.0,409.0,243.0,-3044.497700000007,-3308.7162000000244,3029.682400000049,0.0,-2.299999999999841,1.0,-7.299999999999727,1.6999999999999886,0.5,0.7000000000000028,2.184400000000096,0.6453999999999951,-4052.070000000065,-1.4763643000000002,-2.1999999999999886,0.029037680000000066,18.54225396,-0.20999999999999996,-0.14999999999999947,-0.11000000000000032,-0.13999999999999968,-0.20999999999999996,-0.29000000000000004,-0.25,-0.14000000000000057,-0.14000000000000057,0.12,-0.23,-0.2,0.12,1.69,2.2,3.16,4.06,-0.03980000000000006,-2.5168999999999926,0.04239999999999999,-0.008199999999999985,0.20000000000000284,0.19999999999998863,0.20000000000000284,-0.6999999999999886,0.16900000000000048,1.1000000000000085,0.4000000000000057,-1.1000000000000227,0.09999999999999432,-0.30000000000001137,0.20000000000000284,0.19999999999998863,0.6999999999999886,0.5,0.4000000000000057,0.4000000000000057,0.21300000000000097,0.6409999999999911,0.10099999999999909,0.0829999999999913,0.030000000000001137,0.019999999999999574,0.02000000000000135,-2942.0,-1928.8000000000175,11.48599999999999
1991-10-01,10.468000000000757,-15.400000000000546,-0.19400000000000261,720.9650000000838,-1043.348100000003,-0.06510000000000105,-0.24490000000000123,-0.21479999999999677,-0.18829999999999814,-0.24810000000000088,91.2581,-0.28650000000000375,0.10499999999999687,-0.09219999999999828,100.4646,-0.061700000000001864,-1.7543000000000006,-1.2860000000000014,79.3727,-131.0,0.313277539,-8.0,-128.0,7.0,0.40000000000000036,-5.0,45.0,141.0,97.0,44.0,422750,26.0,-48.0,-6.100000000000023,-30.0,-11.0,-20.0,9.0,74.0,-22.0,-5.800000000000182,-14.599999999998545,-2.0,50.0,40.2,3.9,40.6,1079,18.0,-11.0,462,263,991.0,13.0,16.0,384.0,256.0,1216.1061000000045,-3497.5676000000094,1344.360699999961,0.0,5.399999999999864,5.299999999999727,0.29999999999972715,1.3000000000000114,0.5,0.7999999999999972,0.4049999999999727,1.527400000000057,-4808.369999999995,-1.2634244000000052,-0.3199999999999932,-0.0042781320000000456,18.85030348,-0.2400000000000002,-0.22000000000000064,-0.22999999999999954,-0.20999999999999996,-0.2400000000000002,-0.2699999999999996,-0.1200000000000001,-0.05999999999999872,-0.019999999999999574,0.14,-0.22,-0.17,0.12,1.66,2.32,3.34,4.28,-0.0021999999999999797,-3.5271999999999935,-0.0033999999999998476,-0.009100000000000108,0.4000000000000057,0.4000000000000057,0.0,2.3999999999999915,1.3710000000000022,-0.10000000000000853,0.19999999999998863,0.0,-0.19999999999998863,-0.09999999999999432,0.0,-0.09999999999999432,0.4000000000000057,0.30000000000001137,0.09999999999999432,0.19999999999998863,0.11599999999999966,-0.10299999999998022,-0.05300000000001148,-0.07399999999999807,0.019999999999999574,0.0,0.00999999999999801,-536.0,-319.9400000000023,15.05340000000001
1991-11-01,12.873999999999796,16.600000000000364,0.22700000000000387,-2314.298999999999,840.07150000002,-0.0823999999999998,0.08500000000000796,0.026299999999991996,0.12129999999999086,0.17269999999999897,91.3473,-0.013999999999995794,-0.23910000000000053,0.044299999999999784,99.4708,-0.130900000000004,4.151399999999995,0.3919999999999959,79.0864,45.0,0.315194267,59.0,-30.0,7.0,0.40000000000000036,-13.0,2.0,80.0,-61.0,141.0,445400,-61.0,-103.0,-6.5,-58.0,-38.0,-40.0,2.0,42.0,-18.0,-4.100000000000364,-14.600000000000364,1.0,34.0,40.2,3.9,40.7,1103,-1.0,-4.0,472,282,984.0,0.0,-8.0,398.0,243.0,2020.2597999999998,-1053.9438999999547,672.1804000000702,0.0,1.3000000000000682,0.20000000000027285,-6.799999999999727,5.2999999999999545,1.5,1.6000000000000014,-2.5511000000000195,1.3669999999999618,-1771.0400000000373,-0.7304399000000075,-0.9599999999999795,0.0009860100000000926,19.1402134,-0.40000000000000036,-0.3699999999999992,-0.4300000000000006,-0.4299999999999997,-0.4400000000000004,-0.25,-0.11000000000000032,-0.07000000000000028,-0.040000000000000924,0.17,-0.25,-0.2,0.08,1.81,2.61,3.67,4.64,-0.043299999999999894,-1.140199999999993,0.056499999999999995,0.0023000000000001908,0.5,0.5,0.09999999999999432,-0.09999999999999432,-0.7630000000000017,-1.5,0.6000000000000227,0.8000000000000114,0.5999999999999943,0.0,0.5999999999999943,0.20000000000000284,0.5,0.5999999999999943,0.5999999999999943,0.6000000000000227,0.13700000000000045,-0.0730000000000075,0.30800000000000693,-0.08299999999999841,0.009999999999999787,0.009999999999999787,-0.02999999999999936,-1166.0,-1569.2699999999895,13.564499999999953
1991-12-01,68.79500000000007,46.5,0.08299999999999841,-9070.948000000091,-134.82630000001518,-0.2834000000000003,-0.5478000000000094,-0.6795999999999935,-1.0373000000000019,-0.5118999999999971,90.0521,-0.06970000000000454,-0.03009999999999735,-0.020299999999998875,100.0876,-0.1611999999999938,-4.69019999999999,0.9133000000000067,78.7498,21.0,0.308327897,-37.0,-304.0,7.3,0.5999999999999996,13.0,32.0,174.0,46.0,128.0,456750,30.0,-42.0,-5.0,7.0,-44.0,-41.0,-3.0,72.0,-3.0,-3.199999999999818,1.6999999999989086,-4.0,14.0,40.3,3.9,40.6,1079,20.0,18.0,447,245,1061.0,-9.0,19.0,432.0,276.0,-7669.086800000005,-2190.867900000012,4374.04310000001,0.030993378000000016,-0.20000000000004547,1.2999999999997272,-2.200000000000273,7.0,2.3999999999999986,2.5,-0.07219999999995252,1.0235000000000127,-1237.2799999999115,-1.3433592999999888,2.589999999999975,-0.027993170000000234,19.70494618,-0.3799999999999999,-0.3700000000000001,-0.4899999999999993,-0.5100000000000007,-0.5099999999999998,-0.4299999999999997,-0.33000000000000007,-0.16999999999999993,-0.1899999999999995,0.18,-0.36,-0.33,-0.05,1.76,2.66,3.88,4.83,-0.04930000000000012,-1.5926000000000045,0.047599999999999865,0.01649999999999996,-0.10000000000000853,-0.20000000000000284,-0.09999999999999432,-2.5,-2.9480000000000004,-3.1999999999999886,0.39999999999997726,-1.200000000000017,0.5999999999999943,0.19999999999998863,0.30000000000001137,-0.10000000000000853,0.6999999999999886,0.5,0.30000000000001137,0.39999999999997726,0.1559999999999988,-0.9050000000000011,0.1460000000000008,0.13799999999999812,0.030000000000001137,0.07000000000000028,0.0,-1176.0,2386.110000000015,11.845500000000015
1992-01-01,39.4320000000007,18.699999999999818,0.7049999999999983,13626.248000000021,3066.779500000004,-0.3236999999999952,-0.615799999999993,-0.7948000000000093,-0.7591999999999928,-2.501100000000001,90.2644,-0.7109999999999985,-0.04359999999999786,-0.17379999999999995,100.1544,-0.3411000000000044,-2.495199999999997,-0.26789999999999736,78.1497,-140.0,0.290423355,597.0,512.0,7.3,0.7000000000000011,-75.0,13.0,168.0,49.0,119.0,439000,35.0,-61.0,-4.0,20.0,-78.0,-68.0,-10.0,96.0,-38.0,-11.599999999999454,-10.799999999999272,-9.0,47.0,40.2,3.9,40.6,1176,10.0,45.0,454,280,1077.0,14.0,23.0,422.0,265.0,4737.452799999999,-1596.653500000015,-4763.712900000042,-0.030993378000000016,4.0,2.300000000000182,4.700000000000273,-2.2999999999999545,0.29999999999999716,0.20000000000000284,-4.729600000000005,2.820699999999988,-664.2000000000698,-0.7428211000000005,27.569999999999993,-0.19846033799999985,21.62325811,-0.39999999999999947,-0.54,-0.27000000000000046,-0.22999999999999954,-0.22999999999999954,0.04999999999999982,-0.05999999999999961,-0.11000000000000121,-0.129999999999999,0.04,-0.23,-0.16,0.12,2.21,3.0,4.17,5.1,0.018399999999999972,-2.5781000000000063,-0.018199999999999994,0.010399999999999965,-0.29999999999999716,-0.3999999999999915,-0.5999999999999943,-1.0,-0.6969999999999992,-5.0,0.10000000000002274,0.5000000000000284,-0.5,2.842170943040401e-14,-0.30000000000001137,0.20000000000000284,0.4000000000000057,0.09999999999999432,0.0,0.0,0.08500000000000085,0.9560000000000173,-0.1980000000000075,-0.04899999999999238,-0.010000000000001563,0.009999999999999787,-0.03999999999999915,-977.0,-75.93000000002212,9.483900000000062
1992-02-01,39.83899999999994,38.600000000000364,0.054999999999999716,1803.6160000000382,118.0,0.4368999999999943,0.6559999999999917,0.8076000000000079,0.8195999999999941,2.364699999999999,90.2257,0.8584000000000032,0.2242999999999995,0.6049999999999969,99.689,0.5427999999999997,1.9483999999999924,-1.0295000000000059,78.6694,108.0,0.296594034,-54.0,-225.0,7.4,0.5999999999999979,-121.0,127.0,122.0,41.0,81.0,442200,-52.0,-72.0,-4.099999999999909,-55.0,-11.0,-3.0,-8.0,20.0,3.0,-3.0,7.100000000000364,4.0,1.0,40.3,3.9,40.7,1250,-11.0,26.0,497,296,1146.0,2.0,48.0,432.0,274.0,312.25620000000345,-2829.0,1308.0,0.0,1.400000000000091,9.800000000000182,8.299999999999727,-1.900000000000034,-0.5999999999999943,-0.5,-3.7836000000000922,2.4764000000000124,-437.96999999997206,-0.816464400000001,-3.519999999999982,0.03479477299999978,21.90245685,0.02999999999999936,0.040000000000000036,0.040000000000000036,0.06000000000000005,0.13999999999999968,0.33999999999999986,0.3099999999999996,0.08999999999999986,0.09999999999999964,0.05,-0.22,-0.13,0.23,2.52,3.28,4.23,5.17,0.052200000000000024,2.237499999999997,-0.031199999999999894,0.02540000000000009,0.29999999999999716,0.3999999999999915,0.3999999999999915,1.3999999999999915,0.1750000000000007,4.8999999999999915,0.29999999999998295,-0.10000000000002274,-0.09999999999999432,0.0999999999999659,0.20000000000000284,-0.09999999999999432,0.30000000000001137,0.30000000000001137,0.29999999999998295,0.20000000000001705,0.15899999999999892,0.03099999999997749,0.08500000000000796,0.004999999999988347,0.02000000000000135,-0.07000000000000028,0.08999999999999986,-38.0,815.0899999999965,8.144400000000019
1992-03-01,12.394000000000233,4.299999999999272,0.09000000000000341,2893.473999999929,-492.0,0.5211000000000041,0.5897000000000077,0.6055999999999955,0.7154000000000025,1.1809999999999974,90.6703,0.48619999999999663,0.45019999999999527,0.4230000000000018,101.0926,0.6384000000000043,-0.6552999999999969,0.2740000000000009,79.295,140.0,0.311205074,397.0,391.0,7.4,0.40000000000000213,135.0,-152.0,14.0,-53.0,67.0,429500,54.0,-15.0,-2.2000000000000455,9.0,-23.0,-20.0,-3.0,69.0,0.0,-2.7000000000007276,-2.3000000000010914,-1.0,26.0,40.2,4.0,40.7,1297,-3.0,11.0,528,304,1082.0,-6.0,-46.0,445.0,249.0,5490.0,-2246.0,3125.0,-0.030000000000000027,-3.300000000000068,-14.900000000000091,-6.0,4.400000000000034,1.0999999999999943,1.1000000000000014,-2.449799999999982,1.296799999999962,-471.8399999999674,-0.47764089999999726,-5.199999999999989,0.047815179000000096,22.05397019,-0.07999999999999963,0.1899999999999995,0.20000000000000018,0.24999999999999956,0.33999999999999986,0.3700000000000001,0.20000000000000018,0.0600000000000005,0.019999999999999574,0.32,0.06,0.2,0.65,2.97,3.56,4.37,5.27,0.053300000000000125,5.163799999999995,-0.05400000000000005,0.010299999999999976,0.10000000000000853,0.0,0.10000000000000853,-1.5,-0.07900000000000063,2.1000000000000085,0.5,0.20000000000001705,0.5,-0.0999999999999659,0.3999999999999915,0.29999999999999716,0.5,0.4000000000000057,0.4000000000000057,0.4000000000000057,0.15200000000000102,-0.37299999999999045,0.17199999999999704,-0.008999999999993236,0.02999999999999936,0.08999999999999986,-0.040000000000000924,-1074.0,1135.8700000000244,5.387599999999907
1992-04-01,30.394999999998618,18.800000000000182,0.04099999999999682,4810.042000000016,988.0,0.4795999999999978,0.5297999999999945,0.5212999999999965,0.7586000000000013,1.0964000000000027,91.2275,0.40570000000000306,0.4265000000000043,0.2248999999999981,101.2835,0.3403999999999954,3.2147999999999968,0.4014000000000024,79.5295,-104.0,0.301646309,237.0,282.0,7.4,0.29999999999999716,-116.0,20.0,-66.0,-45.0,-21.0,418250,150.0,5.0,-3.1000000000000227,-18.0,25.0,7.0,18.0,145.0,8.0,-11.599999999999454,16.80000000000109,11.0,24.0,40.5,4.2,40.8,1099,-14.0,-91.0,476,263,1054.0,-5.0,-22.0,425.0,268.0,4445.0,905.0,2728.0,0.0,-4.400000000000091,-8.100000000000364,-8.299999999999727,-2.5,-5.899999999999999,-5.800000000000004,-2.945899999999938,6.390899999999988,-2857.5100000000093,-1.1609071700000015,0.05000000000001137,-0.00037116900000011555,22.5768103,-0.25,-0.2599999999999998,-0.29000000000000004,-0.3099999999999996,-0.33000000000000007,-0.16999999999999993,-0.05999999999999961,-0.019999999999999574,-0.03999999999999915,0.31,0.02,0.14,0.57,3.05,3.75,4.6,5.48,0.010000000000000009,0.6768000000000143,0.03279999999999994,-0.005400000000000071,0.09999999999999432,0.10000000000000853,0.19999999999998863,1.0,1.3269999999999982,0.7999999999999972,0.30000000000001137,-0.9000000000000341,0.5999999999999943,-0.10000000000002274,0.10000000000002274,-0.20000000000000284,0.5,0.39999999999997726,0.4000000000000057,0.29999999999998295,0.1700000000000017,0.39099999999999113,0.027000000000001023,0.04200000000000159,0.040000000000000924,0.009999999999999787,0.019999999999999574,1288.0,23.849999999976717,6.459500000000048
1992-05-01,44.14900000000125,39.19999999999982,0.25500000000000256,-6321.665999999968,903.0,0.20690000000000452,0.3960000000000008,0.4113000000000113,0.5361999999999938,1.8830999999999989,91.0328,0.3450999999999951,0.02489999999999526,0.3719999999999999,100.7913,0.3702000000000041,-1.8551999999999964,-0.5526000000000053,79.7916,94.0,0.301108374,278.0,-51.0,7.6,0.40000000000000213,121.0,-33.0,314.0,80.0,234.0,417400,130.0,4.0,-2.6000000000000227,2.0,5.0,3.0,2.0,126.0,-12.0,-10.800000000000182,2.1999999999989086,11.0,14.0,40.4,4.1,40.9,1214,1.0,62.0,501,290,1056.0,7.0,15.0,419.0,254.0,1352.0,894.0,-437.0,-0.010000000000000009,-0.29999999999984084,3.100000000000364,-6.0,1.3999999999999773,-1.6000000000000014,-1.6999999999999957,-2.2164000000000215,0.5736000000000558,-912.8000000000466,-0.8111754800000028,7.399999999999977,-0.053946281999999623,23.44415741,0.08999999999999986,-0.16000000000000014,-0.1200000000000001,-0.1200000000000001,-0.10999999999999943,-0.08999999999999986,-0.09000000000000075,-0.05000000000000071,-0.08000000000000007,0.06,-0.19,-0.07,0.37,2.87,3.57,4.46,5.31,-0.02870000000000017,-2.7685000000000173,0.05290000000000017,0.011700000000000044,0.4000000000000057,0.5,0.4000000000000057,2.200000000000003,0.6970000000000027,-0.20000000000000284,0.29999999999998295,1.5000000000000284,0.30000000000001137,-0.30000000000001137,0.29999999999998295,-0.09999999999999432,0.4000000000000057,0.4000000000000057,0.29999999999998295,0.30000000000001137,0.08400000000000318,-0.005999999999971806,0.09199999999999875,-0.13500000000000512,0.009999999999999787,0.0,-0.00999999999999801,-2068.0,63.34000000002561,9.605999999999995
1992-06-01,34.78699999999844,31.800000000000182,0.13400000000000034,7592.9679999999935,465.0,0.03559999999999519,-0.17749999999999488,-0.22110000000000696,-0.4030999999999949,-0.8547999999999973,90.8779,0.10249999999999915,0.23800000000000665,0.07959999999999923,101.8968,0.20889999999999986,-3.0001000000000033,-0.24549999999999983,79.8426,-36.0,0.288645418,340.0,44.0,7.8,0.3999999999999986,101.0,21.0,314.0,148.0,166.0,418750,60.0,-37.0,-6.399999999999977,-21.0,-9.0,-13.0,4.0,97.0,4.0,-7.199999999999818,6.800000000001091,9.0,9.0,40.3,4.1,40.8,1145,-9.0,-23.0,462,292,1057.0,-3.0,-16.0,437.0,256.0,-2988.0,-2374.0,5431.0,0.0,-3.1000000000001364,-4.099999999999909,-10.700000000000273,2.6000000000000227,0.7000000000000028,0.5999999999999943,-1.1259999999999764,-2.395399999999995,-2347.4199999999255,-1.0042258400000037,-6.5400000000000205,0.04757642099999959,23.39893754,-0.06000000000000005,0.040000000000000036,0.03000000000000025,0.020000000000000018,-0.020000000000000462,-0.20999999999999996,-0.1299999999999999,-0.05999999999999872,-0.08000000000000007,0.16,-0.1,0.01,0.41,2.72,3.5,4.46,5.29,-0.06569999999999987,-3.9354999999999905,0.04559999999999986,-0.0031000000000001027,0.5,0.5,0.5999999999999943,1.2999999999999972,1.4349999999999987,1.4000000000000057,0.4000000000000057,-0.4000000000000057,0.5,0.10000000000002274,0.5,0.0,0.39999999999997726,0.5,0.4000000000000057,0.4000000000000057,0.11199999999999477,-0.6180000000000234,0.3100000000000023,0.014000000000002899,0.03999999999999915,0.11000000000000121,-0.010000000000001563,809.0,1754.3199999999779,9.035499999999956
1992-07-01,-7.6009999999987485,-10.699999999999818,0.16499999999999915,9747.454000000027,1180.0,0.5724000000000018,0.7317999999999927,0.8076000000000079,1.0892999999999944,1.6250999999999962,91.6587,0.44720000000000226,0.4141999999999939,0.3918999999999997,101.9308,0.5747,0.7027999999999963,0.20940000000000225,80.3514,-20.0,0.292182741,104.0,294.0,7.7,-0.09999999999999787,-80.0,23.0,-144.0,-118.0,-26.0,442750,85.0,-23.0,-3.1000000000000227,-14.0,-6.0,-19.0,13.0,108.0,-40.0,-18.699999999999818,-18.700000000000728,-2.0,55.0,40.3,4.1,40.8,1139,8.0,-6.0,472,274,1089.0,7.0,10.0,441.0,267.0,-244.0,-4296.0,4651.0,-0.010000000000000009,5.300000000000068,5.699999999999818,-6.5,3.2999999999999545,0.29999999999999716,0.20000000000000284,-1.82000000000005,-0.8177000000000589,681.8800000000047,-0.10849244999999996,6.78000000000003,-0.043680042999999724,24.07703641,-0.5099999999999998,-0.48,-0.4500000000000002,-0.4900000000000002,-0.5699999999999998,-0.6400000000000006,-0.41999999999999993,-0.15000000000000036,-0.21000000000000085,0.19,-0.04,0.03,0.35,2.59,3.59,4.82,5.59,-0.09030000000000005,-0.9538000000000011,0.06259999999999999,-0.0036000000000000476,-0.10000000000000853,0.0,0.10000000000000853,0.0,-0.6159999999999997,2.5,0.4000000000000057,0.09999999999999432,0.5,0.09999999999999432,0.20000000000001705,0.0,0.5,0.4000000000000057,0.4000000000000057,0.29999999999998295,0.20900000000000318,0.5430000000000064,0.14999999999999147,0.1390000000000029,-0.009999999999999787,-0.10000000000000142,0.0,595.0,115.75,10.925500000000056
1992-08-01,32.55799999999908,27.5,0.12400000000000233,-11733.712999999989,543.0,-0.3545999999999978,-0.09189999999999543,-0.0964000000000027,0.0072000000000116415,-0.556599999999996,91.962,-0.22010000000000218,-0.6011999999999986,-0.17719999999999914,100.4963,-0.3194000000000017,1.0067000000000093,-3.0028000000000006,79.7392,68.0,0.301011546,50.0,113.0,7.6,-0.10000000000000142,-2.0,8.0,-35.0,16.0,-51.0,407200,124.0,-31.0,-3.099999999999909,11.0,-38.0,-17.0,-21.0,155.0,-16.0,-8.400000000000546,-13.600000000000364,12.0,66.0,40.3,4.1,40.8,1226,-12.0,55.0,478,312,1075.0,-5.0,2.0,425.0,272.0,-2179.0,-4718.0,1038.0,0.020000000000000018,1.400000000000091,4.400000000000091,-1.699999999999818,2.3000000000000114,0.4000000000000057,0.3999999999999986,-2.024400000000014,1.6053000000000566,492.7399999999907,-0.4066708999999946,2.8799999999999955,-0.01489465000000001,24.41782704,0.04999999999999982,-0.06000000000000005,-0.08000000000000007,-0.06999999999999984,-0.1299999999999999,-0.2400000000000002,-0.25,-0.1200000000000001,-0.1899999999999995,0.08,-0.17,-0.09,0.17,2.3,3.29,4.65,5.35,-0.03810000000000002,0.3492999999999995,0.025700000000000056,-0.0016999999999998128,0.10000000000000853,0.0,-0.10000000000000853,-0.8999999999999915,-0.4089999999999989,3.1999999999999886,0.30000000000001137,-0.9999999999999716,0.09999999999999432,-0.09999999999999432,0.29999999999998295,0.0,0.4000000000000057,0.30000000000001137,0.4000000000000057,0.4000000000000057,0.08500000000000085,-0.10300000000000864,0.13000000000000966,-0.15000000000000568,0.03999999999999915,0.0600000000000005,0.010000000000001563,195.0,2373.790000000008,11.354900000000043
1992-09-01,-33.30799999999908,-37.100000000000364,0.32499999999999574,10092.314999999944,1600.0,0.20319999999999538,-0.03109999999999502,-0.12300000000000466,-0.3475000000000108,-0.20960000000000178,91.5507,0.1875,0.4247000000000014,-0.020299999999998875,101.8134,0.09740000000000038,-0.4434000000000111,1.7601000000000013,79.6562,-91.0,0.291892445,-112.0,-106.0,7.6,0.10000000000000142,-8.0,42.0,-75.0,-113.0,38.0,417000,36.0,-25.0,-6.300000000000068,3.0,-22.0,-17.0,-5.0,61.0,-5.0,-10.199999999999818,-1.7999999999992724,16.0,-54.0,40.2,4.0,40.7,1186,14.0,-60.0,522,274,1114.0,3.0,8.0,447.0,278.0,300.0,-3163.0,1377.0,-0.020000000000000018,3.8999999999998636,6.599999999999909,3.0,4.199999999999989,1.2999999999999972,1.3999999999999986,1.1577000000000908,2.732599999999934,-721.3500000000931,0.08553639000000146,0.5500000000000114,0.0016787659999999427,24.52367042,-0.07999999999999963,-0.13999999999999968,-0.21999999999999975,-0.25,-0.29000000000000004,-0.21999999999999975,-0.16999999999999993,-0.03000000000000025,-0.030000000000001137,0.02,-0.31,-0.26,-0.04,2.16,3.2,4.7,5.4,-0.01859999999999995,-3.634299999999996,-0.09689999999999999,0.03179999999999983,0.29999999999999716,0.3999999999999915,0.20000000000000284,2.0999999999999943,0.5519999999999996,-1.8999999999999915,0.29999999999998295,0.2999999999999545,0.0,0.0,0.30000000000001137,-1.4210854715202004e-14,0.30000000000001137,0.19999999999998863,0.29999999999998295,0.19999999999998863,0.1039999999999992,-0.24399999999999977,0.0379999999999967,0.07000000000000028,-0.019999999999999574,-0.08999999999999986,-0.0400000000000027,-362.0,953.0799999999872,5.006999999999948
1992-10-01,-42.43499999999949,-42.899999999999636,0.16900000000000404,2978.7889999999898,1225.0,0.43439999999999657,0.5708999999999946,0.7236000000000047,1.1067000000000036,1.3423999999999978,92.5091,0.1658000000000044,0.2991000000000028,0.4457000000000022,101.4041,0.36820000000000164,3.7081000000000017,2.564799999999991,79.9183,55.0,0.309640349,-475.0,-92.0,7.3,0.7999999999999972,-72.0,-252.0,1.0,-82.0,83.0,377800,186.0,10.0,2.2000000000000455,16.0,-9.0,-15.0,6.0,176.0,18.0,1.0,17.899999999999636,8.0,-1.0,40.3,4.1,40.8,1244,4.0,42.0,519,289,1132.0,-11.0,-8.0,485.0,277.0,6681.0,2402.0,401.0,0.010000000000000009,1.400000000000091,2.0,-0.7000000000002728,2.900000000000034,1.6000000000000014,1.7000000000000028,-1.5666000000001077,2.9016000000000304,-2673.5999999999767,-0.35079656000000625,-5.980000000000018,0.0421213960000002,24.12481391,-0.1200000000000001,0.08999999999999986,-0.050000000000000266,0.08000000000000007,0.11999999999999966,0.21999999999999975,0.16999999999999993,0.07000000000000028,0.22000000000000064,0.23,-0.24,-0.06,0.2,2.5,3.49,4.89,5.74,0.03960000000000008,-1.4314999999999998,-0.1936,0.022800000000000153,0.5,0.5,0.0,0.0,-0.2140000000000022,-3.9000000000000057,0.5999999999999943,0.4000000000000341,1.0999999999999943,0.19999999999998863,0.29999999999998295,0.10000000000002274,0.799999999999983,0.6999999999999886,0.5,0.5,0.22500000000000142,0.42500000000001137,0.05200000000000671,0.1280000000000001,0.040000000000000924,0.09999999999999964,0.030000000000002913,-310.0,-503.2399999999907,6.355800000000045
1992-11-01,18.396999999999025,32.600000000000364,0.08599999999999852,1259.2870000000112,378.0,0.24500000000000455,0.1844999999999999,0.22409999999999286,0.1332000000000022,0.5388999999999982,92.4278,0.3230000000000004,0.3003999999999962,0.22869999999999635,101.8594,0.23279999999999745,0.027100000000004343,-1.0011999999999972,80.019,98.0,0.314479875,415.0,248.0,7.4,-1.0,-39.0,293.0,-108.0,94.0,-202.0,362250,145.0,12.0,-1.3000000000000682,6.0,7.0,6.0,1.0,133.0,5.0,-2.800000000000182,6.600000000000364,12.0,13.0,40.3,4.1,40.9,1214,-16.0,-40.0,519,315,1118.0,18.0,6.0,448.0,276.0,-5018.0,-3907.0,1925.0,-0.010000000000000009,-3.7000000000000455,-10.800000000000182,-4.899999999999636,6.099999999999966,1.6000000000000014,1.6000000000000014,0.05770000000006803,1.3086000000000695,2889.8800000000047,0.13225875000000542,10.339999999999975,-0.07423452900000038,24.6184279,-0.010000000000000231,0.33000000000000007,0.27,0.2999999999999998,0.38000000000000034,0.4400000000000004,0.28000000000000025,0.10999999999999943,0.120000000000001,0.57,0.04,0.25,0.59,2.95,3.78,5.01,5.87,0.11149999999999993,2.7147999999999968,-0.1261000000000001,0.02210000000000001,-0.10000000000000853,-0.20000000000000284,-0.20000000000000284,-0.29999999999999716,-1.346,-4.5,0.4000000000000057,-0.10000000000002274,0.5999999999999943,-0.09999999999999432,0.10000000000002274,0.0999999999999801,0.6000000000000227,0.5,0.4000000000000057,0.4000000000000057,0.12599999999999056,-0.029000000000024784,0.03599999999998715,-0.1249999999999929,0.019999999999999574,0.030000000000001137,-1.7763568394002505e-15,-678.0,1873.0199999999895,8.525899999999979
1992-12-01,311.3819999999996,301.39999999999964,0.3329999999999984,11522.229999999981,2102.0,0.09709999999999752,0.24909999999999854,0.20650000000000546,0.033699999999996066,0.6599000000000004,92.1347,0.40800000000000125,-0.04999999999999716,-0.10349999999999682,101.3449,-0.033900000000002706,2.957899999999995,-0.7419999999999973,79.8,3.0,0.315057026,113.0,121.0,7.4,1.1000000000000014,-128.0,-164.0,254.0,190.0,64.0,339000,219.0,35.0,-0.5,24.0,12.0,3.0,9.0,184.0,17.0,-8.800000000000182,8.299999999999272,17.0,37.0,40.3,4.1,40.9,1227,42.0,10.0,531,264,1176.0,-5.0,20.0,478.0,289.0,3706.0,-1068.0,5961.0,0.0,-2.7999999999999545,-4.5,-4.600000000000364,6.0,1.8999999999999986,1.8999999999999986,-0.4495000000000573,0.7817000000000007,430.79000000003725,-3.481238950000005,12.800000000000011,-0.08680585699999988,25.18023355,-0.16999999999999993,0.009999999999999787,0.0900000000000003,0.020000000000000018,0.029999999999999805,0.040000000000000036,-0.10000000000000053,-0.11999999999999922,-0.15000000000000036,0.75,0.3,0.44,0.79,3.16,3.85,5.06,5.89,-0.007200000000000095,0.16089999999999804,0.0242,0.005099999999999882,0.10000000000000853,0.10000000000000853,0.0,-1.2000000000000028,-0.9349999999999987,-0.20000000000000284,0.20000000000001705,-0.0999999999999659,0.20000000000001705,-0.19999999999998863,0.19999999999998863,-0.3999999999999915,0.39999999999997726,0.30000000000001137,0.30000000000001137,0.20000000000001705,0.11200000000000898,-0.8119999999999834,0.15800000000000125,-0.0020000000000095497,0.019999999999999574,0.019999999999999574,0.0,-453.0,1290.2600000000093,8.400999999999954
1993-01-01,-243.35900000000038,-264.3000000000002,-0.0730000000000004,1882.9210000000894,2003.0,0.2536000000000058,0.28719999999999857,0.3370999999999924,0.46220000000000994,0.9425000000000097,92.3372,0.16219999999999857,0.21869999999999834,0.5362999999999971,102.1474,0.6039999999999992,-4.855199999999996,0.08380000000000365,80.3854,-70.0,0.31538874,-154.0,78.0,7.3,-0.6999999999999993,110.0,-110.0,-305.0,-215.0,-90.0,345600,288.0,55.0,0.7000000000000455,34.0,20.0,15.0,5.0,233.0,61.0,3.0,39.80000000000109,17.0,23.0,40.5,4.3,41.1,1210,-25.0,26.0,556,221,1177.0,13.0,1.0,485.0,269.0,-4443.0,-5418.0,183.0,-0.010000000000000009,-3.7000000000000455,-3.799999999999727,-12.399999999999636,-1.2999999999999545,-0.6000000000000014,-0.6000000000000014,-0.9536999999999125,-1.7443000000000666,661.5999999999767,2.516367240000008,-0.40999999999996817,0.010328186000000183,24.7167488,0.10000000000000009,-0.41999999999999993,-0.2200000000000002,-0.21999999999999975,-0.20999999999999996,-0.25,-0.16999999999999993,-0.07000000000000028,-0.14000000000000057,0.23,-0.02,0.12,0.48,2.81,3.58,4.89,5.65,0.055500000000000105,0.9523000000000081,-0.01849999999999996,0.005400000000000071,0.20000000000000284,0.20000000000000284,0.30000000000001137,0.4000000000000057,-0.33200000000000074,-0.09999999999999432,0.5,-0.10000000000002274,0.29999999999998295,0.29999999999998295,0.19999999999998863,0.0,0.6000000000000227,0.4000000000000057,0.29999999999998295,0.39999999999997726,0.1559999999999917,0.8700000000000045,-0.01999999999999602,0.05600000000000449,0.019999999999999574,0.0,0.02000000000000135,-233.0,-1556.4100000000035,-1.0921999999999343
1993-02-01,39.79000000000087,41.80000000000018,0.0940000000000012,-966.0929999999935,-1364.0,0.31269999999999243,0.21110000000000184,0.04579999999999984,0.10919999999998709,-0.254800000000003,92.634,0.06609999999999872,0.4070999999999998,0.28229999999999933,102.2882,0.18640000000000612,1.996300000000005,0.6932999999999936,80.4627,112.0,0.332462158,58.0,200.0,7.1,-0.10000000000000142,162.0,-69.0,-156.0,-97.0,-59.0,338250,258.0,57.0,-9.200000000000045,50.0,14.0,4.0,10.0,201.0,49.0,-3.0,50.29999999999927,12.0,1.0,40.6,4.4,41.1,1210,-5.0,-8.0,533,257,1148.0,1.0,-14.0,486.0,252.0,7217.0,450.0,2106.0,0.0,-2.400000000000091,1.0,-8.200000000000273,-1.1000000000000227,-2.1000000000000014,-2.1000000000000014,-1.8517000000000507,0.8636000000000195,2197.060000000056,-0.18665811000001042,6.46999999999997,-0.034216081999999926,24.67304627,0.009999999999999787,-0.06999999999999984,-0.06999999999999984,-0.07000000000000028,-0.10999999999999988,-0.40000000000000036,-0.33999999999999986,-0.20000000000000018,-0.27999999999999936,0.15,-0.1,0.04,0.36,2.4,3.23,4.68,5.36,0.04039999999999999,-4.233699999999999,-0.09299999999999997,-0.01770000000000005,0.29999999999999716,0.29999999999999716,0.5,-0.5,0.9780000000000015,-0.4000000000000057,0.29999999999998295,1.1999999999999886,0.4000000000000057,-0.09999999999999432,0.4000000000000057,0.0,0.29999999999998295,0.29999999999998295,0.4000000000000057,0.30000000000001137,0.09700000000000841,-0.4819999999999993,0.20000000000000284,-0.11299999999999955,0.030000000000001137,0.009999999999999787,-0.02000000000000135,-2969.0,-141.19999999998254,9.58929999999998
1993-03-01,-22.41699999999946,-28.600000000000364,-0.13799999999999812,-4758.373000000021,-1438.0,-0.06349999999999056,0.05280000000000484,-0.0072999999999865395,0.04040000000000532,0.3738999999999919,92.501,0.10029999999999717,-0.17499999999999716,-0.00280000000000058,101.7842,-0.12460000000000093,3.6809999999999974,-1.2875999999999976,80.1653,-19.0,0.335026502,140.0,267.0,7.0,-0.5999999999999979,-201.0,86.0,-75.0,26.0,-101.0,351000,-44.0,-46.0,2.2000000000000455,-38.0,-9.0,-11.0,2.0,2.0,-15.0,-4.199999999999818,-12.5,9.0,5.0,40.3,4.2,40.8,1083,-32.0,-49.0,459,285,1056.0,-35.0,-14.0,423.0,272.0,-2092.0,-2098.0,6717.0,0.020000000000000018,1.800000000000182,1.7999999999997272,-5.299999999999727,3.1999999999999886,0.3999999999999986,0.4000000000000057,-2.286799999999971,2.963600000000042,-1761.7900000000373,-0.2652192799999966,8.460000000000036,-0.04556047200000002,24.71939349,0.040000000000000036,-0.010000000000000231,0.020000000000000018,-0.020000000000000018,-0.06000000000000005,-0.23999999999999932,-0.27999999999999936,-0.1299999999999999,-0.2400000000000002,0.1,-0.12,-0.02,0.26,2.12,2.91,4.51,5.08,0.0027999999999999137,-3.7421000000000078,0.022199999999999998,-0.01309999999999989,0.29999999999999716,0.20000000000000284,0.3999999999999915,0.5,0.2940000000000005,-1.1999999999999886,0.20000000000001705,-1.1999999999999886,-0.19999999999998863,-0.30000000000001137,0.0,0.29999999999999716,0.4000000000000057,0.30000000000001137,0.20000000000001705,0.19999999999998863,0.132000000000005,0.11600000000001387,-0.08200000000000784,0.12400000000000233,0.02999999999999936,0.08000000000000007,-0.009999999999999787,-425.0,-394.95000000001164,13.713399999999979
1993-04-01,64.91899999999987,69.20000000000073,0.34199999999999875,3864.375,4443.0,0.17959999999999354,0.12639999999998963,0.16219999999999857,0.05910000000000082,0.31150000000000944,92.4285,0.29650000000000176,0.22889999999999588,0.17480000000000473,102.8714,0.3019999999999925,-1.0476000000000028,0.02009999999999934,80.4026,0.0,0.333040615,-14.0,-68.0,7.1,0.0,90.0,-46.0,-101.0,72.0,-173.0,354750,296.0,-11.0,-1.1000000000000227,14.0,-23.0,-19.0,-4.0,307.0,28.0,6.400000000000546,20.0,25.0,31.0,40.8,4.7,41.3,1258,26.0,12.0,563,318,1104.0,9.0,-13.0,475.0,272.0,633.0,-1227.0,1976.0,-0.010000000000000009,4.299999999999727,2.4000000000005457,-8.5,6.100000000000023,2.200000000000003,2.299999999999997,-5.744699999999966,2.789299999999912,4014.920000000042,-0.24583011,-7.080000000000041,0.047301211999999815,23.91823244,-0.10999999999999988,-0.029999999999999805,-0.08000000000000007,-0.07999999999999963,-0.08999999999999986,-0.0600000000000005,-0.010000000000000675,-0.1200000000000001,-0.009999999999999787,0.18,-0.09,0.01,0.28,2.17,3.01,4.5,5.18,-0.060699999999999976,-4.6059999999999945,0.08299999999999996,0.014999999999999902,0.7000000000000028,0.8999999999999915,0.29999999999999716,1.5,-0.07700000000000173,-3.0,0.5,0.0,0.19999999999998863,0.30000000000001137,0.30000000000001137,1.4210854715202004e-14,0.6999999999999886,0.5,0.39999999999997726,0.5,0.17199999999999704,0.8379999999999654,0.0,-0.030000000000001137,0.040000000000000924,0.0,0.040000000000000924,639.0,1174.0199999999895,9.88130000000001
1993-05-01,-1.962999999999738,3.199999999999818,0.17799999999999727,1190.7949999999255,1677.0,-0.24169999999999447,-0.2722999999999871,-0.3552999999999997,-0.5970999999999975,0.08199999999999363,91.4934,0.06009999999999849,-0.20989999999999753,0.04579999999999984,101.936,-0.07239999999998759,-6.215000000000003,0.14470000000000027,80.1821,127.0,0.345502241,680.0,641.0,7.1,-0.10000000000000142,13.0,-3.0,87.0,-56.0,143.0,343600,271.0,59.0,1.0,63.0,-6.0,-11.0,5.0,212.0,48.0,11.699999999999818,22.0,23.0,13.0,40.6,4.3,41.1,1260,-2.0,43.0,555,287,1112.0,11.0,17.0,458.0,269.0,-866.0,-3854.0,497.0,-0.020000000000000018,9.100000000000364,25.999999999999545,11.099999999999909,2.0,-0.3999999999999986,-0.5,2.397999999999911,5.400100000000066,-1492.390000000014,-0.5353403000000014,2.170000000000016,-0.01073248299999996,23.7187547,0.040000000000000036,0.0,0.08999999999999986,0.09999999999999964,0.11999999999999966,0.07000000000000028,0.07000000000000028,-0.03000000000000025,0.07000000000000028,0.14,-0.04,0.07,0.36,2.2,3.04,4.43,5.21,-0.009500000000000064,-2.068399999999997,0.0030000000000001137,0.00770000000000004,0.0,0.10000000000000853,-0.29999999999999716,2.3999999999999915,-0.3299999999999983,-4.700000000000003,0.39999999999997726,-0.5,0.30000000000001137,0.4000000000000057,0.19999999999998863,-1.4210854715202004e-14,0.6000000000000227,0.30000000000001137,0.4000000000000057,0.30000000000001137,0.20000000000000284,-0.8019999999999925,-0.02599999999999625,0.10199999999999676,0.02999999999999936,0.02999999999999936,-0.030000000000001137,131.0,-1178.0999999999767,3.203800000000001
1993-06-01,-10.731999999999971,-19.800000000000182,0.18599999999999994,6960.9220000000205,-269.0,0.14699999999999136,-0.021100000000004115,-0.058000000000006935,0.1681999999999988,-0.5777999999999963,92.043,-0.333599999999997,0.30799999999999983,0.15109999999999957,101.8088,-0.07120000000000459,3.4448000000000008,-0.21359999999999957,79.9638,-86.0,0.337134086,147.0,175.0,7.0,0.3000000000000007,-145.0,161.0,40.0,30.0,10.0,342750,171.0,-24.0,-7.899999999999977,7.0,-24.0,-18.0,-6.0,195.0,50.0,1.5,31.899999999999636,21.0,18.0,40.5,4.4,41.0,1280,11.0,-14.0,548,317,1130.0,1.0,9.0,455.0,280.0,3683.0,-654.0,1856.0,0.010000000000000009,-9.100000000000364,-20.09999999999991,2.199999999999818,5.0,1.1000000000000014,1.0,2.2687000000000808,4.1784000000000106,2562.1300000000047,0.5384980700000028,2.8100000000000023,-0.01464771400000009,23.60555902,0.040000000000000036,0.10999999999999988,0.10999999999999988,0.13000000000000034,0.18000000000000016,0.019999999999999574,-0.08000000000000007,-0.09999999999999964,-0.14000000000000057,0.21,0.03,0.16,0.5,2.18,2.92,4.29,5.03,0.02650000000000019,-2.931200000000004,-0.03950000000000009,0.009099999999999886,-0.5,-0.7000000000000028,0.0,-1.7999999999999972,-0.870000000000001,-1.2000000000000028,0.10000000000002274,0.0,0.0,-0.5999999999999943,-0.29999999999998295,0.0,0.5,0.19999999999998863,0.09999999999999432,0.09999999999999432,0.02199999999999136,0.27400000000002933,-0.2469999999999999,-0.18599999999999994,0.009999999999999787,0.0,0.009999999999999787,1857.0,469.22000000000116,9.98619999999994
1993-07-01,27.98699999999917,20.600000000000364,0.2530000000000001,-3676.923999999999,2586.0,0.16660000000000252,0.38649999999999807,0.4701000000000022,0.6968999999999994,-0.08100000000000307,93.1251,0.00999999999999801,-0.0478999999999985,0.09009999999999962,101.7712,0.13809999999999434,3.4551000000000016,0.0742000000000047,80.001,111.0,0.356774916,-14.0,177.0,6.9,-0.10000000000000142,74.0,-192.0,-95.0,-79.0,-16.0,350800,312.0,18.0,-3.5,23.0,-2.0,-1.0,-1.0,294.0,57.0,13.399999999999636,34.100000000000364,27.0,91.0,40.6,4.4,41.1,1254,4.0,-3.0,560,278,1174.0,-2.0,-5.0,500.0,286.0,-2101.0,-152.0,315.0,0.0,0.3000000000001819,-5.900000000000091,-3.599999999999909,3.3000000000000114,0.5,0.5,-2.3677000000000135,2.0902999999999565,1436.1699999999255,-0.20170554000000607,-0.7699999999999818,0.004810271999999838,23.3833622,0.020000000000000018,-0.04999999999999982,-0.029999999999999805,-0.040000000000000036,-0.06999999999999984,-0.1299999999999999,-0.15000000000000036,-0.16000000000000014,-0.14000000000000057,0.14,-0.02,0.1,0.41,2.03,2.75,4.11,4.87,0.037799999999999834,0.27960000000000207,-0.012699999999999934,0.0031000000000001027,-0.10000000000000853,-0.29999999999999716,0.0,-2.200000000000003,-1.2040000000000006,1.0999999999999943,0.19999999999998863,0.30000000000001137,0.19999999999998863,0.0999999999999659,0.0,-0.09999999999999432,0.29999999999998295,0.19999999999998863,0.10000000000002274,0.09999999999999432,0.1039999999999992,-0.004000000000019099,-0.046999999999997044,0.045000000000001705,0.019999999999999574,0.030000000000001137,-0.019999999999999574,1294.0,3533.4099999999744,9.704500000000053
1993-08-01,18.799999999999272,12.799999999999272,0.0519999999999996,3875.1900000000605,-36.0,-0.07209999999999184,-0.21620000000000061,-0.33039999999999736,-0.12160000000000082,-0.6972999999999985,93.3005,-0.42549999999999955,0.06809999999999405,0.002400000000001512,102.242,-0.14179999999998927,1.5849000000000046,-0.06150000000000233,79.6891,73.0,0.371904599,222.0,389.0,6.8,0.3000000000000007,-116.0,9.0,-20.0,-20.0,0.0,341000,146.0,18.0,-5.0,23.0,0.0,5.0,-5.0,128.0,12.0,-4.399999999999636,23.5,19.0,-32.0,40.7,4.4,41.1,1300,-8.0,9.0,562,321,1230.0,3.0,20.0,522.0,297.0,1267.0,280.0,1427.0,0.0,0.10000000000013642,4.099999999999909,-2.400000000000091,1.7999999999999545,0.09999999999999432,-0.10000000000000142,-0.21730000000002292,2.856300000000033,2684.640000000014,0.10797503999999947,6.839999999999975,-0.042159071999999576,23.48835121,-0.03000000000000025,-0.020000000000000018,-0.020000000000000018,-0.020000000000000018,-0.03000000000000025,-0.05999999999999961,-0.1299999999999999,-0.3200000000000003,-0.33000000000000007,0.15,-0.01,0.11,0.41,2.0,2.65,3.82,4.57,-0.018100000000000005,-3.926400000000001,-0.0040999999999999925,0.026000000000000023,-1.1999999999999886,-1.5,-0.09999999999999432,-0.7999999999999972,0.14300000000000068,2.0,0.30000000000001137,1.3999999999999773,0.4000000000000057,-0.2999999999999545,0.29999999999998295,0.29999999999999716,0.5,0.30000000000001137,0.39999999999997726,0.4000000000000057,0.1110000000000042,-0.06399999999999295,0.06199999999999761,-0.020000000000003126,0.02000000000000135,0.009999999999999787,0.02000000000000135,-1371.0,1496.460000000021,2.3197999999999865
1993-09-01,-19.613999999999578,-20.799999999999272,0.29700000000000415,6768.66399999999,1066.0,0.33279999999999177,0.4725999999999999,0.5143999999999949,0.2597999999999985,1.3579000000000008,92.9916,0.7625000000000028,0.19410000000000593,0.4498999999999995,102.2663,0.4521999999999906,-0.28249999999999886,1.5261999999999958,80.0944,-76.0,0.365274271,-351.0,-302.0,6.7,0.10000000000000142,-49.0,-79.0,16.0,30.0,-14.0,339000,249.0,51.0,3.1000000000000227,17.0,30.0,25.0,5.0,198.0,53.0,14.699999999999818,31.899999999999636,26.0,13.0,40.8,4.6,41.3,1343,24.0,19.0,567,316,1251.0,7.0,5.0,514.0,314.0,-2145.0,-3896.0,4141.0,0.0,0.3999999999998636,2.800000000000182,1.2000000000002728,3.8000000000000114,1.3000000000000043,1.3000000000000043,-2.2713999999999714,3.397199999999998,3183.640000000014,0.6760993700000029,5.110000000000014,-0.03067646600000007,23.51604824,0.06000000000000005,-0.020000000000000018,-0.06999999999999984,-0.08000000000000007,-0.08000000000000007,-0.2999999999999998,-0.3199999999999994,-0.1899999999999995,-0.2599999999999998,0.07,-0.14,-0.03,0.27,1.64,2.27,3.57,4.25,-0.07840000000000003,1.8097999999999956,0.033399999999999874,0.013499999999999845,0.19999999999998863,0.19999999999998863,0.09999999999999432,0.4000000000000057,-0.495000000000001,-0.5,0.19999999999998863,-1.5,-0.09999999999999432,0.1999999999999602,-0.29999999999998295,-0.10000000000000853,0.4000000000000057,0.09999999999999432,0.10000000000002274,0.09999999999999432,0.06799999999999784,0.3079999999999927,-0.31399999999999295,0.03900000000000148,0.02999999999999936,-0.030000000000001137,0.00999999999999801,-736.0,1167.2599999999802,3.1058000000000447
1993-10-01,-36.466999999998734,-29.600000000000364,0.08099999999999596,3275.5869999999413,1111.0,0.48810000000000286,0.5353000000000065,0.6113,0.43260000000000787,1.6912999999999982,92.7719,0.9810999999999979,0.4379999999999953,0.4439999999999955,102.4867,0.5504999999999995,-0.7130000000000081,1.853200000000001,80.6062,164.0,0.382514286,305.0,269.0,6.8,0.0,209.0,-2.0,-13.0,-66.0,53.0,349800,285.0,52.0,-0.8000000000000682,45.0,8.0,15.0,-7.0,233.0,53.0,8.600000000000364,32.20000000000073,23.0,1.0,40.7,4.5,41.3,1392,-22.0,49.0,590,315,1287.0,9.0,13.0,541.0,301.0,5935.0,-1947.0,304.0,-0.020000000000000018,-1.1000000000001364,-2.0,-6.700000000000273,3.5,0.8999999999999986,1.0,-1.5434999999999945,4.1749999999999545,4807.540000000037,0.9489471300000076,4.659999999999968,-0.023074573000000154,23.46809277,-0.09999999999999964,0.09999999999999964,0.06999999999999984,0.06000000000000005,0.03000000000000025,-0.020000000000000462,-0.03000000000000025,0.009999999999999787,-0.03000000000000025,0.27,0.03,0.13,0.4,1.72,2.34,3.68,4.32,0.025000000000000133,1.4451999999999998,-0.022499999999999964,0.0048000000000001375,0.10000000000000853,0.20000000000000284,0.10000000000000853,2.5,0.6310000000000002,-3.3999999999999915,0.5999999999999943,0.4000000000000341,1.5999999999999943,0.10000000000002274,0.8999999999999773,1.4210854715202004e-14,0.4000000000000057,0.700000000000017,0.6999999999999886,0.6000000000000227,0.2049999999999983,0.046999999999997044,0.4579999999999984,-0.06099999999999284,0.02999999999999936,0.05000000000000071,-0.009999999999999787,412.0,3177.0500000000175,-2.985500000000002
1993-11-01,22.22399999999834,22.199999999999818,0.1460000000000008,3950.8910000000615,1863.0,0.3066000000000031,0.18719999999999004,0.1710999999999956,0.12199999999999989,0.6145999999999958,92.6398,0.2640000000000029,0.42030000000000456,0.37870000000000203,102.7582,0.31810000000000116,-0.29189999999999827,0.002300000000005298,80.8198,26.0,0.394872395,138.0,346.0,6.6,0.5,-249.0,4.0,-43.0,-34.0,-9.0,341000,254.0,41.0,-0.5,19.0,22.0,18.0,4.0,213.0,30.0,9.399999999999636,11.799999999999272,27.0,26.0,40.8,4.6,41.3,1376,13.0,-58.0,605,329,1357.0,-5.0,30.0,557.0,330.0,-2777.0,-3988.0,3715.0,0.010000000000000009,2.1000000000001364,8.900000000000091,2.700000000000273,3.8000000000000114,1.2999999999999972,1.5,0.13489999999990232,4.302099999999996,3996.8699999999953,0.2740155399999935,-1.009999999999991,0.010218844000000171,23.20487459,0.029999999999999805,0.14000000000000012,0.08000000000000007,0.13999999999999968,0.18999999999999995,0.34999999999999964,0.3899999999999997,0.2599999999999998,0.35000000000000053,0.38,0.08,0.24,0.56,2.04,2.7,3.91,4.64,0.05369999999999986,0.8564999999999969,-0.021500000000000075,-0.00890000000000013,0.20000000000000284,0.0,0.09999999999999432,-0.7000000000000028,-1.445999999999998,-2.700000000000003,0.4000000000000057,0.4999999999999716,0.19999999999998863,-0.30000000000001137,0.20000000000001705,0.0,0.5,0.29999999999998295,0.30000000000001137,0.29999999999998295,0.12399999999999523,-0.28700000000000614,0.10099999999999909,0.02199999999999136,0.040000000000000924,0.02999999999999936,0.010000000000001563,1359.0,2196.220000000001,2.7853000000000065
1993-12-01,302.03400000000147,290.8000000000002,0.1840000000000046,2447.677000000025,1652.0,0.38349999999999795,0.355000000000004,0.2365000000000066,0.2453999999999894,0.37180000000000746,92.815,0.2971999999999966,0.40799999999999415,0.5510999999999981,102.8575,0.408299999999997,-0.18949999999999534,-0.9574000000000069,81.1289,95.0,0.409106995,230.0,295.0,6.5,-0.3000000000000007,159.0,-156.0,-18.0,0.0,-18.0,323000,336.0,67.0,13.800000000000068,38.0,15.0,21.0,-6.0,269.0,62.0,14.600000000000364,47.0,23.0,41.0,40.9,4.7,41.4,1533,-7.0,34.0,699,365,1461.0,30.0,-3.0,646.0,318.0,3174.0,-2786.0,4088.0,0.010000000000000009,-5.5,-9.0,-1.900000000000091,6.600000000000023,1.5,1.5999999999999943,-0.3509999999999991,9.550600000000031,5783.150000000023,-2.2862501099999974,3.0600000000000023,-0.013527129999999943,23.15048732,-0.06000000000000005,-0.040000000000000036,-0.040000000000000036,-0.029999999999999805,0.029999999999999805,0.09000000000000075,0.04999999999999982,0.0,0.03000000000000025,0.4,0.1,0.27,0.65,2.19,2.81,3.97,4.73,-0.03349999999999986,2.0365000000000038,0.010500000000000176,0.013400000000000079,0.0,0.0,-0.29999999999999716,-1.2999999999999972,-2.189000000000002,0.4000000000000057,0.30000000000001137,-0.9000000000000057,-0.09999999999999432,0.10000000000002274,0.0,-0.30000000000001137,0.5999999999999943,0.30000000000001137,0.29999999999998295,0.30000000000001137,0.015000000000000568,-0.6500000000000057,-0.04999999999999716,-0.04999999999999716,0.049999999999998934,0.02000000000000135,0.009999999999999787,739.0,4334.729999999981,7.385899999999992
1994-01-01,-178.01200000000063,-187.5,0.14300000000000068,884.3849999998929,-1257.0,0.20600000000000307,0.3246999999999929,0.3633999999999986,0.5455000000000041,1.051000000000002,93.0934,0.22469999999999857,0.08850000000000335,0.0999000000000052,102.3713,0.06110000000001037,4.410200000000003,-0.9030999999999949,81.0033,124.0,0.41622248,655.0,502.0,6.6,0.3000000000000007,-62.0,22.0,92.0,141.0,-49.0,359200,277.0,52.0,-2.8999999999999773,15.0,40.0,37.0,3.0,225.0,39.0,13.699999999999818,5.0,20.0,38.0,40.9,4.7,41.4,1272,-32.0,-87.0,563,359,1390.0,-69.0,-28.0,599.0,391.0,4933.0,722.0,-104.0,-0.020000000000000018,-3.5,-4.0,0.29999999999972715,-0.8000000000000114,-0.7999999999999972,-0.7999999999999972,3.77920000000006,0.8097999999999956,3757.5899999999674,2.523342569999997,7.0400000000000205,-0.03103029200000007,23.217247,0.08999999999999986,-0.16999999999999993,-0.08000000000000007,-0.08000000000000007,-0.06999999999999984,-0.0600000000000005,-0.019999999999999574,-0.009999999999999787,-0.040000000000000036,0.14,-0.07,0.1,0.49,2.04,2.7,3.87,4.6,0.008199999999999985,1.5285000000000082,0.0009999999999998899,-0.013500000000000068,0.3999999999999915,0.29999999999999716,0.29999999999999716,2.0999999999999943,0.4900000000000002,1.0999999999999943,0.0,-0.4999999999999716,-0.4000000000000057,-0.10000000000002274,-0.09999999999999432,0.10000000000000853,0.30000000000001137,0.09999999999999432,0.0,0.0,0.02200000000000557,0.5640000000000214,-0.18500000000000227,0.009000000000000341,0.02000000000000135,0.02999999999999936,-0.030000000000001137,1576.0,-46.73999999999069,5.949799999999982
1994-02-01,8.503000000000611,9.100000000000364,0.42199999999999704,7111.123000000021,2932.0,0.04279999999999973,-0.12779999999999347,-0.16719999999999402,0.18720000000000425,-0.07189999999999941,93.4062,-0.4332999999999956,0.20870000000000033,0.21109999999999474,103.0535,0.10269999999999868,-0.9374000000000109,-0.5001000000000033,80.9138,151.0,0.436094606,73.0,120.0,6.6,0.3999999999999986,-532.0,330.0,58.0,32.0,26.0,348500,181.0,-14.0,-3.400000000000091,-17.0,7.0,11.0,-4.0,195.0,97.0,11.0,70.40000000000146,21.0,3.0,40.3,4.7,40.9,1337,30.0,25.0,606,326,1269.0,10.0,-20.0,545.0,334.0,-1357.0,-1004.0,4649.0,-0.010000000000000009,2.7000000000000455,0.3999999999996362,-5.899999999999636,0.0999999999999659,-2.3999999999999986,-2.5,0.740099999999984,0.1127999999999929,5438.989999999991,0.6208148300000005,-1.410000000000025,0.017182769999999792,22.85148931,0.20000000000000018,0.30000000000000027,0.27,0.28000000000000025,0.33000000000000007,0.3100000000000005,0.21999999999999975,0.16000000000000014,0.10999999999999943,0.24,0.0,0.18,0.62,2.15,2.72,3.83,4.51,-0.015100000000000113,-5.1404,-0.01309999999999989,0.025100000000000122,0.20000000000000284,0.30000000000001137,0.4000000000000057,-1.7000000000000028,-0.22000000000000064,4.299999999999997,0.39999999999997726,0.6999999999999602,0.6000000000000227,0.19999999999998863,0.09999999999999432,-0.30000000000001137,0.5999999999999943,0.4000000000000057,0.20000000000001705,0.4000000000000057,0.15200000000000102,0.09499999999999886,-0.012000000000000455,0.11399999999999721,0.06999999999999851,0.09999999999999964,0.05000000000000071,937.0,292.1499999999942,-4.366200000000049
1994-03-01,23.51299999999901,23.599999999999454,0.006999999999997897,13062.693000000087,3505.0,0.6684999999999945,0.7363,0.7028999999999996,0.7319999999999993,0.6522999999999968,94.1632,0.506699999999995,0.5970999999999975,0.5630000000000024,104.3743,0.8743999999999943,-2.929799999999986,0.41320000000000334,81.7386,51.0,0.447933884,-269.0,-156.0,6.5,0.0,137.0,-171.0,-63.0,-84.0,21.0,335750,463.0,99.0,-3.5,67.0,35.0,28.0,7.0,364.0,105.0,16.300000000000182,67.5,20.0,40.0,41.1,5.0,41.7,1564,-2.0,87.0,672,402,1342.0,9.0,27.0,576.0,340.0,-593.0,-1054.0,1081.0,-0.010000000000000009,-0.900000000000091,3.600000000000364,-3.5,2.900000000000034,0.0,0.0,6.7082000000000335,2.360900000000015,6616.650000000023,0.6102053999999981,-7.769999999999982,0.05433328400000015,22.18803787,0.08999999999999986,0.3599999999999999,0.25,0.34999999999999964,0.4500000000000002,0.54,0.5100000000000007,0.40000000000000036,0.370000000000001,0.51,0.16,0.44,0.98,2.6,3.14,4.14,4.79,-0.02729999999999988,-1.203700000000012,0.012699999999999934,0.02200000000000002,0.09999999999999432,0.0,0.19999999999998863,1.7000000000000028,-0.11999999999999922,4.799999999999997,0.4000000000000057,0.7000000000000455,0.29999999999998295,-0.0999999999999659,0.09999999999999432,0.30000000000001137,0.5999999999999943,0.4000000000000057,0.29999999999998295,0.29999999999998295,0.18099999999999739,0.19700000000000273,-0.005000000000009663,0.02300000000000324,-0.019999999999999574,-0.0600000000000005,-0.09000000000000163,904.0,4184.690000000002,15.479600000000005
1994-04-01,82.1180000000004,78.40000000000055,0.22400000000000375,-4200.82500000007,60.0,0.40030000000000143,0.35200000000000387,0.2950999999999908,0.27379999999999427,0.9131,94.1112,0.3200000000000003,0.4444000000000017,0.7383999999999986,104.2903,0.5970999999999975,-3.164900000000003,1.0251999999999981,82.2123,0.0,0.455407514,221.0,360.0,6.4,0.0,53.0,-113.0,-134.0,-100.0,-34.0,344000,344.0,91.0,-2.0,57.0,36.0,32.0,4.0,253.0,18.0,17.299999999999272,43.0,6.0,33.0,41.1,5.0,41.7,1465,25.0,-3.0,615,338,1392.0,14.0,1.0,600.0,351.0,3788.0,340.0,3238.0,0.0,-2.7999999999999545,-3.199999999999818,-0.8000000000001819,6.099999999999966,2.0,2.0,5.584999999999923,3.5939999999999372,4418.0,-0.26698548999999616,-16.579999999999984,0.11127370999999986,21.16564687,0.2200000000000002,0.19999999999999973,0.18000000000000016,0.31000000000000005,0.5,0.5799999999999992,0.4899999999999993,0.39999999999999947,0.3899999999999988,0.49,0.12,0.53,1.26,2.96,3.41,4.32,4.96,0.009099999999999886,-1.6130999999999887,-0.009600000000000053,0.01859999999999995,0.0,0.0,0.0,0.0,1.7199999999999989,1.3000000000000114,0.09999999999999432,-0.9000000000000341,0.20000000000001705,0.39999999999997726,0.09999999999999432,0.0,0.19999999999998863,0.19999999999998863,0.20000000000001705,0.09999999999999432,0.07800000000000296,-0.4240000000000066,0.09500000000001307,-0.1390000000000029,0.019999999999999574,0.05000000000000071,0.030000000000002913,1819.0,2426.4500000000116,7.085000000000036
1994-05-01,18.119000000000597,22.0,-0.09600000000000364,1920.170999999973,-710.0,0.31629999999999825,0.25209999999999866,0.24890000000000612,0.47970000000000823,0.22159999999999513,94.71,0.13340000000000174,0.37650000000000006,0.40980000000000416,105.0225,0.39870000000000516,0.5070999999999941,0.21510000000000673,82.4317,151.0,0.49842072,158.0,574.0,6.1,0.5,-190.0,32.0,-85.0,-35.0,-50.0,359000,333.0,62.0,-3.0,37.0,28.0,23.0,5.0,271.0,115.0,17.0,33.79999999999927,-8.0,41.0,41.2,4.9,41.8,1526,-16.0,-19.0,702,347,1396.0,8.0,9.0,592.0,346.0,2294.0,658.0,10938.0,0.010000000000000009,1.2000000000000455,8.299999999999727,1.599999999999909,0.20000000000004547,-2.3999999999999986,-2.5,4.344600000000014,4.183800000000019,7792.2799999999115,0.9774846499999938,3.669999999999959,-0.013584931000000022,21.04224735,0.44999999999999973,0.5200000000000005,0.4599999999999995,0.5099999999999998,0.4899999999999993,0.2600000000000007,0.20999999999999996,0.11000000000000032,0.09999999999999964,0.56,0.13,0.59,1.3,2.77,3.17,3.98,4.61,-0.025799999999999823,0.26899999999999125,0.02190000000000003,-0.0021999999999999797,0.0,-0.20000000000000284,0.10000000000000853,-1.5999999999999943,1.5,2.299999999999997,0.30000000000001137,0.8000000000000114,-0.4000000000000057,-0.4000000000000057,0.30000000000001137,0.5999999999999943,0.20000000000001705,0.19999999999998863,0.19999999999998863,0.30000000000001137,0.09600000000000364,0.46599999999997976,-0.028000000000005798,0.028000000000005798,0.040000000000000924,0.05000000000000071,0.00999999999999801,-1103.0,3210.7299999999814,-4.447499999999991
1994-06-01,-12.081000000000131,-10.300000000000182,0.31800000000000495,7300.977000000072,2201.0,0.4579999999999984,0.46049999999999613,0.439399999999992,0.648699999999991,0.6663999999999959,95.3376,0.2723000000000013,0.4519999999999982,0.17569999999999908,105.3444,0.2120999999999924,3.1544999999999987,-0.10420000000000584,82.4141,-101.0,0.48492494,-218.0,-230.0,6.1,-0.6999999999999993,105.0,-13.0,-101.0,15.0,-116.0,340000,317.0,61.0,0.7000000000000455,13.0,48.0,39.0,9.0,256.0,79.0,17.200000000000728,50.20000000000073,1.0,10.0,41.2,5.0,41.8,1409,3.0,-23.0,622,330,1357.0,3.0,-14.0,565.0,345.0,2433.0,2709.0,5762.0,0.0,-0.2999999999999545,-20.800000000000182,-14.0,4.5,0.6999999999999957,0.6000000000000014,4.262800000000084,4.925200000000018,5597.150000000023,0.8390538800000087,3.930000000000007,-0.015002259999999712,20.7961711,0.2400000000000002,0.0,0.0,-0.04999999999999982,-0.040000000000000036,-0.08000000000000007,-0.08000000000000007,-0.020000000000000462,0.030000000000001137,0.32,-0.11,0.3,1.02,2.45,2.85,3.72,4.4,-0.03980000000000006,-1.2269000000000005,0.02200000000000002,0.0027999999999999137,0.10000000000000853,0.09999999999999432,0.5999999999999943,0.5,1.1900000000000013,7.8999999999999915,0.4000000000000057,0.30000000000001137,0.799999999999983,0.10000000000002274,0.5999999999999943,-0.29999999999999716,0.4000000000000057,0.5,0.5,0.4000000000000057,0.16100000000000136,-0.15399999999996794,0.2360000000000042,0.016999999999995907,0.009999999999999787,0.009999999999999787,0.0,548.0,4302.370000000024,4.09680000000003
1994-07-01,15.422999999998865,19.099999999999454,-0.035000000000003695,-3518.310999999987,613.0,0.08670000000000755,-0.024500000000003297,-0.05149999999999011,-0.4288999999999987,0.19180000000000064,94.6083,0.5538999999999987,0.19490000000000407,0.5626999999999995,105.085,0.2528000000000077,0.07189999999999941,-0.6167999999999978,82.4369,203.0,0.509312862,91.0,72.0,6.1,0.1999999999999993,63.0,-133.0,87.0,105.0,-18.0,342200,369.0,43.0,-2.2999999999999545,28.0,16.0,10.0,6.0,326.0,87.0,14.0,59.69999999999891,-4.0,27.0,41.2,5.0,41.8,1439,-6.0,15.0,594,379,1335.0,15.0,-1.0,567.0,307.0,-50.0,560.0,5784.0,0.0,3.599999999999909,20.0,-2.099999999999909,3.3999999999999773,0.20000000000000284,0.0,7.411299999999983,6.797199999999975,1826.0400000000373,-0.17696478000000582,-3.430000000000007,0.02809703699999977,20.16962838,0.009999999999999787,0.17999999999999972,0.1900000000000004,0.20000000000000018,0.21000000000000085,0.20999999999999996,0.20000000000000018,0.13999999999999968,0.15000000000000036,0.49,0.07,0.49,1.22,2.65,3.04,3.85,4.54,-0.048799999999999955,-4.081400000000002,0.020499999999999963,-0.0009999999999998899,0.5,0.6000000000000085,0.5,-1.0,0.5799999999999983,4.400000000000006,0.5,-1.400000000000034,1.200000000000017,0.0,0.5999999999999943,0.0,0.29999999999998295,0.4000000000000057,0.5999999999999943,0.5,0.20899999999998897,0.23999999999998067,0.35299999999999443,0.00999999999999801,0.040000000000000924,0.07000000000000028,0.009999999999999787,-1523.0,-646.8399999999965,2.1590999999999667
1994-08-01,12.962999999999738,9.400000000000546,0.35199999999999676,18870.06999999995,2420.0,0.45649999999999125,0.4935000000000116,0.6178000000000026,1.1274000000000086,1.2109000000000094,95.675,0.17450000000000188,0.4163999999999959,0.1109999999999971,106.6532,0.604699999999994,-2.6114999999999924,0.7364999999999924,82.8706,-153.0,0.490860961,623.0,636.0,6.0,-0.1999999999999993,-149.0,253.0,-72.0,-79.0,7.0,336250,295.0,69.0,0.1999999999999318,14.0,56.0,48.0,8.0,226.0,87.0,27.599999999999454,53.80000000000109,-5.0,5.0,41.1,5.0,41.7,1450,15.0,-25.0,680,314,1377.0,-18.0,3.0,589.0,342.0,871.0,254.0,7675.0,-0.010000000000000009,-5.600000000000136,-11.199999999999818,-11.099999999999909,0.30000000000001137,-0.8000000000000043,-0.7000000000000028,5.574499999999944,6.062400000000025,5943.209999999963,0.6242818099999994,12.840000000000032,-0.07239468100000002,20.23232217,0.20999999999999996,0.08999999999999986,0.15000000000000036,0.1299999999999999,0.07999999999999918,-0.03000000000000025,-0.05999999999999961,-0.03999999999999915,-0.0600000000000005,0.37,0.01,0.41,1.09,2.41,2.77,3.6,4.27,-0.00550000000000006,1.4954000000000036,-0.0044999999999999485,-0.0042999999999999705,0.5,0.5999999999999943,0.7999999999999972,-0.10000000000000853,-1.2699999999999996,3.799999999999997,0.5999999999999943,-0.39999999999997726,1.5999999999999943,0.0999999999999659,0.5999999999999943,-0.29999999999999716,0.700000000000017,0.5999999999999943,0.5,0.5999999999999943,0.1530000000000058,-0.5109999999999957,0.3020000000000067,-0.022999999999996135,0.019999999999999574,0.009999999999999787,1.7763568394002505e-15,641.0,3610.709999999992,-6.590199999999982
1994-09-01,39.236000000000786,36.599999999999454,0.0800000000000054,-3541.1419999999925,1602.0,0.20530000000000825,0.08929999999999438,-0.038000000000010914,-0.5142000000000024,0.2336999999999989,94.8004,0.4673000000000016,0.3167000000000044,0.5115000000000052,106.3698,0.27530000000000143,-1.2064000000000021,0.22940000000001248,82.9067,50.0,0.509956038,146.0,345.0,5.9,-0.10000000000000142,0.0,-252.0,-4.0,22.0,-26.0,330250,344.0,71.0,2.1000000000000227,36.0,33.0,30.0,3.0,273.0,92.0,19.600000000000364,61.0,-14.0,31.0,41.1,4.9,41.6,1474,-18.0,20.0,645,371,1412.0,-8.0,-8.0,608.0,374.0,-397.0,1519.0,5846.0,0.0,1.4000000000003183,2.900000000000091,-4.400000000000091,1.599999999999966,0.7000000000000028,0.6000000000000014,2.873299999999972,7.5774000000000115,10159.219999999972,1.1460098000000016,2.7199999999999704,-0.009761349000000141,19.86435114,0.2600000000000007,0.17999999999999972,0.13999999999999968,0.16000000000000014,0.20000000000000018,0.20000000000000018,0.21999999999999975,0.2699999999999996,0.2400000000000002,0.29,-0.11,0.31,1.03,2.35,2.73,3.61,4.25,-0.029200000000000115,-1.1661000000000001,0.023900000000000032,-0.02429999999999999,-0.29999999999999716,-0.5,0.5,-1.8999999999999915,-0.9199999999999982,2.1000000000000085,0.30000000000001137,1.4000000000000057,0.09999999999999432,2.842170943040401e-14,0.10000000000002274,0.0,0.29999999999998295,0.30000000000001137,0.20000000000001705,0.19999999999998863,0.07399999999999807,-0.033999999999991815,0.015000000000000568,-0.012999999999998124,0.03999999999999915,0.07000000000000028,-1.7763568394002505e-15,2091.0,8112.559999999998,-2.138900000000035
1994-10-01,80.25400000000081,62.30000000000018,0.33500000000000085,6215.923999999999,1806.0,0.5640999999999963,0.7729999999999961,0.8650999999999982,0.8977000000000004,0.942300000000003,95.6613,0.8596999999999966,0.3556999999999988,0.5541999999999945,106.381,0.6599000000000075,0.41910000000000025,-0.7219000000000051,83.3896,253.0,0.549921384,323.0,425.0,5.8,0.6000000000000014,-247.0,-34.0,209.0,161.0,48.0,333400,210.0,27.0,-3.5,2.0,30.0,28.0,2.0,183.0,68.0,18.0,39.599999999998545,-17.0,7.0,41.1,5.1,41.8,1450,-7.0,-7.0,654,352,1397.0,-4.0,23.0,591.0,357.0,4060.0,2999.0,5445.0,-0.010000000000000009,-3.0000000000002274,-2.199999999999818,-2.800000000000182,1.8000000000000114,-0.5,-0.3999999999999986,6.5873000000000275,6.096499999999992,8397.990000000107,0.32019340000000795,-3.1499999999999773,0.03676563100000019,19.28540941,0.02999999999999936,0.4900000000000002,0.33000000000000007,0.34999999999999964,0.35000000000000053,0.3200000000000003,0.28000000000000025,0.23000000000000043,0.21999999999999886,0.75,0.19,0.63,1.35,2.64,2.98,3.81,4.44,-0.024399999999999977,-0.42130000000000223,0.0403,-0.0037000000000000366,-0.4000000000000057,-0.4000000000000057,0.5,-1.1000000000000085,0.25,6.699999999999989,0.09999999999999432,-1.0,0.09999999999999432,0.09999999999999432,0.0,0.0,0.4000000000000057,0.19999999999998863,0.09999999999999432,0.10000000000002274,0.11299999999999955,0.001999999999981128,-0.08900000000001285,0.08599999999999142,0.040000000000000924,0.08999999999999986,-0.009999999999999787,386.0,1997.820000000007,-11.757200000000012
1994-11-01,-2.1710000000002765,-4.199999999999818,0.03999999999999915,7230.082999999984,160.0,0.47119999999999607,0.3593000000000046,0.3783000000000101,0.07869999999999777,-0.0870000000000033,95.8208,0.6441999999999979,0.5756999999999977,0.490000000000002,107.2803,0.5815999999999946,-2.646799999999999,2.2308999999999912,83.7715,-51.0,0.562169492,147.0,404.0,5.6,-1.3000000000000007,195.0,-119.0,-289.0,-168.0,-121.0,328000,411.0,75.0,-0.7999999999999545,33.0,42.0,38.0,4.0,336.0,104.0,16.399999999999636,74.0,-11.0,23.0,41.2,5.0,41.8,1511,52.0,42.0,634,339,1340.0,6.0,-20.0,590.0,315.0,491.0,1230.0,6053.0,0.010000000000000009,2.400000000000091,4.699999999999363,-4.299999999999727,4.400000000000034,0.5,0.6999999999999957,6.843500000000063,6.35469999999998,3143.7099999999627,0.34869419999999707,-2.8000000000000114,0.03513171200000009,18.69162964,0.5300000000000002,0.2999999999999998,0.33999999999999986,0.33000000000000007,0.4299999999999997,0.3199999999999994,0.21999999999999975,0.10999999999999943,0.120000000000001,0.52,0.0,0.43,1.25,2.43,2.67,3.39,4.03,0.03080000000000016,-0.3089999999999975,-0.017200000000000104,0.014399999999999968,0.5999999999999943,0.8000000000000114,0.9000000000000057,1.2000000000000028,0.39000000000000057,7.900000000000006,0.4000000000000057,0.09999999999999432,0.5,-0.09999999999999432,0.19999999999998863,0.19999999999998863,0.5,0.4000000000000057,0.29999999999998295,0.29999999999998295,0.12699999999999534,0.24900000000002365,0.060000000000002274,-0.04699999999998994,0.02999999999999936,-0.040000000000000924,0.02000000000000135,780.0,2871.9499999999825,-7.868399999999951
1994-12-01,42.961999999999534,32.19999999999982,0.14399999999999835,6217.125,971.0,0.6985000000000099,0.6253999999999991,0.6405999999999921,0.7169999999999987,0.7168999999999954,96.5263,0.4902000000000015,0.7631000000000014,0.9369000000000014,107.838,0.7746999999999957,1.290399999999991,-0.6196999999999946,84.3725,153.0,0.594605809,60.0,205.0,5.5,-0.1999999999999993,-38.0,-18.0,-178.0,-75.0,-103.0,323200,305.0,47.0,-1.6000000000000227,16.0,32.0,23.0,9.0,258.0,84.0,19.300000000000182,33.30000000000109,-10.0,21.0,41.3,5.1,41.8,1455,-39.0,-35.0,643,348,1396.0,30.0,25.0,603.0,303.0,2451.0,359.0,6903.0,-0.020000000000000018,-0.900000000000091,-3.6999999999993634,-5.200000000000273,5.399999999999977,1.3999999999999986,1.4000000000000057,5.410499999999956,10.297500000000014,12898.79999999993,1.5664469999999966,-5.819999999999993,0.05462305799999978,17.9967019,0.16000000000000014,0.4500000000000002,0.3099999999999996,0.4900000000000002,0.5999999999999996,0.0600000000000005,-0.15000000000000036,-0.21999999999999886,-0.22000000000000064,0.81,0.15,0.76,1.69,2.33,2.36,3.01,3.65,0.033299999999999885,2.1384000000000043,-0.03049999999999997,0.024599999999999955,0.5,0.5,0.5,1.2999999999999972,-0.9400000000000013,8.400000000000006,0.29999999999998295,0.09999999999999432,0.4000000000000057,0.0,0.4000000000000057,-0.09999999999999432,0.19999999999998863,0.09999999999999432,0.4000000000000057,0.30000000000001137,0.043000000000006366,-0.4930000000000234,0.030000000000001137,-0.06500000000000483,0.009999999999999787,-0.009999999999999787,-0.02000000000000135,396.0,4532.429999999993,0.33740000000000236
1995-01-01,41.965000000000146,21.800000000000182,-0.0020000000000024443,3685.3360000000102,871.0,0.1361999999999881,0.08360000000000412,0.02740000000000009,-0.19540000000000646,0.34090000000000487,96.0709,0.31450000000000244,0.18589999999999662,0.158299999999997,108.3784,0.11910000000000309,0.27760000000000673,0.5527000000000015,84.2052,-153.0,0.562169492,87.0,-58.0,5.6,-0.6999999999999993,183.0,18.0,-92.0,-65.0,-27.0,333500,332.0,51.0,-1.8999999999999773,8.0,44.0,29.0,15.0,281.0,67.0,23.300000000000182,40.5,-10.0,9.0,41.3,5.2,41.8,1407,-10.0,-38.0,656,335,1282.0,-28.0,-38.0,567.0,291.0,-2030.0,-2094.0,9244.0,0.010000000000000009,0.900000000000091,6.799999999999727,-2.199999999999818,-2.3000000000000114,-0.8999999999999986,-0.8000000000000043,10.55600000000004,8.915100000000052,6659.680000000051,0.4018728000000067,10.060000000000002,-0.06260864399999999,17.84338079,0.08000000000000007,-0.040000000000000036,0.11000000000000032,0.0,-0.08999999999999986,-0.020000000000000462,-0.02999999999999936,0.0,-0.019999999999999574,0.69,0.18,0.68,1.52,2.23,2.25,2.93,3.55,-0.04259999999999997,-0.4163999999999959,0.015900000000000025,0.023900000000000032,0.30000000000001137,0.19999999999998863,1.2999999999999972,1.0,0.8299999999999983,7.900000000000006,0.4000000000000057,0.5,0.30000000000001137,-0.20000000000001705,0.0,1.4210854715202004e-14,0.8000000000000114,0.5,0.4000000000000057,0.4000000000000057,0.13599999999999568,0.7390000000000043,-0.05100000000000193,0.09199999999999875,0.009999999999999787,-0.0600000000000005,0.009999999999999787,870.0,2237.2600000000093,-0.8802000000000589
1995-02-01,20.461999999999534,16.399999999999636,-0.10099999999999909,-4713.912999999942,-3174.0,-0.08769999999999811,-0.041200000000003456,0.0438000000000045,0.21330000000000382,-0.4159000000000077,96.5905,0.0257000000000005,-0.13229999999999364,-0.051600000000000534,107.8094,-0.16790000000000305,2.657600000000002,0.03530000000000655,83.7005,8.0,0.577988034,77.0,265.0,5.4,-0.10000000000000142,-186.0,33.0,-51.0,63.0,-114.0,337750,189.0,-42.0,-4.400000000000091,-42.0,4.0,23.0,-19.0,231.0,56.0,24.099999999999454,28.799999999999272,-8.0,10.0,40.9,5.1,41.7,1316,3.0,-4.0,564,337,1254.0,-27.0,-11.0,536.0,332.0,3397.0,1196.0,7074.0,0.010000000000000009,-4.7000000000000455,-8.5,-7.800000000000182,-3.3000000000000114,-2.799999999999997,-2.799999999999997,12.392200000000003,9.426699999999983,2063.8699999999953,-0.0811012000000062,16.670000000000016,-0.09799178699999977,17.92390613,0.3899999999999997,-0.0699999999999994,0.05999999999999961,-0.17999999999999972,-0.34999999999999964,-0.3899999999999997,-0.3100000000000005,-0.20000000000000107,-0.23000000000000043,0.23,-0.15,0.11,0.78,1.45,1.55,2.34,2.93,-0.014799999999999924,-1.529200000000003,-0.0025999999999999357,-0.012699999999999934,0.29999999999999716,0.30000000000001137,0.9000000000000057,0.8000000000000114,0.5400000000000027,1.799999999999983,0.4000000000000057,-0.39999999999997726,0.5,0.10000000000002274,0.19999999999998863,0.19999999999998863,0.5,0.4000000000000057,0.4000000000000057,0.29999999999998295,0.11899999999999977,-0.5679999999999836,0.012000000000000455,0.0009999999999976694,0.040000000000000924,0.15000000000000036,0.010000000000001563,-1096.0,-323.3299999999872,-14.857599999999934
1995-03-01,23.247000000001208,18.100000000000364,0.28600000000000136,-294.39400000008754,1848.0,0.10380000000000678,0.15800000000000125,0.1612999999999971,-0.04979999999999052,-0.16049999999999898,96.5964,0.4910999999999959,0.050499999999999545,0.2807999999999993,107.4511,0.19180000000000064,-0.5031000000000034,0.49089999999999634,83.6099,-93.0,0.567733818,-7.0,27.0,5.4,0.3000000000000007,-6.0,79.0,-58.0,-170.0,112.0,340250,214.0,46.0,0.40000000000009095,50.0,-3.0,14.0,-17.0,168.0,-5.0,13.400000000000546,-24.899999999999636,4.0,20.0,41.0,4.9,41.5,1249,-5.0,-9.0,571,277,1226.0,16.0,0.0,558.0,266.0,-968.0,2108.0,8825.0,0.020000000000000018,3.2999999999999545,3.699999999999818,-3.799999999999727,4.800000000000011,-0.10000000000000142,-0.10000000000000142,6.929599999999937,7.485199999999963,7616.430000000051,0.7766213999999962,11.229999999999961,-0.062278935000000146,17.79432518,0.0600000000000005,0.0,-0.03999999999999915,-0.14000000000000057,-0.27000000000000046,-0.3200000000000003,-0.2699999999999996,-0.14000000000000057,-0.15000000000000036,0.17,-0.25,-0.09,0.45,1.07,1.22,2.14,2.72,-0.10060000000000002,-7.717200000000005,0.028200000000000003,0.007199999999999873,0.20000000000000284,0.19999999999998863,0.5999999999999943,-0.6000000000000085,0.019999999999999574,-0.6999999999999886,0.29999999999998295,0.5999999999999659,0.5,-0.10000000000002274,0.0,-0.30000000000001137,0.5999999999999943,0.4000000000000057,0.19999999999998863,0.30000000000001137,0.12400000000000944,0.3299999999999841,-0.055999999999997385,0.0040000000000048885,0.02999999999999936,0.02999999999999936,-0.040000000000000924,348.0,4037.4400000000023,-9.04480000000001
1995-04-01,10.765999999999622,13.100000000000364,-0.08899999999999864,-6231.5449999999255,785.0,-0.12579999999999814,-0.33370000000000744,-0.3237000000000023,-0.4479000000000042,-0.2476999999999947,96.0579,-0.0771000000000015,0.07529999999999859,-0.08159999999999457,107.155,-0.24759999999999138,-0.5285999999999973,-1.051400000000001,83.0097,60.0,0.539045128,482.0,-10.0,5.8,0.3000000000000007,158.0,94.0,186.0,111.0,75.0,350200,157.0,23.0,-1.8000000000000682,10.0,15.0,16.0,-1.0,134.0,59.0,7.599999999999454,50.5,-8.0,7.0,40.5,4.4,40.9,1267,-17.0,2.0,567,314,1259.0,1.0,4.0,539.0,313.0,-1487.0,-1209.0,7701.0,0.0,3.2999999999999545,6.900000000000091,-3.800000000000182,5.800000000000011,1.2999999999999972,1.2000000000000028,3.894200000000069,6.22320000000002,5879.4199999999255,0.5483192000000088,14.760000000000048,-0.06520406099999976,17.77528207,0.0699999999999994,-0.03000000000000025,-0.08000000000000007,-0.1200000000000001,-0.16000000000000014,-0.1899999999999995,-0.14000000000000057,-0.08999999999999986,-0.09999999999999964,0.07,-0.4,-0.28,0.22,0.81,1.01,1.98,2.55,-0.03249999999999997,-6.830100000000002,0.007099999999999884,-0.03149999999999986,0.29999999999999716,0.30000000000001137,0.7000000000000028,1.4000000000000057,1.3200000000000003,-2.9000000000000057,0.6000000000000227,-0.5999999999999659,0.799999999999983,-0.19999999999998863,0.5999999999999943,0.10000000000002274,0.5999999999999943,0.4000000000000057,0.5999999999999943,0.5999999999999943,0.1769999999999925,-0.24799999999999045,0.23900000000000432,-0.0030000000000001137,0.019999999999999574,0.05000000000000071,0.0,1337.0,2628.859999999986,34.890499999999975
1995-05-01,7.0679999999993015,-0.1000000000003638,0.39399999999999835,6086.149999999907,1954.0,0.3459000000000003,0.449300000000008,0.4952000000000112,0.3289999999999935,-0.5696999999999974,96.8228,0.664200000000001,0.2430000000000021,0.25329999999999586,107.4509,0.27589999999999293,3.5585999999999984,-0.6835999999999984,83.0044,-296.0,0.514804845,-739.0,-524.0,5.6,-0.6000000000000014,-127.0,-38.0,104.0,201.0,-97.0,370250,-18.0,-55.0,-2.3999999999999773,-32.0,-20.0,-6.0,-14.0,37.0,-1.0,2.600000000000364,-0.3999999999996362,-1.0,-16.0,40.5,4.5,41.2,1314,22.0,-18.0,580,344,1271.0,-8.0,0.0,546.0,326.0,1437.0,2628.0,6395.0,0.010000000000000009,-6.599999999999909,16.90000000000009,11.900000000000091,0.5,-2.1999999999999957,-2.1000000000000014,8.728200000000015,7.858199999999897,5355.270000000019,0.6159126000000015,15.89999999999992,-0.06704307100000007,17.8318177,-0.040000000000000036,-0.0600000000000005,0.019999999999999574,-0.09999999999999964,-0.2699999999999996,-0.4500000000000002,-0.4299999999999997,-0.379999999999999,-0.40000000000000036,0.05,-0.34,-0.34,-0.01,0.4,0.62,1.64,2.19,0.030899999999999928,1.4232000000000085,-0.01990000000000003,-0.015300000000000091,0.09999999999999432,0.09999999999999432,0.20000000000000284,-1.2999999999999972,-0.13000000000000256,-4.300000000000011,0.29999999999998295,-2.842170943040401e-14,0.5,0.09999999999999432,0.20000000000001705,-0.20000000000001705,0.4000000000000057,0.4000000000000057,0.20000000000001705,0.30000000000001137,0.1039999999999992,-0.5759999999999934,0.08199999999999363,-0.007000000000005002,0.02000000000000135,0.019999999999999574,0.03999999999999915,1412.0,4130.7699999999895,-5.673400000000015
1995-06-01,33.998999999999796,35.80000000000018,0.43900000000000006,8025.548000000068,2514.0,0.23299999999998988,0.4509999999999934,0.49569999999999936,0.37940000000000396,0.42099999999999227,97.1757,0.6652000000000058,0.021499999999996078,0.2475999999999985,106.8255,0.3383000000000038,-0.8992999999999967,0.23519999999999186,83.0575,59.0,0.522956779,98.0,101.0,5.6,-1.0999999999999996,141.0,22.0,-311.0,-230.0,-81.0,366250,244.0,18.0,-1.7999999999999545,30.0,-11.0,-10.0,-1.0,226.0,52.0,19.5,30.100000000000364,2.0,27.0,40.7,4.6,41.2,1281,-4.0,27.0,559,309,1305.0,-2.0,17.0,565.0,326.0,-2787.0,-1059.0,3924.0,-0.010000000000000009,2.900000000000091,-0.29999999999972715,11.699999999999818,0.8000000000000114,0.29999999999999716,0.19999999999999574,4.42489999999998,7.437700000000177,3983.6199999999953,0.14489739999999074,15.540000000000077,-0.06145789199999996,17.885484,-0.009999999999999787,-0.11999999999999922,-0.20000000000000018,-0.25,-0.3600000000000003,-0.4800000000000004,-0.45999999999999996,-0.35000000000000053,-0.29999999999999893,-0.06,-0.53,-0.58,-0.36,-0.07,0.17,1.3,1.9,-0.010499999999999954,-0.4772000000000105,0.007400000000000073,0.016599999999999948,0.0,0.0,0.29999999999999716,0.5999999999999943,-1.3199999999999967,-0.799999999999983,0.30000000000001137,2.842170943040401e-14,0.9000000000000057,0.10000000000002274,0.19999999999998863,-0.09999999999999432,0.4000000000000057,0.39999999999997726,0.29999999999998295,0.29999999999998295,0.0660000000000025,0.2079999999999984,-0.007999999999995566,-0.0379999999999896,0.049999999999998934,0.05000000000000071,-0.00999999999999801,1632.0,4118.790000000037,-2.453399999999988
1995-07-01,31.08600000000115,25.899999999999636,-0.14999999999999858,-9938.51000000001,-580.0,-0.29929999999998813,-0.328400000000002,-0.41440000000000055,-0.5036999999999949,-1.5901999999999958,97.2123,-0.27120000000000033,-0.2687000000000026,-0.34429999999999694,105.716,-0.4942000000000064,0.5893999999999977,0.04749999999999943,82.1516,214.0,0.544440016,394.0,294.0,5.7,0.5999999999999996,-117.0,211.0,45.0,30.0,15.0,371400,91.0,-18.0,-1.2000000000000455,12.0,-29.0,-1.0,-28.0,109.0,3.0,4.300000000000182,6.699999999998909,7.0,-8.0,40.7,4.6,41.1,1461,-11.0,-6.0,723,342,1354.0,-2.0,8.0,598.0,336.0,-1136.0,-979.0,3376.0,0.010000000000000009,2.3999999999998636,-6.200000000000273,9.0,1.099999999999966,0.3999999999999986,0.20000000000000284,7.808699999999931,9.444799999999987,5305.229999999981,0.3568270000000098,18.019999999999982,-0.06758518499999999,18.06062688,-0.15000000000000036,-0.15000000000000036,-0.04999999999999982,-0.04999999999999982,-0.04999999999999982,0.08000000000000007,0.11000000000000032,0.11000000000000032,0.1399999999999988,-0.06,-0.43,-0.48,-0.26,0.16,0.43,1.56,2.19,-0.0032000000000000917,2.7615000000000123,0.00039999999999995595,-0.01629999999999998,0.20000000000000284,0.09999999999999432,0.09999999999999432,-1.4000000000000057,-1.120000000000001,2.299999999999983,0.19999999999998863,0.39999999999997726,-0.6999999999999886,-2.842170943040401e-14,0.0,0.0,0.4000000000000057,0.10000000000002274,0.10000000000002274,0.09999999999999432,0.08500000000000796,0.18199999999998795,0.07500000000000284,-0.014000000000010004,0.07000000000000028,0.009999999999999787,0.049999999999998934,857.0,1305.3899999999558,-0.37969999999995707
1995-08-01,13.453999999999724,15.0,0.269999999999996,16828.53700000001,1601.0,0.9388999999999896,1.1317999999999984,1.202299999999994,1.3662999999999954,2.2864000000000004,98.1062,1.0250999999999948,0.7443000000000026,0.977800000000002,105.4658,0.8389000000000095,5.612300000000005,0.056300000000007344,82.7467,-42.0,0.541956173,-7.0,36.0,5.7,-0.3000000000000007,105.0,-131.0,80.0,95.0,-15.0,356250,264.0,45.0,-1.7000000000000455,24.0,22.0,20.0,2.0,219.0,49.0,2.800000000000182,22.399999999999636,10.0,-8.0,40.8,4.7,41.2,1416,4.0,42.0,633,341,1386.0,4.0,7.0,600.0,355.0,5457.0,2126.0,3163.0,-0.010000000000000009,-1.3999999999998636,3.099999999999909,9.600000000000364,-0.39999999999997726,-0.6000000000000014,-0.5,4.2321000000000595,4.772199999999884,3440.600000000093,0.16301899999999137,1.740000000000009,0.00501564099999996,17.68499193,-0.10999999999999943,0.03000000000000025,-0.019999999999999574,0.040000000000000036,0.16000000000000014,0.23000000000000043,0.20999999999999996,0.16000000000000014,0.15000000000000036,0.08,-0.34,-0.33,0.01,0.5,0.75,1.83,2.45,0.04059999999999997,7.34129999999999,-0.02839999999999998,-0.006000000000000005,-0.09999999999999432,-0.09999999999999432,0.0,-1.8999999999999915,0.7300000000000004,0.9000000000000057,0.30000000000001137,1.0,-0.5,0.30000000000001137,0.20000000000001705,0.19999999999998863,0.4000000000000057,0.29999999999998295,0.29999999999998295,0.30000000000001137,0.14599999999998658,0.2470000000000141,0.06499999999999773,0.06700000000000017,0.0,0.009999999999999787,-0.07000000000000028,2568.0,3971.640000000014,6.186699999999973
1995-09-01,35.79500000000007,37.19999999999982,0.13000000000000256,-1035.7870000000112,485.0,0.2820000000000107,0.3165000000000049,0.2978999999999985,0.180499999999995,0.7874999999999943,97.9867,0.5093000000000032,0.24569999999999936,0.8545999999999978,105.5468,0.6454999999999984,-3.731100000000012,1.608000000000004,83.103,9.0,0.543594544,275.0,281.0,5.6,0.0,125.0,-138.0,-85.0,-111.0,26.0,362000,227.0,44.0,-1.0,38.0,7.0,13.0,-6.0,183.0,22.0,5.799999999999272,17.5,13.0,1.0,40.8,4.7,41.3,1369,-7.0,-24.0,600,358,1421.0,7.0,5.0,638.0,340.0,5803.0,4080.0,3932.0,-0.010000000000000009,-3.300000000000182,-8.5,5.5,0.8000000000000114,0.4000000000000057,0.3999999999999986,3.2520999999999276,5.367600000000039,5544.219999999972,0.3925715999999966,19.659999999999968,-0.06998505300000035,17.91155873,0.05999999999999961,-0.08000000000000007,-0.1200000000000001,-0.11000000000000032,-0.1299999999999999,-0.2400000000000002,-0.29000000000000004,-0.25,-0.2599999999999998,-0.06,-0.52,-0.5,-0.18,0.2,0.4,1.52,2.13,-0.009399999999999853,5.807200000000009,-0.007800000000000029,-0.0042999999999999705,0.19999999999998863,0.29999999999999716,-0.09999999999999432,2.299999999999997,0.1999999999999993,-1.1999999999999886,0.19999999999998863,-1.299999999999983,-0.30000000000001137,-0.19999999999998863,0.0,-0.0999999999999659,0.39999999999997726,0.20000000000001705,0.09999999999999432,0.19999999999998863,0.047000000000011255,-0.41700000000003,0.025000000000005684,-0.08799999999999386,0.019999999999999574,0.040000000000000924,0.0,744.0,3284.7999999999884,2.742599999999925
1995-10-01,13.644999999998618,24.400000000000546,-0.21600000000000108,442.1920000000391,-830.0,-0.12069999999999936,-0.3855999999999966,-0.5545000000000044,-0.839100000000002,-0.8609000000000009,97.1705,-0.045999999999999375,0.13530000000000086,0.09680000000000177,105.557,-0.09199999999999875,-3.8437999999999874,-1.6846000000000032,82.6116,62.0,0.563182314,105.0,255.0,5.5,-0.1999999999999993,-132.0,84.0,-34.0,7.0,-41.0,371500,153.0,-2.0,-1.099999999999909,29.0,-31.0,-10.0,-21.0,155.0,34.0,2.300000000000182,-6.699999999998909,10.0,34.0,40.8,4.7,41.2,1369,14.0,-15.0,607,352,1400.0,0.0,7.0,634.0,316.0,-4702.0,811.0,4194.0,0.020000000000000018,-1.2999999999999545,-1.7999999999997272,1.199999999999818,0.30000000000001137,-0.8000000000000043,-0.7999999999999972,0.21050000000002456,2.244799999999941,2497.569999999949,-0.04023409999999217,4.149999999999977,-0.004695968999999689,17.65552311,-0.040000000000000036,0.08000000000000007,0.0,0.020000000000000462,-0.03000000000000025,-0.13999999999999968,-0.16000000000000014,-0.20000000000000018,-0.17999999999999972,0.06,-0.48,-0.44,-0.17,0.1,0.28,1.36,1.99,-0.04150000000000009,0.29349999999999454,0.01890000000000014,-0.005099999999999882,0.30000000000001137,0.20000000000000284,-0.09999999999999432,-0.09999999999999432,-0.7899999999999991,-4.800000000000011,0.4000000000000057,0.29999999999998295,0.4000000000000057,-0.20000000000001705,0.29999999999998295,-2.842170943040401e-14,0.6000000000000227,0.5,0.4000000000000057,0.4000000000000057,0.17600000000000193,0.2410000000000423,0.1280000000000001,0.12199999999999989,0.030000000000001137,0.009999999999999787,0.009999999999999787,2118.0,2624.320000000007,-2.1176999999998998
1995-11-01,30.338999999999942,34.30000000000018,0.4609999999999985,6933.284999999916,2488.0,0.1833999999999918,0.209699999999998,0.18890000000000384,0.30560000000001253,0.06020000000000891,97.5896,0.2119999999999962,0.1559000000000026,0.39119999999999777,104.8219,0.06380000000000052,4.9315,0.38519999999999754,82.2825,-145.0,0.536224078,-102.0,-200.0,5.6,0.3999999999999986,87.0,-27.0,67.0,33.0,34.0,377000,139.0,-6.0,-2.1000000000000227,5.0,-8.0,4.0,-12.0,145.0,32.0,6.400000000000546,8.100000000000364,16.0,-1.0,40.8,4.7,41.3,1452,-27.0,39.0,699,331,1430.0,-2.0,-8.0,622.0,368.0,673.0,1897.0,2544.0,-0.010000000000000009,1.5,-4.800000000000182,1.199999999999818,2.5,0.0,0.10000000000000142,6.372700000000009,3.262100000000146,15341.910000000033,2.057315799999998,12.610000000000014,-0.037829031000000235,17.79963817,0.040000000000000036,-0.08000000000000007,0.08000000000000007,-0.05000000000000071,-0.16000000000000014,-0.16999999999999993,-0.11000000000000032,-0.10000000000000053,-0.07000000000000028,-0.06,-0.44,-0.53,-0.37,-0.11,0.13,1.22,1.88,-0.0016000000000000458,1.100999999999999,-0.01540000000000008,0.007599999999999829,0.29999999999998295,0.20000000000000284,-0.20000000000000284,2.1999999999999886,0.5499999999999972,-1.799999999999983,0.19999999999998863,-0.5,-0.4000000000000057,0.09999999999999432,-0.09999999999999432,0.09999999999999432,0.39999999999997726,0.09999999999999432,0.0,0.09999999999999432,-0.0020000000000095497,-0.32200000000003115,-0.16200000000000614,-0.12400000000000233,0.019999999999999574,0.049999999999998934,0.0,-1226.0,6288.780000000028,-4.299200000000042
1995-12-01,16.959000000000742,8.899999999999636,0.355000000000004,4047.0190000000875,1735.0,0.24680000000000746,0.2617000000000047,0.3412000000000006,0.28059999999999263,0.4607999999999919,97.777,0.4136000000000024,0.22970000000000113,0.39000000000000057,104.21,0.24199999999999022,0.3802999999999912,0.5122999999999962,82.1403,375.0,0.58695945,-103.0,-100.0,5.6,-0.09999999999999787,-150.0,61.0,-8.0,32.0,-40.0,365000,160.0,10.0,-0.10000000000002274,-14.0,23.0,43.0,-20.0,150.0,16.0,5.699999999999818,25.19999999999891,8.0,3.0,40.5,4.5,40.9,1431,3.0,-17.0,667,356,1442.0,3.0,-14.0,618.0,395.0,7133.0,3106.0,-1382.0,-0.030000000000000027,-3.3999999999998636,3.099999999999909,3.100000000000364,6.699999999999989,1.5,1.3999999999999986,2.4931000000000267,1.8415999999999713,1404.2600000000093,-0.18452740000000745,19.040000000000077,-0.059984912,18.19542316,-0.20000000000000018,-0.10000000000000053,-0.22000000000000064,-0.13999999999999968,-0.1200000000000001,-0.1800000000000006,-0.21999999999999975,-0.1999999999999993,-0.1899999999999995,0.04,-0.46,-0.47,-0.29,-0.09,0.11,1.22,1.89,0.019400000000000084,-0.09049999999999159,-0.02200000000000002,0.015900000000000025,0.6000000000000227,0.7999999999999972,0.20000000000000284,2.4000000000000057,1.0500000000000007,0.5,0.20000000000001705,0.5999999999999943,0.0,-0.0999999999999659,0.30000000000001137,-0.09999999999999432,0.20000000000001705,0.29999999999998295,0.30000000000001137,0.30000000000001137,0.13100000000000023,0.6730000000000018,0.1530000000000058,0.02999999999999403,0.009999999999999787,-0.08999999999999986,0.02000000000000135,1352.0,3581.2099999999627,-1.5991999999999962
1996-01-01,31.782999999999447,8.199999999999818,-0.2530000000000001,-8563.868000000017,-1700.0,-0.3926000000000016,-0.786200000000008,-0.883499999999998,-1.0472999999999928,-1.9963999999999942,97.2052,-0.5816999999999979,-0.00730000000000075,0.16020000000000323,103.6387,-0.47579999999999245,1.9274000000000058,0.13620000000000232,81.1929,-250.0,0.54825791,105.0,37.0,5.6,-0.1999999999999993,63.0,-27.0,40.0,45.0,-5.0,374000,-8.0,-14.0,-0.5,11.0,-23.0,-8.0,-15.0,6.0,2.0,1.5,-1.3999999999996362,11.0,-16.0,39.5,4.5,39.7,1467,-7.0,31.0,639,396,1387.0,-32.0,13.0,610.0,367.0,-7473.0,4862.0,5345.0,0.050000000000000044,2.599999999999909,8.800000000000182,-0.3000000000001819,-4.100000000000023,-1.0,-0.7000000000000028,6.730599999999981,6.145099999999957,6451.349999999977,0.39227870000000564,-0.15000000000009095,0.017360400000000276,17.97041288,-0.040000000000000036,-0.23999999999999932,-0.13999999999999968,-0.20999999999999996,-0.21999999999999975,-0.14999999999999947,-0.05999999999999961,-0.010000000000000675,-0.020000000000000462,-0.16,-0.56,-0.64,-0.47,-0.2,0.09,1.25,1.91,0.01869999999999994,3.9018999999999977,-0.011700000000000044,-0.0023999999999999577,0.39999999999997726,0.5999999999999943,0.09999999999999432,3.299999999999997,-0.16000000000000014,-4.200000000000017,0.799999999999983,0.30000000000001137,1.3000000000000114,0.2999999999999545,0.8999999999999773,0.20000000000001705,0.5999999999999943,0.8000000000000114,0.6999999999999886,0.6999999999999886,0.15200000000000102,-0.19799999999997908,0.3889999999999958,-0.0309999999999917,0.14000000000000057,0.23000000000000043,0.06999999999999851,953.0,-347.45999999996275,-2.482399999999984
1996-02-01,78.46800000000076,70.0,0.42900000000000205,7674.677999999956,3309.0,1.0494999999999948,1.2978999999999985,1.4420000000000073,1.3823000000000008,1.9551000000000016,98.2876,1.3544999999999945,0.798099999999998,1.0200999999999993,103.54,1.0708999999999946,2.4258999999999986,1.2853999999999957,81.9426,-94.0,0.548748804,336.0,514.0,5.5,0.29999999999999716,-12.0,-121.0,-64.0,-56.0,-8.0,377250,420.0,85.0,2.7999999999999545,60.0,22.0,17.0,5.0,335.0,37.0,2.899999999999636,28.100000000000364,22.0,35.0,40.9,4.7,41.3,1491,37.0,-50.0,647,425,1420.0,19.0,5.0,615.0,371.0,-5033.0,1464.0,547.0,0.0,-1.0,-4.5,4.5,-6.0,-3.1000000000000014,-3.1999999999999957,2.5109999999999673,3.2801999999999225,4220.780000000028,-0.4207470999999998,35.120000000000005,-0.10634224800000025,18.84970543,-0.33999999999999986,-0.25,-0.16999999999999993,-0.15000000000000036,-0.14999999999999947,0.019999999999999574,0.15999999999999925,0.1800000000000006,0.16000000000000014,-0.07,-0.39,-0.45,-0.28,0.16,0.59,1.77,2.41,0.014900000000000135,0.03659999999999286,0.007200000000000095,0.008299999999999974,0.0,-0.09999999999999432,-0.5,1.7999999999999972,0.19000000000000128,-6.5,0.30000000000001137,-1.0,0.5,-0.39999999999997726,0.10000000000002274,-0.20000000000001705,0.5,0.30000000000001137,0.4000000000000057,0.4000000000000057,0.10800000000000409,-0.27300000000002456,0.1599999999999966,0.032999999999994145,-0.05000000000000071,-0.08999999999999986,-0.14999999999999858,2050.0,604.5899999999674,8.148799999999937
1996-03-01,33.21600000000035,23.800000000000182,0.27299999999999613,426.5709999999963,1883.0,-0.10660000000000025,-0.16799999999999216,-0.36580000000000723,-0.5649000000000086,-2.3871000000000038,98.6107,-0.1419999999999959,-0.04640000000000555,-0.3079000000000036,103.9537,-0.16910000000000025,-1.0704000000000065,-0.01999999999999602,81.3175,115.0,0.564088549,228.0,223.0,5.5,0.9000000000000021,-119.0,-7.0,147.0,18.0,129.0,386400,255.0,-5.0,1.400000000000091,31.0,-37.0,-25.0,-12.0,260.0,42.0,7.199999999999818,28.600000000000364,8.0,47.0,40.7,4.5,41.1,1424,3.0,43.0,645,314,1437.0,21.0,17.0,596.0,369.0,14203.0,10336.0,-2131.0,-0.040000000000000036,9.099999999999909,11.199999999999818,8.5,4.800000000000011,1.1000000000000014,1.1999999999999957,3.126500000000078,6.010500000000093,2595.9100000000326,-0.309165500000006,-2.4699999999999136,0.024189828999999996,18.62444488,0.08999999999999986,0.15999999999999925,0.1299999999999999,0.1900000000000004,0.39999999999999947,0.5899999999999999,0.45999999999999996,0.35999999999999943,0.39999999999999947,0.0,-0.35,-0.35,0.03,0.66,0.96,2.04,2.72,-0.0008000000000001339,0.15200000000000102,-0.00890000000000013,-0.009600000000000053,0.8000000000000114,1.0999999999999943,0.29999999999999716,-1.7999999999999972,2.289999999999999,0.9000000000000057,0.5,0.9000000000000057,0.5999999999999943,0.0,0.6999999999999886,0.10000000000002274,0.4000000000000057,0.5,0.5,0.5,0.20699999999999363,0.31500000000002615,0.4309999999999974,0.025000000000005684,-0.02999999999999936,0.019999999999999574,-0.02000000000000135,264.0,1583.6100000000442,-3.31779999999992
1996-04-01,25.110999999998967,14.399999999999636,0.20900000000000318,7672.273999999976,785.0,0.7349999999999994,0.8242999999999938,1.0700999999999965,0.8023000000000025,3.398700000000005,98.1472,1.3864000000000019,0.6413000000000011,0.9066000000000045,104.3401,0.9106000000000023,-0.8007999999999953,-0.2792999999999921,81.8655,-94.0,0.544032367,229.0,132.0,5.6,0.3000000000000007,-64.0,99.0,1.0,-16.0,17.0,359250,166.0,40.0,1.3999999999999773,28.0,11.0,34.0,-23.0,126.0,13.0,7.800000000000182,0.3999999999996362,15.0,-17.0,40.8,4.7,41.1,1516,6.0,-7.0,651,401,1463.0,8.0,-2.0,636.0,349.0,-8146.0,917.0,2965.0,0.0,-1.8999999999998636,-14.300000000000182,-2.199999999999818,2.8999999999999773,1.0,0.8999999999999986,4.716299999999933,1.823799999999892,5029.199999999953,0.15690880000001073,0.09999999999990905,0.00842451699999991,18.53068109,-0.08999999999999986,0.08000000000000007,-0.009999999999999787,0.09999999999999964,0.20000000000000018,0.33000000000000007,0.2400000000000002,0.15000000000000036,0.16000000000000014,0.17,-0.27,-0.16,0.32,1.08,1.29,2.28,2.97,0.02210000000000001,1.2595000000000027,-0.011099999999999888,-0.006399999999999961,0.4000000000000057,0.4000000000000057,0.4000000000000057,4.400000000000006,2.210000000000001,0.0,0.5999999999999943,-1.1999999999999886,1.4000000000000057,0.10000000000002274,0.5999999999999943,-0.3000000000000398,0.4000000000000057,0.5,0.5999999999999943,0.5,0.20600000000000307,-0.7090000000000316,0.4480000000000075,0.047999999999994714,0.15000000000000036,0.05000000000000071,0.25,2121.0,2040.1399999999558,1.3676999999998998
1996-05-01,41.29000000000087,41.5,0.07399999999999807,6582.415000000037,1623.0,0.565100000000001,0.5566000000000031,0.4228999999999985,0.17650000000000432,0.3686999999999898,98.2272,0.7781999999999982,0.5686000000000035,0.5683999999999969,105.0418,0.6099999999999994,0.1016999999999939,-0.14990000000000236,82.0776,-147.0,0.523642732,258.0,250.0,5.6,-0.6000000000000014,235.0,-9.0,-52.0,-64.0,12.0,344500,338.0,42.0,0.39999999999997726,24.0,18.0,22.0,-4.0,296.0,100.0,12.900000000000546,77.39999999999964,23.0,14.0,40.8,4.8,41.4,1504,-12.0,7.0,695,350,1457.0,-6.0,-19.0,663.0,341.0,7672.0,4825.0,1650.0,-0.010000000000000009,-10.5,1.1000000000003638,3.099999999999909,-0.39999999999997726,-2.6999999999999957,-2.6999999999999957,4.426600000000008,2.294300000000021,5332.390000000014,0.15014339999999038,14.06000000000006,-0.03795341699999977,18.8883297,0.020000000000000462,0.0,0.0699999999999994,0.0600000000000005,0.09999999999999964,0.1800000000000006,0.23000000000000043,0.1200000000000001,0.11000000000000121,0.15,-0.22,-0.12,0.4,1.24,1.5,2.38,3.06,0.03590000000000004,-0.857200000000006,-0.0007999999999999119,0.010099999999999998,0.0,0.09999999999999432,0.5,0.3999999999999915,-2.3200000000000003,3.1999999999999886,0.30000000000001137,0.799999999999983,0.5999999999999943,-2.842170943040401e-14,0.09999999999999432,0.10000000000002274,0.5999999999999943,0.5,0.4000000000000057,0.30000000000001137,0.11899999999999977,-0.10999999999998522,0.06300000000000239,0.01300000000000523,0.019999999999999574,0.02999999999999936,-0.16999999999999815,952.0,5661.489999999991,3.66700000000003
1996-06-01,63.84399999999914,60.899999999999636,0.0660000000000025,-4109.503000000026,-231.0,0.558400000000006,0.6444000000000045,0.6738,0.6574999999999989,1.6105000000000018,98.4163,0.8532000000000011,0.46869999999999834,0.6334000000000017,105.2127,0.7060000000000031,-1.300699999999992,0.3014999999999901,82.3885,380.0,0.601409443,30.0,358.0,5.3,0.6000000000000014,-213.0,-187.0,-48.0,-59.0,11.0,342200,274.0,41.0,1.2999999999999545,36.0,4.0,13.0,-9.0,233.0,55.0,15.199999999999818,26.600000000000364,22.0,-1.0,41.0,4.8,41.5,1467,5.0,-34.0,668,369,1429.0,-7.0,-7.0,640.0,350.0,97.0,2220.0,-634.0,-0.010000000000000009,7.0,1.0,3.699999999999818,3.3999999999999773,0.5,0.29999999999999716,4.936300000000074,3.2894000000001142,6233.75,0.21817839999999933,7.269999999999982,-0.014894603000000117,19.09110955,0.02999999999999936,0.10000000000000053,0.07000000000000028,0.1299999999999999,0.16999999999999993,0.20999999999999996,0.16999999999999993,0.08999999999999986,0.09999999999999964,0.22,-0.18,-0.02,0.54,1.42,1.64,2.44,3.13,0.0040000000000000036,2.6176999999999992,0.02639999999999998,-0.0035000000000000586,0.4000000000000057,0.4000000000000057,-0.4000000000000057,-2.3999999999999915,-0.8000000000000007,2.200000000000017,0.29999999999998295,-0.20000000000001705,-0.09999999999999432,0.0,0.10000000000002274,0.10000000000002274,0.4000000000000057,0.0,0.19999999999998863,0.19999999999998863,-0.0010000000000047748,0.5090000000000146,-0.28700000000000614,-0.09300000000000352,0.0600000000000005,0.0600000000000005,0.019999999999997797,-1079.6300000000047,8546.320000000007,-0.9344999999999573
1996-07-01,-19.906999999999243,-9.799999999999272,0.12099999999999511,6851.576000000001,264.0,0.0011999999999972033,0.02579999999998961,0.03740000000000521,-0.4930999999999983,0.2530000000000001,97.5716,0.7464000000000013,-0.02400000000000091,0.23469999999999658,105.6258,0.3306999999999931,-4.692400000000006,-0.2961999999999989,82.2976,-253.0,0.547090091,587.0,345.0,5.5,-0.9000000000000021,120.0,170.0,-58.0,-24.0,-34.0,337000,249.0,18.0,-0.1999999999999318,23.0,-4.0,-2.0,-2.0,231.0,46.0,4.800000000000182,29.799999999999272,21.0,19.0,40.8,4.8,41.4,1472,-10.0,52.0,659,341,1450.0,5.0,31.0,617.0,358.0,-1011.0,4513.0,4655.0,0.010000000000000009,-1.5,1.699999999999818,4.700000000000273,3.400000000000034,-0.8000000000000043,-0.8999999999999986,3.4610999999999876,-4.0422000000000935,5942.699999999953,0.8845293000000112,-24.42999999999995,0.10115205700000018,18.37876774,0.13000000000000078,0.040000000000000036,0.0600000000000005,0.04999999999999982,0.040000000000000036,-0.05000000000000071,-0.040000000000000036,-0.05999999999999961,-0.05000000000000071,0.13,-0.25,-0.1,0.45,1.24,1.47,2.25,2.95,-0.025900000000000034,0.23090000000000543,0.011399999999999855,0.0039000000000000146,-0.10000000000002274,-0.09999999999999432,-0.29999999999999716,2.3999999999999915,0.870000000000001,-16.0,0.30000000000001137,-0.0999999999999659,-0.4000000000000057,0.0,0.0,-0.10000000000002274,0.5999999999999943,0.29999999999998295,0.10000000000002274,0.4000000000000057,0.1460000000000008,0.1519999999999868,0.06100000000000705,0.07900000000000063,0.03999999999999915,0.049999999999998934,0.010000000000001563,1978.2799999999988,3126.1600000000326,-0.10960000000000036
1996-08-01,30.93499999999949,35.0,0.19600000000000506,3001.6190000000643,26.0,0.3819000000000017,0.16340000000000998,-0.05299999999999727,-0.3066000000000031,-0.910199999999989,97.5595,0.28769999999999385,0.5960000000000036,0.7163000000000039,105.805,0.3442000000000007,0.9287000000000063,0.8649000000000058,82.221,12.0,0.585004359,-230.0,225.0,5.1,0.6000000000000014,-176.0,-145.0,-30.0,41.0,-71.0,331800,179.0,62.0,-0.20000000000004547,29.0,34.0,30.0,4.0,117.0,27.0,16.0,19.600000000000364,15.0,-43.0,41.0,4.8,41.5,1557,11.0,2.0,684,388,1413.0,10.0,-26.0,627.0,327.0,-6278.0,-2689.0,2169.0,0.0,-8.000000000000227,-7.699999999999818,1.3999999999996362,1.099999999999966,-1.1999999999999957,-1.1000000000000014,2.727899999999977,8.495699999999943,4579.540000000037,0.22823189999999727,18.6099999999999,-0.04317000599999998,18.89306673,-0.1800000000000006,-0.11000000000000032,-0.10000000000000053,-0.16999999999999993,-0.17999999999999972,-0.25,-0.23000000000000043,-0.1900000000000004,-0.16999999999999993,0.2,-0.17,-0.09,0.45,1.17,1.42,2.24,2.96,-0.029099999999999904,-1.3250000000000028,-0.0030999999999998806,0.0025000000000001688,0.4000000000000057,0.5,0.09999999999999432,0.7000000000000028,0.6400000000000006,-5.800000000000011,0.19999999999998863,-0.4000000000000341,0.0,-0.09999999999999432,0.0,0.19999999999998863,0.5,0.20000000000001705,0.19999999999998863,0.19999999999998863,0.0660000000000025,-0.03900000000001569,-0.12199999999999989,-0.04899999999999949,0.02999999999999936,0.040000000000000924,-0.030000000000001137,-419.9499999999971,2013.0199999999604,-3.7881999999999607
1996-09-01,27.40600000000086,31.799999999999272,0.07299999999999329,2683.1940000000177,2898.0,0.47449999999999193,0.6940000000000026,0.8113999999999919,0.9505999999999943,0.8559999999999945,98.5408,0.6700000000000017,0.25260000000000105,0.4445999999999941,105.967,0.5969000000000051,0.039599999999992974,-0.40260000000000673,82.4091,225.0,0.609113053,461.0,364.0,5.2,-0.5,29.0,27.0,-47.0,4.0,-51.0,342750,202.0,17.0,-1.5,24.0,-5.0,4.0,-9.0,185.0,25.0,13.0,19.100000000000364,18.0,63.0,41.0,4.9,41.6,1475,6.0,-38.0,679,343,1392.0,-4.0,-9.0,598.0,348.0,8132.0,2587.0,727.0,-0.010000000000000009,5.400000000000318,2.5,-1.599999999999909,1.1000000000000227,-0.7000000000000028,-0.6999999999999957,10.759799999999927,6.742500000000064,1777.0599999999395,-0.35543649999999616,12.200000000000045,-0.02037379099999992,19.19353469,0.08000000000000007,0.09999999999999964,0.040000000000000036,0.11000000000000032,0.16000000000000014,0.20999999999999996,0.1900000000000004,0.20000000000000018,0.16999999999999993,0.22,-0.21,-0.06,0.53,1.3,1.53,2.36,3.05,0.03139999999999987,2.065100000000001,0.009399999999999853,-0.0028000000000001357,0.09999999999999432,0.09999999999999432,0.5,-2.5999999999999943,2.0299999999999976,-0.6999999999999886,0.5,1.400000000000034,0.5999999999999943,0.09999999999999432,0.5,0.0,0.5,0.5,0.5999999999999943,0.5,0.19599999999999795,-0.01999999999998181,0.2569999999999908,0.05799999999999983,0.030000000000001137,0.0600000000000005,0.009999999999999787,1823.37000000001,1561.5500000000466,-0.7532000000001062
1996-10-01,1.4039999999986321,6.100000000000364,0.1700000000000017,6890.027000000002,1804.0,-0.014499999999998181,-0.19190000000000396,-0.34559999999999036,-0.5086999999999904,-1.7109999999999985,98.6243,-0.13289999999999935,0.16140000000000043,0.053500000000006764,106.3834,-0.08089999999999975,0.5088000000000079,1.60390000000001,81.8763,-201.0,0.576020481,406.0,354.0,5.2,-0.5,-48.0,120.0,48.0,78.0,-30.0,339000,265.0,50.0,0.7000000000000455,33.0,17.0,14.0,3.0,215.0,74.0,19.199999999999818,55.899999999999636,13.0,-13.0,41.0,4.8,41.4,1392,-9.0,-26.0,602,372,1358.0,-1.0,2.0,581.0,330.0,-176.0,6371.0,3711.0,0.0,-5.100000000000136,10.0,4.700000000000273,0.5,-1.3999999999999986,-1.4000000000000057,7.371400000000108,8.34030000000007,1907.530000000028,-0.06444790000000467,26.58000000000004,-0.07090651900000022,19.89760035,-0.05999999999999961,-0.08999999999999986,-0.09999999999999964,-0.1299999999999999,-0.28000000000000025,-0.33000000000000007,-0.2999999999999998,-0.27000000000000046,-0.27999999999999936,0.19,-0.25,-0.13,0.31,1.03,1.29,2.15,2.83,0.02429999999999999,2.4813000000000045,0.027000000000000135,-0.01859999999999995,0.700000000000017,0.9000000000000057,-0.09999999999999432,-0.7999999999999972,0.9100000000000001,-2.3000000000000114,0.5,-0.700000000000017,0.30000000000001137,2.842170943040401e-14,0.5,-0.29999999999998295,0.4000000000000057,0.29999999999998295,0.5,0.4000000000000057,0.21000000000000796,0.027999999999991587,0.29000000000000625,0.009000000000000341,0.0,0.009999999999999787,-0.049999999999998934,-336.7600000000093,-611.6500000000233,-0.09709999999995489
1996-11-01,30.94800000000032,30.0,0.14300000000000068,6561.986999999965,-97.0,0.6816000000000031,0.9086999999999961,0.9706999999999937,1.0970999999999975,1.0861000000000018,99.709,0.914200000000001,0.45069999999999766,0.5807999999999964,106.7034,0.6885000000000048,3.7394999999999925,0.2944999999999993,82.1457,334.0,0.605859591,86.0,-119.0,5.4,-0.40000000000000036,443.0,-127.0,-109.0,-71.0,-38.0,336400,282.0,38.0,3.5,25.0,9.0,13.0,-4.0,244.0,33.0,9.699999999999818,15.899999999999636,18.0,11.0,41.0,4.9,41.5,1489,-5.0,53.0,674,349,1412.0,-2.0,8.0,636.0,323.0,5517.0,7107.0,68.0,-0.010000000000000009,8.299999999999955,2.899999999999636,6.599999999999909,4.5,0.10000000000000142,0.20000000000000284,6.176999999999907,6.8168000000000575,4015.95000000007,0.04971550000000491,34.20999999999992,-0.08684131600000011,20.77470588,0.0699999999999994,-0.019999999999999574,0.040000000000000036,-0.040000000000000036,-0.1299999999999999,-0.2999999999999998,-0.33000000000000007,-0.29000000000000004,-0.28000000000000025,0.1,-0.28,-0.24,0.11,0.66,0.89,1.79,2.48,0.016599999999999948,-0.11650000000000205,0.07600000000000007,-0.012699999999999934,0.09999999999999432,0.19999999999998863,-0.20000000000000284,3.799999999999997,-1.1899999999999977,1.8000000000000114,0.5,0.29999999999998295,0.6999999999999886,0.0999999999999659,0.5999999999999943,0.0,0.5,0.5,0.5,0.5,0.12399999999999523,-0.41499999999999204,0.2389999999999901,-0.06900000000000261,0.03999999999999915,0.019999999999999574,0.07000000000000028,-85.11999999999534,1872.0800000000163,1.8619999999999663
1996-12-01,37.564000000000306,36.100000000000364,0.2289999999999992,-6435.819000000018,1028.0,0.47990000000000066,0.4702000000000055,0.5409999999999968,0.20059999999999434,1.1357,99.4484,1.0895999999999972,0.48629999999999995,0.589500000000001,108.0679,0.6666999999999916,-1.1470999999999947,-0.721500000000006,82.3823,-40.0,0.598924583,106.0,89.0,5.4,-0.3000000000000007,-299.0,210.0,-35.0,-43.0,8.0,353500,196.0,15.0,0.2999999999999545,7.0,7.0,12.0,-5.0,181.0,38.0,3.600000000000364,51.70000000000073,14.0,6.0,41.1,4.9,41.7,1370,19.0,-44.0,657,272,1411.0,2.0,-4.0,629.0,331.0,-8451.0,-876.0,189.0,0.0,0.0,1.2000000000002728,8.699999999999818,8.0,1.5,1.5,6.6037000000000035,11.771600000000035,1010.0899999999674,-0.4000598000000082,7.580000000000041,-0.009781144999999825,20.87407841,-0.019999999999999574,0.09999999999999964,-0.1200000000000001,-0.03000000000000025,0.04999999999999982,0.10000000000000053,0.09999999999999964,0.10000000000000053,0.09999999999999964,0.22,-0.38,-0.25,0.18,0.78,1.01,1.91,2.6,0.05380000000000007,1.6851999999999947,0.0015999999999998238,0.02410000000000001,0.4000000000000057,0.5,0.6000000000000085,6.799999999999997,1.6799999999999997,6.3999999999999915,0.4000000000000057,2.842170943040401e-14,1.0999999999999943,-0.5,0.29999999999998295,0.19999999999998863,0.39999999999997726,0.5,0.5,0.4000000000000057,0.08100000000000307,-0.3059999999999832,0.23499999999999943,-0.031999999999996476,0.07000000000000028,0.03999999999999915,0.019999999999997797,-521.820000000007,4032.6900000000023,-3.199700000000007
1997-01-01,56.202000000001135,35.0,0.2740000000000009,11441.722999999998,1490.0,0.13629999999999143,0.026399999999995316,-0.0379999999999967,-0.23040000000000305,-0.5160000000000053,99.3633,0.35130000000000194,0.24490000000000123,0.2511999999999972,108.0444,0.10730000000000928,-0.9694999999999965,-0.4410999999999916,82.0396,-41.0,0.601145571,343.0,438.0,5.3,0.40000000000000036,137.0,-198.0,38.0,42.0,-4.0,339000,214.0,19.0,3.1000000000000227,0.0,13.0,15.0,-2.0,195.0,7.0,3.0999999999994543,-35.100000000000364,15.0,22.0,40.6,4.9,41.4,1355,11.0,-46.0,596,353,1382.0,18.0,-14.0,590.0,337.0,-505.0,-502.0,3139.0,0.0,2.1000000000001364,-7.5,5.5,-2.5,-0.6000000000000014,-0.3999999999999986,3.775100000000066,6.927699999999959,1974.5,-0.47705890000000295,22.970000000000027,-0.053141612999999976,21.27027289,-0.040000000000000036,-0.1899999999999995,0.1200000000000001,0.05999999999999961,0.14000000000000057,0.2599999999999998,0.28000000000000025,0.21999999999999975,0.20000000000000018,0.07,-0.22,-0.15,0.36,1.08,1.33,2.17,2.84,0.06230000000000002,3.9314000000000107,-0.005399999999999849,-0.012800000000000145,0.09999999999999432,0.09999999999999432,0.19999999999998863,5.0,-0.21999999999999886,4.3999999999999915,0.30000000000001137,0.09999999999999432,-0.09999999999999432,0.4000000000000341,0.10000000000002274,-0.29999999999998295,0.6000000000000227,0.4000000000000057,0.20000000000001705,0.30000000000001137,0.09099999999999397,0.7019999999999698,0.07500000000000284,0.008000000000002672,0.05000000000000071,0.1700000000000017,-0.029999999999997584,466.1000000000058,2352.5499999999884,5.770500000000084
1997-02-01,30.877999999998792,39.0,0.12299999999999756,18349.0,1941.0,0.9120000000000061,0.8796999999999997,0.7703999999999951,0.5388999999999982,1.3462999999999994,99.494,1.0337999999999994,0.9385000000000048,1.2077000000000027,109.1284,1.0938999999999908,-0.323599999999999,0.3544999999999874,82.7007,177.0,0.630808223,-56.0,0.0,5.2,-0.1999999999999993,-209.0,138.0,-22.0,19.0,-41.0,320750,317.0,66.0,2.7000000000000455,47.0,18.0,17.0,1.0,251.0,26.0,17.300000000000182,2.2999999999992724,18.0,5.0,41.0,5.0,41.6,1486,-30.0,110.0,644,356,1445.0,13.0,6.0,609.0,362.0,8394.0,2471.0,2931.0,-0.020000000000000018,-2.300000000000182,-4.299999999999727,2.900000000000091,-2.6000000000000227,-2.5,-2.6000000000000014,6.960299999999961,5.162699999999859,2242.2399999999907,-0.24264169999999297,32.16999999999996,-0.07194719900000002,21.88067671,-0.05999999999999961,-0.040000000000000036,-0.020000000000000462,-0.040000000000000036,-0.08000000000000007,-0.1299999999999999,-0.16000000000000014,-0.11000000000000032,-0.14999999999999947,0.09,-0.18,-0.13,0.34,1.01,1.23,2.12,2.75,0.06279999999999997,5.049700000000001,-0.03290000000000015,0.006199999999999983,-0.30000000000001137,-0.5,-0.09999999999999432,-10.900000000000006,-2.960000000000001,2.5,0.29999999999998295,0.29999999999998295,-0.4000000000000057,-0.20000000000004547,0.29999999999998295,0.29999999999998295,0.29999999999998295,0.30000000000001137,0.19999999999998863,0.29999999999998295,0.1460000000000008,0.25200000000000955,0.0589999999999975,0.06099999999999284,0.02999999999999936,0.02999999999999936,-0.030000000000001137,601.2299999999959,138.67999999999302,1.3693999999999278
1997-03-01,46.443999999999505,39.70000000000073,0.1560000000000059,418.0,739.0,0.4942000000000064,0.6912999999999982,0.8162000000000091,0.6747000000000014,1.0473999999999961,99.9733,0.9405000000000072,0.2944999999999993,0.5899000000000001,109.4698,0.770300000000006,-4.717400000000012,0.8053000000000026,83.0126,-40.0,0.634285714,491.0,593.0,5.2,-0.3000000000000007,53.0,-34.0,-30.0,-19.0,-11.0,319400,317.0,55.0,0.0,29.0,25.0,25.0,0.0,262.0,56.0,14.699999999999818,30.100000000000364,20.0,10.0,41.3,5.1,41.8,1457,21.0,-61.0,642,369,1436.0,-20.0,-1.0,647.0,336.0,-2653.0,-893.0,-364.0,0.0,-3.8999999999998636,3.1999999999993634,7.800000000000182,2.400000000000034,-0.5,-0.6000000000000014,6.403599999999983,12.826900000000023,2052.9899999999907,-0.32635050000000376,-6.230000000000018,0.021510849,21.42609703,0.1999999999999993,0.13999999999999968,0.1299999999999999,0.20000000000000018,0.2699999999999996,0.33999999999999986,0.27000000000000046,0.2400000000000002,0.23999999999999932,0.03,-0.25,-0.13,0.41,1.15,1.3,2.16,2.79,0.009300000000000086,-0.18830000000001235,-0.016000000000000014,0.016900000000000137,-0.09999999999999432,0.0,-0.4000000000000057,-9.099999999999994,-1.2200000000000024,2.5,0.10000000000002274,-1.299999999999983,-0.19999999999998863,0.4000000000000341,-0.29999999999998295,0.0,0.4000000000000057,0.09999999999999432,0.0,0.09999999999999432,0.07399999999999807,-0.17199999999999704,-0.19899999999999807,-0.005999999999993122,0.019999999999999574,-0.02999999999999936,0.019999999999999574,-962.7899999999936,3253.289999999979,12.277300000000082
1997-04-01,7.311000000001513,12.899999999999636,-0.0030000000000001137,3065.0,-1546.0,0.06510000000000105,-0.1757999999999953,-0.32569999999999766,-0.9609999999999985,-2.058099999999996,99.5795,0.5583999999999918,0.30589999999999407,0.35949999999999704,109.7329,-0.06740000000000634,4.659200000000013,-0.5671999999999997,82.4587,-40.0,0.640186236,125.0,252.0,5.1,0.09999999999999964,-163.0,-133.0,66.0,59.0,7.0,327000,297.0,28.0,2.599999999999909,13.0,11.0,17.0,-6.0,269.0,38.0,13.900000000000546,13.800000000001091,30.0,-5.0,41.3,5.1,41.8,1492,-4.0,-8.0,707,351,1421.0,-24.0,12.0,646.0,334.0,6486.0,1960.0,4259.0,0.0,-2.2999999999999545,0.9000000000005457,8.299999999999727,3.1999999999999886,0.29999999999999716,0.20000000000000284,8.220100000000002,12.750700000000052,10032.560000000056,1.252843800000008,-28.230000000000018,0.074612766,20.39494844,0.1200000000000001,0.17999999999999972,0.020000000000000462,0.11000000000000032,0.1900000000000004,0.21999999999999975,0.1999999999999993,0.1800000000000006,0.16000000000000014,0.09,-0.35,-0.14,0.48,1.25,1.38,2.22,2.83,-0.0016000000000000458,2.863900000000001,0.01970000000000005,0.021700000000000053,-0.799999999999983,-1.0,-0.5,0.29999999999999716,-1.2699999999999996,-0.799999999999983,0.09999999999999432,1.1999999999999886,-0.6999999999999886,-0.30000000000001137,-0.20000000000001705,-0.39999999999997726,0.4000000000000057,0.09999999999999432,0.0,0.10000000000002274,0.06900000000000261,-1.174999999999983,0.1110000000000042,-0.007000000000005002,0.02000000000000135,0.05999999999999872,-0.02999999999999936,-2176.449999999997,5579.550000000047,14.99509999999998
1997-05-01,45.159999999999854,46.29999999999927,0.03599999999999426,-226.0,-1686.0,0.44479999999998654,0.6236999999999995,0.6764999999999901,0.723700000000008,0.8611999999999966,100.2231,0.7395000000000067,0.263300000000001,0.597999999999999,109.6292,0.5823000000000036,1.259299999999996,1.7158000000000015,82.5499,-258.0,0.622389181,103.0,321.0,4.9,-0.1999999999999993,88.0,-129.0,-55.0,-1.0,-54.0,323800,272.0,44.0,2.300000000000068,29.0,13.0,16.0,-3.0,228.0,30.0,11.0,13.099999999998545,21.0,-2.0,41.2,5.1,41.7,1442,-22.0,20.0,641,369,1414.0,3.0,-23.0,618.0,375.0,-5468.0,151.0,3924.0,0.020000000000000018,8.499999999999773,-3.600000000000364,7.700000000000273,1.5,-1.8999999999999986,-1.8000000000000043,5.489100000000008,11.410499999999956,1974.5,-0.16296140000000037,69.16000000000008,-0.16000965700000003,22.00280513,-0.009999999999999787,0.0,-0.11000000000000032,-0.07000000000000028,-0.1200000000000001,-0.1899999999999995,-0.17999999999999972,-0.15000000000000036,-0.14000000000000057,0.1,-0.45,-0.2,0.37,1.07,1.21,2.08,2.7,-0.028699999999999948,-6.445299999999989,0.0029000000000001247,-0.013800000000000034,-0.30000000000001137,-0.39999999999997726,-0.19999999999998863,1.2999999999999972,1.1099999999999994,0.5,0.0,-0.29999999999998295,-1.0,0.09999999999999432,-0.19999999999998863,0.29999999999998295,0.29999999999998295,0.0,-0.09999999999999432,0.0,-0.031999999999996476,0.7269999999999754,-0.21999999999999886,-0.09499999999999886,0.049999999999998934,0.0600000000000005,0.040000000000000924,2222.279999999999,2875.259999999951,-3.63880000000006
1997-06-01,36.240999999999985,33.70000000000073,0.2890000000000015,12388.0,3128.0,0.3675000000000068,0.29070000000000107,0.34029999999999916,-0.08310000000000173,1.5627000000000066,99.3147,1.0641999999999996,0.4432999999999936,0.6400000000000006,109.3614,0.5186999999999955,-5.188200000000009,-0.09649999999999181,82.5533,399.0,0.667892337,92.0,-52.0,5.0,0.09999999999999964,35.0,114.0,-36.0,-61.0,25.0,325500,256.0,23.0,0.39999999999997726,0.0,23.0,27.0,-4.0,233.0,36.0,12.099999999999454,13.400000000001455,15.0,59.0,41.0,4.9,41.6,1494,-8.0,-5.0,711,364,1402.0,9.0,12.0,624.0,336.0,6242.0,1545.0,6145.0,-0.010000000000000009,2.400000000000091,4.600000000000364,5.899999999999636,2.8000000000000114,0.6000000000000014,0.5,4.0253999999999905,11.72180000000003,3095.0299999999115,-0.0953227000000112,43.19999999999993,-0.08571331100000013,22.86065155,0.05999999999999961,-0.040000000000000036,-0.1200000000000001,-0.16999999999999993,-0.17999999999999972,-0.1900000000000004,-0.21999999999999975,-0.16999999999999993,-0.17999999999999972,0.0,-0.63,-0.43,0.13,0.82,0.93,1.85,2.46,0.009299999999999864,-4.906700000000001,0.012699999999999934,0.0039000000000000146,-0.19999999999998863,-0.30000000000001137,0.0,-2.8999999999999915,-1.6599999999999966,2.1999999999999886,0.29999999999998295,-0.5000000000000284,0.29999999999998295,-0.29999999999998295,0.09999999999999432,-0.30000000000001137,0.5,0.30000000000001137,0.29999999999998295,0.29999999999998295,0.09000000000000341,0.11400000000000432,-0.21000000000000796,0.15500000000000114,0.019999999999999574,0.03999999999999915,-0.030000000000001137,2220.209999999992,5683.150000000023,5.037199999999984
1997-07-01,45.05799999999908,43.69999999999891,0.5489999999999995,9445.0,2646.0,0.6694999999999993,0.6915000000000049,0.7269000000000005,0.8854999999999933,0.03289999999999793,100.6162,0.4084999999999894,0.6448000000000036,0.4515000000000029,110.5352,0.6265000000000072,2.570300000000003,-2.117200000000011,82.6438,-149.0,0.659954921,266.0,410.0,4.9,0.8999999999999986,-160.0,-81.0,34.0,32.0,2.0,320250,298.0,27.0,2.6000000000000227,24.0,1.0,19.0,-18.0,271.0,35.0,18.900000000000546,14.299999999999272,36.0,26.0,41.1,5.0,41.6,1437,33.0,-5.0,657,333,1440.0,-5.0,-14.0,658.0,359.0,4032.0,2058.0,2107.0,-0.010000000000000009,-2.8999999999998636,1.099999999999909,8.100000000000364,3.3000000000000114,-0.20000000000000284,-0.29999999999999716,2.9651999999999816,6.8542999999999665,593.3400000000838,-0.4697244999999981,49.0,-0.08548781799999983,23.85795117,-0.040000000000000036,-0.04999999999999982,0.1200000000000001,-0.009999999999999787,-0.15000000000000036,-0.2599999999999998,-0.27000000000000046,-0.27000000000000046,-0.2699999999999996,-0.01,-0.47,-0.4,0.02,0.6,0.7,1.62,2.23,0.040000000000000036,1.0901999999999958,0.024499999999999966,-0.006800000000000139,-0.4000000000000057,-0.4000000000000057,-0.30000000000001137,0.0,0.4599999999999973,-4.699999999999989,0.20000000000001705,0.4000000000000341,-0.29999999999998295,-2.842170943040401e-14,-0.09999999999999432,-0.09999999999999432,0.5,0.19999999999998863,0.0,0.09999999999999432,0.04200000000000159,-0.020000000000010232,-0.0239999999999867,-0.12200000000000699,0.009999999999999787,0.0,0.009999999999999787,1690.800000000003,1058.4199999999837,8.35450000000003
1997-08-01,59.67400000000089,56.30000000000109,0.35999999999999943,-2670.0,606.0,0.8158999999999992,0.9003999999999905,1.081000000000003,0.8474000000000075,1.7691999999999979,100.9872,1.502200000000002,0.7276999999999987,1.0217000000000027,110.771,1.021799999999999,-1.1372999999999962,1.2091000000000065,83.1003,71.0,0.675393463,141.0,188.0,4.8,-0.3999999999999986,123.0,26.0,-115.0,-112.0,-3.0,330200,-28.0,92.0,-1.8999999999999773,29.0,65.0,58.0,7.0,-120.0,-110.0,10.899999999999636,28.899999999999636,25.0,-69.0,41.1,5.1,41.7,1390,-28.0,-17.0,637,351,1449.0,5.0,22.0,626.0,373.0,-1558.0,2711.0,1232.0,0.0,10.399999999999864,15.599999999999909,14.799999999999727,1.1999999999999886,0.30000000000000426,0.10000000000000142,5.892600000000016,5.875099999999975,1888.7799999999115,-0.4622241999999943,1.9500000000000455,0.0026456589999999114,23.63407163,0.020000000000000462,-0.009999999999999787,0.08999999999999986,0.07000000000000028,0.019999999999999574,0.040000000000000036,0.08000000000000007,0.08000000000000007,0.07000000000000028,-0.04,-0.4,-0.35,0.02,0.62,0.76,1.68,2.28,0.030399999999999983,2.553600000000003,-0.06590000000000007,0.013000000000000123,0.5,0.5999999999999943,0.20000000000000284,0.5999999999999943,0.3000000000000007,0.6999999999999886,0.4000000000000057,-0.8000000000000398,0.799999999999983,0.10000000000002274,0.5,0.10000000000002274,0.20000000000001705,0.30000000000001137,0.30000000000001137,0.4000000000000057,0.055999999999997385,-0.06799999999998363,0.19499999999999318,-0.03999999999999204,0.07000000000000028,0.08000000000000007,0.05000000000000071,451.47000000000116,724.429999999993,-2.778500000000008
1997-09-01,30.554000000000087,29.600000000000364,0.012000000000000455,7594.0,1003.0,0.7502000000000066,0.7173999999999978,0.6505000000000081,0.7381000000000029,0.644999999999996,101.7606,0.5769999999999982,0.7815000000000083,0.7658999999999949,111.7663,0.7640999999999991,0.20069999999999766,-0.35840000000000316,83.2745,240.0,0.706580529,57.0,9.0,4.9,-0.09999999999999964,-51.0,-18.0,70.0,71.0,-1.0,315250,489.0,43.0,2.5,28.0,12.0,12.0,0.0,446.0,194.0,7.300000000000182,8.399999999999636,22.0,62.0,41.2,5.1,41.7,1546,35.0,33.0,716,360,1494.0,-3.0,-5.0,654.0,398.0,533.0,2788.0,6382.0,0.0,-18.199999999999818,-17.800000000000182,3.599999999999909,1.099999999999966,-0.6000000000000014,-0.5,7.469299999999976,11.597300000000132,3138.109999999986,-0.14616580000000567,9.779999999999973,-0.01114107299999989,23.6144067,0.0,0.009999999999999787,-0.1899999999999995,-0.10000000000000053,-0.040000000000000036,-0.04999999999999982,-0.08999999999999986,-0.0699999999999994,-0.1200000000000001,-0.03,-0.59,-0.45,-0.02,0.57,0.67,1.61,2.16,-0.04259999999999997,2.960499999999996,-0.0021999999999999797,-0.0033000000000000806,0.19999999999998863,0.30000000000001137,0.20000000000000284,1.6000000000000085,-0.14000000000000057,-1.1999999999999886,0.39999999999997726,0.8000000000000398,0.700000000000017,0.0,0.29999999999998295,0.0999999999999659,0.5,0.5,0.5,0.4000000000000057,0.1700000000000017,0.23900000000000432,0.18500000000000227,0.13700000000000045,0.02000000000000135,0.0600000000000005,-0.07000000000000028,463.75999999999476,2381.3099999999977,13.480400000000031
1997-10-01,53.22999999999956,53.5,0.3049999999999997,-2742.0,-476.0,0.7329000000000008,1.1958000000000055,1.278099999999995,1.5275999999999925,1.0999000000000052,103.4754,0.9909999999999997,0.2580999999999989,0.8010000000000019,111.5273,0.7775999999999925,6.139399999999995,-0.10519999999999641,83.4379,-94.0,0.714130772,-42.0,160.0,4.7,0.20000000000000107,92.0,-136.0,-124.0,-84.0,-40.0,310000,349.0,59.0,1.099999999999909,9.0,49.0,44.0,5.0,290.0,69.0,20.5,39.30000000000109,30.0,59.0,41.1,5.2,41.8,1520,-38.0,8.0,700,380,1499.0,-4.0,-7.0,677.0,391.0,-34.0,3163.0,3882.0,0.010000000000000009,7.099999999999682,3.5000000000004547,7.300000000000182,2.3000000000000114,-0.5,-0.20000000000000284,3.941400000000044,5.922900000000027,4432.540000000037,-0.0891584000000023,14.139999999999986,-0.018360289000000085,23.71893002,-0.040000000000000036,0.040000000000000036,0.019999999999999574,0.0,-0.05999999999999961,-0.1800000000000006,-0.17999999999999972,-0.15000000000000036,-0.1299999999999999,0.05,-0.53,-0.41,-0.04,0.43,0.53,1.5,2.07,-0.01859999999999995,0.1705000000000041,0.03170000000000006,-0.00029999999999996696,0.30000000000001137,0.4000000000000057,-0.09999999999999432,5.0,1.4700000000000024,-4.700000000000003,0.30000000000001137,-0.4000000000000341,-0.10000000000002274,0.19999999999998863,0.0,0.20000000000001705,0.5,0.29999999999998295,0.19999999999998863,0.30000000000001137,0.09199999999999875,0.1279999999999859,-0.001999999999995339,-0.060000000000002274,0.09999999999999964,0.0600000000000005,0.11999999999999922,-1392.1100000000006,1479.740000000049,8.701999999999998
1997-11-01,72.79700000000048,70.5,0.24600000000000222,10044.0,604.0,0.6614000000000004,0.5095000000000027,0.591399999999993,0.19939999999999714,2.1162999999999954,102.7308,1.2745000000000033,0.8155000000000001,1.2139000000000024,112.0154,0.8360000000000127,-0.1430999999999898,-1.9540000000000077,83.6379,298.0,0.777901078,328.0,474.0,4.6,-0.7000000000000011,-87.0,61.0,-133.0,-37.0,-96.0,314600,302.0,56.0,-1.6999999999999318,16.0,42.0,42.0,0.0,246.0,56.0,7.899999999999636,43.19999999999891,27.0,23.0,41.0,5.2,41.8,1510,55.0,-49.0,666,398,1469.0,7.0,0.0,652.0,379.0,13386.0,12444.0,1835.0,-0.010000000000000009,6.600000000000364,3.299999999999727,10.900000000000091,6.900000000000034,0.8999999999999986,0.8999999999999986,6.076999999999998,4.1288999999999305,304.2700000000186,-0.72965769999999,-12.240000000000009,0.0271166570000001,23.29970514,0.019999999999999574,0.08999999999999986,0.16999999999999993,0.08000000000000007,0.0,-0.1299999999999999,-0.15000000000000036,-0.1299999999999999,-0.15000000000000036,0.12,-0.38,-0.35,-0.06,0.28,0.36,1.35,1.9,-0.04469999999999996,4.32119999999999,0.05590000000000006,0.025900000000000034,-0.30000000000001137,-0.30000000000001137,0.19999999999998863,2.3999999999999915,-1.0899999999999999,-2.200000000000003,0.19999999999998863,0.20000000000001705,-0.799999999999983,0.20000000000001705,-0.09999999999999432,-0.29999999999999716,0.5,0.09999999999999432,0.10000000000002274,0.19999999999998863,0.003999999999990678,-0.6349999999999909,-0.11700000000000443,-0.030000000000001137,0.02999999999999936,0.049999999999998934,-0.08999999999999808,187.33000000000175,2429.3800000000047,21.65409999999997
1997-12-01,62.96599999999853,55.5,0.3440000000000012,-2403.0,741.0,0.3569999999999993,0.2061999999999955,0.05030000000000712,-0.3155000000000001,-0.2125999999999948,102.371,0.46810000000000684,0.5114999999999981,0.47409999999999997,112.948,0.439399999999992,-1.4155999999999977,1.156000000000006,83.4425,-319.0,0.708462014,194.0,26.0,4.7,0.5,55.0,-90.0,84.0,38.0,46.0,313250,323.0,73.0,2.699999999999932,39.0,31.0,31.0,0.0,250.0,41.0,9.400000000000546,38.900000000001455,30.0,5.0,41.3,5.2,42.0,1566,-38.0,58.0,707,393,1456.0,8.0,10.0,621.0,379.0,-17417.0,-3726.0,5377.0,0.010000000000000009,-3.9000000000003183,-4.400000000000091,9.599999999999909,8.5,1.3999999999999986,1.3000000000000043,5.288400000000024,2.555499999999938,7102.390000000014,0.34172239999999476,23.450000000000045,-0.034186872000000035,23.83655181,-0.019999999999999574,0.0600000000000005,0.020000000000000462,0.07000000000000028,0.07000000000000028,-0.03000000000000025,-0.07000000000000028,-0.11000000000000032,-0.09999999999999964,0.2,-0.34,-0.26,0.03,0.27,0.31,1.26,1.82,0.032399999999999984,4.352400000000017,-0.029200000000000115,0.01429999999999998,-0.19999999999998863,-0.19999999999998863,-0.19999999999998863,-7.0,-1.8500000000000014,-3.5999999999999943,0.10000000000002274,0.30000000000001137,-0.20000000000001705,0.09999999999999432,0.0,0.20000000000000284,0.29999999999998295,0.20000000000001705,-0.10000000000002274,0.0,-0.015000000000000568,0.3439999999999941,-0.09499999999999886,-0.06099999999999994,0.0600000000000005,0.09000000000000163,0.00999999999999801,715.6200000000099,6515.009999999951,7.13250000000005
1998-01-01,92.3010000000013,87.29999999999927,-0.054000000000002046,1848.0,406.0,0.37239999999999895,0.5242999999999967,0.678299999999993,0.4350000000000023,0.3696999999999946,102.8313,0.955299999999994,0.21359999999999957,0.46929999999999694,112.8177,0.6612999999999971,-7.122,-0.24559999999999604,83.4547,189.0,0.750157035,-60.0,47.0,4.6,-0.3000000000000007,53.0,-8.0,-68.0,-79.0,11.0,321200,257.0,77.0,1.7000000000000455,45.0,32.0,38.0,-6.0,180.0,24.0,22.0,-17.100000000000364,25.0,4.0,41.1,5.2,41.9,1525,15.0,12.0,644,388,1555.0,24.0,29.0,655.0,391.0,518.0,746.0,2809.0,0.010000000000000009,0.3000000000001819,5.199999999999818,11.300000000000182,-1.900000000000034,-0.3999999999999986,-0.30000000000000426,10.551600000000008,3.8511000000000877,-2650.20000000007,-1.3647854000000024,0.9900000000000091,0.0035350219999998878,23.80053224,0.05999999999999961,-0.2599999999999998,-0.1200000000000001,-0.20999999999999996,-0.29000000000000004,-0.34999999999999964,-0.2699999999999996,-0.14999999999999947,-0.1299999999999999,-0.12,-0.52,-0.53,-0.32,-0.14,-0.02,1.05,1.63,0.03550000000000009,-0.18659999999999854,-0.024699999999999944,0.013800000000000034,-0.700000000000017,-1.0,-0.8000000000000114,-6.0,-1.6099999999999994,-3.8000000000000114,0.19999999999998863,-0.20000000000001705,-0.6999999999999886,-0.6000000000000227,-0.09999999999999432,0.19999999999998863,0.4000000000000057,0.0,0.10000000000002274,0.19999999999998863,0.0350000000000108,0.03200000000001069,-0.14400000000000546,0.0799999999999983,-0.009999999999999787,0.019999999999999574,-0.05999999999999872,711.359999999986,-4260.0,20.034899999999993
1998-02-01,72.8189999999995,67.60000000000036,0.3930000000000007,13390.0,97.0,0.1501999999999981,0.2137000000000029,0.12010000000000787,-0.1110000000000042,-0.11699999999999022,102.7251,0.3442000000000007,0.08230000000000359,0.32160000000000366,112.2243,0.15720000000000312,1.137999999999991,-1.2974000000000103,82.986,133.0,0.778623533,17.0,81.0,4.6,-0.1999999999999993,-15.0,-11.0,-24.0,14.0,-38.0,319000,211.0,21.0,0.2999999999999545,14.0,8.0,13.0,-5.0,190.0,18.0,8.899999999999636,-7.5,25.0,16.0,41.1,5.1,41.7,1584,42.0,31.0,690,328,1647.0,-3.0,37.0,703.0,401.0,6982.0,-474.0,6687.0,0.0,2.099999999999909,9.400000000000546,20.199999999999818,-2.8000000000000114,-2.299999999999997,-2.1999999999999957,6.871700000000033,13.213999999999942,3346.8600000001024,-0.2299180999999919,60.379999999999995,-0.09031776000000002,25.25526722,-0.04999999999999982,0.009999999999999787,0.04999999999999982,0.040000000000000036,0.0699999999999994,0.07000000000000028,0.03000000000000025,0.05999999999999961,0.05999999999999961,-0.06,-0.42,-0.44,-0.2,-0.02,0.06,1.16,1.74,-0.011700000000000044,-3.695900000000009,0.005800000000000027,-0.007500000000000062,-0.09999999999999432,-0.09999999999999432,-0.3999999999999915,-2.0,-0.6500000000000021,-2.0,0.0,-0.19999999999998863,-0.5999999999999943,0.4000000000000341,-0.19999999999998863,1.4210854715202004e-14,0.20000000000001705,0.0,-0.20000000000001705,0.0,-0.03700000000000614,-0.1740000000000066,-0.2749999999999915,-0.041999999999994486,0.05999999999999872,0.030000000000001137,0.07000000000000028,-2347.5599999999977,-1092.8499999999767,8.989399999999932
1998-03-01,65.61499999999978,59.19999999999891,0.2710000000000008,4789.0,1399.0,0.03539999999999566,0.1273999999999944,0.11939999999999884,0.0718000000000103,0.2289999999999992,102.7209,0.3679000000000059,-0.06310000000000571,-0.24750000000000227,111.6676,-0.1384999999999934,3.804699999999997,0.47680000000001144,82.2462,-36.0,0.758953597,124.0,7.0,4.7,-0.9000000000000004,217.0,54.0,-37.0,2.0,-39.0,315000,148.0,-19.0,-1.3999999999999773,-28.0,10.0,14.0,-4.0,167.0,17.0,11.300000000000182,-3.100000000000364,35.0,6.0,40.9,5.1,41.5,1567,-43.0,-65.0,712,397,1605.0,-21.0,-57.0,747.0,393.0,-4384.0,-4932.0,5210.0,0.0,-4.699999999999818,-7.300000000000182,15.699999999999818,2.6000000000000227,0.3999999999999986,0.3999999999999986,3.7280999999999267,14.899499999999989,6007.5,0.1308931999999885,53.08999999999992,-0.07048451300000003,26.55456698,-0.019999999999999574,0.040000000000000036,-0.05999999999999961,-0.03000000000000025,0.08000000000000007,0.1200000000000001,0.08000000000000007,0.04999999999999982,0.07000000000000028,0.0,-0.46,-0.45,-0.1,0.12,0.16,1.23,1.83,0.026999999999999913,3.230699999999999,0.021099999999999897,-0.016799999999999926,-0.09999999999999432,-0.10000000000002274,-0.5,-1.2999999999999972,-1.0399999999999991,-1.3999999999999915,0.0,-0.20000000000001705,-0.9000000000000057,-0.10000000000002274,-0.4000000000000057,-0.30000000000001137,0.5,0.0,-0.09999999999999432,0.0,0.01099999999999568,0.32800000000000296,-0.4300000000000068,0.08500000000000085,0.030000000000001137,0.04999999999999716,-0.010000000000001563,2496.0,1628.359999999986,17.015400000000113
1998-04-01,40.123999999999796,40.80000000000109,0.3269999999999982,1318.0,2903.0,0.29189999999999827,0.3995000000000033,0.4257999999999953,0.6387,0.26149999999999807,103.5286,0.16039999999999566,0.17570000000000618,0.2605000000000004,112.2106,0.4017999999999944,-0.806999999999988,-0.22320000000000562,82.0305,21.0,0.823935364,-86.0,395.0,4.3,0.1999999999999993,-161.0,-54.0,-296.0,-260.0,-35.0,311000,281.0,77.0,-3.8999999999999773,80.0,0.0,9.0,-9.0,204.0,33.0,8.399999999999636,21.5,23.0,24.0,40.6,4.9,41.2,1540,-15.0,29.0,690,378,1547.0,-9.0,-12.0,690.0,413.0,4029.0,2152.0,2200.0,0.010000000000000009,0.4999999999997726,0.49999999999954525,12.800000000000182,3.1000000000000227,1.0,1.0,-1.8367999999999256,6.442700000000059,8093.5299999999115,0.5460038000000083,35.37000000000012,-0.037227685999999816,27.44684517,-0.040000000000000036,-0.009999999999999787,-0.08000000000000007,0.019999999999999574,-0.009999999999999787,0.0,-0.010000000000000675,-0.02999999999999936,0.009999999999999787,0.03,-0.5,-0.39,-0.07,0.16,0.19,1.24,1.88,0.015000000000000124,2.6713000000000022,0.010399999999999965,0.013199999999999878,0.19999999999998863,0.20000000000001705,-0.10000000000000853,1.0999999999999943,0.41999999999999993,1.7999999999999972,0.19999999999998863,-0.0999999999999659,-0.5999999999999943,0.30000000000001137,-0.09999999999999432,0.29999999999999716,0.5,0.19999999999998863,0.09999999999999432,0.10000000000002274,0.08800000000000807,0.21599999999997976,0.02599999999999625,-0.05600000000000449,0.0,0.030000000000001137,-0.06999999999999851,4077.4000000000087,2611.3300000000163,-9.597300000000018
1998-05-01,49.38500000000022,50.29999999999927,0.4450000000000003,3324.0,1089.0,0.5528000000000048,0.5538999999999987,0.4177000000000106,0.3667999999999978,0.7006999999999977,103.7323,0.4890000000000043,0.5489999999999924,0.4930999999999983,111.9971,0.4754999999999967,1.1513999999999953,-0.6461000000000041,81.9002,21.0,0.812965107,222.0,116.0,4.4,0.0,13.0,32.0,14.0,57.0,-44.0,311200,400.0,22.0,-3.2999999999999545,38.0,-13.0,0.0,-13.0,378.0,78.0,11.100000000000364,44.29999999999927,27.0,59.0,40.9,4.9,41.5,1536,15.0,-46.0,707,388,1554.0,2.0,17.0,723.0,368.0,-281.0,225.0,-904.0,-0.010000000000000009,3.0,-1.699999999999818,8.599999999999909,1.099999999999966,-1.6000000000000014,-1.7000000000000028,11.676199999999994,0.7798999999999978,3697.280000000028,-0.1498482000000081,-3.7799999999999727,0.013851160999999834,27.39173779,0.040000000000000036,0.019999999999999574,0.04999999999999982,0.08000000000000007,0.0600000000000005,0.019999999999999574,0.010000000000000675,0.0,-0.03000000000000025,0.01,-0.49,-0.35,-0.05,0.14,0.16,1.2,1.81,-0.026100000000000012,3.1423999999999808,-0.0340999999999998,0.01540000000000008,-0.19999999999998863,-0.09999999999999432,-0.09999999999999432,-1.0,-0.5800000000000001,-3.5,0.4000000000000057,0.7999999999999545,0.29999999999998295,-2.842170943040401e-14,0.39999999999997726,-0.3999999999999915,0.39999999999997726,0.5,0.4000000000000057,0.5,0.0969999999999942,-1.1789999999999736,0.3089999999999975,0.028999999999996362,0.049999999999998934,0.030000000000001137,0.0799999999999983,-648.5500000000029,1593.5900000000256,9.581800000000044
1998-06-01,61.818999999999505,56.80000000000109,0.41100000000000136,-3906.0,1896.0,-0.5058000000000078,-0.46280000000000143,-0.6061000000000121,-1.047700000000006,-4.1077999999999975,104.1257,0.07370000000000232,-0.5566000000000031,-0.8811999999999998,112.1625,-0.6499000000000024,3.7168999999999954,0.17220000000000368,80.7548,-94.0,0.776239536,83.0,-81.0,4.5,-0.5999999999999996,-95.0,129.0,123.0,173.0,-50.0,338000,230.0,23.0,-2.0,43.0,-17.0,-5.0,-12.0,207.0,31.0,4.0,19.700000000000728,26.0,4.0,40.8,4.8,41.4,1641,-8.0,24.0,772,412,1551.0,13.0,-7.0,687.0,395.0,-8445.0,-1741.0,488.0,0.010000000000000009,-5.399999999999864,-4.4999999999990905,9.0,2.900000000000034,0.10000000000000142,0.0,15.107999999999947,1.3296000000000276,9145.130000000005,0.6809439000000026,-0.029999999999972715,0.009060799000000008,27.46876014,0.0699999999999994,0.0,-0.019999999999999574,-0.019999999999999574,-0.03000000000000025,-0.11000000000000032,-0.15000000000000036,-0.16000000000000014,-0.16999999999999993,-0.06,-0.58,-0.44,-0.15,-0.04,-0.06,0.97,1.57,0.015899999999999803,5.434500000000014,0.012199999999999989,0.020299999999999985,-0.09999999999999432,-0.10000000000002274,-0.4000000000000057,-2.5,-1.1999999999999993,-2.700000000000003,0.20000000000001705,0.20000000000004547,0.20000000000001705,-0.2999999999999545,0.10000000000002274,0.29999999999999716,0.30000000000001137,0.20000000000001705,0.09999999999999432,0.19999999999998863,-0.060000000000002274,0.5240000000000009,0.017000000000010118,-0.1699999999999946,-0.009999999999999787,0.05000000000000071,-0.0799999999999983,726.0399999999936,7309.809999999998,-5.9124000000001615
1998-07-01,19.334000000000742,24.19999999999891,0.03999999999999915,-5683.0,-1560.0,-0.3363999999999976,-0.3259999999999934,-0.6451999999999884,-0.894599999999997,-3.4142999999999972,104.4098,-0.46170000000000755,-0.35259999999999536,-0.33379999999999654,112.1152,-0.37309999999999377,1.3774999999999977,-0.035799999999994725,79.9133,21.0,0.773765777,133.0,85.0,4.5,0.0,47.0,-74.0,-36.0,-69.0,32.0,333000,135.0,-147.0,-4.7000000000000455,42.0,-184.0,-166.0,-18.0,282.0,40.0,-1.1000000000003638,30.399999999999636,33.0,51.0,40.8,4.8,41.4,1698,13.0,-6.0,803,431,1610.0,3.0,-1.0,735.0,404.0,-1730.0,-1451.0,2054.0,0.010000000000000009,1.599999999999909,-9.094947017729282e-13,5.800000000000182,4.2999999999999545,-0.5,-0.5,6.365499999999997,4.4681000000000495,7775.040000000037,0.5637267999999978,48.18999999999983,-0.054191300999999914,28.76232936,-0.019999999999999574,0.0,-0.020000000000000462,-0.08999999999999986,-0.04999999999999982,-0.05999999999999961,-0.040000000000000036,0.019999999999999574,0.020000000000000462,-0.04,-0.58,-0.51,-0.18,-0.08,-0.08,1.01,1.61,0.01870000000000016,0.4568999999999903,-0.00670000000000015,0.021400000000000086,0.29999999999998295,0.30000000000001137,-0.09999999999999432,0.30000000000001137,0.41999999999999993,-2.299999999999997,0.39999999999997726,-0.4000000000000341,0.29999999999998295,0.0999999999999659,0.29999999999998295,0.29999999999999716,0.30000000000001137,0.29999999999998295,0.30000000000001137,0.30000000000001137,0.17500000000001137,0.6809999999999832,0.14799999999999613,0.22299999999999898,-0.019999999999999574,0.08999999999999986,-0.05000000000000071,2140.100000000006,3553.8099999999977,3.4037000000000717
1998-08-01,40.564000000000306,40.100000000000364,0.2850000000000037,10549.0,-1032.0,1.737099999999998,1.9792000000000058,2.485199999999992,2.7853999999999957,9.4666,104.0733,2.264499999999998,1.4770000000000039,2.5844999999999985,111.797,2.119500000000002,-2.144299999999987,0.4247999999999905,81.3772,81.0,0.796892701,-18.0,61.0,4.5,-0.40000000000000036,4.0,-42.0,49.0,53.0,-3.0,312600,335.0,182.0,-1.2999999999999545,43.0,140.0,147.0,-7.0,153.0,39.0,5.199999999999818,13.0,11.0,29.0,40.9,4.8,41.4,1614,-20.0,4.0,779,387,1654.0,-1.0,-4.0,790.0,398.0,8574.0,816.0,2324.0,-0.010000000000000009,2.0000000000002274,5.199999999999818,12.0,2.5,0.10000000000000142,0.10000000000000142,6.1930999999999585,6.223899999999958,2079.1300000000047,-0.28115599999999574,-81.96000000000004,0.11181711000000005,26.83521404,0.009999999999999787,0.0,-0.05999999999999961,-0.08000000000000007,-0.15000000000000036,-0.1900000000000004,-0.1200000000000001,-0.03000000000000025,-0.010000000000000675,-0.05,-0.65,-0.6,-0.34,-0.28,-0.21,0.97,1.59,-0.020299999999999985,3.892600000000016,-0.009499999999999842,0.047699999999999854,-0.29999999999998295,-0.30000000000001137,-0.29999999999999716,-3.8000000000000114,-0.7200000000000006,-1.5,0.20000000000001705,1.4000000000000057,-0.09999999999999432,0.10000000000002274,0.09999999999999432,-0.29999999999999716,0.39999999999997726,0.30000000000001137,0.19999999999998863,0.19999999999998863,0.09799999999999898,-0.5960000000000036,0.10999999999999943,-0.04200000000000159,0.10999999999999943,0.04999999999999716,0.20000000000000107,3863.0800000000017,2517.9199999999837,17.707400000000007
1998-09-01,36.90300000000025,30.700000000000728,0.465999999999994,9314.0,2171.0,-0.07929999999998927,-0.2902000000000129,-0.4147999999999996,-0.6678999999999888,0.08209999999999695,103.0663,0.04189999999999827,0.14459999999999695,0.5093999999999994,110.8742,-0.0981000000000023,-0.07660000000001332,-1.6319000000000017,80.8336,-212.0,0.747936508,716.0,596.0,4.6,0.7000000000000011,27.0,22.0,62.0,-36.0,98.0,304000,198.0,-1.0,-4.800000000000068,10.0,-6.0,-4.0,-2.0,199.0,41.0,7.700000000000728,23.100000000000364,19.0,26.0,40.6,4.7,41.3,1582,13.0,-2.0,713,410,1577.0,5.0,10.0,708.0,388.0,2389.0,426.0,4452.0,0.0,3.199999999999818,14.100000000000364,22.299999999999727,3.7000000000000455,-0.5,-0.3999999999999986,8.41960000000006,2.996099999999842,6428.0,0.5308638000000059,-53.979999999999905,0.08569051299999986,25.60974002,-0.040000000000000036,-0.17999999999999972,-0.29000000000000004,-0.3200000000000003,-0.5,-0.6499999999999995,-0.5300000000000002,-0.11999999999999922,-0.04999999999999982,-0.19,-0.9,-0.88,-0.8,-0.89,-0.7,0.89,1.58,-0.09330000000000016,-10.1995,0.04809999999999981,-0.012799999999999923,0.0,-0.09999999999999432,-0.4000000000000057,-2.1999999999999886,1.5899999999999999,0.5999999999999943,0.09999999999999432,-3.5999999999999943,-0.4000000000000057,-2.842170943040401e-14,-0.19999999999998863,-0.5,0.4000000000000057,0.0,-0.19999999999998863,0.0,-0.04100000000001103,0.07699999999999818,-0.14799999999999613,-0.117999999999995,0.009999999999999787,-0.05999999999999872,-0.060000000000002274,1272.4100000000035,5227.5,5.4512999999999465
1998-10-01,19.540999999999258,19.0,0.21300000000000097,8369.0,3999.0,0.5886999999999887,0.5296000000000021,0.6103999999999985,0.34839999999999804,1.566199999999995,102.849,0.866500000000002,0.6510999999999996,0.9904999999999973,110.8801,0.7591000000000037,-0.5117999999999938,0.2740000000000009,81.0849,-37.0,0.744426752,-7.0,13.0,4.5,-0.3000000000000007,199.0,-76.0,-106.0,-49.0,-58.0,310600,204.0,-13.0,-4.2999999999999545,37.0,-45.0,-18.0,-27.0,217.0,16.0,0.0,8.799999999999272,23.0,16.0,40.9,4.8,41.4,1715,22.0,41.0,833,360,1719.0,12.0,19.0,789.0,418.0,-2895.0,-4817.0,2408.0,-0.010000000000000009,2.099999999999909,1.199999999999818,18.200000000000273,4.0,-0.10000000000000142,-0.10000000000000142,18.970699999999965,7.488900000000058,4433.289999999921,0.14527970000000323,11.830000000000041,-0.016512912999999907,26.01501587,-0.4399999999999995,-0.23000000000000043,-0.6500000000000004,-0.5800000000000001,-0.5899999999999999,-0.4400000000000004,-0.27999999999999936,-0.03000000000000025,0.08999999999999986,0.02,-1.11,-1.02,-0.95,-0.89,-0.54,1.3,2.11,-0.06269999999999998,-13.431900000000013,0.0121,0.023399999999999865,0.5,0.5999999999999943,-0.09999999999999432,2.5,-0.5599999999999987,-0.8999999999999915,0.4000000000000057,1.5999999999999943,0.20000000000001705,-0.0999999999999659,0.30000000000001137,0.29999999999999716,0.4000000000000057,0.29999999999998295,0.29999999999998295,0.4000000000000057,0.1560000000000059,0.20300000000003138,0.1670000000000016,0.1559999999999988,0.0600000000000005,0.14000000000000057,-0.049999999999998934,1800.9199999999983,2161.3499999999767,19.605000000000018
1998-11-01,51.379000000000815,44.399999999999636,0.17200000000000415,4273.0,1742.0,-0.07949999999999591,-0.25900000000000034,-0.4402999999999935,-0.6974000000000018,-0.22769999999999868,101.943,0.03159999999999741,0.11190000000000566,0.5443000000000069,110.6739,0.12630000000000052,-5.522800000000004,1.5744000000000113,80.7766,259.0,0.808852459,102.0,281.0,4.4,0.40000000000000036,-313.0,89.0,8.0,-8.0,17.0,316000,275.0,-11.0,-4.800000000000068,39.0,-46.0,-30.0,-16.0,286.0,51.0,8.699999999999818,32.80000000000109,17.0,43.0,40.8,4.8,41.4,1660,-25.0,-30.0,791,402,1672.0,0.0,-8.0,717.0,451.0,3873.0,-2320.0,4364.0,0.0,2.800000000000182,-1.4999999999990905,20.40000000000009,5.699999999999932,0.0,0.20000000000000284,10.96670000000006,18.521200000000135,4127.570000000065,0.01803639999999973,111.96000000000004,-0.15173497400000002,29.01695374,-0.2400000000000002,0.0600000000000005,0.4500000000000002,0.3700000000000001,0.41000000000000014,0.3600000000000003,0.2999999999999998,0.040000000000000036,0.16000000000000014,0.32,-0.42,-0.41,-0.3,-0.29,0.0,1.58,2.51,0.047900000000000054,-0.7590999999999894,-0.033299999999999885,-0.0047999999999999154,-0.09999999999999432,-0.09999999999999432,-0.20000000000000284,-0.30000000000001137,-1.540000000000001,-2.200000000000003,0.19999999999998863,0.4000000000000057,-0.09999999999999432,-0.20000000000001705,-0.10000000000002274,0.30000000000001137,0.5,0.20000000000001705,0.10000000000002274,0.19999999999998863,0.0030000000000001137,-0.13700000000002888,-0.09000000000000341,-0.11700000000000443,0.019999999999999574,0.030000000000001137,0.0,1664.0699999999924,2566.3600000000442,21.601499999999987
1998-12-01,25.58599999999933,19.69999999999891,0.5189999999999912,7696.0,2239.0,0.3500000000000085,0.10930000000000462,0.025300000000001432,0.03619999999999379,0.689700000000002,101.6787,0.14520000000000266,0.6113,0.9725999999999999,111.1862,0.511099999999999,-0.24559999999999604,0.8955999999999875,80.8274,-95.0,0.802221485,253.0,322.0,4.4,-0.5,77.0,-192.0,-31.0,41.0,-72.0,316000,372.0,59.0,-2.199999999999932,77.0,-17.0,-7.0,-10.0,313.0,70.0,15.599999999999454,44.79999999999927,18.0,35.0,41.1,4.8,41.5,1792,20.0,102.0,763,440,1742.0,5.0,78.0,750.0,405.0,-3976.0,-5584.0,-404.0,0.0,-8.800000000000182,-9.700000000000728,12.799999999999727,8.100000000000023,1.1000000000000014,1.0,-2.9447999999999865,10.575599999999895,2346.7600000000093,-0.06104080000000067,45.61999999999989,-0.052805264000000074,30.37236001,-0.15000000000000036,-0.11000000000000032,-0.020000000000000462,-0.019999999999999574,-0.010000000000000675,-0.08999999999999986,-0.17999999999999972,-0.1900000000000004,-0.10999999999999943,0.36,-0.29,-0.28,-0.16,-0.23,-0.03,1.54,2.55,-0.024799999999999933,-3.2186000000000092,0.009700000000000042,0.0028999999999999027,0.5,0.700000000000017,-0.7000000000000028,-3.3999999999999915,-1.5700000000000003,-3.299999999999997,0.30000000000001137,-0.6999999999999886,-0.4000000000000057,0.09999999999999432,0.30000000000001137,-0.30000000000001137,0.4000000000000057,0.4000000000000057,0.29999999999998295,0.30000000000001137,0.07200000000000273,-0.22199999999998,0.20300000000000296,0.02400000000000091,0.040000000000000924,0.04999999999999716,0.010000000000001563,4486.490000000005,2811.8099999999977,2.5481999999999516
1999-01-01,42.51100000000042,28.600000000000364,-0.053999999999987836,-1349.0,338.0,0.35899999999999466,0.5178999999999974,0.566599999999994,1.0084000000000088,-0.00919999999999277,103.134,-0.01290000000000191,0.1822999999999979,0.14860000000000184,111.3386,0.23269999999999413,6.055800000000005,1.5173000000000059,80.6414,322.0,0.863621151,369.0,425.0,4.3,-0.5999999999999996,-125.0,187.0,-69.0,19.0,-89.0,326200,104.0,-53.0,-9.600000000000023,-21.0,-22.0,-17.0,-5.0,157.0,19.0,-3.0,23.399999999999636,24.0,5.0,40.7,4.8,41.3,1748,-12.0,-123.0,837,457,1732.0,-12.0,-87.0,804.0,440.0,8103.0,1526.0,-103.0,-0.010000000000000009,3.0,-1.6000000000003638,11.700000000000273,1.5,1.5999999999999943,1.3999999999999986,-1.1764000000000578,6.561500000000024,6478.270000000019,0.2581129999999945,58.72000000000003,-0.057337587999999995,31.97363807,-0.04999999999999982,-0.23000000000000043,-0.04999999999999982,-0.07000000000000028,-0.009999999999999787,0.14999999999999947,0.0699999999999994,0.020000000000000462,0.05999999999999961,0.18,-0.29,-0.3,-0.12,-0.03,0.09,1.61,2.66,0.02519999999999989,-3.7808999999999884,-0.02100000000000013,-0.02389999999999981,0.39999999999997726,0.5,-0.09999999999999432,0.7999999999999972,1.1900000000000013,-2.200000000000003,0.29999999999998295,0.19999999999998863,-0.09999999999999432,0.0,0.30000000000001137,-0.09999999999999432,0.19999999999998863,0.19999999999998863,0.4000000000000057,0.29999999999998295,0.09999999999999432,0.39999999999997726,0.2879999999999967,-0.02400000000000091,0.009999999999999787,0.010000000000001563,0.00999999999999801,75.19000000000233,310.6699999999837,1.1914000000001579
1999-02-01,45.19999999999891,43.30000000000109,0.30299999999999727,15550.0,2652.0,0.5054999999999978,0.45420000000000016,0.5126000000000062,0.435299999999998,0.8008999999999986,103.3967,0.6355000000000075,0.5610999999999962,0.7217999999999876,112.0635,0.7941000000000003,-5.3297000000000025,0.633899999999997,80.9622,87.0,0.858779251,-36.0,-171.0,4.4,0.40000000000000036,104.0,-47.0,61.0,-26.0,87.0,301500,419.0,33.0,-6.5,72.0,-32.0,-7.0,-25.0,386.0,104.0,23.200000000000728,62.70000000000073,8.0,60.0,40.8,4.8,41.4,1670,25.0,-5.0,852,344,1720.0,9.0,22.0,802.0,399.0,-981.0,-1144.0,5641.0,-0.010000000000000009,-4.499999999999773,-4.599999999999454,13.899999999999636,-1.5,-1.2999999999999972,-1.1000000000000014,-1.86099999999999,2.5002999999999247,9800.630000000005,0.866002800000004,-2.1900000000000546,0.00897574500000009,32.0421101,0.1299999999999999,0.010000000000000675,0.10000000000000053,0.11000000000000032,0.1900000000000004,0.3100000000000005,0.28000000000000025,0.16000000000000014,0.09999999999999964,0.06,-0.32,-0.32,-0.06,0.15,0.24,1.64,2.63,0.04160000000000008,3.378399999999999,-0.022199999999999998,-0.021700000000000053,-0.5,-0.8000000000000114,-0.4000000000000057,-2.0,-0.46000000000000085,-1.9000000000000057,0.0,-0.19999999999998863,-0.8000000000000114,0.20000000000001705,-0.4000000000000057,-0.20000000000000284,0.30000000000001137,-0.09999999999999432,-0.19999999999998863,-0.09999999999999432,-0.03999999999999204,-0.37299999999999045,-0.22799999999999443,0.0010000000000047748,0.040000000000000924,0.0,0.010000000000001563,2511.8199999999924,2135.390000000014,-5.155100000000175
1999-03-01,12.595000000001164,5.0,0.3079999999999927,-1502.0,1147.0,0.18649999999999523,-0.1273999999999944,-0.15860000000000696,-0.21399999999999864,-0.22380000000001132,103.1884,-0.017499999999998295,0.5317000000000007,0.6236999999999995,112.318,-0.006000000000000227,6.154499999999999,-0.5216999999999956,80.5865,-213.0,0.870655369,-237.0,91.0,4.2,-0.40000000000000036,-93.0,-41.0,-79.0,9.0,-87.0,302750,116.0,-56.0,-2.6000000000000227,-27.0,-27.0,-3.0,-24.0,172.0,36.0,5.099999999999454,22.100000000000364,8.0,24.0,40.5,4.8,41.3,1710,-18.0,54.0,817,383,1665.0,-9.0,7.0,740.0,408.0,-857.0,808.0,7330.0,0.010000000000000009,1.2999999999997272,-16.0,2.5,4.600000000000023,-2.299999999999997,-2.1999999999999957,8.587499999999977,6.202199999999948,9861.03999999992,1.0468233999999939,35.080000000000155,-0.029433776000000078,32.9909129,0.04999999999999982,0.019999999999999574,0.0,0.02999999999999936,0.08000000000000007,0.22999999999999954,0.23000000000000043,0.21999999999999975,0.14000000000000057,0.03,-0.37,-0.34,-0.03,0.33,0.42,1.81,2.72,0.038799999999999946,2.8045999999999935,-0.006299999999999972,0.01990000000000003,0.30000000000001137,0.5,0.29999999999999716,0.5999999999999943,2.6500000000000004,-1.3999999999999915,0.10000000000002274,0.29999999999998295,0.6999999999999886,-0.20000000000001705,0.0,0.20000000000000284,0.5,0.19999999999998863,0.09999999999999432,0.20000000000001705,0.054000000000002046,0.012000000000000455,0.0049999999999954525,0.055999999999997385,0.049999999999998934,0.0799999999999983,0.019999999999997797,12.389999999999418,2373.2099999999627,8.442000000000007
1999-04-01,-31.715000000000146,-18.100000000000364,0.38700000000000045,-1699.0,1810.0,0.1957000000000022,0.046799999999990405,-0.018699999999995498,-0.13510000000000844,0.9436000000000035,102.5706,0.4089999999999918,0.35890000000000555,0.7335000000000065,112.2571,0.31740000000000634,-0.5953999999999979,1.5610999999999962,80.5084,-35.0,0.832778148,229.0,8.0,4.3,-0.09999999999999964,308.0,-57.0,8.0,24.0,-16.0,308500,362.0,47.0,-6.100000000000023,78.0,-25.0,-10.0,-15.0,315.0,60.0,7.400000000000546,43.399999999999636,13.0,69.0,40.7,4.8,41.3,1553,-15.0,-6.0,672,392,1600.0,-1.0,-9.0,700.0,393.0,-1696.0,-1978.0,2867.0,0.0,5.100000000000136,21.99999999999909,-0.5,4.2000000000000455,0.3999999999999986,0.19999999999999574,2.475999999999999,5.517800000000079,6214.550000000047,0.5767309000000012,53.09999999999991,-0.05705400999999988,34.24502801,-0.0699999999999994,-0.040000000000000036,-0.15000000000000036,-0.09999999999999964,-0.08999999999999986,-0.05999999999999961,-0.05000000000000071,0.019999999999999574,-0.04999999999999982,0.06,-0.45,-0.37,-0.05,0.34,0.44,1.9,2.74,0.031100000000000128,0.29930000000000234,-0.012399999999999967,-0.02950000000000008,0.5999999999999943,0.8000000000000114,0.8000000000000114,1.7000000000000028,2.6799999999999997,1.5999999999999943,1.0999999999999943,1.6999999999999886,2.9000000000000057,0.19999999999998863,1.5999999999999943,0.29999999999999716,0.5,1.200000000000017,1.1999999999999886,1.0,0.34499999999999886,0.7180000000000177,1.1559999999999917,-0.021999999999998465,0.0600000000000005,0.0400000000000027,-0.00999999999999801,2530.5800000000017,1730.2600000000093,0.2234000000000833
1999-05-01,24.99499999999898,21.100000000000364,0.30000000000001137,14934.0,2258.0,0.5401000000000096,0.6694000000000102,0.7981999999999942,0.897199999999998,0.897500000000008,103.4574,0.8342999999999989,0.39639999999999986,0.5802000000000049,112.4374,0.7295000000000016,-1.4394000000000062,0.08740000000000236,80.7975,88.0,0.877846791,148.0,356.0,4.2,0.09999999999999964,-270.0,-59.0,25.0,5.0,20.0,301600,217.0,20.0,-6.0,36.0,-10.0,-1.0,-9.0,197.0,50.0,6.399999999999636,31.299999999999272,11.0,-8.0,40.7,4.8,41.4,1611,5.0,1.0,706,410,1640.0,-6.0,6.0,712.0,421.0,2970.0,-2105.0,2987.0,-0.020000000000000018,-2.7999999999999545,-4.099999999998545,13.300000000000182,5.399999999999977,1.1999999999999957,1.3000000000000043,-4.781399999999962,8.98980000000006,7832.770000000019,0.6680630999999977,-2.6900000000000546,-0.0035290060000001677,34.24820871,0.0,0.03000000000000025,0.20999999999999996,0.1899999999999995,0.15999999999999925,0.3600000000000003,0.3600000000000003,0.29000000000000004,0.23999999999999932,0.09,-0.24,-0.18,0.11,0.7,0.8,2.19,2.98,0.010699999999999932,2.2271999999999963,0.00649999999999995,-0.026999999999999913,0.20000000000001705,0.19999999999998863,0.29999999999999716,5.5,0.41000000000000014,6.0,0.09999999999999432,-1.299999999999983,-0.19999999999998863,-0.1999999999999602,-0.09999999999999432,-0.20000000000000284,0.19999999999998863,0.09999999999999432,0.0,0.09999999999999432,0.046999999999997044,-0.54200000000003,-0.08799999999999386,0.02599999999999625,0.08999999999999986,0.13999999999999702,0.009999999999999787,-1343.4199999999983,7746.830000000016,1.6578999999999269
1999-06-01,39.72700000000077,34.69999999999891,0.2749999999999915,1054.0,714.0,-0.058000000000006935,-0.5054000000000087,-0.7256,-0.9626999999999981,-0.5050000000000097,102.304,-0.23179999999999268,0.43969999999998777,0.6062999999999903,113.0397,-0.21630000000000393,1.421199999999999,-0.13160000000000593,80.2671,-218.0,0.818349857,222.0,67.0,4.3,0.9000000000000004,10.0,-16.0,119.0,25.0,94.0,294000,271.0,-12.0,-3.699999999999932,31.0,-39.0,-16.0,-23.0,283.0,50.0,8.0,24.80000000000109,16.0,43.0,40.8,4.9,41.3,1559,19.0,5.0,681,359,1702.0,15.0,-9.0,762.0,427.0,-3373.0,-3099.0,2877.0,0.0,-6.2000000000000455,-2.8000000000010914,13.199999999999818,3.3999999999999773,-2.5,-2.5,7.398199999999974,6.027399999999943,4935.659999999916,0.1882639000000097,-9.519999999999982,0.0027538400000000074,33.99163455,0.019999999999999574,0.20999999999999996,0.07000000000000028,0.2600000000000007,0.25,0.3699999999999992,0.3600000000000003,0.3000000000000007,0.2999999999999998,0.28,-0.19,0.06,0.34,1.05,1.14,2.47,3.26,0.02960000000000007,-1.2749999999999915,-0.020399999999999974,0.008399999999999963,0.09999999999999432,0.30000000000001137,0.3999999999999915,0.20000000000000284,0.14000000000000057,-2.5,0.0,0.0,-0.4000000000000057,0.0999999999999659,-0.09999999999999432,0.29999999999999716,0.20000000000001705,0.09999999999999432,0.0,0.0,0.02199999999999136,0.005000000000023874,0.03700000000000614,-0.07299999999999329,0.07000000000000028,0.07000000000000028,-1.7763568394002505e-15,3840.449999999997,6047.080000000016,10.32100000000014
1999-07-01,27.274999999999636,26.80000000000109,0.1110000000000042,1344.0,2007.0,0.5195000000000078,0.10290000000000532,-0.05839999999999179,-0.37590000000000146,0.272199999999998,101.6478,0.54849999999999,0.9884000000000128,1.5186000000000064,112.3263,0.38049999999999784,2.0690000000000026,1.0282000000000124,80.2626,89.0,0.823070539,110.0,36.0,4.3,-0.7000000000000011,122.0,10.0,-111.0,-31.0,-80.0,298000,337.0,40.0,-0.20000000000004547,24.0,14.0,21.0,-7.0,297.0,65.0,13.5,47.29999999999927,18.0,67.0,40.8,4.8,41.4,1669,13.0,-24.0,733,428,1682.0,-13.0,-1.0,770.0,413.0,6493.0,3279.0,5280.0,0.0,3.2999999999999545,5.5,5.0,4.7999999999999545,-0.6999999999999957,-0.9000000000000057,8.601599999999962,7.072100000000091,6677.640000000014,0.2679161999999877,58.440000000000055,-0.04583261699999985,35.29005419,0.23000000000000043,0.09999999999999964,-0.020000000000000462,-0.2400000000000002,-0.0699999999999994,-0.1299999999999999,-0.11000000000000032,-0.040000000000000036,-0.0699999999999994,0.15,-0.44,-0.41,0.04,0.69,0.8,2.2,2.96,0.010000000000000009,-1.3940000000000055,-0.01990000000000003,0.019500000000000073,0.29999999999998295,0.39999999999997726,0.8000000000000114,0.29999999999999716,2.1799999999999997,6.700000000000003,0.6999999999999886,-0.19999999999998863,1.5999999999999943,0.20000000000001705,0.6999999999999886,1.4210854715202004e-14,0.5999999999999943,0.5999999999999943,0.700000000000017,0.5999999999999943,0.1910000000000025,0.2709999999999866,0.3810000000000002,0.10099999999999199,0.03999999999999915,0.030000000000001137,-0.00999999999999801,231.79000000000815,4139.329999999958,3.210499999999911
1999-08-01,50.65799999999945,42.5,0.3439999999999941,8174.0,2774.0,0.3908999999999878,0.7390999999999934,0.9739999999999895,1.2986000000000075,2.161900000000003,102.5543,0.5347000000000008,0.001300000000000523,0.028099999999994907,112.7102,0.5836000000000041,-0.7283999999999935,0.07759999999998968,80.4289,28.0,0.854230901,-9.0,177.0,4.2,-0.5,-97.0,41.0,-58.0,-33.0,-26.0,290750,151.0,-6.0,0.30000000000001137,15.0,-21.0,-17.0,-4.0,157.0,29.0,13.699999999999818,8.700000000000728,-2.0,36.0,40.8,4.9,41.5,1648,1.0,8.0,735,396,1671.0,4.0,7.0,767.0,394.0,331.0,-414.0,1833.0,-0.010000000000000009,0.8000000000001819,-10.099999999999454,3.800000000000182,2.6000000000000227,0.10000000000000142,0.10000000000000142,10.475999999999999,15.364199999999983,8315.46000000008,0.3239795000000072,-53.5,0.05382657099999988,33.66292983,0.08000000000000007,0.14000000000000057,0.16999999999999993,0.29000000000000004,0.16999999999999993,0.16000000000000014,0.15000000000000036,0.20999999999999996,0.20000000000000018,0.21,-0.35,-0.2,0.13,0.77,0.87,2.33,3.08,-0.03810000000000002,-6.1037000000000035,0.03069999999999995,0.0041999999999999815,0.8000000000000114,1.0,0.6999999999999886,5.1000000000000085,1.1900000000000013,0.9000000000000057,0.4000000000000057,-0.4000000000000057,1.3000000000000114,-0.10000000000002274,0.5,-1.4210854715202004e-14,0.4000000000000057,0.5,0.39999999999997726,0.5,0.13100000000000023,-0.146000000000015,0.3159999999999883,-0.04899999999999238,0.019999999999999574,-0.010000000000001563,-0.02000000000000135,4550.5,4988.049999999988,6.013000000000147
1999-09-01,-6.1819999999988795,-5.100000000000364,0.33100000000000307,-1892.0,1087.0,-0.3703000000000003,-0.5265999999999877,-0.7068999999999903,-0.8064999999999998,-1.4498999999999995,102.0449,-0.3602999999999952,-0.20020000000000948,-0.44129999999999825,113.0531,-0.3783999999999992,-0.804300000000012,0.8967000000000098,79.7688,-158.0,0.816398986,192.0,116.0,4.2,0.0,65.0,11.0,-6.0,-9.0,3.0,289500,200.0,19.0,-2.099999999999966,27.0,-5.0,3.0,-8.0,181.0,55.0,8.900000000000546,26.69999999999891,-7.0,29.0,40.9,4.9,41.4,1635,-44.0,20.0,757,385,1551.0,-12.0,-8.0,682.0,379.0,-504.0,1993.0,6351.0,0.010000000000000009,-2.800000000000182,-1.199999999999818,-1.699999999999818,5.399999999999977,-0.4000000000000057,-0.3999999999999986,6.032800000000066,18.78359999999998,4475.019999999902,0.21737419999999474,-9.319999999999936,0.01504435000000015,33.00732088,0.14999999999999947,0.040000000000000036,-0.040000000000000036,0.009999999999999787,0.04999999999999982,-0.040000000000000036,-0.020000000000000462,-0.010000000000000675,0.049999999999998934,0.1,-0.54,-0.34,0.03,0.58,0.7,2.17,2.98,0.016899999999999915,-6.351599999999991,0.01890000000000014,-0.016100000000000003,1.0,1.3000000000000114,0.5,4.0,2.6199999999999974,2.8999999999999915,0.700000000000017,0.8999999999999773,1.0999999999999943,2.842170943040401e-14,0.9000000000000057,0.0,0.5,0.8000000000000114,0.8000000000000114,0.6999999999999886,0.25900000000000034,0.03200000000003911,0.5800000000000125,0.09299999999999642,0.07000000000000028,0.08000000000000185,0.02000000000000135,-2910.6900000000023,3878.210000000021,5.165299999999888
1999-10-01,65.71999999999935,62.899999999999636,0.1460000000000008,9153.0,501.0,1.140500000000003,1.3172999999999888,1.4311999999999898,1.9783999999999935,3.123100000000008,103.505,0.6347999999999985,0.9495000000000005,1.3385999999999996,113.8414,1.3566000000000003,-1.3019999999999925,0.46759999999999025,80.5947,216.0,0.873139495,149.0,286.0,4.1,0.20000000000000107,-75.0,12.0,-11.0,-26.0,15.0,290400,406.0,20.0,0.5,27.0,-8.0,-3.0,-5.0,386.0,53.0,7.399999999999636,35.30000000000109,-1.0,53.0,40.9,4.9,41.4,1608,2.0,32.0,719,362,1649.0,-8.0,7.0,772.0,388.0,5637.0,4458.0,3520.0,-0.010000000000000009,9.5,7.799999999999272,9.299999999999727,7.900000000000091,-0.5999999999999943,-0.6000000000000014,3.1163999999999987,20.984899999999925,4967.590000000084,-0.23621289999999817,-18.160000000000082,0.017956072999999906,32.16771211,-0.019999999999999574,0.6099999999999994,0.1800000000000006,0.10000000000000053,0.17999999999999972,0.23000000000000043,0.1900000000000004,0.16000000000000014,0.1800000000000015,0.73,-0.34,-0.22,0.23,0.83,0.91,2.35,3.18,-0.036599999999999966,-0.9102000000000032,0.03249999999999997,0.0004999999999999449,-0.09999999999999432,-0.19999999999998863,0.30000000000001137,-2.6000000000000085,-1.2399999999999984,1.7000000000000028,0.29999999999998295,-0.0999999999999659,0.5999999999999943,-0.20000000000001705,0.19999999999998863,-0.09999999999999432,0.39999999999997726,0.29999999999998295,0.4000000000000057,0.30000000000001137,0.12199999999999989,-0.0630000000000166,0.0759999999999934,-0.027000000000001023,0.02000000000000135,0.0799999999999983,-0.05000000000000071,1077.3600000000006,1951.280000000028,8.108899999999949
1999-11-01,76.57300000000032,77.39999999999964,0.3269999999999982,5432.0,3147.0,0.481899999999996,0.12690000000000623,-0.048699999999996635,-0.05469999999999686,-0.700800000000001,103.7389,0.11570000000000391,0.8774999999999977,0.9487000000000023,115.1605,0.653499999999994,-4.354799999999997,-1.4004999999999939,80.816,-34.0,0.876662001,254.0,316.0,4.1,-0.40000000000000036,26.0,-72.0,-60.0,-16.0,-42.0,281750,289.0,55.0,1.2999999999999545,47.0,8.0,5.0,3.0,234.0,38.0,13.199999999999818,13.100000000000364,3.0,39.0,41.0,4.9,41.4,1648,11.0,-22.0,723,409,1672.0,23.0,35.0,737.0,388.0,-7950.0,-1186.0,12571.0,0.0,0.6000000000001364,-4.799999999999272,6.5,18.09999999999991,0.29999999999999716,0.30000000000000426,22.07389999999998,13.257499999999936,6092.29999999993,-0.11824140000000227,90.99000000000001,-0.08237702800000002,33.94877103,0.21999999999999975,-0.08000000000000007,0.20999999999999996,0.21999999999999975,0.1200000000000001,-0.0600000000000005,-0.08000000000000007,-0.1899999999999995,-0.23000000000000043,0.43,-0.35,-0.22,0.13,0.55,0.61,1.94,2.73,0.06469999999999998,-1.3165000000000049,-0.036699999999999955,-0.010199999999999987,0.5,0.5999999999999943,0.5,5.900000000000006,2.3299999999999983,1.2999999999999972,0.30000000000001137,-0.6000000000000227,-0.09999999999999432,0.20000000000001705,-0.19999999999998863,-0.29999999999999716,0.700000000000017,0.20000000000001705,0.09999999999999432,0.19999999999998863,0.06499999999999773,-0.06200000000001182,-0.09900000000000375,-0.01999999999999602,0.019999999999999574,0.0,0.019999999999999574,1741.0399999999936,2807.3099999999977,-4.278599999999869
1999-12-01,91.98999999999978,87.10000000000036,0.7999999999999972,4576.0,4898.0,0.7256,0.9078999999999979,0.8807000000000045,1.112400000000008,0.09969999999999857,105.2857,0.6839999999999975,0.5272000000000077,0.5849000000000046,115.2789,0.6709000000000032,2.4055999999999926,0.33490000000000464,81.051,94.0,0.903060322,152.0,214.0,4.0,0.0,80.0,-161.0,-3.0,-1.0,-2.0,278500,316.0,20.0,1.1000000000000227,22.0,-3.0,5.0,-8.0,296.0,99.0,10.5,76.59999999999854,2.0,44.0,40.8,4.9,41.4,1708,3.0,10.0,790,389,1683.0,5.0,-16.0,746.0,401.0,9747.0,7166.0,8923.0,0.0,4.099999999999909,8.399999999999636,9.800000000000182,29.700000000000045,0.7000000000000028,0.5999999999999943,0.9002000000000407,37.82990000000018,5176.900000000023,-0.539492899999999,37.680000000000064,-0.03076756200000008,34.3144046,-0.1200000000000001,0.08000000000000007,0.1299999999999999,0.2400000000000002,0.29000000000000004,0.22000000000000064,0.25,0.1899999999999995,0.03999999999999915,0.63,-0.1,0.14,0.54,0.89,0.98,2.25,2.89,0.02980000000000005,-2.0641999999999996,-0.007300000000000084,0.0047999999999999154,0.29999999999998295,0.4000000000000057,0.3999999999999915,-5.299999999999997,1.1099999999999994,1.9000000000000057,0.4000000000000057,0.700000000000017,1.3000000000000114,0.19999999999998863,0.5999999999999943,0.0,0.29999999999998295,0.5,0.5,0.4000000000000057,0.16900000000001114,-0.16300000000001091,0.4819999999999993,-0.0210000000000079,0.049999999999998934,0.07000000000000028,0.030000000000001137,3428.8800000000047,3217.4799999999814,13.661100000000033
2000-01-01,101.84900000000016,96.29999999999927,-0.16400000000000148,8448.0,-1819.0,-0.06919999999999504,-0.30469999999999686,-0.45369999999999777,-1.3710000000000093,1.7501999999999924,102.583,1.2121000000000066,0.18999999999999773,0.9496999999999929,114.1608,0.011799999999993815,-0.5605999999999938,-2.1872000000000043,80.728,281.0,0.943587947,2090.0,2036.0,4.0,0.1999999999999993,-101.0,135.0,5.0,-37.0,41.0,288400,228.0,48.0,0.20000000000004547,43.0,5.0,15.0,-10.0,180.0,24.0,3.4000000000005457,13.400000000001455,-6.0,31.0,40.9,4.9,41.5,1636,11.0,-61.0,779,378,1727.0,18.0,15.0,726.0,432.0,5016.0,4932.0,2763.0,-0.010000000000000009,-11.600000000000136,0.8000000000001819,8.599999999999909,-10.600000000000023,2.5,2.6000000000000014,2.9249999999999545,21.565599999999904,3264.140000000014,-0.9024629000000033,-3.0900000000001455,0.009047262000000167,33.50519346,0.15000000000000036,-0.1200000000000001,0.1200000000000001,0.05999999999999961,0.28000000000000025,0.3899999999999997,0.3799999999999999,0.23000000000000043,0.14000000000000057,0.36,-0.13,0.05,0.67,1.13,1.21,2.33,2.88,0.006199999999999983,2.7117000000000075,0.027200000000000113,-0.023599999999999843,0.0,-0.10000000000002274,0.6000000000000085,2.3999999999999915,1.1000000000000014,4.0,0.5,-0.9000000000000341,0.29999999999998295,-0.30000000000001137,0.19999999999998863,0.09999999999999432,0.8000000000000114,0.5999999999999943,0.30000000000001137,0.5,0.1979999999999933,0.42900000000003047,0.16500000000000625,0.09900000000000375,0.0600000000000005,0.05000000000000071,0.00999999999999801,3220.6199999999953,2704.9000000000233,2.1700999999998203
2000-02-01,47.14500000000044,45.600000000000364,0.6350000000000051,-19243.0,3976.0,0.3153000000000077,0.49500000000000455,0.5991999999999962,0.7819999999999965,-0.34559999999999036,103.8489,0.6032999999999902,0.11920000000000641,0.20889999999999986,114.0564,0.2261000000000024,4.0859999999999985,1.1390999999999991,80.5879,98.0,0.936155685,189.0,39.0,4.1,-0.5,63.0,163.0,-80.0,12.0,-92.0,293750,110.0,-21.0,0.2999999999999545,-22.0,0.0,4.0,-4.0,131.0,18.0,1.5999999999994543,8.899999999999636,3.0,28.0,41.1,5.0,41.5,1737,8.0,68.0,748,434,1692.0,-16.0,-11.0,735.0,415.0,-17449.0,-958.0,6412.0,0.020000000000000018,-13.399999999999864,-15.00000000000091,-3.5,-23.899999999999977,-2.1000000000000014,-1.8999999999999986,12.866800000000012,10.12110000000007,8179.099999999977,0.17265450000000726,-36.72000000000003,0.03745672499999997,31.81899148,0.28000000000000025,0.09000000000000075,0.22999999999999954,0.21999999999999975,0.09999999999999964,0.09999999999999964,-0.14000000000000057,-0.10000000000000053,-0.040000000000000924,0.17,-0.18,-0.01,0.49,0.95,0.79,1.95,2.56,0.044499999999999984,4.092499999999987,-0.04039999999999999,0.0025999999999999357,1.4000000000000057,1.8000000000000114,1.0999999999999943,4.200000000000003,2.1700000000000017,1.5,0.6999999999999886,0.3000000000000398,0.9000000000000057,0.20000000000001705,0.9000000000000057,0.0,0.5,0.6999999999999886,0.799999999999983,0.5999999999999943,0.23000000000000398,-0.33500000000000796,0.5409999999999968,-0.03700000000000614,0.05000000000000071,0.08999999999999986,-0.03999999999999737,4143.070000000007,1381.1399999999558,-6.210699999999861
2000-03-01,31.962999999999738,32.70000000000073,0.33499999999999375,12416.0,3172.0,0.35849999999999227,0.22229999999998995,0.1115999999999957,-0.37649999999999295,-0.3130000000000024,103.4537,1.1446000000000112,0.5097999999999985,0.8186000000000035,114.4086,0.625,-8.111599999999996,2.2438999999999965,80.782,-94.0,0.94017094,-22.0,103.0,4.0,0.09999999999999964,176.0,-131.0,12.0,-5.0,17.0,274750,483.0,98.0,-0.10000000000002274,81.0,18.0,21.0,-3.0,385.0,57.0,16.0,33.899999999999636,-5.0,134.0,40.9,4.7,41.4,1604,-21.0,-72.0,793,349,1651.0,-2.0,0.0,715.0,396.0,8219.0,1780.0,4231.0,-0.020000000000000018,12.400000000000091,17.50000000000091,1.900000000000091,-0.8999999999999773,-2.3999999999999986,-2.3999999999999986,9.897499999999923,26.315000000000055,7086.989999999991,0.058249500000002286,53.340000000000146,-0.03791093999999995,32.11853969,0.11999999999999922,0.1299999999999999,0.14000000000000057,0.1299999999999999,0.0,-0.17999999999999972,-0.2599999999999998,0.0,0.08000000000000007,0.18,-0.16,0.0,0.37,0.65,0.41,1.83,2.52,0.028799999999999937,-3.081099999999992,-0.020100000000000007,0.009600000000000053,0.700000000000017,0.9000000000000057,0.9000000000000057,2.200000000000003,0.5399999999999991,-2.200000000000003,1.0,0.19999999999998863,3.5999999999999943,0.29999999999998295,1.5,0.6000000000000085,0.5999999999999943,1.1000000000000227,1.0999999999999943,1.1000000000000227,0.31399999999999295,0.6659999999999968,0.9609999999999985,-0.07699999999998397,0.03999999999999915,0.08000000000000185,0.00999999999999801,135.80999999999767,886.2700000000186,12.806100000000015
2000-04-01,61.9419999999991,49.0,-0.01999999999999602,8830.0,-4146.0,0.5828999999999951,0.8155000000000001,0.8033000000000072,0.8696999999999946,1.303200000000004,104.1323,0.9677999999999969,0.33149999999999125,0.636099999999999,114.4426,0.6111000000000075,5.019300000000001,-2.1739000000000033,80.963,34.0,0.989600438,317.0,569.0,3.8,-0.29999999999999893,-270.0,64.0,-51.0,-4.0,-47.0,271600,279.0,-17.0,4.100000000000023,-17.0,-3.0,-3.0,0.0,296.0,66.0,-12.199999999999818,73.89999999999964,-4.0,69.0,41.1,4.8,41.6,1626,-8.0,65.0,697,410,1597.0,-7.0,-19.0,688.0,395.0,2914.0,-277.0,6886.0,0.010000000000000009,9.199999999999818,25.300000000000182,34.40000000000009,1.5,0.8999999999999986,0.6999999999999957,8.435100000000148,23.02469999999994,5852.0800000000745,0.18612349999999367,19.149999999999864,-0.016597085999999983,31.86789036,0.16999999999999993,0.1200000000000001,-0.03000000000000025,-0.040000000000000036,-0.0699999999999994,-0.2400000000000002,-0.2699999999999996,-0.040000000000000036,0.030000000000001137,0.13,-0.36,-0.21,0.13,0.24,-0.03,1.62,2.38,0.0020999999999999908,-0.6804000000000059,0.0023999999999999577,0.008099999999999996,-0.4000000000000057,-0.5,-0.09999999999999432,-1.9000000000000057,-4.150000000000002,-3.4000000000000057,-0.09999999999999432,-0.4000000000000057,-1.5,-0.5,-0.5999999999999943,-0.5,0.4000000000000057,-0.10000000000002274,-0.19999999999998863,-0.20000000000001705,-0.06099999999999284,-0.48699999999999477,-0.30700000000000216,-0.08600000000001273,0.07000000000000028,0.10999999999999943,0.030000000000001137,117.4200000000128,4588.890000000014,6.42470000000003
2000-05-01,41.621000000001004,8.100000000000364,0.257000000000005,-5686.0,348.0,0.26880000000001303,0.15319999999999823,0.3224999999999909,0.1880000000000024,-0.37890000000000157,104.563,0.7363,0.39679999999999893,0.41620000000000346,114.0962,0.008200000000002206,4.8613,0.15690000000000737,80.6424,-355.0,0.880340396,-363.0,-640.0,4.0,0.1999999999999993,54.0,66.0,64.0,21.0,44.0,282250,222.0,-43.0,2.3999999999999773,-24.0,-21.0,4.0,-25.0,265.0,-66.0,-11.0,-48.899999999999636,-1.0,345.0,40.7,4.7,41.2,1575,15.0,-48.0,727,362,1543.0,-5.0,-30.0,691.0,373.0,-6438.0,-1387.0,6422.0,0.010000000000000009,-18.799999999999727,-68.20000000000073,-11.900000000000091,2.0,1.0,0.9000000000000057,16.85089999999991,23.753799999999956,6858.979999999981,0.3127041000000048,-42.87999999999988,0.033218229999999904,30.30155122,0.25,0.41999999999999993,0.1299999999999999,0.29000000000000004,0.17999999999999972,0.4300000000000006,0.4500000000000002,0.35000000000000053,0.5,0.3,-0.48,-0.17,0.06,0.42,0.17,1.72,2.63,0.053300000000000125,2.6935000000000002,-0.07330000000000014,0.026799999999999935,0.09999999999999432,0.0,-0.10000000000002274,3.799999999999997,3.0400000000000027,-0.29999999999999716,0.29999999999998295,0.39999999999997726,-0.09999999999999432,0.10000000000002274,0.0,0.4999999999999858,0.5,0.20000000000001705,0.19999999999998863,0.30000000000001137,0.06099999999999284,0.22699999999997544,-0.13299999999999557,0.09499999999999886,0.0,-0.010000000000001563,-0.07000000000000028,3546.8099999999977,4572.390000000014,4.249899999999798
2000-06-01,33.120999999999185,48.599999999998545,0.1460000000000008,7045.0,2028.0,0.06709999999999638,0.017700000000004934,0.11129999999999995,0.07860000000000866,-0.4008000000000038,104.8457,0.12080000000000268,0.12199999999999989,0.6633999999999958,113.5402,0.17269999999999186,-0.2359000000000009,0.10330000000000439,80.4613,-97.0,0.879844275,203.0,310.0,4.0,-0.29999999999999893,15.0,-158.0,-83.0,-67.0,-16.0,291000,-43.0,24.0,-1.1000000000000227,8.0,17.0,36.0,-19.0,-67.0,22.0,3.0,10.200000000000728,1.0,-260.0,40.7,4.7,41.3,1559,-14.0,-35.0,746,376,1572.0,-2.0,1.0,694.0,400.0,31139.0,27747.0,10289.0,0.0,8.399999999999636,30.00000000000091,-5.800000000000182,1.3999999999999773,-2.200000000000003,-2.3000000000000043,10.810400000000072,20.014599999999973,18738.709999999963,1.489029500000001,43.48000000000002,-0.0364244090000001,30.51453092,0.2600000000000007,0.019999999999999574,-0.09999999999999964,-0.1299999999999999,-0.16000000000000014,-0.39000000000000057,-0.34000000000000075,-0.3200000000000003,-0.41999999999999993,0.06,-0.84,-0.56,-0.36,-0.23,-0.43,1.14,1.95,-0.07700000000000018,-2.194999999999993,0.00020000000000020002,-0.01869999999999994,1.0999999999999943,1.5,1.1000000000000227,9.700000000000003,3.049999999999997,-0.5999999999999943,1.0,-0.2999999999999545,3.0,0.30000000000001137,1.0999999999999943,-0.6999999999999886,0.9000000000000057,1.1999999999999886,1.1000000000000227,1.0,0.24900000000000944,-0.45299999999997453,0.6929999999999978,0.05200000000000671,0.05000000000000071,0.010000000000001563,0.08999999999999986,2705.0499999999884,8442.969999999972,5.567400000000134
2000-07-01,62.10900000000038,60.0,0.04800000000000182,-6760.0,-792.0,-0.16450000000000387,0.022199999999998,-0.020899999999997476,-0.44770000000001176,-1.4779000000000053,104.8384,0.5355999999999881,-0.36779999999998836,0.3552999999999997,112.0555,0.08150000000000546,-2.5538000000000096,-0.5793000000000035,80.2097,100.0,0.882547416,-313.0,-409.0,4.0,1.0999999999999996,-81.0,71.0,101.0,29.0,71.0,295000,166.0,47.0,2.5,16.0,27.0,22.0,5.0,119.0,10.0,-14.800000000000182,14.0,3.0,-20.0,40.9,4.7,41.5,1463,3.0,25.0,636,362,1542.0,-1.0,-1.0,691.0,375.0,-30480.0,-190.0,1111.0,0.010000000000000009,3.200000000000273,-0.2000000000007276,2.200000000000273,2.2000000000000455,0.5,0.3999999999999986,5.657400000000052,15.057999999999993,12434.94000000006,0.5558448000000027,11.039999999999964,-0.01670808899999998,30.1819054,0.009999999999999787,-0.04999999999999982,0.2699999999999996,0.03000000000000025,-0.08999999999999986,-0.1200000000000001,-0.04999999999999982,-0.019999999999999574,-0.13000000000000078,0.0,-0.58,-0.54,-0.46,-0.36,-0.49,1.11,1.81,0.00990000000000002,2.0859999999999985,-0.0016000000000000458,0.0007999999999999119,0.09999999999999432,-0.09999999999999432,0.29999999999998295,-2.700000000000003,-2.0599999999999987,2.799999999999997,0.5,-2.842170943040401e-14,-0.4000000000000057,-0.20000000000004547,0.20000000000001705,0.20000000000000284,0.799999999999983,0.4000000000000057,0.5,0.5,0.18499999999998806,0.18099999999998317,0.19400000000000261,0.045000000000001705,0.049999999999998934,0.08999999999999986,-0.05000000000000071,4836.2699999999895,8155.130000000005,8.33680000000004
2000-08-01,64.1239999999998,54.0,0.3539999999999992,370.0,288.0,-0.24630000000000507,-0.5011999999999972,-0.5167000000000002,-0.4777999999999878,-0.23059999999999548,104.259,-0.40979999999998995,0.03149999999999409,-0.39799999999999613,111.0996,-0.6388000000000034,1.6462000000000074,0.11109999999999332,79.3699,-297.0,0.815820947,236.0,131.0,4.1,-0.5,52.0,69.0,51.0,40.0,11.0,312750,6.0,-34.0,0.10000000000002274,2.0,-35.0,-17.0,-18.0,40.0,29.0,-11.0,22.5,11.0,-30.0,40.6,4.6,41.1,1541,-3.0,-22.0,706,395,1552.0,-4.0,-12.0,684.0,408.0,-535.0,2086.0,7894.0,0.020000000000000018,-4.2000000000000455,10.5,16.399999999999636,-0.8000000000000682,-0.3999999999999986,-0.3999999999999986,3.0097999999998137,12.678900000000112,12769.079999999958,0.8550824000000006,12.460000000000036,-0.017519759000000024,29.977733,-0.040000000000000036,-0.04999999999999982,0.1299999999999999,0.07000000000000028,0.09999999999999964,-0.1200000000000001,-0.21999999999999975,-0.10000000000000053,-0.08999999999999986,-0.01,-0.41,-0.43,-0.32,-0.44,-0.67,1.05,1.76,0.06300000000000017,-0.13110000000000355,-0.01870000000000016,0.004999999999999893,-0.29999999999998295,-0.30000000000001137,-0.29999999999998295,-4.5,1.4499999999999993,1.2000000000000028,0.0,0.4000000000000057,-1.4000000000000057,0.30000000000001137,-0.6000000000000227,-1.4210854715202004e-14,0.6000000000000227,-0.09999999999999432,-0.20000000000001705,-0.09999999999999432,-0.0049999999999954525,-0.3189999999999884,-0.3919999999999959,-0.04999999999999716,0.05000000000000071,0.07000000000000028,0.0,2569.390000000014,7165.229999999981,-2.2086000000001604
2000-09-01,10.842000000000553,10.100000000000364,0.5720000000000027,11505.0,4630.0,0.39170000000000016,0.5725000000000051,0.7639000000000067,0.9901999999999873,0.27590000000000714,105.5338,0.8648000000000025,0.1962000000000046,0.4607000000000028,111.0928,0.47620000000000573,2.662700000000001,1.4716000000000093,79.4489,167.0,0.878577778,4.0,231.0,3.9,-0.7000000000000011,21.0,-147.0,-104.0,-41.0,-63.0,300200,104.0,-42.0,4.800000000000068,11.0,-58.0,-39.0,-19.0,146.0,-4.0,-15.199999999999818,23.69999999999891,21.0,-102.0,40.6,4.6,41.1,1507,10.0,10.0,660,387,1570.0,14.0,-1.0,708.0,389.0,11217.0,6365.0,195.0,-0.030000000000000027,2.7999999999999545,7.600000000000364,6.100000000000364,0.39999999999997726,-0.29999999999999716,-0.19999999999999574,1.2034000000001015,10.965199999999868,11410.48999999999,0.7091977999999983,-17.410000000000082,0.004966842000000193,29.04977871,0.019999999999999574,-0.020000000000000462,-0.08999999999999986,-0.08999999999999986,-0.04999999999999982,-0.1299999999999999,-0.03000000000000025,0.07000000000000028,0.08999999999999986,-0.05,-0.52,-0.54,-0.39,-0.59,-0.72,1.1,1.83,0.04369999999999985,-1.2428999999999917,-0.055299999999999905,0.0036000000000000476,1.0999999999999943,1.4000000000000057,1.0,8.0,2.6600000000000037,3.5999999999999943,0.9000000000000057,0.5999999999999943,2.0,-0.2999999999999545,1.200000000000017,0.10000000000000853,0.5999999999999943,1.0999999999999943,1.0999999999999943,0.8999999999999773,0.31799999999999784,0.7840000000000202,0.7409999999999997,0.022999999999981924,0.049999999999998934,0.07000000000000028,0.010000000000001563,1486.0100000000093,10384.540000000037,5.506399999999985
2000-10-01,30.292999999999665,29.30000000000109,-0.043000000000006366,-8225.0,-621.0,-0.34269999999999357,-0.5457000000000107,-0.5867999999999967,-1.1134999999999877,-1.1443000000000012,104.4394,0.021099999999989905,-0.12120000000000175,-0.22510000000001185,111.0391,-0.3850000000000051,-1.1996000000000038,-1.909000000000006,78.8277,-32.0,0.887242501,104.0,195.0,3.9,0.5,-74.0,-22.0,47.0,66.0,-19.0,301000,14.0,-3.0,2.599999999999909,7.0,-12.0,1.0,-13.0,17.0,18.0,-0.1999999999998181,4.899999999999636,11.0,8.0,40.8,4.6,41.1,1549,20.0,15.0,715,339,1577.0,-9.0,26.0,695.0,392.0,-13789.0,-1383.0,6457.0,0.020000000000000018,-0.5,-19.700000000000728,4.5,1.5,-0.4000000000000057,-0.4000000000000057,5.018499999999904,-1.4109999999998308,9647.170000000042,0.6473637999999937,-77.90999999999985,0.06070158399999981,27.09335915,-0.009999999999999787,0.04999999999999982,0.11000000000000032,0.05999999999999961,-0.1200000000000001,-0.14999999999999947,-0.05999999999999961,-0.07000000000000028,-0.009999999999999787,0.01,-0.4,-0.47,-0.5,-0.73,-0.77,1.04,1.83,0.015900000000000025,1.6053999999999888,0.016999999999999904,0.026100000000000012,0.5,0.5999999999999943,0.39999999999997726,4.599999999999994,-0.8000000000000043,-1.5,0.30000000000001137,-0.9000000000000057,-0.5,-0.10000000000002274,-0.30000000000001137,-0.09999999999999432,0.799999999999983,0.19999999999998863,0.10000000000002274,0.20000000000001705,0.10099999999999909,-0.4700000000000273,-0.19299999999999784,0.031000000000020123,0.08000000000000007,0.05000000000000071,0.03999999999999915,3646.0999999999767,17406.839999999967,-15.824999999999818
2000-11-01,7.3840000000000146,12.799999999999272,0.06399999999999295,-7788.0,-898.0,0.02039999999999509,0.2044000000000068,0.24439999999999884,0.3177999999999912,-1.9391999999999996,105.6775,-0.17359999999999332,-0.18180000000000973,-0.42029999999999745,109.9653,-0.2617000000000047,4.141400000000004,0.8812000000000069,78.3126,-167.0,0.841106579,340.0,234.0,3.9,-0.29999999999999893,15.0,66.0,-22.0,13.0,-34.0,334250,204.0,-14.0,-1.1999999999999318,3.0,-15.0,5.0,-20.0,218.0,17.0,-5.199999999999818,7.5,14.0,17.0,40.5,4.4,41.1,1551,-24.0,-8.0,676,412,1614.0,5.0,-40.0,733.0,426.0,3234.0,4166.0,7118.0,0.010000000000000009,-5.2999999999999545,-4.699999999998909,1.699999999999818,5.0,-0.09999999999999432,0.10000000000000142,2.534900000000107,9.7824999999998,10298.630000000005,0.9353538000000015,-12.100000000000136,0.00861292300000005,26.60278288,0.0,0.0,0.05999999999999961,0.019999999999999574,0.08000000000000007,-0.08000000000000007,-0.020000000000000462,-0.09999999999999964,-0.0600000000000005,0.01,-0.34,-0.45,-0.42,-0.81,-0.79,0.94,1.77,0.0034000000000000696,0.5666000000000082,-0.024799999999999933,0.030100000000000016,0.6999999999999886,0.9000000000000057,0.0,-1.0999999999999943,1.3200000000000003,-5.700000000000003,0.29999999999998295,0.30000000000001137,0.30000000000001137,-0.20000000000004547,0.20000000000001705,0.19999999999998863,0.4000000000000057,0.4000000000000057,0.29999999999998295,0.4000000000000057,0.1039999999999992,0.29599999999999227,0.11999999999999034,-0.11900000000001398,0.05000000000000071,0.10999999999999943,-0.040000000000000924,-2465.0499999999884,6188.660000000033,-4.181300000000192
2000-12-01,27.647000000000844,4.299999999999272,0.3200000000000074,8325.0,-238.0,-0.314700000000002,-0.11499999999999488,0.14099999999999113,0.5473999999999961,-1.4934000000000083,107.0477,-0.6711000000000098,-0.5372999999999877,-0.5579000000000036,108.2835,-0.5884999999999962,4.607500000000002,-1.6710000000000065,77.5418,345.0,0.903088392,286.0,292.0,3.9,0.09999999999999964,-35.0,35.0,14.0,-36.0,49.0,346000,160.0,-50.0,-1.3000000000000682,-25.0,-21.0,-17.0,-4.0,210.0,53.0,-22.300000000000182,46.70000000000073,15.0,44.0,40.0,4.1,40.3,1532,21.0,-77.0,694,431,1543.0,-11.0,-22.0,678.0,443.0,-733.0,959.0,-1144.0,-0.010000000000000009,2.4999999999997726,33.49999999999909,19.300000000000182,8.0,-0.30000000000000426,-0.19999999999999574,4.957200000000057,6.709299999999985,7373.54999999993,0.38428220000000124,-47.1099999999999,0.04009785600000004,25.59056518,-0.10999999999999943,-0.1899999999999995,-0.40000000000000036,-0.3799999999999999,-0.4900000000000002,-0.5300000000000002,-0.47999999999999954,-0.2400000000000002,-0.2599999999999998,-0.07,-0.63,-0.72,-0.8,-1.23,-1.16,0.81,1.62,-0.09240000000000004,3.1995000000000005,0.03710000000000013,-0.02069999999999994,0.30000000000001137,0.29999999999998295,0.6000000000000227,12.0,-5.939999999999998,4.5,0.4000000000000057,-0.09999999999999432,0.09999999999999432,0.3000000000000682,0.09999999999999432,0.10000000000000853,0.700000000000017,0.30000000000001137,0.4000000000000057,0.29999999999998295,0.11400000000000432,-0.15799999999998704,-0.012999999999991019,0.06900000000000261,-0.009999999999999787,-0.010000000000001563,-0.05999999999999872,-4044.4500000000116,5679.759999999951,14.022900000000163
2001-01-01,72.14599999999882,45.5,0.015000000000000568,-8586.0,3043.0,-0.454899999999995,-0.21890000000000498,-0.39679999999999893,-0.8610999999999933,-1.5849000000000046,106.4823,0.07910000000001105,-0.7199000000000098,-0.6900999999999868,108.2514,-0.38750000000000284,-1.338000000000008,0.5558999999999941,76.9434,146.0,0.869002158,552.0,164.0,4.2,0.1999999999999993,171.0,131.0,43.0,9.0,34.0,340000,-13.0,-39.0,4.0,32.0,-76.0,-58.0,-18.0,26.0,-83.0,-21.300000000000182,-26.399999999999636,7.0,31.0,40.2,4.2,40.7,1600,-45.0,81.0,740,417,1699.0,-4.0,62.0,740.0,479.0,-11603.0,-3971.0,2051.0,0.020000000000000018,11.900000000000318,5.800000000000182,12.799999999999727,0.40000000000009095,1.2000000000000028,1.2999999999999972,9.477999999999838,4.1819000000000415,8766.830000000075,-0.2869752999999946,4.7000000000000455,-0.011788842000000077,25.51148687,-0.41999999999999993,-0.8200000000000003,-0.6199999999999992,-0.7299999999999995,-0.79,-0.3099999999999996,-0.08000000000000007,-0.05999999999999961,-0.08999999999999986,-0.47,-0.83,-1.03,-1.17,-1.12,-0.82,1.17,1.95,-0.05499999999999994,4.4628999999999905,0.014599999999999946,-0.01869999999999994,1.1999999999999886,1.6000000000000227,0.799999999999983,24.5,1.1199999999999974,-2.1999999999999886,1.0,0.4000000000000057,0.30000000000001137,0.6999999999999318,0.19999999999998863,-0.20000000000000284,1.799999999999983,1.1999999999999886,1.0999999999999943,1.0,0.3610000000000042,0.030000000000001137,0.17099999999999227,0.284000000000006,0.019999999999999574,0.08999999999999986,0.0,-3637.459999999992,3717.9000000000233,15.352200000000039
2001-02-01,28.079999999999927,21.30000000000109,0.03499999999999659,4684.0,-61.0,-0.6056999999999988,-0.8067000000000064,-0.5631999999999948,-0.6513999999999953,-0.343599999999995,105.7077,-0.5487000000000108,-0.3866000000000014,-0.6180000000000092,107.7672,-0.6533999999999907,-4.153599999999997,1.1492000000000075,76.1462,-137.0,0.837083265,-99.0,-166.0,4.2,0.10000000000000142,203.0,-192.0,119.0,81.0,38.0,371250,85.0,-57.0,3.1000000000000227,17.0,-75.0,-40.0,-35.0,142.0,-3.0,-18.0,17.899999999999636,23.0,71.0,40.0,4.0,40.5,1625,20.0,8.0,770,384,1656.0,39.0,0.0,721.0,416.0,3220.0,-4604.0,-6345.0,-0.020000000000000018,-3.6000000000001364,-11.99999999999909,15.5,-2.800000000000068,-0.5,-0.3999999999999986,-0.24659999999994398,12.24310000000014,7629.329999999958,0.39636819999999773,-29.88000000000011,0.020045690000000116,24.93866545,-0.4900000000000002,-0.3199999999999994,-0.27000000000000046,-0.2400000000000002,-0.1299999999999999,0.02999999999999936,-0.0600000000000005,-0.05000000000000071,-0.05999999999999961,-0.3,-0.61,-0.78,-0.81,-0.6,-0.39,1.61,2.38,0.03810000000000002,-0.4381999999999948,-0.025000000000000133,0.018399999999999972,0.20000000000001705,0.39999999999997726,-0.29999999999998295,-23.900000000000006,0.030000000000001137,0.5,0.4000000000000057,-0.10000000000002274,-0.20000000000001705,-0.49999999999994316,0.20000000000001705,0.20000000000000284,0.5999999999999943,0.20000000000001705,0.30000000000001137,0.4000000000000057,0.11599999999999966,-0.3710000000000093,0.1280000000000001,-0.29000000000000625,0.05000000000000071,0.0,0.08999999999999986,2392.9899999999907,4808.919999999984,-8.711900000000014
2001-03-01,43.66600000000108,31.0,-0.057999999999992724,-12781.0,-2323.0,-0.2266000000000048,-0.1822999999999979,-0.07770000000000721,-0.017700000000004934,2.1621999999999986,104.8139,-0.5841999999999956,-0.27839999999999065,0.06730000000000302,106.2067,-0.22030000000000882,-2.0978999999999957,-0.06969999999999743,75.7103,-335.0,0.775443739,223.0,171.0,4.3,0.0,-170.0,295.0,30.0,48.0,-18.0,387200,-37.0,-68.0,2.6000000000000227,21.0,-92.0,-72.0,-20.0,31.0,-38.0,-19.399999999999636,-24.399999999999636,17.0,39.0,40.1,4.1,40.5,1590,8.0,17.0,706,388,1659.0,-31.0,6.0,728.0,437.0,1933.0,-28.0,-5532.0,0.020000000000000018,3.2000000000000455,19.099999999998545,31.200000000000273,3.2000000000000455,-1.5,-1.6000000000000014,-1.7895000000000891,13.801299999999856,7261.560000000056,0.36942499999999256,-119.90000000000009,0.11600300800000007,22.7723603,-0.1800000000000006,-0.3800000000000008,-0.45999999999999996,-0.4299999999999997,-0.3799999999999999,-0.25,-0.20999999999999996,-0.11999999999999922,-0.03000000000000025,-0.5,-0.89,-1.03,-1.01,-0.67,-0.42,1.67,2.53,0.022199999999999998,5.2712999999999965,-0.008000000000000007,0.03709999999999991,-0.700000000000017,-1.0,-0.8000000000000114,-9.299999999999983,-2.370000000000001,-1.5,0.09999999999999432,-0.29999999999998295,-1.0,-5.684341886080802e-14,-0.30000000000001137,-0.5,0.4000000000000057,0.09999999999999432,-0.20000000000001705,0.0,0.007000000000005002,0.023000000000024556,-0.2530000000000001,-0.03699999999999193,0.05999999999999872,0.07000000000000028,-0.030000000000001137,2080.720000000001,2868.170000000042,-3.2217000000000553
2001-04-01,-21.756000000001222,-42.20000000000073,-0.047000000000011255,-8309.0,4358.0,-0.3200999999999965,-0.41979999999999507,-0.3570999999999884,0.33979999999999677,0.12700000000000955,105.231,-1.974499999999992,-0.21189999999999998,-0.16610000000000014,105.9243,-0.3721999999999923,0.2954999999999899,-0.4702000000000055,75.169,-147.0,0.735927284,-355.0,-484.0,4.4,-0.40000000000000036,291.0,-69.0,-22.0,-38.0,16.0,396750,-294.0,-155.0,-0.20000000000004547,-18.0,-136.0,-98.0,-38.0,-139.0,-132.0,-16.700000000000728,-95.70000000000073,3.0,47.0,40.0,4.1,40.4,1649,26.0,-35.0,745,417,1666.0,0.0,-3.0,744.0,431.0,-10359.0,-3280.0,-1634.0,0.010000000000000009,0.09999999999990905,6.5000000000009095,31.59999999999991,2.6000000000000227,1.0,1.0,-3.4891999999999825,13.60810000000015,7670.239999999991,0.8579244000000017,3.990000000000009,-0.012360250000000184,23.01632346,-0.5099999999999998,-0.33999999999999986,-0.5499999999999998,-0.43000000000000016,-0.31999999999999984,0.1200000000000001,0.25,0.21999999999999975,0.23000000000000043,-0.33,-0.93,-0.95,-0.82,-0.04,0.34,2.4,3.27,0.022299999999999986,2.2660000000000053,-0.00969999999999982,-0.0008999999999999009,0.8000000000000114,0.9000000000000057,-0.09999999999999432,0.5999999999999943,0.1700000000000017,-4.5,0.30000000000001137,-1.200000000000017,0.6000000000000227,-0.0999999999999659,0.4000000000000057,0.09999999999999432,0.4000000000000057,0.29999999999998295,0.4000000000000057,0.4000000000000057,0.1319999999999908,0.25099999999997635,0.2560000000000002,-0.008000000000009777,0.0,-0.10999999999999943,1.7763568394002505e-15,9781.51000000001,6348.380000000005,4.989000000000033
2001-05-01,-28.602999999999156,-33.69999999999891,0.30000000000001137,9036.0,688.0,-0.4776999999999987,-0.424199999999999,-0.3848000000000127,0.006000000000000227,0.7365999999999957,104.9461,-1.328000000000003,-0.5430000000000064,-0.3984999999999985,104.7836,-0.5213000000000108,-3.0313000000000017,0.995900000000006,74.5288,-190.0,0.7107292,-251.0,-207.0,4.3,-0.3000000000000007,-271.0,55.0,3.0,90.0,-88.0,394500,-48.0,-137.0,0.0,5.0,-142.0,-106.0,-36.0,89.0,-15.0,-14.599999999999454,3.7000000000007276,11.0,37.0,40.0,4.0,40.4,1605,-52.0,40.0,714,416,1665.0,-5.0,1.0,756.0,422.0,5899.0,-3061.0,-2325.0,-0.020000000000000018,-6.0,-66.19999999999982,-15.900000000000091,4.199999999999932,0.7999999999999972,0.7000000000000028,-5.10109999999986,12.60369999999989,5935.639999999898,0.6298237999999969,80.52999999999997,-0.0919328909999999,24.88029547,-0.5899999999999999,-0.5099999999999998,-0.25,-0.22999999999999998,-0.20000000000000018,0.16999999999999993,0.25,0.08999999999999986,0.0,-0.25,-0.59,-0.59,-0.43,0.72,1.18,3.08,3.86,0.039699999999999847,-2.0028000000000077,-0.008299999999999974,-0.01670000000000016,0.30000000000001137,0.5,0.19999999999998863,-2.5,1.2300000000000004,3.3999999999999915,0.9000000000000057,0.5000000000000284,2.799999999999983,-0.0999999999999659,1.0,-0.20000000000000284,0.6999999999999886,1.0,0.9000000000000057,0.799999999999983,0.1980000000000075,-0.3499999999999943,0.5790000000000077,0.027000000000015234,0.08000000000000007,0.10000000000000142,0.019999999999997797,2150.2999999999884,1434.9499999999534,8.563899999999876
2001-06-01,-13.052999999999884,-14.300000000001091,0.04399999999999693,-14368.0,-1095.0,-0.4796000000000049,-0.27129999999999654,-0.21689999999999543,0.03860000000000241,-0.5015000000000072,105.1939,-0.9907000000000039,-0.7210999999999927,-0.7785000000000082,103.7837,-0.539999999999992,-0.37699999999999534,0.49559999999999604,73.8967,-64.0,0.672578655,39.0,-219.0,4.5,0.5999999999999996,107.0,-20.0,30.0,-55.0,86.0,397200,-110.0,-155.0,-0.09999999999990905,-9.0,-147.0,-105.0,-42.0,45.0,-34.0,-17.800000000000182,4.199999999998909,5.0,108.0,40.0,4.0,40.3,1636,7.0,-9.0,768,395,1626.0,-2.0,16.0,719.0,406.0,-1399.0,-2042.0,-8933.0,0.010000000000000009,5.900000000000091,44.899999999999636,17.699999999999818,3.2000000000000455,-1.2999999999999972,-1.3000000000000043,-12.03300000000013,4.2982999999999265,8778.600000000093,0.8944215000000071,-31.659999999999854,0.024220107999999962,24.77693116,-0.23999999999999977,-0.27,-0.1299999999999999,-0.16999999999999993,-0.19999999999999973,-0.1200000000000001,-0.10999999999999943,-0.11000000000000032,-0.10000000000000053,-0.28,-0.48,-0.52,-0.39,0.84,1.31,3.21,4.0,0.03280000000000016,0.582800000000006,-0.02450000000000019,-0.016599999999999948,-0.5,-0.799999999999983,-0.19999999999998863,-10.599999999999994,-1.0399999999999991,-3.0,0.39999999999997726,0.799999999999983,-0.29999999999998295,0.1999999999999318,0.0,0.20000000000000284,0.8000000000000114,0.4000000000000057,0.19999999999998863,0.4000000000000057,0.13299999999999557,0.5939999999999941,0.02199999999999136,0.022999999999981924,0.07000000000000028,0.06999999999999673,-0.00999999999999801,-2126.1999999999825,10131.98999999999,9.186799999999948
2001-07-01,0.6509999999998399,-1.6000000000003638,0.14999999999999147,3966.0,-897.0,-0.545899999999989,-0.47040000000001214,-0.5927999999999969,-0.5581999999999994,0.24040000000000816,104.3294,-0.810299999999998,-0.638300000000001,-0.6790999999999912,103.7945,-0.4672000000000054,0.2032999999999987,0.4013999999999953,73.3474,86.0,0.675527875,297.0,198.0,4.6,0.20000000000000107,-166.0,162.0,121.0,129.0,-8.0,398000,-128.0,-127.0,0.7999999999999545,5.0,-132.0,-99.0,-33.0,-1.0,-72.0,-12.699999999999818,-61.29999999999927,-13.0,48.0,40.2,4.2,40.6,1670,33.0,-20.0,790,394,1598.0,9.0,-12.0,709.0,391.0,-6221.0,-4459.0,-8131.0,-0.010000000000000009,5.0,-13.100000000000364,21.800000000000182,6.899999999999977,1.1999999999999957,1.1000000000000014,-8.177400000000034,2.324200000000019,9095.01000000001,1.0421474999999987,-34.25999999999999,0.03741273100000009,24.85625478,-0.20000000000000018,-0.06999999999999984,0.019999999999999574,0.0,0.040000000000000036,-0.04999999999999982,-0.040000000000000036,-0.04999999999999982,0.0,-0.15,-0.26,-0.32,-0.15,0.99,1.47,3.36,4.2,-0.02860000000000018,2.1470999999999947,0.012800000000000145,0.006299999999999972,-1.700000000000017,-2.200000000000017,-1.5,-6.6000000000000085,-1.1500000000000021,-3.3999999999999915,-0.29999999999998295,-0.10000000000000853,-3.3000000000000114,-0.6999999999999318,-1.0,1.4210854715202004e-14,0.30000000000001137,-0.5,-0.5999999999999943,-0.4000000000000057,-0.025000000000005684,0.03500000000002501,-0.6159999999999997,-0.029999999999986926,0.05000000000000071,-0.019999999999999574,0.02999999999999936,2653.25,4378.160000000033,8.964600000000019
2001-08-01,-16.113999999999578,-7.5,0.40100000000001046,8624.0,1909.0,-0.0782000000000096,-0.43009999999999593,-0.3714999999999975,0.24859999999999616,-0.5768000000000058,104.9017,-1.461500000000001,0.3199999999999932,-0.19840000000000657,104.3081,-0.38119999999999266,3.145700000000005,-1.1037999999999926,72.8863,-423.0,0.571428571,-370.0,-830.0,4.9,0.40000000000000036,324.0,0.0,208.0,53.0,155.0,398000,-150.0,-168.0,-2.0,-18.0,-148.0,-89.0,-59.0,18.0,-11.0,-6.5,4.799999999999272,25.0,33.0,39.9,4.0,40.3,1567,-11.0,32.0,681,379,1615.0,1.0,-10.0,711.0,415.0,355.0,-4546.0,-1445.0,-0.010000000000000009,-1.400000000000091,3.800000000000182,19.0,6.399999999999977,0.4000000000000057,0.5,-8.177099999999882,0.8349000000000615,10207.139999999898,1.3111768999999924,-25.950000000000045,0.030128844000000043,25.18606013,-0.1200000000000001,-0.18000000000000016,-0.1499999999999999,-0.16000000000000014,-0.1499999999999999,-0.1899999999999995,-0.27000000000000046,-0.11000000000000032,-0.1200000000000001,-0.21,-0.29,-0.36,-0.18,0.92,1.32,3.37,4.2,-0.07619999999999982,-3.1310999999999893,0.022399999999999975,0.009100000000000108,0.5999999999999943,0.700000000000017,-0.30000000000001137,-1.0,1.0199999999999996,-3.5,0.0,-0.799999999999983,-0.5999999999999943,1.099999999999966,-0.5,-1.4210854715202004e-14,0.5999999999999943,0.0,-0.29999999999998295,0.0,-0.009000000000000341,-0.7480000000000189,-0.29399999999999693,-0.0010000000000047748,0.03999999999999915,0.08000000000000185,-0.05000000000000071,8737.089999999997,8000.650000000023,12.056600000000117
2001-09-01,6.119999999998981,-13.599999999998545,-0.9050000000000011,-22126.0,-5329.0,-0.48210000000000264,-0.5985000000000014,-0.7506000000000057,-0.5495999999999981,-0.8361000000000018,104.4741,-1.2549000000000063,-0.3556999999999988,-0.5792999999999893,104.8929,-0.375,-2.8468000000000018,1.5035000000000025,72.448,47.0,0.570008401,705.0,605.0,5.0,-0.10000000000000142,-129.0,163.0,89.0,127.0,-38.0,435000,-258.0,-133.0,-1.1000000000000227,-14.0,-117.0,-81.0,-36.0,-125.0,-85.0,-15.199999999999818,-9.599999999998545,0.0,24.0,39.7,3.9,40.2,1562,-17.0,-66.0,731,407,1565.0,-12.0,-7.0,699.0,396.0,-6361.0,-5402.0,-6358.0,0.020000000000000018,44.200000000000045,77.70000000000073,50.90000000000009,24.800000000000068,17.9,14.700000000000003,3.3531000000000404,10.620699999999943,7322.050000000047,1.171057200000007,-133.8599999999999,0.17255729399999997,23.19224077,-0.5800000000000001,-0.6000000000000001,-0.7199999999999998,-0.6600000000000001,-0.6500000000000004,-0.4500000000000002,-0.23999999999999932,0.15000000000000036,0.17999999999999972,-0.23,-0.43,-0.44,-0.25,1.05,1.66,4.1,4.96,-0.04700000000000015,-2.7553000000000054,0.026599999999999957,0.028000000000000025,0.6000000000000227,0.799999999999983,0.20000000000001705,-5.099999999999994,-1.5899999999999999,-0.7000000000000028,0.6999999999999886,0.29999999999998295,2.5999999999999943,-0.6000000000000227,1.1999999999999886,-0.09999999999999432,0.09999999999999432,0.700000000000017,0.799999999999983,0.700000000000017,-0.2569999999999908,-0.5740000000000123,0.8539999999999992,-0.6360000000000099,0.030000000000001137,-0.030000000000001137,0.010000000000001563,-658.9500000000116,2091.9799999999814,16.327999999999975
2001-10-01,-26.063000000000102,-58.600000000000364,1.8059999999999974,30611.0,18456.0,-0.2697999999999894,-0.18240000000000123,-0.06799999999999784,0.5249000000000024,-0.8025999999999982,105.5325,-1.0854999999999961,-0.3756999999999948,-0.842400000000012,104.6076,-0.38980000000000814,1.2647000000000048,1.4679999999999893,72.0152,-364.0,0.481804003,97.0,-454.0,5.3,0.10000000000000142,274.0,181.0,132.0,42.0,90.0,480750,-311.0,-156.0,-3.7999999999999545,-9.0,-143.0,-112.0,-31.0,-155.0,-72.0,-11.800000000000182,-26.80000000000109,9.0,33.0,39.6,3.8,40.1,1540,8.0,42.0,733,333,1566.0,17.0,-11.0,707.0,383.0,7407.0,3126.0,-18165.0,-0.040000000000000036,-95.5,-122.70000000000073,2.099999999999909,-12.0,-13.0,-9.700000000000003,-14.658500000000004,1.2864000000001852,17441.98999999999,1.776055299999996,31.949999999999818,-0.04471555199999999,25.23400529,-0.5799999999999996,-0.5499999999999998,-0.48,-0.5099999999999998,-0.48999999999999977,-0.20999999999999996,-0.16000000000000014,-0.13999999999999968,-0.11999999999999922,-0.2,-0.33,-0.37,-0.16,1.42,2.08,4.54,5.42,0.0019000000000000128,2.8418999999999954,-0.013700000000000045,0.0038000000000000256,-2.3000000000000114,-2.6999999999999886,-1.700000000000017,-9.799999999999997,-3.669999999999998,-3.299999999999997,-0.5,0.6000000000000085,-3.0999999999999943,0.20000000000004547,-1.299999999999983,0.29999999999999716,0.30000000000001137,-0.700000000000017,-0.9000000000000057,-0.5999999999999943,0.26500000000000057,1.8290000000000362,-0.902000000000001,1.0760000000000076,0.02999999999999936,0.05000000000000071,-0.030000000000001137,14295.950000000012,5693.290000000037,19.567199999999957
2001-11-01,5.139000000001033,-7.0,-0.257000000000005,-5158.0,-7429.0,-0.5191000000000088,-0.4549999999999983,-0.3825000000000074,-0.15109999999999957,1.5915999999999997,104.6787,-0.6341999999999928,-0.6011000000000024,-0.4963999999999942,103.7317,-0.3468999999999909,-4.229600000000005,-0.5381,71.6324,68.0,0.471698113,154.0,-154.0,5.5,1.0,-21.0,35.0,236.0,40.0,197.0,447500,-308.0,-170.0,-0.8000000000000682,-20.0,-148.0,-106.0,-42.0,-138.0,-86.0,-18.800000000000182,-22.399999999999636,15.0,51.0,39.8,3.8,40.0,1602,22.0,34.0,698,374,1651.0,-5.0,44.0,757.0,379.0,-7719.0,-5483.0,-12765.0,-0.010000000000000009,45.299999999999955,55.0,26.300000000000182,4.2999999999999545,-4.5,-4.5,-10.571100000000115,22.009199999999964,20752.310000000056,2.340270000000004,53.090000000000146,-0.0687086910000001,27.96973719,-0.40000000000000036,-0.29000000000000004,-0.29000000000000004,-0.2400000000000002,-0.1499999999999999,0.06000000000000005,0.08000000000000007,-0.0600000000000005,-0.10000000000000053,-0.09,-0.22,-0.21,0.09,1.88,2.56,4.88,5.72,0.015200000000000102,0.9519000000000091,-0.014499999999999957,0.020499999999999963,-0.5,-0.700000000000017,-0.5999999999999943,5.299999999999997,-2.539999999999999,-0.7000000000000028,-0.09999999999999432,-0.3999999999999915,-2.700000000000017,-5.684341886080802e-14,-1.1000000000000227,0.09999999999999432,0.799999999999983,-0.09999999999999432,-0.5,-0.10000000000002274,-0.05100000000000193,-0.8360000000000412,-0.7139999999999986,-0.4089999999999918,0.08000000000000007,0.07000000000000028,0.05000000000000071,13856.470000000001,15406.529999999912,16.45140000000015
2001-12-01,19.78099999999904,3.600000000000364,-0.08099999999998886,2077.0,-3406.0,-0.034199999999998454,0.11299999999999955,0.06300000000000239,0.5772000000000048,2.1047999999999973,104.6264,-0.7912000000000035,-0.20830000000000837,0.33849999999999625,102.8081,0.17980000000000018,-2.0481999999999942,-1.6943999999999875,71.6786,-98.0,0.445265197,65.0,-191.0,5.7,0.1999999999999993,-53.0,231.0,126.0,105.0,20.0,416800,-161.0,-115.0,-2.7999999999999545,1.0,-113.0,-84.0,-29.0,-46.0,-84.0,-18.600000000000364,-49.29999999999927,-6.0,29.0,39.9,3.7,40.2,1568,-28.0,-25.0,703,388,1680.0,10.0,-13.0,772.0,396.0,1493.0,-5847.0,-7760.0,0.0,6.900000000000091,9.300000000000182,31.59999999999991,11.299999999999955,1.0,1.0,-12.102899999999977,21.344100000000026,7828.089999999851,0.7913009000000102,15.25,-0.018558386000000038,30.09304556,-0.2699999999999998,-0.18999999999999995,-0.18000000000000016,-0.09999999999999987,0.040000000000000036,0.4199999999999995,0.4399999999999995,-0.20000000000000018,0.2400000000000011,-0.01,-0.13,-0.04,0.4,2.57,3.27,4.95,6.23,0.005700000000000038,5.188999999999993,0.005700000000000038,-0.013400000000000079,-0.5,-0.6999999999999886,-0.9000000000000057,-7.200000000000003,-0.3400000000000034,1.8999999999999915,-0.09999999999999432,-0.10000000000000853,-1.0,-0.2999999999999545,-0.8999999999999773,-0.09999999999999432,0.5,-0.19999999999998863,-0.39999999999997726,-0.19999999999998863,-0.07800000000000296,0.04800000000003024,-0.5819999999999936,-0.08500000000000796,0.05999999999999872,0.0799999999999983,-0.010000000000001563,-1997.9599999999919,6564.520000000019,27.961099999999988
2002-01-01,22.273000000001048,4.699999999998909,0.11499999999999488,-1025.0,-197.0,0.6115999999999957,0.4076000000000022,0.5812999999999988,1.0520999999999958,0.45630000000001303,105.9221,-0.1483000000000061,0.853500000000011,0.5722999999999985,104.5684,0.5992999999999995,3.5871999999999957,2.801399999999987,72.0677,22.0,0.452089954,-422.0,-346.0,5.7,0.1999999999999993,7.0,-191.0,134.0,57.0,77.0,408500,-124.0,-131.0,3.8999999999999773,-10.0,-124.0,-103.0,-21.0,7.0,-62.0,-4.199999999999818,-37.400000000001455,5.0,22.0,39.8,3.9,40.2,1698,25.0,16.0,800,380,1665.0,0.0,3.0,768.0,382.0,-1980.0,-6509.0,-1164.0,0.0,-4.7000000000000455,-32.599999999999454,6.299999999999727,3.0,2.6000000000000014,2.700000000000003,-8.908599999999979,-0.8892000000000735,-374.9399999999441,-0.3957851000000119,-4.720000000000027,0.005398583000000068,31.7132731,-0.09000000000000008,-0.09000000000000008,-0.040000000000000036,-0.050000000000000044,-0.06000000000000005,-0.04999999999999982,-0.04999999999999982,-0.21999999999999975,-0.1800000000000006,-0.01,-0.08,0.0,0.43,2.61,3.31,4.82,6.14,0.01429999999999998,5.088800000000006,-0.009100000000000108,0.02089999999999992,-0.30000000000001137,-0.4000000000000057,-0.3999999999999915,4.299999999999997,0.3400000000000034,1.8000000000000114,0.29999999999998295,0.0,0.10000000000002274,0.8000000000000114,0.0,-0.7999999999999972,0.700000000000017,0.29999999999998295,0.09999999999999432,0.30000000000001137,0.06799999999999784,-0.17700000000002092,0.18099999999999739,-0.012000000000000455,0.0400000000000027,0.0400000000000027,-0.00999999999999801,-3778.210000000021,-3369.280000000028,-3.054200000000037
2002-02-01,1.4529999999995198,2.399999999999636,0.2839999999999918,3844.0,1546.0,-0.005599999999986949,-0.3774999999999977,-0.5548000000000002,-0.6774999999999949,0.29189999999999827,104.8482,-0.1974000000000018,0.42849999999999966,0.6770000000000067,104.8498,-0.020900000000011687,0.3101999999999947,-0.1074999999999875,71.9862,-263.0,0.418259282,770.0,737.0,5.7,0.3000000000000007,-60.0,-29.0,30.0,19.0,11.0,399000,-123.0,-83.0,-5.699999999999932,-9.0,-70.0,-41.0,-29.0,-40.0,-6.0,-15.199999999999818,3.7000000000007276,-8.0,13.0,39.8,3.9,40.2,1829,-17.0,33.0,853,442,1787.0,40.0,23.0,808.0,401.0,9082.0,2484.0,-5529.0,-0.010000000000000009,-7.600000000000136,8.899999999998727,11.300000000000182,0.8000000000000682,-1.2000000000000028,-1.2000000000000028,4.108900000000062,10.047000000000025,14446.070000000065,1.3687185,-39.539999999999964,0.049277258000000046,32.3161503,0.010000000000000009,0.08000000000000007,0.07000000000000006,0.09000000000000008,0.06999999999999984,-0.040000000000000036,-0.1299999999999999,-0.040000000000000036,0.019999999999999574,0.06,-0.02,0.08,0.49,2.56,3.17,4.77,6.15,0.026100000000000012,0.9592999999999847,-0.009499999999999842,-0.0032999999999998586,0.30000000000001137,0.4000000000000057,-0.20000000000000284,-1.3999999999999915,1.0699999999999967,0.0,0.30000000000001137,0.6999999999999886,-0.6000000000000227,-1.0000000000000568,0.0,-0.10000000000000853,0.6999999999999886,0.30000000000001137,0.09999999999999432,0.19999999999998863,0.12700000000000955,-0.4579999999999984,0.2289999999999992,0.11700000000000443,0.04999999999999716,0.029999999999997584,0.019999999999997797,4907.420000000013,6934.730000000098,-0.4397000000001299
2002-03-01,-7.52599999999984,-0.6999999999989086,-0.013999999999995794,-5232.0,-792.0,0.668699999999987,0.7117999999999967,0.5991000000000071,0.8776999999999902,0.9491999999999905,105.6911,0.2886000000000024,0.6235999999999962,0.8807000000000045,105.316,0.6433000000000106,4.1936000000000035,-0.3200000000000074,72.438,176.0,0.434971098,-172.0,-261.0,5.7,0.40000000000000036,90.0,-14.0,111.0,-4.0,116.0,415400,-14.0,-93.0,-6.400000000000091,-11.0,-75.0,-57.0,-18.0,79.0,-10.0,-7.399999999999636,8.100000000000364,-2.0,41.0,39.9,4.1,40.5,1642,16.0,-48.0,739,401,1691.0,-60.0,-26.0,783.0,416.0,-4553.0,-1155.0,-3666.0,-0.009999999999999787,2.800000000000182,-17.49999999999909,-2.0,4.399999999999977,-2.200000000000003,-2.299999999999997,-4.552400000000034,5.139499999999998,7651.020000000019,0.5769413000000156,53.11999999999989,-0.06609936000000016,35.67629946,-0.010000000000000009,0.07000000000000006,0.07000000000000006,0.17999999999999994,0.33999999999999986,0.4400000000000004,0.3700000000000001,0.2999999999999998,0.21999999999999975,0.14,0.06,0.27,0.84,3.01,3.55,5.08,6.38,-0.022700000000000164,-2.5815999999999804,0.00029999999999996696,-0.008700000000000152,0.8000000000000114,1.1999999999999886,0.9000000000000057,5.3999999999999915,3.6800000000000033,2.299999999999997,0.5,0.5000000000000142,1.8000000000000114,0.4000000000000341,0.6999999999999886,0.5000000000000142,0.4000000000000057,0.5,0.5999999999999943,0.5999999999999943,0.2049999999999983,0.646000000000015,0.46999999999999886,-0.03100000000000591,0.030000000000001137,0.07000000000000028,-0.019999999999997797,640.5899999999965,215.93999999994412,17.65300000000002
2002-04-01,14.891999999999825,-4.100000000000364,0.38400000000000034,12138.0,4571.0,0.42420000000001323,-0.016999999999995907,-0.18609999999999616,-0.10999999999999943,1.431600000000003,104.922,-0.3248999999999995,0.9500000000000028,1.0895999999999901,106.3343,0.2680000000000007,3.433800000000005,1.2098000000000013,72.6108,-141.0,0.403651587,244.0,-51.0,5.9,0.9000000000000004,-142.0,309.0,133.0,5.0,127.0,429250,-107.0,-98.0,-1.6999999999999318,-45.0,-51.0,-33.0,-18.0,-9.0,-13.0,-11.300000000000182,-2.399999999999636,6.0,12.0,40.1,4.2,40.6,1592,-38.0,-53.0,801,380,1669.0,14.0,-7.0,755.0,415.0,3999.0,-2624.0,-1387.0,-0.020000000000000018,-9.099999999999909,-11.699999999999818,-13.699999999999818,4.399999999999977,0.6000000000000014,0.6999999999999957,-11.911699999999996,9.957899999999881,3995.9899999999907,-0.26263110000002143,-41.8599999999999,0.060317753000000085,36.18715052,0.020000000000000018,-0.040000000000000036,-0.08000000000000007,-0.08000000000000007,-0.08999999999999986,-0.08999999999999986,-0.07000000000000028,-0.04999999999999982,-0.08000000000000007,0.08,-0.04,0.17,0.73,2.9,3.46,5.01,6.28,-0.020100000000000007,-0.2891999999999939,0.01990000000000003,-0.006199999999999983,-0.10000000000002274,-0.09999999999999432,0.7999999999999972,4.299999999999997,1.8499999999999979,-1.2999999999999972,0.8000000000000114,-0.9000000000000057,2.0,0.30000000000001137,1.0,0.19999999999998863,0.5999999999999943,0.9000000000000057,0.9000000000000057,0.700000000000017,0.31699999999999307,0.08099999999998886,0.8880000000000052,0.020000000000010232,0.030000000000001137,0.05000000000000071,-0.02000000000000135,-1806.5899999999965,3719.9000000000233,6.347300000000132
2002-05-01,33.04099999999926,27.899999999999636,-0.28000000000000114,2215.0,-3882.0,0.38409999999998945,0.40789999999999793,0.3643999999999892,0.3526000000000096,0.4638999999999953,105.2263,0.3459000000000003,0.35880000000000223,0.20539999999999736,107.6871,0.47939999999999827,0.052599999999998204,-0.841700000000003,72.9601,-14.0,0.411596619,213.0,413.0,5.8,0.5,-89.0,-288.0,115.0,-2.0,117.0,409000,17.0,-83.0,-3.0,-26.0,-54.0,-33.0,-21.0,100.0,-16.0,-0.9000000000005457,-19.600000000000364,-2.0,71.0,39.9,4.3,40.6,1764,37.0,79.0,821,416,1716.0,15.0,12.0,767.0,423.0,2.0,-2432.0,3919.0,0.0,8.799999999999727,26.099999999999454,11.099999999999909,5.2000000000000455,-0.6000000000000014,-0.6999999999999957,-9.559799999999996,8.415500000000065,7519.60999999987,0.3823413000000073,-32.680000000000064,0.05237424800000001,36.91298504,0.0,-0.030000000000000027,0.020000000000000018,-0.05999999999999983,-0.1299999999999999,-0.16000000000000014,-0.04999999999999982,-0.009999999999999787,0.0600000000000005,0.05,-0.02,0.11,0.6,2.74,3.41,5.0,6.34,-0.06529999999999991,-4.396800000000013,0.016899999999999915,-0.031299999999999883,-0.29999999999998295,-0.4000000000000057,-0.10000000000000853,0.9000000000000057,0.75,0.19999999999998863,0.19999999999998863,-0.29999999999999716,0.30000000000001137,-0.10000000000002274,-0.30000000000001137,0.09999999999999432,0.5,0.29999999999998295,0.0,0.19999999999998863,0.04999999999999716,0.030000000000001137,-0.30700000000000216,-0.014000000000010004,0.03999999999999915,0.0,0.05000000000000071,1192.4700000000012,2726.1199999999953,10.455500000000029
2002-06-01,29.37300000000141,31.899999999999636,0.24200000000000443,3485.0,2421.0,0.7387999999999977,0.8002000000000038,0.8973000000000013,1.073599999999999,1.0803000000000083,106.2879,0.5060000000000002,0.6738999999999891,0.9895000000000067,108.3832,0.9067999999999898,-0.7968000000000046,0.13569999999999993,73.6517,-45.0,0.406529251,-130.0,-124.0,5.8,0.09999999999999787,-132.0,70.0,56.0,-11.0,67.0,387200,41.0,-29.0,-3.7000000000000455,17.0,-41.0,-33.0,-8.0,70.0,1.0,3.600000000000364,-11.0,5.0,35.0,40.1,4.3,40.7,1717,15.0,-15.0,777,413,1758.0,-4.0,1.0,817.0,418.0,-5784.0,-7294.0,1949.0,0.0,1.6000000000001364,-1.199999999999818,12.199999999999818,5.399999999999977,-1.6999999999999957,-1.7000000000000028,-6.828800000000001,25.97980000000007,8117.710000000196,0.4066206999999906,-65.23000000000002,0.10481165300000006,36.11211611,0.0,-0.020000000000000018,-0.030000000000000027,-0.07000000000000006,-0.1499999999999999,-0.2999999999999998,-0.23000000000000043,-0.1200000000000001,-0.13999999999999968,0.03,-0.05,0.04,0.45,2.44,3.18,4.88,6.2,-0.04899999999999993,-3.0845000000000056,0.023900000000000032,-0.018399999999999972,0.4000000000000057,0.4000000000000057,0.20000000000000284,-3.9000000000000057,-1.5,1.3000000000000114,0.09999999999999432,-0.19999999999998863,0.0,-0.49999999999994316,0.0,-0.0999999999999801,0.30000000000001137,0.20000000000001705,0.09999999999999432,0.09999999999999432,0.09499999999999886,-0.3199999999999932,0.06099999999999284,-0.013999999999995794,0.03999999999999915,0.05000000000000071,-0.040000000000000924,2772.1999999999825,9623.390000000014,11.910899999999856
2002-07-01,-35.97199999999975,-36.899999999999636,0.4789999999999992,-2991.0,3013.0,-0.029999999999986926,-0.08160000000000878,-0.013300000000000978,0.05839999999999179,1.1958999999999946,105.8424,-0.21070000000000277,0.030200000000007776,0.0024999999999977263,108.1766,-0.09759999999999991,0.7132000000000005,0.19530000000000314,73.5672,-45.0,0.401311085,-5.0,-2.0,5.8,0.0,180.0,-187.0,-57.0,0.0,-57.0,386000,-90.0,-56.0,-1.3999999999999773,-13.0,-41.0,-28.0,-13.0,-34.0,8.0,-2.100000000000364,-2.100000000000364,4.0,-5.0,39.8,4.3,40.4,1655,-23.0,14.0,743,394,1738.0,1.0,5.0,796.0,413.0,8212.0,941.0,6584.0,0.010000000000000009,1.7999999999999545,17.699999999999818,16.90000000000009,5.2999999999999545,0.7999999999999972,0.7000000000000028,-7.539600000000064,19.56309999999985,8579.339999999851,1.0407518000000096,-110.42999999999995,0.18434444099999991,33.17168649,-0.020000000000000018,-0.020000000000000018,-0.020000000000000018,-0.10000000000000009,-0.2400000000000002,-0.38000000000000034,-0.27999999999999936,-0.09999999999999964,-0.04999999999999982,0.03,-0.05,-0.04,0.23,2.08,2.92,4.8,6.17,-0.06810000000000005,-5.39139999999999,0.07279999999999998,0.013800000000000034,-0.20000000000001705,0.09999999999999432,0.4000000000000057,1.4000000000000057,1.4200000000000017,-1.6000000000000085,0.4000000000000057,0.29999999999998295,0.5,1.099999999999909,0.20000000000001705,0.0999999999999801,0.5999999999999943,0.39999999999997726,0.4000000000000057,0.30000000000001137,0.16800000000000637,0.20600000000001728,0.1280000000000001,0.06199999999999761,0.05000000000000071,0.10999999999999943,1.7763568394002505e-15,3481.5200000000186,6611.039999999921,11.667000000000144
2002-08-01,-0.23000000000138243,-2.5,0.10599999999999454,10277.0,2265.0,-0.09310000000000684,-0.2190999999999974,-0.31340000000000146,-0.6749999999999972,-0.8624999999999972,105.2592,0.3459000000000003,0.055999999999997385,0.6353000000000009,108.189,0.09759999999999991,-2.0275000000000034,0.15049999999999386,73.639,150.0,0.423530829,206.0,292.0,5.7,-0.3999999999999986,36.0,58.0,-79.0,-69.0,-11.0,393600,-1.0,-73.0,-0.30000000000001137,13.0,-85.0,-49.0,-36.0,72.0,-53.0,-9.899999999999636,-45.29999999999927,8.0,45.0,39.9,4.3,40.5,1633,14.0,-29.0,769,361,1695.0,-12.0,-11.0,768.0,421.0,2844.0,2105.0,1519.0,-0.020000000000000018,-17.799999999999955,-0.5,14.800000000000182,0.5,0.3999999999999986,0.29999999999999716,-4.201499999999896,29.52410000000009,4063.6999999999534,0.18805459999998675,8.959999999999923,-0.02609832099999987,34.07965588,0.010000000000000009,-0.050000000000000044,-0.05999999999999983,-0.08999999999999986,-0.19999999999999996,-0.52,-0.39000000000000057,-0.16000000000000014,-0.3200000000000003,-0.03,-0.12,-0.14,0.02,1.55,2.52,4.63,5.84,0.02540000000000009,1.093599999999995,-0.01970000000000005,0.02379999999999982,0.09999999999999432,0.10000000000002274,0.29999999999999716,1.7999999999999972,1.4399999999999977,-4.5,0.5,1.2000000000000028,0.6999999999999886,-0.9999999999999432,0.29999999999998295,0.10000000000000853,0.6999999999999886,0.6000000000000227,0.4000000000000057,0.5,0.15000000000000568,-0.05700000000004479,0.21099999999999852,-0.042999999999992156,0.03999999999999915,0.0,0.00999999999999801,-935.7099999999919,-1264.2399999999907,24.31789999999978
2002-09-01,6.863000000001193,1.7000000000007276,-0.3369999999999891,-9260.0,-4240.0,0.08679999999999666,0.2857000000000056,0.15550000000000352,0.13100000000000023,0.0002999999999957481,105.4463,0.057900000000003615,-0.1501999999999981,-0.0648999999999944,108.0638,0.05770000000001119,0.9502000000000095,-1.1080999999999932,73.6825,-216.0,0.400072719,543.0,597.0,5.7,1.1000000000000014,-155.0,1.0,84.0,78.0,7.0,409500,-79.0,-52.0,-1.6999999999999886,1.0,-52.0,-47.0,-5.0,-27.0,-48.0,0.5,-18.5,15.0,-43.0,39.9,4.2,40.5,1804,6.0,49.0,809,437,1803.0,19.0,20.0,790.0,468.0,-10288.0,-5699.0,8181.0,0.020000000000000018,21.0,-18.099999999999454,8.099999999999909,0.6000000000000227,-0.8999999999999986,-0.8999999999999986,-6.186700000000087,35.025300000000016,314.3900000001304,-0.27763089999999124,-44.74000000000001,0.08043991699999986,32.63521743,0.010000000000000009,0.030000000000000027,0.009999999999999787,0.0,-0.040000000000000036,-0.3500000000000001,-0.3899999999999997,-0.21999999999999975,-0.17999999999999972,-0.01,-0.12,-0.15,-0.03,1.19,2.12,4.4,5.65,-0.0040999999999999925,2.0853000000000037,0.019500000000000073,0.00670000000000015,0.5,0.5,0.9000000000000057,2.5,1.2900000000000027,-0.5,0.30000000000001137,-1.6999999999999886,0.19999999999998863,0.10000000000002274,0.0,-0.20000000000000284,0.5,0.19999999999998863,0.19999999999998863,0.19999999999998863,0.13799999999999102,0.12800000000004275,0.02600000000001046,0.0239999999999867,0.05000000000000071,0.07000000000000028,-0.009999999999999787,7450.919999999984,-21.349999999976717,18.418800000000147
2002-10-01,20.35899999999856,20.0,0.29599999999999227,-4939.0,1166.0,-0.23850000000000193,-0.061400000000006116,-0.17279999999999518,-0.17090000000000316,-0.5403999999999911,105.4383,-0.2989000000000033,-0.45300000000000296,-0.15980000000000416,107.5973,-0.30180000000000007,4.2771999999999935,-2.276200000000003,73.4482,178.0,0.418803419,-238.0,-294.0,5.7,0.1999999999999993,-7.0,-14.0,71.0,-3.0,73.0,407500,114.0,-73.0,0.8999999999999773,-13.0,-60.0,-43.0,-17.0,187.0,13.0,-2.399999999999636,5.399999999999636,26.0,13.0,39.8,4.2,40.3,1648,-30.0,-62.0,697,485,1799.0,-12.0,-2.0,795.0,473.0,2296.0,-3908.0,1672.0,0.0,-1.099999999999909,20.599999999999454,17.799999999999727,1.5,-0.19999999999999574,-0.10000000000000142,-3.4454999999999245,43.768499999999904,1886.6999999999534,-0.2578282999999999,-13.17999999999995,0.03898136299999999,31.95606293,0.0,-0.030000000000000027,-0.04999999999999982,-0.040000000000000036,-0.07000000000000006,0.010000000000000231,0.06999999999999984,0.16999999999999993,0.33000000000000007,-0.04,-0.17,-0.19,-0.1,1.2,2.19,4.57,5.98,9.999999999998899e-05,2.8297000000000025,0.0012000000000000899,0.0019000000000000128,0.8000000000000114,1.0999999999999943,0.9000000000000057,1.7999999999999972,-0.8200000000000003,-0.3999999999999915,0.39999999999997726,0.4999999999999858,1.3000000000000114,0.7999999999999545,0.30000000000001137,1.4210854715202004e-14,0.5999999999999943,0.5,0.4000000000000057,0.4000000000000057,0.14000000000000057,-0.10700000000002774,0.18299999999999272,-0.03299999999998704,0.05999999999999872,0.00999999999999801,0.060000000000002274,-5279.359999999986,577.9300000000512,27.801500000000033
2002-11-01,26.186999999999898,22.799999999999272,0.2079999999999984,11425.0,1908.0,0.495900000000006,0.38989999999999725,0.5797000000000025,0.8063999999999965,2.3718999999999966,105.5499,0.2991000000000099,0.6290000000000049,0.3924999999999983,107.9695,0.46649999999999636,0.8248999999999995,3.324700000000007,73.8179,35.0,0.412441315,-273.0,-487.0,5.9,-0.1999999999999993,185.0,-7.0,20.0,-69.0,90.0,392200,-1.0,-41.0,0.5,24.0,-67.0,-50.0,-17.0,40.0,-32.0,-14.600000000000364,-12.800000000001091,12.0,22.0,39.7,4.2,40.4,1753,-2.0,52.0,811,426,1771.0,-11.0,-21.0,782.0,490.0,889.0,-3305.0,1751.0,-0.010000000000000009,-2.300000000000182,6.300000000000182,22.90000000000009,6.600000000000023,0.5,0.3999999999999986,-2.350900000000024,33.53930000000014,6061.1699999999255,0.241450900000018,55.299999999999955,-0.1026913519999999,33.85809032,-0.4099999999999999,-0.33999999999999986,-0.3500000000000001,-0.29000000000000004,-0.15999999999999992,0.09999999999999964,0.10999999999999988,-0.010000000000000675,-0.11000000000000032,0.03,-0.11,-0.07,0.15,1.71,2.71,4.97,6.28,-0.02740000000000009,-2.2998000000000047,0.013599999999999834,-0.006500000000000172,0.0,0.0,0.09999999999999432,4.0,-2.580000000000002,4.0,0.30000000000001137,0.5,-0.09999999999999432,-0.30000000000001137,0.0,-0.30000000000001137,0.700000000000017,0.30000000000001137,0.19999999999998863,0.30000000000001137,0.07600000000000762,-0.27599999999998204,0.030000000000001137,-0.014000000000010004,0.030000000000001137,0.0400000000000027,-0.060000000000002274,-8822.680000000022,1148.4199999999255,27.150300000000016
2002-12-01,26.700000000000728,15.300000000001091,0.47800000000000864,-8366.0,2463.0,-0.504099999999994,-0.6570999999999998,-0.7558000000000078,-0.9894999999999925,-1.7045999999999992,104.8802,-0.8366000000000042,-0.3281000000000063,-0.7737000000000052,107.9072,-0.5641999999999996,-2.441900000000004,-0.08280000000000598,73.387,-345.0,0.366782407,25.0,-95.0,6.0,0.8999999999999986,-112.0,84.0,209.0,28.0,181.0,414250,-151.0,-94.0,-1.2999999999999545,-13.0,-81.0,-55.0,-26.0,-57.0,12.0,2.600000000000364,11.900000000001455,14.0,7.0,39.9,4.3,40.5,1788,16.0,12.0,785,459,1896.0,16.0,64.0,856.0,461.0,-6061.0,-2904.0,7142.0,0.020000000000000018,5.000000000000227,-29.699999999999818,6.400000000000091,10.700000000000045,1.0999999999999943,1.3000000000000043,-2.62379999999996,31.904199999999946,5891.860000000102,0.2174572999999782,-10.75,0.031371161000000036,33.33149143,-0.10000000000000009,-0.050000000000000044,-0.040000000000000036,-0.030000000000000027,-0.040000000000000036,-0.020000000000000018,-0.019999999999999574,-0.09999999999999964,-0.16999999999999993,0.08,-0.05,0.0,0.21,1.79,2.79,4.97,6.21,-0.026999999999999913,0.2849999999999966,0.015200000000000102,-0.012299999999999978,-0.30000000000001137,-0.30000000000001137,0.09999999999999432,2.3000000000000114,3.150000000000002,1.0,0.30000000000001137,-0.4999999999999858,-0.09999999999999432,-0.49999999999994316,-0.19999999999998863,0.09999999999999432,0.5999999999999943,0.29999999999998295,0.20000000000001705,0.19999999999998863,0.07399999999999807,-0.036000000000029786,-0.05500000000000682,0.028000000000005798,0.08999999999999986,0.16999999999999815,0.019999999999999574,1606.1800000000221,4088.1300000000047,33.63850000000002
2003-01-01,-33.60699999999997,-35.900000000001455,-0.010000000000005116,6287.0,1301.0,0.7462999999999909,0.9138999999999982,0.920100000000005,1.314399999999992,1.6661000000000001,106.0257,0.2202999999999946,0.5578000000000003,1.1889000000000038,107.4266,0.7546999999999997,-0.9759999999999991,-1.9380000000000024,73.9866,272.0,0.403873239,871.0,991.0,5.8,0.0,18.0,-7.0,-105.0,58.0,-164.0,395000,108.0,-42.0,-1.2000000000000455,4.0,-44.0,-43.0,-1.0,150.0,-46.0,-10.0,-18.100000000000364,8.0,38.0,39.8,4.2,40.3,1853,-14.0,-2.0,816,509,1808.0,-8.0,-35.0,796.0,476.0,6032.0,-559.0,66.0,-0.020000000000000018,-3.5000000000002274,11.5,4.099999999999909,0.09999999999990905,2.6000000000000014,2.5999999999999943,-6.611700000000042,25.806100000000015,6607.149999999907,0.685729699999996,-3.339999999999918,0.012244589999999889,32.82691022,0.0,-0.050000000000000044,-0.020000000000000018,-0.040000000000000036,-0.08999999999999986,0.020000000000000018,0.019999999999999574,-0.040000000000000036,-0.10000000000000053,0.03,-0.07,-0.04,0.12,1.81,2.81,4.93,6.11,-0.06230000000000002,-3.0795999999999992,0.031199999999999894,-0.017799999999999816,1.4000000000000057,1.9000000000000057,1.4000000000000057,9.099999999999994,3.519999999999996,-1.0,0.799999999999983,-0.20000000000001705,2.6999999999999886,-0.3000000000000682,1.0,-0.09999999999999432,0.6999999999999886,1.0,0.9000000000000057,0.8000000000000114,0.22999999999998977,-0.27799999999996317,0.7890000000000015,-0.010000000000005116,0.010000000000001563,-0.08999999999999986,-0.00999999999999801,1308.8199999999779,3503.3000000000466,2.534299999999803
2003-02-01,-42.58499999999913,-39.099999999998545,-0.23699999999999477,-11889.0,-4081.0,0.11360000000000525,0.2149000000000001,0.3555999999999955,0.4177000000000106,-1.5769999999999982,107.2947,0.01650000000000773,-0.003900000000001569,-0.15670000000000073,107.0,-0.10800000000000409,6.53670000000001,0.08379999999999654,73.9095,-212.0,0.3746809,163.0,65.0,5.9,0.0,-58.0,29.0,-5.0,-108.0,104.0,411000,-132.0,-124.0,0.5,-37.0,-87.0,-63.0,-24.0,-8.0,-24.0,7.599999999999454,-35.100000000000364,12.0,-2.0,39.5,4.2,40.3,1629,-2.0,-104.0,758,449,1854.0,-3.0,-37.0,808.0,550.0,4119.0,2526.0,8587.0,0.010000000000000009,3.800000000000182,3.2999999999992724,2.300000000000182,1.7000000000000455,-1.0,-0.8999999999999986,-9.458899999999971,32.64289999999983,7032.440000000177,0.6697650000000124,-58.81000000000006,0.13240193099999997,30.1459925,0.020000000000000018,-0.020000000000000018,0.0,-0.020000000000000018,-0.06000000000000005,-0.1499999999999999,-0.1499999999999999,-0.21999999999999975,-0.29000000000000004,-0.01,-0.09,-0.08,0.04,1.64,2.64,4.69,5.8,-0.01629999999999998,0.5246000000000066,-0.009599999999999831,-0.029300000000000104,1.5999999999999943,2.0999999999999943,2.4000000000000057,6.300000000000011,2.9299999999999997,2.8999999999999915,1.0,0.30000000000001137,2.8000000000000114,-0.2999999999999545,1.3999999999999773,0.29999999999999716,0.5,0.9000000000000057,1.299999999999983,1.0,0.32500000000000284,0.3979999999999677,0.8290000000000077,0.07800000000000296,0.029999999999997584,0.05999999999999872,0.009999999999999787,3360.7600000000093,-4561.270000000019,18.021200000000135
2003-03-01,17.708999999998923,13.399999999999636,0.42099999999999227,9698.0,5158.0,-0.24989999999999668,-0.026899999999997704,0.05200000000000671,0.004599999999996385,0.31819999999999027,107.1627,0.13739999999999952,-0.5152999999999963,-0.468599999999995,107.2492,0.08859999999999957,-5.766900000000007,0.45580000000001064,73.9865,-130.0,0.360852352,-78.0,-48.0,5.9,-0.3999999999999986,33.0,-44.0,0.0,66.0,-66.0,427400,-206.0,-77.0,-3.599999999999966,-13.0,-59.0,-38.0,-21.0,-129.0,-44.0,-4.199999999999818,-24.799999999999272,14.0,-14.0,39.9,4.1,40.4,1726,7.0,71.0,804,422,1757.0,-2.0,9.0,801.0,453.0,-1868.0,-90.0,833.0,-0.010000000000000009,-9.800000000000182,-15.899999999998727,5.799999999999727,4.2999999999999545,-1.2999999999999972,-1.2999999999999972,-3.7193000000000893,16.064499999999953,6748.589999999851,0.18794289999999592,9.600000000000023,-0.015999399000000025,29.95212498,-0.010000000000000009,-0.040000000000000036,-0.040000000000000036,-0.050000000000000044,-0.06000000000000005,-0.1200000000000001,-0.08999999999999986,-0.0600000000000005,-0.10999999999999943,-0.04,-0.12,-0.12,-0.01,1.53,2.56,4.64,5.7,0.0011999999999998678,-0.6508000000000038,-0.02540000000000009,-0.03600000000000003,1.3000000000000114,1.5999999999999943,2.5,17.899999999999977,-2.3200000000000003,0.20000000000000284,0.30000000000001137,-0.7999999999999972,0.0,0.0999999999999659,-0.09999999999999432,0.20000000000000284,0.8000000000000114,0.30000000000001137,0.5,0.29999999999998295,0.19899999999999807,0.1190000000000282,-0.06100000000000705,0.08299999999999841,0.030000000000001137,0.020000000000003126,-0.040000000000000924,-5111.790000000008,3851.030000000028,14.844499999999925
2003-04-01,49.46600000000035,42.399999999999636,0.347999999999999,-3108.0,-725.0,-0.569500000000005,-0.8175999999999988,-0.7604000000000042,-0.8515000000000015,-0.9564999999999912,106.3634,-0.6847000000000065,-0.28239999999999554,-0.5751999999999953,106.7367,-0.7119,-2.0150000000000006,-0.8961000000000041,73.4427,9.0,0.351504185,452.0,199.0,6.0,1.2999999999999972,-37.0,94.0,187.0,58.0,129.0,436250,-63.0,-82.0,-3.3000000000000114,35.0,-113.0,-78.0,-35.0,19.0,-15.0,-5.199999999999818,10.399999999999636,25.0,-15.0,39.5,4.1,40.1,1643,-4.0,-26.0,718,455,1803.0,8.0,15.0,820.0,457.0,-2898.0,1143.0,1308.0,0.029999999999999805,9.600000000000136,16.899999999998727,32.40000000000009,4.300000000000068,0.6000000000000014,0.5,-2.569699999999898,22.379700000000412,11794.410000000149,0.9392746000000045,43.39999999999998,-0.09529311699999998,31.10903804,0.010000000000000009,0.020000000000000018,0.0,0.010000000000000009,0.030000000000000027,0.15000000000000036,0.1499999999999999,-0.14999999999999947,-0.10000000000000053,-0.03,-0.13,-0.12,0.01,1.67,2.7,4.48,5.59,0.016900000000000137,1.207899999999995,-0.008599999999999941,-0.017900000000000027,-1.8000000000000114,-2.299999999999983,-3.200000000000017,-24.0,-5.299999999999997,-4.200000000000003,-0.700000000000017,0.6999999999999886,-3.1000000000000227,0.20000000000004547,-1.5,-0.29999999999999716,0.09999999999999432,-0.8000000000000114,-1.0,-0.6999999999999886,-0.1319999999999908,-0.07400000000001228,-0.9050000000000011,-0.19700000000000273,0.019999999999999574,0.04999999999999716,-0.019999999999999574,6189.460000000021,6020.959999999963,15.529400000000123
2003-05-01,88.76699999999983,76.29999999999927,0.23799999999999955,9388.0,810.0,-0.03109999999999502,0.017899999999997362,-0.16049999999999898,-0.2972999999999928,0.051400000000001,105.9206,-0.059600000000003206,-0.08780000000000143,0.6820999999999913,105.8442,0.03459999999999752,1.4558999999999997,-0.47469999999999857,73.4852,181.0,0.367198839,26.0,-89.0,6.1,-0.3999999999999986,194.0,-30.0,-30.0,-32.0,2.0,424000,24.0,-29.0,2.5,17.0,-50.0,-34.0,-16.0,53.0,-21.0,-6.199999999999818,-8.5,17.0,-28.0,39.8,4.1,40.2,1751,4.0,37.0,796,444,1835.0,5.0,4.0,820.0,480.0,2195.0,1016.0,-5071.0,-0.009999999999999787,8.099999999999909,22.700000000000728,38.0,4.100000000000023,0.5999999999999943,0.6000000000000014,-11.330600000000004,24.45239999999967,10450.419999999925,0.2847725999999966,45.930000000000064,-0.09111924800000004,32.22487477,0.0,-0.030000000000000027,-0.05999999999999983,-0.05999999999999983,-0.09000000000000008,-0.41000000000000014,-0.3900000000000001,-0.5200000000000005,-0.46999999999999975,-0.06,-0.19,-0.18,-0.08,1.26,2.31,3.96,5.12,-0.06720000000000015,-2.5268999999999977,0.04849999999999999,-0.07420000000000004,-0.29999999999998295,-0.4000000000000057,-0.6999999999999886,1.700000000000017,-0.10999999999999943,2.1000000000000085,-0.29999999999998295,0.10000000000000853,-3.299999999999983,0.5999999999999659,-1.6999999999999886,-0.29999999999999716,0.9000000000000057,-0.4000000000000057,-0.9000000000000057,-0.4000000000000057,-0.08899999999999864,-0.4560000000000173,-0.9549999999999983,0.12700000000000955,0.060000000000002274,0.05000000000000071,0.06999999999999851,3166.5199999999895,-988.2299999999814,31.107099999999946
2003-06-01,39.54100000000108,32.70000000000073,0.39800000000001035,10109.0,3216.0,0.11959999999999127,0.11410000000000764,0.2219000000000051,0.19309999999998695,1.0096999999999952,105.7676,0.2921000000000049,0.12869999999999493,0.6163000000000096,105.7983,0.4276000000000124,-5.2819999999999965,-0.7454000000000036,73.8369,101.0,0.365853659,556.0,246.0,6.3,0.8999999999999986,-82.0,114.0,234.0,64.0,171.0,421750,-11.0,-46.0,0.8000000000000114,17.0,-65.0,-40.0,-25.0,35.0,-38.0,-11.0,-14.800000000001091,-4.0,39.0,39.8,4.1,40.3,1867,12.0,0.0,830,514,1875.0,-6.0,29.0,859.0,458.0,1965.0,1976.0,-3131.0,-0.020000000000000018,-6.599999999999909,-22.900000000000546,16.59999999999991,1.2999999999999545,0.20000000000000284,0.19999999999999574,-6.685600000000022,18.941200000000208,5655.760000000009,0.01748290000000452,52.039999999999964,-0.09277895999999997,33.35335809,-0.040000000000000036,-0.17999999999999994,-0.15000000000000002,-0.16000000000000003,-0.16999999999999993,-0.25,-0.23999999999999977,-0.25,-0.1899999999999995,-0.2,-0.3,-0.3,-0.21,1.05,2.11,3.75,4.97,0.008500000000000174,0.9608999999999952,0.03849999999999998,-0.03149999999999986,0.799999999999983,1.0999999999999943,0.6999999999999886,5.599999999999994,2.5799999999999983,-1.1000000000000085,0.19999999999998863,0.8999999999999915,0.19999999999998863,-0.2999999999999545,0.29999999999998295,0.19999999999998863,0.19999999999998863,0.09999999999999432,0.4000000000000057,0.19999999999998863,0.08399999999998897,0.30500000000003524,0.2670000000000101,-0.16500000000000625,0.03999999999999915,0.030000000000001137,-0.029999999999997584,5062.2300000000105,2032.0100000000093,29.02189999999996
2003-07-01,10.995999999999185,7.100000000000364,0.3369999999999891,8285.0,3121.0,0.4673000000000087,0.6522999999999968,0.7852999999999923,1.040200000000013,2.481800000000007,106.194,0.36070000000000846,0.257000000000005,0.4106999999999914,105.4597,0.30859999999999843,4.2303,0.4427000000000021,74.0933,-409.0,0.330817889,-571.0,-316.0,6.2,-0.1999999999999993,-186.0,-129.0,81.0,208.0,-128.0,411500,-1.0,-79.0,0.8999999999999773,12.0,-90.0,-58.0,-32.0,78.0,-28.0,-8.300000000000182,-11.899999999999636,12.0,27.0,39.6,4.0,40.1,1897,25.0,28.0,870,451,1885.0,13.0,-11.0,845.0,480.0,-187.0,-1278.0,-2414.0,-0.020000000000000018,-5.7000000000000455,10.100000000000364,14.900000000000091,2.6000000000000227,1.6000000000000014,1.6000000000000014,3.9717999999999165,26.577600000000075,6222.209999999963,0.14208669999999302,4.539999999999964,0.006619034000000079,32.80161363,-0.20999999999999996,0.010000000000000009,-0.020000000000000018,0.029999999999999916,0.1100000000000001,0.6000000000000001,0.6499999999999999,0.5200000000000005,0.4299999999999997,0.02,-0.11,-0.06,0.11,1.86,2.97,4.48,5.61,0.04149999999999987,0.3669000000000011,-0.038799999999999946,0.02960000000000007,0.10000000000002274,0.09999999999999432,0.20000000000001705,-3.5999999999999943,0.0400000000000027,0.7000000000000028,0.5999999999999943,-0.09999999999999432,1.0999999999999943,0.3999999999999204,0.6000000000000227,0.0,0.6000000000000227,0.6000000000000227,0.5,0.5,0.22800000000000864,0.32499999999998863,0.47699999999998965,0.10200000000000387,0.029999999999997584,-0.030000000000001137,0.00999999999999801,19276.97,4804.609999999986,1.356999999999971
2003-08-01,19.266999999999825,16.0,0.6640000000000015,-451.0,5062.0,-0.19360000000000355,-0.3872999999999962,-0.5275000000000034,-0.855400000000003,-1.9251000000000005,105.7963,0.11529999999999063,0.032200000000003115,-0.22100000000000364,104.8243,-0.4368000000000052,1.194199999999995,0.5583000000000027,73.7685,209.0,0.35858813,-40.0,75.0,6.1,-0.5,81.0,9.0,-76.0,-100.0,23.0,400200,-31.0,-3.0,-0.6999999999999886,25.0,-27.0,-17.0,-10.0,-28.0,21.0,-7.199999999999818,27.100000000000364,1.0,-77.0,39.8,4.1,40.2,1833,-34.0,10.0,851,430,1966.0,20.0,12.0,885.0,489.0,-276.0,2610.0,-6708.0,-0.010000000000000009,2.400000000000091,10.900000000000546,17.09999999999991,3.2999999999999545,2.5,2.299999999999997,-11.741699999999923,43.2837999999997,7124.199999999953,0.08182329999999638,-3.009999999999991,0.01914667399999992,31.92178083,0.020000000000000018,0.030000000000000027,0.04999999999999993,0.08000000000000007,0.18999999999999995,0.5,0.4700000000000002,0.3899999999999997,0.3899999999999997,0.03,-0.08,0.0,0.28,2.34,3.42,4.85,5.98,0.020000000000000018,-0.03349999999998943,-0.028200000000000003,0.01419999999999999,0.8999999999999773,1.1000000000000227,0.5999999999999943,-1.0999999999999943,0.8299999999999983,2.0,0.8000000000000114,-0.7999999999999972,2.5,-0.3999999999999204,1.0999999999999943,1.4210854715202004e-14,0.39999999999997726,0.799999999999983,1.0,0.8000000000000114,0.262999999999991,-0.3790000000000191,0.8029999999999973,-0.006000000000000227,0.030000000000001137,0.05000000000000071,-0.019999999999999574,6711.159999999974,9637.410000000033,-29.213600000000042
2003-09-01,17.813000000000102,18.19999999999891,-0.21999999999999886,4465.0,-1876.0,0.5885999999999996,0.6165999999999912,0.8338999999999999,0.8646999999999991,2.578099999999992,105.9481,0.8729000000000013,0.5636999999999972,0.859800000000007,105.8715,0.7926000000000073,-0.7379999999999995,0.8329999999999984,74.406,-99.0,0.34648582,85.0,60.0,6.1,0.3000000000000007,-97.0,150.0,-71.0,-89.0,19.0,395500,100.0,-7.0,-0.30000000000001137,23.0,-30.0,-14.0,-16.0,107.0,38.0,-1.800000000000182,30.899999999999636,-2.0,-52.0,39.9,4.2,40.5,1939,34.0,31.0,870,452,1961.0,-23.0,5.0,892.0,495.0,5646.0,2128.0,3942.0,-0.010000000000000009,-8.100000000000136,-85.30000000000109,-25.5,0.20000000000004547,-1.7000000000000028,-1.5,-9.787000000000035,13.913000000000011,8248.930000000168,0.24754010000000903,29.910000000000082,-0.03504134099999989,32.11769933,-0.020000000000000018,0.0,-0.010000000000000009,-0.020000000000000018,-0.07000000000000006,-0.18999999999999995,-0.1800000000000006,-0.16000000000000014,-0.21999999999999975,0.05,-0.07,0.0,0.23,2.17,3.26,4.71,5.78,-0.006799999999999917,-3.862400000000008,0.02159999999999984,-0.03290000000000015,0.30000000000001137,0.29999999999998295,-0.09999999999999432,3.5999999999999943,-3.3000000000000007,0.29999999999999716,0.5999999999999943,0.4000000000000057,1.700000000000017,0.5999999999999659,0.6999999999999886,-0.6000000000000085,0.6000000000000227,0.700000000000017,0.700000000000017,0.5999999999999943,0.24399999999999977,0.23500000000001364,0.6060000000000088,0.006999999999990791,0.03999999999999915,0.030000000000001137,0.030000000000001137,7883.810000000027,47003.23999999999,-3.341699999999946
2003-10-01,46.83499999999913,56.400000000001455,0.12199999999999989,2605.0,-1124.0,0.12300000000000466,-0.24549999999999272,-0.5120999999999896,-0.6953000000000031,-0.6992999999999938,105.2668,-0.17379999999999995,0.5532000000000039,0.9615000000000009,105.9207,0.11249999999999716,-1.6828000000000003,0.2483000000000004,74.5169,214.0,0.3784929,186.0,375.0,6.0,-0.1999999999999993,6.0,-182.0,-35.0,20.0,-55.0,382000,187.0,-7.0,2.6999999999999886,1.0,-12.0,0.0,-12.0,194.0,24.0,-0.6000000000003638,15.800000000001091,-10.0,54.0,40.0,4.3,40.6,1967,-35.0,-47.0,914,518,2012.0,19.0,-15.0,907.0,527.0,5014.0,7625.0,6169.0,0.010000000000000009,-0.20000000000004547,17.700000000000728,-1.699999999999818,3.699999999999932,-1.2999999999999972,-1.2999999999999972,-12.92070000000001,-22.609799999999723,8911.039999999804,0.3954907000000105,19.289999999999964,-0.00454900299999994,32.09984192,0.0,0.0,-0.019999999999999907,-0.010000000000000009,0.010000000000000009,0.009999999999999787,0.020000000000000462,-0.019999999999999574,-0.05999999999999961,0.05,-0.09,-0.01,0.24,2.18,3.28,4.69,5.72,-0.052100000000000035,-5.30449999999999,0.06370000000000009,-0.04129999999999989,0.8000000000000114,1.0,0.39999999999997726,3.799999999999983,2.039999999999999,4.700000000000003,-0.19999999999998863,0.0999999999999801,-2.4000000000000057,-0.9000000000000341,-1.0,0.29999999999999716,0.5999999999999943,-0.30000000000001137,-0.5,-0.19999999999998863,0.010000000000005116,-0.11299999999999955,-0.4900000000000091,0.020000000000010232,-0.00999999999999801,-0.030000000000001137,-0.05000000000000071,3056.7399999999907,9673.339999999967,12.228399999999965
2003-11-01,70.90800000000127,73.39999999999964,0.4339999999999975,4272.0,3718.0,0.6215999999999866,0.7998000000000047,0.8362999999999943,0.7216999999999985,1.303600000000003,105.7503,1.2916000000000025,0.42269999999999186,1.1225999999999914,106.1668,0.82289999999999,0.6602000000000032,0.08549999999999613,75.1849,19.0,0.387593284,284.0,440.0,5.8,0.5999999999999979,-54.0,-84.0,-31.0,-78.0,47.0,363000,41.0,-4.0,1.400000000000034,12.0,-18.0,6.0,-24.0,45.0,-17.0,1.300000000000182,-20.700000000000728,-7.0,-23.0,40.2,4.5,40.9,2083,37.0,53.0,904,554,1918.0,-10.0,15.0,845.0,490.0,-2019.0,4168.0,2004.0,-0.010000000000000009,0.7000000000000455,15.199999999999818,1.199999999999818,5.800000000000068,-0.5,-0.3999999999999986,-5.201900000000023,-10.925000000000182,1432.2600000000093,-0.7977993000000083,11.170000000000073,0.008133938999999923,31.54614815,-0.010000000000000009,0.020000000000000018,0.010000000000000009,0.020000000000000018,0.09000000000000008,0.10000000000000009,0.009999999999999787,-0.04999999999999982,-0.07000000000000028,0.08,-0.07,0.02,0.34,2.29,3.3,4.65,5.66,0.009600000000000053,-0.3177000000000021,0.010499999999999954,-0.009100000000000108,-0.20000000000001705,-0.29999999999998295,0.0,-0.29999999999998295,0.7600000000000016,3.200000000000003,0.09999999999999432,-0.4999999999999858,-0.5999999999999943,0.4000000000000341,0.0,0.29999999999999716,0.19999999999998863,-0.09999999999999432,0.0,0.09999999999999432,0.09900000000000375,0.12599999999999056,0.04800000000000182,-0.054000000000002046,0.05000000000000071,0.019999999999999574,0.07000000000000028,-1942.3600000000151,183.9200000000419,21.01240000000007
2003-12-01,4.60399999999936,-9.300000000001091,0.10000000000000853,-3136.0,-1120.0,0.046700000000001296,-0.05360000000000298,-0.036100000000004684,0.1377999999999986,-0.10950000000001125,105.9929,-0.13509999999999422,0.1634999999999991,0.12690000000000623,106.166,-0.07450000000000045,2.531000000000006,0.3498000000000019,75.1529,90.0,0.41048455,-271.0,-13.0,5.7,-0.09999999999999787,-102.0,-54.0,-54.0,21.0,-75.0,358250,108.0,13.0,0.8999999999999773,31.0,-17.0,-4.0,-13.0,95.0,-9.0,11.300000000000182,-6.200000000000728,-7.0,11.0,39.9,4.5,40.7,2057,-21.0,-40.0,973,520,1987.0,10.0,-23.0,926.0,491.0,-172.0,5548.0,2687.0,0.0,5.800000000000182,-7.199999999999818,-9.799999999999727,8.799999999999955,0.3999999999999986,0.29999999999999716,1.8658000000000357,6.982500000000073,7710.209999999963,0.4480523000000005,30.74000000000001,-0.021717412999999963,31.21948708,-0.020000000000000018,-0.010000000000000009,-0.030000000000000027,-0.030000000000000027,-0.030000000000000027,-0.020000000000000018,-0.03000000000000025,-0.03000000000000025,-0.0600000000000005,0.09,-0.08,0.01,0.33,2.29,3.29,4.64,5.62,-0.06750000000000012,-1.440100000000001,0.061900000000000066,-0.00019999999999997797,0.5,0.799999999999983,0.8000000000000114,4.5,1.0599999999999987,3.5,0.5,-0.29999999999999716,0.5,0.6000000000000227,0.5,0.20000000000001705,0.4000000000000057,0.4000000000000057,0.5,0.4000000000000057,0.17300000000000182,0.06700000000000728,0.3780000000000001,-0.006000000000000227,0.019999999999999574,0.010000000000001563,-0.05000000000000071,2990.040000000008,6580.5599999999395,20.17619999999988
2004-01-01,-23.985999999998967,-33.79999999999927,0.2469999999999999,-5515.0,1847.0,0.1536000000000115,0.18120000000000402,0.16800000000000637,0.34950000000000614,1.1293000000000006,106.0327,0.15379999999998972,0.1238000000000028,0.019099999999994566,105.8699,-0.07399999999999807,4.200699999999998,-0.008899999999997021,75.122,10.0,0.409080048,113.0,61.0,5.7,0.09999999999999787,131.0,-86.0,-2.0,18.0,-20.0,360200,167.0,13.0,1.5,21.0,-8.0,7.0,-15.0,154.0,89.0,12.599999999999454,46.80000000000109,2.0,-8.0,40.1,4.5,40.9,1911,-21.0,-55.0,910,513,1952.0,-9.0,-8.0,898.0,501.0,-2817.0,3763.0,573.0,0.0,-7.300000000000182,9.899999999999636,-9.700000000000273,-3.0,2.5,2.5,-6.533699999999953,18.40169999999989,8468.160000000149,0.6125623000000076,51.87999999999988,-0.0551751250000001,31.01860185,0.020000000000000018,-0.030000000000000027,-0.020000000000000018,-0.020000000000000018,-0.07000000000000006,-0.1499999999999999,-0.11999999999999922,-0.08000000000000007,-0.15999999999999925,0.04,-0.12,-0.03,0.24,2.12,3.15,4.54,5.44,-0.02519999999999989,-1.4692000000000007,0.07389999999999985,-0.016999999999999904,0.8000000000000114,1.0,1.5999999999999943,6.299999999999983,2.1200000000000045,6.0,0.8000000000000114,0.4999999999999858,2.4000000000000057,-0.8000000000000114,0.9000000000000057,0.0999999999999801,0.6999999999999886,1.0,0.8999999999999773,0.799999999999983,0.30400000000000205,0.39000000000000057,0.5560000000000116,0.08599999999999852,0.03999999999999915,0.07000000000000028,0.009999999999999787,3297.640000000014,3802.280000000028,-5.264199999999846
2004-02-01,16.22899999999936,2.100000000000364,0.15500000000000114,8532.0,2139.0,0.5726999999999975,0.7036999999999978,0.7347999999999928,0.5489000000000033,-0.18549999999999045,106.8749,1.0123000000000104,0.42839999999999634,0.9608000000000061,106.203,0.7370999999999981,1.036999999999992,0.3481999999999914,75.7268,108.0,0.432472144,-133.0,70.0,5.6,0.20000000000000284,-260.0,67.0,-116.0,-61.0,-55.0,360750,64.0,-21.0,2.3000000000000114,-10.0,-12.0,2.0,-14.0,85.0,8.0,6.300000000000182,-1.7000000000007276,0.0,12.0,40.2,4.5,41.0,1846,24.0,-5.0,866,473,1966.0,-4.0,-11.0,913.0,515.0,2966.0,4586.0,10377.0,0.0,15.600000000000136,31.5,14.300000000000182,-1.1000000000000227,-1.6000000000000014,-1.6000000000000014,-2.3951000000000704,26.54870000000028,5407.550000000047,0.08791320000000269,10.839999999999918,0.0036331760000001267,29.73708445,0.010000000000000009,-0.010000000000000009,0.050000000000000044,0.020000000000000018,0.0,-0.050000000000000266,-0.07000000000000028,-0.040000000000000036,-0.17000000000000082,0.02,-0.08,-0.02,0.23,2.06,3.07,4.49,5.26,0.005699999999999816,0.439399999999992,0.04180000000000006,0.03410000000000002,-0.09999999999999432,0.0,1.200000000000017,2.1000000000000227,0.46999999999999886,8.700000000000003,0.39999999999997726,0.10000000000000853,0.8999999999999773,0.5999999999999659,0.5999999999999943,0.20000000000001705,0.4000000000000057,0.39999999999997726,0.700000000000017,0.4000000000000057,0.16799999999999216,-0.06399999999999295,0.269999999999996,-0.09700000000000841,0.05000000000000071,0.08999999999999986,1.7763568394002505e-15,3535.6600000000035,-2018.219999999972,54.815599999999904
2004-03-01,44.659999999999854,39.100000000000364,0.4369999999999976,26036.0,5519.0,-0.3627000000000038,-0.5904000000000025,-0.6466999999999956,-1.0057000000000045,-0.8768000000000029,105.8342,-0.08050000000000068,-0.10660000000000025,0.38009999999999877,106.0299,-0.0274999999999892,-9.4983,1.5899,75.7333,-7.0,0.415145448,235.0,-89.0,5.8,-0.3000000000000007,212.0,-2.0,66.0,-61.0,127.0,342000,319.0,65.0,5.100000000000023,49.0,8.0,8.0,0.0,254.0,72.0,7.0,48.20000000000073,7.0,38.0,40.2,4.6,40.9,1998,-3.0,44.0,917,533,2066.0,20.0,25.0,949.0,534.0,9207.0,7757.0,9355.0,-0.030000000000000027,-8.100000000000136,-3.5999999999994543,12.300000000000182,1.5,0.30000000000000426,0.30000000000000426,-4.974499999999921,36.98189999999977,8649.75,0.18559419999999704,-19.37999999999988,0.04554175699999985,27.78107078,-0.010000000000000009,0.0,0.009999999999999898,0.0,-0.050000000000000044,-0.2799999999999998,-0.25,-0.16999999999999993,-0.15999999999999925,0.03,-0.06,-0.01,0.19,1.79,2.83,4.33,5.11,0.03300000000000014,1.8078000000000003,-0.0411999999999999,-0.0013000000000000789,0.39999999999997726,0.4000000000000057,0.5999999999999943,2.3999999999999773,2.019999999999996,2.799999999999983,0.4000000000000057,0.30000000000001137,0.10000000000002274,-0.0999999999999659,0.20000000000001705,-0.20000000000001705,0.700000000000017,0.4000000000000057,0.19999999999998863,0.4000000000000057,0.12199999999999989,-0.08200000000000784,0.20600000000000307,-0.03499999999998238,0.03999999999999915,-0.010000000000001563,0.0,2534.639999999985,1501.25,41.15409999999997
2004-04-01,39.97899999999936,36.0,-0.06300000000000239,-12092.0,-3400.0,0.35890000000000555,0.4159999999999968,0.44370000000000687,0.6320999999999941,0.007800000000003138,106.7104,0.09919999999999618,0.2968000000000046,-0.001300000000000523,106.6468,0.3166999999999973,1.8515000000000015,-0.4088999999999885,76.0074,-14.0,0.429742962,-94.0,227.0,5.6,-0.1999999999999993,143.0,-34.0,-343.0,-165.0,-178.0,348250,273.0,44.0,2.5,14.0,28.0,26.0,2.0,229.0,34.0,21.0,20.0,12.0,26.0,39.8,4.5,40.7,2003,11.0,15.0,965,464,2070.0,-7.0,4.0,952.0,538.0,-6501.0,4636.0,7970.0,0.020000000000000018,-3.2000000000000455,5.0,16.699999999999818,4.400000000000091,1.8999999999999986,1.8999999999999986,-4.835500000000025,53.53150000000005,5533.520000000019,-0.12665610000001948,9.379999999999882,0.0037896370000001234,26.75768081,0.0,0.030000000000000027,0.0,0.10000000000000009,0.24,0.6000000000000001,0.5199999999999996,0.40000000000000036,0.34999999999999964,0.06,-0.06,0.09,0.43,2.39,3.35,4.73,5.46,0.019099999999999895,-0.8592999999999904,-0.02300000000000013,0.013400000000000079,1.0,1.1999999999999886,1.6999999999999886,3.0,-0.07000000000000028,1.0,0.30000000000001137,-0.10000000000002274,-1.0,0.0,-0.30000000000001137,1.4210854715202004e-14,0.5999999999999943,0.20000000000001705,-0.09999999999999432,0.19999999999998863,0.14700000000000557,0.04999999999999716,-0.132000000000005,0.1319999999999908,0.019999999999999574,0.019999999999999574,0.01999999999999602,1196.1300000000047,5893.540000000037,-1.1346999999998388
2004-05-01,65.56800000000112,65.59999999999854,0.40500000000000114,3127.0,5452.0,0.6888000000000005,0.6240999999999985,0.5374999999999943,0.45170000000000243,-0.8121000000000009,107.6545,0.7370999999999981,0.7668000000000035,0.8451000000000022,107.543,0.7017999999999915,1.431200000000004,0.16959999999998843,76.5778,199.0,0.451777886,215.0,172.0,5.6,0.1999999999999993,-57.0,-22.0,132.0,138.0,-6.0,336200,285.0,79.0,4.199999999999932,47.0,27.0,26.0,1.0,206.0,29.0,1.800000000000182,15.0,18.0,0.0,40.2,4.6,41.1,1981,0.0,-34.0,876,565,2150.0,2.0,-10.0,1022.0,556.0,-909.0,3883.0,7091.0,-0.010000000000000009,-3.599999999999909,35.69999999999891,26.699999999999818,3.7999999999999545,0.19999999999999574,0.20000000000000284,-1.9437000000000353,40.720400000000154,5589.139999999898,-0.5852168999999776,-30.579999999999927,0.06209401299999984,24.86062783,0.0,0.09999999999999987,0.08000000000000007,0.21999999999999997,0.3500000000000001,0.45999999999999996,0.3700000000000001,0.3099999999999996,0.29000000000000004,0.16,0.02,0.31,0.78,2.85,3.72,5.04,5.75,-0.0129999999999999,4.539599999999993,-0.017099999999999893,0.03689999999999993,1.200000000000017,1.5,1.5999999999999943,4.400000000000006,3.5900000000000034,-4.099999999999994,0.799999999999983,0.10000000000002274,1.799999999999983,-0.5,1.1999999999999886,0.09999999999999432,0.5,0.799999999999983,1.0,0.8000000000000114,0.25799999999999557,-0.2259999999999991,0.7669999999999959,-0.09199999999999875,0.019999999999999574,0.019999999999999574,-0.039999999999995595,6354.559999999969,9493.389999999898,-18.53150000000005
2004-06-01,12.489999999999782,13.800000000001091,-0.39700000000000557,-1047.0,-4006.0,-0.7194000000000074,-0.816599999999994,-1.0275999999999925,-1.4706000000000046,-2.302900000000008,106.5233,-0.08190000000000452,-0.6166000000000054,-0.30330000000000723,107.3829,-0.6477999999999895,-0.2797000000000054,0.120900000000006,76.0825,-373.0,0.402727492,395.0,322.0,5.6,0.6999999999999993,-46.0,9.0,27.0,-20.0,48.0,349000,97.0,6.0,0.6000000000000227,14.0,-8.0,7.0,-15.0,91.0,41.0,3.800000000000182,23.799999999999272,1.0,-13.0,39.9,4.6,40.8,1828,-16.0,-47.0,878,473,2020.0,5.0,-20.0,931.0,532.0,2181.0,4434.0,12237.0,0.020000000000000018,8.900000000000091,-74.59999999999854,-11.199999999999818,5.7000000000000455,-0.5999999999999943,-0.7000000000000028,6.30740000000003,25.50769999999966,5507.689999999944,0.03259959999999751,29.980000000000018,-0.027107890999999995,24.50660907,0.030000000000000027,0.22999999999999998,0.25,0.29000000000000004,0.3400000000000001,0.08000000000000007,0.010000000000000675,-0.03000000000000025,0.03000000000000025,0.36,0.24,0.57,1.09,2.9,3.7,4.98,5.75,-0.033600000000000074,-2.7623999999999995,0.04190000000000005,-0.02110000000000012,0.0,-0.19999999999998863,0.5,0.9000000000000057,-2.259999999999998,-0.09999999999999432,0.700000000000017,-1.4210854715202004e-14,1.200000000000017,0.39999999999997726,0.700000000000017,-0.20000000000000284,0.799999999999983,0.700000000000017,0.6999999999999886,0.6999999999999886,0.22700000000000387,0.10999999999999943,0.44899999999999807,0.04099999999999682,0.019999999999999574,-0.029999999999997584,0.029999999999997584,27.44000000000233,6155.020000000019,8.090099999999893
2004-07-01,44.22600000000057,54.19999999999891,0.6760000000000019,1662.0,3591.0,0.6851000000000056,0.7603000000000009,0.7574999999999932,0.31980000000000075,0.4572000000000003,106.7898,1.5730000000000075,0.6043999999999983,0.491800000000012,108.4892,0.8566000000000003,-2.3964,0.8947000000000003,76.7549,477.0,0.468780728,232.0,382.0,5.5,-1.6999999999999993,143.0,-3.0,-212.0,-47.0,-166.0,343000,59.0,15.0,3.8999999999999773,15.0,-3.0,2.0,-5.0,44.0,0.0,8.099999999999454,-16.100000000000364,-17.0,5.0,40.1,4.6,40.8,2002,20.0,38.0,904,563,2112.0,-9.0,13.0,986.0,565.0,1195.0,7829.0,11647.0,0.0,-11.300000000000182,10.99999999999909,3.5,6.599999999999909,1.0999999999999943,1.0,8.741700000000037,3.5679000000000087,2747.6400000001304,-0.32618110000001366,-26.910000000000082,0.056836893000000055,23.10941173,0.22999999999999998,0.1200000000000001,0.06000000000000005,0.05999999999999983,-0.020000000000000018,-0.2400000000000002,-0.23000000000000043,-0.1899999999999995,-0.16000000000000014,0.25,0.07,0.4,0.84,2.43,3.24,4.56,5.36,-0.005099999999999882,0.05349999999999966,0.015900000000000025,-0.03529999999999989,-0.20000000000001705,-0.19999999999998863,0.700000000000017,-0.19999999999998863,2.6699999999999946,4.400000000000006,0.19999999999998863,-0.5,-0.5,-0.19999999999998863,-0.30000000000001137,0.0,0.5,0.09999999999999432,0.10000000000002274,0.10000000000002274,0.07399999999999807,-0.3429999999999893,-0.125,0.0,0.020000000000003126,0.00999999999999801,-0.029999999999997584,4285.559999999998,5239.030000000028,0.25060000000007676
2004-08-01,50.07499999999891,28.0,0.28700000000000614,9783.0,428.0,0.07989999999999498,0.18909999999999627,0.23220000000000596,0.45580000000001064,0.8007000000000062,107.1111,-0.285499999999999,-0.04370000000000118,0.6025999999999954,109.198,0.4538000000000011,-2.638300000000001,0.6723999999999961,77.0981,-273.0,0.443178974,-128.0,17.0,5.4,0.0,-160.0,179.0,-72.0,-31.0,-41.0,340750,87.0,41.0,1.400000000000091,26.0,14.0,28.0,-14.0,46.0,12.0,8.100000000000364,0.8000000000010914,8.0,20.0,40.1,4.5,40.8,2024,18.0,15.0,917,539,2056.0,-18.0,21.0,958.0,534.0,-3107.0,231.0,10148.0,0.0,15.400000000000091,13.399999999999636,12.300000000000182,-0.09999999999990905,-1.0,-0.8999999999999986,5.0465999999998985,23.61920000000009,5417.629999999888,-0.06636409999998705,-16.909999999999854,0.04352316899999997,21.98877988,0.16999999999999993,0.1399999999999999,0.1499999999999999,0.06000000000000005,-0.08000000000000007,-0.21999999999999975,-0.21999999999999975,-0.16999999999999993,-0.16000000000000014,0.22,0.05,0.29,0.59,2.04,2.85,4.22,5.03,0.017099999999999893,0.7464999999999975,-0.023500000000000076,-0.009800000000000031,0.4000000000000057,0.29999999999998295,1.5,0.39999999999997726,4.25,-0.8000000000000114,0.09999999999999432,-0.5,-0.20000000000001705,0.0,-0.19999999999998863,-0.09999999999999432,0.5,0.19999999999998863,0.09999999999999432,0.09999999999999432,0.04099999999999682,-0.23400000000000887,-0.05099999999998772,-0.04099999999999682,0.04999999999999716,0.019999999999999574,0.06999999999999673,7176.090000000026,7461.969999999972,1.5383999999999105
2004-09-01,15.484000000000378,17.600000000000364,0.5030000000000001,4660.0,5592.0,0.10519999999999641,-0.015699999999995384,0.10999999999999943,-0.06900000000000261,-0.6115000000000066,107.2466,0.24169999999999447,0.23850000000000193,0.3452000000000055,109.4691,0.01089999999999236,3.1385000000000076,-2.427899999999994,77.0778,280.0,0.482023464,-149.0,-86.0,5.4,0.5999999999999979,98.0,-287.0,64.0,3.0,62.0,337250,151.0,15.0,1.5,26.0,-13.0,-6.0,-7.0,136.0,50.0,13.199999999999818,24.600000000000364,13.0,9.0,40.1,4.6,40.7,1905,-45.0,-21.0,907,496,2041.0,20.0,-1.0,931.0,527.0,4716.0,4475.0,4.0,-0.010000000000000009,-5.2999999999999545,7.800000000001091,7.5,5.0,0.7000000000000028,0.6000000000000014,3.8292000000000144,29.052900000000136,10089.020000000019,0.5679013999999825,28.720000000000027,-0.02807125499999996,21.82326585,0.18000000000000016,0.16000000000000014,0.16999999999999993,0.15000000000000013,0.10000000000000009,-0.11000000000000032,-0.15000000000000036,-0.1900000000000004,-0.1900000000000004,0.2,0.04,0.26,0.51,1.75,2.52,3.85,4.66,0.0005999999999999339,-0.14220000000000255,-0.026599999999999957,-0.024599999999999955,0.20000000000001705,0.20000000000001705,0.4000000000000057,-7.699999999999989,1.0100000000000051,0.8000000000000114,0.6000000000000227,0.4000000000000057,1.3000000000000114,0.0999999999999659,0.5,0.8999999999999915,0.5,0.700000000000017,0.5,0.5,0.15800000000000125,0.6880000000000024,0.20199999999999818,0.006000000000000227,0.08000000000000185,0.019999999999999574,0.020000000000003126,9912.349999999977,11187.430000000051,18.737800000000107
2004-10-01,6.716000000000349,8.100000000000364,0.1839999999999975,2415.0,2171.0,0.8342000000000098,0.8716999999999899,0.8751999999999924,1.0649999999999977,2.2254999999999967,107.8676,0.6141999999999967,0.7955000000000041,1.0228999999999928,110.3478,0.9099999999999966,1.1128999999999962,3.3654999999999973,77.7436,122.0,0.489145267,378.0,245.0,5.5,0.10000000000000142,-26.0,27.0,131.0,95.0,35.0,334000,340.0,46.0,-1.6000000000000227,48.0,0.0,11.0,-11.0,294.0,38.0,3.5,28.0,-5.0,21.0,39.9,4.5,40.6,2072,20.0,47.0,960,543,2097.0,-17.0,-15.0,1020.0,526.0,-3257.0,-89.0,7885.0,-0.010000000000000009,-8.400000000000091,-6.800000000001091,-3.0,1.6999999999999318,-0.7999999999999972,-0.7000000000000028,2.491100000000074,29.21160000000009,13510.370000000112,0.6806248000000039,-0.4500000000000455,0.009044644000000046,21.075693,0.1499999999999999,0.15999999999999992,0.1100000000000001,0.1299999999999999,0.10999999999999988,-0.009999999999999787,-0.03000000000000025,0.009999999999999787,-0.05999999999999961,0.21,0.0,0.24,0.47,1.59,2.34,3.71,4.45,-0.029899999999999816,-1.3078999999999894,0.014000000000000012,-0.041200000000000125,2.3999999999999773,3.0999999999999943,1.799999999999983,7.0,7.18,8.900000000000006,1.0,0.5999999999999943,3.299999999999983,5.684341886080802e-14,1.799999999999983,-0.19999999999998863,0.4000000000000057,1.0,1.299999999999983,1.0,0.3439999999999941,0.27899999999999636,1.0609999999999928,-0.03200000000001069,0.00999999999999801,0.05000000000000071,-0.13000000000000256,5870.090000000026,10700.709999999963,0.9822999999998956
2004-11-01,-33.41700000000128,-33.5,0.14100000000000534,2092.0,1096.0,0.23199999999999932,-0.027899999999988268,-0.10970000000000368,-0.14759999999999707,-1.4427999999999912,108.1975,-0.27649999999999864,0.5190999999999946,0.29420000000000357,110.7092,-0.002899999999996794,1.472999999999999,-0.35200000000000387,77.6761,-471.0,0.437720625,369.0,499.0,5.4,0.1999999999999993,-94.0,36.0,-81.0,-46.0,-35.0,328750,73.0,-8.0,4.5,14.0,-26.0,-10.0,-16.0,81.0,19.0,2.0,21.099999999998545,2.0,36.0,39.9,4.4,40.5,1782,-13.0,-82.0,841,467,2079.0,20.0,-25.0,948.0,585.0,7358.0,6822.0,13676.0,0.010000000000000009,12.100000000000136,-0.9999999999990905,-1.900000000000091,6.600000000000023,-0.10000000000000142,-0.10000000000000142,8.275800000000004,30.26989999999978,6538.529999999795,0.4798998999999924,51.73000000000002,-0.06827987399999991,21.54136603,0.16999999999999993,0.2300000000000002,0.30999999999999983,0.27,0.27,0.17999999999999972,0.09000000000000075,0.04999999999999982,-0.009999999999999787,0.27,0.14,0.34,0.57,1.6,2.26,3.59,4.27,-0.061900000000000066,-4.084500000000006,0.052999999999999936,-0.05009999999999981,0.9000000000000057,1.1999999999999886,1.3000000000000114,11.699999999999989,-4.670000000000002,-0.700000000000017,0.8999999999999773,0.0,2.4000000000000057,-0.4000000000000341,1.1000000000000227,0.0,0.8000000000000114,1.0,1.200000000000017,1.0,0.3100000000000023,-0.2469999999999999,0.5760000000000076,0.1290000000000191,0.030000000000001137,0.0,0.07000000000000028,3820.75,6362.109999999986,-1.2439999999999145
2004-12-01,425.59000000000015,407.7000000000007,0.5159999999999911,17858.0,4038.0,0.7399999999999949,0.7572999999999865,0.8027000000000015,0.7698000000000036,1.0499999999999972,108.855,0.8536000000000001,0.7229000000000099,0.48689999999999145,111.6763,0.7553000000000054,0.8752000000000066,1.9141000000000048,78.1838,602.0,0.513486262,-103.0,-106.0,5.4,-0.3000000000000007,130.0,-71.0,-33.0,16.0,-49.0,325250,125.0,8.0,3.1000000000000227,26.0,-21.0,-5.0,-16.0,117.0,23.0,14.100000000000364,-7.699999999998909,16.0,1.0,40.1,4.5,40.6,2042,31.0,71.0,939,527,2082.0,-13.0,49.0,946.0,554.0,1033.0,3707.0,2986.0,-0.020000000000000018,-10.100000000000136,-8.400000000000546,9.5,5.7999999999999545,1.1999999999999957,1.3999999999999986,8.82039999999995,27.822599999999966,6132.610000000102,-3.9429858000000024,30.269999999999982,-0.033993507000000145,21.80086064,0.2300000000000002,0.17999999999999972,0.1200000000000001,0.16000000000000014,0.16999999999999993,0.07000000000000028,0.040000000000000036,-0.04999999999999982,-0.04999999999999982,0.22,0.03,0.27,0.51,1.44,2.07,3.31,3.99,-0.024599999999999955,-0.8885999999999967,0.06790000000000007,0.02210000000000001,-0.6999999999999886,-1.0999999999999943,-0.20000000000001705,-5.5,-5.130000000000003,2.5999999999999943,0.0,-1.0999999999999943,-0.5999999999999943,0.4000000000000341,-0.4000000000000057,-0.30000000000001137,0.4000000000000057,0.0,-0.09999999999999432,0.0,0.043000000000006366,0.0030000000000001137,-0.3760000000000048,-0.08500000000000796,0.019999999999999574,-0.03999999999999915,-0.00999999999999801,210.46999999997206,-7967.449999999953,25.15560000000005
2005-01-01,-355.4329999999991,-374.7000000000007,-0.16599999999999682,4208.0,-3178.0,0.3370000000000033,0.6754000000000104,0.5885000000000105,0.26559999999999206,-0.840999999999994,109.5158,1.3224000000000018,-0.036100000000004684,0.6206999999999994,111.7279,0.6336999999999904,0.1132999999999953,-0.970799999999997,78.5792,-270.0,0.488694759,-30.0,120.0,5.3,0.10000000000000142,-133.0,30.0,-76.0,-71.0,-5.0,343400,152.0,-45.0,5.099999999999909,-22.0,-28.0,-9.0,-19.0,197.0,27.0,-5.800000000000182,20.299999999999272,10.0,42.0,39.8,4.6,40.7,2144,-32.0,-47.0,1090,557,2139.0,7.0,-58.0,1051.0,557.0,1297.0,1395.0,10758.0,0.010000000000000009,-10.700000000000045,-11.899999999999636,5.099999999999909,-1.099999999999909,3.6000000000000014,3.6000000000000014,15.600500000000011,24.165500000000065,-552.1299999998882,3.4831878000000245,-17.799999999999955,0.04671395100000009,21.1685066,0.11999999999999966,0.18000000000000016,0.14000000000000012,0.17999999999999972,0.18999999999999995,0.10999999999999988,-0.010000000000000675,-0.10999999999999943,-0.13000000000000078,0.28,0.05,0.33,0.58,1.43,1.94,3.08,3.74,0.03269999999999995,-0.46940000000000737,-0.048900000000000166,0.005900000000000016,0.5,0.5,0.8000000000000114,-3.0,3.510000000000005,2.1000000000000227,-0.09999999999999432,1.2999999999999972,-2.0,-5.684341886080802e-14,-0.5999999999999943,0.10000000000000853,0.39999999999997726,-0.20000000000001705,-0.30000000000001137,-0.20000000000001705,0.10599999999999454,-0.25099999999999056,-0.49200000000000443,0.15499999999998693,0.0,-0.030000000000001137,0.00999999999999801,-7544.659999999974,915.3800000000047,66.04719999999998
2005-02-01,8.932999999999083,-5.299999999999272,0.3499999999999943,374.0,4330.0,0.6923999999999921,0.7150000000000034,0.8455000000000013,0.690100000000001,2.336100000000002,109.6051,0.8930000000000007,0.669399999999996,0.8308000000000106,112.5038,0.8579000000000008,-2.633200000000002,1.643500000000003,79.1297,161.0,0.496867168,335.0,140.0,5.4,-0.3999999999999986,114.0,47.0,45.0,65.0,-20.0,311750,252.0,76.0,4.0,58.0,15.0,21.0,-6.0,176.0,66.0,13.100000000000364,40.0,3.0,9.0,39.9,4.6,40.7,2207,37.0,112.0,996,565,2114.0,0.0,34.0,995.0,554.0,1600.0,4932.0,8799.0,0.0,12.900000000000091,1.800000000000182,-9.800000000000182,-2.300000000000068,-3.799999999999997,-3.799999999999997,9.950600000000009,29.114700000000084,15309.559999999823,1.0171853999999882,18.220000000000027,-0.0033790740000001485,21.12564344,0.2200000000000002,0.1499999999999999,0.20999999999999996,0.16000000000000014,0.16999999999999993,0.06000000000000005,-0.04999999999999982,-0.16000000000000014,-0.1999999999999993,0.21,0.04,0.27,0.53,1.27,1.67,2.7,3.32,0.012599999999999945,1.603200000000001,0.007400000000000073,0.01529999999999987,0.799999999999983,1.0999999999999943,1.0,-1.299999999999983,1.1299999999999955,4.299999999999983,0.8000000000000114,-0.7999999999999972,1.9000000000000057,0.4000000000000341,0.6999999999999886,-0.30000000000001137,0.700000000000017,0.9000000000000057,0.6999999999999886,0.700000000000017,0.22500000000000853,0.007999999999995566,0.45000000000000284,-0.12299999999997624,0.08000000000000185,0.08999999999999986,0.020000000000003126,775.9400000000023,2106.8099999999395,25.627899999999954
2005-03-01,42.26400000000103,41.099999999998545,0.12700000000000955,-7967.0,555.0,-0.13639999999999475,-0.2972000000000037,-0.2797000000000054,-0.5330000000000013,-2.023300000000006,109.6033,0.0075999999999964984,0.03719999999999857,-0.509200000000007,112.5672,-0.4860999999999933,4.743499999999997,-0.17010000000000502,78.6182,79.0,0.522683211,27.0,269.0,5.2,0.3999999999999986,-266.0,-17.0,-79.0,-111.0,32.0,332000,119.0,30.0,4.2000000000000455,28.0,-4.0,-6.0,2.0,89.0,19.0,10.599999999999454,1.5,-7.0,-4.0,39.8,4.5,40.4,1864,10.0,-135.0,855,488,2062.0,-14.0,-28.0,993.0,546.0,-9867.0,-2548.0,7846.0,0.010000000000000009,-4.199999999999818,1.1999999999989086,-7.299999999999727,0.6000000000000227,-0.7000000000000028,-0.7000000000000028,14.072300000000041,44.29269999999997,8107.800000000047,-0.07890430000000492,-4.730000000000018,0.028626625000000017,20.66019337,0.1299999999999999,0.20000000000000018,0.20000000000000018,0.22999999999999998,0.27,0.3999999999999999,0.33000000000000007,0.20000000000000018,0.23999999999999932,0.28,0.11,0.37,0.67,1.54,1.87,2.77,3.43,-0.016199999999999992,0.3101000000000056,0.017200000000000104,-0.02410000000000001,1.0,1.200000000000017,1.1999999999999886,7.599999999999994,6.340000000000003,4.5,0.6999999999999886,0.7999999999999972,0.799999999999983,-0.19999999999998863,0.4000000000000057,-0.0999999999999801,1.0999999999999943,0.8000000000000114,0.5,0.6999999999999886,0.242999999999995,0.08099999999998886,0.3439999999999941,0.04999999999998295,0.019999999999999574,0.060000000000002274,-0.060000000000002274,75.21999999997206,4115.609999999986,9.436899999999923
2005-04-01,43.13299999999981,31.80000000000109,0.5159999999999911,17525.0,3002.0,0.20019999999999527,0.555499999999995,0.3422999999999945,-0.013499999999993406,-1.0063999999999993,109.9362,1.0010000000000048,-0.1880999999999915,0.3474999999999966,112.0257,0.43609999999999616,-2.263799999999989,0.8584000000000032,78.8132,115.0,0.542101147,535.0,600.0,5.2,0.10000000000000142,205.0,-39.0,-139.0,-88.0,-51.0,323200,367.0,70.0,6.7000000000000455,85.0,-19.0,-5.0,-14.0,297.0,76.0,11.900000000000546,49.30000000000109,11.0,14.0,40.0,4.5,40.4,2061,-18.0,19.0,1037,502,2150.0,19.0,31.0,1025.0,552.0,8239.0,-745.0,5700.0,-0.020000000000000018,-12.300000000000182,4.300000000001091,-3.300000000000182,2.0,0.6000000000000014,0.5,12.833599999999933,30.638500000000022,6417.760000000009,-0.22710039999998344,-30.470000000000027,0.06434042299999998,19.8109529,0.16000000000000014,0.10999999999999988,0.03999999999999959,0.04999999999999982,0.020000000000000018,-0.16999999999999993,-0.16000000000000014,-0.07000000000000028,-0.009999999999999787,0.23,-0.01,0.26,0.53,1.21,1.55,2.54,3.26,0.01980000000000004,1.9394999999999953,-0.008200000000000207,0.01990000000000003,0.5,0.5999999999999943,0.6000000000000227,4.5,-1.2700000000000031,-0.4000000000000057,0.5999999999999943,-1.0999999999999943,1.1000000000000227,-0.30000000000001137,0.6999999999999886,0.0999999999999801,0.5,0.5,0.9000000000000057,0.5999999999999943,0.22799999999999443,0.023000000000010346,0.4510000000000076,-0.057999999999992724,0.05000000000000071,0.019999999999999574,0.019999999999999574,-2169.0899999999674,4063.8000000000466,-10.252700000000004
2005-05-01,56.5059999999994,54.29999999999927,-0.10899999999999466,-2251.0,-2061.0,0.09040000000000248,0.35259999999999536,0.4853999999999985,0.5260999999999996,0.04070000000000107,110.6241,0.7103999999999928,-0.19540000000000646,0.048799999999999955,111.3376,0.28520000000000323,-0.9525000000000006,-1.404600000000002,78.8801,-362.0,0.496274997,335.0,355.0,5.1,-1.0,66.0,-58.0,5.0,76.0,-71.0,327000,170.0,35.0,1.2999999999999545,28.0,6.0,13.0,-7.0,135.0,38.0,11.599999999999454,16.899999999999636,4.0,27.0,39.9,4.4,40.4,2025,-9.0,54.0,928,530,2085.0,4.0,-20.0,979.0,549.0,11776.0,13229.0,1602.0,0.010000000000000009,20.09999999999991,3.5999999999994543,10.599999999999909,0.8999999999999773,-0.20000000000000284,-0.19999999999999574,9.869699999999966,14.681099999999788,1482.9899999999907,-0.5369437000000232,13.849999999999909,-0.0008539819999999754,19.89862088,0.20999999999999996,0.1299999999999999,0.06000000000000005,0.03000000000000025,0.010000000000000231,-0.1499999999999999,-0.20000000000000018,-0.17999999999999972,-0.040000000000000036,0.15,-0.16,0.08,0.33,0.85,1.14,2.15,3.01,0.02180000000000004,-0.5985999999999905,-0.04019999999999979,0.019600000000000062,-0.29999999999998295,-0.5999999999999943,-0.700000000000017,-5.900000000000006,-3.210000000000001,-5.599999999999994,-0.09999999999999432,0.5999999999999943,-1.6000000000000227,0.10000000000002274,-0.5,0.30000000000001137,0.4000000000000057,-0.20000000000001705,-0.09999999999999432,-0.09999999999999432,0.04600000000000648,0.3359999999999985,-0.42199999999999704,-0.029000000000010573,0.029999999999997584,-0.030000000000001137,0.05000000000000071,-2539.789999999979,2664.6600000000326,30.592300000000023
2005-06-01,33.46800000000076,32.600000000000364,0.703000000000003,11131.0,9476.0,0.42320000000000846,0.516200000000012,0.6836000000000126,0.9968999999999966,0.6114000000000033,111.743,-0.18299999999999272,0.32380000000000564,0.2843000000000018,110.9805,0.20180000000000575,3.7794999999999987,1.1085999999999956,78.8741,265.0,0.539872408,-23.0,105.0,5.0,-0.7000000000000028,-95.0,130.0,-278.0,-115.0,-163.0,325750,258.0,14.0,3.7000000000000455,39.0,-28.0,-14.0,-14.0,244.0,45.0,10.5,34.100000000000364,18.0,-18.0,39.9,4.4,40.4,2068,11.0,-45.0,1037,498,2178.0,9.0,4.0,1064.0,544.0,3397.0,16217.0,-518.0,-0.010000000000000009,6.5,15.400000000000546,15.100000000000364,4.300000000000068,-0.29999999999999716,-0.5,6.423600000000079,37.365200000000186,10191.810000000056,0.5315585000000169,23.970000000000027,-0.015612670999999967,20.12461015,0.040000000000000036,0.1499999999999999,0.13000000000000034,0.04999999999999982,0.029999999999999805,-0.08000000000000007,-0.13999999999999968,-0.1900000000000004,-0.14999999999999947,0.26,-0.07,0.09,0.32,0.73,0.96,1.92,2.82,0.0492999999999999,2.15209999999999,-0.03820000000000001,-0.015300000000000091,0.0,0.09999999999999432,0.5,-3.5999999999999943,6.43,0.9000000000000057,0.09999999999999432,-0.5,0.4000000000000057,-0.10000000000002274,-0.09999999999999432,-0.29999999999999716,0.19999999999998863,0.20000000000001705,0.0,0.0,0.05100000000000193,-0.7270000000000039,-0.014000000000010004,-0.033999999999991815,0.03999999999999915,0.060000000000002274,-0.060000000000002274,-2880.210000000021,7226.020000000019,-18.91919999999982
2005-07-01,19.269000000000233,33.0,0.5789999999999935,-780.0,2578.0,-0.30860000000001264,-0.3188999999999993,-0.4305000000000092,-0.4574000000000069,-2.011800000000008,111.8212,-0.4458000000000055,-0.2984000000000009,-0.517399999999995,111.4491,-0.3558000000000021,1.3922000000000025,-0.9389000000000038,78.4339,194.0,0.574669187,194.0,312.0,5.0,-0.29999999999999716,-91.0,7.0,44.0,38.0,5.0,324400,353.0,20.0,0.599999999999909,20.0,-2.0,-3.0,1.0,333.0,64.0,9.400000000000546,41.5,19.0,94.0,39.9,4.4,40.5,2054,2.0,25.0,986,508,2203.0,-10.0,16.0,1045.0,582.0,-15545.0,3870.0,-5731.0,-0.020000000000000018,-25.199999999999818,-0.7000000000007276,-4.300000000000182,2.199999999999932,1.1000000000000014,1.0,14.27679999999998,47.5945999999999,8670.699999999953,0.04128259999998818,19.99000000000001,-0.013473056000000039,20.20464602,0.21999999999999975,0.1900000000000004,0.25,0.29000000000000004,0.28000000000000025,0.20999999999999996,0.17999999999999972,0.09999999999999964,0.08999999999999986,0.23,-0.04,0.16,0.38,0.72,0.92,1.8,2.69,0.028000000000000025,3.2062000000000097,-0.06700000000000017,-0.01729999999999987,1.0999999999999943,1.4000000000000057,1.200000000000017,8.900000000000006,2.440000000000005,2.1999999999999886,1.200000000000017,0.09999999999999432,3.700000000000017,0.30000000000001137,1.5999999999999943,-0.30000000000001137,0.8000000000000114,1.299999999999983,1.5,1.200000000000017,0.34600000000000364,0.034000000000006025,1.0570000000000022,0.09199999999999875,0.0400000000000027,0.0799999999999983,0.020000000000003126,-3879.25,301.88999999989755,14.86669999999981
2005-08-01,22.680999999998676,-0.7000000000007276,-0.35999999999999943,2918.0,-3269.0,0.31870000000000687,0.5918999999999954,0.6886000000000081,0.5211000000000041,2.967799999999997,111.4974,1.093900000000005,0.02599999999999625,1.2085000000000008,109.9603,0.5396999999999963,-0.9685000000000059,-1.1236999999999995,78.6842,-114.0,0.563921035,347.0,408.0,4.9,0.7999999999999972,2.0,-64.0,120.0,93.0,27.0,315750,203.0,20.0,3.6000000000000227,41.0,-25.0,-5.0,-20.0,183.0,32.0,10.0,16.19999999999891,24.0,6.0,39.9,4.5,40.5,2095,6.0,19.0,927,583,2219.0,2.0,-21.0,1104.0,558.0,10364.0,9910.0,4666.0,0.0,19.899999999999864,0.9000000000005457,-3.900000000000091,-0.1999999999999318,-1.6000000000000014,-1.6000000000000014,6.421899999999937,42.55630000000019,6879.989999999991,-0.1406767000000002,2.0299999999999727,0.012110606000000024,19.97435069,0.2400000000000002,0.19999999999999973,0.21999999999999975,0.2400000000000002,0.22999999999999998,0.14000000000000012,0.08000000000000007,0.03000000000000025,0.009999999999999787,0.19,-0.06,0.16,0.37,0.62,0.76,1.59,2.46,-0.03160000000000007,-1.3470000000000084,0.04370000000000007,-0.018600000000000172,1.3000000000000114,1.6999999999999886,0.8999999999999773,7.099999999999994,6.269999999999996,3.200000000000017,1.1999999999999886,0.9000000000000057,4.5,-1.2000000000000455,1.9000000000000057,0.10000000000000853,0.5,1.4000000000000057,1.5999999999999943,1.299999999999983,0.33099999999998886,0.0010000000000047748,1.195999999999998,-0.06699999999999307,0.05000000000000071,-0.010000000000001563,0.029999999999997584,926.460000000021,1712.8200000000652,-4.360999999999876
2005-09-01,-41.271999999999025,-30.299999999999272,-0.31799999999999784,-5734.0,649.0,-1.882000000000005,-0.4288999999999987,-0.7856000000000023,0.10330000000000439,2.13130000000001,110.9037,-2.5995999999999952,-3.4535999999999945,1.100200000000001,102.6015,-1.1234999999999928,2.191900000000004,-2.9547999999999917,77.6572,210.0,0.576194889,175.0,-33.0,5.0,-0.5,193.0,-10.0,-32.0,-63.0,32.0,382750,51.0,-1.0,5.7000000000000455,21.0,-27.0,-16.0,-11.0,52.0,-20.0,5.399999999999636,-26.299999999999272,9.0,-18.0,40.1,4.5,40.7,2151,-6.0,-8.0,1008,572,2263.0,6.0,6.0,1075.0,619.0,-842.0,6225.0,7771.0,-0.010000000000000009,-8.0,1.0,-28.5,5.199999999999932,0.6000000000000014,0.6999999999999957,5.1409000000001015,21.134900000000016,2779.060000000056,-0.6095042999999976,1.650000000000091,0.012613460000000076,19.59764025,0.1200000000000001,0.10000000000000009,-0.020000000000000018,0.009999999999999787,-0.020000000000000018,-0.11000000000000032,-0.05999999999999961,0.040000000000000036,0.07000000000000028,0.17,-0.2,0.05,0.23,0.39,0.58,1.51,2.41,0.0041999999999999815,0.6325000000000074,0.01200000000000001,-0.026599999999999957,2.5,3.4000000000000057,4.0,18.80000000000001,0.5999999999999943,2.1999999999999886,2.700000000000017,-0.9000000000000057,10.399999999999977,1.0000000000000568,4.5,0.6999999999999886,1.0,3.0,3.9000000000000057,2.700000000000017,0.7950000000000017,0.525999999999982,2.5670000000000073,0.17199999999999704,-0.010000000000001563,0.020000000000003126,-0.0899999999999963,1890.469999999972,3464.2900000000373,-0.7456999999999425
2005-10-01,74.96600000000035,82.89999999999964,0.21699999999999875,-140.0,141.0,1.1647000000000105,1.2497999999999934,1.3477000000000032,-0.03480000000000416,1.026600000000002,110.5053,4.451499999999996,1.0790999999999968,0.943799999999996,104.5394,1.456399999999988,-1.350999999999999,-1.1311000000000035,78.6157,-168.0,0.561384677,47.0,147.0,5.0,0.0,-44.0,2.0,-45.0,-28.0,-17.0,352200,89.0,67.0,5.5,45.0,16.0,27.0,-11.0,22.0,12.0,8.0,-3.0,35.0,-16.0,40.3,4.6,41.0,2065,-25.0,-36.0,1036,519,2170.0,-13.0,5.0,1056.0,553.0,5904.0,8494.0,8702.0,0.0,-2.8999999999998636,0.0,12.0,-0.6999999999999318,-1.3000000000000043,-1.2999999999999972,13.52209999999991,25.109899999999925,3778.939999999944,-0.6533809000000019,-33.960000000000036,0.07061461699999994,18.86588351,0.1599999999999997,0.2599999999999998,0.29000000000000004,0.3200000000000003,0.3299999999999996,0.3200000000000003,0.2599999999999998,0.21999999999999975,0.2699999999999996,0.27,-0.07,0.21,0.4,0.55,0.68,1.57,2.52,0.02090000000000014,3.630499999999998,-0.041300000000000114,-0.00029999999999996696,1.6999999999999886,2.299999999999983,5.100000000000023,12.399999999999977,-3.1999999999999957,10.5,0.29999999999998295,0.30000000000001137,-3.1999999999999886,0.49999999999994316,-1.1999999999999886,-0.3999999999999915,1.6999999999999886,0.30000000000001137,-0.09999999999999432,0.19999999999998863,0.13300000000000978,-0.20299999999998875,-0.6710000000000065,0.0799999999999983,0.0799999999999983,0.04999999999999716,0.11999999999999744,1024.820000000007,3056.6300000000047,1.4997999999998228
2005-11-01,84.96099999999933,77.10000000000036,0.23799999999999955,16247.0,3228.0,1.0604999999999905,0.404200000000003,0.3306999999999931,-0.09449999999999648,-1.4440000000000026,110.8739,1.2621000000000038,1.7706999999999908,0.20959999999999468,107.4456,0.9034000000000049,-4.819500000000005,4.5589999999999975,79.1512,64.0,0.561459159,64.0,-49.0,5.0,-0.3999999999999986,104.0,-14.0,-6.0,46.0,-52.0,317250,356.0,65.0,6.5,64.0,-5.0,-3.0,-2.0,291.0,56.0,12.600000000000364,31.0,22.0,30.0,40.5,4.6,40.9,2147,27.0,51.0,1003,556,2218.0,13.0,-2.0,1071.0,575.0,10832.0,19026.0,9417.0,0.010000000000000009,1.699999999999818,-17.100000000000364,25.200000000000273,6.2999999999999545,-0.09999999999999432,0.0,8.084400000000073,24.381399999999758,2022.719999999972,-0.4142699999999877,45.409999999999854,-0.046958657000000015,19.56163368,0.2200000000000002,0.1800000000000006,0.16999999999999993,0.16000000000000014,0.15000000000000036,0.1200000000000001,0.08000000000000007,0.07000000000000028,0.08999999999999986,0.23,-0.12,0.15,0.33,0.45,0.54,1.42,2.39,0.02299999999999991,3.5844999999999914,-0.030199999999999783,0.0040999999999999925,-1.8000000000000114,-2.299999999999983,-2.0,-2.799999999999983,-4.07,7.300000000000011,-1.0,0.29999999999999716,-7.699999999999989,0.20000000000004547,-3.0,-0.09999999999999432,1.0999999999999943,-1.200000000000017,-1.5999999999999943,-1.0,-0.1740000000000066,0.008000000000009777,-1.7009999999999934,-0.1150000000000091,-0.00999999999999801,-0.019999999999999574,-0.10000000000000142,-942.9400000000023,1838.3199999999488,-25.84789999999998
2005-12-01,45.302999999999884,48.20000000000073,0.3160000000000025,6898.0,80.0,0.4707000000000079,0.2586000000000013,0.269999999999996,0.7458999999999918,-1.221100000000007,112.2881,-0.6722000000000037,0.7017000000000024,0.18470000000000653,108.1755,0.09940000000000282,5.195999999999998,-0.6056999999999988,79.0756,34.0,0.588267619,-35.0,253.0,4.9,0.0,-235.0,-33.0,-57.0,-43.0,-14.0,316400,159.0,18.0,4.699999999999932,9.0,5.0,9.0,-4.0,141.0,20.0,12.399999999999636,5.600000000000364,3.0,20.0,40.2,4.6,40.8,1994,-31.0,-98.0,1104,431,2120.0,-5.0,-34.0,1066.0,521.0,766.0,14612.0,13405.0,0.0,-1.3999999999998636,10.5,13.799999999999727,9.600000000000023,0.6999999999999957,0.7000000000000028,13.580199999999877,31.619000000000142,3626.590000000084,-0.13405460000001312,24.700000000000045,-0.01520979499999986,19.81380593,0.16000000000000014,0.13999999999999968,0.010000000000000231,0.02999999999999936,0.019999999999999574,-0.0600000000000005,-0.07000000000000028,-0.04999999999999982,-0.0699999999999994,0.21,-0.27,0.02,0.19,0.23,0.31,1.21,2.16,-0.005700000000000038,0.008400000000008845,0.01089999999999991,-0.020000000000000018,0.9000000000000057,1.1999999999999886,-0.10000000000002274,-7.900000000000006,1.1300000000000026,12.900000000000006,0.0,-0.8000000000000114,-0.8000000000000114,-1.3000000000000114,-0.30000000000001137,0.09999999999999432,0.20000000000001705,-0.09999999999999432,-0.30000000000001137,-0.09999999999999432,0.0,-0.01500000000001478,-0.17300000000000182,-0.22699999999998965,0.030000000000001137,0.07000000000000028,0.010000000000001563,-5055.409999999974,5996.439999999944,22.69659999999999
2006-01-01,159.15300000000025,103.19999999999891,0.42199999999999704,6336.0,9926.0,0.15469999999999118,-0.03180000000000405,-0.27949999999999875,-0.9204999999999899,1.2956999999999965,110.6167,1.5716000000000037,0.3569000000000102,0.8900000000000006,110.2392,0.8046999999999969,-12.002399999999994,0.9017000000000053,79.5428,115.0,0.622451869,184.0,398.0,4.7,-0.6000000000000014,-61.0,-55.0,-159.0,27.0,-186.0,295750,268.0,92.0,4.300000000000068,68.0,19.0,18.0,1.0,176.0,24.0,19.5,-12.300000000001091,21.0,-32.0,40.5,4.6,41.0,2273,57.0,78.0,1146,533,2212.0,3.0,25.0,1090.0,561.0,-11959.0,4040.0,9134.0,-0.010000000000000009,7.0,15.100000000000364,0.900000000000091,1.1000000000000227,1.7000000000000028,1.7999999999999972,13.035200000000032,19.540199999999913,26484.179999999935,0.13642350000000647,16.660000000000082,-0.008079571000000119,19.68451157,0.1299999999999999,0.11000000000000032,0.3500000000000001,0.1299999999999999,0.10000000000000053,-0.040000000000000036,-0.04999999999999982,-0.08000000000000007,-0.08000000000000007,0.19,-0.05,0.02,0.16,0.06,0.13,1.0,1.95,-0.027999999999999803,-2.985900000000001,0.02279999999999993,-0.0042999999999999705,0.9000000000000057,1.0999999999999943,2.200000000000017,1.1999999999999886,6.080000000000005,6.699999999999989,1.200000000000017,0.9000000000000199,3.0,-0.0999999999999659,1.4000000000000057,0.0,1.0999999999999943,1.3000000000000114,1.5,1.1999999999999886,0.4030000000000058,0.010000000000005116,0.8940000000000055,0.24500000000000455,0.019999999999999574,0.010000000000001563,0.010000000000001563,-3522.6500000000233,-4009.039999999921,13.822100000000091
2006-02-01,68.65500000000065,79.80000000000109,0.17100000000000648,2873.0,-2625.0,0.041700000000005844,-0.24219999999999686,-0.18999999999999773,-0.5335000000000036,-1.8821999999999974,110.5505,0.3464999999999918,0.3468999999999909,0.13179999999999836,109.5031,-0.27309999999999945,0.8393999999999977,0.7402999999999906,79.1933,-72.0,0.602032294,427.0,307.0,4.8,0.9000000000000021,50.0,-106.0,276.0,95.0,180.0,290750,305.0,68.0,5.0,63.0,0.0,5.0,-5.0,237.0,33.0,16.0,6.700000000000728,28.0,31.0,40.4,4.6,41.0,2119,-35.0,-41.0,1033,568,2141.0,-6.0,4.0,1030.0,552.0,10198.0,13354.0,3992.0,0.010000000000000009,-6.2999999999999545,-17.700000000000728,10.599999999999909,0.6999999999999318,-2.5,-2.3999999999999986,9.432099999999991,27.602900000000318,1793.6200000001118,-0.6154366000000095,-2.0799999999999272,0.017738017999999967,19.38134877,0.20000000000000018,0.14999999999999947,0.1899999999999995,0.20999999999999996,0.22999999999999954,0.22000000000000064,0.15000000000000036,0.05999999999999961,0.02999999999999936,0.14,-0.06,0.03,0.19,0.08,0.08,0.86,1.78,0.027899999999999814,2.3840000000000003,-0.02059999999999995,-0.008299999999999974,-1.8000000000000114,-2.6999999999999886,-0.8000000000000114,-16.599999999999994,-3.8800000000000026,8.800000000000011,0.09999999999999432,-1.40000000000002,-0.5,1.1999999999999318,-0.4000000000000057,-0.09999999999999432,0.4000000000000057,0.0,-0.19999999999998863,0.0,0.04999999999999716,-0.1770000000000067,-0.28600000000000136,-0.11600000000001387,0.019999999999999574,0.029999999999997584,-3.552713678800501e-15,-7191.070000000007,-9971.219999999972,12.457899999999881
2006-03-01,56.88999999999942,51.899999999999636,0.17199999999999704,2049.0,959.0,0.2225999999999999,0.4543000000000035,0.5567999999999955,0.6149999999999949,0.9035999999999973,111.0629,0.8109000000000037,-0.021599999999992292,0.21250000000000568,108.8883,-0.01470000000000482,7.189800000000005,-2.726299999999995,79.0448,407.0,0.669117647,172.0,284.0,4.7,-0.6999999999999993,82.0,-89.0,-173.0,-131.0,-41.0,301750,305.0,34.0,6.5,25.0,2.0,11.0,-9.0,271.0,39.0,15.399999999999636,26.19999999999891,17.0,25.0,40.4,4.5,41.1,1969,-20.0,-33.0,1017,487,2118.0,6.0,-31.0,1070.0,514.0,7450.0,19188.0,12992.0,0.0,5.899999999999864,-9.99999999999909,2.200000000000273,5.2000000000000455,-1.8999999999999986,-2.0,10.127700000000004,25.07029999999986,7876.729999999981,-0.12604559999999765,17.089999999999918,-0.008698586999999813,19.29072449,0.09999999999999964,0.16000000000000014,0.08000000000000007,0.10000000000000053,0.08999999999999986,0.14999999999999947,0.14999999999999947,0.1800000000000006,0.14000000000000057,0.2,-0.08,0.03,0.18,0.13,0.13,0.94,1.82,-0.00019999999999997797,-0.5827000000000027,-0.0038000000000000256,0.008399999999999963,0.6000000000000227,0.8000000000000114,-0.09999999999999432,-7.0,1.269999999999996,-0.9000000000000057,0.29999999999998295,2.4000000000000057,-0.4000000000000057,-0.1999999999999318,0.09999999999999432,-1.4210854715202004e-14,0.5999999999999943,0.39999999999997726,0.09999999999999432,0.30000000000001137,0.16199999999999193,-0.0899999999999892,0.20699999999999363,0.018000000000000682,0.019999999999999574,0.010000000000001563,3.552713678800501e-15,844.890000000014,7101.359999999986,-1.6679999999998927
2006-04-01,6.972999999999956,12.299999999999272,0.1460000000000008,-11501.0,1758.0,0.29129999999999256,0.4129999999999967,0.6519000000000119,0.30330000000000723,-0.2202999999999946,111.5443,1.4115999999999929,0.16449999999998965,0.13419999999999277,108.6464,0.3632000000000062,-1.4442000000000093,-0.04420000000000357,79.185,58.0,0.672752809,68.0,20.0,4.7,-0.40000000000000213,6.0,143.0,-20.0,-42.0,22.0,303600,172.0,60.0,9.699999999999932,37.0,13.0,20.0,-7.0,112.0,-6.0,11.800000000000182,-34.79999999999927,22.0,16.0,40.6,4.5,41.2,1821,11.0,45.0,873,427,1998.0,-27.0,-40.0,1017.0,514.0,-12563.0,10624.0,8131.0,0.010000000000000009,-6.599999999999909,22.899999999999636,1.7999999999997272,-0.8999999999999773,2.0,1.8999999999999986,16.445900000000165,32.51409999999987,6589.35999999987,-0.10198539999998957,8.430000000000064,0.0052348919999998245,19.00640667,0.20000000000000018,0.15000000000000036,0.08999999999999986,0.09999999999999964,0.13000000000000078,0.1800000000000006,0.27000000000000046,0.3099999999999996,0.2699999999999996,0.15,-0.19,-0.07,0.11,0.11,0.2,1.05,1.89,-0.02200000000000002,-0.20829999999999416,0.023800000000000043,-0.0132000000000001,1.299999999999983,1.5999999999999943,1.5,3.3000000000000114,6.789999999999999,30.400000000000006,1.0,-0.7999999999999972,3.700000000000017,-0.20000000000004547,1.5,0.20000000000001705,0.5999999999999943,1.200000000000017,1.0999999999999943,1.0,0.38900000000001,0.38400000000000034,0.9369999999999976,0.049000000000006594,0.03999999999999915,0.03999999999999915,0.01999999999999602,-261.53000000002794,2249.939999999944,37.9833000000001
2006-05-01,-10.171000000000276,-16.799999999999272,0.13799999999999102,9908.0,-719.0,0.024800000000013256,-0.1389999999999958,-0.06630000000001246,-0.1757999999999953,-0.6469000000000023,111.5323,0.12760000000000105,0.19930000000000803,-0.2757000000000005,108.7044,-0.256299999999996,0.42430000000000234,3.6422000000000025,78.8539,-327.0,0.639398281,188.0,328.0,4.6,0.40000000000000213,-120.0,47.0,-50.0,-53.0,2.0,332750,41.0,-33.0,1.8000000000000682,-13.0,-23.0,-3.0,-20.0,74.0,-7.0,12.100000000000364,-31.399999999999636,4.0,7.0,40.3,4.5,41.2,1942,13.0,-53.0,954,507,1905.0,-17.0,5.0,953.0,497.0,1194.0,6874.0,14941.0,0.0,7.599999999999909,-30.600000000000364,-6.699999999999818,3.3999999999999773,0.7999999999999972,0.7999999999999972,18.08919999999989,28.246300000000247,3536.4500000001863,0.057167999999990116,-12.160000000000082,0.03345004100000004,18.5136297,0.15000000000000036,0.10999999999999943,0.1200000000000001,0.10000000000000053,0.09999999999999964,0.09999999999999964,0.1200000000000001,0.11000000000000032,0.07000000000000028,0.11,-0.22,-0.12,0.06,0.06,0.17,1.01,1.81,-0.06399999999999983,-5.338999999999999,0.10070000000000001,-0.0340999999999998,0.0,-0.09999999999999432,1.4000000000000057,1.5,1.25,34.0,0.6000000000000227,-0.19999999999998863,0.8999999999999773,0.0,0.5,-0.20000000000001705,0.700000000000017,0.6999999999999886,0.5,0.5999999999999943,0.2259999999999991,-0.16100000000001558,0.29400000000001114,-0.01099999999999568,0.060000000000002274,0.16000000000000014,3.552713678800501e-15,-6848.499999999971,893.390000000014,15.106799999999794
2006-06-01,16.429000000000087,10.199999999998909,0.045000000000001705,-3346.0,1175.0,0.3323999999999927,0.4081999999999937,0.6062000000000012,0.5444999999999993,0.7160000000000082,112.0148,0.7258000000000067,0.25329999999999586,0.03130000000000166,108.8714,0.3059999999999974,1.8825000000000074,2.0379000000000076,78.9444,151.0,0.659048707,285.0,264.0,4.6,-0.5,160.0,-113.0,-176.0,13.0,-188.0,305500,86.0,0.0,5.899999999999977,-14.0,10.0,11.0,-1.0,86.0,20.0,4.099999999999454,11.799999999999272,-12.0,-4.0,40.5,4.5,41.2,1802,-27.0,0.0,902,446,1867.0,5.0,-2.0,929.0,480.0,5401.0,11773.0,12444.0,0.010000000000000009,-17.59999999999991,31.30000000000109,10.599999999999909,-0.20000000000004547,-0.3999999999999986,-0.3999999999999986,15.624399999999923,34.28890000000001,-9360.240000000224,-1.3236928999999975,-36.83999999999992,0.07021207900000004,17.75741419,0.04999999999999982,0.20000000000000018,0.07000000000000028,0.14999999999999947,0.16000000000000014,0.07000000000000028,0.0,-0.0600000000000005,0.03000000000000025,0.26,-0.2,-0.02,0.17,0.08,0.12,0.9,1.79,0.01309999999999989,2.8944999999999936,-0.02520000000000011,0.0036999999999998145,0.8000000000000114,1.0,0.799999999999983,-5.900000000000006,0.01999999999999602,-18.700000000000017,0.5,-0.10000000000002274,0.30000000000001137,-0.19999999999998863,0.20000000000001705,-0.09999999999999432,0.6999999999999886,0.4000000000000057,0.30000000000001137,0.5,0.2079999999999984,-0.3019999999999783,0.24099999999999966,0.02599999999999625,0.0799999999999983,0.17999999999999972,-0.019999999999999574,3670.5199999999895,7695.280000000028,-4.620199999999841
2006-07-01,-10.915999999999258,-16.69999999999891,0.4650000000000034,-5262.0,1127.0,-0.06470000000000198,-0.25619999999999266,-0.37989999999999213,-0.9903000000000048,-3.8057000000000016,111.9971,0.7861999999999938,0.13700000000000045,-0.5493000000000023,109.1258,-0.35479999999999734,1.878699999999995,-1.1317000000000093,78.5312,-220.0,0.612404181,23.0,-151.0,4.7,0.5,16.0,50.0,162.0,4.0,159.0,318800,194.0,-7.0,4.2000000000000455,13.0,-25.0,-20.0,-5.0,201.0,25.0,8.200000000000728,1.5,2.0,51.0,40.6,4.6,41.4,1737,-16.0,3.0,876,420,1763.0,0.0,-9.0,898.0,416.0,-11726.0,7479.0,5227.0,0.010000000000000009,8.799999999999955,3.599999999998545,2.199999999999818,-0.8999999999999773,-0.20000000000000284,-0.29999999999999716,11.484900000000152,26.954499999999825,6092.730000000214,0.1947698000000173,7.069999999999936,0.006963652000000042,17.62805319,0.25,0.1200000000000001,0.16000000000000014,0.08999999999999986,0.05999999999999961,-0.03000000000000025,-0.020000000000000462,-0.040000000000000036,-0.020000000000000462,0.13,-0.29,-0.18,-0.02,-0.2,-0.15,0.61,1.52,0.00550000000000006,1.141999999999996,0.0008000000000001339,0.015700000000000047,-0.4000000000000057,-0.30000000000001137,0.30000000000001137,2.0,3.450000000000003,8.400000000000006,1.0999999999999943,-1.299999999999983,3.9000000000000057,-0.10000000000002274,1.5999999999999943,0.30000000000001137,0.6999999999999886,1.1999999999999886,1.299999999999983,1.0999999999999943,0.2890000000000015,0.45999999999997954,0.8469999999999942,-0.1280000000000001,0.010000000000001563,0.030000000000001137,-0.010000000000001563,4160.960000000021,9178.569999999949,6.477799999999888
2006-08-01,-12.76600000000144,-16.100000000000364,-0.2750000000000057,6768.0,1685.0,0.42960000000000775,0.5829999999999984,0.9613999999999976,1.0390000000000015,2.873800000000003,112.3995,0.8101000000000056,0.2668000000000035,0.8890999999999991,109.7698,0.7425999999999959,-0.05500000000000682,1.2116000000000042,78.9377,316.0,0.664222254,339.0,423.0,4.7,0.0,-118.0,120.0,4.0,1.0,2.0,314250,164.0,-21.0,3.3999999999999773,8.0,-31.0,-17.0,-14.0,185.0,11.0,8.199999999999818,2.7000000000007276,7.0,38.0,40.6,4.4,41.1,1650,10.0,-43.0,842,400,1722.0,-6.0,-5.0,871.0,413.0,979.0,1395.0,10166.0,-0.010000000000000009,3.0,-10.399999999998727,0.40000000000009095,-1.7999999999999545,-2.1999999999999957,-2.3000000000000043,21.88779999999997,9.935100000000148,7385.139999999898,0.36161129999999275,26.910000000000082,-0.022158549000000027,17.78560071,0.009999999999999787,-0.08000000000000007,0.009999999999999787,-0.08999999999999986,-0.13999999999999968,-0.21999999999999975,-0.20999999999999996,-0.16999999999999993,-0.16999999999999993,0.04,-0.29,-0.28,-0.17,-0.43,-0.37,0.43,1.34,-0.005800000000000027,0.15730000000000643,0.049799999999999844,-0.011199999999999877,1.0999999999999943,1.3000000000000114,1.0,6.5,-1.3599999999999994,-3.6000000000000227,0.9000000000000057,1.8999999999999915,1.5,0.3000000000000682,0.799999999999983,-0.30000000000001137,0.700000000000017,0.9000000000000057,0.8000000000000114,0.8000000000000114,0.2669999999999959,-0.015999999999991132,0.597999999999999,0.04899999999999238,0.06999999999999673,0.05999999999999872,0.04999999999999716,4842.739999999991,11105.550000000047,8.757100000000037
2006-09-01,78.68000000000029,72.10000000000036,0.5120000000000005,-220.0,-1730.0,-0.18010000000001014,-0.1915000000000049,-0.2471000000000032,-0.504400000000004,-1.7523000000000053,112.3281,0.1401000000000039,-0.1705000000000041,0.13880000000000337,110.0802,0.08320000000000505,-4.280599999999993,2.0254000000000048,78.8383,27.0,0.691835841,-54.0,190.0,4.5,0.0,5.0,-193.0,-62.0,-1.0,-61.0,316200,136.0,-33.0,3.5,-2.0,-34.0,-19.0,-15.0,169.0,21.0,8.399999999999636,3.1999999999989086,16.0,71.0,40.3,4.2,41.1,1720,-18.0,20.0,931,379,1655.0,-2.0,-24.0,837.0,406.0,24228.0,28305.0,5270.0,0.030000000000000027,-8.0,-4.100000000000364,30.200000000000273,0.6999999999999318,-0.10000000000000142,-0.09999999999999432,-0.98700000000008,27.556099999999788,7191.139999999898,0.19747770000000742,30.589999999999918,-0.026372770000000045,18.10389523,0.0,-0.040000000000000036,-0.15000000000000036,-0.08000000000000007,-0.11000000000000032,-0.15000000000000036,-0.16000000000000014,-0.16999999999999993,-0.16000000000000014,0.0,-0.44,-0.36,-0.28,-0.58,-0.53,0.26,1.18,0.013700000000000045,1.2901999999999987,-0.010199999999999987,-0.0020999999999999908,-1.9000000000000057,-2.700000000000017,-1.8000000000000114,-4.300000000000011,-9.18,-6.999999999999972,-1.0,-0.3999999999999915,-6.900000000000006,-0.20000000000004547,-2.5999999999999943,0.0,0.799999999999983,-1.1999999999999886,-1.5,-1.0,-0.22299999999999898,-0.6139999999999901,-1.4920000000000044,0.023000000000010346,0.020000000000003126,0.060000000000002274,-0.039999999999995595,3520.9799999999814,10742.29999999993,-8.966799999999921
2006-10-01,71.64900000000125,76.0,0.35900000000000887,880.0,-499.0,-0.1016999999999939,-0.06310000000000571,0.015600000000006276,-0.13750000000000284,-1.3787999999999982,112.6192,0.2002999999999986,-0.14589999999999748,-1.0258000000000038,109.9916,-0.4742000000000104,3.2426999999999992,-2.7131000000000114,78.3115,-146.0,0.682473614,379.0,499.0,4.4,-0.8000000000000007,8.0,50.0,-169.0,-2.0,-167.0,315500,17.0,-84.0,5.5,-36.0,-52.0,-28.0,-24.0,101.0,40.0,-1.5999999999994543,33.80000000000109,-5.0,-14.0,40.6,4.2,41.1,1491,2.0,-40.0,735,384,1570.0,-12.0,-10.0,808.0,372.0,-17749.0,10215.0,5285.0,0.010000000000000009,13.899999999999864,22.099999999999454,39.79999999999973,-0.6000000000000227,-0.8999999999999986,-0.7000000000000028,10.059099999999944,149.85330000000022,-1213.5499999998137,-0.5024577000000079,45.6400000000001,-0.042152948999999884,18.60449551,0.0,-0.009999999999999787,0.11000000000000032,0.03000000000000025,0.040000000000000036,0.020000000000000462,0.010000000000000675,0.0,-0.009999999999999787,-0.01,-0.33,-0.33,-0.24,-0.56,-0.52,0.26,1.17,0.014699999999999935,1.3944999999999936,-0.007399999999999851,0.012399999999999967,-1.5,-1.9000000000000057,-1.6999999999999886,-14.099999999999994,-4.989999999999995,3.4000000000000057,-0.9000000000000057,-0.8000000000000114,-5.599999999999994,-0.10000000000002274,-2.0999999999999943,-0.09999999999999432,0.30000000000001137,-1.0999999999999943,-1.700000000000017,-1.0,-0.20000000000000284,0.5549999999999784,-1.36099999999999,-0.07500000000000284,0.08999999999999986,0.0799999999999983,0.05999999999999872,-2370.2299999999814,5400.910000000033,34.33639999999991
2006-11-01,67.98499999999876,62.29999999999927,0.030000000000001137,704.0,804.0,-0.026600000000001955,0.14670000000000982,0.3125,0.1980000000000075,0.6175999999999959,112.6713,0.4538000000000011,-0.2155000000000058,-0.10099999999999909,109.8282,0.14150000000000773,0.39039999999999964,0.0020999999999986585,78.238,54.0,0.675931316,365.0,220.0,4.5,-0.10000000000000142,-105.0,109.0,97.0,44.0,53.0,326250,215.0,-49.0,1.0,-16.0,-34.0,-28.0,-6.0,264.0,60.0,11.899999999999636,35.399999999999636,8.0,15.0,40.4,4.1,41.0,1570,7.0,0.0,833,358,1535.0,-5.0,-4.0,801.0,353.0,7857.0,15990.0,5595.0,-0.010000000000000009,-5.399999999999864,-13.899999999999636,15.800000000000182,7.0,0.3999999999999986,0.5,8.596300000000156,28.53099999999995,5617.549999999814,-0.22281300000000215,25.25999999999999,-0.013778192000000189,18.74131449,0.0,0.0,0.020000000000000462,0.03000000000000025,0.0,-0.11000000000000032,-0.13000000000000078,-0.17999999999999972,-0.21999999999999975,-0.01,-0.31,-0.3,-0.24,-0.67,-0.65,0.08,0.95,-0.024599999999999955,-1.288499999999999,0.03600000000000003,0.007399999999999851,1.3000000000000114,1.3000000000000114,0.8000000000000114,20.80000000000001,0.4899999999999949,2.0999999999999943,0.09999999999999432,1.4210854715202004e-14,-1.0,-0.0999999999999659,-0.5,-0.10000000000000853,0.6999999999999886,0.09999999999999432,-0.19999999999998863,0.09999999999999432,0.028999999999996362,-0.22699999999998965,-0.2920000000000016,0.02400000000000091,0.04999999999999716,0.10999999999999943,-0.05000000000000071,-4873.22000000003,2971.4100000000326,2.2297000000000935
2006-12-01,79.41100000000006,58.600000000000364,0.48399999999999466,19435.0,4464.0,1.0161999999999978,1.0883000000000038,0.9027999999999992,0.5519999999999925,2.364699999999999,112.5937,1.53779999999999,0.9391000000000105,1.207800000000006,112.4276,1.5228999999999928,-6.810400000000001,1.2602000000000118,79.188,-25.0,0.683229814,326.0,436.0,4.4,-0.09999999999999787,85.0,-165.0,-76.0,-38.0,-38.0,324000,188.0,-2.0,3.7999999999999545,19.0,-25.0,-4.0,-21.0,190.0,47.0,24.899999999999636,1.2999999999992724,-1.0,5.0,40.8,4.2,41.1,1649,25.0,6.0,802,437,1638.0,25.0,12.0,831.0,389.0,4434.0,12952.0,1342.0,-0.030000000000000027,-4.7000000000000455,7.399999999999636,2.299999999999727,9.900000000000091,1.1999999999999957,1.1000000000000014,12.620300000000043,35.34889999999996,9436.030000000028,-0.4260003999999924,27.779999999999973,-0.016416574999999822,18.8657968,-0.009999999999999787,0.0,-0.09000000000000075,-0.07000000000000028,-0.0699999999999994,-0.04999999999999982,-0.040000000000000036,-0.009999999999999787,0.019999999999999574,0.0,-0.39,-0.36,-0.3,-0.71,-0.68,0.08,0.98,-0.025700000000000056,0.0015000000000071623,0.0504,0.017300000000000093,1.0999999999999943,1.4000000000000057,0.8999999999999773,6.0,2.6600000000000037,-0.8000000000000114,1.0999999999999943,0.799999999999983,3.4000000000000057,-0.4000000000000341,1.4000000000000057,0.20000000000001705,0.700000000000017,1.1999999999999886,1.3000000000000114,1.0999999999999943,0.30100000000000193,-0.03899999999998727,0.938999999999993,0.009000000000000341,0.08999999999999986,0.07000000000000028,0.05000000000000071,-2917.4899999999907,8219.699999999953,18.297199999999975
2007-01-01,24.397000000000844,-16.799999999999272,0.16599999999999682,-7529.0,-114.0,-0.3579000000000008,-0.6604000000000099,-0.7235000000000014,-0.6411999999999978,-2.6688000000000045,112.6592,-1.6790999999999912,-0.03470000000000084,0.16280000000000427,112.1414,-0.372799999999998,2.1688000000000045,1.591799999999992,78.7154,143.0,0.669336706,412.0,58.0,4.6,0.1999999999999993,-35.0,220.0,73.0,25.0,48.0,317250,223.0,36.0,2.1000000000000227,40.0,-5.0,-22.0,17.0,187.0,41.0,3.5,36.20000000000073,-3.0,7.0,40.4,4.1,41.0,1409,2.0,-43.0,712,328,1626.0,12.0,21.0,785.0,390.0,-6274.0,13482.0,3903.0,0.030000000000000027,9.300000000000182,-4.799999999999272,12.900000000000091,-3.7000000000000455,1.3000000000000043,1.2999999999999972,10.154799999999796,23.15430000000015,-2522.7999999998137,-0.8923783000000185,7.740000000000009,0.004731002999999845,18.70549532,0.009999999999999787,0.0,0.13000000000000078,0.07000000000000028,0.11999999999999922,0.21999999999999975,0.20000000000000018,0.08000000000000007,0.1200000000000001,-0.01,-0.27,-0.3,-0.19,-0.5,-0.49,0.15,1.09,0.03320000000000012,3.1251000000000033,-0.0041999999999999815,0.0230999999999999,-0.19999999999998863,-0.30000000000001137,-0.5999999999999943,-10.5,-7.460000000000001,-3.0999999999999943,0.3370000000000175,-0.3399999999999892,-1.210000000000008,1.9790000000000418,-0.06499999999999773,-0.12100000000002353,0.813999999999993,0.19700000000000273,0.16899999999998272,0.24399999999999977,0.284000000000006,0.12499999999998579,0.05200000000000671,0.23799999999999955,0.0400000000000027,0.10999999999999943,-0.05999999999999872,-4977.529999999999,-1946.9899999999907,11.822200000000066
2007-02-01,59.44800000000032,47.0,-0.021000000000000796,7362.0,390.0,0.9620000000000033,0.982600000000005,1.0964000000000027,1.242999999999995,1.2315000000000111,113.8961,0.7370999999999981,0.9411999999999949,0.7267999999999972,112.6619,0.35899999999999466,12.61739999999999,-1.163499999999999,78.7814,-64.0,0.67836004,-161.0,29.0,4.5,0.3999999999999986,13.0,-99.0,55.0,-53.0,108.0,322750,86.0,-105.0,4.7999999999999545,-99.0,-11.0,0.0,-11.0,191.0,45.0,14.600000000000364,28.799999999999272,3.0,36.0,40.2,4.1,40.9,1480,-41.0,-28.0,796,384,1598.0,-40.0,-45.0,815.0,417.0,-2007.0,8003.0,6562.0,-0.010000000000000009,-13.800000000000182,-22.0,-5.599999999999909,-3.0,-2.0,-1.7999999999999972,12.497700000000123,27.836599999999635,6378.0,-0.4317376999999851,20.639999999999873,-0.011087571999999879,18.67505794,0.009999999999999787,-0.009999999999999787,0.04999999999999982,0.009999999999999787,-0.009999999999999787,-0.040000000000000036,-0.040000000000000036,-0.010000000000000675,-0.05999999999999961,-0.03,-0.23,-0.3,-0.21,-0.55,-0.54,0.13,1.02,-0.0038000000000000256,0.057599999999993656,0.00019999999999997797,-0.00529999999999986,1.799999999999983,2.200000000000017,1.200000000000017,16.69999999999999,4.689999999999998,1.6999999999999886,0.7889999999999873,0.31699999999999307,0.6370000000000005,-0.6080000000000041,0.7309999999999945,0.21400000000001285,0.8770000000000095,0.6949999999999932,0.7729999999999961,0.7450000000000045,0.26500000000000057,0.1980000000000075,0.4579999999999984,-0.17800000000001148,0.019999999999999574,0.030000000000001137,0.029999999999997584,-2511.4499999999825,-2790.4499999999534,6.952399999999898
2007-03-01,51.61999999999898,51.79999999999927,0.0940000000000083,1548.0,3152.0,0.17860000000000298,0.05729999999999791,-0.1459000000000117,-0.872399999999999,0.5009000000000015,112.5525,1.7546999999999997,0.30989999999999895,1.0610999999999962,114.1978,0.8670000000000044,-9.150099999999995,1.6433999999999997,79.2181,263.0,0.737186154,68.0,263.0,4.4,1.1000000000000014,-267.0,-30.0,44.0,48.0,-4.0,309400,224.0,55.0,4.5,80.0,-29.0,-21.0,-8.0,169.0,66.0,3.5,58.5,-10.0,18.0,40.6,4.3,41.3,1495,-6.0,71.0,752,378,1596.0,20.0,22.0,777.0,411.0,8564.0,12805.0,1664.0,-0.020000000000000018,12.200000000000045,17.799999999999272,-1.599999999999909,0.8999999999999773,-1.8999999999999986,-2.0,10.627299999999877,-58.977300000000014,9275.479999999981,-0.1813750999999968,-37.84999999999991,0.06153581799999985,17.84587691,0.0,-0.010000000000000675,-0.08999999999999986,-0.07000000000000028,-0.1299999999999999,-0.22999999999999954,-0.16000000000000014,-0.08999999999999986,-0.010000000000000675,-0.04,-0.32,-0.37,-0.34,-0.78,-0.7,0.04,1.01,-0.021500000000000075,-3.2446999999999946,-0.011500000000000066,-0.0028000000000001357,1.4000000000000057,2.0,1.3999999999999773,2.0,1.3000000000000043,11.5,1.0620000000000118,-0.8169999999999931,3.313999999999993,-1.2220000000000368,1.4879999999999995,0.07100000000001216,0.6519999999999868,1.122000000000014,1.3240000000000123,1.0720000000000027,0.3130000000000024,-0.31400000000000716,0.9399999999999977,-0.042999999999977945,0.0799999999999983,0.08999999999999986,0.010000000000001563,3055.2399999999907,2886.25,7.717300000000023
2007-04-01,21.886000000000422,36.0,0.08100000000000307,-2131.0,-971.0,0.6770999999999958,0.6722000000000037,0.7498000000000076,0.5682000000000045,1.7984000000000009,112.6872,0.954899999999995,0.6839999999999975,0.9741000000000071,114.654,0.6616000000000071,1.9766000000000048,-1.6293000000000006,79.4993,-273.0,0.684525547,-616.0,-734.0,4.5,-0.9000000000000021,149.0,40.0,26.0,65.0,-39.0,320250,63.0,-39.0,5.900000000000091,-20.0,-25.0,-11.0,-14.0,102.0,-1.0,15.699999999999818,-21.399999999999636,-19.0,26.0,40.5,4.2,41.3,1490,35.0,-28.0,732,386,1470.0,-5.0,-22.0,727.0,362.0,3894.0,15360.0,7792.0,0.0,8.0,38.600000000000364,24.799999999999727,2.1000000000000227,1.7999999999999972,1.7999999999999972,10.686500000000024,27.62390000000005,6373.659999999916,0.022443699999996625,56.690000000000055,-0.054685415999999876,18.28162315,-0.009999999999999787,0.010000000000000675,-0.07000000000000028,-0.02999999999999936,0.009999999999999787,0.10999999999999943,0.13000000000000078,0.16999999999999993,0.1200000000000001,-0.02,-0.38,-0.39,-0.32,-0.66,-0.56,0.22,1.14,-0.005400000000000071,1.6723999999999961,0.04049999999999998,-0.033199999999999896,1.200000000000017,1.5999999999999943,1.6000000000000227,0.4000000000000057,3.4099999999999966,25.0,0.6159999999999854,-0.02599999999999625,1.4480000000000075,0.8720000000000141,0.6440000000000055,-0.09500000000001307,0.5720000000000027,0.6330000000000098,0.6289999999999907,0.5809999999999889,0.20199999999999818,0.031999999999996476,0.41500000000000625,-1.4210854715202004e-14,0.08999999999999986,0.10000000000000142,0.04999999999999716,392.1500000000233,6633.020000000019,7.741899999999987
2007-05-01,7.164000000000669,10.0,0.12399999999999523,8256.0,4747.0,0.05460000000000775,-0.23350000000000648,-0.15090000000000714,-0.4329000000000036,-0.6303000000000054,112.3283,0.13340000000000884,0.3719000000000108,0.30859999999999843,114.571,-0.07670000000000243,1.0031000000000034,0.6998999999999995,79.237,-32.0,0.688294413,235.0,317.0,4.4,-0.29999999999999716,8.0,5.0,-50.0,25.0,-74.0,304250,148.0,-29.0,2.2999999999999545,-13.0,-17.0,-15.0,-2.0,177.0,29.0,7.800000000000182,17.0,9.0,18.0,40.5,4.2,41.1,1415,-8.0,37.0,688,326,1493.0,-14.0,4.0,766.0,356.0,-4584.0,9107.0,9623.0,0.0,-8.599999999999909,-58.600000000000364,-7.799999999999727,2.7000000000000455,1.6000000000000014,1.6000000000000014,18.017100000000028,19.50669999999991,7046.760000000009,0.1458005000000071,47.5,-0.040229558000000054,18.59427377,0.0,0.0,-0.13999999999999968,-0.08000000000000007,-0.019999999999999574,0.08000000000000007,0.05999999999999961,0.0,0.0,-0.02,-0.52,-0.47,-0.34,-0.58,-0.5,0.22,1.14,0.008700000000000152,1.8408000000000015,-0.0037000000000000366,-0.03990000000000005,0.6999999999999886,0.9000000000000057,1.3999999999999773,0.8000000000000114,-0.509999999999998,1.1000000000000227,0.8509999999999991,0.3009999999999877,2.180000000000007,-0.25,1.11099999999999,-0.14000000000000057,0.5809999999999889,0.8619999999999948,1.0020000000000095,0.8310000000000173,0.25,0.1770000000000067,0.7189999999999941,-0.04600000000000648,0.08000000000000185,0.129999999999999,-0.05999999999999872,1286.4799999999814,6854.989999999991,-4.808999999999969
2007-06-01,-5.445000000001528,-3.7000000000007276,0.0040000000000048885,-1413.0,-2780.0,0.02779999999999916,0.14610000000000412,0.30210000000001,0.16100000000000136,1.3371999999999957,112.078,-0.03740000000000521,-0.10430000000000916,0.47929999999999495,114.7981,0.3609000000000009,-3.3693000000000097,0.18940000000000623,79.3042,202.0,0.696231552,371.0,160.0,4.6,-0.10000000000000142,87.0,-49.0,50.0,38.0,11.0,315200,76.0,-1.0,2.3999999999999773,14.0,-19.0,-17.0,-2.0,77.0,-6.0,11.100000000000364,-15.699999999998909,-3.0,14.0,40.6,4.3,41.4,1448,1.0,-11.0,708,349,1407.0,8.0,-7.0,705.0,330.0,32.0,9873.0,6931.0,0.0,-15.600000000000136,19.30000000000109,7.900000000000091,1.5,-0.20000000000000284,-0.29999999999999716,19.476300000000037,17.501100000000406,5805.929999999935,0.26167289999997934,3.0499999999999545,0.011511376000000073,18.43586341,0.0,0.019999999999999574,-0.1200000000000001,-0.020000000000000462,0.04999999999999982,0.3600000000000003,0.34999999999999964,0.3200000000000003,0.3100000000000005,0.0,-0.64,-0.49,-0.29,-0.22,-0.15,0.54,1.45,0.011900000000000022,1.915399999999991,0.0024999999999999467,-0.030000000000000027,0.09999999999999432,0.0,0.700000000000017,1.0999999999999943,4.020000000000003,-3.8000000000000114,0.4790000000000134,-0.42499999999999716,0.23299999999997567,-0.1490000000000009,0.21000000000000796,0.10199999999998965,0.7490000000000236,0.4230000000000018,0.39500000000001023,0.4549999999999841,0.18299999999999272,0.12000000000000455,0.10899999999999466,0.07900000000000773,0.05000000000000071,0.03999999999999915,0.010000000000001563,729.359999999986,8389.959999999963,12.567499999999882
2007-07-01,9.537000000000262,4.200000000000728,0.2569999999999908,-7392.0,1460.0,-0.1594000000000051,-0.37340000000000373,-0.19440000000000168,-0.3808999999999969,-1.1585000000000036,111.9745,0.019300000000001205,0.07720000000000482,-0.045000000000001705,115.318,-0.06629999999999825,-0.6611999999999938,0.033699999999996066,79.071,-261.0,0.643166877,13.0,-158.0,4.7,0.6999999999999993,-49.0,69.0,83.0,-65.0,148.0,313250,-25.0,-46.0,4.7000000000000455,-27.0,-22.0,-15.0,-7.0,21.0,14.0,6.099999999999454,4.5,2.0,-36.0,40.6,4.2,41.3,1354,-11.0,5.0,638,331,1361.0,-2.0,-12.0,666.0,337.0,4308.0,13677.0,2057.0,0.010000000000000009,16.299999999999955,-2.3000000000010914,8.699999999999818,1.6999999999999318,-1.0,-1.1000000000000014,17.558099999999968,19.27539999999999,10149.410000000149,0.5580955000000074,6.519999999999982,0.010125559999999867,18.36292532,0.009999999999999787,0.0,0.20999999999999996,0.07000000000000028,0.0,-0.15000000000000036,-0.09999999999999964,-0.05999999999999961,-0.04999999999999982,-0.01,-0.44,-0.43,-0.3,-0.38,-0.26,0.47,1.39,-0.026100000000000012,-1.2737999999999943,0.048799999999999955,-0.014899999999999913,1.0999999999999943,1.3999999999999773,1.4000000000000057,-2.200000000000017,6.700000000000003,4.300000000000011,0.3689999999999998,0.46300000000000807,0.4939999999999998,1.184000000000026,0.28899999999998727,-0.103999999999985,0.4199999999999875,0.31699999999997885,0.32099999999999795,0.29400000000001114,0.132000000000005,-0.3930000000000007,0.23700000000000898,-0.06599999999998829,0.00999999999999801,0.030000000000001137,-0.05000000000000071,4578.799999999988,10489.270000000019,13.653500000000122
2007-08-01,-0.8869999999988067,-13.399999999999636,0.3569999999999993,15479.0,1744.0,0.19899999999999807,-0.07200000000000273,-0.03180000000000405,-0.2179000000000002,-0.3038999999999987,111.791,0.169399999999996,0.49840000000000373,0.3097000000000065,114.2675,-0.31670000000001153,5.545599999999993,0.6714999999999947,78.6738,-52.0,0.643271544,-305.0,-223.0,4.6,-0.1999999999999993,112.0,-47.0,-31.0,13.0,-45.0,320000,-31.0,-110.0,1.6000000000000227,-50.0,-60.0,-35.0,-25.0,79.0,-3.0,-0.8000000000001819,0.7999999999992724,-28.0,55.0,40.5,4.2,41.3,1330,-50.0,2.0,695,298,1321.0,-1.0,-13.0,622.0,355.0,2582.0,14991.0,5583.0,-0.010000000000000009,0.900000000000091,45.20000000000073,35.5,0.7000000000000455,2.0,1.3999999999999986,26.096900000000005,22.39749999999958,9196.089999999851,0.6871987000000104,-66.09000000000015,0.09731773399999999,17.50599003,-0.2400000000000002,0.04999999999999982,-0.6200000000000001,-0.4500000000000002,-0.4900000000000002,-0.4500000000000002,-0.33000000000000007,0.05999999999999961,0.0,0.28,-0.82,-0.64,-0.55,-0.59,-0.35,0.77,1.63,-0.0041999999999999815,-4.681299999999993,-0.024499999999999744,0.00770000000000004,-1.1999999999999886,-1.6999999999999886,-1.700000000000017,-5.099999999999994,-1.7900000000000063,-12.699999999999989,0.06399999999999295,-0.4210000000000065,-1.0679999999999836,-0.549000000000035,-0.3400000000000034,0.2980000000000018,0.4399999999999977,-0.054000000000002046,-0.15000000000000568,0.002999999999985903,0.0589999999999975,-0.15900000000000603,-0.20900000000000318,0.053999999999987836,0.03999999999999915,0.019999999999999574,0.060000000000002274,3016.5400000000373,16007.170000000042,17.472299999999905
2007-09-01,18.724999999998545,9.699999999998909,0.07200000000000273,605.0,1511.0,0.24850000000000705,0.4087000000000103,0.4339999999999975,-0.11369999999999436,-1.3736999999999995,112.1198,1.4879999999999995,0.07799999999998875,0.021399999999999864,115.1866,0.3078000000000003,2.9714000000000027,-0.5170999999999992,78.756,106.0,0.648814505,665.0,562.0,4.7,-0.6999999999999993,-57.0,136.0,22.0,5.0,18.0,313400,88.0,-70.0,-0.6000000000000227,-33.0,-37.0,-27.0,-10.0,158.0,32.0,1.300000000000182,8.700000000000728,-23.0,53.0,40.6,4.2,41.3,1183,46.0,-65.0,592,273,1261.0,-14.0,8.0,626.0,297.0,-9285.0,7563.0,7687.0,0.0,-5.099999999999909,-57.900000000000546,-6.300000000000182,-2.2000000000000455,-2.1999999999999957,-2.8999999999999986,42.51030000000014,32.672000000000025,6954.14000000013,-0.10900920000000269,42.5,-0.034301282999999794,17.9324197,-0.07999999999999918,-0.10999999999999943,-0.31000000000000005,-0.33000000000000007,-0.33000000000000007,-0.22999999999999954,-0.15000000000000036,-0.04999999999999982,-0.0600000000000005,0.25,-1.05,-0.89,-0.8,-0.74,-0.42,0.8,1.65,-0.01750000000000007,-1.690000000000012,0.007400000000000073,-0.031200000000000117,1.5999999999999943,2.3000000000000114,1.3000000000000114,4.599999999999994,7.540000000000006,-2.900000000000034,0.8799999999999955,0.6700000000000017,1.9960000000000093,-0.5019999999999527,1.011000000000024,-0.02600000000001046,0.742999999999995,0.8620000000000232,1.007000000000005,0.8620000000000232,0.3340000000000032,0.3930000000000007,0.6490000000000009,0.08100000000000307,0.0400000000000027,0.07000000000000028,-0.0400000000000027,-4263.510000000009,6067.659999999916,23.05540000000019
2007-10-01,-17.27799999999843,-16.69999999999891,0.06700000000000728,6637.0,2420.0,-0.29820000000000846,-0.6992000000000047,-0.8200999999999965,-0.9962000000000018,-0.23639999999998906,110.8703,-0.33839999999999293,0.12820000000000675,0.3827999999999889,114.546,-0.18379999999999086,-5.475499999999997,-0.32739999999999725,78.5051,-16.0,0.640596932,-231.0,-298.0,4.7,0.6999999999999993,-12.0,210.0,-55.0,-88.0,34.0,328250,76.0,-39.0,1.3999999999999773,-12.0,-28.0,-26.0,-2.0,115.0,-4.0,7.300000000000182,-6.900000000001455,-13.0,18.0,40.5,4.1,41.2,1264,15.0,29.0,625,277,1192.0,10.0,-17.0,559.0,302.0,4227.0,11225.0,5763.0,-0.010000000000000009,4.2999999999999545,-3.100000000000364,-3.699999999999818,1.6000000000000227,-0.6000000000000014,0.6999999999999957,24.624799999999823,55.1528000000003,7977.589999999851,0.4282194999999831,42.54000000000019,-0.03331951500000008,18.44188929,-0.1800000000000006,-0.28000000000000025,0.009999999999999787,-0.040000000000000036,-0.040000000000000036,0.0,0.010000000000000675,-0.08000000000000007,-0.10999999999999943,0.15,-0.86,-0.75,-0.66,-0.56,-0.23,0.9,1.72,-0.01110000000000011,0.8226000000000084,0.026499999999999968,-0.0512999999999999,1.700000000000017,2.0,1.299999999999983,11.200000000000017,6.269999999999996,8.0,0.6430000000000007,0.29000000000000625,0.5979999999999848,0.6569999999999823,0.5060000000000002,-0.028999999999996362,0.8060000000000116,0.6419999999999959,0.688999999999993,0.5929999999999893,0.2639999999999958,0.15500000000000114,0.3850000000000051,-0.04000000000000625,0.00999999999999801,0.030000000000001137,-0.019999999999999574,-164.5,5825.380000000005,7.861699999999928
2007-11-01,-9.007000000001426,-6.700000000000728,0.17799999999999727,-3049.0,3571.0,0.572100000000006,0.316599999999994,0.34319999999999595,-0.03530000000000655,0.4000999999999948,110.6871,0.7188999999999908,0.8408000000000015,1.464100000000002,115.3298,0.5618999999999943,0.41199999999999193,-0.6722000000000037,78.8266,10.0,0.641712707,652.0,649.0,4.7,0.3000000000000007,100.0,-261.0,66.0,-11.0,76.0,336000,114.0,-42.0,5.0,-42.0,-5.0,-2.0,-3.0,156.0,61.0,0.6000000000003638,64.0,-15.0,37.0,40.7,4.2,41.3,1197,-29.0,10.0,598,256,1224.0,-15.0,3.0,625.0,280.0,-3695.0,7487.0,10411.0,-0.010000000000000009,-11.300000000000182,10.300000000001091,-15.599999999999909,5.2999999999999545,0.5,0.4000000000000057,18.870300000000043,29.266599999999926,3610.840000000084,-0.31599049999999806,-76.26999999999998,0.10946454299999986,17.56338644,-0.2699999999999996,-0.16000000000000014,-0.6299999999999999,-0.5499999999999998,-0.5999999999999996,-0.5300000000000002,-0.3799999999999999,-0.21999999999999975,-0.08000000000000007,0.26,-1.22,-1.03,-0.99,-0.82,-0.34,0.95,1.91,-0.050799999999999956,-4.793199999999999,0.02519999999999989,-0.008200000000000096,3.0999999999999943,4.0,4.0,15.099999999999994,8.420000000000002,-11.199999999999989,1.6440000000000055,-0.11000000000001364,5.36699999999999,-0.40500000000002956,2.4989999999999952,0.18999999999999773,0.76400000000001,1.775999999999982,2.0279999999999916,1.63900000000001,0.46300000000000807,-0.16400000000000148,1.527000000000001,-0.045000000000001705,0.07000000000000028,0.09999999999999787,0.05999999999999872,-3691.6199999999953,1326.4899999999907,9.300899999999729
2007-12-01,59.033000000001266,40.399999999999636,-0.054000000000002046,-10205.0,-4562.0,0.059699999999992315,0.04290000000000305,0.11400000000000432,-0.31640000000000157,0.017300000000005866,110.2603,0.989200000000011,0.07760000000000389,0.07720000000000482,116.0534,0.1851000000000056,-3.1563999999999908,-0.5169999999999959,78.9031,-101.0,0.594506213,83.0,-322.0,5.0,-0.6999999999999993,73.0,135.0,135.0,185.0,-50.0,348200,104.0,-40.0,4.7000000000000455,-33.0,-12.0,-17.0,5.0,144.0,-6.0,-0.2000000000007276,-5.099999999998545,-11.0,42.0,40.5,4.0,41.1,1037,-24.0,-74.0,571,221,1149.0,5.0,-19.0,584.0,260.0,17438.0,25200.0,11567.0,0.020000000000000018,9.200000000000273,4.9999999999990905,4.099999999999909,2.900000000000091,0.8999999999999986,-14.200000000000003,23.975900000000138,12.244000000000142,4767.219999999972,-0.47739709999999036,15.829999999999927,-0.0029671959999999498,18.01169182,-0.25,0.009999999999999787,-0.27,-0.22999999999999998,-0.2400000000000002,-0.17999999999999972,-0.05000000000000071,0.04999999999999982,0.25,0.52,-1.24,-1.01,-0.98,-0.75,-0.14,1.25,2.41,0.016900000000000137,1.3760999999999939,-0.05400000000000027,0.03490000000000004,-0.700000000000017,-0.9000000000000057,0.20000000000001705,6.099999999999994,-2.8900000000000006,-7.899999999999977,0.61099999999999,0.31100000000000705,0.9160000000000252,-0.2489999999999668,0.4890000000000043,-0.16199999999999193,0.7279999999999802,0.6500000000000057,0.5939999999999941,0.5849999999999795,0.20299999999998875,-0.18999999999999773,0.40099999999999625,-0.001999999999995339,0.060000000000002274,0.10999999999999943,-0.05999999999999872,816.5999999999767,4305.2200000000885,-1.6289999999999054
2008-01-01,16.226999999998952,4.900000000001455,-0.013999999999995794,6248.0,938.0,-0.12709999999999866,-0.011699999999990496,-0.02009999999999934,-0.24219999999999686,-2.470000000000013,110.7912,0.45769999999998845,-0.2436000000000007,-0.011300000000005639,114.8451,-0.2272999999999996,3.5176999999999907,1.5503999999999962,78.7097,79.0,0.601691607,145.0,105.0,5.0,0.8999999999999986,-164.0,30.0,39.0,-25.0,64.0,338750,-4.0,-29.0,6.5,-14.0,-22.0,-14.0,-8.0,25.0,-22.0,-4.099999999999454,-19.200000000000728,-4.0,12.0,40.5,4.1,41.1,1084,24.0,21.0,551,243,1094.0,-5.0,12.0,570.0,212.0,-5054.0,16549.0,11915.0,-0.010000000000000009,2.699999999999818,3.2000000000007276,3.699999999999818,-6.600000000000023,1.3999999999999986,-28.8,23.4849999999999,15.13839999999982,3541.9499999999534,-0.197113800000011,-100.46000000000004,0.15037134500000016,17.02776003,-0.30000000000000027,-1.0599999999999996,-0.25,-0.48,-0.5499999999999998,-0.5100000000000002,-0.35999999999999943,-0.16000000000000014,-0.11000000000000032,-0.24,-1.19,-1.19,-1.23,-0.96,-0.2,1.39,2.6,-0.03960000000000008,-4.630899999999997,-0.04589999999999983,0.007800000000000029,1.6000000000000227,2.0999999999999943,2.299999999999983,7.700000000000017,1.2199999999999989,4.199999999999989,0.7290000000000134,-0.5249999999999915,0.9299999999999784,0.39699999999999136,0.7669999999999959,-0.01300000000000523,0.7079999999999984,0.6410000000000196,0.7950000000000159,0.6899999999999977,0.2220000000000084,0.4369999999999976,0.4399999999999977,-0.03999999999999204,0.0799999999999983,0.060000000000002274,0.07000000000000028,810.7200000000303,-213.85000000009313,-32.49039999999968
2008-02-01,14.411000000000058,11.0,-0.2950000000000017,-11936.0,-3403.0,-0.3736999999999995,-0.3101000000000056,-0.12999999999999545,-0.16960000000000264,-0.5641999999999996,110.7604,-0.023099999999999454,-0.4370000000000118,-0.21459999999999013,112.6006,-0.7232000000000056,2.4025000000000034,0.05870000000000175,78.1859,-345.0,0.570761638,-410.0,-222.0,4.9,-0.6000000000000014,99.0,-36.0,-94.0,-36.0,-59.0,346750,-64.0,-49.0,2.199999999999932,-23.0,-27.0,-18.0,-9.0,-15.0,-41.0,-10.100000000000364,-34.899999999999636,-7.0,29.0,40.4,4.0,41.1,1103,-4.0,-8.0,580,245,1014.0,-21.0,-36.0,518.0,241.0,-4352.0,13040.0,7172.0,0.010000000000000009,-1.599999999999909,52.79999999999927,32.100000000000364,-1.1000000000000227,-1.1000000000000014,-15.5,8.151499999999942,15.652199999999993,8158.780000000028,0.26659010000000194,-23.8900000000001,0.049729820000000036,17.05854288,-0.96,-0.6700000000000004,-0.6299999999999999,-0.71,-0.6600000000000001,-0.20000000000000018,0.0,0.20000000000000018,0.28000000000000025,0.05,-0.86,-0.94,-0.93,-0.2,0.76,2.55,3.84,-0.011600000000000055,-0.7881,-0.005600000000000049,-0.011299999999999977,0.5999999999999943,0.5,1.6000000000000227,10.0,2.3999999999999915,25.5,0.5130000000000052,-0.6220000000000141,0.7990000000000066,-1.268000000000029,0.45999999999997954,-0.23900000000000432,0.5730000000000075,0.46999999999999886,0.5790000000000077,0.5170000000000243,0.17600000000000193,-0.27299999999999613,0.32500000000000284,0.001999999999995339,0.05999999999999872,0.10999999999999943,0.0,-3644.9700000000303,-3488.9599999999627,9.998599999999897
2008-03-01,16.51800000000003,3.5,0.21199999999998909,-16394.0,912.0,-0.3247999999999962,-0.7736000000000018,-0.7541000000000082,-1.5400999999999954,-2.7186999999999983,109.6387,0.7580000000000098,0.11460000000001003,-0.3406000000000091,112.4929,-0.45929999999999893,-2.247100000000003,-1.8592999999999904,77.881,-54.0,0.540143186,255.0,-70.0,5.1,-0.3999999999999986,170.0,167.0,45.0,52.0,-6.0,363400,-70.0,-80.0,7.0,-47.0,-40.0,-31.0,-9.0,10.0,-20.0,-10.0,-10.700000000000728,-1.0,26.0,40.6,4.1,41.3,1005,-11.0,-16.0,526,228,967.0,6.0,-12.0,521.0,197.0,-169.0,17283.0,773.0,0.0,5.599999999999909,-20.299999999999272,18.199999999999818,3.5,0.0,-34.400000000000006,21.582200000000057,18.119700000000194,9279.669999999925,0.21955010000002062,-37.929999999999836,0.07418318499999987,16.85603663,-0.3700000000000001,-0.3299999999999996,-0.8600000000000001,-0.56,-0.5099999999999998,-0.2999999999999998,-0.23000000000000043,-0.020000000000000462,0.0699999999999994,0.09,-1.35,-1.13,-1.07,-0.13,0.9,2.9,4.28,-0.07640000000000002,-6.273799999999994,0.036900000000000155,0.0042999999999998595,1.5,2.0,3.799999999999983,10.899999999999977,10.210000000000008,22.5,0.7609999999999957,0.029000000000010573,0.9380000000000166,0.49600000000003774,0.49200000000001864,0.1640000000000157,1.092000000000013,0.8169999999999789,0.782999999999987,0.7539999999999907,0.2530000000000001,0.15799999999998704,0.3719999999999999,0.07699999999999818,0.07000000000000028,0.0799999999999983,-0.019999999999999574,508.5800000000163,-1691.8199999999488,-2.085199999999986
2008-04-01,-39.2549999999992,-69.70000000000073,0.13800000000000523,12438.0,-173.0,-0.6954000000000065,-1.022599999999997,-0.9248999999999938,-0.6616999999999962,-2.3007999999999953,109.5451,-1.9382999999999981,-0.37930000000000064,-0.48739999999999384,110.9182,-1.0945999999999998,0.3371000000000066,1.238599999999991,77.136,-190.0,0.528348828,-139.0,46.0,5.0,0.3999999999999986,-330.0,37.0,196.0,146.0,49.0,359500,-219.0,-139.0,0.0,-79.0,-61.0,-50.0,-11.0,-80.0,-100.0,-21.199999999999818,-83.19999999999891,-10.0,7.0,40.5,4.0,41.2,1013,-22.0,32.0,510,242,1008.0,-5.0,30.0,511.0,223.0,-3782.0,7864.0,6466.0,-0.010000000000000009,-5.599999999999909,-23.600000000000364,11.599999999999909,-2.7999999999999545,1.2000000000000028,-39.7,19.103000000000065,12.80179999999973,6879.630000000121,0.689290399999976,53.52999999999997,-0.07396373,17.93414651,-0.33000000000000007,0.020000000000000018,0.030000000000000027,0.07000000000000006,0.19999999999999996,0.3599999999999999,0.17000000000000037,0.040000000000000036,0.08000000000000007,0.44,-0.99,-0.73,-0.54,0.56,1.4,3.27,4.69,0.0012000000000000899,1.9214999999999947,-0.01990000000000003,0.010800000000000143,0.5,0.5,1.8000000000000114,8.600000000000023,7.009999999999991,5.300000000000011,0.4939999999999998,0.8349999999999937,-0.693000000000012,-0.2440000000000282,0.28600000000000136,-0.24200000000001864,0.6709999999999923,0.27899999999999636,0.7160000000000082,0.48699999999999477,0.16400000000000148,-0.45599999999998886,0.41199999999999193,-0.08400000000000318,0.010000000000001563,0.08999999999999986,-0.0400000000000027,-570.5100000000093,-1151.8800000000047,-12.513100000000122
2008-05-01,587.4519999999993,-46.399999999999636,0.15900000000000603,-8524.0,3464.0,-0.6217999999999932,-0.5233999999999952,-0.3194000000000017,-0.6358000000000033,-0.9808000000000021,109.0327,0.33159999999999457,-0.716700000000003,-1.0880999999999972,110.2458,-0.6663999999999959,-1.7939000000000078,-0.372799999999998,76.7172,159.0,0.499583085,534.0,-224.0,5.4,-0.29999999999999716,785.0,-98.0,93.0,-95.0,189.0,366800,-187.0,-78.0,10.200000000000045,-53.0,-34.0,-18.0,-16.0,-109.0,-87.0,-12.899999999999636,-62.70000000000073,-9.0,33.0,40.2,3.9,41.0,973,32.0,-31.0,496,215,995.0,31.0,-15.0,471.0,234.0,-3716.0,7832.0,2826.0,-0.010000000000000009,-0.7000000000000455,-29.800000000000182,-15.299999999999727,4.5,1.8999999999999986,-18.5,1.2696999999998297,-10.050899999999729,4844.9199999999255,-5.577253699999986,32.75,-0.03868829100000015,18.8178995,-0.2999999999999998,-0.11000000000000032,0.43999999999999995,0.27,0.32000000000000006,0.31000000000000005,0.19999999999999973,0.020000000000000462,-0.040000000000000036,0.63,-0.25,-0.16,0.08,1.17,1.9,3.59,4.95,0.030999999999999917,1.6817999999999955,-0.016599999999999948,-0.01440000000000008,2.5,3.1999999999999886,4.699999999999989,14.5,12.820000000000007,-11.300000000000011,1.2659999999999911,-0.3430000000000035,3.3559999999999945,0.047000000000025466,1.4059999999999775,0.05400000000001626,1.086999999999989,1.328000000000003,1.6699999999999875,1.281000000000006,0.3810000000000002,0.20199999999999818,0.8900000000000006,0.13900000000001,0.07000000000000028,0.08999999999999986,0.0400000000000027,-517.7099999999919,2048.0100000000093,8.648799999999937
2008-06-01,-346.9979999999996,-59.5,-0.15800000000000125,-1637.0,419.0,-0.26080000000000325,-0.473700000000008,-0.2494999999999976,-0.23810000000000286,0.6839000000000084,108.4813,-0.6807000000000016,-0.06570000000000675,-0.10710000000000264,108.5266,-0.7510000000000048,2.0478000000000094,-0.48989999999999156,76.2463,-364.0,0.44664723,10.0,-171.0,5.6,0.5,-525.0,540.0,133.0,118.0,15.0,383250,-153.0,-118.0,6.199999999999932,-61.0,-61.0,-37.0,-24.0,-35.0,-48.0,-12.400000000000546,-24.0,-13.0,34.0,40.4,3.9,41.0,1046,111.0,-4.0,472,205,1180.0,164.0,5.0,477.0,244.0,1892.0,8205.0,9402.0,-0.010000000000000009,9.199999999999818,6.0,-28.600000000000364,5.5,-1.1000000000000014,-16.599999999999994,7.166900000000169,-13.179000000000087,2531.2700000000186,2.396190699999991,-61.97000000000003,0.10427157900000017,18.49945584,0.020000000000000018,0.0900000000000003,0.13000000000000012,0.30999999999999983,0.3599999999999999,0.3400000000000003,0.21999999999999975,0.10999999999999943,0.14000000000000057,0.7,-0.14,0.13,0.42,1.49,2.1,3.68,5.07,-0.00770000000000004,2.5557000000000016,0.0013999999999998458,0.017299999999999982,2.799999999999983,3.700000000000017,4.200000000000017,6.899999999999977,8.540000000000006,-8.100000000000023,2.2549999999999955,-0.20199999999998397,7.777999999999992,0.4269999999999641,3.302000000000021,0.10099999999998488,1.1620000000000061,2.4080000000000155,2.980000000000018,2.281000000000006,0.6469999999999914,0.2150000000000034,2.0490000000000066,0.000999999999990564,0.0799999999999983,0.08000000000000185,0.019999999999999574,-3550.790000000008,-5733.020000000019,8.986499999999978
2008-07-01,-227.27900000000045,-45.20000000000073,-0.41100000000000136,-21088.0,-1417.0,-0.453400000000002,-0.8778999999999968,-0.9702000000000055,-0.6734000000000009,-2.160800000000009,108.3212,-1.854299999999995,-0.0630999999999915,-1.4966000000000008,107.2242,-1.1381999999999977,-2.4155000000000086,0.122099999999989,75.497,-81.0,0.419492,156.0,-205.0,5.8,-0.10000000000000142,101.0,-183.0,201.0,113.0,88.0,398000,-200.0,-126.0,2.2000000000000455,-53.0,-75.0,-55.0,-20.0,-74.0,-64.0,-21.399999999999636,-39.79999999999927,-17.0,51.0,40.3,3.8,41.0,923,-75.0,18.0,432,179,921.0,-205.0,-13.0,486.0,194.0,-8851.0,2746.0,8955.0,0.010000000000000009,5.300000000000182,28.600000000000364,-3.699999999999818,6.7999999999999545,0.20000000000000284,5.799999999999997,13.612699999999904,-7.869200000000092,3869.8900000001304,1.8252841999999987,-83.92000000000007,0.14658111100000015,18.03526417,0.009999999999999787,0.020000000000000018,-0.2300000000000002,-0.19999999999999996,-0.14000000000000012,-0.1900000000000004,-0.08999999999999986,-0.009999999999999787,0.08999999999999986,0.71,-0.38,-0.08,0.27,1.29,2.0,3.66,5.15,-0.008799999999999919,-0.06340000000000146,0.022399999999999975,-0.0036000000000000476,2.200000000000017,2.799999999999983,5.299999999999983,9.199999999999989,-0.4900000000000091,5.5,1.5529999999999973,0.7199999999999847,3.0360000000000014,-0.5279999999999632,1.8389999999999986,0.08600000000001273,1.2350000000000136,1.4639999999999986,2.0079999999999814,1.5789999999999793,0.41800000000000637,0.10900000000000887,1.108000000000004,-0.054000000000002046,0.07000000000000028,0.05999999999999872,-0.019999999999999574,544.3699999999953,619.359999999986,-14.588799999999992
2008-08-01,-87.27499999999964,56.20000000000073,-0.010000000000005116,-8826.0,-2754.0,-1.570299999999989,-1.5563999999999965,-1.6995000000000005,-1.8770999999999987,-4.130899999999997,107.231,-1.8622000000000014,-1.582899999999995,-1.100999999999999,105.8674,-1.323999999999998,-3.3994,-0.6010999999999882,74.6122,-75.0,0.389277389,172.0,-329.0,6.1,0.6999999999999993,402.0,-75.0,306.0,104.0,202.0,433000,-287.0,-107.0,10.299999999999955,-46.0,-71.0,-57.0,-14.0,-180.0,-100.0,-21.0,-60.900000000001455,-14.0,-1.0,40.3,3.7,40.9,844,-25.0,-25.0,397,185,858.0,-16.0,2.0,445.0,186.0,-6305.0,2196.0,3454.0,0.030000000000000027,-30.199999999999818,-32.69999999999982,12.0,0.6000000000000227,-0.20000000000000284,-2.5999999999999943,1.7614000000000942,1.0219999999999345,-2150.090000000084,0.7674279000000013,24.1400000000001,-0.039442554000000296,19.33065557,-0.009999999999999787,0.03999999999999959,0.09000000000000008,-0.010000000000000009,-0.09999999999999964,-0.1599999999999997,-0.11999999999999966,-0.03000000000000025,-0.009999999999999787,0.76,-0.28,-0.08,0.18,1.14,1.89,3.64,5.15,0.05580000000000007,2.5105999999999966,-0.10229999999999984,0.0405000000000002,-1.4000000000000057,-2.0999999999999943,-2.5,-33.099999999999966,-16.83,-14.399999999999977,-0.3259999999999934,0.22500000000000853,-3.5009999999999764,0.3359999999999559,-1.1310000000000002,-0.19600000000001216,0.48599999999999,-0.5579999999999927,-0.5960000000000036,-0.36599999999998545,-0.0730000000000075,-0.2990000000000208,-0.5530000000000115,-0.15800000000000125,0.08999999999999986,0.15000000000000213,-0.05000000000000071,1888.8099999999977,-1454.969999999972,-18.740800000000036
2008-09-01,9.583000000000538,-1.8000000000010914,-0.563999999999993,-29342.0,-5555.0,-4.291500000000013,-2.4619,-2.6488999999999976,-0.7214999999999918,-0.7612000000000023,106.5291,-7.7668000000000035,-6.03370000000001,-2.0315999999999974,97.6596,-3.5,1.5518,-8.323300000000003,72.1343,-452.0,0.339372235,-71.0,-127.0,6.1,0.9000000000000021,-408.0,277.0,206.0,45.0,161.0,464000,-449.0,-147.0,3.7000000000000455,-70.0,-81.0,-57.0,-24.0,-302.0,-113.0,-11.5,-65.79999999999927,-32.0,-30.0,39.9,3.5,40.5,820,-22.0,14.0,398,168,797.0,3.0,-10.0,408.0,169.0,1139.0,4094.0,-10475.0,0.020000000000000018,68.29999999999973,51.99999999999909,27.40000000000009,62.10000000000002,57.10000000000001,-64.89999999999999,17.342799999999897,37.02019999999993,20.929999999934807,-0.20040710000000672,-64.51999999999998,0.12300170200000027,19.2867855,-0.18999999999999995,0.15000000000000036,-0.5900000000000001,-0.30999999999999983,-0.27000000000000024,-0.26000000000000023,-0.20000000000000018,0.010000000000000675,0.15999999999999925,1.1,-0.68,-0.2,0.1,1.07,1.88,3.84,5.5,0.026100000000000012,-2.7875999999999976,-0.08920000000000017,0.0046999999999999265,0.6999999999999886,0.700000000000017,-0.09999999999999432,-15.100000000000023,-12.709999999999994,-24.30000000000001,0.18700000000001182,-0.8480000000000132,0.007999999999981355,0.04300000000006321,0.34600000000000364,-0.09099999999999397,0.02199999999999136,0.015999999999991132,0.0589999999999975,0.16100000000000136,0.07500000000000284,-0.06999999999999318,0.33100000000000307,-0.04799999999998761,0.03999999999999915,0.0799999999999983,0.019999999999999574,-1069.5099999999802,-6114.840000000084,29.75530000000026
2008-10-01,93.33100000000013,71.5,-0.13000000000000966,-10843.0,-13779.0,0.9409000000000134,-0.6788999999999987,-0.5031000000000034,0.2750999999999948,-2.1761000000000053,107.6493,-2.4786,2.5067000000000093,-3.0060000000000002,102.1011,-0.6323000000000008,0.8422000000000054,12.353200000000001,71.7535,155.0,0.335219377,306.0,-274.0,6.5,1.2999999999999972,322.0,20.0,364.0,111.0,253.0,475250,-469.0,-209.0,-3.1000000000000227,-77.0,-129.0,-97.0,-32.0,-260.0,-111.0,-37.5,-61.600000000000364,-34.0,12.0,40.0,3.4,40.5,777,-37.0,-16.0,414,162,736.0,-13.0,-6.0,375.0,160.0,-23333.0,-8571.0,-14517.0,0.050000000000000044,-42.799999999999955,36.00000000000091,78.40000000000009,226.70000000000005,211.9,-146.3,55.40499999999997,157.48060000000032,-560.0200000000186,-0.060922499999975344,-248.1500000000001,0.5914028769999997,16.29692846,-0.8400000000000001,0.2799999999999998,-0.45999999999999985,-0.41000000000000014,-0.49,-0.1499999999999999,0.1200000000000001,0.6299999999999999,1.5700000000000012,2.22,-0.3,0.23,0.45,1.76,2.84,5.31,7.91,0.03269999999999995,-6.608899999999991,-0.11109999999999998,0.12650000000000006,-4.399999999999977,-6.600000000000023,-8.599999999999994,-39.29999999999998,-27.25,-35.5,-1.882000000000005,-0.7009999999999792,-10.24799999999999,-0.1750000000000682,-3.8089999999999975,-0.0870000000000033,0.12999999999999545,-2.3389999999999986,-2.7649999999999864,-1.9629999999999939,-0.5960000000000036,0.22100000000000364,-2.257000000000005,-0.20000000000000284,0.07000000000000028,0.030000000000001137,0.05999999999999872,-4949.690000000002,-13622.650000000023,123.11119999999983
2008-11-01,98.76499999999942,62.600000000000364,-0.25799999999999557,-31453.0,-13600.0,-1.2368000000000023,-1.141300000000001,-0.33319999999999084,-0.8663999999999987,-3.3023999999999916,107.6371,1.2017000000000024,-1.3418000000000063,-4.26100000000001,97.7381,-2.433400000000006,2.583299999999994,-1.5489000000000033,70.0521,-146.0,0.306604669,-237.0,-702.0,6.8,-1.0,165.0,205.0,-67.0,-6.0,-61.0,519800,-750.0,-271.0,-4.7999999999999545,-154.0,-112.0,-82.0,-30.0,-479.0,-206.0,-37.600000000000364,-128.79999999999927,-39.0,11.0,39.6,3.2,40.1,652,-18.0,-17.0,351,135,626.0,-4.0,-28.0,297.0,160.0,-10360.0,-10671.0,-16124.0,0.08999999999999986,29.0,-50.600000000000364,90.69999999999982,305.89999999999986,294.3,243.8,-11.042699999999968,1.8448999999995976,-3268.839999999851,0.36960289999998963,-85.75999999999999,0.2703104770000002,16.08191266,-0.58,-1.65,-0.48000000000000004,-0.47,-0.34999999999999987,-0.43999999999999995,-0.28000000000000025,-0.16000000000000014,0.33000000000000007,1.15,-0.2,0.34,0.68,1.9,3.14,5.73,8.82,0.04810000000000003,-3.00030000000001,-0.15349999999999997,0.032399999999999984,-5.400000000000006,-7.199999999999989,-9.700000000000017,-28.599999999999994,-19.210000000000008,-32.099999999999994,-3.842000000000013,0.8869999999999862,-20.101,0.24000000000006594,-7.681000000000012,-0.001999999999995339,0.10900000000003729,-4.536000000000001,-5.615000000000009,-3.987000000000023,-1.0579999999999927,-0.3219999999999885,-4.646999999999991,0.09799999999999898,0.08000000000000185,0.16999999999999815,-0.029999999999997584,-3332.600000000006,-11110.80999999994,-60.177200000000084
2008-12-01,-90.14099999999962,-131.89999999999964,-0.24399999999999977,-6091.0,-7259.0,-2.6351000000000084,-2.1029000000000053,-1.324300000000008,-2.0889999999999986,-3.8444999999999965,106.1808,0.8532000000000011,-3.186099999999996,-4.921099999999996,92.5795,-3.2005999999999943,2.005900000000011,0.401299999999992,67.7838,-85.0,0.278752437,16.0,-731.0,7.3,1.0,-80.0,238.0,624.0,232.0,391.0,564000,-696.0,-302.0,-5.300000000000068,-112.0,-184.0,-128.0,-56.0,-394.0,-173.0,-40.599999999999454,-105.60000000000036,-33.0,-4.0,39.3,2.9,39.8,560,4.0,-28.0,283,135,554.0,-10.0,-14.0,293.0,116.0,-7703.0,-10499.0,-32356.0,0.020000000000000018,46.30000000000018,125.69999999999982,115.30000000000018,224.10000000000014,211.79999999999995,257.0,-16.759599999999864,-7.8245999999999185,-1207.410000000149,1.5098740999999904,-5.480000000000018,0.002712277000000096,17.35650147,-0.23,-0.44999999999999996,-0.16,-0.47,-0.5800000000000001,-0.77,-1.1099999999999999,-1.0700000000000003,-0.7800000000000011,0.93,-0.13,0.1,0.33,1.36,2.26,4.89,8.27,-0.05059999999999998,-5.690599999999989,-0.0472999999999999,0.016599999999999948,-3.200000000000017,-4.599999999999994,-7.399999999999977,-10.600000000000023,-16.419999999999995,-16.200000000000017,-1.7549999999999955,-0.8160000000000025,-8.834000000000003,0.3599999999999568,-3.6140000000000043,0.12600000000000477,0.16699999999997317,-2.0430000000000064,-2.484999999999985,-1.853999999999985,-0.49500000000000455,-0.009000000000014552,-2.1779999999999973,0.055999999999997385,0.0799999999999983,0.16000000000000014,-0.010000000000001563,-5203.4800000000105,-11382.670000000042,-48.959100000000035
2009-01-01,-129.63800000000083,-204.70000000000073,0.3810000000000002,-23644.0,4838.0,-2.2553999999999945,-2.9069000000000074,-3.139399999999995,-2.355400000000003,-8.907300000000006,106.1452,-4.9803,-1.5930000000000035,-4.625500000000002,93.1358,-2.9891999999999967,-0.7469000000000108,0.5757000000000119,65.6656,-408.0,0.227069166,-445.0,-1217.0,7.8,-0.09999999999999787,269.0,164.0,217.0,129.0,89.0,572000,-769.0,-434.0,-8.899999999999977,-134.0,-290.0,-233.0,-57.0,-335.0,-140.0,-32.80000000000018,-83.70000000000073,-50.0,23.0,39.2,2.9,39.7,490,-27.0,-20.0,254,141,545.0,-2.0,5.0,282.0,115.0,-22764.0,-21117.0,-17801.0,0.010000000000000009,-106.00000000000023,-93.30000000000018,30.0,45.59999999999991,39.30000000000007,129.39999999999998,-13.78710000000001,-17.216300000000047,21.69000000017695,1.2493195000000128,-11.979999999999905,0.0008740679999998946,18.62172281,-0.010000000000000009,0.010000000000000009,0.1,0.03999999999999998,-0.04999999999999999,0.08000000000000007,0.10000000000000009,0.0,-0.28999999999999915,0.95,-0.02,0.15,0.29,1.45,2.37,4.9,7.99,-0.013700000000000045,-1.1544999999999987,-0.039200000000000124,-0.008899999999999908,1.1000000000000227,1.6999999999999886,0.09999999999999432,-3.5999999999999943,0.7199999999999989,-2.0,0.5349999999999966,0.5960000000000036,1.7299999999999898,-0.21299999999996544,0.6110000000000184,0.29699999999999704,0.464999999999975,0.5970000000000084,0.5739999999999839,0.5099999999999909,0.010000000000005116,0.35299999999999443,0.30400000000000205,-0.06500000000001194,-0.00999999999999801,-0.0799999999999983,-0.01999999999999602,-9126.419999999984,-24175.390000000014,44.257100000000264
2009-02-01,-158.54099999999926,-179.39999999999964,-0.34499999999999886,6775.0,-1353.0,-0.5281999999999982,-0.6193999999999988,-0.36719999999999686,0.07489999999999952,1.6106000000000051,105.6856,-0.44480000000000075,-0.44589999999999463,-0.49799999999999045,94.4324,-0.08220000000000027,-4.034499999999994,1.6546999999999912,65.6845,126.0,0.22204993,328.0,-512.0,8.3,0.3999999999999986,-74.0,274.0,691.0,391.0,300.0,644000,-761.0,-314.0,-12.699999999999932,-121.0,-181.0,-133.0,-48.0,-447.0,-154.0,-47.19999999999982,-83.19999999999891,-48.0,-3.0,39.3,2.7,39.6,582,27.0,36.0,311,113,558.0,15.0,0.0,296.0,99.0,-2251.0,-23469.0,-20811.0,-0.030000000000000027,3.300000000000182,-54.19999999999891,0.0,-150.29999999999995,-159.20000000000005,-178.2,-12.081700000000183,23.844500000000153,-157.05000000004657,1.3181710000000066,-60.35000000000002,0.19533726100000015,19.01221021,0.07,-0.43000000000000005,0.16999999999999998,0.15000000000000002,0.18,0.27,0.3500000000000001,0.21999999999999975,-0.0600000000000005,0.45,0.08,0.23,0.4,1.65,2.65,5.05,7.86,0.0371999999999999,2.7952999999999975,-0.0040000000000000036,0.020399999999999974,-0.20000000000001705,-0.19999999999998863,-1.5,-9.699999999999989,-2.5800000000000054,-19.799999999999983,0.7720000000000198,2.0730000000000075,3.021000000000015,-0.047000000000025466,1.3329999999999984,0.23999999999999488,0.20300000000003138,0.9439999999999884,1.038000000000011,0.7549999999999955,0.15800000000000125,0.09000000000001762,0.8659999999999997,0.029000000000024784,0.05000000000000071,0.00999999999999801,0.049999999999993605,-3419.4800000000105,-15796.0,17.325199999999768
2009-03-01,-32.85200000000077,-71.10000000000036,-0.34600000000000364,-22663.0,-5829.0,-1.3740999999999985,-1.3104999999999905,-1.1959000000000088,-0.5566000000000031,-0.16429999999999723,105.0017,-1.694900000000004,-1.4612000000000052,-2.380900000000011,92.664,-1.6287999999999982,0.9544000000000068,-0.9081999999999937,64.5624,-330.0,0.188738269,-405.0,-933.0,8.7,0.6999999999999993,15.0,186.0,431.0,169.0,261.0,659250,-825.0,-351.0,-17.100000000000023,-155.0,-175.0,-125.0,-50.0,-474.0,-163.0,-42.30000000000018,-86.30000000000109,-42.0,-16.0,38.9,2.6,39.3,505,3.0,1.0,264,79,513.0,-13.0,-3.0,262.0,104.0,-2511.0,-22067.0,-20903.0,0.020000000000000018,27.299999999999955,36.899999999999636,35.5,85.59999999999991,77.10000000000002,47.5,-21.4704999999999,0.21270000000004075,-1341.3300000000745,0.3683639999999855,-48.10000000000002,0.1677999609999996,19.90644318,-0.04000000000000001,-0.050000000000000044,-0.09,-0.030000000000000027,0.020000000000000018,-0.050000000000000044,-0.050000000000000266,0.23000000000000043,0.33999999999999986,0.44,0.03,0.24,0.46,1.64,2.64,5.32,8.24,-0.008399999999999963,4.9392,-0.02519999999999989,0.019299999999999873,-1.5,-2.200000000000017,-2.5999999999999943,-3.3000000000000114,8.82,-2.4000000000000057,-0.21000000000000796,-1.4410000000000167,-1.9749999999999943,-0.17700000000002092,-0.4380000000000166,-0.1530000000000058,0.08800000000002228,-0.17199999999999704,-0.40399999999999636,-0.24799999999999045,-0.09700000000000841,-0.3450000000000131,-0.0940000000000083,-0.034000000000020236,0.06999999999999673,0.20000000000000284,-0.02999999999999403,-3028.3800000000047,-9026.79999999993,18.90000000000009
2009-04-01,30.63000000000102,-9.599999999998545,-0.12399999999999523,-8377.0,1605.0,-0.678600000000003,-0.7888999999999982,-0.8162999999999982,-0.2819999999999965,0.1132999999999953,104.5882,-1.703099999999992,-0.5725999999999942,-1.0373000000000019,93.5921,-0.5921000000000021,1.4786000000000001,0.012000000000000455,64.2002,-239.0,0.165668086,376.0,-51.0,9.0,0.8000000000000007,-127.0,16.0,499.0,9.0,492.0,627750,-671.0,-333.0,-15.899999999999977,-137.0,-179.0,-149.0,-30.0,-338.0,-157.0,-45.400000000000546,-63.69999999999891,-55.0,117.0,38.9,2.9,39.4,478,-16.0,-10.0,230,112,521.0,-3.0,-3.0,270.0,110.0,1144.0,-15215.0,-18481.0,-0.020000000000000018,20.999999999999773,-62.400000000001455,-1.800000000000182,105.90000000000009,103.60000000000002,157.5,-19.982500000000073,14.772500000000036,-3008.3599999998696,-0.7532956000000013,91.01999999999998,-0.45148267200000003,25.18503247,-0.03,-0.14,-0.04999999999999999,-0.07,-0.08999999999999997,0.040000000000000036,0.11000000000000032,-0.11000000000000032,-0.02999999999999936,0.33,0.01,0.2,0.4,1.71,2.78,5.24,8.24,-0.007400000000000073,1.0649999999999977,0.054200000000000026,-0.0403,0.9000000000000057,1.3000000000000114,0.09999999999999432,2.3000000000000114,1.8100000000000023,-6.400000000000006,0.21399999999999864,-0.6659999999999826,0.6409999999999911,0.5200000000000387,0.4380000000000166,0.09700000000000841,-0.04600000000004911,0.30400000000000205,0.2150000000000034,0.16900000000001114,0.12600000000000477,0.3889999999999958,0.402000000000001,0.1220000000000141,0.0,-0.0400000000000027,-3.552713678800501e-15,-2091.889999999985,-7933.320000000065,-8.677599999999984
2009-05-01,178.40699999999924,-8.5,0.0759999999999934,460.0,2904.0,-0.8466999999999985,-1.1851000000000056,-1.4853999999999985,-1.2646000000000015,-3.0127999999999986,103.9642,-2.17110000000001,-0.47920000000000584,-1.4848999999999961,94.7135,-0.9024000000000001,-1.8742000000000019,-1.2424000000000035,63.6069,254.0,0.175805228,238.0,-408.0,9.4,0.6999999999999993,-92.0,320.0,637.0,415.0,221.0,612000,-353.0,-237.0,-16.40000000000009,-54.0,-167.0,-139.0,-28.0,-116.0,-60.0,-26.0,-15.700000000000728,-28.0,-60.0,38.9,2.8,39.3,540,6.0,-7.0,273,132,556.0,6.0,12.0,285.0,112.0,1788.0,-10686.0,-15335.0,-0.020000000000000018,-26.799999999999727,53.400000000001455,21.5,21.899999999999864,21.09999999999991,53.89999999999998,-21.995699999999943,37.85519999999997,7943.569999999832,-1.2506468999999925,54.25999999999999,-0.250577909,30.48163504,0.03,-0.10999999999999999,0.01999999999999999,-0.04999999999999999,-0.050000000000000044,0.2699999999999998,0.3599999999999999,0.15000000000000036,-0.33000000000000007,0.19,0.0,0.12,0.32,1.95,3.11,5.36,7.88,-0.04049999999999998,-2.275500000000008,0.0706,-0.07139999999999991,0.30000000000001137,0.5999999999999943,1.0,5.099999999999994,9.369999999999997,7.200000000000017,0.3129999999999882,0.04199999999998738,2.1450000000000102,-0.09000000000003183,0.7009999999999934,0.10600000000000875,-0.1139999999999759,0.4230000000000018,0.41499999999999204,0.27299999999999613,0.09199999999999875,-0.2109999999999843,0.3640000000000043,-0.014000000000010004,0.020000000000003126,0.08000000000000185,-0.05999999999999872,-1501.1000000000058,-6210.469999999972,28.53769999999986
2009-06-01,-235.10299999999916,-86.5,0.023000000000010346,-1688.0,5627.0,-0.26900000000000546,-0.3059999999999974,-0.48579999999999757,-0.4258999999999986,-0.7045999999999992,103.6485,-0.6441999999999979,-0.23959999999999582,-0.7064000000000021,95.2196,-0.19780000000000086,-2.605400000000003,0.7143999999999977,63.5333,-46.0,0.170191066,-31.0,-239.0,9.5,1.5,-132.0,-406.0,815.0,439.0,376.0,598250,-461.0,-235.0,-7.5,-90.0,-137.0,-108.0,-29.0,-226.0,-54.0,-23.799999999999272,-13.199999999998909,-25.0,-41.0,39.1,2.8,39.6,585,24.0,25.0,277,124,601.0,-1.0,5.0,320.0,118.0,-2222.0,-12983.0,-17874.0,-0.040000000000000036,35.399999999999864,-48.100000000000364,-28.0,-91.39999999999986,-93.09999999999991,-6.399999999999977,-32.91390000000001,-17.941499999999905,-14922.119999999879,0.29238860000000955,23.710000000000036,-0.1339162939999996,35.6740676,0.03,-0.010000000000000009,0.0,0.010000000000000009,0.010000000000000009,0.5800000000000001,0.43000000000000016,0.07000000000000028,-0.5600000000000005,0.15,-0.03,0.1,0.3,2.5,3.51,5.4,7.29,-0.026699999999999946,-0.029999999999986926,0.09509999999999996,-0.02639999999999998,3.1999999999999886,4.200000000000017,2.299999999999983,7.5,10.52000000000001,5.199999999999989,1.7680000000000007,0.382000000000005,8.431999999999988,-0.4639999999999418,3.376999999999981,0.08699999999998909,0.10199999999997544,2.0579999999999927,2.555000000000007,1.7889999999999873,0.5250000000000057,0.09899999999998954,2.0999999999999943,0.08199999999999363,0.019999999999999574,0.019999999999999574,0.05000000000000071,-3420.9500000000116,-11621.04999999993,49.10429999999997
2009-07-01,-51.57500000000073,-53.400000000001455,0.2779999999999916,15747.0,634.0,1.0107,0.8713999999999942,1.1916999999999973,1.2638000000000034,6.964799999999997,102.8676,0.955600000000004,1.1774999999999949,2.660800000000009,95.7658,1.3699000000000012,-0.3614000000000033,-1.0108999999999924,64.6196,-271.0,0.152866242,-214.0,-108.0,9.5,1.2000000000000028,23.0,-547.0,2.0,-565.0,568.0,566500,-345.0,-145.0,-8.099999999999909,-78.0,-59.0,-37.0,-22.0,-200.0,-103.0,-24.600000000000364,-54.900000000001455,-14.0,-55.0,39.3,3.0,39.9,594,-19.0,6.0,297,126,595.0,1.0,9.0,292.0,130.0,6658.0,-9267.0,-15992.0,-0.029999999999999805,-37.59999999999991,-5.700000000000728,3.199999999999818,-10.100000000000136,-13.200000000000045,58.60000000000002,-41.08400000000006,-21.780099999999948,2309.309999999823,0.6939411999999834,9.700000000000045,-0.08883738299999999,41.90637602,-0.04999999999999999,-0.02999999999999997,0.0,-0.03999999999999998,-0.030000000000000027,-0.25,-0.16000000000000014,-0.20000000000000018,-0.41000000000000014,0.17,0.02,0.11,0.32,2.3,3.4,5.25,6.93,-0.0028999999999999027,-2.2475000000000023,0.0008999999999999009,-0.0035000000000000586,-2.0,-2.6000000000000227,-0.5999999999999943,-7.0,-5.590000000000003,4.800000000000011,-0.06399999999999295,-0.5300000000000011,0.24799999999999045,0.005999999999914962,-0.20199999999999818,-0.3919999999999959,0.06100000000003547,-0.0049999999999954525,0.046999999999997044,-0.09699999999997999,0.009999999999990905,-0.5229999999999961,-0.13100000000000023,-0.004999999999981242,0.07000000000000028,0.03999999999999915,0.0899999999999963,-1471.4899999999907,-3802.0100000000093,16.32360000000017
2009-08-01,-24.71900000000096,-26.899999999999636,0.7520000000000095,620.0,6151.0,0.9540000000000077,0.7890000000000015,0.8826999999999998,0.8863999999999947,0.9358000000000004,103.7331,0.8820999999999941,1.1513999999999953,1.6071000000000026,96.9594,0.9823999999999984,0.25540000000000873,-0.5392000000000081,65.4206,106.0,0.15782368,-195.0,-409.0,9.6,0.1999999999999993,-197.0,422.0,-11.0,-132.0,120.0,559200,-190.0,-128.0,-10.0,-77.0,-42.0,-33.0,-9.0,-62.0,-36.0,-17.100000000000364,-8.099999999998545,-25.0,16.0,39.3,3.0,40.0,586,8.0,-6.0,286,127,616.0,6.0,-3.0,316.0,124.0,3798.0,-6856.0,-16914.0,-0.040000000000000036,-6.2000000000000455,-4.799999999999272,-13.399999999999636,37.200000000000045,32.200000000000045,67.69999999999999,-31.79169999999999,-24.683600000000297,-556.6499999999069,-0.19117399999998952,73.90999999999997,-0.2515435830000001,52.87696823,0.0,-0.040000000000000036,-0.009999999999999981,-0.010000000000000009,-0.019999999999999962,0.10999999999999988,0.029999999999999805,-0.15000000000000036,-0.5099999999999998,0.13,0.01,0.1,0.3,2.41,3.43,5.1,6.42,-0.009700000000000042,0.5300999999999902,0.01540000000000008,-0.035700000000000065,2.4000000000000057,3.3000000000000114,2.700000000000017,8.099999999999994,6.969999999999999,15.799999999999983,0.7189999999999941,0.5440000000000111,2.8140000000000214,0.2660000000000764,0.8760000000000048,-0.7360000000000042,0.5380000000000109,0.8379999999999939,0.8659999999999854,0.6979999999999791,0.2580000000000098,0.117999999999995,0.7780000000000058,0.07199999999998852,-0.010000000000001563,-0.05000000000000071,-0.0899999999999963,-577.2000000000116,-3949.480000000098,26.16910000000007
2009-09-01,34.1190000000006,-7.5,-0.7790000000000106,1281.0,-8161.0,0.7427999999999884,0.6264000000000038,0.7869000000000028,0.8498000000000019,3.4305999999999983,103.662,0.4853999999999985,0.8796999999999997,1.796699999999987,97.1814,0.8965000000000032,0.9580999999999875,2.3105000000000047,66.1611,149.0,0.16570058,-480.0,-674.0,9.8,1.3000000000000007,-99.0,-152.0,574.0,117.0,457.0,547500,-225.0,-102.0,-1.900000000000091,-68.0,-32.0,-27.0,-5.0,-123.0,-57.0,-16.599999999999454,-32.100000000000364,-10.0,-86.0,39.2,3.1,40.1,585,-3.0,1.0,297,117,609.0,0.0,-1.0,309.0,125.0,552.0,-11551.0,-6287.0,0.0,7.400000000000091,-1.0,-8.300000000000182,90.40000000000009,93.89999999999998,118.49999999999994,-25.732299999999896,-48.30289999999968,-1409.8500000000931,-0.6783750000000168,34.819999999999936,-0.13469324800000004,64.91708966,-0.010000000000000009,-0.05999999999999997,-0.05000000000000002,-0.05000000000000002,-0.06,-0.19999999999999973,-0.18999999999999995,-0.1299999999999999,-0.27000000000000046,0.08,-0.03,0.06,0.25,2.22,3.25,4.98,6.16,-0.029200000000000115,-3.6222999999999956,-0.02089999999999992,-0.005600000000000049,-0.4000000000000057,-0.5,0.5,-2.0,-1.6000000000000085,13.800000000000011,0.4159999999999968,0.2909999999999826,1.5999999999999943,0.17799999999994043,0.5900000000000034,1.0529999999999973,0.23799999999999955,0.5040000000000191,0.6290000000000191,0.3810000000000002,0.14399999999999125,0.7740000000000009,0.23599999999999,-0.09000000000000341,-0.00999999999999801,-0.14999999999999858,0.05999999999999872,-2546.389999999985,-8758.079999999958,3.621599999999944
2009-10-01,-41.77900000000045,-1.3999999999996362,0.09499999999999886,5335.0,3147.0,0.19880000000000564,0.18089999999999407,0.24370000000000402,0.23680000000000234,-1.211500000000001,104.4176,0.3592000000000013,0.21630000000000393,0.28070000000001016,97.9498,0.05649999999999977,8.187600000000003,-1.6195000000000022,66.2818,-81.0,0.156722251,-43.0,-386.0,10.0,0.8999999999999986,382.0,-223.0,246.0,98.0,149.0,525400,-185.0,-130.0,-5.399999999999977,-71.0,-53.0,-40.0,-13.0,-55.0,-83.0,-19.699999999999818,-48.399999999999636,-19.0,73.0,39.2,3.3,40.2,534,-12.0,-2.0,266,111,583.0,-3.0,-1.0,299.0,113.0,3056.0,-8108.0,8340.0,-0.010000000000000009,7.899999999999864,27.80000000000109,0.40000000000009095,135.0999999999999,134.10000000000002,175.9000000000001,-30.051899999999932,-24.071600000000217,-5640.5099999997765,-0.5602018999999814,23.110000000000127,-0.09604545200000025,79.8640307,-0.03,-0.010000000000000009,-0.04999999999999999,-0.04999999999999999,-0.030000000000000027,-0.040000000000000036,-0.009999999999999787,0.020000000000000462,-0.019999999999999574,0.1,-0.05,0.04,0.25,2.21,3.27,5.03,6.17,-0.017799999999999816,-0.9077000000000055,-0.01110000000000011,-0.026899999999999924,0.8000000000000114,1.1999999999999886,0.6999999999999886,12.800000000000011,6.359999999999999,1.0999999999999943,0.6479999999999961,-0.8219999999999885,2.4639999999999986,-0.3359999999999559,0.8240000000000123,1.0390000000000015,0.48799999999999955,0.72199999999998,0.8229999999999791,0.6310000000000002,0.33899999999999864,0.08100000000000307,0.1700000000000017,0.2850000000000108,0.09999999999999787,0.41000000000000014,-0.120000000000001,-440.20000000001164,-23348.05999999994,-3.0100000000002183
2009-11-01,33.39500000000044,32.20000000000073,-0.13400000000000034,8176.0,2721.0,0.3579000000000008,-0.0660000000000025,-0.3592000000000013,-0.5818000000000012,1.4480999999999966,103.1293,-0.12319999999999709,0.8422000000000054,1.4959999999999951,100.1225,0.8977999999999895,-9.9302,-1.062100000000001,67.032,97.0,0.164465471,94.0,227.0,9.9,1.3999999999999986,-407.0,-95.0,107.0,-159.0,265.0,494000,-4.0,-46.0,3.1000000000000227,-20.0,-29.0,-23.0,-6.0,42.0,-36.0,-10.600000000000364,-17.80000000000109,5.0,9.0,39.7,3.4,40.5,588,13.0,1.0,301,116,623.0,7.0,10.0,318.0,117.0,-678.0,-12621.0,10395.0,-0.010000000000000009,-7.5,2.899999999997817,0.40000000000009095,88.29999999999995,84.89999999999986,132.5999999999999,-17.778500000000122,64.09000000000015,3717.7599999997765,-0.3609044000000097,20.409999999999854,-0.08676447199999959,86.84311717,0.0,-0.03,-0.020000000000000004,-0.010000000000000009,-0.06,-0.10000000000000009,0.009999999999999787,0.040000000000000036,0.03000000000000025,0.07,-0.07,0.03,0.19,2.11,3.28,5.07,6.2,-0.008200000000000207,-1.0996999999999986,0.03869999999999996,0.0045999999999999375,2.299999999999983,3.0,1.9000000000000057,8.400000000000006,2.260000000000005,5.099999999999994,0.7250000000000227,-0.21399999999999864,3.4499999999999886,0.22699999999997544,1.2039999999999793,-0.8219999999999885,0.20199999999999818,0.8220000000000027,1.1950000000000216,0.7019999999999982,0.22400000000000375,-0.31799999999999784,0.5330000000000013,-0.23499999999999943,0.030000000000001137,-0.010000000000001563,0.060000000000002274,-3033.039999999979,-10835.430000000051,13.228500000000167
2009-12-01,57.42200000000048,27.0,0.5110000000000099,3688.0,1697.0,0.30159999999999343,0.28770000000000095,0.3650999999999982,-0.11540000000000816,-0.5292999999999921,103.1683,1.3995000000000033,0.3164999999999907,0.19870000000000232,98.8404,-0.12139999999999418,7.124600000000001,-1.696799999999996,67.0286,65.0,0.170088754,-767.0,-646.0,9.9,0.8000000000000007,63.0,0.0,80.0,-135.0,214.0,485500,-250.0,-76.0,-0.10000000000002274,-42.0,-33.0,-21.0,-12.0,-174.0,-96.0,-13.800000000000182,-31.299999999999272,-12.0,-51.0,39.6,3.5,40.6,581,-4.0,-7.0,313,108,664.0,27.0,2.0,319.0,128.0,101.0,-15075.0,-2554.0,-0.020000000000000018,4.5,-33.99999999999818,-4.300000000000182,1.6000000000001364,-1.199999999999818,46.200000000000045,-24.85349999999994,-29.17599999999993,12191.630000000121,0.35547120000001087,22.310000000000173,-0.08702871400000012,81.98598654,0.0,0.010000000000000009,0.0,0.020000000000000018,0.06,0.10999999999999988,0.18999999999999995,0.0699999999999994,0.04999999999999982,0.08,-0.07,0.05,0.25,2.22,3.47,5.14,6.25,0.017000000000000126,0.6835000000000093,-0.03729999999999989,-0.005599999999999827,0.5,0.8000000000000114,0.9000000000000057,5.5,-3.780000000000001,7.900000000000006,0.11299999999999955,0.9269999999999925,0.2740000000000009,-0.49799999999999045,0.1560000000000059,-0.1570000000000107,0.07200000000000273,0.07900000000000773,0.15699999999998226,0.09200000000001296,0.0519999999999925,-0.3299999999999983,0.03700000000000614,-0.05500000000000682,0.0,0.030000000000001137,-0.030000000000001137,-2068.060000000027,-7317.069999999949,25.15039999999999
2010-01-01,58.60499999999956,-25.5,-0.15400000000001057,-3149.0,-183.0,0.949300000000008,0.895300000000006,0.9634999999999962,0.6599000000000075,0.9320999999999913,103.7332,1.1724999999999994,1.0131000000000085,1.9325000000000045,99.4041,0.903499999999994,4.370400000000004,-2.5352000000000032,67.7946,269.0,0.188555098,373.0,425.0,9.8,0.6000000000000014,42.0,-67.0,59.0,-138.0,197.0,479800,-6.0,-89.0,3.8999999999999773,-74.0,-18.0,-12.0,-6.0,83.0,49.0,-21.0,49.69999999999891,-11.0,9.0,40.0,3.6,40.9,614,6.0,-3.0,325,126,636.0,-26.0,-17.0,313.0,149.0,20496.0,2822.0,2387.0,-0.010000000000000009,-27.899999999999864,-29.700000000000728,-18.40000000000009,-31.200000000000045,-28.0,-0.2999999999999545,-26.41059999999993,-18.226599999999962,-4963.139999999898,-1.2759896999999967,13.199999999999818,-0.03854400800000013,67.79279797,-0.009999999999999995,-0.020000000000000018,0.009999999999999995,-0.020000000000000018,-0.020000000000000018,0.14000000000000012,0.14000000000000012,0.0,-0.1200000000000001,0.07,-0.05,0.04,0.24,2.37,3.62,5.15,6.14,0.0043999999999999595,1.1501999999999981,-0.006800000000000139,-0.00990000000000002,1.8000000000000114,2.5,3.0,13.099999999999994,3.9200000000000017,1.0999999999999943,0.14099999999999113,-0.9650000000000034,1.599000000000018,0.9700000000000273,0.7700000000000102,0.1389999999999958,-0.4519999999999982,0.06499999999999773,0.6670000000000016,0.08299999999999841,0.19700000000000273,0.11299999999999955,0.3760000000000048,0.08799999999999386,0.03999999999999915,0.10000000000000142,0.019999999999999574,8985.0,59.59999999997672,-0.47359999999980573
2010-02-01,0.15600000000085856,-9.300000000001091,0.31400000000000716,7250.0,835.0,0.3148999999999944,-0.3855000000000075,-0.5287000000000006,-0.8281999999999954,-1.2683999999999997,103.0737,-0.38870000000000005,1.0918999999999954,0.7763999999999953,100.0897,-0.06439999999999202,1.1691000000000003,2.1081999999999965,67.8466,-171.0,0.17640442,210.0,143.0,9.8,-0.5,-114.0,0.0,28.0,219.0,-190.0,485750,-97.0,-80.0,5.900000000000091,-80.0,-8.0,-5.0,-3.0,-17.0,-12.0,-10.099999999999454,-1.0,-8.0,-15.0,39.6,3.4,40.5,604,1.0,15.0,286,139,650.0,3.0,11.0,312.0,150.0,-566.0,4746.0,8802.0,0.010000000000000009,43.19999999999982,84.10000000000036,26.59999999999991,120.19999999999982,113.09999999999991,144.0999999999999,-15.074300000000221,-37.25600000000031,-6282.820000000065,-0.5110617000000275,-34.419999999999845,0.047260325999999964,54.29790347,0.020000000000000004,0.020000000000000018,0.05,0.03,0.0,-0.1200000000000001,-0.040000000000000036,0.08999999999999986,0.08999999999999986,0.07,-0.02,0.05,0.22,2.23,3.56,5.22,6.21,0.03770000000000007,-0.9616000000000042,-0.053999999999999826,0.013399999999999856,-1.200000000000017,-1.5999999999999943,-0.4000000000000057,-5.200000000000017,-1.7999999999999972,-17.099999999999994,-0.20699999999999363,0.8050000000000068,-1.1380000000000052,-0.06500000000005457,-0.5550000000000068,-0.5799999999999841,0.13700000000000045,-0.25,-0.2769999999999868,-0.27299999999999613,-0.001999999999995339,-0.2610000000000099,-0.20900000000000318,-0.0759999999999934,0.030000000000001137,0.04999999999999716,0.019999999999999574,-3897.209999999992,-8876.160000000033,3.914600000000064
2010-03-01,50.95799999999872,43.5,0.4030000000000058,14011.0,7395.0,0.6310000000000002,0.7754000000000048,0.8790000000000049,0.35029999999999006,1.1255000000000024,103.1552,1.5765999999999991,0.4742999999999995,1.7305999999999955,100.4841,1.145399999999995,-5.188200000000009,2.664500000000004,68.8106,13.0,0.176226812,260.0,170.0,9.9,1.8000000000000007,-38.0,-96.0,165.0,-251.0,416.0,470250,160.0,44.0,6.699999999999932,37.0,0.0,11.0,-11.0,116.0,46.0,0.0,34.400000000001455,-17.0,42.0,40.0,3.6,41.0,636,-5.0,-13.0,342,133,687.0,-6.0,5.0,357.0,143.0,1698.0,2453.0,6002.0,-0.020000000000000018,-12.999999999999773,-53.5,-3.099999999999909,-35.59999999999991,-41.0,-21.5,-13.656499999999824,-16.56230000000005,10978.300000000047,0.20919050000000539,62.88999999999987,-0.1251171339999999,47.70970185,0.03,0.03999999999999998,0.039999999999999994,0.04000000000000001,0.050000000000000044,0.07000000000000028,0.040000000000000036,-0.08000000000000007,-0.07000000000000028,0.08,-0.01,0.06,0.24,2.27,3.57,5.11,6.11,-0.005600000000000049,0.5765999999999991,-0.05600000000000005,-0.0343,1.200000000000017,1.5999999999999943,0.9000000000000057,3.4000000000000057,4.819999999999993,12.300000000000011,0.07200000000000273,-0.2330000000000041,-0.6030000000000086,-0.16199999999997772,-0.1839999999999975,-0.005000000000009663,0.37199999999995725,0.014000000000010004,0.13399999999998613,0.020999999999986585,0.12699999999999534,0.2430000000000092,-0.0040000000000048885,0.09499999999999886,0.019999999999999574,0.030000000000001137,-0.04999999999999716,40404.04000000001,-9439.229999999981,-10.546600000000126
2010-04-01,115.36499999999978,119.5,0.1729999999999876,10009.0,3235.0,0.32510000000000616,0.2096000000000089,-0.17780000000000484,-0.7861999999999938,0.2062000000000097,102.0348,0.9599000000000046,0.45120000000000005,1.3643,101.1011,0.7494999999999976,-7.931299999999993,0.6804000000000059,69.486,474.0,0.205742251,668.0,546.0,9.9,1.6999999999999957,-44.0,-208.0,43.0,-212.0,255.0,469000,255.0,58.0,5.0,16.0,36.0,30.0,6.0,197.0,2.0,0.5,-3.900000000001455,3.0,51.0,40.6,3.8,41.1,687,17.0,22.0,379,108,637.0,3.0,1.0,319.0,127.0,800.0,694.0,4969.0,-0.010000000000000009,-25.000000000000227,35.29999999999927,13.5,-65.19999999999982,-67.09999999999991,-55.59999999999991,-2.6864000000000487,9.444200000000365,-2510.470000000205,-1.3863059999999905,45.26999999999998,-0.06828782899999997,41.73383818,0.04000000000000001,0.06,0.010000000000000009,0.01999999999999999,0.04999999999999999,0.1499999999999999,0.1200000000000001,0.020000000000000462,-0.019999999999999574,0.1,-0.04,0.04,0.25,2.38,3.65,5.09,6.05,0.0023999999999999577,2.7365999999999957,0.02739999999999987,-0.017699999999999827,0.0,-0.09999999999999432,1.3999999999999773,-1.5,3.240000000000009,11.0,0.04999999999998295,-0.6199999999999903,-0.12600000000000477,-0.5269999999999868,-0.26300000000000523,-0.15800000000000125,0.3300000000000409,0.022999999999996135,0.0519999999999925,0.016999999999995907,0.049000000000006594,-0.2740000000000009,-0.06900000000000261,-0.05999999999998806,0.030000000000001137,-0.05000000000000071,0.04999999999999716,-1618.7099999999919,-5271.380000000005,-3.3200000000001637
2010-05-01,108.37800000000061,107.80000000000109,0.21100000000001273,-3535.0,-3286.0,1.240700000000004,1.320999999999998,1.6058000000000021,1.8068999999999988,3.054799999999986,103.3977,1.5640999999999963,1.157899999999998,1.661600000000007,101.4405,1.1889000000000038,6.0797000000000025,-0.3902000000000072,70.4982,-165.0,0.201225672,-531.0,-56.0,9.6,0.7000000000000028,48.0,41.0,-233.0,-70.0,-162.0,459400,523.0,12.0,9.399999999999977,-33.0,36.0,27.0,9.0,511.0,14.0,-5.100000000000364,8.200000000000728,-12.0,427.0,40.5,4.0,41.4,583,-10.0,-10.0,290,113,575.0,-11.0,-14.0,299.0,110.0,6984.0,5579.0,4194.0,0.010000000000000009,24.0,22.799999999999272,27.0,-2.1000000000001364,-6.100000000000136,-1.5,-10.670000000000073,-13.868400000000292,2930.6200000001118,-0.8346631000000002,-72.25999999999999,0.12161563499999994,33.72355787,0.0,0.14,0.0,-0.01999999999999999,-0.08000000000000002,-0.3999999999999999,-0.43000000000000016,-0.33000000000000007,-0.20000000000000018,0.24,-0.04,0.02,0.17,1.98,3.22,4.76,5.85,0.0605,-1.479699999999994,-0.0662999999999998,0.03509999999999991,0.0,-0.09999999999999432,0.700000000000017,-4.400000000000006,-10.64,-17.700000000000017,-0.11299999999999955,0.5809999999999889,-1.0180000000000007,-0.3720000000000141,-0.507000000000005,0.09499999999999886,0.2599999999999909,-0.15000000000000568,-0.22499999999999432,-0.1349999999999909,0.028999999999996362,0.12699999999999534,-0.27599999999999625,0.01799999999998647,0.029999999999997584,0.0400000000000027,0.03999999999999915,-2510.49000000002,-5595.229999999981,-12.069999999999709
2010-06-01,13.6200000000008,12.699999999998909,0.20699999999999363,10845.0,-421.0,0.20189999999999486,-0.08259999999999934,-0.12359999999999616,-0.2271999999999963,-0.7098999999999904,103.3448,0.4602000000000004,0.5057000000000045,0.44199999999999307,102.177,-0.013099999999994338,4.35499999999999,-0.5362999999999971,70.6131,-187.0,0.193519414,-475.0,-100.0,9.4,0.5,-90.0,32.0,10.0,24.0,-15.0,460500,-134.0,20.0,5.5,-4.0,18.0,17.0,1.0,-154.0,22.0,3.300000000000182,2.899999999999636,-12.0,-256.0,40.3,3.8,41.0,536,-10.0,-24.0,281,109,587.0,13.0,-5.0,296.0,117.0,-4265.0,531.0,9819.0,0.010000000000000009,10.400000000000091,-35.099999999998545,10.5,-9.899999999999864,-12.099999999999909,-6.400000000000091,-6.445899999999938,-17.33789999999999,2280.7900000000373,0.1088461999999879,-41.700000000000045,0.07925647699999994,28.416589,-0.020000000000000018,0.020000000000000018,-0.04000000000000001,-0.03,-0.04999999999999999,-0.18000000000000016,-0.21999999999999975,-0.08000000000000007,0.1800000000000006,0.28,-0.06,0.01,0.14,1.82,3.02,4.7,6.05,-0.0040000000000000036,-1.167100000000005,0.009899999999999798,-0.0026999999999999247,-0.5999999999999943,-0.9000000000000057,-1.0999999999999943,-4.699999999999989,1.509999999999991,-11.400000000000006,-0.09099999999997976,-0.026999999999986812,-0.8050000000000068,0.5889999999999986,-0.4379999999999882,-0.02599999999999625,0.2559999999999718,-0.09800000000001319,-0.19499999999999318,-0.13599999999999568,-0.0379999999999967,-0.07399999999999807,-0.284000000000006,-0.08199999999999363,0.030000000000001137,0.05999999999999872,-0.0899999999999963,-2042.289999999979,-3982.3399999999674,-9.103300000000218
2010-07-01,30.162000000000262,28.700000000000728,0.2330000000000041,9629.0,1070.0,0.3516000000000048,0.4718999999999909,0.7246999999999986,0.6282999999999959,3.2364999999999924,103.0709,0.7941000000000003,0.22450000000000614,0.6748000000000047,102.0489,0.4872000000000014,-0.47690000000000055,1.6358000000000033,71.1056,281.0,0.212375965,75.0,38.0,9.4,-0.6000000000000014,123.0,-187.0,-193.0,-76.0,-117.0,459200,-94.0,16.0,7.100000000000023,-8.0,17.0,13.0,4.0,-110.0,21.0,2.5999999999994543,2.8000000000010914,-11.0,-171.0,40.3,3.8,41.1,546,14.0,8.0,271,107,579.0,-10.0,5.0,297.0,113.0,1839.0,-492.0,12245.0,0.0,-29.09999999999991,-7.700000000000728,-2.199999999999818,-8.100000000000136,-11.400000000000091,-7.399999999999977,-1.1650999999999385,-21.579600000000028,6508.229999999981,0.12222160000001736,-3.5599999999999454,0.01658563699999993,25.05769945,0.0,-0.09000000000000002,0.04000000000000001,0.010000000000000009,-0.030000000000000027,-0.24,-0.1900000000000004,-0.16000000000000014,-0.22000000000000064,0.19,-0.02,0.02,0.11,1.58,2.83,4.54,5.83,-0.07250000000000001,-3.3053999999999917,0.05360000000000009,0.0045999999999999375,0.19999999999998863,0.29999999999998295,-0.4000000000000057,5.599999999999994,1.0200000000000102,-0.5999999999999943,0.4059999999999775,-0.27600000000001046,1.656000000000006,-1.1589999999999918,0.4619999999999891,0.3129999999999882,0.3369999999999891,0.4790000000000134,0.5190000000000055,0.42099999999999227,0.07699999999999818,-0.11599999999999966,0.31400000000000716,-0.0020000000000095497,0.05000000000000071,0.03999999999999915,0.0799999999999983,-1444.820000000007,-1925.8000000000466,57.52719999999999
2010-08-01,51.85699999999997,19.600000000000364,0.20699999999999363,582.0,1731.0,0.3386999999999887,-0.03479999999998995,-0.08050000000000068,-0.21890000000000498,-2.4102999999999923,103.6049,0.08150000000000546,0.731899999999996,0.5675999999999988,102.7309,0.12369999999999948,0.6145000000000067,-0.5236000000000018,71.3236,-83.0,0.204737848,395.0,259.0,9.5,-0.19999999999999574,-135.0,562.0,-293.0,-46.0,-247.0,475000,1.0,15.0,7.300000000000068,16.0,-8.0,6.0,-14.0,-14.0,11.0,2.100000000000364,11.899999999999636,-1.0,-149.0,40.5,3.9,41.2,599,-1.0,14.0,282,136,580.0,4.0,-4.0,284.0,127.0,4239.0,4273.0,11926.0,0.010000000000000009,32.299999999999955,37.00000000000182,16.40000000000009,-0.599999999999909,-2.7000000000000455,3.1000000000000227,-1.150000000000091,-5.799599999999828,5755.679999999935,-0.20929630000000543,7.480000000000018,-0.004299528999999858,22.60093243,0.010000000000000009,-0.09999999999999998,0.0,-0.010000000000000009,-0.02999999999999997,-0.29000000000000004,-0.3099999999999996,-0.22999999999999954,-0.34999999999999964,0.08,-0.03,0.0,0.07,1.28,2.51,4.3,5.47,-0.01419999999999999,-2.1278000000000077,0.035700000000000065,-0.0018000000000000238,1.0,1.3000000000000114,0.9000000000000057,4.300000000000011,0.44999999999998863,15.5,0.31800000000001205,-0.06100000000000705,1.2050000000000125,1.0010000000000332,0.4380000000000166,0.058000000000021146,0.19700000000000273,0.32900000000000773,0.44700000000000273,0.2920000000000016,0.12399999999999523,0.5879999999999939,0.2289999999999992,0.023000000000010346,0.03999999999999915,0.05000000000000071,-0.07000000000000028,-2432.290000000008,-2553.5200000000186,35.946500000000015
2010-09-01,8.773999999999432,11.899999999999636,0.08100000000000307,-178.0,2911.0,0.25970000000000937,-0.14280000000000825,-0.22889999999999588,-0.3622000000000014,0.0309999999999917,103.1142,0.38349999999999795,0.681200000000004,0.444500000000005,102.848,0.06469999999998777,-1.2605999999999966,-0.21770000000000778,71.4931,-81.0,0.200150902,-111.0,-42.0,9.5,-0.30000000000000426,148.0,-226.0,33.0,129.0,-96.0,453500,-74.0,-6.0,6.7999999999999545,-23.0,11.0,16.0,-5.0,-68.0,27.0,5.5,6.199999999998909,7.0,-173.0,40.6,4.0,41.4,594,-5.0,-11.0,296,133,563.0,-3.0,-3.0,288.0,112.0,10187.0,12465.0,15065.0,0.0,-7.2000000000000455,-17.700000000002547,7.699999999999818,-32.5,-37.19999999999982,-29.700000000000045,-1.8365999999998621,-13.821699999999964,6366.350000000093,0.29093670000000316,34.799999999999955,-0.05396977799999991,21.13979074,0.0,-0.020000000000000018,-0.010000000000000009,0.0,0.0,-0.06000000000000005,-0.050000000000000266,0.040000000000000036,0.0,0.06,-0.04,0.0,0.07,1.22,2.46,4.34,5.47,-0.03859999999999997,-1.015599999999992,-0.007000000000000117,-0.007400000000000073,0.5999999999999943,0.8000000000000114,0.6999999999999886,-1.700000000000017,-1.509999999999991,6.300000000000011,0.35200000000000387,0.612000000000009,1.0289999999999964,1.2929999999999495,0.554000000000002,-0.11000000000001364,0.16200000000003456,0.28999999999999204,0.4410000000000025,0.27700000000001523,0.09000000000000341,-0.20199999999998397,0.3160000000000025,-0.049000000000006594,0.030000000000001137,-0.019999999999999574,0.07000000000000028,-3444.2300000000105,-6701.829999999958,25.312199999999848
2010-10-01,10.819999999999709,19.299999999999272,0.2189999999999941,5918.0,4110.0,-0.25,-0.11659999999999116,-0.01680000000000348,0.003200000000006753,0.4631000000000114,102.9657,0.30409999999999116,-0.3901000000000039,0.6868999999999943,101.8818,0.0648000000000053,-4.466400000000007,-0.5831999999999908,71.6572,317.0,0.222857537,-340.0,-277.0,9.4,0.6000000000000014,-164.0,37.0,159.0,96.0,64.0,446800,279.0,16.0,10.200000000000045,7.0,-1.0,4.0,-5.0,263.0,62.0,8.399999999999636,41.80000000000109,1.0,50.0,40.6,4.0,41.3,543,13.0,-1.0,265,101,558.0,-1.0,17.0,266.0,113.0,-8866.0,3854.0,16568.0,-0.010000000000000009,-3.2999999999999545,19.100000000002183,8.800000000000182,0.5,-8.200000000000045,-4.199999999999932,-1.201200000000199,-14.533600000000206,14722.060000000056,0.6402824999999837,49.5,-0.07366692200000013,20.1709061,0.0,0.0,-0.01999999999999999,-0.010000000000000009,-0.03,-0.22999999999999998,-0.10999999999999988,0.14999999999999947,0.05999999999999961,0.06,-0.06,-0.01,0.04,0.99,2.35,4.49,5.53,-0.03159999999999996,-2.628600000000006,0.02760000000000007,-0.015099999999999891,1.5,2.299999999999983,2.1999999999999886,7.300000000000011,6.590000000000003,18.19999999999999,0.7599999999999909,-0.5429999999999922,3.5289999999999964,-1.5910000000000082,1.353999999999985,-0.12600000000000477,0.19099999999997408,0.8329999999999984,1.0209999999999866,0.7579999999999814,0.2890000000000015,-0.056000000000011596,0.7759999999999962,0.1490000000000009,0.07000000000000028,0.16000000000000014,-0.060000000000002274,-1698.0,-21793.46000000008,28.976100000000315
2010-11-01,18.162000000000262,21.200000000000728,0.21800000000000352,3289.0,3582.0,0.06529999999999347,-0.00740000000000407,-0.3614000000000033,-0.5225999999999971,-1.2661000000000087,102.6881,0.004199999999997317,0.1401000000000039,0.32500000000000284,101.8946,0.1115000000000066,-0.23319999999999652,0.2586999999999904,71.8495,-24.0,0.212916915,490.0,-75.0,9.8,-0.10000000000000142,257.0,-24.0,83.0,-17.0,99.0,426250,128.0,25.0,5.399999999999977,-2.0,23.0,15.0,8.0,103.0,-1.0,5.600000000000364,-15.800000000001091,-3.0,-10.0,40.6,4.0,41.3,545,-10.0,15.0,266,97,560.0,-3.0,-17.0,280.0,121.0,4136.0,7880.0,11049.0,0.0,33.799999999999955,-29.200000000002547,-0.7000000000002728,11.399999999999864,-1.1000000000001364,0.7999999999999545,2.1076000000000477,-3.1041999999997643,5482.949999999953,-0.002512799999976778,27.310000000000173,-0.033427768999999996,19.30195749,0.0,0.0,0.010000000000000009,0.0,0.01999999999999999,0.17000000000000015,0.21999999999999975,0.1900000000000004,0.20000000000000018,0.06,-0.05,-0.01,0.06,1.16,2.57,4.68,5.73,0.016100000000000003,0.7895000000000039,0.009400000000000075,-0.0050000000000001155,0.8000000000000114,1.200000000000017,1.6000000000000227,2.5999999999999943,2.239999999999995,6.0,0.5550000000000068,0.4029999999999916,1.9379999999999882,-0.02899999999993952,0.7600000000000193,-0.11399999999999011,0.3350000000000364,0.5759999999999934,0.6630000000000109,0.5490000000000066,0.18099999999999739,0.1349999999999909,0.49800000000000466,-0.08299999999999841,0.04999999999999716,0.05999999999999872,0.03000000000000469,-1729.6399999999849,-2710.6300000000047,14.035899999999856
2010-12-01,86.26100000000042,83.79999999999927,0.11400000000000432,2055.0,2088.0,0.9230000000000018,0.677899999999994,0.9258999999999986,1.1075000000000017,-0.2984000000000009,104.243,0.7465000000000117,1.1769999999999925,0.8058999999999941,102.9999,0.48219999999999175,10.030900000000003,1.4300000000000068,72.3143,-153.0,0.21313075,-475.0,257.0,9.3,0.8000000000000043,-219.0,-152.0,-147.0,-250.0,103.0,420250,81.0,-33.0,-1.6000000000000227,-39.0,8.0,12.0,-4.0,114.0,32.0,7.5,-1.7999999999992724,4.0,-21.0,40.6,4.0,41.3,539,-15.0,-41.0,273,140,632.0,49.0,3.0,257.0,164.0,-3750.0,1182.0,15848.0,0.0,-39.700000000000045,13.000000000001819,-0.7999999999997272,43.90000000000009,39.40000000000009,40.60000000000002,5.396600000000035,-10.650000000000091,127500.03000000003,8.804219999999987,42.63999999999987,-0.05482756200000005,19.01231519,-0.010000000000000009,0.020000000000000018,0.0,0.010000000000000009,0.03999999999999998,0.5799999999999998,0.5300000000000002,0.14999999999999947,0.17999999999999972,0.09,-0.04,0.01,0.11,1.75,3.11,4.84,5.92,-0.015800000000000036,0.8195999999999941,-0.036599999999999966,-0.0047999999999999154,1.5999999999999943,2.1999999999999886,2.0,10.200000000000017,4.900000000000006,2.8000000000000114,0.882000000000005,0.08599999999999852,3.6710000000000207,0.3699999999999477,1.4509999999999934,0.22500000000000853,0.3229999999999791,0.9790000000000134,1.1260000000000048,0.8700000000000045,0.20600000000000307,-0.28199999999998226,0.8789999999999907,-0.046999999999997044,0.010000000000001563,-0.00999999999999801,-0.010000000000005116,35402.78,185549.75,-29.80560000000014
2011-01-01,184.52599999999984,184.5,0.0969999999999942,14189.0,2702.0,-0.202699999999993,0.02009999999999934,0.22090000000000032,0.03319999999999368,0.8478000000000065,104.0163,0.6758999999999986,-0.4328000000000003,0.8177000000000021,102.2553,0.04240000000000066,-1.6158000000000072,-0.14220000000000255,72.4352,46.0,0.221508599,-387.0,-51.0,9.1,2.5,-7.0,-136.0,-156.0,98.0,-254.0,426800,7.0,-10.0,2.2999999999999545,-40.0,27.0,31.0,-4.0,17.0,18.0,5.600000000000364,46.5,-4.0,-8.0,40.1,4.0,41.0,630,35.0,47.0,303,119,576.0,-36.0,3.0,288.0,110.0,10184.0,8300.0,12032.0,-0.020000000000000018,1.2999999999999545,-11.299999999999272,-2.800000000000182,30.90000000000009,32.299999999999955,45.59999999999991,3.7506000000000768,-9.709800000000087,14233.23999999999,-1.1405388000000016,41.08999999999992,-0.040459735,18.92960009,-0.009999999999999981,-0.010000000000000009,0.009999999999999981,-0.010000000000000009,-0.019999999999999962,0.06000000000000005,0.10000000000000009,0.020000000000000462,-0.009999999999999787,0.09,-0.02,0.01,0.1,1.82,3.22,4.87,5.92,-0.012399999999999967,-0.7125999999999948,0.01869999999999994,-0.01419999999999999,1.4000000000000057,1.6999999999999886,2.6999999999999886,7.599999999999994,0.37999999999999545,10.099999999999994,0.7150000000000034,0.40099999999999625,1.7779999999999916,-0.42099999999999227,0.9969999999999857,0.042999999999977945,0.4259999999999877,0.6299999999999955,0.8739999999999952,0.7160000000000082,0.2740000000000009,0.539999999999992,0.6480000000000103,0.10299999999999443,0.07000000000000028,0.07000000000000028,0.07000000000000384,-1297.6599999999744,-4724.569999999949,-0.8635999999996784
2011-02-01,41.89799999999923,53.399999999999636,-0.02400000000000091,-16784.0,3176.0,-0.3844000000000136,-0.14029999999999632,-0.12369999999999948,-0.21330000000000382,2.0204999999999984,103.1038,0.15379999999998972,-0.6351999999999975,0.6749999999999972,101.363,0.14700000000000557,-4.325299999999999,-0.3492999999999995,72.6217,122.0,0.233429812,-49.0,144.0,9.0,0.19999999999999574,-217.0,85.0,-218.0,66.0,-283.0,401500,219.0,56.0,0.10000000000002274,24.0,31.0,25.0,6.0,163.0,71.0,11.699999999999818,27.200000000000728,-4.0,-43.0,40.9,4.2,41.4,517,-41.0,-51.0,311,90,542.0,-17.0,-12.0,296.0,97.0,-7243.0,1935.0,9828.0,0.010000000000000009,14.200000000000045,41.49999999999818,15.900000000000091,163.69999999999982,153.4000000000001,163.70000000000005,3.7427999999999884,-33.52610000000004,8093.09999999986,-0.17781990000000292,38.5,-0.03451236899999999,18.85724761,-0.010000000000000009,-0.010000000000000009,-0.01999999999999999,-0.009999999999999981,0.019999999999999962,0.2699999999999998,0.18999999999999995,0.17999999999999972,0.0600000000000005,0.09,-0.03,0.01,0.13,2.1,3.42,5.06,5.99,-0.006500000000000061,-0.0882000000000005,0.03420000000000001,-0.006299999999999972,2.0,2.700000000000017,2.8000000000000114,6.0,0.1599999999999966,6.300000000000011,0.7109999999999843,-0.512999999999991,1.4720000000000084,0.8879999999999768,0.882000000000005,0.2230000000000132,0.54200000000003,0.6589999999999918,0.8810000000000002,0.6759999999999877,0.25499999999999545,-0.07899999999999352,0.5859999999999985,1.4210854715202004e-14,0.019999999999999574,-0.020000000000003126,-0.08000000000000185,-877.2900000000373,-6566.630000000005,-6.362100000000282
2011-03-01,-32.86800000000039,-27.799999999999272,0.2990000000000066,13231.0,3489.0,0.9639000000000095,0.2009000000000043,0.10439999999999827,0.2530000000000001,1.5365000000000038,102.9591,-0.26089999999999236,1.7426999999999992,1.1333000000000055,102.5287,0.5927999999999969,-4.144099999999995,2.253600000000006,73.1338,35.0,0.237388076,162.0,245.0,9.0,1.7000000000000028,66.0,-138.0,-9.0,-223.0,213.0,406000,226.0,64.0,15.100000000000023,26.0,22.0,20.0,2.0,162.0,48.0,17.800000000000182,19.69999999999891,5.0,-23.0,40.7,4.2,41.4,600,10.0,17.0,341,116,583.0,-1.0,6.0,309.0,120.0,16355.0,10512.0,16791.0,-0.020000000000000018,2.6000000000001364,-5.799999999999272,5.299999999999727,183.70000000000027,171.20000000000005,173.20000000000005,6.84089999999992,-29.956699999999728,6328.520000000019,0.2416646000000071,-16.62999999999988,0.040270791000000195,17.9872164,-0.01999999999999999,-0.01999999999999999,-0.03,-0.010000000000000009,-0.02999999999999997,-0.1499999999999999,-0.16999999999999993,-0.08999999999999986,-0.1200000000000001,0.09,-0.04,0.02,0.12,1.97,3.27,4.99,5.89,-0.03149999999999997,-0.8897999999999939,0.0034999999999998366,-0.01100000000000001,1.4000000000000057,1.9000000000000057,2.799999999999983,4.400000000000006,13.36,-2.8000000000000114,1.1479999999999961,-0.24899999999999523,3.8870000000000005,-0.6739999999999213,1.9370000000000118,0.05700000000000216,0.41299999999995407,1.0600000000000023,1.5229999999999961,1.1519999999999868,0.3689999999999998,-0.362000000000009,1.1839999999999975,0.026999999999986812,-0.019999999999999574,-0.029999999999997584,-0.03999999999999915,705.0100000000093,-1436.2299999999814,12.500100000000202
