sasdate,GDPC1,PCECC96,PCDGx,PCESVx,PCNDx,GPDIC1,FPIx,Y033RC1Q027SBEAx,PNFIx,PRFIx,A014RE1Q156NBEA,GCEC1,A823RL1Q225SBEA,FGRECPTx,SLCEx,EXPGSC1,IMPGSC1,DPIC96,OUTNFB,OUTBS,OUTMS,IPB51110SQ,IPB51220SQ,TCU,USPRIV,USEHS,USINFO,USPBS,USLAH,USSERV,USMINE,CES9091000001,CES9092000001,CES9093000001,CIVPART,UNRATESTx,UNRATELTx,LNS14000012,LNS14000025,LNS14000026,LNS13023621,LNS13023557,LNS13023705,LNS13023569,LNS12032194,HOABS,HOAMS,HOANBS,AWHNONAG,HWIx,HOUST5F,RSAFSx,ACOGNOx,INVCQRMTSPL,PCECTPI,PCEPILFE,GDPCTPI,GPDICTPI,IPDBS,DGDSRG3Q086SBEA,DDURRG3Q086SBEA,DSERRG3Q086SBEA,DNDGRG3Q086SBEA,DHCERG3Q086SBEA,DMOTRG3Q086SBEA,DFDHRG3Q086SBEA,DREQRG3Q086SBEA,DODGRG3Q086SBEA,DFXARG3Q086SBEA,DCLORG3Q086SBEA,DGOERG3Q086SBEA,DONGRG3Q086SBEA,DHUTRG3Q086SBEA,DHLCRG3Q086SBEA,DTRSRG3Q086SBEA,DRCARG3Q086SBEA,DFSARG3Q086SBEA,DIFSRG3Q086SBEA,DOTSRG3Q086SBEA,CPILFESL,PPIACO,WPSFD4111,PPIIDC,WPU0531,WPU0561,AHETPIx,CES2000000008x,CES3000000008x,COMPRMS,COMPRNFB,RCPHBS,OPHMFG,OPHNFB,OPHPBS,ULCBS,ULCMFG,ULCNFB,UNLPNBS,MORTGAGE30US,BAA10YM,MORTG10YRx,TB6M3Mx,GS1TB3Mx,GS10TB3Mx,CPF3MTB3Mx,BOGMBASEREALx,M1REAL,BUSLOANSx,CONSUMERx,NONREVSLx,REALLNx,REVOLSLx,TOTALSLx,DRIWCIL,TABSHNOx,TLBSHNOx,LIABPIx,TNWBSHNOx,NWPIx,TARESAx,HNOREMQ027Sx,TFAABSHNOx,USSTHPI,SPCS10RSA,SPCS20RSA,EXUSEU,USEPUINDXM,B020RE1Q156NBEA,B021RE1Q156NBEA,GFDEGDQ188S,GFDEBTNx,HWIURATIOx,CONSPIx,CP3M,COMPAPFF,NIKKEI225,NASDAQCOM,CUSR0000SEHC,TLBSNNCBx,TLBSNNCBBDIx,TTAABSNNCBx,TNWMVBSNNCBx,TNWMVBSNNCBBDIx,TLBSNNBx,TLBSNNBBDIx,TABSNNBx,TNWBSNNBx,TNWBSNNBBDIx,CNCFx
1959-03-01,3352.129,2039.017,68.6651,1374.1739,689.1172,354.894,357.0174,47.8021,171.0783,282.9707,0.8,1142.671,-7.7,556.0802,531.4011,89.697,115.44,2327.444,14.441,14.606,,17.804,22.91,,44609.0,2777.3333,1704.3333,3556.3333,3319.3333,1089.6667,799.0,2337.0,1472.6667,4308.0,59.2,4.723888955,1.08719325,13.5,5.1333,5.6,,,,,2703.3333,50.349,,46.515,,1434,345.6667,,,,15.177,15.515,15.205,23.253,18.541,27.815,63.568,10.168,18.295,9.636,30.247,56.461,331.198,33.322,15.983,51.208,9.92,15.434,11.43,5.45,12.057,12.424,9.324,9.926,10.655,29.9333,31.7,35.2333,30.4,,87.4427032,,15.81266716,13.23444891,,49.158,47.22,,31.046,29.009,21.088,,20.513,14.93,,0.88,,0.34,0.73,1.22,,172.453,480.5667,226.7991,135.1318,319006.7371,162.3645,,319006.7371,,13717.6,1202.965,51.6860931,12514.63,537.6984796,10535.6558,3181940.06,9371.98,,,,,,4.3,4.2,,,0.3643,125.6176,,,708.709,,,2.36,0.0189,3.11,1676.64,1341.67,333245.24,266668.11,2426352.41,2092.54,1674.48,124.9663
1959-06-01,3427.667,2070.508,71.2495,1394.7096,694.8197,382.5,368.064,49.2332,176.0004,292.8479,1.4,1156.74,7.6,578.9494,532.5791,88.981,121.057,2364.977,14.857,14.988,,18.7504,23.1673,,45371.3333,2813.3333,1728.6667,3608.3333,3360.3333,1103.6667,803.6667,2331.6667,1478.0,4336.3333,59.2667,4.260345044,0.856439919,14.4,4.2,5.0333,,,,,2496.0,51.529,,47.395,,1654,297.6667,,,,15.239,15.598,15.249,23.359,18.556,27.849,63.811,10.245,18.3,9.703,30.449,56.735,329.558,33.353,15.892,51.365,9.999,15.551,11.508,5.507,12.159,12.631,9.453,9.917,10.666,30.1,31.7667,34.9,30.5,,87.19093212,,15.9207536,13.35640343,,49.492,47.122,,31.347,29.087,21.024,,20.489,15.054,,0.6967,,0.37,0.92,1.26,,172.73,483.9,232.9399,139.3195,327272.7673,166.711,,327272.7673,,13867.77,1241.666,52.50222722,12626.1,533.878321,10635.7674,3231997.69,9465.92,,,,,,4.2,4.3,,,0.4738,126.8681,,,780.3647,,,2.46,0.0194,3.15,1637.49,1294.15,345845.01,273329.36,2434975.21,2088.55,1650.63,126.5305
1959-09-01,3430.057,2092.138,72.627,1413.6627,697.4699,357.798,371.9585,50.8372,180.7406,287.3778,0.1,1166.589,5.5,564.7381,532.8908,97.562,122.212,2361.784,14.834,14.96,,18.1033,23.6225,,45325.0,2831.0,1720.6667,3618.0,3379.0,1111.0,776.0,2331.6667,1485.3333,4380.6667,59.3,4.606897839,0.692410945,15.1667,4.4667,4.9,,,,,2591.3333,51.056,,47.256,,1655,264.3333,,,,15.331,15.7023,15.314,23.434,18.625,27.936,63.8,10.342,18.379,9.791,30.405,56.816,329.615,33.346,15.928,51.595,9.991,15.738,11.571,5.566,12.251,12.836,9.552,9.976,10.822,30.2333,31.6667,34.6333,30.5,,86.18798837,,16.09094488,13.24651258,,49.523,47.478,,31.391,29.301,21.137,,20.579,15.105,,0.6133,,0.59,1.06,0.96,,173.784,484.8333,242.0301,145.2998,337692.5421,169.5905,,337692.5421,,13898.78,1273.023,53.90088784,12625.75,534.5854947,10627.8691,3270908.16,9457.32,,,,,,4.6,4.4,,,0.4567,131.0165,,,862.0388,,,2.44,0.0189,3.16,1703.15,1320.72,354808.05,275139.48,2434604.03,2079.21,1612.34,128.9557
1959-12-01,3439.832,2094.495,69.1573,1430.8157,701.7617,369.442,367.6452,50.7342,180.2333,279.2502,0.8,1157.052,-3.9,566.5192,530.0971,92.734,119.109,2378.605,14.79,14.966,,15.4905,24.1272,,45416.3333,2866.3333,1719.0,3645.3333,3399.6667,1124.3333,776.0,2367.3333,1500.6667,4437.6667,59.3333,4.931551282,0.674132187,15.4,4.8,5.1,,,,,2754.3333,51.016,,47.269,,1572,252.0,,,,15.415,15.7923,15.373,23.478,18.692,28.01,63.772,10.433,18.448,9.881,30.373,56.827,329.725,33.321,15.914,51.709,10.214,15.822,11.648,5.676,12.312,12.995,9.611,10.094,10.936,30.4333,31.5333,34.3,30.5667,,84.85145893,,16.23153304,13.1919429,,49.693,47.814,,31.289,29.336,21.39,,20.843,14.974,,0.69,,0.41,0.69,0.35,,173.759,477.6,245.6911,150.655,348627.0407,172.2629,,348627.0407,,14074.49,1308.795,55.02363931,12765.69,536.6882547,10772.1142,3302374.47,9604.03,,,,,,4.4,4.3,,,0.408,134.161,,,935.709,,,2.59,0.0189,3.18,1597.37,1165.65,349400.81,254967.79,2429055.21,2079.05,1517.14,137.0372
1960-03-01,3517.181,2114.532,71.3815,1443.7405,703.5338,406.581,379.9162,52.4985,186.4967,287.8417,2.1,1137.363,-14.2,618.3418,539.0478,104.686,123.608,2406.059,15.23,15.339,,20.8779,24.2559,,46027.6667,2902.3333,1744.6667,3693.6667,3440.0,1138.3333,785.0,2396.6667,1506.0,4483.3333,58.9,4.525968032,0.646589221,14.4333,4.3667,4.7667,,,,,2492.3333,50.892,,47.566,,1942,249.6667,,,,15.435,15.8423,15.402,23.505,18.753,27.97,63.679,10.48,18.422,9.942,30.123,57.015,331.199,33.397,15.878,51.83,10.095,15.869,11.69,5.729,12.389,13.079,9.7,10.24,10.972,30.5667,31.6667,34.8,30.6,,84.58356967,,16.51674505,13.48705461,,50.712,49.031,,32.019,30.14,21.368,,20.804,15.069,,0.8233,,0.34,0.7,0.61,,169.862,475.9,251.2972,154.3418,356097.4723,174.8587,,356097.4723,,14088.73,1310.573,54.4697017,12778.15,531.0822807,10714.6131,3374113.12,9540.49,,,,,,4.8,4.3,,,0.5477,135.4042,,,984.469,,,2.46,0.0189,3.2,1728.41,1327.63,362821.95,278692.55,2451394.44,2087.97,1603.82,130.1872
1960-06-01,3498.246,2141.205,73.006,1459.7419,711.2267,368.686,373.0131,53.3837,189.2264,264.2765,0.6,1150.17,1.0,607.3235,552.4755,107.689,124.527,2421.621,15.018,15.164,,20.4168,24.7606,,46079.3333,2928.3333,1740.0,3713.3333,3478.0,1148.3333,780.3333,2417.0,1524.3333,4524.6667,59.5667,4.656455992,0.581462429,14.2333,4.4,4.8333,,,,,2802.0,51.387,,47.645,,1816,248.6667,,,,15.515,15.9023,15.457,23.537,18.796,28.11,63.603,10.537,18.554,10.011,29.921,57.189,332.428,33.435,16.079,52.106,10.095,15.873,11.727,5.887,12.412,13.14,9.725,10.355,11.04,30.6333,31.7333,35.4333,30.5333,,84.26443714,,16.53838743,13.45715638,,50.735,48.54,,31.521,29.51,21.736,,21.27,14.554,,0.9867,,0.3,0.88,1.27,,168.395,472.0667,257.3278,157.0477,364828.9201,174.9194,,364828.9201,,14192.07,1348.761,55.69662479,12843.31,530.3599951,10801.3961,3390674.13,9620.72,,,,,,5.0,4.3,,,0.4978,137.5553,,,1056.4206,,,2.51,0.019,3.21,1690.69,1279.57,369552.03,279689.95,2458959.35,2088.8,1580.88,132.1292
1960-09-01,3515.385,2132.646,72.423,1458.0198,707.0772,367.749,365.0222,51.0789,185.9153,256.3818,0.8,1178.324,12.9,601.1724,560.6832,110.036,120.857,2426.236,15.023,15.225,,19.7049,25.0773,,45799.0,2948.0,1724.6667,3717.6667,3463.3333,1156.3333,765.0,2348.6667,1548.6667,4572.0,59.5667,4.953931159,0.608282291,14.5667,4.8333,5.0333,,,,,2944.6667,51.311,,47.379,,1681,245.0,,,,15.574,15.9647,15.524,23.528,18.824,28.15,63.408,10.605,18.609,10.085,29.654,57.276,332.874,33.451,16.067,52.301,10.31,15.878,11.783,6.005,12.483,13.245,9.76,10.48,11.111,30.6,31.6333,35.5,30.4667,,83.93543023,,16.74527566,13.46720477,,51.004,48.466,,31.708,29.672,21.596,,21.268,14.721,,1.27,,0.35,0.71,1.47,,169.765,476.2,259.1586,160.376,369687.2048,174.4562,,369687.2048,,14135.65,1372.139,56.55422862,12763.51,526.0620844,10716.8055,3418841.22,9533.45,,,,,,5.1,4.2,,,0.4324,139.0763,,,1144.9023,,,2.38,0.0174,3.23,1851.38,1350.69,376556.52,274719.01,2478511.47,2101.34,1533.04,137.0697
1960-12-01,3470.278,2135.408,70.6037,1472.0544,707.5612,327.01,364.3026,49.2843,185.4758,256.0874,-1.1,1186.511,1.6,588.648,567.1215,110.622,115.156,2425.231,14.689,14.933,,19.1064,25.2455,,45410.0,2966.6667,1703.3333,3715.6667,3460.3333,1163.3333,751.6667,2364.6667,1563.6667,4610.0,59.6333,5.470838967,0.792572909,15.7333,5.4333,5.8,,,,,3164.3333,50.738,,46.946,,1524,281.0,,,,15.642,16.017,15.592,23.496,18.864,28.256,63.297,10.66,18.714,10.139,29.506,57.359,332.439,33.437,16.227,52.401,10.336,15.896,11.826,6.071,12.587,13.31,9.781,10.599,11.158,30.7667,31.7,36.2333,30.4333,,83.66123039,,16.83627371,13.46490042,,50.889,48.604,,31.289,29.432,21.975,,21.642,14.366,,1.21,,0.32,0.69,1.58,,168.122,472.9,260.7898,163.0022,373619.8014,175.0154,,373619.8014,,14457.16,1401.917,57.80549207,13055.24,538.3091881,11038.3592,3418798.78,9852.35,,,,,,5.1,4.0,,,0.3471,140.5435,,,1281.2623,,,2.63,0.0192,3.23,1601.98,1168.64,374618.32,273282.03,2488019.51,2112.77,1541.25,137.0812
1961-03-01,3493.703,2134.615,66.7214,1486.5082,711.7757,335.496,361.2123,47.6802,182.8309,257.1344,-0.5,1204.136,1.4,588.2447,585.4713,109.861,114.599,2448.14,14.793,15.019,,15.4582,25.5325,,45045.6667,2986.6667,1683.3333,3715.3333,3455.3333,1170.6667,730.3333,2360.6667,1582.3333,4644.3333,59.6333,5.840579377,0.944796395,17.2,5.8667,6.3,,,,,3438.0,50.455,,46.676,,1461,306.0,,,,15.671,16.0443,15.61,23.461,18.897,28.291,63.308,10.688,18.742,10.162,29.522,57.358,331.724,33.455,16.27,52.427,10.329,15.915,11.853,6.059,12.689,13.436,9.839,10.604,11.148,30.8333,31.8,35.9,30.5,,83.51860996,,16.99456038,13.46270131,,51.236,48.967,,31.693,29.767,21.934,,21.556,14.52,,1.2767,,0.19,0.52,1.44,,162.98,474.3,261.8535,167.3993,376950.7328,176.1688,,376950.7328,,14752.61,1404.301,57.36194307,13348.31,545.2429557,11349.5949,3403016.7,10165.17,,,,,,5.1,4.0,,,0.3055,140.5971,,,1506.0768,,,2.84,0.0212,3.24,1388.33,1038.36,389172.88,291071.0,2511118.17,2121.31,1586.57,133.7038
1961-06-01,3553.021,2166.382,68.1057,1508.2076,721.3207,359.004,367.138,49.9625,186.903,258.134,0.3,1207.172,3.6,599.431,581.4456,104.748,115.998,2485.33,15.147,15.325,,18.524,25.7997,,45136.3333,3006.0,1682.6667,3733.6667,3450.3333,1178.6667,726.3333,2377.6667,1602.0,4680.6667,59.4667,5.762310026,1.223307563,16.2667,6.0667,6.7333,,,,,3238.3333,49.886,,46.569,,1526,316.0,,,,15.67,16.097,15.641,23.474,18.917,28.174,63.607,10.734,18.611,10.203,29.874,57.439,331.103,33.355,16.151,52.317,10.053,15.923,11.912,6.039,12.809,13.501,9.902,10.635,11.182,30.9333,31.4667,35.0,30.4,,83.86666838,,17.22881824,13.60497943,,51.973,50.06,,32.526,30.72,21.72,,21.298,14.936,,1.2267,,0.18,0.63,1.49,,163.035,477.9333,262.5719,168.0247,373962.3991,177.1406,,373962.3991,,14883.36,1438.2,57.86755339,13445.16,540.9807745,11423.3957,3459961.48,10235.7,,,,,,4.8,3.9,,,0.3098,137.9559,,,1657.6816,,,2.85,0.0201,3.25,1422.7,1003.89,396384.2,279697.11,2535412.59,2138.39,1508.89,141.7191
1961-09-01,3621.252,2176.916,69.7685,1512.8048,721.8492,386.914,375.9302,50.6421,188.7317,272.2332,1.2,1232.997,12.6,609.8379,586.322,109.482,123.682,2518.39,15.496,15.649,,18.8556,26.2549,,45508.3333,3043.6667,1696.6667,3775.0,3471.6667,1193.3333,730.0,2405.3333,1620.0,4736.0,59.2,5.466481277,1.294782997,17.4667,5.8,6.3,,,,,3054.3333,50.242,,46.844,,1653,349.0,,,,15.726,16.167,15.674,23.472,18.959,28.246,63.897,10.785,18.646,10.248,30.259,57.424,330.071,33.328,16.097,52.56,10.282,15.913,11.942,6.05,12.888,13.602,9.967,10.79,11.207,31.0667,31.5,35.2,30.3,,83.5035647,,17.21607016,13.66988357,,52.159,50.224,,33.08,31.147,21.577,,21.099,15.226,,1.1267,,0.29,0.71,1.68,,164.848,478.8667,263.9298,168.2229,375039.8815,179.1848,,375039.8815,,15070.73,1458.415,57.91062109,13612.32,540.5165685,11563.5245,3507206.04,10372.57,,,,,,4.9,4.1,,,0.3476,136.7346,,,1675.9918,,,2.92,0.0205,3.28,1392.17,977.81,405337.83,284696.03,2567134.34,2161.13,1517.91,142.3757
1961-12-01,3692.289,2220.704,73.1502,1539.6307,731.648,393.316,387.8257,53.6891,194.4821,281.4676,1.0,1260.059,7.7,631.1203,602.1461,111.267,126.623,2567.495,15.827,15.954,,20.7323,26.8289,,45894.3333,3082.6667,1707.3333,3813.6667,3494.6667,1208.3333,725.0,2421.6667,1624.3333,4771.6667,59.0,5.081041237,1.102552095,16.0667,5.2,5.9333,,,,,2811.0,50.731,,47.437,,1816,383.0,,,,15.743,16.2057,15.71,23.477,19.017,28.198,63.818,10.83,18.611,10.291,30.223,57.39,328.924,33.305,16.057,52.538,10.221,15.919,11.949,6.078,12.94,13.697,10.041,10.943,11.25,31.1667,31.5333,35.2333,30.3333,,83.30421141,,17.42185461,13.78117742,,52.467,50.73,,33.364,31.448,21.617,,21.073,15.277,,1.14,,0.29,0.64,1.51,,168.722,482.5,267.2126,169.4285,380843.1559,180.9439,,380843.1559,,15424.08,1498.877,58.37896312,13925.2,542.3652448,11867.5676,3556509.93,10675.13,,,,,,4.9,4.1,,,0.4184,136.4436,,,1357.4124,,,3.02,0.021,3.3,1331.69,926.76,404301.41,281365.73,2591318.29,2186.35,1521.55,143.6925
1962-03-01,3758.147,2244.227,74.7376,1554.2325,737.7007,414.522,395.2481,55.0711,198.364,286.3771,1.6,1284.377,15.7,636.9775,597.7768,110.613,130.476,2592.806,16.145,16.27,,20.8698,27.3039,,46241.3333,3120.3333,1716.6667,3852.0,3519.3333,1223.0,720.6667,2438.3333,1633.6667,4804.6667,58.9,4.680957373,0.94593362,15.7667,4.6,5.4333,,,,,2602.0,51.248,,47.612,,1889,394.3333,,,,15.811,16.2657,15.788,23.493,19.101,28.282,63.826,10.892,18.684,10.353,30.241,57.413,328.031,33.363,16.209,52.342,10.185,15.965,12.001,6.127,13.014,13.775,10.084,11.123,11.301,31.2333,31.7,35.9,30.4,,82.99712848,,17.46014335,13.87380233,,53.096,51.03,,33.909,31.748,21.623,,21.065,15.482,,1.0467,,0.19,0.48,1.29,,166.521,483.7333,270.417,172.5836,385373.1193,184.4252,,385373.1193,,15455.58,1501.506,57.91047264,13954.08,538.1843449,11860.6049,3594977.25,10663.97,,,,,,4.8,4.1,,,0.4775,136.4677,,,1499.3258,,,3.01,0.0183,3.31,1361.21,829.02,415611.75,253119.92,2618857.65,2202.58,1341.44,164.1956
1962-06-01,3792.149,2271.817,76.7451,1577.4347,740.6449,411.253,406.4579,56.4652,203.739,295.2804,0.9,1290.924,1.6,644.9624,601.7843,116.97,133.323,2620.784,16.272,16.411,,21.9618,27.7591,,46664.6667,3160.0,1724.6667,3891.6667,3555.6667,1238.0,713.0,2454.6667,1658.6667,4846.6667,58.8,4.632331886,0.862600933,14.3,4.6667,5.2,,,,,2678.3333,51.525,,48.178,,1901,467.0,,,,15.867,16.3283,15.831,23.507,19.122,28.347,63.909,10.946,18.733,10.405,30.473,57.347,327.177,32.941,16.246,52.548,10.248,15.969,12.019,6.188,13.116,13.847,10.15,11.207,11.368,31.3667,31.5333,35.2667,30.3667,,82.67851692,,17.5973152,13.8614135,,53.255,51.445,,33.774,31.85,21.811,,21.292,15.342,,1.14,,0.09,0.3,1.16,,167.439,485.1,275.4345,176.01,395230.5076,189.1292,,395230.5076,,14858.87,1539.282,58.7336543,13319.59,508.2290638,11245.376,3613492.16,10041.88,,,,,,4.9,4.1,,,0.491,138.2585,,,1405.6117,,,3.04,0.0183,3.34,1361.29,819.14,426477.36,256627.23,2644231.77,2217.07,1334.09,166.1855
1962-09-01,3838.776,2290.126,77.3047,1590.881,746.4135,418.241,409.7296,56.6667,206.2608,295.0222,1.0,1320.783,12.6,658.1637,609.2439,116.765,135.014,2634.877,16.509,16.622,,22.9567,28.3034,,46794.6667,3193.0,1722.0,3919.0,3567.0,1251.0,704.0,2469.3333,1679.6667,4910.3333,58.8333,4.755325109,0.79560173,14.1667,4.6333,5.5,,,,,2686.6667,51.26,,48.08,,1845,463.0,,,,15.91,16.382,15.869,23.503,19.147,28.392,64.119,10.988,18.751,10.446,30.677,57.282,326.418,33.333,16.27,52.76,10.216,15.958,12.068,6.236,13.154,13.908,10.224,11.194,11.389,31.4667,31.7,35.7667,30.3667,,82.40759492,,17.72269249,13.89736469,,53.478,51.713,,34.336,32.427,21.596,,21.091,15.654,,1.0567,,0.16,0.34,1.15,,169.161,483.2667,280.8432,180.1339,402891.1755,194.8608,,402891.1755,,15088.65,1572.146,59.66677982,13516.5,512.9840906,11457.0993,3631546.82,10243.74,,,,,,4.9,4.1,,,0.4696,139.9818,,,1406.9445,,,3.06,0.0182,3.37,1395.68,828.26,435948.19,258712.5,2676158.14,2239.54,1329.05,168.5068
1962-12-01,3851.421,2322.53,80.7083,1610.8299,750.5809,406.004,408.4905,56.8362,205.488,294.5802,0.5,1329.937,1.9,664.0724,615.6198,112.988,136.664,2658.27,16.528,16.654,,23.0134,28.5508,,46913.3333,3215.6667,1728.3333,3940.0,3586.0,1260.0,695.6667,2459.6667,1702.6667,4966.0,58.5333,4.833512747,0.684715492,15.0,4.5333,5.3333,,,,,2664.3333,50.911,,47.785,,1782,550.3333,,,,15.958,16.4127,15.907,23.481,19.139,28.47,63.867,11.025,18.849,10.482,30.436,57.292,325.707,33.242,16.339,52.821,10.444,15.987,12.079,6.289,13.148,13.997,10.279,11.196,11.46,31.5333,31.6667,35.8,30.3,,82.25355955,,17.85202677,13.95264084,,53.83,52.205,,34.588,32.712,21.664,,21.127,15.579,,1.0533,,0.07,0.18,1.09,,170.287,484.7667,287.3509,183.2963,411871.2387,200.8042,,411871.2387,,15745.12,1614.842,60.74785081,14130.27,531.5590509,12067.5196,3677597.03,10849.19,,,,,,4.7,4.2,,,0.4558,141.4885,,,1361.3452,,,3.08,0.0169,3.39,1425.1,780.53,440770.16,241411.98,2703051.36,2261.6,1238.69,182.5801
1963-03-01,3893.482,2338.799,82.3144,1617.9455,754.7044,427.366,413.8437,57.8855,205.9793,305.003,1.1,1311.923,-12.9,679.6997,626.9566,114.704,133.501,2681.376,16.677,16.85,,23.2561,29.8176,,46995.0,3237.0,1722.6667,3955.6667,3603.3333,1268.6667,690.0,2482.6667,1719.6667,5024.3333,58.6,4.977840802,0.813681304,16.8667,4.7667,5.3667,,,,,2606.0,51.291,,48.072,,1825,495.0,,,,16.004,16.467,15.985,23.481,19.201,28.503,63.888,11.078,18.876,10.53,30.448,57.273,325.555,33.358,16.41,52.879,10.347,16.013,12.128,6.32,13.14,14.024,10.342,11.231,11.549,31.6,31.5333,35.3,30.3,,81.98218986,,17.93481756,14.02802794,,54.193,52.336,,34.692,32.852,21.695,,21.273,15.618,,1.0,,0.06,0.12,0.99,,168.217,488.2333,290.4099,187.6315,421257.6283,206.6828,,421257.6283,,15921.98,1627.218,60.68593411,14294.77,533.1130467,12208.9391,3713044.27,10982.16,,,,,,4.7,4.1,,,0.4422,143.5623,,,1489.8364,,,3.07,0.0168,3.41,1453.14,796.65,451830.63,247704.43,2717014.74,2264.51,1241.46,182.4072
1963-06-01,3937.183,2360.869,84.08,1635.274,757.2944,434.164,432.2826,59.0497,212.3841,326.8811,0.8,1312.902,-1.8,693.3496,632.2357,123.873,136.644,2706.043,16.911,17.044,,24.1135,29.491,,47333.6667,3268.3333,1733.3333,3989.3333,3628.0,1280.6667,693.0,2480.0,1726.0,5078.6667,58.7,4.904741841,0.788205272,17.5667,4.4333,5.3667,,,,,2614.0,51.617,,48.38,,1795,581.3333,,,,16.029,16.5293,15.999,23.439,19.221,28.506,64.083,11.113,18.857,10.563,30.641,57.285,326.171,33.321,16.344,52.977,10.223,16.15,12.16,6.354,13.149,14.103,10.394,11.206,11.598,31.7333,31.5,35.1667,30.2667,,81.67315308,,17.8872515,14.09611047,,54.367,52.484,,34.955,33.02,21.685,,21.22,15.706,,0.89,,0.08,0.2,1.02,,169.649,491.8,295.0036,192.5605,431577.993,213.2627,,431577.993,,16115.37,1678.692,62.03493425,14436.67,533.4976176,12407.623,3707743.97,11168.66,,,,,,5.0,4.1,,,0.4398,146.1627,,,1574.2357,,,3.08,0.017,3.43,1486.23,822.56,463638.73,256603.99,2727079.76,2262.75,1252.33,180.6826
1963-09-01,4023.755,2392.896,85.1192,1663.7611,764.1925,447.531,442.9435,61.5958,218.218,333.1392,0.9,1371.177,24.6,699.8189,648.9895,123.253,140.113,2735.67,17.373,17.468,,24.5907,29.4217,,47554.3333,3302.3333,1739.3333,4021.6667,3644.6667,1294.0,694.0,2471.3333,1755.6667,5146.0,58.6333,4.751841797,0.754107878,17.2,4.2,5.4333,,,,,2648.3333,51.603,,48.511,,1825,527.6667,,,,16.107,16.593,16.016,23.371,19.241,28.679,64.264,11.151,18.996,10.6,30.798,57.356,326.767,33.279,16.492,53.119,10.328,16.255,12.172,6.414,13.164,14.234,10.407,11.275,11.649,31.8667,31.6333,35.3,30.3667,,81.35971286,,18.09997657,14.16258041,,54.59,52.933,,35.812,33.851,21.465,,20.924,16.081,,0.8033,,0.12,0.23,0.74,,171.767,493.8333,298.8516,195.7793,442878.985,221.2253,,442878.985,,16350.27,1717.519,62.78240562,14632.75,534.8872031,12593.8287,3756439.46,11342.83,,,,,,4.8,4.1,,,0.4608,148.3973,,,1407.5994,,,3.1,0.0171,3.46,1524.89,840.22,471555.53,259828.18,2732498.31,2260.26,1245.41,181.4874
1963-12-01,4050.147,2412.836,86.4626,1686.4216,763.2605,452.965,456.1799,64.0078,224.5827,343.6665,0.8,1357.005,-10.0,705.2044,657.6177,128.07,139.654,2780.21,17.497,17.583,,25.2621,30.0452,,47813.0,3343.6667,1743.6667,4059.3333,3679.6667,1309.6667,698.6667,2463.6667,1785.3333,5237.6667,58.7,4.87432037,0.710488991,17.0333,4.3,5.4333,,,,,2616.6667,51.881,,48.889,,1888,507.6667,,,,16.166,16.673,16.121,23.436,19.366,28.747,64.466,11.209,19.034,10.656,30.901,57.534,326.232,33.619,16.501,53.342,10.297,16.348,12.22,6.454,13.203,14.37,10.474,11.363,11.708,32.0333,31.6333,35.3,30.4333,,80.36953418,,18.19297409,14.21456489,,55.062,53.309,,35.789,33.891,21.65,,21.176,16.018,,0.72,,0.13,0.23,0.62,,175.086,497.2333,307.5261,203.7871,454426.8592,226.5116,,454426.8592,,16293.83,1763.324,63.42412756,14530.5,522.6405347,12523.5291,3770299.29,11260.76,,,,,,5.0,4.1,,,0.468,150.1408,,,1296.8108,,,3.13,0.0173,3.48,1526.77,845.17,473200.45,261948.32,2737999.59,2264.09,1253.33,180.6465
1964-03-01,4135.553,2460.191,89.8326,1713.1504,776.3265,469.918,471.9559,65.5803,229.299,364.851,0.8,1361.263,-1.9,693.8697,667.4038,134.547,139.523,2834.596,17.971,18.015,,25.246,30.7281,,48127.6667,3381.0,1749.3333,4094.6667,3727.0,1324.3333,694.3333,2473.0,1815.0,5296.6667,58.7,4.783103461,0.687033366,16.2667,4.1333,5.6,,,,,2487.3333,52.621,,49.902,38.4,1933,462.6667,,,,16.243,16.7437,16.182,23.372,19.397,28.883,64.559,11.262,19.148,10.708,30.999,57.56,323.487,34.031,16.675,53.516,10.262,16.414,12.23,6.523,13.295,14.455,10.51,11.515,11.779,32.2,31.6667,35.3333,30.5,,80.03037393,14.9509226,18.1960051,14.21435,,54.663,53.322,,36.013,34.236,21.526,,20.978,16.387,,0.65,,0.15,0.3,0.65,,174.049,498.4667,313.9107,209.4274,467909.8322,232.6904,,467909.8322,,16528.23,1779.521,62.7786472,14748.71,520.3108304,12764.0528,3764178.21,11488.37,,,,,,5.1,4.0,,,0.487,152.3813,,,1267.3382,,,3.11,0.0155,3.5,1573.46,783.52,484611.02,241316.46,2750399.55,2265.08,1127.92,200.8197
1964-06-01,4180.592,2503.709,92.1794,1737.3984,791.1356,468.225,471.0517,66.9248,234.6639,346.6904,0.7,1373.511,-0.2,669.1725,682.5712,133.998,142.663,2911.035,18.149,18.206,,26.3218,31.5989,,48415.6667,3420.0,1757.6667,4131.6667,3740.3333,1339.3333,694.6667,2463.6667,1842.3333,5355.0,58.9667,4.558042568,0.674569613,16.7333,3.8333,5.2333,,,,,2528.3333,53.087,,50.122,38.6,2056,446.0,,,,16.278,16.7933,16.229,23.557,19.429,28.874,64.522,11.316,19.144,10.762,30.951,57.529,322.623,34.287,16.691,53.637,10.155,16.421,12.265,6.574,13.311,14.518,10.569,11.648,11.842,32.2333,31.5333,35.3333,30.4667,,79.79360082,15.02579494,18.28108779,14.31122538,,55.183,53.66,,36.21,34.295,21.66,,21.096,16.362,,0.65,,0.13,0.38,0.72,,175.704,501.1,320.1001,216.425,480686.331,238.0387,,480686.331,,16800.36,1831.368,62.91124448,14968.99,514.2153538,12967.149,3833208.29,11678.45,,,,,,5.0,4.1,,,0.5366,154.178,,,1278.2063,,,3.12,0.0155,3.55,1629.21,809.34,498476.5,247625.99,2787863.5,2288.67,1136.93,201.3022
1964-09-01,4245.918,2549.958,95.2306,1760.4925,806.567,479.154,478.7076,69.2939,242.2161,341.1341,0.7,1375.153,-2.2,683.0216,689.945,138.193,146.492,2948.996,18.454,18.523,,26.4998,32.0146,,48913.0,3461.3333,1772.3333,4177.6667,3792.0,1355.3333,697.0,2449.0,1869.3333,5413.3333,58.6333,4.322263789,0.679593544,15.7,3.7333,4.9333,,,,,2397.6667,53.381,,50.444,38.5333,2149,453.6667,,,,16.331,16.84,16.309,23.593,19.494,28.928,64.452,11.37,19.202,10.814,30.958,57.374,321.741,34.318,16.81,53.595,10.138,16.43,12.3,6.624,13.349,14.644,10.58,11.765,11.923,32.3,31.6333,35.5667,30.5,,79.57248941,15.14249187,18.36896679,14.39030001,,55.785,54.21,,36.583,34.7,21.675,,21.157,16.498,,0.63,,0.12,0.27,0.7,,178.958,508.1,327.7803,225.0762,493246.8184,243.6325,,493246.8184,,17070.18,1866.817,63.30348031,15203.37,515.543832,13211.4311,3858752.97,11908.42,,,,,,5.1,4.1,,,0.5876,155.7898,,,1294.1632,,,3.14,0.0156,3.58,1670.17,830.06,507402.28,252174.69,2811572.79,2303.45,1144.8,201.2106
1964-12-01,4259.046,2557.236,92.3092,1784.8411,808.0913,483.706,482.8664,71.344,247.3776,334.9836,0.7,1374.59,-3.3,689.9255,697.114,140.975,150.454,2982.565,18.454,18.548,,24.2591,32.1531,,49270.3333,3491.0,1783.0,4210.0,3830.0,1366.3333,702.6667,2468.6667,1898.0,5507.0,58.5667,4.375169994,0.590756207,16.1667,3.6667,4.9,,,,,2421.3333,53.725,,50.935,38.6,2223,437.6667,,,,16.385,16.883,16.378,23.813,19.574,28.997,64.324,11.419,19.28,10.862,30.882,57.238,321.064,34.366,16.898,53.569,10.257,16.462,12.317,6.692,13.396,14.699,10.604,11.876,11.996,32.4667,31.7,35.5,30.6333,,79.36988718,15.18286189,18.51961234,14.33385243,,55.937,54.437,,36.23,34.524,21.978,,21.52,16.172,,0.6367,,0.14,0.25,0.49,,182.408,512.4333,338.6029,231.863,504318.1357,249.3045,,504318.1357,,17340.22,1915.317,64.21711456,15424.91,517.1691719,13416.1642,3924059.71,12103.57,,,,,,5.2,4.2,,,0.6108,157.1237,,,1213.443,,,3.19,0.0157,3.63,1682.76,827.04,507724.53,249534.23,2849059.98,2340.6,1150.35,203.4689
1965-03-01,4362.111,2614.265,100.9015,1805.1705,815.7609,529.824,504.6428,76.7828,263.1268,336.5079,1.6,1373.018,-3.4,723.2827,703.3851,124.567,145.038,3017.672,19.008,19.095,,30.5443,32.4599,,49821.3333,3523.6667,1794.6667,4249.0,3877.3333,1379.3333,698.3333,2472.6667,1930.0,5571.0,58.6667,4.360020176,0.524019923,16.4333,3.5333,4.8,,,,,2327.6667,54.383,,51.723,38.7,2355,425.0,,,,16.438,16.9467,16.45,23.826,19.661,29.061,64.335,11.469,19.339,10.905,30.992,57.16,320.474,34.101,16.865,53.771,10.434,16.548,12.339,6.735,13.452,14.756,10.673,11.872,12.085,32.6,31.8667,35.5667,30.7,,79.07164001,15.30286908,18.7056027,14.51610207,,55.997,54.751,,36.75,35.112,21.802,,21.304,16.599,,0.5833,,0.09,0.12,0.31,,181.421,514.6333,354.9521,237.8857,519766.4993,255.3072,,519766.4993,,17556.64,1928.707,63.91374363,15627.93,517.8802815,13605.411,3951224.41,12274.26,,,,,,4.6,4.0,,,0.6539,159.2907,,,1224.586,,,3.19,0.014,3.67,1724.8,757.34,519164.84,227958.55,2875743.86,2355.84,1034.42,227.7453
1965-06-01,4417.225,2643.097,101.0665,1832.4015,823.5644,531.216,518.9383,78.1579,272.8022,339.4449,1.2,1389.271,0.7,731.3366,721.1507,145.419,162.154,3051.732,19.285,19.338,,31.3047,33.0141,,50389.0,3567.3333,1814.6667,4298.6667,3935.0,1396.3333,695.3333,2475.0,1973.0,5643.0,58.8667,4.180224076,0.487671202,15.4333,3.3333,4.6,,,,,2219.3333,55.088,,52.237,38.7,2514,427.0,,,,16.522,16.9993,16.527,23.872,19.742,29.23,64.134,11.518,19.521,10.95,30.802,57.126,318.994,34.289,17.103,53.885,10.532,16.656,12.365,6.79,13.539,14.841,10.708,11.909,12.148,32.7,32.1667,36.7667,30.8,,78.82667239,15.39271712,18.90257635,14.60838098,,56.013,54.683,,36.919,35.104,21.919,,21.348,16.607,,0.6133,,0.06,0.15,0.33,,182.173,514.3667,371.0104,245.5584,534848.7757,262.1274,,534848.7757,,17542.27,1979.311,64.85859662,15562.96,509.9712768,13570.8983,3971368.9,12226.05,,,,,,5.3,4.3,,,0.7252,161.6162,,,1125.3026,,,3.22,0.0141,3.71,1759.11,768.11,532332.08,232439.78,2903991.49,2370.92,1035.25,229.0193
1965-09-01,4515.427,2688.512,104.5225,1857.5933,835.8926,549.712,532.9764,82.3427,282.724,341.1184,1.2,1435.36,15.7,718.2749,741.4607,142.188,162.819,3135.14,19.726,19.807,,31.5635,33.0834,,50957.6667,3609.6667,1834.3333,4348.6667,3971.3333,1412.6667,690.0,2498.6667,2027.0,5744.3333,58.9,3.914532328,0.449821457,14.3667,3.0667,4.2667,,,,,2189.0,55.004,,52.365,38.5667,2664,410.6667,,,,16.583,17.052,16.602,23.917,19.787,29.302,63.814,11.576,19.628,11.006,30.584,56.988,317.289,34.183,17.233,54.185,10.563,16.699,12.391,6.831,13.603,14.93,10.804,12.013,12.224,32.7333,32.4,37.1,30.9,,78.5832814,15.4820197,18.96151369,14.66100034,,56.439,55.206,,37.67,36.01,21.636,,21.144,17.054,,0.6433,,0.11,0.22,0.38,,184.907,518.7333,384.6195,254.5622,547553.5566,269.563,,547553.5566,,17984.06,2013.717,64.23052451,15970.34,509.398102,13990.183,3993877.55,12632.54,,,,,,5.0,4.3,,,0.8184,161.8795,,,1151.9142,,,3.25,0.0141,3.76,1814.72,790.05,542649.21,236246.42,2928453.02,2385.05,1038.35,229.6963
1965-12-01,4619.458,2764.094,108.925,1888.97,866.8988,553.352,545.3791,85.539,294.2255,334.586,1.0,1462.544,9.2,733.7143,752.2336,150.878,170.763,3198.311,20.259,20.306,,31.968,33.974,,51574.6667,3648.0,1854.6667,4396.6667,4017.0,1427.6667,693.0,2534.0,2055.3333,5848.3333,58.9,3.696525081,0.418314897,13.6,2.7333,4.1333,,,,,2094.0,55.577,,52.864,38.5667,2997,427.6667,,,,16.634,17.1087,16.711,24.173,19.891,29.303,63.462,11.65,19.673,11.075,30.399,56.949,314.393,33.726,17.229,54.344,10.677,16.739,12.436,6.88,13.678,14.979,10.91,12.155,12.303,32.9,32.6333,37.9667,31.0667,,78.32319774,15.58666196,19.15212097,14.748869,,56.975,55.576,,38.323,36.536,21.58,,21.092,17.284,,0.4933,,0.16,0.3,0.31,,188.656,525.4333,397.376,261.465,557539.8008,277.0984,,557539.8008,,18445.99,2061.95,64.46996089,16384.04,512.2715596,14376.2815,4069706.0,13004.8,,,,,,5.1,4.4,,,0.9732,161.6229,,,1302.9562,,,3.3,0.0141,3.83,1916.89,820.91,544884.62,233347.69,2984138.56,2438.48,1044.28,233.5076
1966-03-01,4731.888,2804.899,114.0964,1908.6333,873.2206,597.563,565.7825,90.2391,306.5445,343.2582,1.7,1489.775,9.8,784.8748,761.1161,147.16,175.164,3229.916,20.829,20.872,,32.2026,34.4986,,52224.3333,3695.0,1876.0,4451.0,4061.6667,1446.0,692.3333,2589.6667,2079.3333,5945.6667,58.8667,3.493010706,0.367635799,12.8333,2.6333,3.7667,,,,,1956.6667,56.128,,53.621,38.6667,3240,406.0,,,,16.763,17.1943,16.813,24.087,20.002,29.57,63.378,11.722,19.937,11.143,30.307,57.014,313.862,33.694,17.626,54.783,10.683,16.831,12.489,6.948,13.664,15.11,10.979,12.416,12.314,33.0667,33.1,39.0667,31.2667,,77.93283815,15.64465428,19.28911508,14.84980931,,57.432,56.366,,38.845,37.187,21.705,,21.171,17.312,,0.3967,,0.16,0.32,0.16,,187.441,529.6333,411.3463,266.3764,568469.3137,284.4935,,568469.3137,,18413.57,2070.119,64.09204514,16343.45,506.0024624,14365.426,4048147.72,12971.19,,,,,,4.9,4.4,40.33999,1914925.7,1.1189,162.1261,,,1489.026,,,3.31,0.0136,3.86,1946.01,799.67,559649.04,229976.38,2998880.11,2438.47,1002.04,243.3507
1966-06-01,4748.046,2812.086,109.5381,1929.4108,881.5618,588.717,560.2844,93.4113,311.5784,316.6713,1.5,1517.912,11.4,805.9947,766.9037,151.583,179.52,3238.486,20.887,20.891,,31.4503,34.9735,,52926.0,3743.6667,1901.0,4510.0,4110.0,1464.6667,679.3333,2663.6667,2113.0,6050.6667,59.0333,3.481801071,0.338319201,13.2,2.4667,3.8333,,,,,2005.3333,56.531,,54.145,38.5667,3288,375.3333,,,,16.899,17.3343,16.965,24.454,20.16,29.784,63.65,11.829,20.105,11.244,30.465,57.241,313.79,34.002,17.818,55.236,10.707,16.948,12.536,7.047,13.71,15.24,11.108,12.627,12.468,33.4,33.2333,38.8333,31.5,,77.49539403,15.6913801,19.59490692,14.88384285,,57.826,56.845,,38.576,36.955,22.226,,21.659,17.148,,0.71,,0.15,0.35,0.19,,187.815,530.5667,425.1376,270.0807,572847.7827,289.9889,,572847.7827,,18507.86,2109.455,65.13708584,16398.4,506.360132,14319.4646,4188392.75,12904.33,,,,,,5.1,4.5,39.26763,1870507.1,1.1408,162.0433,,,1538.866,,,3.34,0.0137,3.95,2016.41,827.8,567812.5,233105.26,3057261.9,2488.69,1021.69,243.5863
1966-09-01,4788.254,2844.198,113.1249,1945.1956,887.9285,584.373,560.9071,93.8326,315.7008,306.119,1.4,1559.275,16.5,812.7673,775.7803,149.771,189.589,3278.055,21.054,21.006,,28.6191,35.8445,,53469.3333,3795.6667,1916.3333,4563.6667,4154.0,1484.6667,694.3333,2722.6667,2169.3333,6122.3333,59.2333,3.49287499,0.270375348,12.7,2.4667,3.7,,,,,1975.3333,56.645,,54.399,38.3667,3278,302.0,,,,17.028,17.4773,17.114,24.465,20.347,29.972,63.932,11.937,20.246,11.346,30.554,57.707,314.392,34.112,17.906,55.792,10.84,17.048,12.558,7.163,13.869,15.285,11.266,12.806,12.631,33.7,33.5667,39.5333,31.7,,77.24322342,15.73463689,19.70155158,14.95261758,,58.152,57.272,,38.703,37.084,22.508,,21.898,17.179,,0.7267,,0.29,0.47,0.1,,190.293,524.3667,441.0741,271.8918,574688.0158,293.7824,,574688.0158,,18214.54,2114.459,64.50346328,16100.09,491.1475197,14045.8088,4168736.05,12608.23,,,,,,5.0,4.7,39.62091,1907141.2,1.1472,160.4534,,,1471.2567,,,3.37,0.0138,3.99,2028.41,830.67,570772.1,233742.58,3066859.98,2495.33,1021.89,244.1883
1966-12-01,4827.537,2856.047,113.0808,1966.4842,885.4562,587.798,545.9921,95.1734,315.6951,273.8637,2.0,1586.198,4.6,821.5718,795.6199,153.495,191.724,3316.465,21.132,21.129,,31.4584,36.0918,,53828.6667,3845.3333,1940.0,4617.6667,4183.0,1503.3333,693.3333,2785.6667,2203.0,6206.6667,59.4667,3.420705232,0.275032451,12.1667,2.4,3.7667,,,,,1867.3333,56.528,,54.264,38.3,3218,231.0,,,,17.16,17.6283,17.254,24.742,20.528,30.145,64.224,12.054,20.373,11.457,30.619,58.149,315.004,34.452,17.965,56.349,10.978,17.143,12.632,7.29,14.016,15.437,11.408,12.918,12.756,34.0333,33.3333,39.3333,31.7667,,77.14892848,15.75118875,19.72198438,14.994881,,58.454,57.73,,38.943,37.378,22.694,,22.055,17.501,,1.1333,,0.2,0.23,-0.21,,192.396,521.6667,445.0364,270.4689,575168.5791,296.382,,575168.5791,,18597.98,2133.055,64.31713787,16464.93,496.4600899,14349.427,4248553.44,12891.24,,,,,,5.1,4.7,39.51977,1919108.4,1.1391,158.5177,,,1418.8435,,,3.4,0.013,4.06,2066.92,790.68,569295.6,217779.81,3096039.56,2525.98,966.29,261.4088
1967-03-01,4870.299,2872.504,110.9391,1984.5171,895.3996,573.373,535.5812,91.3998,310.5755,266.036,1.8,1653.233,28.5,823.1155,805.3082,155.38,194.717,3366.472,21.276,21.303,,26.6507,37.3365,88.1496,54100.3333,3900.3333,1950.3333,4667.3333,4213.6667,1524.6667,692.0,2824.0,2250.3333,6280.6667,59.3,3.567906257,0.254458508,12.1333,2.3333,4.3,1187.3333,1040.6667,408.3333,374.0,2270.6667,56.495,,54.205,38.0333,3170,283.0,,,505191.877,17.209,17.7253,17.326,24.841,20.593,30.121,64.091,12.136,20.368,11.537,30.273,58.351,316.019,34.73,17.784,56.984,11.055,17.231,12.694,7.401,14.13,15.543,11.59,12.859,12.81,34.2333,33.3667,38.3,31.9,41.74823435,76.72648475,15.83420803,19.87739469,15.02553886,,59.09,58.083,,39.251,37.708,22.691,,22.176,17.566,,1.2967,,0.0,0.09,0.07,,192.418,525.4667,449.3646,270.9795,577879.1007,299.148,,577879.1007,,19096.71,2120.197,62.97980382,16976.51,504.2818641,14846.6629,4250042.31,13377.11,,,,,,5.2,4.7,39.20383,1923104.2,1.0842,157.4662,,,1459.2635,,,3.38,0.0132,4.11,2128.48,832.65,576137.52,225383.26,3115684.94,2538.78,993.16,255.6257
1967-06-01,4873.287,2911.776,115.7071,2003.7055,902.0637,552.629,548.7385,92.3869,309.8311,296.5166,0.7,1646.377,-4.3,824.2456,809.6239,153.314,193.17,3393.192,21.226,21.272,,26.977,38.529,86.6086,54131.0,3957.0,1948.0,4709.3333,4237.6667,1547.0,685.6667,2849.0,2287.3333,6344.6667,59.4333,3.61263227,0.206681227,12.6,2.4,4.1333,1263.3333,943.0,426.0,347.0,2101.3333,55.948,,53.88,37.8,3113,326.3333,,,507849.412,17.291,17.844,17.43,24.948,20.666,30.192,64.372,12.225,20.4,11.619,30.522,58.566,315.802,34.752,17.71,57.499,11.134,17.289,12.735,7.499,14.268,15.685,11.757,12.852,12.911,34.5,33.3,38.3333,31.9,41.84473516,76.21637697,15.87827897,20.06257663,15.0564276,,59.68,58.778,,39.395,38.021,22.911,,22.451,17.467,,1.16,,0.2,0.59,1.16,,191.657,529.5333,458.562,272.7447,578677.232,301.6378,,578677.232,,19241.12,2147.159,63.27843249,17093.96,503.7723877,14966.4929,4274630.13,13474.96,,,,,,5.1,4.6,38.03292,1867405.0,1.0597,157.0175,,,1464.6951,,,3.39,0.0133,4.17,2173.58,855.29,590573.89,232388.28,3147837.03,2556.47,1005.96,254.1324
1967-09-01,4919.392,2926.685,114.7767,2031.1769,901.2176,568.833,555.2964,91.1245,309.3024,312.178,1.1,1664.669,6.8,837.0899,812.586,152.084,195.707,3425.442,21.406,21.451,,27.0222,37.9301,86.0431,54479.3333,4016.0,1955.3333,4762.0,4287.6667,1569.3333,674.0,2869.0,2317.3333,6399.3333,59.6667,3.577031637,0.220161292,13.1,2.2667,4.1,1226.6667,879.0,438.0,425.0,2121.3333,56.293,,54.061,37.8,3089,418.0,,,514482.204,17.452,18.006,17.587,25.088,20.866,30.514,65.082,12.32,20.614,11.711,31.156,58.993,315.473,34.926,17.922,58.134,11.197,17.457,12.79,7.62,14.405,15.869,11.876,12.96,12.984,34.8667,33.4333,38.7333,32.0,41.65308613,75.90058228,15.95764073,20.36348339,15.12457901,,59.886,58.838,,39.596,38.106,23.113,,22.639,17.624,,1.0833,,0.54,0.83,0.95,,193.731,535.8,464.6334,276.4292,581181.8181,304.9535,,581181.8181,,19582.39,2161.502,63.10139601,17420.89,508.5734186,15281.1396,4301249.58,13763.12,,,,,,5.0,4.6,38.82145,1924684.8,1.0475,155.8272,,,1403.4133,,,3.39,0.0132,4.21,2234.2,866.91,597891.31,231991.97,3156211.06,2557.52,992.36,257.7207
1967-12-01,4956.477,2944.594,115.0641,2048.1026,905.2814,581.104,571.9568,94.0206,315.5244,330.2432,1.0,1677.307,0.2,852.2018,826.6862,154.952,206.028,3450.452,21.565,21.598,,28.973,39.5181,87.1866,54918.6667,4070.0,1964.6667,4817.0,4336.6667,1591.3333,666.6667,2873.6667,2354.3333,6462.6667,59.8667,3.692281922,0.236279479,13.5,2.3333,4.3333,1255.6667,914.3333,480.6667,421.6667,2177.0,56.55,,54.306,37.8,3155,471.0,,,522224.302,17.602,18.1877,17.781,25.376,21.058,30.749,65.739,12.438,20.752,11.823,31.659,59.378,317.362,35.094,17.991,58.699,11.231,17.657,12.86,7.74,14.523,16.112,12.02,13.191,13.067,35.2333,33.5,38.9,32.3,41.23695719,75.32617513,15.9814539,20.54490667,15.13839168,,60.045,58.887,,39.71,38.193,23.332,,22.882,17.76,,1.08,,0.52,0.81,0.89,,197.042,538.7,467.0484,279.751,583871.2574,309.5339,,583871.2574,,19875.29,2258.929,65.46762465,17616.36,510.552152,15508.5551,4366730.81,13967.85,,,,,,5.0,4.7,39.10231,1958090.0,1.026,155.4356,,,1322.4146,,,3.44,0.013,4.27,2292.42,867.5,603623.33,228423.82,3183972.84,2579.54,976.15,264.2559
1968-03-01,5057.553,3015.162,122.2063,2080.4115,923.0457,592.754,584.7561,97.5941,324.8077,331.3247,0.9,1707.281,7.2,891.6996,841.8869,159.305,218.167,3507.99,22.086,22.086,,31.5316,40.4084,87.3375,55286.3333,4115.3333,1976.0,4861.3333,4369.6667,1608.6667,665.3333,2865.0,2392.3333,6561.0,59.4667,3.506623527,0.234154575,12.5333,2.3333,4.0333,1188.3333,854.3333,455.6667,397.0,2003.0,56.602,,54.404,37.7,3229,454.6667,,,527144.631,17.789,18.395,17.975,25.628,21.289,31.033,66.166,12.589,20.967,11.968,31.655,60.274,319.7,35.251,18.163,59.579,11.308,17.825,12.934,7.866,14.708,16.371,12.172,13.47,13.273,35.6667,33.9667,39.1,32.6333,41.134075,74.47760812,16.05504672,20.78488108,15.34832489,,61.056,60.031,,40.596,39.02,23.511,,22.983,18.124,,1.22,,0.2,0.42,0.56,,197.273,540.4667,471.6203,282.8735,578595.0141,314.8721,7407.7207,586002.7348,,19730.83,2187.855,62.36777743,17542.98,500.0863478,15285.3167,4445517.8,13724.07,,,,,,5.0,4.9,38.42951,1964545.5,1.1069,151.5039,,,1329.6682,,,3.47,0.0152,4.31,2314.79,1016.91,595354.41,261545.61,3209136.17,2612.96,1147.9,227.6293
1968-06-01,5142.033,3061.075,124.8088,2112.5579,934.3712,615.427,583.3213,95.2315,320.8281,339.5091,1.5,1716.107,-2.2,907.8121,858.3133,161.97,221.494,3565.717,22.506,22.484,,32.5068,40.7874,87.4736,55781.0,4156.3333,1980.3333,4902.0,4425.0,1624.6667,674.3333,2876.6667,2418.0,6628.6667,59.8,3.360640923,0.189201636,12.7333,2.1333,3.7,1016.0,954.0,422.0,410.3333,1976.0,57.039,,54.924,37.7,3322,514.6667,,,536185.244,17.971,18.609,18.177,25.857,21.512,31.296,66.569,12.741,21.166,12.113,31.812,60.925,320.923,35.247,18.303,60.677,11.292,18.014,13.022,7.981,14.891,16.558,12.331,13.832,13.442,36.0333,34.1667,39.7667,32.8,40.84085552,73.62101587,16.1212527,20.83214514,15.40467803,,61.451,60.487,,40.977,39.419,23.678,,23.141,18.443,,1.28,,0.13,0.42,0.22,,197.875,544.3667,478.8363,286.6276,584681.1789,320.3941,8293.6206,592974.8175,,20315.65,2231.017,62.56854511,18084.63,507.1807744,15822.5429,4493105.49,14241.12,,,,,,5.0,4.9,36.96379,1921812.9,1.1899,150.6234,,,1467.0165,,,3.46,0.0144,4.35,2389.43,996.25,607944.4,253476.11,3232865.38,2624.1,1094.09,239.8429
1968-09-01,5181.859,3118.445,130.4247,2139.4786,949.2302,598.643,592.4148,97.583,325.2305,346.462,0.8,1721.216,-2.3,959.8333,870.7665,173.487,234.806,3577.118,22.674,22.648,,32.5999,41.1841,87.1287,56271.0,4211.0,1995.3333,4957.0,4478.6667,1646.0,679.3333,2886.6667,2461.0,6694.6667,59.6333,3.335402939,0.187622368,12.6,2.1333,3.6667,1050.6667,904.0,429.6667,405.0,1952.6667,57.361,,55.312,37.7,3477,531.6667,,,542503.972,18.157,18.817,18.351,26.0,21.671,31.585,67.123,12.888,21.369,12.253,32.061,61.397,323.326,35.737,18.442,61.667,11.399,18.147,13.098,8.095,15.044,16.757,12.519,14.186,13.587,36.5333,34.3,40.2667,32.8333,40.38943204,73.33870554,16.19092086,20.95623576,15.41154543,,61.618,60.784,,40.993,39.483,24.076,,23.508,18.275,,1.4033,,0.1,0.31,0.26,,199.619,547.6,485.5871,292.2066,590646.7997,323.7286,9377.9662,600024.7481,,20459.41,2246.734,62.80850495,18212.67,509.1438054,15944.9859,4514423.13,14336.01,,,,,,5.2,5.1,37.30897,1953753.4,1.2528,149.9378,,,1652.1728,,,3.49,0.0144,4.41,2431.45,1000.47,616833.56,253809.79,3255082.83,2637.41,1085.22,243.0299
1968-12-01,5202.212,3132.511,129.6593,2163.0175,949.4581,605.155,606.4028,100.9746,334.0938,351.3411,0.6,1722.739,-1.9,972.0911,878.0399,169.631,232.828,3604.797,22.76,22.737,,33.9429,41.8046,87.4344,56866.6667,4280.3333,2013.3333,5028.6667,4537.6667,1672.6667,665.6667,2862.0,2496.6667,6759.0,59.6,3.225859295,0.178848025,12.2333,2.0,3.6333,976.0,893.0,417.0,406.6667,1932.6667,57.7,,55.655,37.5667,3705,588.6667,,,550167.315,18.358,19.036,18.607,26.535,21.97,31.902,67.736,13.044,21.592,12.401,32.341,61.932,325.518,36.335,18.661,62.464,11.434,18.314,13.193,8.227,15.264,16.906,12.686,14.474,13.759,37.0667,34.5,40.7667,33.1333,40.09919928,72.49477906,16.26736784,21.15281911,15.53191356,,62.073,61.227,,40.895,39.406,24.6,,24.033,18.267,,1.2567,,0.1,0.25,0.18,,202.815,552.6,496.3923,299.9218,600310.1557,329.0975,10495.2608,610805.4165,,21180.05,2291.08,63.55642381,18888.97,523.995485,16506.7766,4673276.95,14871.93,,,,,,5.1,5.0,36.98532,1950261.5,1.374,150.852,,,1724.0184,,,3.53,0.0145,4.46,2501.14,1029.51,618939.46,254765.34,3297510.24,2677.72,1102.19,242.9449
1969-03-01,5283.597,3167.245,132.1146,2181.8808,960.0239,640.79,623.3255,104.657,342.6474,363.1996,1.2,1726.594,-1.3,1012.6696,886.0742,149.913,210.867,3613.735,23.156,23.135,,33.3366,42.5605,88.1485,57460.3333,4349.0,2025.0,5094.3333,4591.6667,1699.3333,677.3333,2900.6667,2490.6667,6829.3333,59.8333,3.237647315,0.15193128,12.0667,1.9667,3.6667,984.0,901.0,422.6667,395.0,1970.0,58.522,,56.177,37.6,3828,688.3333,,,558531.778,18.536,19.244,18.793,26.83,22.203,32.124,68.131,13.207,21.753,12.554,32.369,62.498,327.569,36.925,18.737,63.277,11.565,18.441,13.287,8.37,15.512,17.062,12.848,14.812,13.92,37.5667,35.0,40.9667,33.5667,39.83903004,72.57385027,16.31667335,21.3049138,15.5893062,,62.161,60.793,,41.22,39.532,24.646,,24.169,18.678,,1.2,,0.15,0.27,0.08,,201.404,555.7667,510.4232,305.5647,608744.9459,335.8426,11537.6765,620282.6225,,21039.61,2259.951,62.53782177,18779.66,519.6745526,16287.0557,4752556.64,14631.17,,,,,,4.4,4.4,36.19577,1939717.3,1.4141,151.6742,,,1800.9448,,,3.56,0.0149,4.52,2550.82,1070.72,627293.61,263310.33,3329279.83,2701.13,1133.82,238.2336
1969-06-01,5299.625,3187.677,131.7677,2208.9877,962.169,637.015,626.649,105.7544,346.3787,359.831,0.9,1721.163,-4.9,1015.7607,893.6405,182.766,252.469,3649.115,23.179,23.161,,31.4786,43.1618,87.5894,58049.3333,4407.0,2046.0,5155.6667,4649.6667,1722.0,674.6667,2900.0,2522.3333,6873.6667,59.9667,3.278149033,0.158861837,12.2,2.0,3.7333,1010.6667,945.3333,418.3333,399.3333,2001.3333,58.653,,56.697,37.6,3843,617.6667,,,564787.117,18.772,19.4743,19.041,27.114,22.484,32.51,68.642,13.385,22.056,12.721,32.546,63.118,329.754,37.297,19.029,64.022,11.781,18.632,13.402,8.54,15.811,17.267,13.034,15.073,14.089,38.1667,35.5,42.1667,33.8,39.53958871,74.45766705,16.39761394,21.82316161,15.61030755,,62.184,61.372,,40.882,39.488,25.302,,24.762,18.469,,1.2333,,0.15,0.38,0.16,,200.639,551.5,522.4885,310.308,615693.1751,340.7697,13281.0917,628974.2498,,20888.73,2291.856,62.80579833,18596.88,509.6270709,16098.3414,4790392.32,14422.19,,,,,,5.3,5.2,34.97403,1879900.9,1.3917,151.6556,,,1924.513,,,3.59,0.0151,4.58,2588.77,1091.49,644182.53,271603.5,3352179.33,2707.13,1141.39,237.1775
1969-09-01,5334.6,3203.218,131.4021,2226.7198,965.7843,649.948,635.6869,107.1392,354.2616,357.0396,1.0,1724.612,0.7,989.6127,895.569,179.708,249.198,3723.489,23.317,23.306,,33.7448,44.6323,87.705,58519.6667,4454.0,2059.3333,5203.3333,4696.3333,1740.6667,688.6667,2901.3333,2542.3333,6920.3333,60.2333,3.422188854,0.180922617,12.5333,2.1667,3.7667,999.0,1004.6667,457.0,449.6667,2112.0,58.835,,56.976,37.5333,3756,552.6667,,,574790.09,19.002,19.699,19.312,27.351,22.716,32.875,68.97,13.563,22.364,12.888,32.631,63.61,330.929,37.555,19.412,64.819,11.755,18.853,13.547,8.68,16.02,17.454,13.261,15.289,14.26,38.7,35.7667,42.7333,33.9667,39.25786516,73.60837075,16.44743341,22.04814716,15.7367319,,62.432,61.829,,40.924,39.613,25.759,,25.176,18.431,,1.06,,0.23,0.63,-0.17,,199.731,546.4667,524.8655,311.5307,617478.6026,342.5551,15261.165,632739.7676,,20788.86,2295.365,61.64554929,18493.5,496.6711902,15991.5783,4797284.13,14300.89,,,,,,5.2,5.1,35.01946,1898142.3,1.2858,149.8702,,,1933.8436,,,3.64,0.0152,4.64,2633.58,1098.58,656766.16,273966.14,3354591.48,2696.95,1125.02,239.7253
1969-12-01,5308.556,3228.82,130.9086,2254.5309,972.2325,618.565,621.5769,106.2566,352.4112,332.5223,0.6,1701.376,-8.8,984.4687,893.6472,184.409,246.46,3751.967,23.134,23.126,,33.0081,45.1715,86.2456,58697.6667,4503.3333,2063.0,5248.3333,4740.6667,1760.0,691.0,2875.3333,2579.3333,6997.0,60.2667,3.425138233,0.169322795,12.0,2.2667,3.7,1073.6667,1005.6667,439.6667,395.3333,2123.6667,58.562,,56.814,37.4667,3714,480.6667,,,581710.053,19.221,19.9303,19.554,27.711,22.983,33.181,69.395,13.75,22.602,13.067,32.899,64.034,330.916,37.853,19.689,65.489,11.725,19.05,13.686,8.847,16.252,17.64,13.54,15.535,14.411,39.2333,36.1,43.8333,34.4,39.13669438,72.75411135,16.54091798,22.37759576,15.75490237,,62.67,62.161,,40.719,39.489,26.377,,25.79,18.157,,1.0767,,0.25,0.55,-0.06,,201.592,542.5667,528.7,312.3257,617734.5705,342.3799,17385.1958,635119.7328,,20692.85,2326.954,62.0195844,18365.9,489.5005914,15832.4737,4860381.33,14127.08,,,,,,5.4,5.1,35.46954,1915748.4,1.2683,148.9147,,,2161.3825,,,3.69,0.0165,4.72,2700.47,1207.11,661140.84,295530.57,3373828.48,2711.8,1212.18,223.7132
1970-03-01,5300.652,3248.853,128.9107,2278.7544,980.5792,600.116,618.4736,105.519,349.9237,332.7304,0.2,1693.165,-6.6,940.342,902.1542,186.842,245.653,3791.373,23.115,23.109,,28.7665,45.7301,83.3245,58771.6667,4546.3333,2061.0,5280.3333,4773.3333,1776.6667,683.6667,2877.0,2613.3333,7048.6667,60.4667,3.974718563,0.196603497,13.4,2.7333,4.1333,1386.3333,1101.6667,466.3333,471.3333,2201.3333,58.259,,56.592,37.2667,3360,483.0,,,581929.993,19.444,20.1473,19.823,27.934,23.203,33.501,69.514,13.937,22.893,13.247,32.942,64.318,329.87,38.038,20.074,65.987,11.687,19.293,13.829,9.019,16.751,17.829,13.774,15.693,14.549,39.8333,36.6333,44.2333,34.7667,38.8799971,71.97050513,16.54463199,22.6661991,15.75059952,,62.793,62.338,,40.845,39.666,26.755,,26.172,18.211,,1.39,,-0.02,0.34,0.16,,198.521,539.7667,525.152,312.791,616910.0173,343.4867,18866.3964,635776.4137,,20571.09,2264.349,59.72371536,18306.75,482.8526522,15739.1304,4831963.47,14028.6,,,,,,5.4,5.1,35.38879,1913222.6,0.9836,147.6571,,,2377.2635,,,3.71,0.0159,4.77,2738.76,1171.51,658389.0,281627.46,3385756.15,2726.46,1166.25,233.7801
1970-06-01,5308.164,3263.571,130.4054,2292.9446,979.9637,601.421,605.7673,105.0736,347.6307,312.3301,0.5,1673.464,-10.1,932.0603,907.1329,194.082,250.508,3838.128,23.148,23.148,,30.202,46.0931,82.0957,58487.0,4573.3333,2046.6667,5288.0,4782.3333,1787.0,674.6667,2927.3333,2648.3333,7104.3333,60.3667,4.49359264,0.265267386,15.0667,3.3,4.6,1745.3333,1170.6667,547.0,483.0,2490.3333,57.695,,55.857,36.9667,2986,478.3333,,,585999.373,19.659,20.3753,20.109,28.514,23.496,33.775,69.787,14.131,23.118,13.434,33.141,64.605,328.898,38.29,20.243,66.395,11.906,19.511,13.969,9.203,16.946,18.041,14.089,15.831,14.761,40.5667,36.8333,43.7333,35.1,38.77269909,71.1650806,16.57223292,22.90347074,15.78690505,,62.902,62.238,,41.442,40.122,26.779,,26.202,18.942,,1.2633,,0.15,0.78,1.04,,198.274,536.2667,521.0921,311.0794,611268.224,341.2798,20368.9882,631637.2121,,20062.31,2271.308,59.17749422,17791.0,463.5332322,15122.7239,4939582.82,13403.86,,,,,,5.7,5.2,34.67329,1882567.8,0.7613,144.8117,,,2208.6083,,,3.77,0.0149,4.87,2776.72,1094.79,672663.43,265214.03,3441641.13,2768.06,1091.38,253.6304
1970-09-01,5357.077,3292.183,130.8815,2318.992,987.007,611.208,615.9777,105.7154,348.8575,330.2762,0.5,1680.531,-4.8,906.6686,927.7668,194.859,249.933,3899.453,23.396,23.4,,27.7523,46.6796,81.0481,58261.6667,4573.0,2044.0,5281.6667,4788.3333,1787.0,676.0,2830.3333,2681.6667,7204.3333,60.3,4.873020164,0.307951277,15.5333,3.7667,4.9,1960.3333,1277.6667,581.0,494.0,2452.0,57.322,,55.583,36.9333,2756,549.3333,,,592094.319,19.851,20.602,20.274,28.457,23.634,34.01,70.301,14.306,23.274,13.603,33.628,64.73,329.172,38.504,20.373,66.98,11.831,19.746,14.133,9.344,17.243,18.255,14.271,15.984,14.933,41.1,37.0333,43.7333,35.3333,38.34616382,69.41141046,16.66496767,23.31476006,15.85596933,,63.265,62.671,,42.092,40.822,26.777,,26.215,19.195,,1.95,,0.18,0.61,1.13,,200.597,537.7333,527.0406,312.0231,610363.4487,339.3224,22086.9572,632450.4221,,20494.73,2279.958,58.46866872,18214.77,467.1109104,15612.7124,4882016.31,13880.23,,,,,,5.6,5.2,34.86717,1907601.6,0.6421,143.7606,,,2130.6844,,,3.76,0.0151,4.9,2828.03,1133.73,689785.9,276527.46,3423542.35,2732.82,1095.56,249.4457
1970-12-01,5299.672,3283.245,122.1827,2330.7915,998.5733,578.757,615.7602,100.1266,336.888,363.3831,-0.4,1681.319,-1.5,890.3062,932.4195,195.263,253.809,3890.124,23.006,23.029,,23.9098,47.2162,78.5696,57751.3333,4617.3333,2012.3333,5297.3333,4813.6667,1803.6667,677.3333,2827.0,2716.3333,7279.3333,60.4,5.425346897,0.388713674,17.0667,4.3,5.5,2323.3333,1368.3333,600.6667,569.6667,2651.0,56.779,,55.162,36.8,2535,634.0,,,590487.505,20.108,20.8913,20.539,28.792,23.934,34.389,71.47,14.517,23.481,13.803,34.671,65.119,333.008,38.684,20.465,67.827,12.06,19.926,14.339,9.472,17.572,18.5,14.443,16.229,15.171,41.7667,37.1,43.4667,35.6667,38.4511821,70.19689289,16.62559497,23.37508059,15.70007646,,62.967,62.518,,41.706,40.559,27.274,,26.715,19.313,,2.4233,,0.15,0.29,1.5,,201.34,539.5667,528.6145,310.9462,604340.9387,339.1869,23473.7925,627814.7312,,20842.08,2291.394,58.90284821,18550.69,476.8662711,15934.9225,4907160.64,14185.58,,,,,,5.6,5.3,35.74822,1935339.2,0.5231,142.8655,,,2060.2972,,,3.76,0.0154,4.94,2904.56,1186.47,695713.21,284188.97,3431574.33,2734.91,1117.17,244.8066
1971-03-01,5443.619,3346.268,135.2777,2346.9517,1002.6701,646.232,628.2914,101.8056,339.6659,381.9879,1.1,1656.742,-12.3,899.4436,936.3292,197.046,250.817,3967.754,23.797,23.81,,34.4418,47.9497,79.4173,57956.3333,4635.3333,2012.0,5312.3333,4855.0,1811.0,666.3333,2815.0,2719.3333,7353.3333,60.1667,5.395778558,0.53023819,16.6667,4.3667,5.7667,2300.0,1410.3333,618.3333,587.6667,2745.0,57.049,,55.417,36.7333,2483,687.3333,,,598833.72,20.299,21.156,20.85,29.294,24.2,34.571,72.482,14.713,23.52,13.987,35.473,65.456,337.115,38.969,20.355,68.451,12.067,20.108,14.531,9.565,17.815,18.727,14.679,16.43,15.395,42.1667,37.6,43.5667,36.0333,38.7589044,73.73854962,16.76432385,23.61800701,15.97651572,,63.732,63.176,,42.942,41.736,27.01,,26.483,20.181,,2.5133,,0.08,0.21,2.18,,202.505,544.0,528.5055,311.9236,603661.6018,341.4555,34189.0995,637850.7014,,21368.17,2275.808,57.35759529,19092.37,481.1882549,16395.9161,4972258.46,14623.05,,,,,,5.6,5.2,34.50345,1929494.1,0.5008,141.3257,,,2196.6477,103.0861,,3.73,0.0139,5.01,3006.59,1118.64,715103.31,266062.45,3503900.83,2787.84,1037.25,268.7727
1971-06-01,5473.059,3377.022,138.3449,2370.5661,1004.9737,664.569,651.781,104.2701,344.2911,418.4649,0.9,1652.914,-4.6,901.0932,943.3221,195.588,269.738,4025.541,23.943,23.961,,34.6122,48.3171,79.5286,58204.6667,4658.6667,2010.6667,5334.0,4893.0,1820.3333,669.3333,2815.0,2739.6667,7419.6667,60.0333,5.32229319,0.596975031,16.9333,4.3333,5.8,2316.0,1474.6667,567.3333,616.0,2652.3333,57.384,,55.6,36.7667,2558,753.3333,,,604148.789,20.53,21.3973,21.13,29.71,24.486,34.9,72.998,14.908,23.765,14.173,35.65,65.773,341.895,39.218,20.723,69.105,11.865,20.31,14.716,9.685,18.204,18.893,14.817,16.728,15.599,42.6,38.0667,44.7,36.4,39.25768149,72.90712278,16.84003774,23.92790515,16.02996072,,64.077,63.293,,43.063,41.755,27.296,,26.795,20.439,7.42,2.36,1.18,0.2,0.74,2.0,,204.216,550.4667,528.6224,317.4261,608734.6192,347.2118,35582.1028,644316.7064,,21538.06,2313.969,57.48219303,19224.09,477.5530087,16497.6445,5040416.88,14710.5,,,,,,5.4,5.5,34.36089,1935241.1,0.5149,140.5165,,,2468.174,109.2152,,3.74,0.0137,5.07,3068.12,1121.99,738895.7,270208.19,3556595.61,2816.74,1030.06,273.4542
1971-09-01,5518.072,3403.947,142.0224,2392.8822,1002.8949,672.632,662.9924,104.9839,345.801,437.6172,0.9,1652.012,-1.7,894.1011,946.4626,205.365,275.701,4046.575,24.171,24.188,,36.1312,48.8463,79.1734,58394.0,4681.3333,2005.3333,5353.0,4934.6667,1830.0,665.6667,2844.6667,2751.6667,7443.6667,60.1333,5.33250468,0.662097443,17.0667,4.4,5.7333,2368.3333,1508.3333,574.0,646.0,2671.0,57.235,,55.603,36.7,2607,798.3333,,,611797.725,20.732,21.599,21.343,30.034,24.707,35.091,72.835,15.117,23.973,14.371,35.136,66.067,344.382,39.644,20.893,69.453,12.088,20.475,14.895,9.797,18.6,19.059,14.992,17.068,15.854,42.9667,38.3667,44.4333,36.8333,39.35326365,72.22567869,16.91429681,24.19852459,16.08097075,,64.318,63.753,,43.471,42.261,27.435,,26.908,20.806,7.66,2.22,1.18,0.26,0.74,1.47,,206.962,554.4333,535.1003,324.004,616922.1644,356.9847,37310.2487,654232.3976,,21674.09,2351.331,58.10669715,19322.76,477.5090123,16561.6417,5112449.65,14772.4,,,,,,5.6,5.6,35.00694,1988558.7,0.5143,141.588,,,2499.6281,108.4166,,3.75,0.0128,5.13,3146.9,1076.03,757510.02,259017.12,3612478.25,2854.0,975.87,292.4556
1971-12-01,5531.032,3460.427,148.0824,2430.3231,1009.6784,654.519,680.3835,108.6011,352.8683,454.5099,0.0,1640.336,-10.2,901.7751,958.3798,186.407,257.013,4093.754,24.217,24.231,,35.8619,49.3541,80.4029,58715.0,4721.3333,2006.0,5392.6667,4971.0,1845.3333,632.6667,2836.0,2781.0,7534.0,60.3,5.279478138,0.685694925,16.9,4.4,5.7333,2315.3333,1495.6667,603.3333,669.6667,2717.0,57.817,,56.197,36.8333,2684,839.6667,,,612918.558,20.86,21.7223,21.52,30.291,24.847,35.191,72.461,15.259,24.126,14.507,34.62,66.155,344.539,39.899,21.034,69.68,12.238,20.587,15.009,9.9,18.704,19.141,15.108,17.316,16.07,43.2,38.4,45.2667,36.9,39.74380086,71.81583958,17.0483805,24.41419026,16.1736872,,64.286,63.748,,43.093,41.91,27.866,,27.33,20.47,7.55,2.5233,1.66,0.17,0.5,1.66,,208.94,555.5333,541.4932,333.3416,631639.9077,366.5034,38155.9417,669795.8801,,22182.46,2412.568,58.93289884,19769.89,482.9280819,16990.7651,5191690.45,15194.88,,,,,,5.0,5.2,35.63237,2033226.3,0.5274,143.033,,,2388.1434,107.3075,,3.8,0.0122,5.19,3243.82,1041.8,777775.99,249795.13,3680029.78,2901.29,931.8,311.3656
1972-03-01,5632.649,3506.098,151.4709,2471.3387,1012.9157,697.648,709.4233,112.7268,364.1155,484.3536,0.3,1649.269,3.3,974.5667,961.036,207.596,294.575,4112.5,24.874,24.813,,35.711,51.1802,83.2163,59380.0,4764.6667,2026.3333,5443.0,5038.0,1862.3333,668.0,2831.0,2815.0,7651.6667,60.3,5.068705673,0.725356928,17.3667,4.2,5.3667,2164.0,1539.6667,611.0,669.6667,2630.3333,58.538,,56.831,36.8667,2920,913.3333,,,615611.629,21.08,21.9307,21.865,30.646,25.135,35.548,73.086,15.425,24.389,14.666,35.138,66.351,345.589,40.298,21.483,70.08,12.081,20.741,15.154,10.008,18.872,19.292,15.211,17.672,16.276,43.5667,39.0667,45.7,37.2667,39.82228082,70.22155884,17.41845305,24.71412871,16.43041293,,65.542,64.902,,43.768,42.388,28.279,,27.657,20.724,7.35,2.2,1.32,0.37,0.97,2.6,,209.681,561.8333,542.2414,342.0319,642828.3687,378.1304,37118.3468,679946.7155,,22729.31,2422.616,58.90860517,20306.69,493.7796757,17388.6736,5340631.98,15566.6,,,,,,5.6,5.9,34.72622,2027248.6,0.5846,142.9024,,,2927.8973,122.3295,,3.78,0.012,5.26,3360.45,1067.82,793829.32,252249.05,3749194.35,2954.39,938.79,314.7006
1972-06-01,5760.47,3572.842,155.2742,2501.0995,1040.2602,737.276,721.6772,115.2974,370.0612,493.7191,0.9,1655.872,3.9,984.0038,959.3862,201.538,284.109,4155.218,25.548,25.533,,36.8169,50.8437,84.1761,60070.0,4841.0,2046.6667,5519.0,5092.0,1892.0,665.0,2817.6667,2849.0,7726.3333,60.4,4.992089133,0.692428149,15.9,4.0667,5.5667,2142.0,1440.6667,629.6667,739.3333,2699.3333,58.837,,57.244,36.8667,3060,847.0,,,623467.059,21.202,22.079,21.999,30.858,25.248,35.661,73.461,15.553,24.446,14.788,35.414,66.576,346.328,40.509,21.553,70.261,11.994,20.845,15.266,10.082,18.937,19.374,15.38,17.844,16.459,43.9,39.5,46.2667,37.6667,40.61153551,69.74975585,17.54305335,24.92568808,16.60698554,,65.886,65.208,,44.63,43.396,27.931,,27.442,21.231,7.34,2.08,1.2,0.46,1.07,2.37,,212.579,567.4,555.1078,353.4552,659565.4358,394.4567,38937.7783,698503.2292,,22961.63,2496.68,60.08541798,20464.95,492.5120317,17560.5281,5401100.59,15712.11,,,,,,5.3,5.6,33.67383,2011296.1,0.6201,145.0151,,,3456.7738,131.0742,,3.81,0.0118,5.34,3439.73,1064.36,835484.0,258524.42,3832858.05,2996.39,927.18,323.1741
1972-09-01,5814.854,3627.904,159.2597,2535.008,1054.5941,747.745,729.8633,118.0611,375.4885,496.0921,1.1,1624.317,-17.1,988.3728,967.1229,213.689,290.022,4236.036,25.841,25.804,,38.4876,50.6252,84.5731,60509.0,4891.0,2059.3333,5567.6667,5137.3333,1911.6667,675.0,2800.0,2874.0,7855.0,60.4667,4.997889946,0.612075851,16.1333,3.9,5.6,2171.3333,1434.3333,662.3333,654.0,2769.3333,59.291,,57.57,36.8333,3259,900.6667,,,633604.493,21.388,22.245,22.198,31.179,25.471,35.936,73.836,15.705,24.662,14.931,35.603,66.915,347.432,40.858,21.81,70.307,12.25,20.933,15.414,10.213,19.06,19.488,15.525,18.015,16.604,44.2333,40.1,47.4,37.9,40.90745943,69.82802086,17.62186285,24.96424839,16.73768913,,66.23,65.371,,44.886,43.521,28.145,,27.647,21.311,7.41,1.88,1.11,0.51,0.93,2.07,,214.946,574.6333,565.8847,365.5702,673361.7924,410.6751,41055.0184,714416.8258,,23421.67,2547.507,60.1389437,20874.16,492.7759108,17880.9485,5540723.76,16006.25,,,,,,5.5,5.7,33.62447,2028922.8,0.6651,145.4101,,,3977.2627,129.4216,,3.84,0.0115,5.4,3503.74,1052.35,861854.66,258859.25,3912425.9,3049.58,915.95,332.9433
1972-12-01,5912.22,3713.038,167.6871,2580.299,1074.549,752.434,761.8398,127.0912,393.4671,513.8819,0.6,1637.754,1.0,1011.4699,980.4155,222.725,303.087,4405.825,26.333,26.321,,41.1823,52.6882,86.7435,61327.3333,4952.3333,2087.3333,5644.3333,5212.6667,1934.6667,680.0,2811.6667,2901.3333,7931.3333,60.3667,4.780386721,0.550197352,15.7,3.6667,5.2333,1941.6667,1414.0,656.3333,646.0,2445.0,59.832,,58.175,36.9,3624,966.0,,,640724.227,21.562,22.3847,22.45,31.622,25.754,36.186,73.599,15.852,24.946,15.067,35.077,67.353,348.411,41.169,22.116,71.063,12.505,20.991,15.559,10.299,19.246,19.61,15.684,18.09,16.8,44.4667,40.5,48.4,38.1,41.84393013,69.69093044,17.80977958,25.41885664,16.97578381,,66.788,66.024,,45.265,43.991,28.413,,27.932,21.293,7.43,1.62,1.06,0.31,0.57,1.51,,215.03,582.7,586.3851,377.369,691449.3033,427.339,41950.2954,733399.5838,,24459.09,2615.104,59.35560001,21843.99,495.7979329,18693.2901,5765802.99,16801.29,,,,,,5.7,6.0,33.74758,2079923.0,0.777,143.7176,,,4665.2161,131.3297,,3.9,0.0119,5.45,3697.63,1123.83,892785.59,271346.3,4008084.18,3114.3,946.54,329.0207
1973-03-01,6058.544,3780.829,178.3557,2613.4822,1081.1099,796.53,791.7211,134.0698,409.9673,531.3526,0.8,1651.865,5.3,1066.7341,984.875,239.018,317.093,4439.242,27.332,27.171,,42.3765,51.955,88.3818,62256.3333,5023.3333,2109.6667,5721.3333,5282.6667,1963.0,678.0,2799.6667,2899.6667,8016.0,60.4333,4.534094699,0.442112563,14.4333,3.4,4.9667,1734.0,1374.6667,650.0,662.3333,2310.6667,60.631,,59.047,36.9,3955,908.0,,,652257.179,21.823,22.5407,22.735,31.906,26.011,36.764,73.904,15.984,25.479,15.199,35.221,67.711,349.717,41.235,22.952,71.649,12.681,21.115,15.778,10.404,19.471,19.74,15.851,17.896,16.897,44.8,42.4667,51.8667,38.8333,41.55437305,69.35617406,17.95273529,25.74657917,17.16901092,,67.488,66.903,,46.289,44.814,28.707,,28.035,21.495,7.45,1.3633,0.84,0.29,0.61,0.9,,211.554,585.1667,622.7839,391.2658,719073.4225,446.0189,42207.3971,761280.8195,,24456.99,2650.783,59.71251438,21806.21,491.2147368,18588.9535,5868040.46,16654.96,,,,,,6.1,6.2,33.29287,2101480.1,0.901,148.0077,,,5124.7577,125.8124,,3.96,0.0118,5.54,3779.01,1122.88,940567.45,279476.58,4131175.27,3189.54,947.73,336.5461
1973-06-01,6124.506,3779.125,176.268,2635.6619,1072.0692,830.483,797.8489,140.2536,425.2098,504.0797,1.3,1640.23,-6.3,1066.6869,986.4343,250.533,307.953,4476.707,27.628,27.532,,41.8979,51.5441,88.2318,62841.3333,5060.3333,2128.0,5765.6667,5324.3333,1977.6667,682.3333,2795.3333,2911.6667,8115.0,60.7667,4.536511191,0.379038422,14.7333,3.3667,4.8,1667.6667,1386.0,667.3333,684.0,2491.3333,61.282,,59.663,36.9,3947,825.0,,,662336.026,22.242,22.8477,23.111,32.474,26.407,37.611,74.486,16.233,26.247,15.429,35.527,68.112,351.452,41.882,24.011,72.68,13.132,21.354,15.948,10.543,19.734,20.022,16.232,18.145,17.241,45.2667,44.5333,55.2333,40.0667,42.01669535,72.50348243,17.95954958,25.51681226,17.20083464,,67.029,66.437,,46.306,44.927,29.03,,28.416,21.644,7.64,1.2867,0.84,0.19,0.41,0.2,,211.988,579.9,656.9784,403.4396,735440.5072,463.3897,44080.0586,779520.5658,,24385.25,2697.921,60.26574988,21687.33,484.4483609,18390.4237,5994831.06,16423.58,,,,,,6.5,6.3,32.34466,2056096.6,0.9005,149.3833,,,4678.1675,106.9202,,4.03,0.0123,5.64,3843.31,1176.55,985564.43,301709.93,4254326.5,3267.6,1000.31,326.6596
1973-09-01,6092.301,3792.426,174.7425,2653.1032,1077.194,800.37,795.6929,141.9921,431.7609,482.7005,0.7,1620.936,-13.4,1059.6102,996.8154,251.377,299.446,4496.944,27.554,27.306,,41.1499,52.5055,88.0678,63232.0,5100.3333,2139.6667,5805.3333,5347.0,1993.6667,697.0,2777.0,2926.3333,8183.6667,60.8,4.479953496,0.33874459,14.3333,3.1333,4.9333,1659.3333,1345.3333,674.0,633.6667,2652.0,61.633,,60.066,36.8333,3968,797.0,,,667262.117,22.647,23.1513,23.553,33.152,26.956,38.326,74.853,16.515,26.914,15.685,35.597,68.602,352.916,42.375,25.093,73.065,13.381,21.546,16.108,10.691,19.978,20.234,16.648,18.4,17.763,45.7333,46.3667,59.0,40.6,43.04866819,75.72770428,18.01185172,25.46992834,17.29194139,,66.869,66.359,,45.873,44.304,29.984,,29.181,21.404,8.45,1.26,1.25,0.08,0.18,-1.12,,214.003,575.3,679.4367,411.2247,748294.7597,478.9003,46453.2122,794747.9719,,24935.88,2744.964,61.04064712,22190.92,493.4665976,18758.0814,6177798.89,16767.32,,,,,,6.8,6.4,32.12455,2033885.3,0.9185,150.3154,,,4822.8436,105.4695,,4.04,0.0117,5.72,3936.52,1136.5,1000345.01,288806.66,4356143.34,3354.57,968.49,346.3719
1973-12-01,6150.131,3781.115,170.7252,2662.7697,1073.0507,828.879,789.1709,144.3133,434.9995,460.9948,1.7,1633.097,0.9,1078.3022,1008.948,263.743,301.679,4546.145,27.52,27.579,,40.7996,51.9442,88.5178,63825.3333,5182.6667,2158.3333,5889.0,5405.6667,2024.3333,713.6667,2801.6667,2953.3333,8272.3333,61.1,4.421032011,0.373161993,14.6667,3.0667,4.7667,1687.0,1270.0,740.6667,614.6667,2729.3333,61.999,,60.368,36.7667,3904,639.0,,,683174.671,23.11,23.4737,23.961,33.548,27.512,39.179,75.092,16.825,27.741,15.98,35.532,69.071,354.928,42.656,25.913,73.669,14.73,21.77,16.315,10.881,20.297,20.529,17.294,18.689,18.125,46.5,46.7333,59.8333,41.7,43.73398202,81.07270936,18.03442491,25.57492414,17.33859412,,66.536,65.932,,45.587,44.483,30.421,,29.956,21.79,8.63,1.6833,1.88,0.11,-0.09,-0.75,,214.725,568.1333,682.0607,415.945,756842.3055,492.0297,48127.7293,804970.0348,,24507.81,2777.23,61.08978326,21730.58,478.0002128,18234.3529,6273460.0,16229.94,,,,,,7.3,6.7,31.77379,2029740.4,0.9005,149.2111,,,4420.0813,101.9875,,4.14,0.0123,5.81,4004.38,1186.01,1002039.11,296782.22,4409632.16,3406.33,1008.88,337.6345
1974-03-01,6097.258,3747.286,166.8142,2657.7485,1058.731,781.544,773.8952,144.4818,434.5551,431.2042,0.8,1662.599,10.0,1087.8917,1021.688,267.163,291.445,4470.667,27.34,27.184,,35.2346,50.7264,86.9273,64091.0,5239.3333,2166.3333,5937.3333,5417.0,2046.3333,729.6667,2829.3333,2988.6667,8307.6667,61.3333,4.74687232,0.363322447,14.8,3.5,5.0333,2021.3333,1249.6667,750.0,640.0,2810.3333,61.996,,60.118,36.6,3735,573.0,,,691795.571,23.798,23.8767,24.446,34.242,28.11,40.723,75.924,17.171,29.172,16.297,35.57,70.355,358.953,43.666,27.144,74.994,17.502,22.159,16.551,11.115,20.643,20.818,17.654,19.144,18.653,47.2333,49.8667,63.1667,44.3667,45.0894476,110.6809949,17.98139593,25.40841941,17.2833475,,66.079,65.176,,45.477,43.848,31.416,,30.71,22.178,8.47,1.49,1.41,-0.14,-0.26,-0.56,,210.804,560.8333,693.2661,417.4827,758285.2087,500.221,47509.4057,805794.6285,,24240.9,2748.151,61.47071433,21492.75,480.7504192,18116.2374,6124663.9,16097.66,,,,,,7.8,7.4,31.76449,1990398.4,0.7999,150.018,,,4452.5788,93.8506,,4.12,0.0124,5.9,4112.42,1237.68,1025880.47,308749.37,4430106.72,3402.88,1024.13,332.2697
1974-06-01,6111.751,3760.779,167.7453,2684.3147,1051.7131,778.425,764.43,144.2525,433.8051,413.7997,1.1,1670.929,-1.4,1106.1387,1034.2887,280.191,306.886,4429.087,27.332,27.224,,36.1305,54.4873,86.2936,64294.6667,5296.3333,2168.6667,5983.6667,5460.0,2068.6667,749.0,2852.6667,3018.0,8346.3333,61.1667,4.794216715,0.391979148,15.3333,3.4667,5.0333,1968.6667,1412.6667,738.3333,633.0,2761.6667,61.886,,60.281,36.5,3769,470.3333,,,703226.716,24.472,24.47,24.989,35.265,28.835,42.077,77.846,17.577,30.238,16.666,36.607,72.414,363.778,44.654,27.782,77.229,19.092,22.959,16.773,11.431,21.2,21.285,18.129,19.522,19.27,48.4667,51.6,62.2333,48.1,45.77062201,112.3898383,17.9400271,25.24208941,17.31296574,,66.028,65.433,,45.341,43.99,32.28,,31.603,23.289,8.88,1.52,1.34,0.13,0.54,-0.61,,211.462,551.3667,725.6697,414.2158,751337.8607,507.027,48794.2476,800132.1218,,23667.95,2766.518,62.46249364,20901.43,471.912934,17695.3944,5972558.23,15649.28,,,,,,8.3,8.5,30.99462,1937867.8,0.7945,149.121,,,4642.406,84.7006,,4.15,0.0132,6.04,4219.51,1341.08,1051295.3,334131.72,4439691.35,3386.98,1076.48,314.635
1974-09-01,6053.978,3776.934,168.6928,2698.4208,1053.9644,738.08,751.8525,144.9543,429.3836,399.8028,0.4,1674.253,2.6,1115.9905,1032.395,265.095,301.525,4433.089,26.96,26.848,,37.6607,54.4461,85.3885,64275.6667,5356.6667,2166.3333,6026.6667,5497.3333,2091.3333,767.0,2873.0,3048.3333,8424.6667,61.3333,5.186831605,0.42130382,16.2333,3.7667,5.5333,2178.0,1552.0,772.0,683.3333,2999.3333,61.549,,60.077,36.4667,3453,285.6667,,,706091.706,25.132,25.1693,25.759,36.643,29.764,43.384,80.812,17.984,31.089,17.055,38.528,75.182,371.085,45.67,28.373,79.632,19.346,24.066,17.025,11.821,21.863,21.748,18.696,19.926,19.713,50.1333,55.2667,64.2667,51.4333,46.08438309,121.8471175,17.83920815,25.28070608,17.38877476,,66.12,65.693,,44.876,43.62,33.602,,32.875,23.633,9.61,1.8467,1.64,0.34,0.82,-0.23,,210.569,541.0333,739.4687,406.3321,739422.7249,505.8342,51552.0585,790974.81,,22924.41,2762.867,62.32374353,20161.55,454.7968231,17062.4181,5861996.9,14970.1,,,,,,8.1,8.6,30.86269,1915748.8,0.6687,146.6451,,,4272.1866,66.1128,,4.17,0.0155,6.19,4336.23,1611.68,1059205.75,393683.82,4482650.18,3421.97,1271.87,269.0499
1974-12-01,6030.464,3721.726,152.5672,2726.0569,1035.0255,742.56,711.2096,139.0455,418.1001,347.4568,1.3,1682.266,4.0,1070.7132,1032.7717,272.02,298.537,4427.166,26.756,26.661,,35.1086,54.4241,81.495,63657.3333,5394.0,2138.6667,6036.0,5509.0,2104.6667,772.3333,2874.6667,3099.0,8551.3333,61.2667,6.089090727,0.491194935,17.7333,4.7,6.4333,2853.6667,1645.6667,804.6667,772.6667,3418.3333,60.643,,59.095,36.1667,2857,200.6667,,,721834.262,25.771,25.7843,26.541,38.002,30.684,44.652,83.339,18.379,31.971,17.432,39.908,77.833,377.628,47.093,29.567,80.8,19.052,25.042,17.348,12.189,22.588,22.257,19.182,20.32,19.963,51.6,57.2,67.8,53.0333,49.24710718,119.8478902,17.75003361,25.24782639,17.43975709,,65.907,65.312,,45.276,43.963,34.165,,33.476,24.861,9.79,2.9,2.12,0.1,0.31,0.31,,208.025,531.2333,738.0655,396.815,720568.2636,501.1313,52164.6863,772732.9369,,22966.34,2748.123,62.07408683,20218.21,456.6852213,17080.1427,5886192.99,14959.75,,,,,,8.5,8.5,30.79768,1911699.2,0.4734,143.0839,,,3752.609,61.1638,,3.81,0.0129,6.34,4771.02,1613.89,1052871.2,356153.19,4474195.02,3419.8,1156.81,295.6231
1975-03-01,5957.035,3752.942,155.6938,2751.6333,1036.8408,622.949,670.4141,128.8947,394.2537,327.4318,-0.6,1700.574,-4.1,1023.5253,1063.3456,273.917,268.587,4420.507,26.12,26.172,,29.905,53.9689,75.6707,62244.6667,5418.3333,2075.6667,6002.3333,5482.6667,2114.0,790.6667,2873.6667,3161.6667,8673.0,61.2,7.484662021,0.756455257,19.6,6.4,8.0667,4106.0,1828.3333,786.0,789.6667,4071.3333,58.742,,57.266,35.8667,2408,197.6667,,,710645.147,26.256,26.288,27.141,39.303,31.428,45.308,84.645,18.796,32.426,17.824,40.31,79.604,383.512,47.809,29.99,81.119,19.109,25.798,17.807,12.489,23.227,22.741,19.621,20.654,20.231,52.7,57.1667,67.3333,53.8667,53.12505692,117.9194899,17.65061788,25.24553233,17.43482237,,66.45,66.009,,45.612,44.554,34.8,,34.22,26.12,9.15,3.1067,1.61,0.12,0.56,1.79,,202.229,523.3333,722.9177,387.8814,707572.4438,496.8539,50309.2384,757881.6822,,23487.32,2692.864,60.91752969,20794.45,470.4087957,17466.0986,6021218.81,15337.58,228.28,,,,,8.7,7.7,31.53604,1941114.4,0.3145,141.08,,,4064.0281,70.3079,,4.54,0.0129,6.4,4447.81,1262.42,1050057.27,298038.44,4481758.3,3430.23,973.6,352.3228
1975-06-01,5999.61,3814.672,158.6361,2784.5345,1059.6718,604.403,662.4475,126.1886,384.7743,336.3431,-0.8,1686.211,-3.9,889.0208,1055.6556,265.932,247.093,4624.985,26.292,26.38,,33.7608,54.9521,74.3242,61733.0,5453.6667,2049.6667,6009.0,5499.3333,2127.0,795.3333,2873.3333,3177.3333,8751.3333,61.3333,7.656775493,1.19555876,20.4,7.1667,8.4,4760.3333,1951.6667,836.0,785.3333,3975.0,58.267,,56.742,35.8667,2402,171.0,,,699931.45,26.578,26.6887,27.534,40.204,31.865,45.655,86.167,19.107,32.543,18.123,41.051,80.946,392.096,48.413,29.813,81.352,19.465,26.174,18.085,12.762,23.728,22.958,19.898,21.021,20.541,53.5333,57.8,68.6,54.4667,60.44545372,123.006669,17.58544979,25.31655992,17.43557136,,67.051,66.579,,46.336,45.274,34.958,,34.399,26.963,8.87,2.58,0.82,0.34,1.13,2.66,,201.878,524.9333,697.104,379.3055,690876.6262,493.6179,50442.0552,741318.6565,,24062.36,2705.073,58.4882641,21357.28,461.7806149,17909.6785,6152679.11,15758.5,228.38,,,,,8.3,7.0,32.27817,2006125.4,0.2899,136.621,,,4476.3141,81.0894,,4.47,0.0118,6.47,4597.85,1217.05,1060251.06,280647.44,4538016.63,3476.33,920.18,377.7875
1975-09-01,6102.326,3868.889,168.5049,2797.739,1069.9892,651.26,678.4389,127.7344,388.871,358.3368,-0.1,1717.716,10.7,1028.6642,1069.1478,261.446,267.626,4557.752,26.856,26.941,,36.8276,55.3635,75.7976,62198.6667,5533.6667,2052.0,6078.0,5572.3333,2157.6667,804.6667,2887.3333,3178.0,8786.3333,61.2667,6.908094925,1.583236864,20.3,6.8667,7.8667,4591.3333,1885.0,816.0,848.6667,3628.3333,58.86,,57.259,36.0333,2561,227.6667,,,697488.093,27.076,27.089,28.021,40.682,32.436,46.522,87.112,19.46,33.268,18.45,41.652,81.733,394.361,49.048,30.541,81.939,20.645,26.382,18.369,13.085,24.195,23.215,20.188,21.192,21.073,54.2333,59.0333,71.2,55.1,62.5100033,127.8478348,17.60859711,25.17653891,17.52234317,,66.897,66.181,,46.903,45.771,35.061,,34.585,27.817,8.99,2.2867,0.69,0.46,1.19,1.97,,201.356,524.3,676.0579,375.3399,680076.5227,487.1568,52348.0062,732424.5289,,23764.47,2739.167,60.09908371,21025.31,461.3086775,17701.7313,6062741.33,15536.9,226.11,,,,,7.8,7.1,32.38043,2044788.7,0.3205,132.8762,,,4188.6634,80.0689,,4.48,0.0118,6.46,4540.23,1191.49,1058092.86,277674.58,4531545.2,3472.05,911.17,381.055
1975-12-01,6184.53,3910.492,173.4203,2837.9964,1067.3641,669.438,691.8995,129.6185,393.512,373.6373,0.0,1732.769,1.3,1040.8158,1083.4754,276.228,281.895,4593.382,27.343,27.4,,37.1621,54.4435,77.054,62831.0,5580.6667,2064.3333,6134.0,5619.0,2176.0,815.6667,2894.3333,3197.3333,8824.6667,61.1333,6.629342504,1.653781712,19.5333,6.7,7.8333,4176.3333,1912.6667,872.3333,872.0,3566.0,59.703,,58.234,36.1333,2663,225.6667,,,694998.635,27.53,27.5303,28.489,41.234,32.941,47.153,88.451,19.844,33.696,18.823,42.484,82.907,398.863,49.58,31.008,82.267,21.039,26.694,18.759,13.457,24.684,23.543,20.59,21.604,21.317,55.1667,59.6667,72.2,56.1667,62.83547078,129.0685772,17.6170149,24.91794098,17.54429285,,66.764,66.266,,46.954,45.894,35.657,,35.114,28.174,9.16,2.5167,1.09,0.34,1.05,2.44,,201.38,518.3,664.3609,376.3014,680352.8217,484.728,53289.9582,733642.7677,,24076.27,2781.442,60.55324951,21294.82,463.5979291,17958.5543,6117711.59,15770.72,226.08,,,,,8.1,7.3,32.7301,2094620.4,0.341,131.6535,,,4255.7082,77.0264,,4.42,0.011,6.47,4592.67,1143.73,1058893.17,263700.62,4543623.45,3483.37,867.48,401.5513
1976-03-01,6323.649,3988.677,182.1576,2871.0355,1089.0542,734.031,720.1992,131.2947,401.9416,409.1607,0.8,1735.49,-3.9,1083.5799,1095.6611,274.321,299.528,4648.85,28.204,28.195,,38.4787,55.6509,78.9586,63810.0,5659.6667,2092.0,6218.0,5711.6667,2206.3333,823.6667,2881.6667,3214.3333,8883.0,61.3,6.142888305,1.604152515,19.1667,5.9333,7.5,3660.3333,1904.6667,843.6667,871.3333,3606.3333,60.564,,59.191,36.2333,2870,225.0,,,703532.136,27.833,27.9487,28.8,41.596,33.24,47.384,89.646,20.173,33.739,19.129,43.282,83.9,401.576,50.171,30.819,82.971,20.851,27.127,19.084,13.768,25.139,23.849,20.904,21.748,21.605,56.2,59.9333,70.0333,57.0333,64.28134396,121.6652243,17.62749276,24.85496695,17.67507112,,67.279,66.933,,47.649,46.554,35.913,,35.268,28.817,8.86,2.5033,1.11,0.34,1.06,2.84,,199.047,519.9,649.0426,378.915,688722.282,488.1791,51401.2189,740123.4889,,24466.16,2773.842,59.66726481,21692.32,466.6168655,18319.4855,6146674.3,16111.51,224.59,,,,,7.9,7.6,32.98513,2157474.9,0.3901,132.1951,,,4581.5805,87.67,,4.44,0.0112,6.54,4728.88,1187.68,1075318.89,270070.8,4590231.65,3513.55,882.44,398.1619
1976-06-01,6370.025,4025.375,183.0298,2889.9976,1105.8185,763.083,732.1036,133.7603,407.2815,419.3496,1.2,1716.171,-1.4,1096.5312,1076.4781,277.087,312.507,4675.253,28.479,28.445,,38.3527,56.883,79.5007,64353.6667,5730.0,2107.6667,6285.6667,5778.3333,2234.0,826.6667,2862.6667,3241.6667,8868.6667,61.5333,6.16534002,1.384828638,18.8667,5.8667,7.1667,3654.6667,1842.3333,881.0,871.0,3516.3333,60.709,,59.224,36.1,2970,269.6667,,,716688.23,28.066,28.284,29.088,42.302,33.56,47.541,90.641,20.435,33.737,19.388,43.97,84.533,404.898,50.589,30.601,83.676,20.65,27.47,19.363,14.053,25.536,24.083,21.233,21.591,21.92,56.9667,60.8667,70.3667,57.8667,69.52763095,118.6767094,17.70137708,25.10263117,17.78366536,,67.933,67.54,,48.087,46.855,36.327,,35.603,29.214,8.78,2.1233,1.01,0.37,1.12,2.62,,201.595,524.1,630.5211,383.7487,696108.5794,497.8746,52422.786,748531.3537,,24897.0,2835.571,60.6506503,22061.43,471.876644,18568.9082,6328090.09,16339.8,231.3,,,,,7.9,7.9,33.49464,2210617.8,0.4107,132.9248,,,4621.3923,89.3914,,4.48,0.0112,6.66,4870.95,1220.74,1092050.06,273685.31,4701075.69,3607.67,904.14,399.0167
1976-09-01,6404.895,4067.757,185.1414,2925.0553,1114.3225,765.742,740.3775,137.4072,416.1875,412.8314,1.1,1711.14,0.6,1109.1245,1069.3158,285.137,325.3,4711.731,28.66,28.616,,38.6758,57.3427,80.043,64724.0,5790.0,2118.6667,6340.6667,5823.3333,2256.6667,830.0,2854.6667,3290.6667,8845.0,61.7333,6.435132089,1.288109213,18.8333,5.9,7.5667,3691.6667,1967.3333,972.0,889.6667,3569.6667,60.992,,59.461,36.0667,2973,294.0,,,727840.847,28.492,28.727,29.459,42.897,34.004,48.127,91.738,20.798,34.156,19.743,44.813,85.072,406.375,51.414,30.951,84.864,21.018,27.735,19.703,14.342,25.963,24.394,21.589,22.083,22.321,57.9,61.6,68.9667,58.8667,75.18420946,120.7949912,17.76479656,25.15644966,17.95038917,,68.269,67.718,,48.2,46.918,36.954,,36.265,29.406,8.97,1.89,1.24,0.26,0.86,2.58,,201.691,521.1,626.7167,388.128,699284.6506,500.2576,55505.8331,754790.4837,,25002.96,2879.427,61.11187205,22123.53,469.5414146,18644.6131,6358342.33,16399.71,231.66,,,,,8.0,8.3,33.64333,2227646.4,0.3984,132.3005,,,4732.948,91.2356,,4.53,0.0112,6.75,4934.23,1220.61,1103673.1,273021.77,4750123.51,3645.1,901.71,404.2436
1976-12-01,6451.177,4120.536,188.0748,2965.1888,1126.0643,771.471,775.5251,141.272,424.233,462.8039,0.5,1710.087,0.9,1110.1001,1066.1399,288.03,336.15,4741.624,28.897,28.859,,41.2867,60.5511,80.9266,65141.0,5843.3333,2128.0,6395.6667,5862.6667,2277.6667,848.3333,2855.6667,3342.0,8861.0,61.7667,6.437184817,1.319127625,19.1,6.0,7.4333,3678.0,1994.6667,906.0,952.3333,3759.0,61.13,,59.78,35.9,3088,343.3333,,,736016.104,28.942,29.1767,29.96,43.55,34.608,48.811,93.29,21.157,34.599,20.081,46.084,85.676,410.0,52.169,31.237,85.644,21.58,28.15,20.156,14.623,26.345,24.708,21.883,22.392,22.514,58.7,62.1333,69.1333,59.8667,95.96818012,123.7310491,17.82236246,25.18018516,17.97071353,,68.723,68.35,,48.339,47.209,37.609,,36.93,29.948,8.84,2.0233,1.65,0.14,0.55,2.52,,203.663,522.8,630.1631,393.3272,707684.7472,504.8102,57059.2268,764743.9626,,25291.18,2931.543,61.82571729,22359.64,471.5608299,18847.4465,6443738.0,16574.71,230.7,,,,,8.1,8.4,33.78753,2258112.8,0.41,132.7974,,,4669.205,91.2741,,4.51,0.0112,6.81,5145.56,1275.09,1108778.32,274759.24,4801667.24,3691.55,914.78,403.5454
1977-03-01,6527.703,4169.104,195.1585,3001.6403,1125.3037,807.213,802.2361,150.3418,439.6855,476.5397,0.7,1724.629,2.8,1140.8403,1076.7173,283.395,351.879,4752.281,29.39,29.324,,43.5895,60.9825,81.9391,65969.0,5915.6667,2151.0,6472.3333,5936.6667,2306.0,863.0,2852.0,3341.3333,8860.6667,61.8333,6.29488476,1.221140437,18.6333,5.7333,7.2667,3418.3333,2010.6667,930.0,962.0,3686.3333,61.738,,60.412,35.8333,3331,358.0,,,742514.434,29.465,29.6677,30.443,44.434,35.125,49.583,94.247,21.582,35.232,20.475,46.513,86.735,413.569,52.746,31.802,86.891,22.169,28.608,20.691,14.924,26.828,24.994,22.244,22.579,22.883,59.6667,63.4667,71.4333,60.8667,92.89192148,123.5869684,17.84206118,25.12314765,18.10056013,,68.763,68.381,,48.65,47.497,38.083,,37.389,30.446,8.69,1.7533,1.34,0.24,0.79,2.72,,200.577,525.7333,631.8283,401.4205,667811.6479,511.1947,103609.6566,771421.3045,,25298.45,2939.586,61.85631852,22358.86,470.4869096,18727.6503,6570795.83,16433.34,234.37,,,,,7.8,8.9,33.65136,2271192.9,0.4537,124.6976,,,5014.4038,96.2175,,4.56,0.0111,6.91,5204.48,1270.63,1128515.3,275518.35,4866804.27,3736.98,912.35,409.5972
1977-06-01,6654.466,4191.711,199.7561,3012.6494,1125.2132,865.083,843.9513,154.1708,451.8403,528.8042,0.9,1740.413,5.2,1168.2361,1083.2914,291.032,355.215,4796.947,30.07,30.028,,44.7799,58.7035,83.8333,66963.3333,5993.3333,2176.0,6556.3333,6020.6667,2336.6667,884.3333,2856.0,3374.6667,8907.3333,62.2333,6.041606118,1.085958969,18.2,5.3,6.9333,3117.3333,1999.0,916.0,990.3333,3536.6667,63.112,,61.557,36.0,3564,378.3333,,,750605.173,29.969,30.121,30.925,45.256,35.59,50.284,94.727,22.009,35.878,20.894,46.693,87.371,415.599,52.962,32.708,87.151,22.495,29.007,21.103,15.274,27.337,25.271,22.798,23.293,23.128,60.6333,65.0333,73.2333,62.1333,102.0328558,122.9504339,17.90556023,24.88869966,18.2373732,,68.966,68.328,,48.849,47.579,38.652,,37.998,30.945,8.81,1.6267,1.44,0.23,0.85,2.53,,201.106,526.8333,637.0118,413.8299,685094.1343,526.0206,108369.6815,793463.8048,,25642.7,3023.87,63.03739419,22618.83,471.525619,18844.8889,6797815.48,16536.17,241.49,,,,,7.9,8.9,32.80422,2250408.8,0.5067,126.367,,,5011.7471,96.6503,,4.56,0.0104,6.98,5294.2,1202.9,1151039.62,261529.77,4933885.92,3781.56,859.22,440.118
1977-09-01,6774.457,4231.345,202.6852,3044.9066,1130.7523,908.859,854.6316,157.9941,460.855,527.208,1.5,1747.409,4.1,1173.583,1082.1532,293.29,350.314,4863.605,30.712,30.663,,45.2818,59.7896,84.0382,67803.6667,6097.6667,2197.6667,6657.0,6104.0,2376.3333,868.6667,2859.0,3385.0,9099.3333,62.2333,5.943258577,0.943862322,17.6333,4.9667,6.9333,3094.3333,1913.6667,884.0,971.3333,3634.6667,63.613,,62.218,35.8667,3766,434.0,,,763960.077,30.42,30.622,31.351,46.141,35.979,50.807,95.711,22.431,36.251,21.287,47.153,88.376,419.202,53.61,33.036,88.504,22.465,29.416,21.531,15.534,27.776,25.543,23.204,24.171,23.355,61.5,65.1333,73.8333,63.0333,103.7329512,121.6971986,17.90651763,24.7316258,18.33095569,,69.345,68.791,,49.362,48.203,38.941,,38.333,31.558,8.93,1.4733,1.57,0.26,0.78,1.86,,203.441,527.8333,644.0483,425.4746,698038.2749,540.1053,113144.6955,811182.9813,,25804.95,3099.092,63.72006271,22705.86,466.8523712,18865.1394,6939807.98,16532.72,242.96,,,,,7.7,8.6,32.98791,2297304.4,0.551,127.4075,,,5113.7938,100.7562,,4.63,0.0098,7.09,5380.36,1144.34,1169623.95,248765.39,5035089.91,3864.21,821.87,470.1715
1977-12-01,6774.592,4294.965,206.9305,3073.6902,1155.0211,886.06,869.2157,165.4755,474.8795,520.947,1.1,1743.244,-2.7,1188.9192,1083.7916,283.887,355.295,4956.571,30.62,30.633,,44.3994,59.585,83.8411,68622.3333,6201.3333,2217.6667,6760.0,6197.6667,2417.0,845.3333,2869.6667,3404.6667,9231.0,62.6333,5.74897817,0.886456194,16.6333,4.8,6.7333,2926.6667,1930.3333,912.3333,891.6667,3551.6667,64.264,,62.832,35.9,4099,436.3333,,,772249.626,30.852,31.067,31.875,47.069,36.717,51.429,96.992,22.79,36.675,21.63,48.2,89.207,420.989,53.987,33.342,88.999,22.975,29.854,21.918,15.786,28.186,25.867,23.563,24.781,23.535,62.3333,65.8667,74.4667,63.8667,106.5369636,124.349905,17.96116673,24.74232995,18.41181364,,69.52,68.903,,48.733,47.667,40.024,,39.499,31.458,8.94,1.3467,1.34,0.3,0.85,1.49,,206.124,530.3333,653.2813,437.7512,712303.0808,555.9117,118952.4179,831255.488,,26063.45,3176.483,64.08630251,22886.97,461.7500707,18945.5982,7117854.96,16576.43,248.59,,,,,7.3,8.7,33.21873,2330296.3,0.6169,127.3753,,,4971.3012,101.2165,,4.67,0.0104,7.13,5455.22,1213.4,1174104.64,261154.76,5101617.78,3926.17,873.29,449.5819
1978-03-01,6796.26,4319.094,201.4271,3121.6288,1159.9209,903.329,876.9007,167.8324,479.0339,525.7923,1.2,1743.682,0.3,1193.734,1083.6252,290.59,379.1,4995.434,30.78,30.67,,42.153,60.2168,82.8849,69329.6667,6267.3333,2244.3333,6832.3333,6277.0,2442.6667,760.0,2880.3333,3442.3333,9348.3333,62.7667,5.597743739,0.724571609,17.0667,4.6333,6.1,2728.6667,1875.6667,899.6667,911.6667,3450.6667,64.592,,63.124,35.5667,4322,411.3333,,,785877.295,31.358,31.5517,32.397,47.964,37.252,52.13,98.382,23.219,37.164,22.041,49.138,89.96,425.761,54.82,34.204,88.509,23.068,30.197,22.243,16.152,28.723,26.269,23.99,25.748,23.804,63.4333,67.4667,76.7667,65.0,108.1777697,125.6128411,18.04439247,24.81615274,18.56217251,,70.28,69.622,,48.761,47.483,41.225,,40.523,31.096,9.12,1.1867,1.11,0.3,0.92,1.62,,205.19,532.3333,666.7769,450.0054,726264.5609,571.5691,117581.5857,843846.1572,,26285.28,3200.263,64.06376419,23085.02,462.1224413,19038.8628,7246421.78,16642.59,252.19,,,,,7.5,9.2,33.5012,2353310.2,0.6775,128.8752,,,5148.3508,102.4365,,4.74,0.0101,7.24,5516.75,1176.86,1191919.9,254265.69,5229380.97,4036.06,860.99,468.7695
1978-06-01,7058.92,4411.431,216.4424,3168.5922,1168.8354,962.001,936.7979,181.0161,516.1528,551.0339,1.0,1787.41,8.0,1259.8463,1116.142,320.884,380.28,5048.307,32.306,32.161,,45.0338,59.9971,85.5183,70712.6667,6387.0,2278.6667,6957.0,6376.3333,2489.0,933.3333,2882.6667,3479.0,9466.0,63.1333,5.337283544,0.657921174,16.0,4.1667,6.0333,2540.3333,1795.0,849.6667,878.3333,3596.6667,66.423,,64.962,35.8333,4664,503.3333,,,798789.437,32.002,32.096,33.043,48.937,37.977,53.234,99.882,23.682,38.056,22.486,49.801,91.677,431.82,55.59,35.72,89.726,23.035,30.491,22.635,16.445,29.058,26.717,24.624,26.614,24.23,64.7333,69.5,79.6667,66.4,112.1600521,125.8709879,18.14346663,24.97686259,18.58999452,,69.964,69.274,,49.731,48.418,41.1,,40.413,32.741,9.55,1.15,1.23,0.52,1.31,1.84,,205.325,533.4333,686.3281,464.476,747983.9374,588.7303,122789.0976,870773.0454,,26767.32,3302.922,65.42633961,23464.4,464.7974172,19313.8958,7453427.22,16882.59,257.88,,,,,8.0,9.0,32.12444,2340553.7,0.7632,130.5988,,,5488.0151,117.4895,,4.73,0.01,7.34,5646.11,1189.71,1217410.54,256524.13,5329367.78,4110.5,866.14,474.5794
1978-09-01,7129.915,4429.955,213.5369,3191.3775,1177.891,990.029,962.2452,184.5469,533.6682,557.5442,1.0,1803.917,2.6,1296.7109,1129.0538,324.405,385.238,5087.571,32.6,32.516,,44.9743,60.4437,85.5628,71565.6667,6489.0,2294.0,7055.6667,6458.0,2528.6667,948.6667,2900.6667,3477.3333,9492.3333,63.2333,5.401365963,0.615542306,16.2,4.1,6.1333,2497.3333,1899.0,874.3333,882.3333,3577.3333,66.971,,65.512,35.8,4728,470.3333,,,805892.844,32.564,32.6467,33.626,49.902,38.616,54.105,101.5,24.123,38.681,22.897,50.857,93.024,433.704,56.795,36.469,89.799,23.507,31.063,22.963,16.828,29.571,27.141,25.314,26.867,24.704,66.1333,70.6,80.5,67.6667,113.9461793,126.8120847,18.1641564,25.05599123,18.68478085,,70.035,69.378,,49.762,48.552,41.788,,41.158,33.385,9.76,1.01,1.27,0.29,1.13,1.18,,205.716,530.2667,699.489,482.2727,766036.6104,606.9186,130201.1017,896237.7222,,27215.96,3392.884,66.68967355,23823.07,468.2602176,19607.336,7608619.47,17142.59,260.94,,,,,8.0,9.0,32.21407,2369315.8,0.7664,132.1369,,,5592.8127,130.0871,,4.73,0.0097,7.45,5797.26,1186.31,1243999.9,254564.2,5427421.28,4181.89,855.76,488.6783
1978-12-01,7225.75,4465.702,215.2475,3208.1617,1193.0127,1012.924,983.5076,189.5084,550.9036,556.7475,1.2,1820.148,3.4,1330.5036,1139.752,337.281,390.525,5121.04,33.211,32.996,,45.0489,61.9713,86.3582,72451.6667,6563.0,2329.6667,7143.3333,6528.3333,2557.6667,967.0,2911.0,3494.0,9482.6667,63.4667,5.350873851,0.528048707,16.3667,4.1,5.7667,2507.6667,1858.6667,878.3333,869.6667,3415.6667,67.699,,66.304,35.7333,4942,451.0,,,820951.567,33.179,33.2327,34.291,50.92,39.444,55.035,103.276,24.615,39.343,23.373,51.833,94.823,437.969,57.942,37.019,90.156,24.641,31.491,23.42,17.285,30.064,27.629,25.908,27.502,25.036,67.6,72.2,82.7333,69.1667,116.2445049,127.1826516,18.22493548,24.99542546,18.82661494,,70.398,69.772,,50.089,48.74,42.685,,41.907,34.146,10.1,0.9667,1.28,0.48,1.25,0.25,,208.873,526.4,708.0988,492.018,774789.2477,624.4298,135582.3553,910371.6131,,27413.19,3461.012,67.58415566,23952.18,467.721011,19657.3135,7755878.19,17158.37,263.23,,,,,8.3,9.0,31.86206,2378634.1,0.8126,132.3171,,,5922.6067,119.8484,,4.81,0.0098,7.55,5926.56,1202.15,1261137.31,255810.0,5504411.32,4241.57,860.36,492.9977
1979-03-01,7238.727,4488.83,212.7409,3241.7601,1198.2641,1014.607,992.4806,196.3402,563.5793,543.5435,0.9,1802.151,-0.6,1336.1856,1120.3384,337.545,389.471,5182.406,33.146,33.038,,44.8448,63.0205,86.065,73167.3333,6643.6667,2355.0,7228.0,6594.3333,2589.3333,986.0,2911.0,3504.3333,9531.3333,63.7333,5.337459757,0.535487976,16.0333,4.1,5.8333,2609.0,1797.3333,905.3333,850.3333,3477.0,68.177,,66.782,35.7,4853,396.6667,,,830694.26,33.804,33.6867,34.931,51.957,40.142,56.365,104.953,24.964,40.441,23.698,52.856,96.305,443.33,58.639,38.416,90.343,25.816,32.094,23.816,17.74,30.502,28.028,26.595,26.445,25.455,69.1667,74.8333,86.2333,71.3333,123.9767109,129.8209679,18.33549912,25.1138892,19.00836802,,70.583,70.009,,49.633,48.46,44.067,,43.377,33.676,10.41,1.05,1.3,0.07,0.92,-0.28,,206.286,520.7333,723.8279,494.7532,794423.8163,634.4769,136318.0984,930741.9147,,28061.03,3496.132,67.46156204,24564.89,474.0055964,20033.4907,8027535.84,17487.36,271.38,,,,,8.4,9.1,31.53601,2357093.8,0.7917,133.4616,,,6090.9978,125.4921,,4.88,0.01,7.7,6056.56,1238.36,1281879.33,262100.79,5639148.52,4355.38,890.53,489.0788
1979-06-01,7246.454,4485.916,207.9597,3261.7631,1195.9606,1013.693,986.989,193.5421,563.0369,534.1571,1.1,1819.707,4.1,1342.7673,1130.9155,338.425,391.58,5135.53,33.19,33.077,,40.9839,62.9461,85.1806,73767.3333,6736.6667,2369.0,7310.0,6619.3333,2625.3333,997.6667,2881.6667,3518.0,9604.3333,63.4333,5.200960339,0.508033107,16.0333,3.9667,5.6667,2429.3333,1780.0,876.6667,819.3333,3589.3333,68.324,,66.994,35.5,4958,430.3333,,,841324.399,34.728,34.4273,35.775,53.264,41.199,57.988,106.8,25.614,41.813,24.315,54.049,97.514,449.974,59.686,39.214,91.219,29.525,32.503,24.259,18.039,31.294,28.578,27.361,28.478,25.958,70.8,77.4667,86.7667,74.1333,132.431402,134.4632552,18.20245194,25.05781325,18.88975572,,70.304,69.787,,49.542,48.412,45.157,,44.454,34.794,10.74,1.28,1.63,-0.01,0.56,-0.26,,202.997,518.6667,751.2776,506.7286,802627.9625,641.5832,140688.6998,943316.6525,,28397.98,3559.116,69.30377958,24838.87,483.6670752,20170.2007,8227783.43,17599.74,274.67,,,,,8.5,9.4,31.06277,2317763.8,0.8327,135.1084,,,6187.3573,133.4446,,4.86,0.0099,7.79,6159.36,1253.07,1317813.54,268097.04,5722490.84,4402.63,895.67,491.5435
1979-09-01,7300.281,4529.568,213.7745,3273.9333,1210.0329,996.622,1004.4623,197.8343,579.6752,527.7318,0.5,1825.02,0.9,1354.6848,1134.8155,350.604,385.603,5159.548,33.452,33.37,,37.7099,61.7919,84.2881,74112.3333,6808.6667,2385.6667,7377.6667,6621.3333,2652.6667,1017.0,2897.6667,3560.6667,9710.6667,63.6667,5.376569373,0.486613149,16.2,4.1667,5.7,2657.0,1843.6667,882.3333,772.3333,3559.3333,68.94,,67.606,35.6,4946,453.0,,,843750.468,35.59,35.0627,36.522,54.565,42.038,59.493,108.026,26.225,43.168,24.88,54.574,98.492,453.906,61.311,39.577,91.417,34.378,33.025,24.915,18.459,32.276,28.981,27.986,28.882,26.493,72.6333,79.9,86.9,77.1,141.821302,152.7333546,18.26251272,25.05981386,18.90905759,,70.002,69.478,,49.481,48.405,46.159,,45.496,35.376,11.16,1.29,2.06,-0.03,0.48,-0.57,,201.86,513.5,772.7736,515.0095,811628.2436,658.7685,145900.5348,957528.7784,,28830.76,3638.32,70.5162467,25192.44,488.2682838,20454.3051,8376450.96,17864.03,275.22,,,,,8.8,9.6,30.98402,2322334.9,0.8021,134.8151,,,6358.8277,144.7433,,4.92,0.01,7.92,6320.22,1282.5,1349088.92,273757.63,5827018.41,4475.72,908.21,492.8041
1979-12-01,7318.535,4540.839,208.2775,3301.184,1216.564,978.943,995.318,194.8002,581.2581,506.6069,0.3,1837.039,0.4,1361.2241,1147.5103,372.664,394.013,5170.075,33.489,33.418,,36.0013,61.3457,84.0443,74412.3333,6881.6667,2390.6667,7438.6667,6689.6667,2680.6667,1032.6667,2886.3333,3579.3333,9697.3333,63.7667,5.423406576,0.511371817,16.2,4.3333,5.6667,2829.3333,1804.6667,857.0,824.3333,3669.6667,69.194,,67.761,35.6,4906,423.0,,,847543.242,36.451,35.794,37.188,55.683,42.8,60.944,109.973,26.857,44.337,25.479,55.353,100.22,459.018,64.082,40.289,92.218,37.237,33.678,25.648,18.976,33.785,29.285,28.671,28.906,26.965,74.8333,82.7,89.1,80.3667,149.5494498,172.3508268,18.18733098,24.92032298,18.85791433,,70.014,69.38,,49.422,48.296,47.354,,46.697,35.645,12.46,1.37,2.01,-0.07,0.43,-1.4,,202.534,501.3333,775.8429,512.724,817205.0731,668.4728,149647.4011,966852.4741,,29131.51,3691.04,71.39239562,25440.46,492.0714861,20677.5828,8453922.45,18062.76,274.4,,,,,9.3,10.3,31.02615,2318498.8,0.7805,134.8273,,,6443.4349,142.5237,,4.99,0.0101,8.04,6457.35,1308.16,1377189.25,278998.34,5916301.4,4536.28,918.98,493.6192
1980-03-01,7341.557,4534.348,205.001,3306.6984,1216.1371,972.248,982.3483,196.2812,587.5828,467.486,0.4,1864.003,11.1,1362.3168,1152.8867,383.064,394.279,5189.801,33.567,33.478,,33.0646,60.8259,83.8941,74651.3333,6973.0,2390.0,7512.0,6729.0,2715.6667,1048.3333,2917.6667,3582.0,9741.3333,63.9,5.766610932,0.524908339,16.4667,4.9,5.8,3193.6667,1847.0,836.0,840.3333,3743.6667,68.868,,67.597,35.3667,4570,350.0,,,854012.759,37.545,36.6697,38.001,56.983,43.719,63.127,113.197,27.529,46.043,26.121,56.763,102.892,466.658,68.708,40.914,93.427,42.517,34.593,26.183,19.652,35.186,29.837,29.385,29.205,27.711,77.6,86.5333,89.6,84.8333,155.9693995,192.2575411,18.08039962,24.61539764,18.77120856,,69.764,69.27,,49.657,48.612,48.461,,47.779,36.692,13.73,1.4933,1.75,-0.11,0.58,-1.37,,196.106,491.1,778.9252,506.5107,813196.7515,672.8119,147282.5929,960479.3354,,29054.08,3681.988,70.94661243,25372.09,488.8836566,20484.3987,8569678.21,17837.44,272.7,,,,,9.6,10.9,30.94982,2299776.3,0.6816,133.5275,,,6686.4376,152.5252,,5.08,0.0115,8.16,6472.57,1465.13,1398261.63,316509.27,5959214.53,4557.66,1031.67,441.7759
1980-06-01,7190.289,4432.231,182.8936,3285.8024,1199.7838,889.579,901.86,182.2462,560.426,380.7637,0.3,1867.666,8.1,1324.8644,1137.6025,390.286,365.647,5144.288,32.617,32.537,,28.6309,58.9966,79.8992,73964.0,7034.0,2364.3333,7533.6667,6700.3333,2738.6667,1072.6667,3140.6667,3602.6667,9749.3333,63.8,6.636292089,0.681533167,17.9,6.2333,6.4,4063.0,1942.6667,932.3333,845.0,4472.0,67.663,,66.376,35.1,3769,276.3333,,,857271.528,38.464,37.49,38.903,58.317,44.695,64.658,115.869,28.209,47.168,26.757,57.647,105.273,473.473,73.232,41.766,94.224,44.568,35.496,26.842,20.197,36.4,30.706,30.026,29.831,28.169,80.2,88.2667,89.1667,87.2,162.0809541,196.7570697,18.04925801,24.7355277,18.7514995,,69.932,69.407,,49.139,48.087,50.288,,49.584,37.15,14.43,2.88,3.96,-0.01,0.67,0.86,,193.684,472.3333,769.6058,485.3568,786846.2996,670.4658,143801.9167,930648.2163,,29390.16,3650.131,70.95502238,25740.03,500.3613589,20776.4577,8613702.32,18123.88,271.19,,,,,9.9,10.5,31.37303,2281650.4,0.484,129.9039,,,6792.031,145.8002,,5.02,0.0108,8.24,6579.68,1414.88,1414860.72,304248.8,6004942.39,4586.39,986.25,465.0341
1980-09-01,7181.743,4480.849,191.0164,3323.6896,1196.8755,830.866,912.7614,183.5909,564.0991,392.4885,-1.2,1842.245,-4.5,1347.5132,1119.988,389.455,339.334,5200.481,32.597,32.457,,28.8167,59.7597,78.1646,73664.6667,7105.0,2329.0,7576.3333,6704.6667,2765.6667,1075.0,2979.6667,3624.0,9782.3333,63.7,6.810043811,0.865075602,18.6667,6.7,6.5333,4489.3333,1948.0,911.3333,893.3333,4550.3333,67.412,,66.074,35.0333,3775,318.0,,,851300.479,39.364,38.3247,39.77,59.534,45.712,65.977,117.981,28.941,48.167,27.485,58.634,107.308,480.027,75.175,43.319,94.909,44.469,36.292,27.588,20.79,37.765,31.306,30.613,30.663,28.953,81.4,91.1667,94.4333,88.9333,169.586053,200.3833625,18.02165105,24.70137883,18.87369944,,70.012,69.417,,49.334,48.147,51.446,,50.64,37.381,12.65,2.2133,1.7,0.19,0.98,1.8,,191.319,479.7667,760.4192,466.6425,765353.6364,665.3399,141651.0094,907004.6458,,29866.05,3664.535,70.46530694,26201.51,503.8286028,21114.5049,8751540.77,18464.55,272.56,,,,,10.0,9.8,31.77687,2305916.6,0.4595,124.8632,,,6871.575,177.8731,,5.06,0.011,8.31,6718.04,1462.54,1424072.45,310025.05,6053176.41,4624.94,1006.86,459.3411
1980-12-01,7315.677,4541.39,196.8534,3374.753,1201.5079,908.306,947.1346,186.2143,575.8899,429.2053,-0.3,1841.838,2.0,1385.8322,1114.4883,387.096,357.53,5270.033,33.371,33.229,,31.7796,59.0235,80.7126,74343.3333,7193.3333,2359.0,7660.0,6746.6667,2799.0,1111.6667,2959.6667,3630.6667,9793.0,63.7,6.35656427,1.036217873,18.1667,6.1667,6.7,4206.6667,1971.3333,883.0,909.3333,4483.6667,68.335,,66.962,35.2667,3966,398.6667,,,850301.623,40.338,39.2583,40.825,60.798,46.856,67.321,120.003,29.762,49.209,28.277,59.858,108.949,486.442,76.452,44.74,96.032,44.981,36.911,28.353,21.437,39.056,31.71,31.304,32.226,29.564,83.9333,93.2667,96.4,90.9333,178.6352957,209.8559903,18.03431203,24.66563977,18.99362045,,70.219,69.519,,49.835,48.626,52.218,,51.465,38.559,14.26,2.2467,1.84,-0.36,0.23,-1.19,,189.446,478.5,780.5688,455.0554,753781.4085,663.3766,139056.9853,892838.3938,,30089.22,3685.481,69.93278858,26403.74,501.0165349,21393.8307,8695387.05,18751.36,266.38,,,,,9.8,10.0,31.157,2306039.0,0.4994,121.0544,,,7121.896,198.0879,,5.06,0.0106,8.38,6860.48,1440.66,1425497.27,299346.12,6095962.1,4664.25,979.47,476.2037
1981-03-01,7459.022,4556.603,202.4628,3355.7224,1212.0167,992.376,955.763,191.1527,587.5897,418.8895,1.2,1866.472,8.1,1445.8658,1123.2106,394.376,372.79,5260.568,34.08,34.047,,30.7834,59.8303,80.3913,74783.3333,7270.6667,2374.0,7729.3333,6797.3333,2829.0,1149.0,2946.3333,3636.0,9750.3333,63.9667,6.273975989,1.146824934,19.2,6.0667,6.6333,4057.6667,2060.6667,906.3333,1001.3333,4531.0,68.722,,67.348,35.3,3872,379.3333,,,859196.248,41.384,40.1293,41.907,62.552,48.096,68.985,121.527,30.564,50.663,29.049,60.519,111.087,491.486,76.858,45.325,96.723,49.638,37.703,29.068,22.099,40.474,32.364,32.162,33.139,30.307,85.9,96.1,96.8333,94.6333,185.4679899,270.6108019,18.02496544,24.64545961,19.00521225,,70.029,69.292,,50.603,49.543,52.508,,51.956,41.191,15.15,2.2867,2.19,-0.74,-0.27,-1.43,,181.93,472.0,780.7889,446.6719,745356.9814,661.0005,139203.5241,884560.4973,,29937.79,3628.618,68.97767899,26309.17,500.1203847,21318.3234,8619467.22,18687.37,262.18,,,,,9.8,10.2,30.87284,2330685.8,0.4819,119.2644,,,7203.9495,199.2969,,5.24,0.0105,8.44,6905.06,1381.37,1426153.94,285305.53,6084102.63,4651.36,930.52,499.869
1981-06-01,7403.745,4556.934,194.5888,3378.7796,1217.3341,951.246,963.2948,192.7219,599.557,405.6044,0.4,1870.062,10.7,1445.1024,1101.7569,396.508,373.341,5264.986,33.665,33.7,,32.8293,58.2725,80.0991,75150.6667,7332.0,2385.3333,7786.3333,6842.3333,2852.3333,1085.0,2909.0,3631.6667,9665.0,64.0667,6.350527783,1.04241638,19.2333,6.1,6.6333,4051.6667,2060.0,933.0,968.0,4463.3333,68.641,,67.4,35.2667,3861,297.6667,,,861248.706,42.078,40.8877,42.694,63.933,49.004,69.843,123.818,31.187,51.165,29.626,62.241,113.103,497.039,77.1,45.437,97.561,50.187,38.581,29.807,22.573,41.136,32.611,32.8,33.057,31.099,87.8,98.2667,97.5333,97.5,197.264081,277.776062,18.02503386,24.64443496,19.09297484,,69.932,69.265,,49.948,49.096,53.957,,53.548,41.337,16.23,2.02,2.48,-0.63,0.22,-1.16,,181.771,474.3333,791.3716,441.3823,741449.3035,663.0159,141549.7048,882999.0165,,30175.37,3652.729,69.37776107,26522.64,503.7552766,21279.8278,8895546.37,18642.02,262.72,,,,,9.8,10.2,30.70875,2308032.7,0.48,118.5096,,,7538.6178,217.2902,,5.24,0.0099,8.53,6974.26,1316.27,1438951.92,271577.95,6095800.34,4649.85,877.58,529.8486
1981-09-01,7492.405,4578.013,200.499,3379.289,1219.995,1004.861,963.6869,197.1098,613.4717,374.0865,1.3,1863.621,-1.6,1459.682,1098.6055,388.061,369.067,5377.654,33.961,34.17,,32.1313,58.9022,80.2781,75442.3333,7393.6667,2391.3333,7840.6667,6864.6667,2875.6667,1231.3333,2917.6667,3640.0,9547.6667,63.7,6.378131816,1.033225815,19.0333,6.0667,6.8,4150.6667,2048.6667,924.3333,934.0,4749.0,68.653,,67.362,35.1333,3744,243.6667,,,869079.166,42.772,41.6407,43.524,64.963,49.886,70.53,125.649,31.872,51.568,30.309,63.592,115.037,499.081,77.533,46.036,98.335,49.469,39.201,30.667,23.324,42.142,32.954,33.375,32.738,31.919,90.7667,98.9333,98.8667,98.3,205.5701549,261.2116486,18.03519615,24.87155553,19.12374878,,70.063,69.358,,50.416,49.772,54.379,,54.231,42.772,17.43,1.63,2.58,0.01,1.27,-0.21,,179.493,462.7333,805.6895,436.2064,737173.0236,664.8519,142918.1855,880091.2091,,29959.25,3661.094,68.07975436,26298.15,489.0265023,20969.8182,8989428.69,18331.27,261.45,,,,,9.3,9.5,30.60333,2332963.2,0.4659,115.5297,,,7758.4652,200.7161,,5.33,0.0096,8.59,6928.5,1251.74,1444278.96,260931.9,6075155.35,4623.44,835.3,553.508
1981-12-01,7410.768,4546.699,186.0738,3386.4009,1224.6706,969.475,960.6911,194.7121,627.7477,334.9199,0.8,1887.304,7.4,1415.0125,1107.176,389.842,379.634,5381.607,33.454,33.627,,30.3163,59.8256,77.9184,75075.3333,7458.6667,2377.0,7875.0,6854.0,2899.6667,1253.3333,2913.3333,3653.0,9507.0,63.7667,7.180994025,1.053892086,20.9,7.0667,7.2333,4813.3333,2247.6667,926.0,1017.0,5357.3333,68.388,,67.069,35.0,3337,251.6667,,,871268.967,43.427,42.3813,44.243,66.169,50.681,71.122,127.285,32.539,51.908,30.976,64.566,116.562,504.488,78.228,46.105,98.473,49.824,39.954,31.445,24.105,42.705,33.503,33.828,32.653,32.815,92.5333,98.8333,98.2333,99.1,206.7589112,253.260894,17.97969377,25.01871341,19.05730916,,70.001,69.306,,49.88,49.171,55.954,,55.712,42.922,17.74,2.5967,3.66,0.46,1.8,2.34,,178.771,460.8667,815.6013,429.6053,732410.8046,664.8779,143391.8228,875802.6195,,30253.06,3671.445,68.22208963,26581.62,493.9346021,21277.6952,8975368.68,18651.71,253.67,,,,,9.3,9.7,31.35587,2368869.6,0.372,115.4065,,,7554.3948,195.4109,,5.3,0.0093,8.69,7068.51,1236.73,1452343.09,254107.14,6083388.25,4623.33,808.91,571.5475
1982-03-01,7295.631,4580.19,191.998,3403.9416,1226.9492,877.772,934.2342,190.3196,614.6471,315.4231,-0.7,1885.192,0.3,1374.6752,1104.0694,372.923,368.793,5394.349,32.726,32.912,,29.0719,59.7771,75.8154,74495.3333,7496.3333,2354.3333,7882.6667,6849.0,2913.6667,1248.0,2895.3333,3645.6667,9484.3333,63.7667,7.671919401,1.16499954,22.1333,7.7667,7.6333,5422.3333,2219.6667,885.0,1092.6667,5580.6667,67.224,,65.94,34.7,3101,238.3333,,,859665.903,43.979,43.0017,44.877,67.001,51.275,71.526,128.355,33.134,52.15,31.586,64.982,118.258,508.264,78.325,46.572,98.68,48.676,40.684,32.13,24.755,43.015,33.973,34.254,33.439,33.308,93.6667,99.7,99.0333,99.7333,212.7730144,243.3448419,17.97615219,25.31765487,19.15457016,,70.975,70.303,,49.63,48.958,57.697,,57.461,42.118,17.41,2.74,3.12,0.26,1.52,1.48,,177.416,467.7,836.796,425.2466,731867.0173,669.0899,142855.3008,874722.3258,,30164.15,3627.885,67.25343039,26536.27,491.9271214,21085.7565,9078394.03,18465.88,246.78,,,,,9.0,9.5,32.41298,2413194.9,0.3212,115.5048,,,7539.7753,180.791,,5.36,0.0093,8.82,7128.71,1235.56,1473133.11,255325.21,6111947.34,4634.92,803.33,576.9634
1982-06-01,7328.912,4594.142,192.6697,3422.78,1224.8706,877.104,904.9959,182.3311,595.4811,305.0955,-0.1,1892.356,1.7,1372.8454,1107.9178,375.148,362.754,5427.895,32.886,33.062,,31.3748,59.5626,74.4429,74031.0,7511.0,2331.3333,7875.0,6872.6667,2919.0,1205.6667,2866.6667,3647.3333,9495.6667,64.0,7.93554271,1.483801477,22.8333,8.4,8.1333,6013.0,2387.0,875.0,1096.6667,6052.6667,67.441,,66.244,34.8,2807,267.6667,,,857559.66,44.402,43.5833,45.473,67.762,51.908,71.678,129.354,33.648,52.146,32.114,65.647,119.901,510.43,77.643,46.996,99.368,46.029,41.46,32.664,25.243,43.752,34.35,34.69,34.176,33.797,95.4,99.8,100.9,99.2667,223.0063708,224.6312342,17.94264194,25.12417387,19.10514988,,70.776,70.221,,49.644,49.024,58.162,,57.889,43.06,16.76,2.85,2.83,0.13,1.38,1.51,,177.286,465.9,862.3892,423.746,728470.7222,674.0254,144234.3913,872705.1059,5.1,30139.03,3634.992,66.96872727,26504.04,488.2930839,21109.6343,9029393.81,18494.4,249.56,,,,,8.8,9.0,32.40213,2431489.6,0.2707,114.6371,,,7324.214,179.3098,,5.34,0.0089,8.82,7113.4,1181.78,1509582.34,250793.42,6113489.25,4599.74,764.17,601.9226
1982-09-01,7300.896,4624.939,194.2033,3449.1332,1230.0858,869.067,883.5009,178.7753,578.3565,304.6983,0.2,1907.531,6.7,1334.4178,1107.953,358.512,379.579,5455.773,32.716,32.853,,31.6176,59.068,73.0408,73441.3333,7534.3333,2304.3333,7871.6667,6886.6667,2927.0,1132.0,2879.0,3625.6667,9409.6667,64.0667,8.217324632,1.718955059,23.7667,9.1333,8.3333,6545.0,2445.6667,812.3333,1265.6667,6336.6667,67.007,,65.772,34.7667,2474,368.0,,,856640.52,45.103,44.282,46.104,68.18,52.62,72.415,129.816,34.323,52.819,32.788,66.064,120.13,510.036,78.099,47.184,99.574,47.953,42.154,33.293,25.937,44.468,34.916,35.203,35.594,34.151,97.0,100.2333,100.1,100.2,233.4207617,221.2364528,17.90050244,25.03681943,19.02961462,,70.655,70.01,,49.742,49.029,58.985,,58.675,43.472,16.17,3.1333,3.06,1.06,2.52,3.8,,177.808,463.0667,873.8888,419.735,719167.574,670.7015,146248.3597,865415.9413,12.1,30181.2,3600.219,65.98916507,26580.99,487.2084213,21264.1593,8917045.3,18670.92,241.59,,,,,8.3,9.2,33.9253,2532060.0,0.2254,113.3127,,,7089.8739,173.9297,,5.32,0.009,8.78,7152.28,1203.54,1538667.81,258917.19,6070594.83,4527.34,761.83,594.2702
1982-12-01,7303.817,4705.953,203.0509,3502.4571,1242.6725,801.889,883.9864,175.3954,568.3852,328.7556,-1.2,1936.943,9.8,1327.5343,1116.3402,342.083,364.681,5475.78,32.696,32.826,,30.1608,59.4996,71.441,72850.0,7562.0,2280.0,7869.3333,6886.3333,2937.0,1067.6667,2894.0,3640.3333,9437.0,64.1333,8.522536929,2.147214254,23.9667,9.9667,9.0333,7264.6667,2499.0,795.6667,1286.6667,6739.3333,66.379,,65.158,34.6333,2401,384.3333,,,842620.031,45.601,44.8987,46.571,68.325,53.125,72.504,130.192,34.96,52.849,33.442,66.121,120.991,509.357,78.639,46.963,99.198,47.212,43.172,34.057,26.532,44.443,35.333,35.575,36.842,34.701,97.3333,100.3333,100.0333,100.8,240.3074777,221.617139,17.78079344,25.01180834,18.84987591,,70.913,70.249,,50.18,49.452,59.324,,59.017,44.319,14.02,3.7233,3.35,0.36,1.22,2.76,,181.489,480.2,873.3884,416.5799,715790.9819,666.365,146576.9143,862367.9037,48.3,30556.96,3628.036,66.25606323,26928.92,491.7823665,21671.1464,8885810.37,19090.91,248.71,,,,,7.8,8.7,35.18156,2625104.7,0.2028,112.6436,,,7638.4182,221.4711,,5.26,0.0088,8.73,7196.31,1207.43,1559286.59,261623.61,6055322.35,4490.33,753.41,596.0038
1983-03-01,7400.066,4752.481,205.0839,3549.0709,1246.6377,829.672,903.821,174.1696,559.8842,385.2358,-1.0,1955.554,6.5,1326.824,1120.4008,347.601,373.039,5530.602,33.342,33.314,,32.6109,57.3694,72.1084,72988.3333,7614.3333,2271.6667,7905.6667,6935.3333,2957.3333,1011.0,2913.0,3650.3333,9447.3333,63.8,7.941137778,2.449125759,23.1333,9.7667,8.9,6847.6667,2510.0,857.3333,1187.3333,6583.6667,66.745,,65.555,34.7,2521,497.3333,,,830398.445,45.978,45.4883,46.943,68.168,53.515,72.51,131.121,35.465,52.702,33.979,66.962,121.709,507.216,79.486,46.976,99.775,44.576,44.104,34.561,27.191,44.285,35.673,35.918,37.672,35.287,97.9333,100.3667,100.1333,100.4667,238.2963454,208.929643,17.77012437,24.96604405,18.83260311,,71.224,70.491,,50.861,49.912,59.319,,58.818,45.02,13.03,3.27,2.47,0.07,0.75,2.46,,181.361,493.9,864.9475,414.213,717213.632,666.5295,147307.4724,864521.1117,43.9,30893.98,3566.003,64.4776603,27327.98,494.1230302,21995.8825,8898098.44,19414.5,251.53,,,,,7.8,8.5,35.82911,2706714.1,0.2194,112.7653,,,8086.8636,254.9929,100.8,5.25,0.0085,8.76,7288.65,1182.49,1584923.85,257134.02,6090660.56,4499.16,729.93,616.3805
1983-06-01,7568.456,4849.254,220.0353,3597.4448,1261.2889,903.148,937.8173,182.9322,567.6707,430.1016,-0.2,1971.659,7.7,1372.9758,1118.1762,348.641,401.723,5570.132,34.469,34.249,,34.3897,60.0764,73.6494,73671.3333,7723.3333,2288.0,8005.6667,7015.0,2999.3333,984.6667,2903.6667,3656.0,9445.3333,63.9333,7.593413022,2.501982754,23.4,9.4667,8.5,6687.3333,2441.0,815.0,1283.3333,6256.3333,67.452,,66.318,34.8667,2789,464.6667,,,833316.259,46.398,45.8363,47.291,67.925,53.819,73.228,131.608,35.77,53.362,34.281,67.32,122.369,504.299,80.329,47.509,100.423,45.783,44.54,35.019,27.62,45.292,36.079,36.278,36.569,35.706,98.9,100.7333,100.9667,100.4333,234.8234246,201.6610797,17.80973893,24.72590587,18.84242391,,71.052,70.368,,51.975,50.775,58.914,,58.114,46.494,12.76,2.7067,2.22,0.07,0.78,2.15,,183.152,503.4,856.4952,419.4582,724050.7873,672.9651,150946.3832,874997.1705,38.6,31420.44,3650.411,65.53545302,27770.03,498.5524717,22475.498,8944944.04,19878.93,252.92,,,,,7.6,8.9,36.87167,2844047.2,0.2485,112.7544,,,8610.6397,301.0705,102.1333,5.25,0.0085,8.73,7364.29,1198.14,1616928.97,263066.97,6088539.36,4464.76,726.4,614.6454
1983-09-01,7719.746,4936.211,228.4943,3650.6633,1280.4795,959.692,990.363,193.2467,591.5696,472.12,-0.1,2005.68,10.7,1348.5228,1127.924,353.882,433.017,5653.01,35.242,35.09,,36.8537,61.9774,76.0852,74581.3333,7846.6667,2114.3333,8124.6667,7127.3333,3046.0,988.6667,2918.6667,3671.3333,9433.0,64.2333,7.103542094,2.249696012,22.4667,8.6667,7.8333,6087.0,2414.3333,796.0,1240.0,6208.6667,68.823,,67.644,34.9333,3095,588.6667,,,843935.833,47.008,46.533,47.794,67.9,54.357,73.734,132.328,36.407,53.764,34.936,67.949,122.947,501.369,81.363,47.603,101.269,46.53,45.006,35.337,28.223,46.15,36.159,36.54,39.333,36.111,100.1333,101.7,100.7667,101.5,228.299094,197.9268464,17.68647048,24.39141025,18.75382299,,70.76,70.007,,52.099,50.986,58.928,,58.29,48.328,13.65,1.9,2.03,0.17,1.16,2.49,,185.016,509.8667,860.9695,429.265,733246.5618,682.0166,155920.8432,889167.3979,28.1,31417.06,3720.052,65.80657802,27697.01,489.9514847,22488.2965,8928762.38,19886.88,251.31,,,,,7.5,9.3,37.3311,2929737.5,0.2953,113.6513,,,9108.9265,304.0273,103.0667,5.31,0.0087,8.71,7303.68,1199.3,1639580.92,269226.84,6084622.04,4437.88,728.72,608.9961
1983-12-01,7880.794,5014.874,239.7804,3688.3995,1296.096,1053.054,1045.5735,210.2072,627.3305,492.1395,0.6,1973.58,-12.3,1375.6786,1128.5797,361.003,454.259,5775.762,36.11,35.978,,38.7473,59.7856,77.9201,75878.0,7937.3333,2336.3333,8222.6667,7227.6667,3081.3333,1002.3333,2923.6667,3671.6667,9401.6667,64.0667,6.601479707,1.933364031,20.5,7.8333,7.3333,5288.6667,2277.0,854.6667,1155.0,6010.6667,69.934,,68.914,35.1333,3502,557.3333,,,856809.557,47.318,46.9053,48.151,68.106,54.682,73.852,133.151,36.783,53.74,35.334,68.765,123.423,500.814,81.614,47.783,100.786,45.644,45.355,35.775,28.807,46.618,36.676,37.02,38.923,36.528,101.4333,102.2,102.1,101.9667,221.7933968,196.2822988,17.7307607,24.33982325,18.83931834,,70.915,70.362,,52.399,51.446,59.242,,58.622,48.52,13.46,1.92,1.78,0.18,1.15,2.89,,187.17,513.5667,873.6008,447.2286,753198.1881,697.7003,164111.3301,917309.5182,29.3,31520.76,3824.01,66.20789142,27696.75,479.5341073,22546.4215,8974337.49,19913.44,250.8,,,,,7.6,9.4,37.17553,2981322.1,0.3662,114.3998,,,9442.79,281.3484,104.0,5.39,0.0085,8.77,7383.41,1164.63,1671996.27,263733.89,6147394.02,4468.17,704.79,633.971
1984-03-01,8034.847,5056.492,248.8468,3704.8261,1299.4702,1154.826,1078.3663,213.864,647.2834,507.003,1.9,1994.498,3.4,1424.4766,1142.9055,368.538,490.776,5886.423,36.979,36.874,,40.8619,62.4751,79.9392,77064.6667,8042.3333,2368.3333,8333.6667,7343.3333,3122.0,1008.3333,2922.6667,3687.0,9412.0,64.0333,6.189274744,1.675275223,19.5667,7.0,6.9667,4721.0,2181.3333,785.6667,1152.0,5834.3333,71.29,,70.233,35.1667,3804,586.6667,,,880702.398,47.83,47.379,48.626,68.31,55.11,74.445,133.19,37.256,54.365,35.809,68.847,123.442,498.881,82.002,48.739,100.955,45.867,45.806,36.157,29.358,47.347,37.05,37.496,38.892,37.405,102.8333,103.3333,105.4333,102.6667,221.0663308,194.3932734,17.70847543,24.25177531,18.84816966,,70.762,70.175,,52.652,51.724,59.57,,59.01,48.244,13.33,1.8,1.39,0.11,1.01,2.77,,184.401,514.9333,893.5582,460.8821,779203.0865,712.9065,170863.4375,950066.524,25.9,31770.49,3854.079,65.47403765,27916.41,474.2508708,22499.2212,9271269.97,19848.16,252.03,,,,,7.5,9.9,37.45447,3060299.0,0.4301,116.2309,,,10138.3243,262.4971,105.1333,5.64,0.0088,8.81,7277.66,1133.23,1712616.59,266678.44,6165775.72,4445.33,692.2,642.2029
1984-06-01,8173.67,5127.332,254.6461,3733.9917,1327.9178,1192.381,1120.4882,224.4053,677.4512,515.9367,1.7,2037.823,12.7,1440.5907,1158.1569,377.698,511.335,5981.246,37.669,37.669,,39.3756,62.7972,80.7784,78021.3333,8161.0,2392.3333,8446.6667,7433.0,3167.3333,1016.6667,2936.3333,3720.0,9445.3333,64.4667,5.99426822,1.477434246,18.7,6.5667,6.7,4367.0,2148.0,806.0,1152.0,5737.0,72.185,,71.147,35.1333,4099,593.3333,,,902630.181,48.293,47.9337,49.063,68.686,55.459,74.625,134.017,37.821,54.399,36.37,69.567,124.079,497.686,82.638,48.727,100.386,45.797,46.175,36.702,29.841,47.472,37.51,37.931,40.39,37.718,104.1,104.0333,104.8,103.5,220.3026506,191.6546041,17.64940586,24.10277592,18.77593431,,70.864,70.247,,52.945,52.184,59.642,,59.301,49.004,14.0,1.5,0.8,0.42,1.75,3.4,,187.019,519.1333,928.4373,478.4747,802995.8175,729.9343,181379.2145,984375.0389,15.5,32017.47,3945.07,65.95733239,28072.4,469.3402575,22543.8999,9473565.74,19862.2,252.47,,,,,7.5,10.1,37.72687,3132331.8,0.4838,118.1149,,,10565.4302,242.9894,106.6667,5.86,0.009,8.9,7270.04,1114.07,1764517.93,270398.03,6171591.63,4399.06,674.12,652.5632
1984-09-01,8252.465,5165.357,254.7419,3780.82,1328.9443,1218.184,1142.7291,231.4185,698.2406,509.9439,1.7,2054.317,-0.4,1443.5907,1177.8963,386.042,524.572,6059.29,37.992,38.042,,39.7154,60.287,80.8314,78838.0,8261.0,2409.6667,8540.3333,7521.0,3204.0,1024.3333,2950.0,3758.0,9509.0,64.4667,6.110229548,1.33404997,18.9,6.4667,6.7333,4308.3333,2226.6667,842.0,1110.0,5687.0,72.516,,71.456,35.0667,4175,554.6667,,,924281.358,48.666,48.3837,49.506,68.943,55.825,74.787,134.283,38.269,54.522,36.833,70.095,124.083,494.79,82.553,49.031,101.224,44.419,46.671,37.297,30.269,47.084,37.947,38.293,41.455,37.824,105.4,103.8,105.7333,103.4667,222.7343189,189.1835824,17.61615057,23.93379332,18.78040009,,71.334,70.707,,53.168,52.46,60.189,,59.915,49.293,14.5,1.8433,1.63,0.21,1.49,2.55,,189.049,518.8333,948.3221,495.0514,828420.1776,745.8093,191029.0275,1019449.198,19.0,32523.39,4023.576,66.4034231,28499.81,470.349033,22840.4597,9682928.24,20135.67,252.46,,,,,7.5,10.0,38.49586,3230729.9,0.4928,120.2728,,,10372.6203,244.8656,108.1667,5.94,0.0086,8.99,7417.77,1069.23,1814531.12,261555.34,6185158.98,4362.55,628.84,693.7465
1984-12-01,8320.199,5232.266,263.0194,3822.3901,1339.1466,1202.383,1163.1968,238.2286,714.6695,510.4547,1.2,2097.444,13.4,1465.4337,1189.8559,393.897,539.948,6109.391,38.282,38.341,,39.6294,61.1254,80.3168,79617.0,8378.6667,2421.0,8647.3333,7654.0,3251.0,1005.3333,2961.0,3773.0,9555.0,64.5,6.037553979,1.237596908,18.3667,6.2333,6.7,4231.3333,2190.0,858.6667,1030.0,5711.0,72.926,,71.922,35.0,4243,449.6667,,,937841.796,48.966,48.728,49.852,69.095,56.133,75.016,134.53,38.593,54.72,37.173,70.232,124.787,493.836,82.491,49.08,101.772,44.558,46.985,37.695,30.745,47.641,38.331,38.61,41.391,37.992,106.4667,103.5333,105.4667,103.5667,218.015999,184.2264311,17.60108818,23.7919242,18.85292859,,71.315,70.735,,53.227,52.576,60.58,,60.328,49.406,13.65,1.8633,1.91,0.18,1.21,2.94,,191.038,520.0,964.9873,512.354,846411.928,763.5939,201625.2097,1048037.145,15.5,33017.58,4132.833,67.64722177,28884.75,472.7926244,23132.2546,9885328.76,20395.88,252.71,,,,,7.4,10.0,40.08547,3396164.7,0.5105,121.7646,,,11184.2756,245.2678,109.2667,5.93,0.0083,9.08,7508.6,1057.03,1859209.38,261731.3,6215368.86,4348.77,612.2,710.3504
1985-03-01,8400.82,5321.159,272.1643,3891.679,1347.2923,1169.416,1173.7052,236.1168,722.6767,511.6142,0.4,2120.284,3.7,1550.8389,1204.8707,394.941,528.04,6094.725,38.711,38.795,,40.2155,61.6084,80.0095,80212.3333,8502.3333,2427.3333,8755.0,7744.0,3299.0,993.3333,2966.0,3798.3333,9595.6667,64.7667,6.110054866,1.16196122,18.4333,6.2333,6.6667,4206.0,2258.6667,852.3333,1038.3333,5540.0,73.474,,72.497,34.8667,4283,552.3333,,,938856.02,49.544,49.3927,50.363,69.286,56.71,75.494,135.215,39.202,55.102,37.782,70.891,125.055,494.238,82.706,49.39,102.677,44.518,47.505,38.147,31.211,48.137,38.794,39.015,43.603,38.277,107.6333,103.2667,105.6,103.3,210.9665898,171.3570021,17.48580012,23.72175178,18.81530291,,71.599,71.048,,53.397,52.801,61.111,,60.898,50.083,13.06,1.81,1.47,0.25,1.21,3.4,,190.124,529.2333,964.4355,530.0992,865185.0189,775.4758,213334.3232,1078519.349,25.9,33538.86,4227.492,69.36312549,29311.36,480.9300495,23495.2908,10043564.88,20733.78,252.83,,,,112.1454,7.2,9.4,40.44121,3452952.9,0.5123,123.8115,,,12110.3381,275.1484,110.6333,6.04,0.0087,9.06,7448.79,1069.98,1894940.93,272197.22,6213241.05,4310.52,619.18,696.1647
1985-06-01,8474.787,5370.011,275.4031,3927.4816,1357.7677,1189.334,1188.8436,241.2706,733.0285,515.8888,0.5,2167.338,11.0,1471.1508,1226.712,394.094,553.985,6216.366,39.098,39.17,,38.8445,61.0778,79.4986,80802.3333,8615.3333,2434.3333,8849.6667,7846.0,3342.3333,989.3333,3007.6667,3819.3333,9640.3333,64.7667,6.153824979,1.126935442,18.1667,6.2333,6.7667,4086.6667,2309.6667,908.3333,1066.0,5691.6667,73.883,,72.991,34.9,4311,569.3333,,,943606.351,49.945,49.821,50.66,69.383,56.99,75.864,135.529,39.612,55.441,38.2,71.157,125.864,489.482,83.43,49.306,103.085,45.677,47.922,38.687,31.691,48.16,39.2,39.545,43.344,38.839,108.7667,103.3667,104.1,103.9667,211.2878805,169.6075676,17.48260788,23.51772679,18.80738259,,71.651,71.16,,53.566,53.017,61.492,,61.282,50.357,12.77,2.2067,1.96,0.2,1.01,3.35,,193.469,537.1,964.9626,543.2466,891695.7001,791.1321,223208.9852,1114904.679,29.3,34081.8,4342.904,69.86241793,29738.89,478.3967552,23784.087,10297709.8,20992.15,254.43,,,,118.5357,7.1,9.7,41.31983,3553188.5,0.5141,127.1856,,,12568.2431,286.217,112.3,6.11,0.0086,9.11,7480.24,1051.49,1949045.45,273974.47,6220335.15,4263.71,599.34,711.3967
1985-09-01,8604.22,5472.014,293.0184,3980.3947,1368.936,1181.226,1184.0173,237.9343,724.6952,525.4533,0.4,2216.743,12.5,1537.4591,1246.2137,388.346,548.626,6199.198,39.707,39.854,,39.5518,60.8986,78.8594,81218.6667,8737.3333,2438.3333,8941.3333,7902.6667,3385.0,966.3333,3034.6667,3844.3333,9746.6667,64.7333,6.128265653,1.074136934,18.6667,6.1333,6.6667,4202.6667,2227.6667,873.3333,1023.0,5645.0,73.989,,73.196,34.8,4349,551.3333,,,946581.791,50.337,50.3327,50.997,69.666,57.236,75.922,135.299,40.127,55.553,38.707,71.407,124.909,485.251,83.613,49.296,103.379,45.32,48.421,39.169,32.097,48.385,39.498,39.946,44.387,39.424,109.7333,102.6667,103.5333,103.6,203.9187291,166.8924833,17.4174655,23.37786008,18.73546088,,72.258,71.85,,54.247,53.865,61.493,,61.406,51.146,12.14,2.1333,1.8,0.16,0.89,3.23,,197.651,552.5333,974.4635,558.5702,910352.2546,805.3462,230766.4487,1141118.703,21.1,34326.4,4481.529,72.29207741,29844.87,481.4311331,23766.1832,10560214.97,20951.34,255.76,,,,127.1788,6.8,9.4,41.55909,3621795.1,0.523,129.3736,,,12648.0692,296.4621,114.1,6.3,0.0087,9.17,7425.23,1023.69,1992139.56,274648.81,6266316.65,4266.58,588.22,725.3407
1985-12-01,8668.188,5483.866,282.9007,4012.3241,1381.1952,1224.763,1206.5318,242.3771,737.8054,536.8694,0.7,2225.878,0.2,1546.0048,1255.6995,399.932,570.096,6267.385,40.066,40.146,,39.8583,62.3919,78.8469,81754.3333,8859.0,2447.0,9051.6667,7980.0,3436.0,945.0,3045.3333,3864.3333,9764.3333,64.9667,5.984225134,1.061588878,19.1333,6.0333,6.3667,4057.3333,2227.6667,880.0,1034.6667,5488.3333,74.29,,73.563,34.8333,4356,635.6667,,,954941.452,50.688,50.6937,51.262,70.102,57.472,76.386,135.649,40.433,55.991,38.993,71.742,126.007,481.331,83.53,49.713,103.877,45.514,48.971,39.637,32.504,48.601,39.856,40.375,43.413,39.898,111.0,103.3,105.1,103.9667,195.8899305,167.0814007,17.40513902,23.25730737,18.73994326,,72.935,72.559,,54.465,54.039,62.483,,62.316,50.252,11.73,2.2167,1.97,0.09,0.69,2.59,,201.887,562.6333,979.121,570.6788,930580.3831,825.8373,241475.9267,1172056.303,20.7,35292.26,4673.454,74.5678533,30618.8,488.54192,24456.841,10835416.42,21607.87,256.76,,,,123.7795,6.9,9.9,43.78715,3839058.6,0.5321,130.8438,,,12882.992,302.737,115.5667,6.25,0.0089,9.28,7916.29,1124.64,1993205.39,283166.97,6359609.9,4356.72,618.94,703.8976
1986-03-01,8749.127,5531.807,288.6394,4028.9869,1398.765,1224.404,1209.9637,239.9544,730.5,558.6249,0.7,2243.464,-1.1,1554.7899,1278.8352,412.459,569.527,6352.191,40.482,40.54,,41.8535,61.9696,78.9457,82094.6667,8937.6667,2449.6667,9121.6667,8048.0,3467.6667,914.6667,3055.3333,3872.3333,9815.3333,65.0,6.025366929,0.98146874,18.3667,6.0333,6.4333,4025.3333,2185.3333,972.6667,1012.0,5451.3333,74.311,,73.457,34.8333,4282,607.3333,,,962961.118,51.047,51.241,51.515,70.423,57.68,76.136,135.68,41.022,55.71,39.602,72.063,125.907,477.105,83.723,50.014,103.127,42.61,49.576,40.167,33.018,48.435,40.429,40.691,45.232,40.454,112.2,101.7333,105.1333,102.1,190.7928935,129.6504452,17.31688138,22.96358136,18.65043717,,73.624,73.113,,55.11,54.555,62.663,,62.465,50.731,10.56,2.46,2.0,0.05,0.56,1.66,,201.068,572.0,979.9793,575.651,939149.6093,843.5052,251138.2488,1190287.852,32.8,35929.54,4670.582,73.52710507,31258.96,492.0972724,24988.1482,10941392.63,22118.36,258.97,,,,158.5329,7.0,9.7,44.07415,3892130.8,0.5233,131.1718,,,13613.0216,347.853,117.3333,6.16,0.0093,9.3,8024.21,1205.18,2002212.21,300718.42,6415062.41,4402.97,661.3,665.8096
1986-06-01,8788.524,5592.08,298.8086,4053.4582,1411.2762,1203.028,1210.2491,242.9244,715.6904,590.7097,0.3,2290.227,13.6,1557.4833,1291.3483,416.899,593.759,6431.976,40.689,40.699,,41.3275,61.6623,78.172,82396.6667,9031.6667,2422.0,9196.6667,8117.6667,3503.6667,836.3333,3040.6667,3883.0,9854.3333,65.2333,6.145474501,1.026165289,19.0,6.2333,6.4333,4177.6667,2179.0,1046.6667,1060.0,5787.0,74.113,,73.258,34.6333,4322,583.0,,,966287.118,50.993,51.5923,51.695,70.884,57.784,75.051,136.305,41.365,54.38,39.978,72.723,126.502,473.115,84.538,50.159,102.149,34.986,49.869,40.652,33.523,48.684,40.688,41.152,44.738,41.018,113.1333,99.8333,105.7667,99.8,184.3368278,78.82310223,17.25062961,22.97495797,18.56223493,,74.861,74.328,,55.542,54.915,62.961,,62.696,50.534,10.25,2.67,2.65,0.04,0.47,1.46,,208.373,597.2333,986.5517,581.742,953288.6428,865.5845,258465.4112,1211754.048,35.2,36548.17,4766.148,74.1008339,31782.03,494.1253867,25386.0831,11162091.02,22467.5,262.6,,,,135.172,6.9,9.8,45.30682,4038493.5,0.5123,132.5966,,,16222.7169,389.76,118.9667,6.22,0.0096,9.37,8086.97,1253.84,2032282.29,315094.19,6471499.03,4429.13,686.71,644.9761
1986-09-01,8872.601,5690.971,324.285,4087.3302,1414.211,1170.667,1204.8991,241.513,707.4605,598.8192,-0.2,2340.115,14.6,1578.6816,1303.3044,426.441,610.217,6467.893,41.069,41.131,,42.9578,63.3657,78.2021,82835.3333,9145.0,2443.6667,9276.0,8180.3333,3540.3333,793.3333,3033.6667,3889.3333,9906.6667,65.3667,5.955318599,1.02684606,18.2667,6.2,6.1333,4011.3333,2167.3333,1010.0,1050.6667,5517.0,74.512,,73.628,34.6333,4336,520.6667,,,964234.66,51.263,51.9467,51.941,71.437,57.914,75.4,137.443,41.603,54.521,40.227,73.767,127.14,470.078,86.004,50.927,102.863,32.646,50.388,40.989,33.987,48.681,40.986,41.56,43.93,41.423,114.2,99.3667,108.7,98.7333,161.0726685,74.23308847,17.190744,22.96585745,18.48700146,,75.377,74.799,,55.779,55.201,63.383,,63.21,50.054,10.24,2.8733,2.93,0.06,0.47,1.78,,213.095,618.7667,991.9577,591.3069,969130.6248,891.7511,262939.5056,1232070.13,30.4,36821.44,4900.071,75.75993027,31921.36,493.5357478,25442.7551,11378680.19,22451.55,264.79,,,,130.5635,7.0,10.0,46.12536,4145883.0,0.5254,134.0716,,,17982.4838,373.4625,119.9667,6.48,0.0103,9.44,8017.3,1269.18,2056473.39,325550.11,6544721.48,4477.99,708.89,631.6918
1986-12-01,8920.193,5725.812,319.1505,4132.1886,1425.7083,1174.171,1214.2013,244.2675,714.3059,600.4917,-0.3,2330.449,-4.6,1618.2947,1307.6667,442.373,614.953,6468.798,41.289,41.332,,44.3022,63.1213,78.7782,83314.3333,9234.0,2461.6667,9366.6667,8273.3333,3581.6667,771.6667,3047.3333,3926.6667,10024.3333,65.3667,5.834275728,0.991967371,17.7667,6.1,5.9333,3943.3333,2103.0,1037.0,997.3333,5631.3333,75.058,,74.183,34.6333,4411,468.3333,,,962852.588,51.573,52.3697,52.25,71.95,58.131,75.66,138.221,41.931,54.64,40.563,74.51,127.572,468.114,86.889,51.258,103.175,31.884,50.666,41.236,34.555,49.418,41.325,41.988,43.718,41.749,115.3,99.7333,109.5333,99.1667,156.1339217,80.19939179,17.17276617,23.11762816,18.40759539,,75.89,75.291,,55.658,55.066,64.373,,64.195,49.295,9.66,2.83,2.4,0.05,0.44,1.91,,219.545,641.2,1005.9678,597.8761,981721.1317,919.1009,267288.9237,1249010.062,16.1,37779.17,5026.92,77.71026383,32752.25,506.3112093,26227.8652,11551304.18,23182.72,266.7,,,,111.8326,7.2,10.1,47.55286,4294563.0,0.545,135.5828,,,17665.9239,355.8987,121.2667,6.57,0.0109,9.48,8226.5,1358.98,2077846.59,343250.08,6596246.41,4507.89,744.68,605.3448
1987-03-01,8986.367,5731.226,300.2432,4198.8551,1427.4906,1205.858,1193.2162,235.8433,697.4187,599.5625,0.6,2344.118,2.6,1612.7945,1314.5955,442.767,611.348,6516.465,41.606,41.653,61.295,46.2305,62.6876,79.4448,83872.0,9344.3333,2477.6667,9473.0,8347.0,3626.6667,760.0,3065.3333,3943.6667,10039.3333,65.4667,5.667123496,0.944484379,17.8667,5.8,5.8333,3843.6667,2076.0,965.6667,992.0,5495.6667,75.96,135.987,75.107,34.7667,4491,446.6667,,,975650.438,52.061,52.7013,52.554,72.26,58.432,76.976,139.386,42.098,55.859,40.731,75.004,128.251,471.108,89.052,51.749,104.474,35.413,51.398,41.603,35.057,50.044,41.775,42.444,42.142,41.714,116.2333,100.9,108.3,100.7667,152.8713757,98.09760196,17.16591023,22.8583092,18.38664564,80.679,75.365,74.779,45.074,55.396,54.835,64.936,85.232,64.783,49.313,9.11,2.4667,1.91,0.01,0.39,1.66,,218.937,654.3667,1039.8037,598.7804,967958.0866,966.4304,269841.6641,1237799.751,15.8,38741.09,5005.74,76.81680066,33735.35,517.6939733,26990.7023,11750384.24,23901.5,270.28,121.02,,,117.7815,7.1,10.1,47.57835,4315560.6,0.5705,132.7453,,,20250.0512,409.6744,122.5,6.5,0.0102,9.53,8480.84,1330.7,2093939.96,328552.02,6639346.59,4534.98,711.57,637.3237
1987-06-01,9083.256,5809.376,312.5763,4240.177,1438.3528,1206.486,1211.4586,242.7457,711.4701,601.6989,0.3,2362.291,5.6,1733.3201,1317.537,461.008,626.643,6449.165,42.126,42.156,62.268,45.5119,64.7866,80.4457,84594.0,9478.3333,2496.3333,9586.3333,8412.0,3676.0,766.3333,3078.6667,3953.0,10083.3333,65.5333,5.361762276,0.909757837,17.0667,5.5667,5.4333,3640.0,1996.3333,955.3333,927.0,5326.0,76.433,135.624,75.537,34.7333,4746,403.0,,,985733.127,52.564,53.213,52.911,72.451,58.763,77.738,140.478,42.497,56.473,41.137,76.306,128.697,467.235,90.195,52.16,105.623,36.231,51.935,42.046,35.665,50.372,42.244,42.799,42.191,41.988,117.6333,102.5,110.1667,101.9667,150.7198323,102.9146849,17.10111961,22.82019886,18.27878288,80.362,75.112,74.519,45.912,55.769,55.154,65.024,84.238,64.819,50.006,10.32,2.0133,1.98,0.32,1.11,2.69,,222.021,658.3,1037.169,595.1512,961631.376,1001.3476,277264.5659,1238895.948,24.5,39088.16,5132.881,79.58985486,33955.28,526.5066638,27162.808,11925356.59,24036.42,271.85,123.62,,,114.0202,7.4,10.5,48.04867,4393303.4,0.6325,131.1689,,,24284.1597,421.1459,124.3,6.54,0.0099,9.57,8549.25,1289.9,2104140.36,317470.62,6656333.07,4541.63,685.24,662.7827
1987-09-01,9162.024,5875.641,325.5098,4277.8994,1439.4948,1206.662,1232.4019,249.1594,731.2477,596.7414,0.0,2364.769,-0.5,1705.0263,1321.9757,481.019,638.858,6565.052,42.429,42.473,63.253,44.7091,65.9951,81.5375,85282.3333,9638.3333,2516.6667,9695.3333,8436.3333,3724.3333,774.3333,3094.3333,3969.0,10092.3333,65.6,5.167263271,0.83748635,15.9667,5.2667,5.3,3410.0,1905.6667,991.6667,875.3333,5378.6667,76.913,136.519,76.063,34.7333,4928,405.3333,,,987051.809,53.062,53.6897,53.32,72.651,59.199,78.413,141.483,42.922,57.01,41.555,77.369,129.206,462.365,91.994,52.345,105.763,37.805,52.453,42.408,36.249,51.151,42.67,43.243,42.359,42.273,118.7333,103.6667,109.9667,103.4333,148.6933194,110.9520643,17.06721663,22.63639966,18.24675245,80.244,75.143,74.573,46.333,55.781,55.222,65.628,84.167,65.467,50.209,10.5,2.03,1.62,0.14,1.08,2.83,,223.367,652.1333,1036.1572,594.8918,964409.1884,1036.054,287279.7672,1251688.968,26.3,39662.54,5232.142,79.69688475,34430.4,524.4497751,27568.1058,12094436.58,24398.59,272.53,126.15,,,86.7225,7.6,10.6,48.1165,4429303.5,0.6836,130.3579,,,24804.7105,439.8906,125.2667,6.55,0.0096,9.59,8633.22,1259.02,2109976.52,307707.94,6663012.89,4542.72,662.49,685.7075
1987-12-01,9319.332,5888.065,316.7339,4319.7944,1441.2136,1288.881,1231.8556,244.5162,730.3296,597.7092,1.3,2400.223,6.9,1720.2923,1339.4808,498.964,653.548,6659.742,43.296,43.286,64.748,46.9413,65.6333,83.1255,86085.3333,9716.3333,2538.0,9798.6667,8582.3333,3767.0,783.6667,3119.6667,4000.6667,10184.6667,65.7,5.09047173,0.768994243,16.6333,5.0,5.1667,3320.0,1917.6667,948.6667,884.3333,5420.3333,77.697,139.051,76.849,34.7333,5012,389.3333,,,1008853.775,53.52,54.2353,53.72,73.264,59.465,78.843,142.059,43.386,57.367,42.02,77.791,128.98,463.838,93.139,52.489,107.305,37.928,52.788,42.849,36.803,51.926,43.074,43.588,42.783,42.669,120.1,104.1667,109.6333,104.1333,142.7109048,103.0117835,17.06756701,22.54992842,18.19231116,79.601,75.433,74.897,46.564,56.339,55.711,65.858,83.743,65.589,50.46,10.85,2.2567,1.73,0.55,1.38,3.26,,227.567,653.1,1039.0481,599.9821,968166.9755,1065.8523,293131.6368,1261298.612,10.3,39267.39,5305.091,79.65910263,33962.3,509.9641437,27100.7025,12166684.49,23908.32,271.55,128.37,,,144.8326,7.8,10.7,48.55667,4543563.2,0.7093,128.9953,,,23446.1852,340.095,127.2333,7.01,0.0099,9.76,8373.97,1186.96,2137021.78,302909.96,6727406.04,4586.66,650.13,705.4974
1988-03-01,9367.502,5992.101,331.7343,4378.5747,1456.7216,1227.008,1232.5652,252.1389,736.1609,587.0142,0.3,2380.198,-11.0,1738.8843,1354.2166,526.673,650.47,6769.32,43.5,43.448,64.839,45.8979,68.6659,83.6413,86751.6667,9838.0,2555.6667,9933.0,8708.3333,3820.3333,782.3333,3119.0,4030.6667,10250.6667,65.8,5.000308001,0.717545307,16.1,4.9,5.0667,3155.0,1893.0,1030.0,866.0,5297.0,77.752,139.786,76.92,34.6,4855,311.6667,,,1016170.399,53.943,54.7587,54.135,73.816,59.973,78.959,141.812,43.92,57.553,42.555,76.946,129.488,463.597,94.794,52.796,107.202,37.084,53.512,43.288,37.536,52.329,43.405,44.131,43.389,43.132,121.2667,104.7667,110.3,104.5667,142.6893739,89.49021528,16.97760024,22.56606354,18.12200668,80.549,76.258,75.752,46.385,56.553,55.88,66.833,85.615,66.48,50.195,10.07,2.3367,1.65,0.31,1.06,2.69,,226.673,652.6333,1038.8673,608.1105,968606.3301,1088.984,303245.448,1271851.772,14.0,39902.13,5336.544,78.83427629,34565.58,510.6211744,27569.1241,12333001.57,24353.6,273.15,130.11,,,117.7194,8.3,10.7,49.03151,4611443.6,0.7018,127.7097,,,24347.0095,357.0576,128.9667,7.13,0.01,9.84,8404.74,1180.6,2164564.05,304053.65,6789588.65,4620.99,649.1,711.902
1988-06-01,9490.594,6036.355,331.8604,4417.3145,1468.2791,1256.243,1256.6647,258.4006,752.6322,594.2508,0.4,2387.303,-3.0,1737.7807,1371.2693,541.432,642.978,6846.743,44.232,44.106,65.381,48.4725,67.0688,84.2229,87524.0,10009.6667,2575.3333,10053.0,8731.6667,3875.6667,776.3333,3102.0,4065.3333,10315.3333,65.7667,4.800875516,0.676499323,15.1667,4.7333,4.8667,3080.3333,1784.6667,958.0,837.6667,5116.0,78.809,140.743,78.002,34.6,4949,368.6667,,,1027568.889,54.539,55.4223,54.676,74.262,60.468,79.626,142.597,44.483,58.132,43.126,77.265,130.625,463.587,96.075,53.231,109.263,36.999,54.107,43.632,38.361,52.977,43.809,44.661,44.044,43.773,122.7333,106.5,110.9333,106.0333,139.8510788,90.93578259,16.94869676,22.4759762,18.07340148,80.365,76.376,75.915,46.454,56.706,55.966,67.578,86.188,67.101,50.606,10.37,2.07,1.46,0.28,1.09,2.7,,229.739,657.2667,1052.7108,615.9149,972112.5477,1111.3043,308415.7708,1280528.313,14.8,40361.69,5427.444,79.27044984,34934.24,510.2315469,27821.4482,12540238.53,24571.01,275.31,131.39,,,99.8614,8.5,10.5,49.08744,4671255.4,0.7452,127.3263,,,27399.0121,378.5049,130.2667,7.18,0.0102,9.91,8474.74,1204.42,2193761.99,311774.11,6838875.11,4640.88,659.55,703.6383
1988-09-01,9546.206,6090.001,327.5416,4483.6429,1478.4258,1263.222,1262.543,261.1853,757.3418,594.5943,0.3,2387.578,-1.9,1748.3531,1377.4603,552.101,658.148,6916.391,44.444,44.333,65.473,47.0129,68.636,84.4013,88188.3333,10228.6667,2592.6667,10181.3333,8735.6667,3937.0,765.0,3121.3333,4094.3333,10341.6667,65.9667,4.825055682,0.657279969,15.2333,4.7,4.8667,3106.0,1798.6667,962.6667,787.6667,5268.0,78.958,141.158,78.211,34.5333,4926,354.0,,,1037252.035,55.211,56.0607,55.345,74.562,61.228,80.506,143.612,45.069,58.899,43.724,78.251,130.883,461.759,97.715,54.258,109.435,37.48,54.825,44.104,39.149,53.629,44.156,45.124,45.124,44.137,124.1,108.0,114.0,106.8667,134.5016315,79.26790814,16.8983895,22.43413866,17.98054159,80.361,76.441,76.048,46.383,56.826,56.148,68.254,87.309,67.788,51.403,10.5,1.9733,1.4,0.26,0.99,2.09,,231.32,657.8,1060.7687,619.3328,971111.0503,1136.4018,313565.3691,1284676.419,7.8,40618.81,5510.169,79.66827324,35108.64,507.6150607,27977.0964,12641715.27,24690.65,274.99,133.93,,,93.2982,8.6,10.5,49.25732,4713160.4,0.7371,125.8835,,,27750.0633,384.1292,131.9,7.23,0.0107,9.91,8434.42,1253.96,2215301.82,329353.96,6851745.93,4632.1,688.66,672.6204
1988-12-01,9673.405,6159.246,336.0257,4521.4577,1493.833,1282.499,1277.507,264.5097,767.8892,598.4837,0.4,2433.9,11.5,1773.5632,1394.0566,568.953,678.197,6982.304,44.993,44.945,66.271,50.4593,68.4557,84.8028,88879.6667,10314.0,2617.0,10312.6667,8931.6667,3996.0,755.0,3156.0,4114.6667,10446.6667,66.1,4.738690214,0.601449537,14.6,4.7,4.6667,3026.6667,1755.6667,980.6667,770.6667,5135.6667,79.884,142.103,79.09,34.6,4985,351.3333,,,1049727.178,55.769,56.687,55.854,75.293,61.688,81.1,144.68,45.606,59.332,44.276,78.823,131.482,463.652,99.59,54.683,110.878,36.913,55.465,44.57,39.935,54.07,44.905,45.556,45.495,44.673,125.6,108.5,115.2333,107.5667,138.2446975,72.20064482,16.89985057,22.31556804,17.96418216,80.7,76.314,75.849,46.636,56.888,56.263,68.559,88.002,68.222,52.626,10.39,1.5567,1.44,0.13,0.8,1.23,,232.302,652.5333,1061.1565,623.0539,964508.981,1159.2836,321899.4765,1286408.458,21.1,41174.34,5580.888,79.92903251,35593.45,509.7665469,28459.3134,12715024.61,25131.14,274.42,135.94,,,105.2857,8.6,10.6,49.71548,4813412.5,0.7621,123.9609,,,28636.4108,377.8943,133.3667,7.54,0.011,10.02,8634.89,1256.39,2242883.54,326343.8,6904908.57,4654.09,677.18,687.2763
1989-03-01,9771.725,6187.816,334.5306,4552.3767,1500.5819,1326.029,1288.9089,267.6796,780.188,592.7565,0.9,2423.185,-7.1,1828.3675,1405.2635,585.946,681.351,7057.801,45.522,45.467,66.886,52.6151,68.3482,84.8817,89600.3333,10420.6667,2625.3333,10458.0,9088.0,4048.6667,749.0,3156.3333,4135.6667,10510.6667,66.3667,4.654125215,0.55088237,15.1,4.4667,4.6,2926.6667,1790.0,952.6667,757.0,4942.6667,80.651,142.737,79.882,34.5667,4818,385.0,,,1063843.71,56.41,57.3057,56.392,75.725,62.314,81.963,145.413,46.156,60.145,44.849,79.779,130.901,464.341,100.189,55.47,110.764,37.964,56.452,44.954,40.838,55.3,45.568,46.086,45.846,45.031,126.9333,110.9333,117.5667,110.0667,144.0273375,89.51353498,16.88606148,22.34216022,17.90398326,80.219,75.757,75.317,46.86,56.987,56.375,68.635,87.947,68.295,53.085,10.8,1.4367,1.6,0.05,0.75,0.67,,229.129,644.5667,1070.1512,624.1319,987491.0414,1191.4951,328210.9297,1315701.971,15.8,41564.66,5598.529,79.3239842,35966.13,509.5939826,28769.3418,12795318.12,25411.22,274.63,137.88,,,95.712,8.8,10.6,49.73276,4858886.7,0.7515,124.8185,,,31714.2558,399.0518,134.8333,7.73,0.012,10.34,8932.16,1388.13,2250794.36,349791.75,6932079.47,4673.06,726.23,643.467
1989-06-01,9846.293,6216.695,338.9981,4570.8646,1502.89,1313.202,1290.5854,273.4526,790.7364,574.2199,0.6,2460.441,8.4,1811.682,1420.7602,611.6,684.581,7034.622,45.831,45.807,66.506,50.1138,68.3227,84.1117,90034.3333,10610.6667,2642.0,10551.3333,9018.3333,4098.6667,747.0,3140.6667,4169.0,10566.3333,66.4,4.704554595,0.529368199,15.0333,4.4,4.7667,2825.0,1929.0,1026.6667,708.6667,4971.3333,80.856,142.545,80.191,34.4667,4770,306.3333,,,1076016.314,57.17,57.827,57.002,76.206,62.969,83.388,145.53,46.658,61.731,45.388,80.178,130.211,461.545,101.223,56.464,111.298,42.862,57.158,45.395,41.695,55.592,45.971,46.637,46.282,45.445,128.3,112.8,118.0333,112.2,143.1261558,101.8569932,16.86645856,22.34260755,17.81752671,78.971,74.934,74.623,46.656,57.152,56.652,68.694,88.272,68.376,54.764,10.67,1.5933,1.9,-0.08,0.52,0.36,,228.067,627.6,1076.6141,626.4647,992172.9748,1218.7171,337772.9263,1329945.907,16.7,42073.4,5701.039,81.04258206,36372.36,517.0478092,29142.1637,12931234.54,25762.69,275.89,139.7,,,97.1729,9.0,10.6,49.8876,4897538.9,0.7372,125.0525,,,33524.6729,434.0823,136.4,7.71,0.0115,10.27,8882.64,1329.01,2261930.47,338426.43,6952567.14,4681.91,700.5,668.367
1989-09-01,9919.228,6276.877,346.6646,4600.8788,1518.0013,1301.412,1313.2021,278.8259,810.8429,571.5967,0.2,2482.562,3.3,1823.0405,1434.492,617.848,683.65,7080.9,46.15,46.15,65.974,47.6915,67.7033,83.0423,90212.3333,10794.6667,2582.3333,10618.3333,8931.0,4135.3333,746.3333,3131.6667,4201.3333,10640.6667,66.4667,4.788256581,0.478410557,14.6667,4.5333,4.7333,2952.6667,1843.6667,1036.0,658.6667,4879.0,81.144,141.814,80.374,34.4667,4620,292.6667,,,1080182.698,57.507,58.2573,57.425,76.598,63.345,83.406,145.858,47.11,61.679,45.884,80.072,131.331,459.946,102.429,56.972,109.958,40.887,57.94,45.891,42.593,55.563,46.558,47.186,46.236,45.768,129.5333,112.4,118.6,111.8333,140.6410529,97.04446615,16.89630618,22.33773169,17.82894971,79.446,75.073,74.709,46.521,57.419,56.874,68.991,89.691,68.669,55.409,10.0,1.78,1.89,-0.15,0.25,0.26,,228.358,625.5,1089.1223,629.7861,991229.935,1252.9807,345914.9214,1337144.851,7.4,42835.96,5803.687,81.96256192,37032.28,522.9882557,29642.9486,13193013.84,26229.47,279.69,139.7,,,90.4495,8.9,10.3,50.17117,4968840.3,0.7074,124.3655,,,34441.9586,459.3895,138.1333,7.69,0.0114,10.24,8876.86,1320.56,2279685.85,339136.51,6966347.78,4677.79,695.89,672.203
1989-12-01,9938.767,6304.157,336.134,4644.3303,1535.2828,1291.758,1296.2222,271.2153,802.6539,559.4687,0.3,2495.007,-1.8,1832.1013,1453.6792,627.2,696.019,7141.774,46.157,46.176,65.891,47.9934,69.7422,82.7612,90633.0,10790.6667,2639.3333,10715.3333,9209.6667,4181.6667,757.6667,3114.3333,4221.0,10719.6667,66.5333,4.84428277,0.51855378,15.2667,4.6333,4.7667,3088.3333,1864.6667,1029.6667,683.3333,4786.6667,81.125,140.075,80.378,34.4333,4636,298.6667,,,1088619.195,57.959,58.7907,57.817,76.998,63.708,83.753,146.336,47.595,61.965,46.421,80.453,131.593,461.834,102.38,57.399,111.151,39.925,58.399,46.43,43.482,55.914,46.942,47.69,46.448,46.086,131.1,112.8333,120.7333,112.2667,137.5485259,99.21913594,16.91310648,22.39570833,17.78059548,80.386,75.473,75.102,47.04,57.425,56.92,69.92,90.559,69.648,54.89,9.82,1.9067,1.91,-0.14,0.17,0.25,,229.415,626.9667,1086.6552,633.0602,990335.9489,1280.2154,353665.427,1344001.382,6.9,43266.28,5893.099,82.51590269,37373.18,523.3038439,30003.1569,13263120.21,26566.98,279.45,139.84,,,102.1804,9.0,10.4,51.38111,5094970.6,0.6948,123.3809,,,36473.3016,458.1256,140.1667,7.75,0.0119,10.19,8871.32,1361.31,2293226.91,351896.57,7000511.71,4694.92,720.44,651.6764
1990-03-01,10047.386,6357.213,350.3341,4668.2765,1533.358,1304.586,1311.6032,272.4763,812.9567,564.4325,0.2,2534.913,6.8,1818.0865,1476.1338,654.439,718.091,7198.988,46.73,46.719,66.363,46.6517,66.9251,82.7599,91216.6667,10826.3333,2675.6667,10875.6667,9304.0,4237.3333,761.0,3135.3333,4258.0,10814.0,66.7333,4.795089092,0.505371559,14.7,4.6,4.7,3101.0,1843.3333,1070.3333,713.0,4840.3333,81.255,138.422,80.614,34.4333,4476,323.3333,,,1090803.233,58.799,59.4677,58.447,77.456,64.389,85.291,147.115,48.163,63.532,47.002,80.554,132.157,460.456,105.945,58.711,112.859,42.983,59.262,46.866,44.293,56.779,47.727,48.273,46.788,46.599,132.7667,114.5,124.5333,113.6333,140.5302132,106.1213018,16.9279853,22.44378099,17.85823398,80.0,75.734,75.494,47.943,57.968,57.497,70.674,89.816,70.322,55.374,10.12,1.6733,1.7,-0.06,0.37,0.66,,227.34,623.5333,1070.9376,632.2588,979543.9663,1301.6816,363072.5901,1342616.556,1.9,42964.62,5940.766,82.52224427,37023.85,514.2924462,29838.5266,13126091.34,26368.13,277.83,139.09,,,92.0051,9.2,10.7,51.96856,5190493.0,0.6713,120.9692,,,35304.2405,433.7406,141.6333,7.81,0.0116,10.12,8684.78,1284.42,2275655.78,336554.01,6963914.64,4675.75,691.51,676.1636
1990-06-01,10083.855,6376.579,338.7551,4724.9313,1535.1013,1304.993,1285.6731,264.1902,802.3739,542.1639,0.6,2538.916,0.5,1826.5613,1478.8547,662.577,716.887,7252.12,46.851,46.85,66.672,49.7193,67.7699,82.7825,91273.3333,10953.6667,2689.0,10917.0,9265.3333,4262.6667,769.0,3342.0,4295.6667,10873.0,66.5333,4.825023738,0.512575819,14.6667,4.7333,4.7,3173.3333,1859.3333,1026.6667,660.3333,5097.6667,80.84,138.461,80.263,34.3,4242,269.0,,,1101642.748,59.333,60.132,59.101,77.727,64.969,85.615,147.129,48.766,63.895,47.652,80.123,132.293,458.884,108.271,58.87,114.617,42.213,60.022,47.398,45.241,57.577,48.389,48.823,47.117,47.263,134.5,114.3333,123.5667,113.3,131.9940161,85.932453,16.8961441,22.26221835,17.84957281,80.658,76.511,76.353,48.152,58.372,57.954,71.56,90.983,71.195,55.676,10.34,1.6333,1.66,0.0,0.53,0.93,,231.088,623.6333,1065.5874,623.9801,960497.8538,1326.0065,370682.1285,1331179.988,7.4,43101.36,5996.745,82.68955138,37104.61,511.6381351,30000.6436,13100713.43,26523.18,275.91,136.93,,,105.2421,9.2,10.3,52.7473,5298491.6,0.6323,117.9302,,,31173.6184,444.8484,143.8333,7.72,0.0111,10.07,8678.35,1251.68,2255066.26,325249.03,6947073.22,4679.23,674.89,693.3353
1990-09-01,10090.569,6401.841,335.3194,4762.7255,1537.61,1279.695,1275.1322,267.9619,808.0544,512.9873,0.4,2542.963,-1.7,1841.0471,1488.6635,667.592,713.992,7253.072,46.762,46.796,66.771,48.4117,69.3907,82.6474,91163.3333,11092.6667,2695.3333,10913.0,9294.0,4267.6667,766.6667,3194.6667,4322.6667,10967.3333,66.4667,5.105410398,0.582326568,15.9,5.0667,5.0,3467.3333,1968.3333,1034.3333,674.0,5335.0,80.348,137.265,79.854,34.2333,4017,244.0,,,1108975.699,60.087,60.7397,59.612,78.207,65.451,86.824,147.194,49.342,65.238,48.278,80.14,132.591,457.59,108.58,59.7,115.018,46.118,60.852,48.014,46.254,57.867,49.242,49.337,47.361,47.637,136.5,116.4667,124.5,115.9,127.994655,116.5245095,16.86438289,22.10538663,17.81929091,80.099,76.272,76.123,48.644,58.56,58.242,72.152,90.901,71.902,56.011,10.1,1.7133,1.4,-0.07,0.35,1.23,,232.388,619.8667,1053.5519,614.2811,949066.2716,1348.0953,382349.4277,1331415.705,10.2,42563.18,6041.398,83.29433047,36521.78,503.5353938,29462.6408,13100541.65,25977.1,274.83,133.64,,,137.1434,9.2,10.5,53.75313,5381052.5,0.562,116.2472,,,27834.8525,407.7856,146.4667,7.94,0.0123,10.1,8511.6,1323.85,2234885.64,347603.79,6942022.28,4694.31,730.13,642.9405
1990-12-01,9998.704,6353.139,326.0857,4751.3332,1522.1671,1208.107,1242.2578,263.9943,795.3402,483.3501,-0.2,2559.964,0.5,1849.4331,1505.3466,673.47,694.844,7195.145,46.079,46.176,65.622,42.1291,67.3963,81.0212,90802.0,11223.6667,2692.0,10828.6667,9285.3333,4275.0,761.3333,3110.6667,4342.6667,11000.3333,66.4,5.468375107,0.645670075,17.0,5.6333,5.1667,3864.3333,2062.0,1031.0,704.0,5555.0,80.133,135.213,79.512,34.1667,3495,222.6667,,,1107197.927,60.882,61.2497,60.067,78.524,65.926,88.398,147.491,49.843,66.928,48.809,80.698,132.299,455.745,109.03,60.078,115.123,53.784,61.448,48.327,47.21,58.645,49.784,49.755,47.546,48.197,138.0667,119.8667,124.9333,120.3667,131.8563789,160.3548756,16.84906199,22.04637535,17.8177959,79.787,75.67,75.446,48.532,57.952,57.624,73.404,92.17,73.205,55.686,9.95,2.2,1.56,-0.03,0.31,1.41,,233.687,614.6667,1043.927,612.6008,936305.468,1363.4285,388630.7331,1324936.196,-1.7,43052.17,6099.969,84.77895831,36952.2,513.5712926,30086.4898,12965678.37,26588.87,271.48,130.5,,,140.2985,9.5,10.8,56.03613,5526789.5,0.4541,115.1282,,,23678.7046,351.2522,147.3,7.92,0.0118,10.09,8361.47,1250.97,2210212.97,330673.99,6901695.84,4686.62,701.17,668.3964
1991-03-01,9951.916,6329.249,317.0968,4747.9042,1522.8392,1167.908,1207.9667,254.4917,779.4011,457.8368,-0.3,2575.22,4.6,1806.3824,1507.6065,677.584,686.926,7217.203,45.769,45.825,64.184,39.4328,68.446,79.2415,90305.6667,11384.3333,2693.0,10770.6667,9275.0,4268.3333,758.0,3096.3333,4358.0,11027.0,66.2333,5.854494896,0.719940131,18.1,6.1333,5.5,4461.3333,2069.3333,1037.6667,729.3333,5832.6667,79.343,132.427,78.733,34.1,3076,159.6667,,,1101053.998,61.202,61.7933,60.651,79.221,66.513,88.344,148.753,50.29,66.596,49.308,81.92,132.563,456.807,110.246,60.919,115.367,47.617,62.588,48.808,48.074,58.564,50.443,50.394,47.022,48.918,140.0667,117.4667,124.9,117.4,134.3248526,111.2763691,16.81412539,22.0629947,17.76893957,80.313,75.711,75.465,48.468,58.132,57.756,73.642,93.392,73.405,56.806,9.5,2.1867,1.48,0.02,0.41,1.99,,229.434,618.0,1028.9101,601.4247,913885.592,1378.7141,392613.5641,1306499.156,-14.8,43536.79,6088.314,84.35836169,37448.47,518.8779244,30690.575,12846212.35,27173.06,271.33,126.72,,,135.6326,9.5,10.3,57.41652,5661888.5,0.3716,112.9939,,,25024.7014,427.5075,148.5,7.8,0.0107,10.02,8405.54,1152.28,2185482.54,299599.54,6816938.04,4626.77,634.27,729.4679
1991-06-01,10029.51,6381.703,318.6868,4795.1021,1531.7438,1167.904,1211.5528,252.8575,775.4793,471.8827,-0.3,2585.693,1.6,1802.2525,1513.6841,702.289,699.135,7271.412,46.223,46.28,64.566,42.6559,70.1218,79.4862,89796.3333,11495.6667,2684.3333,10709.6667,9232.6667,4249.6667,748.6667,3095.0,4362.3333,11057.3333,66.2667,5.997909471,0.826295932,18.3667,6.4333,5.7667,4667.0,2169.3333,1006.0,789.3333,6140.3333,78.851,131.836,78.239,34.0667,2996,136.0,,,1093699.917,61.536,62.2697,61.088,79.32,66.873,88.518,149.127,50.675,66.706,49.705,82.331,132.902,455.087,110.848,61.526,116.077,44.877,63.405,49.05,48.841,58.84,51.151,50.858,46.786,49.405,141.3333,116.3,125.1333,115.9333,126.5988017,91.69786719,16.84610521,21.91569697,17.80961801,81.076,76.812,76.526,48.974,59.08,58.693,73.822,93.733,73.614,57.33,9.53,1.79,1.4,0.13,0.68,2.57,,232.725,626.6667,1009.3144,594.624,893828.057,1385.8404,402504.8053,1296332.857,1.8,43449.35,6146.645,84.5316598,37302.71,513.005028,30617.5478,12831806.65,27098.68,271.03,124.65,,,99.646,9.6,10.0,57.74551,5749460.5,0.3475,109.9921,,,25634.9184,492.6103,149.7,7.8,0.0106,9.95,8343.25,1134.41,2174804.48,295703.19,6784845.9,4605.44,626.19,735.4687
1991-09-01,10080.195,6413.521,323.581,4815.9082,1534.2789,1191.028,1212.9789,256.7067,768.7996,487.805,0.0,2578.454,-5.2,1805.4307,1522.4602,718.914,718.81,7299.381,46.565,46.561,65.803,45.6962,70.5907,80.3995,89738.6667,11614.0,2672.6667,10743.3333,9234.0,4241.6667,735.0,3125.0,4345.0,11099.3333,66.1,5.939234073,0.914853464,19.0333,6.5333,5.6333,4786.6667,2116.3333,986.3333,802.6667,6256.0,78.786,132.173,78.148,34.1,2893,126.3333,,,1096874.168,61.954,62.8303,61.557,79.456,67.314,88.68,149.68,51.175,66.767,50.25,82.967,133.688,449.159,112.647,61.21,117.029,44.427,63.976,49.305,49.67,59.753,51.675,51.264,47.543,49.946,142.8667,116.1333,123.3667,116.2,121.1288536,95.54721477,16.80722547,21.70408191,17.804626,81.422,77.263,76.944,49.786,59.585,59.098,74.163,93.158,73.861,58.014,9.28,1.7433,1.34,0.07,0.51,2.56,,234.724,634.0,987.9268,581.5369,869300.8002,1375.2943,407666.0432,1276966.849,0.0,43657.36,6159.043,84.37761299,37498.32,513.7191235,30862.12,12795237.94,27340.42,269.14,124.47,,,103.725,9.7,10.0,59.06123,5916168.4,0.3342,106.8396,,,23000.2436,507.3253,150.9,7.81,0.0107,9.76,8194.94,1124.37,2138550.67,293414.43,6704684.02,4561.46,625.84,728.8499
1991-12-01,10115.329,6410.312,318.3019,4844.4679,1521.0703,1233.261,1218.1908,255.516,768.3577,497.427,0.5,2559.584,-9.6,1814.3842,1533.202,735.102,734.689,7356.679,46.705,46.737,66.072,46.9353,70.3711,80.2662,89710.0,11730.0,2659.6667,10784.0,9282.3333,4236.3333,715.6667,3126.6667,4354.3333,11139.3333,66.0667,6.014630628,1.082868248,19.4667,6.6333,6.0,4893.0,2214.0,988.0,845.3333,6445.0,78.614,132.196,78.016,34.1,2807,131.3333,,,1103630.856,62.404,63.3247,61.915,79.205,67.567,89.046,150.001,51.644,67.104,50.762,83.342,133.203,448.36,114.069,61.157,117.852,45.077,64.484,49.767,50.552,60.048,52.019,51.504,47.733,50.547,144.2,116.2333,123.1,116.5,123.7971107,97.60570282,16.76018341,21.60292982,17.78141366,81.492,77.727,77.436,49.98,59.866,59.451,74.735,93.554,74.496,57.718,8.69,2.0533,1.34,0.04,0.33,2.81,,238.835,644.3667,977.869,572.3366,845925.4212,1369.2094,414736.4121,1260661.833,10.5,44345.28,6243.311,84.86589517,38101.97,517.9235194,31585.1196,12760162.65,28066.31,270.78,123.46,,,122.5966,9.8,10.2,60.68599,6092074.2,0.3123,103.2335,,,23611.2531,536.2975,152.6,7.75,0.0107,9.61,8166.03,1126.76,2122768.51,292903.73,6636664.35,4507.83,622.0,724.7325
1992-03-01,10236.435,6530.335,330.7977,4923.7463,1543.6894,1210.478,1231.5202,253.5191,765.3486,525.8679,0.0,2582.28,1.5,1822.258,1552.9609,748.392,740.026,7498.634,47.348,47.456,66.207,45.5686,68.266,79.7454,89651.0,11825.3333,2640.0,10834.6667,9348.3333,4214.3333,702.6667,3126.3333,4372.0,11199.0,66.3,6.045743748,1.334256083,19.8667,7.0667,6.1333,5269.6667,2272.3333,979.0,870.6667,6558.3333,78.106,131.153,77.556,34.1,2815,171.6667,164009.6667,138562.7419,1100369.205,62.795,63.8093,62.162,79.03,67.669,89.15,149.995,52.126,67.22,51.311,83.275,134.508,444.094,114.1,61.374,117.326,44.247,65.222,50.134,51.502,60.9,52.147,51.651,48.327,51.166,145.4667,115.9,123.1333,115.8667,122.2468591,81.38898254,16.70604108,21.50685379,17.68808283,82.372,79.329,79.057,50.481,61.05,60.759,75.055,94.124,74.954,57.452,8.71,1.9,1.41,0.1,0.46,3.41,,240.36,666.4,956.3955,566.5379,835536.3204,1368.2777,417193.0604,1252729.381,9.3,44070.09,6227.817,83.0526919,37842.28,504.6556177,31326.2894,12743804.17,27808.06,270.79,122.32,,,108.8145,9.8,10.1,60.99679,6180887.0,0.2994,100.6481,,,21177.741,622.004,153.9,8.14,0.0109,9.54,7860.78,1056.26,2118685.07,284690.54,6604560.43,4479.77,601.95,744.2064
1992-06-01,10347.429,6574.665,333.0955,4962.0404,1550.171,1278.935,1271.9405,268.1676,790.1044,543.8432,0.4,2577.285,-1.0,1835.4789,1550.7004,748.748,752.192,7568.955,47.937,48.056,67.605,50.2871,68.9821,80.6717,89872.3333,11890.6667,2638.3333,10957.0,9390.6667,4221.6667,693.6667,3117.6667,4395.6667,11238.0,66.6,6.064878537,1.530378002,20.5333,7.2667,6.3333,5552.0,2235.3333,1003.0,953.3333,6501.3333,78.514,131.438,77.858,34.2667,2891,125.3333,165466.0,143574.0222,1103945.88,63.212,64.2597,62.533,79.173,67.956,89.528,150.404,52.548,67.555,51.784,83.924,134.784,441.703,114.361,61.497,117.233,44.714,65.905,50.453,52.35,60.617,52.827,51.948,48.833,51.61,146.7333,117.1667,122.6667,117.3,115.7801375,93.10728888,16.71861186,21.48570398,17.71975799,82.905,79.532,79.135,51.435,61.57,61.207,75.081,93.603,75.014,58.005,8.68,1.7533,1.3,0.12,0.54,3.7,,239.669,679.5667,937.7109,556.862,822350.1374,1370.6176,418762.5663,1241112.709,18.2,44016.71,6252.74,82.61035281,37763.97,498.9324129,31296.7585,12719951.76,27767.71,268.83,121.15,,,102.2688,9.7,10.2,61.57938,6303638.5,0.2971,98.0211,,,17576.0075,576.7389,154.9667,8.12,0.0109,9.46,7781.88,1047.99,2107284.13,283789.23,6565302.55,4451.87,599.54,742.5525
1992-09-01,10449.673,6645.14,340.1972,5014.6045,1559.4259,1289.101,1286.5493,274.2527,802.1948,544.0554,0.3,2593.701,5.7,1837.4883,1551.3639,764.615,764.049,7601.736,48.448,48.58,68.358,52.4318,67.6063,80.7599,90043.6667,11989.0,2636.6667,11043.3333,9465.0,4243.6667,680.3333,3111.0,4425.3333,11306.6667,66.6,5.99205623,1.635569753,20.5667,7.1667,6.4667,5466.6667,2331.6667,1055.6667,1002.6667,6468.0,78.616,130.222,77.989,34.2333,2893,140.3333,168152.3333,143163.1601,1107737.694,63.615,64.6403,62.833,79.361,68.262,89.985,150.528,52.922,68.041,52.194,84.535,134.54,435.551,115.563,61.881,117.417,45.58,66.391,50.713,53.146,60.42,53.212,52.276,49.05,52.123,147.8667,117.8667,123.1667,118.3,126.593875,95.65658692,16.71813442,21.33348183,17.70825086,83.799,79.939,79.57,52.493,62.121,61.794,75.242,93.281,75.193,58.519,8.01,2.0867,1.39,0.07,0.33,3.53,,243.842,692.4333,925.5768,549.1252,815805.3973,1362.1677,420827.5409,1236632.938,21.1,44457.32,6320.961,83.15154204,38136.36,501.6796142,31651.6244,12805696.16,28111.66,270.3,119.58,,,121.2807,9.7,10.3,61.89802,6389406.6,0.295,96.7302,,,16719.4845,572.7345,155.9333,8.13,0.012,9.35,7660.03,1131.77,2090214.17,308830.58,6542971.2,4446.58,656.99,676.8158
1992-12-01,10558.648,6724.342,346.9445,5070.4252,1575.067,1328.433,1324.1592,284.3406,823.2117,564.8004,0.3,2593.4,0.3,1868.5626,1550.1906,768.448,782.339,7635.426,49.05,49.161,68.938,53.8072,71.306,81.0784,90458.6667,12079.6667,2649.6667,11176.0,9551.3333,4278.6667,677.0,3091.3333,4438.0,11319.6667,66.2667,5.785992151,1.621316318,19.5333,6.9667,6.3,5275.3333,2304.3333,975.3333,926.6667,6553.6667,79.11,131.43,78.491,34.2,2976,120.0,171577.6667,142647.2546,1113556.993,64.059,65.114,63.275,79.634,68.725,90.205,150.763,53.434,68.239,52.765,85.064,134.833,432.478,115.611,61.939,117.821,46.073,66.514,51.126,53.997,62.005,53.474,52.476,49.925,52.375,149.2,117.8333,124.1333,118.2667,135.6020773,89.95499153,16.69379321,21.31134723,17.64598148,84.623,79.765,79.416,52.452,62.491,62.143,75.242,94.988,75.151,59.771,8.2,2.1267,1.46,0.18,0.49,3.67,,250.546,714.4333,916.4172,542.1981,808455.4583,1362.0774,424441.7085,1232897.167,16.4,45169.29,6387.468,83.65568775,38781.82,507.9195666,32340.7485,12828542.25,28790.25,269.68,118.18,,,121.3889,9.6,10.3,62.52256,6520565.4,0.3131,95.2286,,,17132.0207,625.5578,157.2667,8.08,0.0109,9.23,7466.46,1007.37,2079086.21,280509.72,6486626.41,4400.69,593.74,741.1815
1993-03-01,10576.275,6750.123,350.297,5089.7946,1576.7058,1359.751,1334.0577,289.7252,831.3843,565.1715,0.5,2561.222,-12.5,1861.489,1555.6275,770.163,799.278,7664.497,49.057,49.129,69.732,55.0921,70.8904,81.3865,91044.0,12175.0,2654.0,11329.0,9585.0,4327.6667,672.6667,3080.6667,4456.0,11366.6667,66.2,5.677713428,1.473353662,19.7667,6.7,6.0667,4950.3333,2274.6667,1005.0,965.6667,6380.3333,79.694,131.887,79.187,34.2333,3009,107.3333,173719.3333,144832.7054,1127836.801,64.441,65.563,63.652,79.873,69.122,90.367,150.687,53.883,68.442,53.251,85.756,134.291,427.601,115.366,62.049,117.471,46.045,67.175,51.493,54.682,62.915,53.877,52.63,50.531,52.846,150.5,118.3667,124.6667,118.6667,125.4385821,84.49282387,16.71164537,21.25178812,17.64208263,80.313,78.78,78.573,52.872,61.951,61.647,75.419,89.883,75.247,60.75,7.72,2.1233,1.44,0.13,0.45,3.32,,252.283,722.8,905.2173,546.6601,807176.763,1353.9322,431854.8214,1239031.574,14.8,45389.83,6356.05,82.92846753,39033.78,509.2804234,32624.648,12765184.63,29077.11,267.96,117.11,,,114.6836,9.6,10.4,62.86657,6565044.0,0.3276,95.2554,,,17296.6444,685.7842,158.7667,8.13,0.0113,9.2,7487.26,1044.84,2055895.37,286897.11,6491067.97,4428.38,617.97,716.5967
1993-06-01,10637.847,6811.522,361.6572,5115.4893,1589.2647,1367.575,1358.0682,301.3203,847.7276,572.7102,0.4,2561.456,-4.1,1911.5108,1568.1727,779.368,815.792,7688.356,49.324,49.434,69.964,55.5981,70.0886,81.1756,91585.0,12294.6667,2661.6667,11459.3333,9693.3333,4353.6667,668.0,3067.0,4478.0,11407.6667,66.3333,5.728898279,1.341339472,19.7333,6.5667,6.0333,4953.6667,2248.3333,973.3333,950.3333,6588.0,80.532,132.395,80.082,34.3333,3090,130.6667,177777.3333,142874.0104,1135040.093,64.874,66.0607,64.027,80.171,69.548,90.446,151.481,54.431,68.354,53.808,86.92,135.266,423.527,115.559,62.463,116.617,44.765,67.392,51.962,55.298,62.93,54.406,53.052,51.536,53.404,151.7667,119.5,126.2,119.6667,131.5290507,85.0273357,16.6665123,21.20781302,17.6403591,82.68,78.791,78.649,52.845,61.592,61.384,76.373,93.261,76.253,60.337,7.45,2.15,1.46,0.11,0.41,3.02,,258.013,737.5667,890.0156,549.2459,806291.5013,1358.9334,436671.6099,1242963.116,26.3,45585.23,6411.645,83.39423015,39173.59,509.518355,32751.6038,12833626.5,29184.01,268.48,115.52,,,122.9651,9.6,10.5,63.91524,6708311.5,0.3386,94.5931,,,20225.4895,682.5295,160.1,8.17,0.0112,9.19,7501.68,1030.98,2040797.72,280472.52,6499298.33,4451.89,611.84,727.6284
1993-09-01,10688.606,6887.329,365.6823,5174.8136,1604.983,1358.287,1379.3962,304.785,854.5531,594.1775,0.1,2565.1,-1.5,1914.6187,1576.4257,777.273,826.535,7694.711,49.837,49.673,70.104,54.3755,73.3563,81.1059,92191.3333,12430.6667,2671.6667,11580.0,9773.6667,4360.3333,659.0,3064.0,4496.0,11483.0,66.3333,5.437005644,1.363947351,18.3333,6.3667,5.8333,4861.6667,2136.3333,939.3333,893.0,6652.0,81.011,132.767,80.561,34.3667,3209,135.3333,181074.3333,139796.7786,1140479.059,65.155,66.43,64.349,80.359,69.961,90.344,152.219,54.843,68.071,54.251,88.121,135.459,421.0,115.812,62.573,116.646,43.511,67.038,52.262,55.91,63.207,54.829,53.272,52.265,53.865,152.6667,118.8667,125.1667,119.0,125.2929192,72.76156401,16.66415562,21.14512091,17.64762381,82.906,78.512,78.374,52.802,61.863,61.317,76.485,93.954,75.944,61.189,7.08,2.0067,1.46,0.12,0.42,2.61,,263.572,755.9333,883.6312,559.3307,810078.9237,1366.0021,446553.8304,1256632.754,25.9,46119.2,6507.024,84.56489055,39612.17,514.7974006,33176.6657,12942530.48,29583.13,269.16,114.34,,,109.9639,9.5,10.5,64.10093,6770760.5,0.3647,94.8693,,,20399.6855,724.8341,161.0667,8.18,0.0107,9.18,7563.08,988.05,2021397.64,264078.4,6520702.96,4492.72,586.94,765.4536
1993-12-01,10833.987,6947.788,374.4818,5208.401,1616.1118,1429.661,1434.7952,321.5832,885.3764,624.7104,0.2,2574.165,0.7,1982.7228,1584.0971,802.325,859.74,7748.23,50.508,50.528,71.321,57.7476,73.6389,81.9118,92942.3333,12542.3333,2683.6667,11753.3333,9880.3333,4360.6667,663.6667,3037.3333,4515.0,11520.6667,66.3333,5.235624335,1.385072058,18.3667,6.0,5.8333,4590.0,2129.6667,988.6667,872.0,6305.6667,81.771,133.306,81.328,34.4333,3396,154.3333,184676.6667,140582.3798,1144361.154,65.531,66.7717,64.727,80.557,70.279,90.827,153.224,55.172,68.391,54.586,89.266,136.505,418.775,116.434,63.057,116.554,44.517,66.88,52.558,56.383,63.41,55.326,53.485,52.352,54.352,153.8667,118.9,126.5667,118.7667,129.7494395,68.25215691,16.70368538,21.12672342,17.72205299,84.088,78.549,78.401,53.502,62.104,61.792,76.44,94.688,76.198,61.731,7.05,1.9467,1.45,0.14,0.47,2.55,,269.189,768.8333,874.3791,570.5053,824528.007,1379.1415,458335.4729,1282863.48,17.2,46704.37,6614.8,85.37175092,40089.57,517.4029679,33657.6769,13046694.72,30025.83,269.98,113.63,,,82.1882,9.6,10.6,64.66861,6921437.2,0.3955,95.7256,,,18432.7302,766.0473,162.1667,8.23,0.0111,9.22,7868.01,1059.72,2012024.93,270994.11,6547732.61,4527.91,609.85,742.4608
1994-03-01,10939.116,7027.255,383.4039,5251.2635,1637.6747,1484.116,1451.7414,330.6977,894.7489,634.1257,0.6,2542.324,-13.3,1973.4222,1590.655,810.201,879.77,7798.612,50.966,51.119,72.093,59.9767,74.8283,82.3474,93713.6667,12657.6667,2707.0,11893.3333,9976.6667,4368.0,666.3333,3047.3333,4523.6667,11591.3333,66.5667,5.211298764,1.346057759,18.1,5.9333,5.7667,4194.6667,2928.0,840.0,627.0,4838.0,82.539,133.896,81.837,34.3667,3710,168.0,188265.0,144637.0978,1151542.356,65.766,67.0747,65.058,81.029,70.495,90.731,153.578,55.521,68.197,54.948,89.789,136.854,416.462,116.951,63.101,115.005,43.946,67.11,52.958,57.004,63.575,55.684,53.625,52.194,54.91,154.8667,119.3667,127.2,118.9,132.0456916,57.9946254,16.74752896,21.18044795,17.80109078,81.55,77.869,77.625,53.842,62.277,61.933,75.731,91.516,75.549,63.151,7.3,1.78,1.23,0.21,0.67,2.82,,271.87,774.4,879.8431,582.8033,842827.0054,1387.0453,470966.3143,1313793.32,29.3,46793.98,6633.94,85.06564527,40160.04,514.963929,33676.5993,13117379.05,30023.55,270.43,113.65,,,87.2029,9.6,10.7,64.30709,6957803.4,0.4334,97.4334,,,19474.7579,787.1079,163.8333,8.34,0.011,9.33,7886.79,1043.01,2011355.42,265996.0,6614457.76,4595.24,607.71,756.16
1994-06-01,11087.361,7081.931,387.5367,5288.7315,1650.6116,1557.107,1481.0887,332.689,908.6853,654.7057,1.1,2554.916,-1.7,2033.5297,1608.8248,837.555,912.55,7876.413,51.84,51.954,73.714,60.7259,72.5422,83.1582,94663.0,12797.6667,2726.3333,12101.3333,10066.0,4402.0,659.0,3026.0,4555.3333,11672.3333,66.5,4.885994172,1.281232748,18.2333,5.4,5.4667,3716.6667,2939.0,804.0,603.3333,4801.3333,83.953,135.268,83.164,34.5,3861,224.0,191899.3333,145570.595,1170243.064,66.133,67.526,65.369,81.26,70.779,91.048,154.494,55.899,68.344,55.333,90.785,137.757,415.728,117.212,63.292,115.529,43.326,67.477,53.286,57.532,63.886,55.639,53.969,52.701,55.299,155.9333,120.0333,126.5667,119.9667,120.8022632,71.31959724,16.71949697,21.1572864,17.74132896,82.201,78.101,77.718,54.495,62.335,61.885,76.288,91.63,76.111,63.156,8.44,1.5133,1.35,0.43,1.15,3.1,,276.908,774.8667,895.6148,597.2487,863410.1864,1392.0362,488181.1324,1351591.319,29.1,46923.35,6717.208,85.2825796,40206.14,510.4625654,33715.3496,13207996.92,30035.2,270.21,113.56,,,96.4412,9.8,11.0,64.10716,7024937.6,0.4796,98.7115,,,20397.3351,727.5366,165.0333,8.38,0.0103,9.44,8020.78,987.5,2019064.98,248581.73,6700281.16,4673.4,575.38,812.2339
1994-09-01,11152.176,7135.93,391.6302,5323.9499,1664.8289,1531.67,1493.3601,341.323,924.2145,645.0872,0.7,2597.991,10.0,2038.926,1627.7326,868.903,938.211,7922.793,52.153,52.263,74.733,61.4981,72.6483,83.4397,95604.6667,12956.0,2746.0,12325.6667,10132.6667,4448.0,657.0,3004.3333,4600.0,11710.3333,66.5333,4.814972038,1.188277549,17.4667,5.3333,5.2667,3723.3333,2705.6667,796.6667,611.0,4398.6667,84.885,136.605,84.14,34.5333,3962,222.3333,195890.3333,147522.2008,1183118.709,66.607,67.903,65.717,81.557,71.146,91.886,155.583,56.234,69.051,55.665,92.165,138.217,413.823,118.292,63.936,114.94,45.742,67.772,53.551,58.12,63.971,55.736,54.133,52.783,55.903,157.1,120.9667,126.1333,121.6,110.4517923,78.008767,16.73464266,21.22141931,17.76061104,82.032,77.489,77.147,54.708,61.983,61.569,76.695,91.78,76.519,63.634,8.59,1.5067,1.26,0.41,1.12,2.86,,279.204,773.0333,914.7604,618.9271,881450.5088,1410.877,509397.37,1390847.879,21.4,47384.86,6812.129,85.98140916,40572.73,512.1013911,34084.0493,13300812.92,30368.17,269.83,113.29,,,89.609,10.1,11.4,64.01176,7045430.7,0.5034,100.2179,,,20369.5705,739.1634,166.4,8.33,0.0102,9.53,8203.92,1007.74,2025727.38,248831.83,6752659.32,4719.2,579.69,814.095
1994-12-01,11279.932,7213.079,405.4116,5355.6252,1682.5225,1594.684,1529.4415,361.8587,960.2645,635.1438,1.0,2575.394,-10.1,2064.5128,1633.6772,888.962,964.609,8036.225,52.922,53.012,76.424,62.5871,71.2532,84.3084,96466.3333,13075.6667,2776.6667,12523.3333,10216.6667,4497.6667,652.6667,2988.0,4626.3333,11752.0,66.7,4.501968686,1.119397493,16.7,4.9,4.9667,3535.0,2574.3333,720.6667,582.0,4460.0,85.275,138.211,84.496,34.5,4214,266.0,200001.3333,150039.0732,1201514.958,66.92,68.248,66.083,81.902,71.457,92.002,155.849,56.611,69.123,56.033,93.575,137.056,409.664,118.113,64.001,113.951,46.267,68.007,53.858,58.649,63.788,56.044,54.441,53.186,56.388,158.1,121.4333,127.1667,122.2667,102.9078985,71.06536447,16.77703186,21.2753982,17.79293313,82.319,77.727,77.31,55.295,62.633,62.166,76.475,91.549,76.315,64.747,9.1,1.37,1.26,0.49,1.32,2.56,,282.725,768.2667,934.6436,640.9591,911500.2077,1434.2776,527940.6045,1439440.807,25.0,47644.27,6955.112,86.5470073,40689.15,506.3217219,34294.8687,13349396.32,30555.54,268.23,113.04,,,86.6898,10.2,11.5,64.38584,7172967.7,0.5689,102.2648,,,19473.2167,752.6227,167.8667,8.39,0.0102,9.64,8400.45,1020.31,2034855.93,247151.14,6809612.77,4767.93,579.11,823.3245
1995-03-01,11319.951,7231.032,397.0372,5392.519,1688.621,1611.428,1561.8265,380.3254,995.7519,620.6712,0.8,2584.415,-1.1,2088.5766,1646.4598,906.086,985.774,8104.055,53.214,53.175,77.107,63.222,72.7948,84.3568,97292.0,13212.3333,2807.3333,12716.3333,10380.0,4536.0,648.0,2969.3333,4649.6667,11791.3333,66.7667,4.494777914,0.985215491,16.6667,4.7333,4.8333,3431.0,2465.0,766.6667,571.6667,4466.0,85.704,138.223,84.899,34.4333,4120,238.6667,200073.0,151732.1128,1220134.029,67.247,68.6057,66.46,82.427,71.787,92.111,156.472,57.011,69.101,56.472,94.623,137.165,407.058,118.836,64.369,112.749,45.848,68.157,54.285,59.385,63.993,56.4,54.693,53.407,56.82,159.4333,123.4333,128.4333,124.2667,99.65907838,72.8784977,16.78673564,21.20804972,17.82167019,81.282,77.718,77.353,55.785,62.679,62.045,77.129,90.142,76.709,64.905,8.81,1.3933,1.33,0.31,0.99,1.75,,282.104,761.2667,969.1386,654.8473,936222.3247,1465.6805,551772.6056,1487994.926,16.1,48260.9,6963.674,85.92826346,41297.22,509.5871545,34895.859,13365038.04,31120.18,268.23,112.5,,,90.7915,10.4,11.8,64.66271,7233208.9,0.5693,104.032,,,17756.8316,783.867,169.0333,8.38,0.0102,9.75,8553.87,1039.34,2051071.92,249216.42,6854780.11,4796.9,582.85,823.0083
1995-06-01,11353.721,7294.424,401.094,5446.1012,1696.9449,1577.96,1560.7655,379.7271,1005.2945,601.5179,0.4,2593.101,-1.3,2120.84,1659.4317,918.791,995.136,8126.503,53.386,53.321,77.06,62.5094,73.8459,83.7756,97702.0,13313.6667,2834.6667,12796.6667,10468.0,4557.0,641.6667,2960.6667,4643.0,11828.6667,66.6333,4.676659418,0.999918416,17.3667,4.9,5.0,3494.3333,2597.0,854.6667,584.0,4476.6667,85.666,136.483,84.778,34.2333,3943,237.0,203172.6667,151580.1371,1233652.208,67.639,69.013,66.785,82.725,72.09,92.3,156.301,57.467,69.359,56.933,95.28,136.731,401.346,119.068,64.926,112.146,45.895,68.467,54.649,59.76,65.204,56.839,55.211,53.797,57.395,160.7333,124.9333,128.0667,126.1667,97.80619961,79.50303198,16.79874374,21.30031752,17.78889514,82.122,77.766,77.32,56.461,62.972,62.243,77.437,90.668,76.982,65.248,7.95,1.6133,1.33,0.02,0.37,1.02,,285.405,753.6333,992.318,667.2234,954669.895,1489.0189,576691.0106,1531360.906,18.5,48970.66,7057.153,86.84120341,41913.51,515.7631825,35543.7555,13426906.52,31754.16,271.04,111.24,,,73.4559,10.5,12.0,65.31294,7320291.5,0.5256,105.5299,,,15848.8282,865.5383,170.5667,8.4,0.0096,9.83,8760.16,1005.32,2064537.38,236927.65,6905165.77,4833.89,554.74,871.3788
1995-09-01,11450.31,7360.529,412.4206,5485.8756,1702.981,1568.555,1582.559,380.4181,1011.7042,623.7683,0.1,2586.304,-3.2,2122.4823,1661.0535,958.551,998.555,8200.09,53.995,53.892,77.512,62.1183,76.432,83.6795,98201.6667,13403.6667,2854.6667,12949.0,10560.3333,4585.3333,638.0,2940.3333,4623.6667,11868.0,66.6,4.717732536,0.942882487,17.7,4.8333,4.9667,3469.0,2564.0,845.3333,591.6667,4509.6667,86.517,136.464,85.751,34.3,4073,256.0,206149.0,151335.41,1242354.745,67.915,69.342,67.084,82.957,72.415,92.325,155.798,57.829,69.507,57.293,95.179,137.64,392.485,120.127,65.117,111.967,45.341,69.064,55.028,60.066,65.803,57.142,55.541,54.242,57.68,161.8,125.2,128.9333,126.0,90.18771809,71.52705709,16.86807181,21.30023032,17.88240439,82.559,77.841,77.443,56.8,62.967,62.291,77.846,91.01,77.405,65.232,7.7,1.73,1.38,-0.01,0.29,0.96,,285.151,748.5667,1012.9559,681.3183,970167.6856,1513.6737,603629.2656,1573796.951,7.0,49570.54,7188.679,87.66585854,42381.86,516.846237,36329.7972,13240738.66,32526.52,273.92,110.7,,,75.009,10.8,11.8,64.73906,7323835.7,0.5433,106.4282,,,17224.2542,1013.1389,172.0,8.46,0.0094,9.93,8938.42,995.08,2081705.45,231747.93,6981075.74,4892.67,544.68,898.2628
1995-12-01,11528.067,7411.873,419.5777,5516.4062,1711.7241,1607.513,1613.3125,391.1931,1031.3146,635.8808,0.2,2559.248,-12.9,2138.5558,1669.7383,972.233,1011.318,8246.721,54.428,54.365,78.15,61.9088,75.6634,83.358,98707.6667,13508.3333,2879.0,13103.6667,10589.3333,4610.0,635.3333,2916.6667,4624.6667,11923.0,66.5,4.647355449,0.927002678,17.6333,4.8,4.8667,3519.3333,2485.3333,833.3333,572.6667,4461.6667,86.687,136.358,85.97,34.2333,4155,246.6667,208413.0,151171.8563,1246236.84,68.214,69.6897,67.401,82.881,72.655,92.347,155.452,58.222,69.617,57.702,95.746,137.487,385.2,120.368,65.431,111.83,44.597,69.465,55.469,60.53,65.838,57.639,55.822,54.858,57.922,162.9333,125.4667,130.6667,125.6333,97.47487361,71.50548065,16.90349329,21.256184,17.8744641,82.753,78.079,77.726,57.312,63.31,62.714,77.993,90.863,77.609,65.377,7.35,1.7467,1.46,-0.02,0.18,0.63,,286.595,737.1333,1020.6296,686.9099,991207.9196,1520.7663,628548.6626,1619756.577,5.5,50488.41,7290.188,88.40105025,43198.22,523.8229747,37189.8895,13298517.72,33370.33,274.64,110.32,,,85.1687,10.8,11.7,64.18282,7313256.8,0.5621,108.0141,,,18499.1924,1038.2078,173.7,8.61,0.0094,10.01,9284.83,1017.12,2102866.97,230361.14,7048324.27,4940.49,541.21,912.8567
1996-03-01,11614.418,7480.231,424.1366,5571.1378,1722.7409,1633.332,1654.5466,401.0378,1057.4551,652.4311,0.1,2576.137,8.1,2180.4436,1666.7589,983.934,1044.193,8323.458,54.871,54.881,78.316,60.124,79.4195,82.8385,99193.0,13600.6667,2894.3333,13242.0,10650.3333,4641.6667,635.3333,2901.6667,4621.3333,11966.0,66.5333,4.610101139,0.937878894,17.2,4.8667,4.8333,3530.6667,2464.6667,787.0,586.3333,4290.3333,86.877,134.834,86.14,34.1333,4083,284.6667,211532.6667,148517.3327,1246949.486,68.593,69.9637,67.712,82.705,72.94,92.962,155.569,58.509,70.305,57.992,96.774,137.771,379.968,119.735,65.933,111.834,46.822,69.787,55.9,60.813,64.917,58.101,56.082,55.125,58.339,164.0333,126.3,131.4,126.3667,126.6373596,79.32495348,16.97072467,21.36356884,17.94277425,82.777,78.325,77.933,58.083,63.7,63.171,78.229,90.369,77.969,65.439,7.24,1.8,1.33,-0.05,0.19,0.98,,283.299,723.2333,1035.5474,694.1028,1010456.391,1532.8886,651369.5388,1661825.93,5.4,51208.62,7363.784,88.47025157,43844.83,526.7622138,37806.7735,13401843.81,33953.67,276.63,110.19,,,79.7167,10.8,11.9,65.04171,7461090.8,0.5537,108.5855,,,20517.0427,1069.44,174.9667,8.71,0.0093,10.07,9402.47,998.7,2136859.06,226969.9,7103786.67,4961.77,527.02,941.4724
1996-06-01,11808.14,7560.702,437.6335,5603.1503,1744.8494,1711.813,1705.8555,412.7993,1085.6236,680.8829,0.4,2608.232,3.8,2252.3298,1690.7612,999.928,1067.562,8398.628,55.923,55.965,80.0,64.5391,78.7566,83.4664,99950.6667,13717.3333,2920.6667,13421.3333,10754.0,4678.0,638.3333,2888.3333,4618.3333,12017.3333,66.7,4.455712155,1.017029273,16.7,4.7667,4.8,3506.3333,2564.0,705.0,571.3333,4367.6667,87.613,136.855,86.946,34.3,4063,258.0,215681.0,153070.3501,1252595.906,69.052,70.2963,67.988,82.56,73.297,93.372,154.543,58.978,71.04,58.449,96.819,137.528,371.403,118.977,66.599,111.358,49.447,70.025,56.31,61.175,65.555,58.646,56.596,55.715,58.773,165.0,127.8333,132.2667,127.3,123.1534105,87.58677373,17.0563456,21.36666284,18.09007106,82.278,78.384,78.033,58.456,64.319,63.877,78.129,90.019,77.941,66.145,8.11,1.5767,1.39,0.12,0.64,1.7,,284.057,715.4,1048.0487,698.0858,1025302.929,1539.2233,668927.4744,1694230.409,-4.0,51810.28,7472.815,88.97661563,44337.46,527.9131326,38308.2594,13502015.76,34449.35,275.76,110.14,,,73.2661,10.7,11.9,64.2497,7474187.6,0.5564,108.5689,,,21924.1769,1187.3268,176.1333,8.76,0.0095,10.1,9498.11,1034.16,2176498.36,236978.78,7175674.31,4994.11,543.76,918.436
1996-09-01,11914.063,7606.475,440.7565,5633.6104,1757.2744,1789.565,1744.6005,429.373,1119.7803,679.4767,0.6,2608.223,-5.2,2260.6443,1705.1266,1008.015,1102.174,8464.222,56.596,56.586,81.323,65.2777,75.71,83.3845,100666.3333,13812.6667,2957.0,13609.3333,10811.0,4709.0,636.6667,2872.0,4600.3333,12067.0,66.8333,4.314918907,0.947019157,16.5,4.4333,4.7333,3191.0,2506.0,758.3333,580.0,4377.0,88.27,137.374,87.673,34.3667,4097,275.0,217315.3333,153718.8873,1261478.046,69.346,70.617,68.318,82.807,73.439,93.196,154.14,59.44,70.934,58.912,97.153,137.923,364.539,118.94,67.331,109.813,47.968,70.18,56.68,61.501,66.076,59.169,57.023,56.486,59.377,166.0667,128.1667,134.5,127.2333,119.011013,89.25386572,17.12522131,21.47732367,18.15899207,82.157,78.573,78.335,59.198,64.554,64.106,78.559,89.222,78.251,66.328,8.16,1.5133,1.38,0.13,0.69,1.68,,286.65,701.4667,1062.5883,702.3521,1042629.954,1541.8933,683893.7195,1726523.673,-6.1,52165.62,7579.203,89.54400426,44586.42,526.7633373,38571.4148,13594206.78,34691.21,275.74,109.92,,,78.4149,10.6,12.0,64.25469,7534408.6,0.5804,109.6826,,,21103.7708,1140.7145,177.4,8.86,0.0096,10.16,9591.5,1039.11,2218511.96,240346.4,7256532.63,5032.94,545.25,923.0477
1996-12-01,12037.775,7667.062,449.3566,5665.0502,1771.5457,1787.19,1772.435,434.6089,1148.1944,671.7527,0.4,2626.227,-1.9,2322.2455,1729.4665,1070.864,1123.911,8506.952,57.292,57.291,82.248,64.0746,78.1098,83.3399,101355.0,13921.0,2988.0,13771.3333,10880.0,4734.0,638.0,2843.0,4581.3333,12139.0,67.0,4.452841235,0.860165114,16.5667,4.3667,4.9,3211.3333,2524.0,846.3333,583.3333,4254.0,89.238,138.004,88.671,34.4,4259,264.3333,221338.0,155052.8732,1270133.523,69.819,71.019,68.607,82.729,73.81,93.61,153.473,59.926,71.592,59.392,97.72,137.359,357.757,117.896,67.907,110.285,49.82,70.368,57.03,61.894,66.909,59.7,57.53,57.095,59.997,167.1333,128.4333,136.0667,128.2667,148.5269629,99.22319168,17.1784788,21.48250298,18.1453423,81.58,78.405,78.161,59.598,64.612,64.2,78.889,88.697,78.631,66.694,7.71,1.5733,1.37,0.1,0.5,1.37,,288.755,682.8667,1087.238,713.6119,1047476.443,1567.1533,701904.41,1749380.853,-3.8,53051.98,7678.977,90.2670834,45373.0,533.3637568,39362.8888,13689087.43,35471.37,276.32,110.07,,,69.4596,10.9,12.0,64.44697,7624245.5,0.5936,109.3571,,,20800.458,1261.1681,178.5667,8.9,0.0094,10.46,10176.14,1080.18,2255373.26,239404.7,7381257.28,5118.0,543.27,942.0756
1997-03-01,12115.472,7747.88,461.5265,5715.2994,1782.2349,1823.255,1805.5479,443.1098,1174.8531,675.2028,0.6,2612.572,-5.5,2343.8511,1729.9531,1091.223,1171.915,8584.917,57.66,57.689,83.854,67.1955,76.6205,83.6826,102074.3333,14025.0,3026.0,14019.3333,10947.0,4764.0,647.0,2839.6667,4574.3333,12185.6667,67.0,4.401573396,0.825346452,16.7667,4.4333,4.6333,3189.0,2502.3333,814.3333,606.6667,4181.0,90.036,138.922,89.424,34.4,4408,251.6667,225021.3333,157283.5143,1277041.0,70.127,71.298,68.915,82.737,74.243,93.719,152.882,60.303,71.877,59.751,98.047,137.543,349.921,117.806,67.97,110.561,50.68,70.615,57.505,62.14,66.688,60.177,57.916,57.648,60.256,168.1,128.5,134.9333,128.7667,167.4103774,90.81063012,17.27490586,21.69773602,18.24269884,81.079,78.863,78.556,60.36,64.479,64.073,79.887,87.525,79.694,66.285,7.79,1.5067,1.23,0.08,0.59,1.5,0.28,289.142,675.0,1106.8372,713.3951,1052025.958,1595.748,717243.9123,1769269.87,-2.0,53359.28,7698.069,89.66969243,45661.21,531.877169,39537.5186,13821763.58,35618.1,277.51,110.47,,,79.226,11.0,12.3,64.34428,7673064.6,0.6221,108.3593,5.35,0.06,18289.2433,1326.0751,179.8333,9.0,0.0092,10.83,10487.59,1072.07,2304824.7,235604.7,7527799.25,5215.06,533.1,978.2592
1997-06-01,12317.221,7782.76,460.0728,5758.3981,1783.0807,1935.157,1839.9753,457.8137,1199.243,684.6348,1.0,2646.418,9.2,2385.0227,1742.7235,1134.842,1211.249,8658.721,58.797,58.858,84.98,65.9372,77.3743,83.5696,102933.3333,14140.3333,3071.3333,14306.3333,11009.3333,4805.0,653.3333,2814.6667,4577.0,12229.6667,67.1,4.186411021,0.791491274,16.2333,4.1667,4.4333,3050.3333,2380.3333,795.3333,570.0,4142.0,90.44,138.989,89.857,34.4667,4361,321.0,224533.6667,156980.6056,1307149.0,70.303,71.67,69.258,82.757,74.28,93.213,151.408,60.728,71.658,60.184,97.475,137.914,339.501,117.347,68.079,111.886,47.407,71.016,57.777,62.525,67.273,60.683,58.284,58.412,60.779,169.1667,127.2,134.6333,126.9667,115.2904808,78.18540758,17.33870772,21.72919009,18.22239971,81.593,79.392,79.093,61.142,65.434,65.079,79.38,87.164,79.249,67.42,7.93,1.49,1.23,0.22,0.8,1.65,0.54,292.145,665.4,1128.7397,709.808,1066791.62,1635.6575,717133.7471,1783925.367,0.0,55164.36,7793.025,90.00203351,47371.33,547.0938779,41214.331,13950026.51,37298.77,278.35,111.01,,,75.7985,11.2,12.2,63.10907,7647114.6,0.6435,109.1733,5.59,0.06,19576.4765,1331.6458,181.1667,8.91,0.0089,10.93,10813.6,1078.31,2374368.61,236767.17,7688706.25,5306.44,529.15,1002.8285
1997-09-01,12471.01,7915.359,480.5935,5827.1608,1811.6054,1962.053,1905.2301,482.3823,1252.0071,691.2407,0.8,2658.663,-1.7,2432.0958,1760.2837,1161.1,1255.884,8761.097,59.628,59.714,86.781,68.6887,76.3245,84.0684,103597.6667,14243.6667,3101.3333,14499.6667,11035.0,4847.0,655.6667,2775.6667,4589.0,12296.0,67.1667,4.073507607,0.787515998,16.4333,4.0,4.3,2934.0,2253.3333,847.3333,563.3333,4031.0,90.919,139.528,90.392,34.5667,4519,271.0,229441.3333,159131.0884,1327854.0,70.488,71.8373,69.464,82.807,74.571,92.95,150.393,61.077,71.613,60.505,97.192,137.305,333.318,117.344,68.337,110.716,47.901,70.761,58.191,62.758,67.493,61.086,58.627,58.777,60.971,169.9,127.2,133.8333,127.3333,125.1844187,75.68122764,17.47928812,21.84561851,18.30060612,81.959,79.837,79.651,62.196,65.966,65.678,79.56,86.449,79.397,67.844,7.47,1.5133,1.23,0.09,0.49,1.2,0.46,294.942,664.9333,1145.4544,711.0117,1072130.49,1668.3991,730380.6591,1802511.149,8.3,56648.86,7943.642,90.66948872,48705.22,555.9259985,42521.9747,14126883.08,38580.72,281.48,112.17,,,66.2881,11.2,12.4,62.48709,7679528.4,0.6806,108.2289,5.51,-0.03,19192.5897,1594.9972,182.6667,8.93,0.0088,11.17,11181.79,1096.05,2430448.83,238234.88,7835613.04,5397.01,529.02,1020.1902
1997-12-01,12577.495,8009.964,492.9029,5891.1306,1824.298,1990.86,1919.3221,481.2667,1260.0124,698.4881,0.9,2672.005,-0.6,2457.2648,1776.1322,1159.431,1282.987,8890.468,60.199,60.257,88.773,72.3783,79.3057,84.5931,104478.0,14330.6667,3133.6667,14712.0,11074.3333,4882.6667,657.6667,2792.0,4583.0,12380.0,67.1667,3.963961274,0.719691587,14.6333,4.0,4.1333,2941.0,2212.3333,713.6667,533.6667,3927.6667,91.255,140.814,90.822,34.5667,4701,331.0,230485.6667,159639.2146,1349623.0,70.71,72.0647,69.713,82.691,74.743,92.826,149.555,61.425,71.689,60.816,97.227,137.005,327.585,116.376,68.485,110.263,48.063,70.909,58.602,62.876,68.198,61.288,59.145,59.123,61.052,170.8667,127.5,134.6667,127.7667,159.3051279,76.09051382,17.63229584,22.04036303,18.48801256,82.936,80.881,80.795,63.043,66.283,66.032,80.667,86.73,80.446,66.895,7.2,1.53,1.29,0.08,0.39,0.82,0.54,300.08,661.6,1165.016,695.6583,1082242.326,1689.808,743246.4411,1825488.767,10.0,57458.07,8052.945,90.57954269,49405.13,555.7089606,43108.1454,14349928.54,39139.13,284.24,113.77,,,83.5968,11.0,12.4,62.77032,7781626.4,0.7335,107.5156,5.63,0.12,16461.7185,1618.512,183.9667,9.04,0.0088,11.69,11850.36,1150.47,2490470.01,241781.87,8056017.29,5556.43,539.43,1030.0483
1998-03-01,12703.742,8090.987,496.9196,5959.225,1837.391,2078.205,1976.0303,506.4737,1300.8906,712.8986,1.2,2662.448,-9.6,2499.5615,1792.3168,1164.787,1331.107,9079.491,61.129,61.132,89.624,72.4144,75.1897,83.8877,105213.3333,14414.3333,3167.0,14921.3333,11119.0,4925.0,658.0,2767.3333,4578.0,12437.3333,67.1,3.943659953,0.697554778,14.4,3.8,4.2667,2882.6667,2200.6667,773.3333,535.3333,3882.3333,91.773,141.177,91.392,34.5,4854,278.6667,232118.0,157197.5409,1381000.0,70.715,72.277,69.783,82.31,74.547,92.105,148.455,61.702,71.116,61.063,96.62,137.265,320.615,116.426,68.715,109.077,44.07,71.395,58.807,63.225,68.406,61.735,59.467,59.122,61.317,171.9,125.0333,133.9667,125.4,119.5419587,56.45301182,17.75112733,22.1600934,18.5213086,83.505,82.106,81.992,63.483,66.887,66.612,81.285,86.865,81.064,65.634,7.05,1.6667,1.47,-0.01,0.26,0.53,0.41,302.593,664.3667,1191.9287,683.8648,1087943.285,1713.4828,746333.244,1834276.524,0.0,59646.74,8107.719,89.29706428,51539.02,567.6422112,45072.871,14573871.36,41081.51,287.66,116.15,,,86.0828,10.9,12.4,62.50988,7837695.0,0.7626,106.0258,5.46,-0.06,16538.4513,1691.3966,185.4667,9.2,0.0097,11.91,12213.84,1291.57,2595853.62,274503.02,8237172.52,5632.18,595.58,945.6558
1998-06-01,12821.339,8233.463,522.0553,6036.3853,1859.6779,2065.336,2043.2116,521.2224,1344.8609,737.5603,0.4,2709.053,8.0,2532.0851,1821.6492,1151.95,1361.614,9206.767,61.76,61.768,89.598,71.4197,77.6233,82.8594,105932.6667,14509.3333,3201.6667,15110.6667,11194.6667,4962.0,651.0,2758.6667,4596.6667,12501.3333,67.0,3.8081299,0.609525681,14.4,3.6,3.9667,2769.6667,2080.6667,699.3333,528.6667,3756.0,92.318,140.474,91.861,34.4333,4878,286.0,237344.0,154810.2476,1391562.0,70.843,72.4983,69.964,82.122,74.571,91.739,147.348,62.014,70.976,61.341,96.049,137.931,313.906,115.557,68.886,108.559,42.132,71.952,59.218,63.628,68.299,62.105,59.846,58.577,61.909,172.8667,124.9333,134.0,125.3,120.690387,50.57475642,17.87627773,22.24420466,18.51536122,84.894,82.915,82.756,63.783,67.232,66.908,81.908,88.142,81.67,64.995,7.09,1.6567,1.5,0.13,0.43,0.62,0.52,305.044,662.8333,1210.0339,684.5221,1110458.927,1738.2555,773485.8362,1883944.763,4.0,60650.08,8276.234,89.89294317,52373.84,568.8624986,45730.7884,14919290.19,41709.08,289.35,118.47,,,75.1139,10.6,12.4,61.85196,7831310.1,0.8044,106.7095,5.49,-0.01,15558.4969,1827.5005,187.0333,9.51,0.0099,12.22,12437.04,1293.22,2700669.16,280819.01,8465399.42,5755.61,598.48,961.7117
1998-09-01,12982.752,8340.831,536.885,6108.3724,1873.1161,2118.989,2082.3753,529.1562,1366.1191,759.1172,0.6,2729.468,-1.5,2574.8516,1847.2797,1146.707,1379.986,9298.291,62.688,62.691,90.003,71.1265,79.3269,82.1056,106542.3333,14618.0,3232.6667,15269.3333,11277.3333,4994.6667,640.6667,2773.0,4631.6667,12553.3333,67.0667,3.914228385,0.617903574,14.7667,3.8,3.9667,2822.3333,2143.6667,754.0,487.6667,3593.6667,92.4,138.86,91.989,34.4333,4826,314.0,237446.6667,153396.2835,1404390.0,71.062,72.7557,70.235,82.042,74.754,91.713,146.222,62.324,71.262,61.638,96.457,137.425,304.759,114.393,69.149,109.263,41.954,72.329,59.578,63.905,68.779,62.465,60.192,58.583,62.23,173.9,124.3,134.4,124.6333,110.3764875,46.87099194,17.95045595,22.36710463,18.47271892,86.065,83.887,83.699,64.816,68.147,67.848,82.047,88.314,81.871,65.209,6.87,1.9233,1.66,0.05,0.27,0.38,0.62,309.303,659.2333,1243.2212,673.898,1132137.634,1746.8963,775923.1914,1908060.826,9.8,59689.0,8407.127,90.41582545,51281.88,551.5193602,44488.6717,15200331.24,40436.86,292.36,121.15,,,104.5155,10.3,12.2,60.58693,7776579.6,0.7729,107.6668,5.44,-0.09,15287.0014,1798.8503,188.6,9.9,0.0102,12.31,12185.49,1254.38,2799991.97,288232.37,8630526.79,5821.56,599.27,971.4356
1998-12-01,13191.67,8461.33,568.5704,6142.3721,1898.648,2183.382,2140.1252,552.6568,1405.9671,776.9657,0.6,2745.584,2.5,2605.7665,1857.8114,1189.349,1424.651,9367.951,63.946,63.941,91.551,79.0969,76.2637,82.0549,107214.0,14725.0,3272.3333,15478.6667,11337.0,5021.0,629.0,2784.3333,4640.6667,12616.3333,67.1667,3.822889178,0.610673301,14.6333,3.5667,4.0,2810.6667,2104.6667,708.0,523.0,3397.3333,93.471,139.622,93.121,34.4667,4816,323.6667,244456.6667,155346.8426,1417959.0,71.249,72.9877,70.424,82.087,74.764,91.549,145.134,62.645,71.375,61.965,96.577,136.687,297.065,113.925,69.548,108.458,41.04,72.965,59.943,64.262,68.771,62.949,60.741,58.474,62.75,174.8667,123.4667,134.8,123.7667,111.4781952,42.93409707,18.04869313,22.50606497,18.55564585,86.213,84.008,83.894,65.571,68.67,68.407,81.907,87.812,81.705,65.338,6.77,2.58,2.1,0.04,0.14,0.42,0.84,316.263,665.3,1284.4557,678.9015,1146275.872,1778.9227,787759.387,1934035.254,5.8,62536.74,8582.274,91.61313456,53954.46,575.9473389,47047.529,15489209.04,42952.43,294.87,122.95,,,98.0779,10.4,12.3,60.40696,7879713.4,0.7852,108.0639,5.09,0.23,14079.2795,1857.5378,190.1,10.2,0.0104,12.52,13164.87,1345.8,2903291.69,296794.71,8766255.15,5853.3,598.37,978.2155
1999-03-01,13315.597,8548.235,569.7486,6198.1471,1933.7946,2243.548,2177.5973,568.9262,1437.1162,780.0167,0.9,2765.048,-0.6,2634.0041,1880.0182,1185.37,1464.906,9468.137,64.738,64.713,92.687,79.5003,78.8024,81.9072,107885.0,14822.0,3323.0,15693.6667,11417.6667,5049.0,611.6667,2768.3333,4669.0,12694.6667,67.1333,3.753480289,0.534907532,14.4333,3.4333,3.8667,2687.0,2030.6667,746.3333,497.6667,3474.6667,93.182,138.168,92.992,34.4,5148,341.6667,249018.3333,159232.0273,1442877.0,71.39,73.1707,70.615,82.179,74.822,91.457,143.914,62.876,71.618,62.197,96.337,136.466,290.722,112.313,69.835,107.087,39.839,74.461,60.267,64.651,68.888,63.469,61.008,57.987,63.128,175.6333,122.6,135.4333,122.9667,97.30678595,40.86285815,18.18123897,22.55912853,18.63679473,87.699,85.188,85.252,67.083,69.616,69.448,82.281,87.627,82.02,65.025,6.88,2.42,1.89,0.01,0.26,0.58,0.42,320.781,666.0,1284.1655,677.4844,1169704.866,1806.6278,799859.8581,1969564.715,13.5,62957.56,8681.308,91.68971856,54276.25,573.2516494,47274.9095,15682650.23,43147.89,297.22,124.95,,1.1227,82.3431,10.2,12.5,60.04894,7916535.9,0.8644,109.2136,4.82,0.09,14523.7342,2370.118,191.2333,10.54,0.0099,12.45,13114.59,1230.57,2991976.96,280743.14,8789148.91,5787.25,543.03,1065.7347
1999-06-01,13426.748,8679.143,596.9392,6263.8594,1952.0584,2244.682,2229.3903,589.1172,1475.2716,792.2273,0.4,2775.035,-0.6,2657.6592,1892.1069,1200.094,1506.978,9474.54,65.331,65.314,93.591,81.0191,80.0849,81.7259,108585.0,14906.0,3384.3333,15902.0,11507.6667,5073.0,596.6667,2774.3333,4688.3333,12783.3333,67.1,3.719070689,0.533749707,13.8,3.5,3.8,2662.6667,2010.3333,806.6667,440.6667,3415.6667,93.728,137.652,93.504,34.3667,4986,273.6667,254220.3333,159940.5289,1450446.0,71.796,73.4247,70.934,82.222,74.918,92.114,143.198,63.181,72.655,62.479,96.327,135.864,285.589,112.778,70.024,107.739,44.537,74.775,60.58,64.947,69.418,64.057,61.41,57.919,63.34,176.4667,124.5,134.4667,125.4333,115.4868771,62.82860226,18.28175322,22.76703473,18.79474043,87.836,84.92,84.96,67.991,69.87,69.684,82.319,87.225,82.061,65.493,7.2,2.2,1.66,0.13,0.43,1.09,0.44,325.326,663.8,1289.0652,675.0935,1196873.422,1825.5537,802962.302,1999835.724,14.5,64509.13,8863.737,93.55321891,55645.39,587.3149715,48490.634,16018495.06,44313.54,300.14,127.77,,1.0569,69.2109,10.2,12.8,59.19227,7853891.6,0.843,111.285,4.89,0.14,16792.0484,2523.9462,192.3667,10.75,0.0099,12.57,13459.13,1236.88,3090264.02,283992.89,8995816.76,5895.52,541.79,1088.1484
1999-09-01,13604.771,8776.715,611.1991,6332.2953,1961.0145,2306.47,2281.3061,609.0223,1517.5095,798.2363,0.4,2808.44,6.4,2689.1485,1911.1289,1236.298,1561.455,9541.544,66.353,66.326,94.08,82.3151,81.6724,81.5718,109215.6667,14965.3333,3451.3333,16096.0,11570.0,5098.6667,593.0,2768.0,4717.3333,12887.3333,67.0333,3.735087949,0.513035879,13.8333,3.5333,3.7667,2622.3333,1990.6667,784.3333,477.0,3305.0,94.302,138.211,94.105,34.3667,4925,328.3333,259667.6667,161977.52,1464983.0,72.191,73.695,71.207,82.109,75.109,92.571,142.538,63.548,73.435,62.818,97.029,135.33,278.869,111.951,70.286,107.308,48.056,75.248,60.973,65.303,69.609,64.555,61.833,58.077,63.635,177.4,126.8667,135.1333,128.1333,140.6993754,79.77932963,18.38654765,22.87805771,18.92482384,88.066,84.999,85.035,68.07,70.51,70.334,82.268,88.034,82.028,66.097,7.8,2.2167,1.92,0.13,0.51,1.23,0.6,330.34,656.8667,1312.7356,669.9304,1219096.299,1860.3506,819325.0467,2038421.346,7.5,64477.24,9050.237,94.85086257,55427.0,580.9018388,48039.0406,16438200.69,43810.57,303.29,130.75,,1.0491,73.0608,10.4,13.2,58.39258,7835147.0,0.8312,112.1896,5.25,0.15,17730.51,2729.1766,193.5,11.21,0.0105,12.94,13611.38,1276.4,3190954.48,299231.04,9314148.77,6113.03,573.25,1066.3849
1999-12-01,13827.98,8905.093,618.4789,6415.7739,2000.9852,2367.988,2293.1299,605.048,1524.2439,804.1241,0.9,2852.137,8.4,2743.404,1935.8799,1262.725,1601.395,9665.147,67.614,67.582,95.69,84.2568,79.2585,82.1437,109978.3333,15052.3333,3514.6667,16343.3333,11678.6667,5127.0,592.3333,2768.0,4757.3333,12972.3333,67.0667,3.586214839,0.496715668,13.7,3.3667,3.5667,2495.3333,1989.6667,799.6667,467.6667,3220.3333,94.799,137.206,94.503,34.4,5054,293.6667,265548.6667,164528.2407,1492761.0,72.629,74.0417,71.581,82.364,75.437,92.889,141.691,64.03,74.098,63.271,97.18,134.505,273.46,111.67,70.678,107.46,50.693,75.461,61.407,65.716,70.045,65.181,62.204,58.602,64.097,178.4,127.9333,135.5333,129.4,142.0904822,89.40415974,18.45806023,22.97803531,18.93526415,89.206,86.061,85.959,69.742,71.547,71.29,82.66,87.687,82.461,66.377,7.83,2.1,1.69,0.16,0.56,1.1,0.86,348.289,660.2333,1341.2254,672.3544,1235688.08,1932.7763,823382.594,2059070.674,7.8,67860.21,9240.959,95.61116024,58619.25,606.5013516,51141.8209,16718384.16,46872.36,304.96,133.59,,1.0381,76.195,10.4,13.5,58.34336,7952871.4,0.8843,111.9476,5.9,0.6,18179.8887,3269.3697,194.6333,11.26,0.0105,13.14,14719.75,1374.22,3294205.76,307543.89,9453998.7,6149.15,574.08,1071.1335
2000-03-01,13878.147,9039.743,652.9546,6513.3221,1983.4791,2351.223,2358.7639,632.3517,1580.1201,808.1762,0.2,2831.903,-12.6,2833.5008,1949.9359,1280.897,1661.851,9833.872,67.653,67.733,96.392,85.1669,78.7138,82.1072,110611.0,15118.3333,3571.0,16537.3333,11740.0,5153.3333,593.3333,2816.0,4768.0,13050.3333,67.3,3.582488838,0.467292268,13.2667,3.3333,3.6667,2567.6667,2006.3333,785.3333,414.3333,3202.0,95.204,137.382,94.934,34.4,5420,347.6667,271752.0,166598.1459,1497099.0,73.219,74.4297,72.058,82.857,75.869,93.612,141.032,64.562,75.232,63.807,96.803,135.003,269.158,111.768,71.075,106.771,56.782,75.805,62.005,66.247,70.585,65.888,62.697,59.166,64.408,179.5667,129.6333,136.1,131.3667,138.1562318,108.6374197,18.53646784,23.10450105,19.00227932,91.725,88.204,88.065,70.163,71.263,71.145,85.716,90.528,85.71,63.297,8.26,1.85,1.78,0.17,0.67,0.96,0.39,344.336,654.2,1364.8079,687.6994,1251492.526,2012.3468,830618.7029,2082111.229,3.8,69094.34,9335.969,94.93686075,59758.37,607.678938,51986.3684,17107969.9,47656.9,309.18,136.95,136.62,0.9869,81.4504,10.5,14.1,57.72134,7885100.9,0.94,110.7806,5.91,0.24,19507.6236,4427.8735,196.4667,11.46,0.0112,12.93,14611.24,1429.43,3383886.7,331048.52,9465100.37,6070.96,593.93,1022.1724
2000-06-01,14130.908,9124.152,640.8764,6589.4827,2022.8732,2490.501,2410.9171,655.6859,1629.4606,804.0665,0.9,2859.814,13.1,2836.599,1947.1987,1319.937,1714.792,9950.19,69.204,69.216,97.221,85.8312,81.1198,82.2761,111071.3333,15189.3333,3622.0,16681.6667,11843.3333,5156.6667,597.0,3053.0,4779.3333,13113.0,67.1667,3.511867382,0.436971322,12.5667,3.2,3.6333,2400.0,2005.0,766.3333,433.0,3226.0,95.426,137.535,95.203,34.3333,5155,313.3333,271954.0,167717.6916,1518663.0,73.568,74.6893,72.491,83.165,76.289,94.047,140.734,64.874,75.888,64.062,97.229,134.757,266.944,110.521,71.563,106.075,58.602,76.64,62.539,66.568,71.311,66.351,63.086,58.519,64.508,180.7,132.0333,137.6333,133.7,182.1551053,106.6558445,18.65948757,23.27866119,19.0790138,89.939,87.741,87.677,70.688,72.691,72.534,84.353,88.789,84.232,65.866,8.32,2.4167,2.14,0.25,0.5,0.46,0.72,338.558,646.1667,1405.8031,702.4269,1279437.861,2094.3263,846502.1614,2125940.018,-3.7,69141.4,9499.302,95.46855327,59642.1,599.4066301,51390.7778,17750623.25,46994.23,313.13,141.87,140.87,0.9338,89.0035,10.7,14.2,55.48491,7728819.6,0.9166,111.7679,6.44,0.16,17814.1465,3747.2186,197.8333,11.95,0.0118,13.43,14974.5,1473.59,3494221.97,343854.38,9761035.01,6256.29,615.66,1016.1924
2000-09-01,14145.312,9211.569,651.7802,6649.3978,2036.3099,2466.375,2421.4245,657.9046,1647.1818,791.5451,0.6,2847.75,-7.4,2846.3472,1954.5148,1351.623,1776.491,10081.461,69.133,69.2,96.753,82.4524,81.7053,81.4061,111453.6667,15289.3333,3639.3333,16803.0,11922.3333,5171.0,602.0,2851.6667,4793.3333,13168.0,66.9,3.550583371,0.480453303,13.4667,3.3,3.6667,2547.3333,1917.0,794.6667,449.0,3190.6667,95.331,136.991,95.183,34.2667,4930,270.0,274365.3333,165963.5798,1532081.0,74.042,75.0497,72.945,83.513,76.669,94.297,139.872,65.432,76.486,64.63,96.938,134.54,263.032,109.781,72.239,105.841,60.304,76.982,63.249,67.33,71.931,67.262,63.595,58.735,64.703,181.9,133.7667,136.9333,136.1333,221.7115127,119.9090972,18.74754692,23.38445429,19.13842395,90.948,88.635,88.658,70.627,72.631,72.589,86.012,90.685,85.94,64.727,8.03,2.4267,2.14,0.0,0.11,-0.12,0.48,337.459,636.5333,1426.8976,716.7731,1325959.464,2148.7995,872721.192,2198680.656,1.9,69898.2,9700.095,96.2171515,60198.11,597.116892,51594.7448,18303455.03,47155.43,317.31,145.35,143.73,0.9042,73.7233,10.9,14.7,54.99213,7663459.9,0.859,114.2272,6.5,-0.02,16478.6017,3933.1884,199.3333,12.36,0.0118,13.94,15456.86,1473.22,3567573.6,340032.7,10046989.0,6469.06,616.58,1049.1855
2000-12-01,14229.765,9292.05,656.3393,6707.7002,2055.9597,2471.534,2428.8193,656.6103,1653.3765,792.3332,0.5,2865.194,1.1,2858.9684,1969.9024,1338.104,1779.089,10148.995,69.594,69.629,95.773,79.1394,84.5121,80.3854,111772.3333,15411.6667,3689.3333,16890.0,11932.6667,5191.3333,604.3333,2739.3333,4809.0,13220.6667,66.9,3.485012614,0.434197652,13.0,3.3667,3.3333,2530.6667,1906.3333,771.0,437.0,3296.3333,94.942,134.94,94.835,34.1333,4914,279.6667,276249.0,166911.5145,1548326.0,74.46,75.4213,73.341,83.648,76.971,94.4,139.535,65.972,76.732,65.144,97.332,133.941,258.909,110.707,72.524,105.791,61.063,77.082,63.987,67.811,72.674,67.714,63.974,58.949,65.12,183.0,135.5333,138.1333,137.8667,287.2435417,119.6463475,18.86729234,23.52115921,19.2253389,90.644,88.514,88.569,70.975,73.384,73.338,85.652,90.577,85.544,65.806,7.64,2.6467,2.07,-0.09,-0.12,-0.45,0.44,339.368,627.4667,1433.3429,728.2546,1360315.229,2163.2547,894783.1017,2255098.331,1.8,69020.55,9835.066,96.90679551,59185.48,583.1659603,50243.8167,18776733.27,45750.34,320.57,149.21,146.67,0.8687,108.3327,10.7,14.6,54.2579,7604372.8,0.8771,116.384,6.46,-0.02,14828.5097,3026.4129,201.0333,12.85,0.0126,14.15,15718.2,1541.09,3663640.85,359201.61,10219454.08,6548.72,642.07,1019.94
2001-03-01,14183.12,9325.751,667.2073,6736.6677,2043.8474,2358.969,2414.7093,651.5294,1638.5614,795.6749,-0.3,2909.984,9.1,2858.8465,1994.2321,1321.256,1756.138,10229.862,69.181,69.209,94.074,76.6501,84.5125,78.6272,111852.0,15573.6667,3715.0,16865.3333,11991.3333,5201.0,607.6667,2753.3333,4832.0,13310.0,67.1667,3.74733699,0.483516979,13.7667,3.7,3.6333,2919.3333,1935.0,822.6667,406.0,3302.6667,94.875,132.7,94.791,34.1,5031,311.3333,278019.0,163222.3276,1533229.0,75.012,75.9117,73.843,83.682,77.408,94.394,138.909,66.74,76.935,65.88,97.632,133.362,253.269,111.427,73.204,105.952,59.492,77.579,65.116,68.481,72.502,68.233,64.462,59.602,65.829,184.3333,137.7667,140.2,140.1,382.9719955,100.6441562,18.91227706,23.55807507,19.15379741,90.527,89.64,89.73,70.892,72.983,72.948,88.07,91.428,87.939,63.685,7.01,2.83,1.96,-0.17,-0.22,0.23,0.35,339.91,626.6333,1441.04,734.7613,1383965.595,2181.7849,916540.9812,2300506.576,-5.6,68415.89,9843.805,96.22617264,58572.09,572.5599236,48831.4324,19584460.95,44302.52,326.38,153.62,150.29,0.9221,112.7869,10.5,14.3,55.14434,7697088.5,0.8272,117.0524,5.17,-0.42,13214.1525,2355.5252,202.8667,13.17,0.0117,14.1,15235.85,1359.26,3707707.21,330780.73,10280942.54,6566.38,585.82,1120.8958
2001-06-01,14271.694,9344.486,666.6611,6747.5754,2053.5348,2362.652,2386.4468,624.448,1604.6531,807.9689,-0.1,2960.454,5.9,2822.8412,2031.7421,1282.544,1699.93,10221.913,69.686,69.661,92.533,80.3646,82.1269,76.9291,111335.6667,15734.3333,3663.6667,16646.6667,12061.3333,5235.0,609.3333,2764.3333,4877.6667,13410.6667,66.7667,3.936167697,0.475530421,13.8333,3.9333,3.8,3185.0,1884.0,794.0,464.0,3506.6667,93.923,129.241,93.869,34.0,4467,291.3333,280901.6667,161996.4391,1530975.0,75.363,76.1987,74.335,83.914,77.77,94.547,137.923,67.167,77.458,66.297,97.485,132.511,248.475,111.183,73.677,104.423,61.826,78.138,65.674,69.034,72.236,68.876,64.957,59.555,66.316,185.4667,136.2333,141.9,137.9667,252.7142128,100.2635637,19.02042776,23.50428998,19.27414395,90.575,89.371,89.534,71.597,74.238,74.168,87.056,91.231,86.816,65.91,7.13,2.7667,1.86,-0.02,0.12,1.61,0.38,341.869,632.5667,1419.6418,740.3926,1407543.745,2221.7718,931353.5685,2338897.309,0.0,70111.02,10072.156,98.53493962,60038.87,587.3545065,50065.4418,20045581.96,45506.34,330.61,156.15,152.69,0.8736,103.1642,10.0,13.4,54.03165,7598974.3,0.7064,119.0067,4.04,-0.29,13454.7732,2079.627,205.1,13.18,0.0112,14.15,15350.0,1304.87,3766226.05,320157.62,10451424.71,6678.4,567.71,1176.3662
2001-09-01,14214.516,9377.003,674.3117,6757.4902,2063.0027,2311.409,2369.3299,608.2123,1585.6822,812.9684,-0.3,2957.571,2.4,2558.5823,2022.4564,1216.869,1661.369,10455.451,69.24,69.186,90.974,80.276,82.4435,75.2728,110770.0,15899.3333,3599.3333,16465.0,12088.0,5280.6667,608.0,2777.6667,4936.6667,13500.6667,66.7,4.267258029,0.551860155,15.0667,4.2667,4.2,3490.6667,2094.3333,842.6667,468.6667,3723.0,92.775,126.744,92.746,33.9,4181,286.3333,279000.3333,161051.5522,1520455.0,75.401,76.3953,74.56,84.149,77.903,94.07,137.012,67.408,77.138,66.531,97.202,132.007,244.148,111.054,74.29,103.379,57.468,78.839,66.116,69.487,71.79,69.195,65.435,58.351,67.215,186.7333,133.3667,141.9,134.3667,146.1260477,95.29490951,19.09821804,23.57926553,19.44293656,90.436,89.215,89.427,71.778,74.655,74.574,86.712,91.106,86.413,66.599,6.97,2.97,1.99,-0.05,0.13,1.81,0.13,353.825,655.8,1386.8809,740.9851,1438212.877,2233.7449,925823.6887,2364036.561,0.0,68839.13,10378.595,99.2649237,58460.54,559.1393361,48326.075,20513059.76,43732.06,334.88,158.39,154.8,0.8914,124.8268,9.4,12.9,54.79763,7702104.7,0.6057,122.1196,3.3,-0.2,11291.5225,1876.2134,207.3333,13.45,0.0108,14.21,15060.97,1204.93,3824977.22,306011.22,10596681.77,6764.78,541.21,1249.9467
2001-12-01,14253.574,9528.302,730.4615,6793.1296,2080.3966,2196.554,2315.2796,605.738,1540.1373,807.7485,-0.8,3006.637,4.9,2690.3049,2060.9681,1174.568,1644.162,10282.075,69.309,69.378,90.127,81.1361,80.9799,73.9587,109874.3333,16047.0,3538.0,16191.6667,11989.0,5315.6667,599.6667,2757.6667,4977.3333,13583.6667,66.7,4.810972303,0.725980855,16.3,4.9667,4.8667,4419.6667,2239.3333,879.6667,497.0,4382.3333,91.804,122.523,91.693,33.7667,3720,284.0,288452.0,159259.1145,1493667.0,75.432,76.764,74.801,84.278,77.922,93.061,136.336,67.856,76.038,67.015,97.505,131.139,240.054,110.521,74.612,102.312,49.808,79.054,66.506,69.943,71.591,69.661,65.729,59.311,67.873,187.9667,129.4,141.2333,130.3667,120.4388131,66.70362432,19.15826126,23.63516289,19.48392422,92.337,90.135,90.289,73.559,75.588,75.572,86.304,90.677,86.138,67.317,6.78,3.1533,2.01,0.02,0.34,2.86,0.13,361.598,661.0333,1346.0535,743.5271,1486198.04,2262.6104,926171.1151,2412369.155,-7.1,70660.51,10497.581,102.0959378,60162.93,585.124358,49855.754,20804752.23,45210.49,337.38,160.86,156.6,0.8948,140.3185,8.9,12.4,55.75216,7879201.1,0.4663,126.9374,2.03,-0.1,10480.9527,1826.9277,209.8667,13.34,0.0105,13.9,14375.8,1127.93,3899101.67,305923.52,10603268.65,6698.31,525.55,1274.5348
2002-03-01,14372.785,9549.516,722.3929,6823.33,2089.0543,2262.071,2295.2615,591.6675,1503.1967,834.259,0.0,3059.334,13.8,2487.5823,2080.4877,1200.226,1690.878,10528.392,70.184,70.037,91.279,84.0276,82.8813,74.1248,109373.0,16198.6667,3473.3333,16081.3333,11977.6667,5353.6667,595.0,2756.0,5004.3333,13639.0,66.6333,4.839086396,0.865294017,16.3667,5.2,4.9667,4460.3333,2349.6667,887.3333,509.6667,4167.3333,91.117,120.405,90.932,33.8333,3582,300.0,284274.6667,157249.7835,1494673.0,75.584,76.9997,74.998,84.358,78.012,92.65,135.141,68.234,75.902,67.379,97.021,130.192,235.548,110.13,75.014,101.916,47.723,79.273,67.017,70.148,71.433,70.073,66.203,59.491,68.449,189.0,128.9,142.4333,129.6667,118.6629413,72.32741522,19.20786127,23.77063941,19.61476735,91.925,90.229,90.281,75.81,77.183,76.865,85.127,87.883,84.727,69.047,6.97,2.88,1.89,0.13,0.6,3.36,0.08,368.288,669.1667,1316.8855,746.78,1512744.798,2293.4742,930547.6351,2443292.429,-5.7,71505.31,10640.109,101.0611031,60865.2,578.1053498,50217.5416,21287766.23,45535.91,341.18,163.47,158.82,0.8768,95.9595,9.0,12.6,55.6965,7946168.5,0.4351,128.954,1.8,0.06,10592.1103,1882.7952,212.0333,13.44,0.0099,14.1,14507.69,1063.26,3954840.28,289849.15,10714846.43,6754.11,495.01,1364.4478
2002-06-01,14460.848,9597.82,726.8946,6866.4417,2090.4138,2298.939,2292.7014,588.8419,1486.2432,854.9377,0.2,3082.755,8.0,2480.9509,2083.2266,1235.95,1747.541,10612.984,70.443,70.493,92.849,87.7077,86.8168,75.0518,109138.0,16339.6667,3417.6667,16085.3333,11923.0,5366.3333,583.3333,2763.6667,5039.0,13699.3333,66.6667,4.768837441,1.075314397,16.6667,5.3,5.2,4637.6667,2392.3333,905.6667,524.3333,4116.6667,91.274,119.729,91.131,33.9,3447,304.6667,287052.0,160242.7327,1505793.0,76.145,77.4233,75.295,84.124,78.139,93.301,134.462,68.755,76.996,67.899,96.851,130.078,232.187,109.663,75.062,101.7,53.574,79.911,67.509,70.62,72.12,70.782,66.503,60.157,68.969,189.9667,130.8333,139.4,132.3667,161.2429375,91.01968138,19.22328865,23.79988651,19.66673451,92.337,90.317,90.391,77.549,77.298,77.233,85.506,86.991,85.364,69.09,6.81,2.9233,1.71,0.14,0.63,3.39,0.09,372.584,663.0,1280.9807,749.5834,1532410.982,2320.9572,941317.2264,2473728.212,0.0,70568.95,10826.502,102.0118575,59742.45,562.9184665,48940.2976,21628652.61,44220.68,345.1,168.38,162.66,0.9197,89.4917,9.2,13.2,56.27087,8045792.9,0.4073,129.9227,1.8,0.05,11359.5777,1645.785,213.9333,13.6,0.0099,14.07,14273.52,1036.05,4017019.67,291577.59,10854666.68,6831.63,495.88,1377.6846
2002-09-01,14519.633,9664.988,748.72,6894.3676,2093.9011,2295.983,2289.326,594.5333,1481.411,857.4146,0.2,3098.595,4.0,2472.1722,2088.5577,1239.872,1769.759,10625.868,70.728,70.8,93.682,90.6907,86.0991,75.4436,108996.3333,16487.3333,3365.0,16021.0,11946.3333,5370.6667,576.0,2762.3333,5052.6667,13744.6667,66.6,4.641733816,1.088060981,16.7,5.2333,5.0,4581.0,2328.6667,826.0,564.3333,4258.3333,90.901,118.122,90.793,33.8667,3395,325.6667,290481.6667,161147.3697,1514870.0,76.539,77.8363,75.633,84.076,78.414,93.285,133.791,69.313,77.211,68.502,97.132,129.296,228.69,108.692,74.999,101.142,55.034,80.174,67.929,71.328,71.905,71.246,66.894,61.012,70.059,190.9667,131.6667,139.1,133.0333,149.1959767,93.60835549,19.28831539,23.88772969,19.70372579,92.567,90.308,90.42,79.309,77.9,77.887,85.267,85.726,85.147,69.811,6.29,3.3667,2.03,-0.01,0.17,2.62,0.09,376.779,661.8333,1248.3062,757.0122,1549097.614,2399.8915,950743.7789,2499841.393,5.6,69077.77,11055.256,104.040968,58022.51,546.0496283,47053.0256,22024744.33,42292.14,350.08,174.58,167.32,0.9841,116.7877,9.2,13.3,56.7026,8137336.5,0.4083,131.3948,1.74,0.0,9849.2931,1309.9561,215.6,13.71,0.0098,14.17,14129.02,1008.89,4067259.67,290424.63,11009338.89,6936.0,495.27,1400.4527
2002-12-01,14537.58,9718.745,741.9846,6938.4745,2118.9874,2293.746,2279.7068,583.2592,1461.4764,872.7672,0.3,3121.374,7.0,2471.4393,2092.6245,1221.597,1801.535,10690.885,70.743,70.849,93.558,90.3327,88.4014,75.4359,108990.0,16576.3333,3321.6667,15983.6667,12097.0,5398.6667,576.3333,2780.3333,5020.6667,13775.0,66.4333,4.627046098,1.22185289,16.3667,5.4667,5.0667,4738.6667,2399.3333,850.6667,535.0,4321.3333,91.053,116.782,90.95,33.8,3387,300.3333,291669.0,163466.1751,1526009.0,76.896,78.113,76.073,84.564,78.732,93.25,132.901,69.828,77.483,69.058,96.779,128.523,225.639,108.283,75.176,100.383,57.597,79.973,68.474,71.963,72.208,71.814,67.283,61.824,70.46,191.8333,133.0667,139.3333,134.6333,201.9148662,92.68788062,19.40349298,23.9822798,19.8387601,92.954,89.97,90.094,80.113,77.783,77.811,85.535,85.714,85.449,70.116,6.08,3.5933,2.07,0.02,0.2,2.67,0.13,380.087,667.3667,1229.267,777.6142,1555712.109,2532.1737,959631.8747,2515343.984,5.6,70338.25,11333.577,106.0115884,59004.67,551.9156874,47845.9847,22492263.77,43051.32,353.8,180.48,171.69,1.0006,119.1307,9.1,13.6,57.91028,8330351.4,0.3993,131.248,1.47,0.02,8730.6508,1341.8311,217.2,13.65,0.0094,14.47,14030.9,964.59,4116855.92,283023.15,10848124.02,6725.96,462.39,1454.6004
2003-03-01,14614.141,9766.616,742.8239,6970.0264,2136.1306,2312.465,2300.4115,585.444,1468.7136,888.7503,0.2,3124.051,4.7,2470.9291,2081.7511,1217.842,1793.694,10693.57,71.074,71.177,93.974,91.3639,88.1694,75.9953,108796.3333,16689.0,3240.0,15988.3333,12137.3333,5401.0,573.3333,2789.6667,5029.3333,13801.0,66.3667,4.634993696,1.237719875,17.4,5.5,5.0333,4752.3333,2405.3333,809.0,604.3333,4701.0,90.6,115.121,90.481,33.6667,3256,288.6667,294246.6667,167708.094,1535454.0,77.484,78.354,76.482,84.868,79.063,93.771,131.193,70.442,78.778,69.718,95.29,127.701,221.909,107.384,75.584,99.313,66.597,79.9,69.181,72.581,72.605,72.52,67.519,62.652,71.309,192.4667,138.0333,142.5333,139.8667,314.7653561,117.5806039,19.47145695,24.01492633,19.93090405,92.808,89.598,89.7,81.631,78.551,78.561,85.214,84.851,85.127,71.308,5.83,3.2,1.91,0.01,0.14,2.76,0.09,382.767,673.4667,1204.1922,775.0959,1575803.044,2633.3405,966996.8661,2542799.91,5.3,70687.98,11540.377,107.9188429,59147.61,553.1137472,47713.1136,22974867.91,42899.26,357.0,185.07,175.4,1.0735,143.0683,9.0,13.7,57.81906,8338206.6,0.3798,132.6683,1.24,-0.01,8421.895,1351.6607,218.6,13.64,0.0099,14.74,14282.82,1036.07,4123171.39,299092.88,10975089.49,6846.6,496.65,1378.5589
2003-06-01,14743.567,9878.442,776.6433,7011.0014,2153.2458,2327.492,2355.661,608.5331,1509.3387,902.8485,-0.1,3152.71,14.6,2492.2002,2070.4028,1219.986,1819.841,10815.095,71.782,71.931,93.403,89.8933,85.0493,75.5162,108595.0,16811.0,3194.6667,15992.0,12099.3333,5397.3333,569.3333,2761.6667,5007.6667,13820.0,66.4333,4.797072519,1.353447604,18.2,5.8333,5.1667,4964.0,2588.0,823.3333,642.0,4653.3333,90.175,113.128,90.198,33.6333,3262,298.6667,297212.0,164208.55,1530596.0,77.562,78.651,76.746,84.801,79.244,92.478,129.766,71.082,77.561,70.447,94.672,126.324,217.33,106.887,76.074,98.281,57.832,79.945,69.721,73.421,73.151,72.901,67.842,64.167,71.999,192.8,137.1667,144.5667,138.4,275.6767212,98.49228376,19.48267227,24.08528706,19.93614788,94.791,91.306,91.543,82.564,79.583,79.768,85.522,85.557,85.499,71.224,5.51,2.8533,1.89,0.01,0.11,2.58,0.11,389.349,691.8667,1176.7775,775.4736,1604804.578,2708.0661,969799.1525,2574603.73,3.7,73346.25,11993.663,110.8974368,61352.58,567.2865835,49941.173,23405073.04,45093.37,360.0,188.37,178.14,1.1364,111.3582,8.9,13.5,58.96101,8599728.0,0.3615,134.1518,1.15,-0.1,8312.4879,1521.9216,219.2,13.35,0.0092,14.68,14545.79,1005.22,4134704.2,285737.64,11152753.52,7012.69,484.63,1447.0282
2003-09-01,14988.782,10018.122,811.0109,7057.4405,2193.0057,2411.638,2432.0446,628.393,1541.3379,954.5601,0.0,3159.86,-0.1,2384.1239,2078.2582,1253.316,1848.341,10999.396,73.471,73.493,93.956,93.7414,86.2191,76.0819,108632.3333,16858.6667,3167.0,16072.0,12176.0,5400.3333,570.3333,2753.3333,4978.6667,13832.3333,66.1333,4.743776671,1.360987224,17.4667,5.8,5.2,4969.3333,2476.0,804.3333,669.0,4649.6667,90.389,111.365,90.313,33.6333,3087,327.0,305496.3333,169116.5365,1529631.0,78.073,79.011,77.185,84.831,79.629,92.917,128.454,71.622,78.635,71.015,93.982,124.983,213.326,106.805,76.692,98.787,62.51,80.255,70.082,74.089,73.822,73.423,68.321,65.101,72.532,193.5667,138.0667,146.2,139.1,260.3944196,101.7622106,19.50784269,24.03883029,19.98454258,95.908,92.017,92.12,84.368,81.351,81.308,85.039,85.325,84.898,72.56,6.01,2.5733,1.78,0.07,0.29,3.3,0.12,390.314,701.4667,1151.9891,782.4775,1624039.365,2798.0438,968960.2006,2592999.561,14.5,74486.59,12263.247,111.4901845,62223.34,565.6977758,50685.6817,23800903.67,45797.89,363.89,193.11,181.8,1.1262,97.843,9.0,13.5,58.64541,8688432.6,0.3453,134.5376,1.05,0.03,10054.8137,1765.1989,220.2333,13.22,0.0092,14.47,14417.91,1003.09,4134488.69,287647.98,11263970.41,7124.14,495.65,1437.3432
2003-12-01,15162.76,10087.092,822.654,7097.8988,2205.5549,2493.928,2476.085,639.3958,1560.7205,982.9726,0.3,3178.923,7.6,2501.2508,2075.1538,1309.666,1907.048,11029.28,74.516,74.473,94.831,94.5479,86.3792,76.8539,108957.0,16978.6667,3151.6667,16164.6667,12287.6667,5403.0,575.0,2736.6667,4985.3333,13824.3333,66.0333,4.479343573,1.338630047,16.3667,5.4667,5.0667,4669.3333,2415.0,837.0,640.6667,4808.3333,90.865,112.334,90.75,33.7,3348,346.3333,306914.3333,169327.3693,1537858.0,78.457,79.365,77.633,85.39,79.996,92.847,127.28,72.198,78.975,71.597,92.894,124.495,211.236,105.722,77.585,98.725,63.083,80.102,70.474,74.759,74.193,73.785,68.864,66.008,73.257,194.0667,139.2333,150.4667,139.1667,237.6696519,103.067378,19.46701392,23.96103463,20.01299301,97.367,92.944,92.979,84.418,82.111,81.96,85.485,86.912,85.295,72.664,5.92,2.3767,1.63,0.09,0.38,3.37,0.15,395.171,702.7667,1113.8227,809.6532,1642389.423,2780.729,965497.1966,2607886.619,14.3,76896.62,12535.208,113.6539123,64361.42,583.5504902,52621.449,24275175.46,47689.83,372.51,200.6,187.56,1.1907,88.233,9.3,13.7,59.44466,8919489.7,0.3922,134.7428,1.07,0.07,10421.1105,1934.0777,221.7,13.0,0.0092,14.6,15413.6,1093.75,4140825.79,293833.87,11342963.4,7196.86,510.69,1409.2405
2004-03-01,15248.68,10181.141,836.8554,7156.6644,2222.4228,2498.14,2469.1096,631.1394,1545.2952,994.4336,0.4,3193.302,4.4,2496.5354,2076.5485,1339.286,1960.461,11079.226,74.624,74.812,95.219,95.184,88.8691,77.436,109346.3333,17072.3333,3138.6667,16241.6667,12381.0,5409.3333,578.3333,2731.3333,4968.3333,13859.0,66.0333,4.376405434,1.305327287,16.7667,5.1667,5.1,4407.0,2466.3333,834.3333,657.6667,4665.3333,91.165,112.921,91.152,33.7333,3494,330.6667,312519.6667,171225.0891,1549834.0,79.062,79.8017,78.191,86.187,80.705,93.606,127.17,72.737,80.048,72.18,93.033,124.749,209.226,106.165,77.924,98.284,68.88,80.587,70.957,75.64,74.216,74.369,69.391,66.348,74.027,195.0,142.2,149.3,142.7667,284.729936,115.8668517,19.46492424,24.00533538,20.02463939,94.288,91.96,92.166,84.324,81.868,82.062,85.359,84.982,85.37,74.263,5.6,2.2533,1.58,0.07,0.31,3.1,0.12,394.306,706.3333,1094.8516,840.8279,1659180.246,2827.4245,969536.6375,2628716.883,11.3,79840.49,12712.031,114.7375383,67128.46,605.8948255,54724.0799,25116408.32,49738.43,376.3,208.81,193.84,1.2513,97.6044,9.5,14.3,59.8071,9019589.7,0.4189,135.5086,1.03,0.03,11018.2592,2038.8215,222.8333,13.05,0.0089,15.03,15906.11,1082.69,4221490.61,287345.66,11574593.89,7347.89,500.15,1469.1333
2004-06-01,15366.85,10236.694,838.9319,7203.5717,2231.3326,2597.507,2536.44,658.0376,1583.941,1025.9823,0.6,3201.827,2.4,2541.6847,2078.022,1367.358,2037.69,11192.715,75.483,75.502,95.777,91.6861,87.4244,77.9207,110024.6667,17181.0,3133.6667,16435.3333,12470.3333,5419.3333,589.3333,2737.6667,4974.0,13898.0,66.0,4.353873177,1.234985691,16.9,5.1333,4.9,4210.3333,2453.6667,864.0,673.0,4533.0,91.295,112.389,91.25,33.7,3519,289.3333,315811.3333,173967.2888,1565698.0,79.594,80.2577,78.825,87.093,81.273,94.133,127.063,73.271,80.804,72.708,93.392,124.468,207.347,106.668,78.773,98.768,70.645,80.955,71.549,76.242,73.888,74.844,70.12,67.001,74.372,196.2333,146.2667,154.4333,146.2,303.4908662,126.3014516,19.47475429,23.92714314,20.03546717,95.813,92.999,93.171,85.219,82.721,82.701,86.28,86.105,86.1,74.207,6.13,2.0633,1.53,0.26,0.7,3.52,0.13,396.26,710.1333,1078.476,843.2707,1673011.315,2964.2264,969116.9365,2642128.251,17.0,80904.88,13031.559,116.4289404,67873.32,606.4062186,55060.5074,25844371.9,50024.81,383.3,218.82,201.6,1.2045,90.5942,9.7,14.8,60.05487,9139300.7,0.4281,135.1557,1.2,0.19,11532.1675,1985.0021,224.4333,13.11,0.0092,15.47,16420.7,1149.42,4296533.9,300750.6,12027211.99,7725.66,540.78,1428.6036
2004-09-01,15512.619,10356.936,860.5193,7279.4233,2247.2763,2638.672,2590.331,680.865,1629.2056,1033.3031,0.5,3207.809,4.5,2600.5232,2070.2617,1371.93,2065.934,11264.886,76.264,76.338,96.56,89.6143,86.2118,78.3778,110339.0,17259.3333,3109.3333,16527.0,12510.0,5409.6667,595.3333,2729.0,4984.0,13909.3333,65.9667,4.298857351,1.134708427,17.0333,5.0,4.7,4081.3333,2351.0,862.0,700.3333,4470.0,91.826,112.194,91.761,33.7,3725,282.6667,320698.3333,174865.3962,1579023.0,79.985,80.545,79.323,87.836,81.637,94.205,126.092,73.797,81.267,73.287,93.116,123.756,203.943,105.979,79.126,98.425,73.163,81.02,72.182,76.72,74.442,75.307,70.79,67.553,75.01,197.0667,147.7,152.0667,148.8667,298.0356501,141.9866945,19.53356999,23.86244169,20.12119069,97.613,94.133,94.273,86.065,83.111,83.133,87.403,87.416,87.296,73.886,5.89,2.1467,1.59,0.26,0.59,2.82,0.17,400.756,714.2333,1095.6581,848.273,1685983.847,3027.6329,979463.6443,2665447.499,9.1,82547.18,13333.091,118.3597492,69214.09,614.4233198,55759.3693,26787808.06,50695.8,396.49,227.86,208.62,1.2227,91.1607,9.6,14.9,59.96643,9225546.0,0.4647,134.8013,1.66,0.22,11151.0224,1872.0953,225.7333,13.26,0.0094,16.0,16933.27,1199.45,4382101.25,310402.43,12509805.6,8122.76,575.37,1411.7483
2004-12-01,15670.88,10474.084,876.7671,7353.594,2270.0961,2693.575,2637.5297,701.7867,1662.6608,1047.5606,0.6,3205.846,-0.7,2619.5456,2070.5547,1404.51,2114.053,11396.02,77.031,77.203,97.977,90.5086,89.3464,79.4377,110841.0,17394.3333,3088.0,16654.3333,12606.0,5399.0,598.6667,2726.3333,4995.3333,13958.6667,65.9333,4.242014113,1.146827295,17.1333,4.8667,4.6667,4051.3333,2339.0,875.0,712.0,4598.0,92.12,111.654,92.289,33.7667,3830,312.0,328816.6667,182906.9011,1596652.0,80.669,80.9817,79.936,88.701,82.314,95.3,126.265,74.305,82.705,73.793,94.279,124.315,200.761,105.794,79.659,98.26,81.077,81.452,72.629,77.173,74.965,75.816,71.307,67.962,75.806,198.2667,150.5333,155.0,152.4333,336.7721733,153.8019367,19.55586986,23.80381523,20.13623516,97.061,93.466,93.848,87.75,83.467,83.807,87.252,86.184,87.251,75.72,5.73,2.0133,1.56,0.23,0.46,2.17,0.18,402.418,716.2,1108.4925,846.0146,1712019.079,3117.3771,985175.1679,2697194.247,13.0,85255.43,13701.194,120.2278874,71554.23,627.8879209,57736.4698,27518957.3,52605.92,402.81,234.08,213.82,1.297,92.8441,9.8,15.3,60.63713,9416433.8,0.4801,134.844,2.18,0.23,11016.4867,2051.7698,226.7333,13.28,0.01,16.02,17468.54,1319.85,4455084.19,336607.6,12683149.89,8223.25,621.31,1323.5246
2005-03-01,15844.727,10540.638,880.9797,7395.0831,2291.3963,2769.261,2683.8301,708.2651,1686.804,1072.2637,0.8,3221.699,4.5,2784.3451,2072.9285,1430.827,2132.265,11241.419,78.073,78.201,99.568,90.1645,90.657,80.3838,111249.0,17485.3333,3063.3333,16779.3333,12691.0,5392.3333,611.0,2729.3333,5015.6667,13994.6667,65.8667,4.173919207,1.109754275,16.9333,4.7,4.6667,3900.3333,2378.0,883.0,695.3333,4342.3333,92.411,111.482,92.529,33.7333,3938,322.6667,331767.6667,185063.7992,1624098.0,81.138,81.558,80.55,89.603,82.959,95.127,125.992,75.047,82.569,74.504,94.816,124.559,197.675,105.327,79.487,98.266,79.866,81.695,73.192,78.022,75.75,76.291,71.984,68.767,76.604,199.5,152.0667,155.6333,153.9667,311.8400135,158.7608667,19.53619568,23.66408402,20.13292198,96.841,93.591,93.897,89.313,84.377,84.623,86.877,84.895,86.847,77.859,5.76,1.67,1.46,0.26,0.53,1.76,0.19,402.293,712.0,1144.2575,849.2876,1722748.355,3201.9747,986369.5291,2709117.888,11.5,86035.77,13859.82,123.292442,72175.95,642.0537595,57809.1138,28226659.56,52638.02,409.14,242.63,221.1,1.3107,63.4755,9.9,15.3,60.91302,9584829.5,0.5027,136.5103,2.73,0.26,11594.4852,2055.0156,228.2333,13.49,0.0094,16.37,17722.26,1236.19,4577934.88,319327.96,12936305.89,8353.32,582.68,1433.6154
2005-06-01,15922.782,10657.449,904.4447,7462.1941,2309.5015,2733.225,2729.4553,725.9463,1714.0698,1092.1152,0.2,3219.797,-0.4,2800.212,2072.2737,1462.813,2160.811,11344.156,78.403,78.527,100.126,87.6955,91.4957,80.5729,111952.3333,17607.3333,3061.6667,16932.3333,12812.0,5391.0,621.6667,2730.6667,5023.3333,14012.0,66.1,4.095641418,1.010719759,17.3,4.3333,4.6333,3629.6667,2376.0,898.6667,708.0,4341.6667,93.051,110.658,93.022,33.7333,4006,313.6667,338367.6667,189351.5694,1627705.0,81.65,81.962,81.137,90.464,83.605,95.473,125.814,75.631,83.113,75.103,95.187,125.002,195.559,104.693,80.288,97.825,81.536,81.928,73.834,78.586,76.528,76.703,72.456,69.36,77.277,200.4333,154.5333,156.1333,156.7,340.3827089,170.9288159,19.57003491,23.65732828,20.1434583,97.319,93.55,93.671,90.483,84.285,84.391,87.511,84.798,87.508,78.493,5.72,1.8133,1.56,0.22,0.47,1.3,0.29,401.48,706.4667,1180.4179,845.6825,1740270.078,3298.6091,989869.8385,2730139.92,15.7,87887.33,14201.035,125.1837036,73686.29,649.5529052,58887.3576,28999971.94,53658.46,420.18,251.39,228.8,1.2598,73.2118,10.0,15.5,60.64153,9597668.1,0.5261,136.3889,3.16,0.21,11300.6303,2013.2077,229.4333,13.63,0.0092,16.52,17924.86,1214.61,4703951.92,318745.47,13349835.54,8640.88,585.52,1475.7706
2005-09-01,16047.587,10745.873,922.152,7519.1185,2318.1527,2769.106,2777.3487,752.3302,1749.7977,1104.2361,0.1,3230.377,3.1,2828.5685,2073.4237,1462.546,2172.945,11386.022,79.139,79.258,99.814,88.3185,91.5424,79.9063,112597.3333,17757.0,3064.6667,17128.0,12873.3333,5399.6667,630.3333,2730.3333,5039.3333,14085.3333,66.1333,4.024787174,0.940836207,15.9,4.3333,4.5333,3594.3333,2396.3333,836.0,621.0,4522.0,93.252,110.353,93.241,33.7333,4250,307.6667,344613.0,196395.6847,1632823.0,82.532,82.2813,81.905,91.427,84.406,97.058,124.905,76.209,85.673,75.698,94.477,124.02,193.367,105.101,80.386,97.192,99.499,82.387,74.585,79.073,77.373,77.465,72.756,70.044,77.669,201.1,158.7,154.4667,161.9667,416.9027187,204.618669,19.65209556,23.6992082,20.17470827,96.726,93.39,93.524,90.45,84.876,84.994,88.068,85.589,88.064,79.679,5.76,1.7667,1.55,0.22,0.43,0.85,0.3,399.051,699.5,1209.6795,856.4872,1759613.327,3422.9062,993501.8531,2753115.18,21.2,90069.2,14584.667,128.0927367,75484.53,662.957878,60121.7438,29947453.24,54861.15,431.25,258.28,235.11,1.219,74.8395,9.9,15.6,60.35856,9611677.9,0.5716,136.3086,3.66,0.2,12295.8614,2149.5334,230.7333,13.66,0.0095,16.86,18405.9,1285.37,4818588.73,336505.58,13790204.49,8966.82,626.2,1431.9492
2005-12-01,16136.734,10765.68,894.5512,7549.0999,2350.7228,2857.35,2790.0289,762.7299,1763.3056,1102.2858,0.6,3232.898,0.1,2891.6821,2075.6105,1507.833,2242.978,11487.984,79.656,79.804,101.092,89.8469,90.4525,80.283,113077.6667,17855.0,3054.0,17281.0,12876.3333,5396.3333,646.3333,2735.6667,5047.6667,14072.3333,66.0333,4.032464813,0.921583548,16.0,4.3,4.5,3512.3333,2383.0,871.3333,648.0,4201.0,93.772,111.736,93.858,33.8,4238,309.0,346275.6667,197434.5354,1653572.0,83.189,82.8313,82.557,92.479,85.079,97.156,124.615,77.106,85.92,76.61,95.08,123.807,190.142,105.459,80.834,96.974,98.896,82.943,75.85,79.815,78.889,78.33,73.462,70.811,78.189,202.4333,164.3,156.7667,168.2333,561.4721316,195.9087586,19.69463156,23.62635169,20.14138535,95.349,93.051,93.277,90.474,84.869,85.105,88.532,85.128,88.563,80.76,6.22,1.8467,1.73,0.28,0.46,0.66,0.39,400.445,693.2333,1236.6584,848.7165,1760587.236,3496.9757,996591.1897,2757178.422,3.8,91528.6,14849.894,129.2645808,76678.71,667.4687852,60873.423,30655178.62,55584.25,438.08,265.43,241.54,1.1891,75.4762,10.1,16.2,61.32008,9821506.4,0.5704,134.8811,4.22,0.24,14489.9087,2178.6719,232.1667,13.76,0.0093,17.16,19043.21,1293.22,4944535.08,335781.74,14066969.52,9117.61,619.17,1472.5443
2006-03-01,16353.835,10883.075,930.0658,7591.8042,2374.9727,2899.229,2842.711,796.5744,1822.4579,1092.2694,0.6,3273.905,10.8,2986.5821,2084.9498,1568.985,2289.138,11700.733,81.072,81.142,101.66,87.8232,88.4539,80.6832,113855.0,17994.6667,3053.6667,17452.3333,12986.3333,5425.0,661.6667,2731.0,5047.0,14098.0,66.1,3.872602575,0.847673821,15.5,4.1333,4.2667,3371.3333,2250.3333,842.0,654.3333,4089.6667,94.705,112.241,94.86,33.8333,4485,344.6667,355900.6667,198333.1533,1667558.0,83.621,83.311,83.135,93.317,85.583,97.075,124.091,77.759,86.01,77.26,95.304,123.801,187.015,105.152,81.225,96.632,97.501,83.468,76.548,80.303,79.678,78.858,74.186,71.353,79.065,203.7,162.7667,155.3667,166.7667,402.0497553,199.8167864,19.7812609,23.57836228,20.0454199,96.589,94.327,94.586,90.573,85.465,85.679,89.632,86.584,89.611,80.537,6.24,1.7367,1.67,0.09,0.24,0.18,0.24,404.277,692.0333,1270.8855,844.0344,1790535.117,3567.4698,1061524.754,2852059.874,11.5,93802.31,15196.167,129.8736359,78606.14,671.8052693,63149.338,30652970.2,57819.22,442.46,270.46,246.18,1.2031,72.0326,10.4,16.2,61.55642,10010829.8,0.6312,134.3378,4.63,0.18,16200.5121,2288.7963,234.1333,13.89,0.0095,17.49,19558.86,1344.25,5085028.57,349486.68,14236055.06,9145.77,628.58,1454.9992
2006-06-01,16396.151,10939.498,930.4605,7646.4632,2379.9005,2882.564,2827.5385,805.6589,1854.3406,1037.7989,0.5,3272.721,-2.7,3002.8317,2092.6354,1598.092,2311.934,11744.34,81.167,81.325,101.554,87.4157,91.1991,80.7679,114341.6667,18092.3333,3040.6667,17614.3333,13062.3333,5431.3333,681.3333,2734.3333,5068.3333,14119.6667,66.1333,3.81463356,0.84034501,14.8,4.1333,4.1667,3449.0,2156.6667,847.6667,584.6667,4109.6667,94.982,112.663,95.078,33.8333,4622,293.6667,357335.3333,199662.598,1684216.0,84.355,83.9747,83.871,93.895,86.272,97.818,123.514,78.488,87.266,78.008,95.062,123.68,184.045,105.895,81.237,97.607,104.669,83.956,77.058,80.966,80.407,79.559,74.884,72.794,79.842,205.3667,165.4,155.0667,170.0,315.2518682,224.7511748,19.85121874,23.65768903,19.96241374,94.967,93.625,93.796,90.14,85.369,85.622,89.764,86.329,89.866,82.002,6.6,1.6667,1.53,0.13,0.32,0.37,0.38,403.147,686.3333,1312.7578,854.0547,1790304.739,3644.8765,1067974.055,2858278.794,14.5,93811.89,15501.962,131.995178,78309.93,666.7886655,62842.1137,30969776.72,57491.43,443.45,269.62,245.7,1.2567,76.6974,10.6,16.4,61.22142,9981675.1,0.6571,133.5435,5.08,0.17,16143.4018,2235.7805,236.9,14.11,0.0099,17.94,19897.21,1401.1,5214773.04,367208.28,14553437.96,9334.29,657.29,1420.1131
2006-09-01,16420.738,11009.748,943.7982,7685.9247,2393.6028,2871.589,2809.4,812.1208,1886.1299,980.3949,0.6,3267.713,-3.6,3033.4742,2099.1423,1596.037,2335.034,11761.357,81.317,81.399,101.805,83.3751,93.683,80.6186,114661.6667,18190.0,3031.3333,17747.3333,13144.0,5435.6667,692.3333,2735.0,5086.0,14201.0,66.1333,3.795060592,0.847716242,16.0667,3.9667,4.1667,3276.3333,2311.3333,831.3333,632.3333,4204.3333,95.349,112.17,95.45,33.8333,4614,260.6667,359552.6667,193823.4609,1699447.0,84.962,84.427,84.486,94.435,86.789,98.387,122.964,79.11,88.273,78.649,94.915,123.657,181.075,106.428,81.774,97.289,110.365,84.248,77.883,81.664,80.787,80.23,75.424,72.944,80.623,206.7667,166.7,157.7,170.9667,311.5344667,226.2124984,19.92646452,23.84304994,19.91858799,94.224,93.004,93.193,90.759,85.193,85.369,90.289,85.866,90.292,82.428,6.56,1.6967,1.67,0.07,0.18,-0.01,0.4,398.953,674.2,1355.7164,847.7602,1790585.485,3714.2562,1070117.607,2860703.092,7.7,95060.27,15808.701,134.4122197,79251.57,673.8301642,63856.052,31204220.21,58469.13,444.7,264.79,241.88,1.2738,73.4666,10.6,16.6,61.3328,10012681.0,0.6562,133.1818,5.3,0.06,15630.6149,2140.82,239.6667,14.14,0.0099,18.24,20387.83,1426.63,5349736.72,374345.66,14879018.08,9524.64,666.48,1429.0901
2006-12-01,16561.866,11114.771,957.1383,7740.9427,2426.8882,2818.228,2789.3911,816.4051,1906.1031,934.7332,0.3,3294.635,5.9,3055.0315,2108.4012,1656.573,2332.033,11904.732,82.23,82.274,102.177,84.2403,92.6631,80.2667,114972.3333,18332.3333,3027.3333,17817.0,13243.3333,5459.0,701.0,2730.0,5098.3333,14251.3333,66.3,3.73136253,0.722249552,14.8667,3.9333,3.9333,3214.3333,2220.6667,784.0,583.0,4243.0,95.862,110.685,95.901,33.8667,4619,284.3333,360486.0,191832.8596,1706011.0,84.822,84.7907,84.806,95.13,86.905,96.696,122.179,79.643,86.235,79.21,94.481,123.695,177.537,106.954,82.152,97.204,93.77,84.287,78.508,82.147,80.713,80.567,75.992,73.762,81.243,207.8333,164.1333,159.0333,167.4333,305.2210601,185.9059387,20.03361939,24.01989156,19.98645335,96.83,94.86,94.987,92.313,85.745,85.825,91.16,86.397,91.123,81.476,6.24,1.65,1.61,0.01,0.08,-0.27,0.34,404.162,676.7333,1381.3196,860.3981,1798160.032,3936.957,1082205.53,2880365.566,1.9,96654.43,16054.496,134.8581081,80599.94,677.0411757,65424.2655,31230168.3,60006.34,447.34,262.69,240.07,1.2903,63.1182,10.9,16.2,61.82689,10233458.3,0.6805,132.641,5.24,-0.01,16476.1968,2388.646,242.0,14.23,0.0099,18.57,21110.96,1471.82,5511896.9,384280.19,15161398.08,9644.22,672.38,1434.3432
2007-03-01,16611.69,11183.323,970.0452,7785.1543,2435.0695,2800.037,2786.8646,827.7246,1940.4283,892.4705,0.2,3299.115,-2.4,3104.8812,2120.6423,1689.392,2365.98,11995.959,82.483,82.541,103.428,86.0631,95.2971,80.5114,115479.0,18457.6667,3031.3333,17959.0,13354.0,5475.0,709.6667,2731.3333,5106.3333,14287.3333,66.3,3.732502105,0.791645111,14.8667,4.1333,3.8667,3323.0,2145.6667,799.6667,612.0,4250.6667,95.837,110.486,95.854,33.8,4808,258.0,364926.6667,195625.6247,1708762.0,85.597,85.3753,85.655,95.61,87.627,97.374,121.543,80.461,87.435,80.022,94.294,123.372,174.279,108.023,83.234,97.241,98.48,84.778,79.364,83.457,81.146,81.177,76.812,74.17,81.722,209.051,166.7,163.9333,169.1667,326.0904404,179.7486913,20.09553191,24.14043453,19.97452372,97.541,96.092,96.234,93.612,86.051,86.126,92.932,86.662,92.876,80.645,6.22,1.6167,1.54,-0.05,0.03,-0.3,0.25,401.98,669.1333,1410.8687,862.5146,1801052.477,3974.609,1092991.909,2894044.386,1.8,97369.15,16163.0,134.7370405,81206.15,676.9458428,66569.5125,30799633.39,61126.66,445.93,261.04,238.85,1.3106,68.7032,11.1,16.3,62.25297,10338756.0,0.695,131.042,5.23,-0.03,17376.5976,2442.8518,243.989,14.41,0.0111,18.87,21460.65,1654.3,5634808.91,434361.2,15222511.33,9582.4,738.66,1297.2634
2007-06-01,16713.314,11212.669,980.2186,7806.8593,2429.8704,2827.01,2799.9578,839.28,1983.4971,857.1357,0.3,3329.139,6.7,3102.2912,2130.6442,1714.981,2378.558,12055.316,83.089,83.068,104.918,90.9372,94.9474,80.9348,115777.3333,18610.6667,3037.6667,18034.3333,13397.3333,5496.6667,722.0,2731.3333,5124.3333,14336.0,65.9667,3.735410464,0.759828033,16.0333,4.0,3.8667,3365.6667,2143.3333,773.3333,596.6667,4376.0,96.055,110.904,96.263,33.8333,4735,262.3333,368425.0,202089.4814,1719185.0,86.324,85.7307,86.201,95.641,88.283,98.432,120.962,81.043,89.145,80.624,94.344,123.281,171.604,107.728,84.376,96.409,109.176,84.846,79.951,83.889,81.484,81.918,77.616,74.784,82.508,210.0657,172.8333,166.4,175.4333,347.9808696,200.2732068,20.22608476,24.35528744,20.11335562,96.545,94.965,95.348,94.603,86.314,86.48,92.73,85.833,92.535,82.488,6.37,1.6467,1.52,0.06,0.2,0.11,0.5,399.408,665.7667,1452.186,867.0543,1818453.699,3977.2569,1106536.824,2924990.523,7.8,98166.27,16439.426,136.3666091,81726.85,677.9320351,67510.1982,30656076.57,62027.56,443.8,255.64,234.37,1.3484,70.16,11.3,16.4,61.57219,10272551.1,0.6897,130.9841,5.24,-0.01,17692.3021,2553.3616,245.3063,14.59,0.0108,19.4,22282.88,1656.44,5758629.63,428078.56,15434069.98,9669.87,718.83,1345.2273
2007-09-01,16809.587,11287.468,992.1493,7860.5477,2437.4809,2794.526,2784.0937,843.71,2014.6198,802.4765,0.3,3344.222,3.5,3080.5055,2134.8604,1768.587,2391.879,12075.627,83.596,83.521,105.136,88.5731,96.2779,80.7002,115827.3333,18750.6667,3032.0,18063.3333,13432.3333,5496.3333,728.0,2734.0,5122.0,14369.3333,65.9333,3.829316026,0.82770827,15.7,4.1667,4.1333,3630.3333,2089.6667,818.6667,619.3333,4502.3333,95.762,110.415,96.01,33.8,4599,276.0,371280.3333,202906.4909,1731988.0,86.812,86.1517,86.568,95.653,88.704,98.643,120.129,81.653,89.771,81.222,94.453,122.475,168.016,108.003,85.31,95.502,111.207,85.259,80.39,84.426,82.433,82.066,78.562,75.565,83.167,211.1487,173.6667,167.0,176.1333,283.3069582,237.0889499,20.31687071,24.39495929,20.12342497,95.965,94.782,95.21,95.219,87.07,87.217,92.409,85.315,92.15,83.805,6.55,1.9,1.82,0.12,0.22,0.43,0.94,398.501,661.0667,1524.1209,889.8273,1838371.596,4031.2398,1122834.109,2961205.705,0.0,98917.12,16639.564,137.7946155,82277.56,681.3522858,68563.7791,30353345.25,63060.14,436.69,246.27,226.3,1.3754,83.0575,11.6,16.6,61.84826,10376045.9,0.6451,132.187,5.25,0.17,16908.2106,2606.6667,246.817,14.83,0.011,19.64,22600.49,1674.17,5895968.61,436753.0,15578263.66,9677.06,716.84,1349.9549
2007-12-01,16915.191,11331.949,999.4558,7899.7888,2435.4365,2762.518,2757.6859,848.9569,2045.6876,735.5585,0.2,3370.95,6.9,3072.9162,2140.642,1809.181,2369.287,12090.326,84.025,83.944,105.578,86.8473,94.5655,80.921,115952.0,18882.6667,3026.3333,18117.0,13528.0,5505.3333,734.0,2744.6667,5136.0,14455.0,65.9333,3.932323563,0.866905185,16.1333,4.3,4.2333,3753.3333,2194.3333,777.3333,684.3333,4479.0,95.632,109.567,95.765,33.8,4609,303.6667,376149.0,215977.882,1743136.0,87.694,86.7473,86.982,95.558,88.947,99.857,119.625,82.394,91.671,82.036,94.585,121.679,165.857,108.513,86.205,95.98,121.154,85.889,81.102,85.338,83.54,82.959,79.163,76.477,83.939,212.635,177.4333,171.2,179.8,316.2118566,277.6859705,20.32336838,24.44253821,20.06978824,95.696,94.757,95.038,96.359,87.74,87.778,92.764,85.089,92.53,83.689,6.23,2.25,1.97,0.18,0.23,0.87,1.42,395.982,653.2,1608.4786,904.8287,1848435.083,4128.0616,1144709.173,2993144.253,-6.0,97457.71,16752.267,138.5592658,80705.44,667.5208213,67717.5384,29740171.99,62192.95,432.28,235.41,216.72,1.4492,100.1465,11.9,16.9,62.71924,10524291.3,0.6256,132.4018,4.81,0.31,16034.3707,2704.6778,248.8277,15.17,0.0112,19.62,22414.26,1647.83,6046636.76,444530.75,15530396.75,9478.67,696.84,1360.2291
2008-03-01,16843.003,11316.411,966.9869,7951.8855,2416.5047,2686.998,2715.3828,844.6245,2053.8099,676.8451,-0.1,3378.654,6.2,3020.8095,2128.7534,1838.024,2378.171,12141.632,83.187,83.194,104.86,82.2844,95.9182,80.8616,115909.0,19021.3333,3022.0,18094.0,13538.6667,5530.3333,749.0,2745.6667,5148.6667,14521.6667,66.1,4.108060446,0.875156835,16.8333,4.5,4.3333,3954.6667,2151.0,805.0,679.0,4884.0,95.336,108.637,95.434,33.7333,4376,298.6667,373271.3333,218815.3856,1741375.0,88.408,87.2067,87.359,95.653,89.109,100.885,119.289,82.975,93.228,82.614,93.957,122.054,164.28,109.682,87.344,95.778,128.561,86.516,81.742,85.825,84.566,83.695,79.983,76.301,84.873,214.0433,183.8667,175.2,185.8667,377.8003259,308.8946796,20.41887886,24.61960938,20.13986151,95.054,94.627,94.859,96.523,87.167,87.264,94.151,85.295,94.026,82.228,5.88,3.0867,2.22,0.05,0.06,1.62,1.1,390.58,649.6333,1666.9727,915.6203,1857563.744,4163.1238,1161892.615,3019456.356,-15.1,94614.46,16801.71,138.3809831,77812.75,640.8755628,66013.9071,28600555.0,60455.52,426.84,221.67,204.81,1.5002,121.6006,12.3,17.6,64.17278,10675045.2,0.5709,132.032,3.14,-0.03,13286.6117,2334.3089,250.4437,15.45,0.0116,18.89,20659.7,1544.75,6174438.05,461670.78,15088415.31,8909.63,666.18,1337.4115
2008-06-01,16943.291,11347.595,960.0197,7991.2228,2420.2315,2641.85,2693.311,834.6088,2057.975,646.0915,-0.1,3407.753,8.8,2989.3542,2130.3194,1892.001,2355.67,12391.597,83.677,83.62,102.704,75.6211,95.2931,79.8024,115379.0,19175.6667,3007.3333,17988.3333,13497.0,5532.3333,762.3333,2757.0,5166.0,14560.3333,66.0333,4.346276086,0.975064747,18.0333,4.8667,4.5,4236.3333,2381.6667,858.0,736.0,5348.6667,94.756,107.848,94.874,33.7,4020,323.0,375021.0,227672.9129,1734947.0,89.269,87.573,87.678,95.76,89.477,102.142,118.511,83.671,95.272,83.315,93.125,121.338,162.081,111.026,89.108,95.271,138.979,86.982,82.823,86.295,86.362,84.38,80.557,75.639,86.219,214.9733,196.0,178.1,199.2667,483.5478838,392.5468406,20.53140655,24.82113432,20.19644636,94.394,93.578,93.842,95.231,88.198,88.247,93.294,86.962,93.084,84.254,6.09,3.1033,2.2,0.21,0.45,2.26,1.05,387.424,647.9333,1705.0534,923.0064,1872477.384,4167.4539,1163790.257,3036267.637,-22.6,92904.72,16678.257,134.5932812,76226.46,615.1463879,65023.1909,27881527.41,59452.2,414.33,208.77,193.82,1.5623,97.0126,12.8,18.0,63.85172,10633037.2,0.4915,130.0371,2.68,0.59,13809.5963,2425.3561,251.7713,15.59,0.0113,19.17,20416.57,1477.66,6272853.36,454002.56,15031703.12,8754.55,633.62,1381.678
2008-09-01,16854.295,11260.136,927.6382,7984.1188,2384.9393,2589.254,2625.1639,808.3385,2019.5484,613.3172,-0.1,3435.1,5.3,2913.695,2140.8276,1883.563,2325.941,12152.792,82.958,82.876,99.052,70.208,91.8689,77.1346,114599.6667,19321.6667,2973.6667,17815.3333,13424.3333,5515.3333,778.0,2767.0,5196.3333,14594.0,66.0667,4.811903766,1.198428173,19.4667,5.7333,5.0333,4912.6667,2638.6667,964.6667,823.6667,5976.3333,93.753,105.241,93.829,33.6,3548,259.6667,371350.3333,221709.46,1726949.0,90.221,88.02,88.361,96.224,90.168,103.855,118.13,84.307,97.784,83.952,92.41,122.054,160.689,111.34,91.137,95.876,151.285,87.463,83.718,86.788,87.667,85.233,81.533,75.244,86.992,216.357,200.4667,181.5,204.0,436.5332742,377.7574612,20.63164869,25.00181577,20.23025955,94.492,93.117,93.325,94.119,88.414,88.399,94.048,89.436,93.822,85.058,6.31,3.3433,2.45,0.33,0.63,2.37,1.3,396.644,653.5,1725.6663,942.5881,1869499.146,4138.3131,1154421.09,3023920.24,-34.0,89784.6,16723.319,137.6088603,73061.28,601.1892608,62735.584,27049015.0,57150.14,399.22,197.51,183.91,1.5019,131.1333,12.9,18.2,67.28455,11111298.9,0.3827,132.0456,2.8,0.86,12777.1897,2290.6703,253.0613,15.67,0.0107,18.86,18846.56,1288.24,6342861.1,433560.5,14728428.05,8381.36,572.9,1462.9702
2008-12-01,16485.35,11158.801,859.4183,7997.1786,2362.2084,2338.938,2451.5205,714.1274,1901.925,553.7113,-0.4,3458.839,5.3,2817.3639,2147.3573,1772.8,2241.832,12291.354,80.406,80.443,93.376,64.1038,96.2293,73.5965,113006.0,19397.6667,2931.0,17481.6667,13302.6667,5479.3333,775.6667,2775.0,5189.0,14591.0,65.9,5.340648348,1.531575906,20.2667,6.8,5.6667,6195.6667,2714.0,949.3333,795.0,7343.3333,91.403,100.782,91.428,33.4333,3251,183.0,341463.6667,184242.1831,1704511.0,88.781,87.9507,88.511,97.963,90.06,99.216,117.287,84.178,91.74,83.869,91.271,122.053,159.065,111.107,92.188,95.111,99.634,87.983,83.804,87.306,88.497,84.962,82.236,72.348,87.535,216.8867,178.0333,180.3333,180.0,271.4376262,178.4896139,20.82609697,25.36276529,20.4053976,99.264,96.54,96.711,92.652,87.944,88.009,95.665,93.27,95.566,82.867,5.86,5.5867,2.6,0.43,0.7,2.96,1.64,662.875,715.8333,1789.1152,987.2993,1866598.723,4347.5244,1148725.447,3015324.166,-47.2,85954.16,16446.914,133.808807,69507.25,565.4970931,59576.7857,26377378.06,53988.09,395.85,187.65,174.6,1.3174,161.5849,11.6,15.9,73.24515,12051908.6,0.3069,132.8566,1.94,1.43,8721.2878,1604.3463,254.436,16.13,0.0096,18.52,16945.16,1013.24,6466389.07,386658.5,14397695.98,7928.19,474.07,1672.3773
2009-03-01,16298.262,11130.464,861.0542,7965.712,2361.3926,2073.135,2256.1658,634.3436,1758.6399,500.183,-1.0,3498.103,5.4,2510.2151,2169.1529,1631.257,2028.74,12282.014,79.136,79.23,87.481,50.3638,96.2506,69.1611,110724.0,19505.3333,2877.6667,17002.6667,13180.6667,5408.0,745.0,2792.6667,5192.0,14587.0,65.7,6.35671453,1.935296749,21.7333,8.4667,6.8,8022.6667,2924.3333,873.3333,882.0,8662.3333,88.965,95.029,88.968,33.2333,2712,150.3333,334084.0,168956.9831,1667188.0,88.181,87.9497,88.536,97.162,89.98,97.466,116.657,84.047,89.589,83.793,91.006,122.5,156.335,111.007,91.892,95.777,80.077,89.022,83.997,88.02,88.552,85.124,82.668,69.448,87.832,217.797,169.5333,175.4333,170.9667,209.2723473,118.772298,20.97030425,25.54107443,20.54581867,98.399,94.599,94.799,92.057,88.949,89.058,92.029,92.411,91.947,87.71,5.06,5.4767,2.32,0.18,0.35,2.52,0.58,772.41,742.2,1739.2897,1007.2502,1863864.708,4340.9169,1133459.773,2997324.481,-16.0,83739.48,16336.543,133.011927,67402.94,548.7938637,58108.365,25631117.68,52529.11,398.77,178.42,165.27,1.303,175.3212,10.5,13.4,77.10496,12618297.6,0.2126,136.2372,0.8,0.61,7924.6676,1483.3885,255.7387,16.06,0.0083,17.89,16029.69,829.3,6468925.32,334672.95,13935900.2,7464.3,386.17,1932.9095
2009-06-01,16269.145,11075.748,854.9058,7931.7853,2347.2729,1952.641,2174.1413,609.1363,1705.1378,469.5418,-1.4,3549.027,9.8,2515.1259,2187.881,1641.991,1946.352,12364.247,78.968,79.058,85.571,50.8017,95.2348,67.0458,108808.6667,19573.0,2811.3333,16634.0,13079.3333,5370.3333,696.6667,2865.3333,5181.6667,14576.3333,65.7,6.678133688,2.60223695,23.4333,9.7333,7.4,9303.3333,3213.0,864.0,955.6667,9015.0,86.845,90.839,86.791,33.0333,2449,99.0,335163.6667,168908.0421,1620640.0,88.532,88.294,88.418,95.639,89.498,98.547,116.352,84.105,91.16,83.875,91.495,122.698,153.802,111.189,91.06,96.466,87.32,91.276,83.944,88.551,87.98,85.078,82.787,69.075,88.119,218.9073,171.3333,175.4,172.6,156.4840599,180.8887236,20.99425293,25.61893639,20.56388296,100.668,96.581,96.71,94.201,90.986,91.033,92.329,92.876,92.254,86.166,5.03,4.67,1.72,0.15,0.35,3.14,0.23,813.8,763.1,1660.0812,974.9681,1852484.587,4371.6934,1098826.169,2951310.756,-5.9,83808.62,16249.829,131.4259492,67558.79,546.4043842,59128.8128,24679803.84,53569.57,386.81,172.79,159.96,1.362,133.8652,10.6,13.1,80.28013,13040793.2,0.1706,135.4326,0.4,0.22,9302.1915,1733.0062,256.902,15.92,0.0084,16.32,15277.27,807.94,6480729.18,342735.69,13389219.87,6905.17,365.18,1890.8825
2009-09-01,16326.281,11150.23,896.5044,7944.7484,2354.7436,1946.867,2182.1093,624.4993,1695.2134,491.4306,-1.4,3558.54,3.7,2515.4294,2184.5635,1702.68,2026.658,12214.676,79.223,79.386,87.82,63.9627,93.7571,68.1689,107957.3333,19667.6667,2771.3333,16520.3333,13059.3333,5360.0,671.3333,2825.6667,5145.3333,14532.0,65.3333,6.263156809,3.339433202,25.0667,9.9667,7.7667,9687.0,3268.0,871.0,1080.6667,8922.3333,85.744,89.702,85.717,33.1,2352,76.3333,341897.3333,174644.5917,1574146.0,89.142,88.6073,88.474,94.36,89.558,99.76,115.46,84.47,93.147,84.263,92.458,120.892,150.18,110.729,90.544,96.66,102.106,91.94,83.917,89.107,88.891,85.92,82.786,69.878,88.594,219.5597,173.8667,173.8,176.4,158.9963835,202.1869492,21.05165196,25.52476748,20.69802324,100.004,96.516,96.717,97.902,92.423,92.585,91.571,89.541,91.54,87.347,5.16,3.1433,1.64,0.09,0.29,3.36,0.13,802.638,772.0,1541.2211,957.2874,1839351.722,4295.7081,1075987.08,2915338.801,-6.0,85541.98,16189.859,132.5443146,69352.12,567.7770017,61341.8037,24200176.06,55816.17,375.39,175.01,161.69,1.4311,141.4255,11.0,14.0,82.42733,13360512.4,0.1588,135.551,0.28,0.13,10128.9763,1983.5059,257.0837,15.67,0.0083,16.09,15997.79,849.2,6453060.59,342543.04,13215187.92,6757.39,358.7,1883.8686
2009-12-01,16502.754,11137.946,875.413,7952.1138,2362.2335,2128.516,2193.1525,653.3505,1706.5606,490.4374,-0.4,3565.188,6.1,2586.1979,2169.8121,1796.464,2125.297,12232.605,80.293,80.421,89.492,67.7351,95.5995,69.4594,107463.0,19767.0,2753.6667,16583.0,12975.0,5326.0,662.6667,2838.6667,5153.3333,14521.0,64.8667,6.07557054,3.835748026,26.9333,10.2667,7.9667,9758.0,3339.3333,920.6667,1224.3333,9063.6667,85.732,90.124,85.713,33.1667,2492,72.6667,344033.6667,184448.3825,1569582.0,89.83,89.1593,88.798,94.028,89.802,100.565,115.854,85.108,94.102,84.969,95.253,119.51,147.693,111.604,90.554,96.482,108.756,92.279,83.974,89.958,89.974,85.985,83.317,71.947,89.403,220.6827,176.9,177.3667,179.4333,198.3582625,228.2450429,21.07834723,25.69931623,20.63721182,100.195,96.207,96.355,99.299,93.676,93.805,90.744,89.14,90.729,88.663,4.92,2.8667,1.46,0.1,0.29,3.4,0.15,919.52,776.1333,1444.2388,940.4417,1827704.609,4233.7212,1039828.345,2867532.954,-1.9,85135.55,16079.351,131.4466665,69056.2,564.5257232,61452.9403,23682613.08,55922.69,370.23,176.82,163.2,1.4769,125.1713,11.6,14.9,84.02935,13705164.2,0.1638,134.3527,0.2,0.08,9969.1657,2162.9147,256.7113,15.56,0.0078,15.55,15884.6,791.29,6411869.45,319407.81,12930802.21,6513.7,324.48,2007.4241
2010-03-01,16582.71,11202.495,886.1508,7991.7565,2374.7543,2174.335,2192.5474,699.5685,1718.7263,474.5963,0.0,3549.775,4.5,2658.0377,2137.7991,1836.914,2178.743,12306.043,80.721,80.788,91.169,67.7817,97.4155,71.1892,107295.6667,19856.0,2731.6667,16634.0,12934.0,5323.3333,673.6667,2885.0,5144.0,14466.0,64.8667,5.718141324,4.118701768,25.9667,10.2333,8.0,9504.0,3570.0,893.6667,1177.6667,8899.6667,86.099,90.882,86.085,33.2333,2727,81.6667,348910.6667,187767.8917,1573149.0,90.177,89.4643,89.018,93.588,90.252,100.71,115.227,85.534,94.539,85.416,96.244,118.345,145.352,110.397,90.929,96.45,110.402,92.548,83.981,90.494,90.413,85.846,83.484,73.621,89.924,220.7157,182.0667,182.2667,184.6,253.3409291,240.5765794,21.12946635,25.79052856,20.62647767,97.432,95.116,95.244,100.316,93.769,93.832,89.823,85.948,89.762,90.934,5.0,2.57,1.28,0.08,0.26,3.61,0.1,949.188,779.9667,1368.3282,936.8303,1825807.908,4167.1555,1009622.839,2835430.739,9.6,86130.56,15906.486,129.2575234,70224.07,570.6470573,62587.9695,23542589.2,57084.77,364.56,178.33,163.97,1.3839,139.876,11.9,15.4,86.51175,14164502.0,0.1804,132.9224,0.21,0.07,10511.1847,2280.5523,256.3277,15.53,0.0076,15.71,16170.31,789.05,6360647.96,310373.65,12942734.79,6576.7,320.92,2049.3518
2010-06-01,16743.162,11302.955,914.0829,8045.82,2387.757,2288.469,2272.6986,745.184,1775.3259,499.2455,0.2,3560.566,5.3,2706.7493,2129.4808,1877.331,2278.127,12510.578,81.604,81.707,93.661,69.9008,95.6925,73.0524,107655.6667,19935.0,2707.6667,16765.0,13008.3333,5325.3333,695.0,3197.6667,5136.6667,14434.0,64.9,5.317636956,4.339021902,25.9333,9.8667,8.0333,9230.3333,3486.6667,930.3333,1187.6667,8866.6667,86.814,92.125,86.744,33.3667,2981,102.6667,355023.0,186945.5035,1580551.0,90.317,89.7053,89.431,93.585,90.658,100.118,114.202,85.969,94.119,85.896,96.024,116.875,142.613,110.561,91.214,95.85,106.735,92.616,84.07,90.982,90.907,86.383,83.865,74.86,90.549,220.9927,184.2333,182.4667,186.8667,194.1885455,239.5711908,21.18044505,25.75839169,20.67880009,98.718,96.287,96.331,101.667,94.075,94.117,90.544,85.897,90.544,90.9,4.91,2.6867,1.42,0.07,0.23,3.34,0.25,924.861,788.5667,1335.5739,1279.4754,1826954.041,4123.5706,987031.2441,2813985.285,14.0,85219.43,15788.057,126.1976588,69431.37,554.9813146,61689.7487,23529678.06,56216.16,360.28,178.53,164.01,1.2734,142.9167,12.1,15.8,88.12832,14617172.8,0.2002,130.9851,0.4,0.21,10345.9013,2342.0627,256.3003,15.71,0.0075,16.37,16139.13,775.0,6320110.75,303490.06,13242576.5,6917.69,332.19,2082.477
2010-09-01,16872.266,11383.596,928.431,8101.6353,2396.6698,2390.072,2285.2325,785.3348,1823.6571,454.9948,0.7,3535.371,-1.8,2766.7428,2110.6068,1930.963,2357.757,12578.497,82.515,82.61,94.775,73.9275,98.3759,74.4518,107979.0,19997.6667,2700.3333,16874.0,13088.6667,5327.3333,715.6667,2955.0,5129.3333,14327.6667,64.6333,5.373112681,4.09926143,25.7333,9.6,7.9667,9089.3333,3382.6667,859.0,1234.3333,8848.6667,87.113,92.461,87.159,33.4667,3000,136.0,356841.3333,189455.6801,1612221.0,90.49,89.8433,89.755,93.636,90.87,100.092,113.355,86.225,94.41,86.154,96.299,115.389,140.05,110.393,91.317,95.446,108.449,92.87,84.207,91.376,90.882,86.704,84.192,74.954,91.007,221.5277,184.6333,180.7333,187.0,203.1041638,232.6273379,21.2443753,25.85240981,20.7731879,99.193,96.567,96.729,102.503,94.672,94.831,90.498,85.858,90.498,91.3,4.45,2.99,1.66,0.04,0.11,2.63,0.14,909.947,801.3,1321.9447,1256.3671,1840802.52,4065.7715,965424.4511,2806226.971,22.6,87308.86,15686.489,124.7087681,71622.37,569.4032277,63977.2793,23331577.31,58515.51,363.22,176.85,161.95,1.2939,169.8234,12.4,16.1,89.56528,14986873.7,0.2058,130.8591,0.3,0.11,9356.0189,2237.4564,256.604,15.75,0.0074,16.34,16737.41,787.76,6294425.0,296252.5,13375194.23,7075.5,333.01,2124.6825
2010-12-01,16960.864,11453.368,954.3726,8121.3095,2414.5674,2383.297,2328.7976,801.2398,1859.4176,462.5247,0.4,3512.905,-0.6,2786.0441,2090.1546,1983.824,2366.425,12626.116,83.176,83.207,95.243,72.1012,97.2271,75.0437,108450.0,20104.0,2688.6667,17061.3333,13136.6667,5347.3333,734.0,2867.3333,5137.0,14279.0,64.4333,5.409876805,4.113919466,25.7667,9.5667,8.1333,9068.6667,3435.0,878.0,1286.0,8881.6667,87.559,92.434,87.585,33.5333,3168,91.0,366553.0,201149.8589,1628103.0,91.07,90.1273,90.27,93.941,91.471,101.211,113.0,86.581,96.098,86.506,96.893,114.239,137.96,111.335,91.68,95.162,120.393,93.121,84.343,91.757,91.339,86.733,84.596,75.831,91.338,222.1073,188.0,184.1,189.6333,177.5991392,260.7363477,21.32169087,25.99284748,20.81128567,99.671,96.101,96.183,103.039,94.967,95.03,90.529,86.52,90.512,92.358,4.41,3.05,1.55,0.05,0.12,2.73,0.12,903.001,826.1667,1318.2147,1230.4248,1909360.394,4018.2286,941452.7659,2850813.156,20.0,88861.07,15621.709,123.725375,73239.36,580.0625026,65872.511,22988562.81,60400.86,359.49,174.1,158.99,1.3592,169.3228,12.9,16.3,91.61134,15400477.7,0.2163,134.5566,0.26,0.07,9842.4443,2536.13,257.0923,15.6,0.0076,16.48,15313.75,747.95,6233240.04,304441.78,13365428.39,7126.12,348.05,2047.4325
2011-03-01,16920.632,11497.12,962.648,8147.5233,2422.6812,2338.901,2325.0853,821.0157,1857.3084,460.9645,0.2,3469.798,-5.5,2829.7376,2067.2709,2000.839,2377.978,12753.088,82.705,82.801,96.118,74.7782,98.3733,75.5523,108836.6667,20165.6667,2674.0,17224.3333,13194.6667,5332.0,743.0,2875.6667,5113.3333,14232.6667,64.1667,5.088184493,3.951679244,24.7333,8.9,7.8667,8388.6667,3341.0,897.0,1305.3333,8526.3333,87.739,92.821,87.73,33.4667,3197,152.3333,375121.3333,214527.7996,1636607.0,91.835,90.523,90.71,94.182,92.066,102.789,113.014,87.01,98.284,86.923,97.864,114.117,135.54,112.732,93.099,95.58,132.158,93.543,84.691,92.103,92.843,87.163,85.045,76.264,91.62,223.1567,195.9,191.5333,197.0,194.2872274,286.1341458,21.33533357,25.94559984,20.87502585,99.518,96.892,96.899,103.552,94.272,94.372,92.827,86.883,92.919,90.269,4.85,2.63,1.39,0.04,0.15,3.33,0.12,998.815,842.6,1326.6194,1183.6416,2020969.393,3945.271,922356.8842,2943326.277,20.4,89686.36,15522.823,121.7181512,74163.54,581.5339929,67104.6585,22581706.31,61612.19,347.98,171.48,156.52,1.3682,154.0112,13.3,17.0,92.95614,15538862.1,0.2308,139.2467,0.25,0.09,10285.2993,2739.4194,257.9373,15.62,0.0083,16.81,15891.42,848.86,6180629.11,330145.82,13330235.92,7143.21,381.56,1872.0907
2011-06-01,17035.114,11508.95,955.7922,8174.6728,2417.6044,2434.538,2379.7314,832.3236,1905.7069,466.1859,0.4,3446.079,-1.5,2818.3969,2048.7992,2034.722,2386.867,12727.814,83.588,83.558,95.95,73.1235,97.9608,75.7758,109585.0,20256.3333,2679.3333,17395.6667,13311.3333,5346.3333,777.3333,2867.0,5084.3333,14207.6667,64.1,5.088279753,3.985772059,24.3667,8.9,8.0,8238.3333,3436.3333,945.0,1258.0,8551.6667,88.544,93.888,88.602,33.6,3298,143.6667,381167.0,217493.8406,1654518.0,92.738,91.0523,91.363,94.61,92.681,104.52,113.299,87.57,100.577,87.505,99.214,114.615,133.341,113.845,94.527,96.305,144.077,94.132,85.107,92.67,93.533,87.762,85.773,77.121,92.158,224.1997,203.7,192.4,204.9667,199.4792197,321.7422459,21.2991154,25.88260293,20.76465568,97.341,94.971,95.055,102.197,94.341,94.369,92.098,87.089,92.043,92.703,4.66,2.64,1.45,0.06,0.16,3.16,0.14,1144.727,861.2,1346.193,1181.656,2033269.85,3855.8128,916318.5259,2949588.375,28.8,89569.48,15378.519,120.826083,74190.96,582.9041571,67266.8995,22302576.52,61751.86,339.87,169.09,154.3,1.4399,147.2589,13.6,17.3,92.1938,15466245.8,0.2368,139.7325,0.19,0.1,9609.3623,2764.9017,258.7647,15.63,0.0078,16.7,15747.57,783.02,6131741.13,304890.57,13288926.53,7150.64,355.55,2011.1285
2011-09-01,17031.313,11543.975,964.263,8210.2696,2409.3834,2445.296,2480.0818,882.3593,1995.3592,474.5632,-0.1,3396.917,-8.4,2793.3068,2030.3988,2062.73,2413.346,12795.613,83.65,83.613,96.621,76.4883,99.4981,76.3717,110137.6667,20372.0,2661.0,17502.6667,13397.0,5372.3333,805.3333,2852.6667,5069.6667,14094.0,64.1,4.983286448,4.021614088,24.7,8.7333,8.0,8050.0,3457.6667,963.6667,1304.3333,8745.0,88.831,93.493,88.84,33.6,3575,187.6667,384698.3333,216787.6562,1651876.0,93.167,91.468,91.84,94.744,93.247,104.878,113.118,88.027,101.147,87.983,100.067,114.8,131.191,113.707,95.717,98.144,142.679,94.28,85.602,93.081,93.837,88.053,86.726,77.37,92.74,225.7327,203.8333,195.1,204.6667,194.465164,290.934237,21.29709049,25.95800373,20.67394038,97.63,95.099,95.131,103.346,94.158,94.126,93.008,86.936,92.946,92.722,4.31,3.0367,1.88,0.04,0.11,2.4,0.18,1176.875,918.9333,1376.6688,1179.2875,2053826.617,3818.2605,915062.1611,2968888.782,26.9,87060.17,15296.57,119.5454285,71763.59,560.8453063,64968.0566,22092108.72,59445.29,340.85,167.58,152.99,1.4118,215.891,13.8,17.4,94.52098,15875084.5,0.2582,140.2717,0.2,0.12,9246.3449,2606.6359,260.1477,15.89,0.0077,16.56,14430.83,700.6,6086839.25,295511.05,13299281.48,7206.73,349.88,2059.7671
2011-12-01,17222.583,11563.89,987.3862,8202.4014,2408.7969,2633.829,2543.9473,902.7146,2046.6341,486.8348,0.7,3394.613,1.5,2813.7149,2022.7955,2078.364,2445.03,12824.419,84.844,84.862,97.032,79.0972,96.1583,76.7905,110736.0,20483.6667,2677.3333,17664.6667,13504.3333,5392.0,825.3333,2842.6667,5051.0,14080.6667,64.0667,4.948678239,3.7053957,23.9,8.2667,7.8,7699.0,3362.0,1016.3333,1282.0,8425.0,89.649,94.904,89.675,33.6667,3651,181.0,390879.0,219195.1544,1672665.0,93.475,91.794,91.951,94.855,93.439,105.112,112.662,88.364,101.661,88.342,100.302,114.23,129.196,114.104,96.378,99.177,142.096,94.819,85.98,93.418,94.696,88.589,87.163,77.283,93.248,226.9367,200.7667,196.6667,201.5333,163.8189653,309.1208418,21.31225774,25.87682509,20.66950668,95.706,93.271,93.374,102.243,94.613,94.66,91.186,86.531,91.131,95.753,4.01,3.2067,1.96,0.04,0.1,2.03,0.2,1154.361,950.7667,1407.7073,1179.4079,2073658.17,3812.1937,915263.4843,2988921.658,18.8,88259.55,15235.646,118.801843,73023.91,569.4129746,66312.1086,21947443.19,60783.79,341.2,164.69,150.33,1.3482,171.8257,13.6,17.4,96.09072,16285573.7,0.274,141.4369,0.21,0.14,8580.6425,2600.9137,261.4217,16.06,0.0075,17.11,14969.34,700.45,6069289.05,283995.34,13425931.36,7350.2,343.93,2137.1087
2012-03-01,17367.01,11647.297,1011.5753,8239.6675,2426.3736,2692.179,2623.8336,930.8406,2099.2497,516.227,0.5,3380.162,0.0,2880.1005,2008.2092,2103.747,2457.077,13021.21,85.906,85.904,97.673,80.7776,91.5485,77.1271,111555.0,20636.3333,2673.0,17866.0,13649.0,5416.6667,845.3333,2829.6667,5048.0,14067.6667,63.7667,4.822921675,3.439913825,24.0667,7.7,7.5333,7145.3333,3291.0,1024.6667,1338.3333,8106.0,90.384,95.568,90.341,33.7333,3835,210.6667,399112.6667,221237.0859,1692927.0,94.094,92.3733,92.495,95.185,93.837,105.765,112.507,88.967,102.648,88.955,100.435,114.754,127.76,114.24,96.9,99.958,146.249,95.315,86.256,93.852,95.329,89.603,87.749,78.802,93.841,228.1297,202.1667,197.4333,202.9667,127.1806866,322.0193059,21.22185817,25.76133726,20.57957036,97.395,94.954,95.018,102.203,95.091,95.043,92.953,88.604,92.844,94.437,3.92,3.1633,1.88,0.04,0.09,1.97,0.16,1166.518,968.9,1449.4687,1176.1125,2097763.494,3823.3484,911515.5428,3009279.04,11.5,89797.81,15074.829,115.7713394,74722.98,573.8558583,68192.7067,21605098.89,62653.07,335.51,161.99,148.23,1.3119,155.1589,13.6,17.4,97.12308,16586092.6,0.3002,141.2343,0.22,0.12,9295.3382,2907.1881,262.7913,16.08,0.0077,17.19,15414.36,741.06,6103566.82,293434.94,13435983.67,7325.35,352.17,2080.0409
2012-06-01,17444.525,11667.753,1013.498,8262.0615,2423.5629,2752.614,2677.1187,957.1248,2146.6934,520.6206,0.6,3362.33,-3.1,2885.1401,2001.4191,2124.46,2466.212,13108.717,86.465,86.43,97.507,78.7943,94.9487,77.1838,111999.3333,20731.6667,2679.6667,17996.3333,13705.3333,5419.0,852.3333,2824.3333,5055.3333,14044.3333,63.7333,4.748495758,3.432018853,24.2333,7.6667,7.4,6979.0,3357.3333,945.3333,1353.0,8028.6667,90.519,95.99,90.473,33.6667,3846,213.0,398249.0,216033.9964,1712335.0,94.321,92.7553,92.881,95.632,94.279,105.424,111.846,89.429,102.445,89.443,100.639,114.557,125.66,113.027,97.067,101.032,142.176,95.514,86.619,94.307,95.733,89.98,88.488,79.427,94.417,229.2507,201.8,197.7,202.4333,101.985219,291.8998486,21.22429621,25.7487289,20.55588883,97.402,95.226,95.3,101.58,95.57,95.483,93.003,89.348,92.846,95.432,3.79,3.27,1.97,0.06,0.1,1.74,0.12,1147.261,986.1333,1489.6491,1181.9538,2132152.997,3813.09,904555.9263,3036708.923,23.6,89514.91,14980.096,114.2758361,74534.81,568.5896725,67792.7659,21722141.12,62257.46,332.6,163.91,150.34,1.2836,163.2564,13.7,17.2,97.82763,16809657.4,0.3037,142.7757,0.2,0.05,9026.4747,2926.4838,264.1833,16.26,0.0081,17.18,15140.57,755.84,6141846.01,306612.12,13612441.8,7463.47,372.59,2003.1322
2012-09-01,17469.65,11691.414,1026.6567,8269.2291,2424.7378,2759.86,2681.2021,954.3374,2139.6222,533.9784,0.5,3357.201,0.8,2878.8613,1993.3491,2137.473,2479.452,13004.868,86.707,86.593,97.235,76.5697,96.8326,76.7919,112419.3333,20810.0,2674.6667,18112.0,13803.6667,5435.3333,850.0,2819.0,5064.6667,14034.3333,63.6,4.749558432,3.261807624,23.8667,7.5333,7.2667,6825.6667,3342.3333,920.0,1273.3333,8242.3333,90.969,96.139,90.985,33.6667,3809,222.3333,401658.3333,217498.1815,1737413.0,94.595,93.0233,93.459,96.071,94.812,105.41,111.203,89.822,102.697,89.866,100.701,114.493,123.71,111.913,97.176,100.6,143.45,95.829,87.037,94.776,95.382,90.625,88.964,80.069,94.654,230.2873,202.4,199.3333,201.8333,127.8899353,287.0854857,21.24197951,25.86446054,20.49667003,96.712,94.79,94.935,101.14,95.298,95.189,93.357,89.509,93.109,96.167,3.55,3.23,1.91,0.04,0.08,1.54,0.1,1144.823,1023.2333,1531.6028,1181.5284,2165212.6,3791.3571,903165.8832,3068378.487,21.7,91350.53,14951.042,114.9649671,76399.49,587.468379,69382.2281,21968301.39,63841.57,336.07,167.08,153.63,1.2523,170.8367,13.7,16.9,98.44787,16984238.1,0.307,145.8296,0.2,0.06,8886.4222,3026.5552,265.4563,16.36,0.0083,17.41,15579.15,789.77,6171277.9,312847.52,13857381.98,7678.8,389.27,1972.6153
2012-12-01,17489.852,11738.007,1049.9274,8289.6021,2424.8044,2736.423,2729.3101,973.3712,2162.9189,561.8034,0.2,3324.137,-7.7,2949.8748,1987.8121,2139.526,2456.092,13366.76,86.881,86.727,97.761,79.0188,97.3326,76.825,112964.6667,20896.0,2672.3333,18255.3333,13923.6667,5448.6667,843.3333,2813.0,5051.6667,14026.3333,63.7,4.686996425,3.121191415,23.9667,7.2,7.1667,6511.0,3403.0,981.0,1308.3333,8104.0,91.406,96.385,91.507,33.6667,3874,294.3333,407136.6667,219439.8958,1745786.0,95.126,93.4347,93.869,96.301,95.213,105.883,110.823,90.374,103.534,90.404,101.071,114.029,122.119,111.715,97.587,101.688,148.063,95.785,87.641,95.003,95.783,91.064,89.325,81.236,95.225,231.3597,202.2667,201.7,201.3,150.5423232,277.3472097,21.24476436,25.8148233,20.45279511,96.903,96.573,96.815,101.428,94.945,94.881,96.166,90.042,95.861,93.317,3.36,2.8667,1.65,0.05,0.09,1.62,0.1,1143.131,1054.9,1562.9109,1179.6739,2200748.113,3793.3652,902314.0329,3103062.142,12.7,91930.81,14851.942,111.1110096,77078.87,576.6458563,69837.0043,22093805.32,64284.17,337.21,169.55,156.16,1.2977,182.0868,13.6,16.8,100.07497,17274698.8,0.3191,143.9444,0.19,0.03,9208.5924,3001.6558,266.9163,16.5,0.0095,17.56,15529.98,890.75,6210333.67,356203.67,13984984.19,7767.46,445.52,1743.4783
2013-03-01,17662.4,11814.326,1076.2513,8295.8735,2461.4856,2845.38,2782.4845,993.6988,2196.2704,583.2029,0.5,3293.099,-8.7,3168.1648,1987.2065,2150.631,2453.983,12837.167,87.888,87.808,99.018,81.6688,98.3147,77.1019,113623.6667,20971.3333,2686.6667,18420.6667,14077.3333,5455.0,857.0,2802.0,5042.0,14029.3333,63.4667,4.75742554,2.989784844,24.3,7.1333,7.0333,6445.3333,3300.0,973.6667,1273.3333,8017.0,91.888,96.569,92.128,33.7,4001,311.3333,414384.0,223423.4907,1768555.0,95.459,93.7997,94.204,96.169,95.539,105.756,110.545,90.9,103.473,90.981,101.388,113.72,120.821,111.641,97.985,102.082,146.808,95.495,88.147,95.588,96.19,91.391,89.736,82.019,96.057,232.5307,203.6,203.7667,203.0,151.208603,290.192468,21.30070441,25.78191724,20.45848988,95.814,94.71,95.095,102.536,95.398,95.559,94.175,88.43,93.952,96.153,3.5,2.86,1.55,0.03,0.07,1.86,0.08,1222.815,1065.0,1590.7071,1179.8697,2239958.778,3789.3454,904324.9915,3144283.77,11.1,94581.18,14762.763,115.0001627,79818.41,621.7759166,72106.8391,22474336.61,66537.77,337.56,173.07,159.51,1.3201,132.3761,13.6,16.6,100.73997,17569198.3,0.3328,151.1032,0.17,0.02,11457.5734,3176.3762,268.29,16.61,0.0083,17.71,15878.15,793.64,6232806.5,311535.49,14097821.83,7857.06,392.72,2000.673
2013-06-01,17709.671,11848.089,1081.5002,8322.3972,2463.7126,2882.489,2811.5284,995.4274,2207.6145,602.9143,0.5,3288.858,-3.0,3434.5386,1993.0736,2170.131,2489.615,12934.442,88.027,88.103,99.47,84.627,100.3754,77.2003,114224.6667,21071.6667,2703.6667,18602.3333,14199.0,5468.3333,860.6667,2780.0,5044.6667,14033.0,63.4,4.713067246,2.822096289,23.9667,7.1,6.6667,6182.3333,3292.0,953.0,1273.3333,8001.3333,92.283,96.596,92.494,33.6667,4094,253.0,413845.6667,216760.5744,1780432.0,95.508,94.0643,94.474,96.518,95.605,104.787,109.812,91.382,102.402,91.431,101.328,112.903,118.762,111.501,98.083,101.351,137.886,95.684,88.788,95.493,95.809,91.431,90.394,83.413,96.462,233.0593,203.9667,202.4667,203.3,179.3781924,294.0898858,21.33644229,25.72360015,20.45763712,96.552,95.458,95.808,102.975,95.171,95.471,94.866,88.635,94.817,95.449,3.68,2.84,1.69,0.04,0.08,1.95,0.1,1340.237,1084.4667,1608.5483,1189.4687,2272220.084,3772.1968,903741.8702,3175961.958,22.2,95647.76,14741.762,113.9729259,80906.0,625.5082127,72588.9905,23058768.5,67020.6,341.74,180.04,165.73,1.3068,112.5437,13.5,16.5,100.05758,17525568.5,0.3493,152.2642,0.15,0.03,13629.3258,3368.013,269.835,16.89,0.0097,18.24,16086.27,919.59,6278372.47,358909.91,14515162.39,8228.73,470.4,1749.2893
2013-09-01,17860.45,11896.258,1091.3838,8339.5906,2482.6616,2998.991,2863.1296,998.0917,2248.2051,613.8499,0.8,3272.825,-5.5,3232.2995,1995.1162,2188.712,2507.502,12979.638,89.01,89.098,99.698,85.2333,99.3674,77.3187,114792.3333,21117.6667,2706.3333,18726.0,14318.0,5493.0,866.0,2756.0,5040.0,14031.0,63.2667,4.54023828,2.717133742,22.3667,7.0667,6.2333,5866.6667,3184.6667,941.6667,1251.6667,7893.0,92.694,96.881,92.863,33.6,4033,268.3333,417713.6667,220787.3577,1807265.0,95.901,94.4343,94.989,96.819,96.025,104.911,109.213,91.888,102.847,91.955,101.772,111.67,117.347,110.526,98.252,101.828,140.053,95.83,89.264,95.825,96.753,92.03,90.861,84.442,96.784,234.3053,204.1667,203.1,203.8667,159.619473,321.8810773,21.36932873,25.59104101,20.44099755,96.078,94.721,95.014,102.907,95.851,96.121,93.965,88.751,93.939,97.693,4.44,2.6933,1.73,0.03,0.09,2.68,0.09,1453.985,1097.1667,1625.5962,1191.1506,2306472.005,3738.273,902389.4422,3208861.447,13.0,98052.07,14742.785,113.5839492,83309.28,641.8459479,74393.3319,23658734.14,68825.75,345.26,185.85,171.0,1.3255,113.7375,13.5,16.3,98.72797,17453603.2,0.3571,154.216,0.12,0.04,14127.663,3640.8955,271.3667,17.18,0.0088,18.86,17105.58,879.7,6299257.49,323957.44,14877738.09,8569.51,440.71,1944.4707
2013-12-01,18016.147,12001.027,1102.6179,8408.5816,2506.7413,3027.805,2909.9199,1038.9553,2302.1669,604.0934,0.7,3247.579,-6.6,3399.4208,1991.6359,2251.769,2527.321,12997.522,90.121,90.162,100.289,88.6594,103.2472,77.6804,115412.3333,21185.6667,2722.3333,18846.6667,14427.0,5515.0,867.3333,2742.0,5055.3333,14033.6667,62.9,4.38577468,2.564747952,21.1,6.6,6.2,5808.6667,3036.0,859.0,1191.3333,7827.0,92.986,97.147,93.126,33.6,4154,348.3333,420851.3333,221992.3663,1838542.0,96.254,94.8413,95.477,97.206,96.431,104.741,108.637,92.465,102.858,92.578,102.153,110.722,116.139,109.146,98.242,101.991,139.691,95.927,89.84,96.266,97.293,92.571,90.99,85.966,97.409,235.3463,201.9,204.4667,201.8667,162.6165804,286.8741956,21.40415252,25.60764371,20.45519425,96.223,95.123,95.365,103.234,96.773,96.963,93.848,88.94,93.794,99.181,4.3,2.61,1.55,0.03,0.06,2.68,0.06,1564.633,1130.8333,1645.6529,1190.1923,2342912.299,3720.392,900996.3775,3243908.68,14.5,100048.26,14860.993,114.3371253,85187.27,655.4116351,76131.892,23916372.49,70565.43,346.5,190.12,174.94,1.3615,121.8435,13.7,16.2,99.79118,17823798.5,0.3857,156.3777,0.13,0.04,14951.2544,3957.0763,273.2293,17.29,0.0093,18.89,17613.41,944.35,6322543.58,338985.53,14993712.6,8661.34,464.38,1865.1367
2014-03-01,17953.974,12044.203,1121.1541,8422.7454,2514.8138,2998.148,2945.6786,1049.406,2339.3824,601.481,0.3,3233.646,-0.3,3404.4637,1978.7803,2230.209,2559.945,13149.135,89.716,89.711,100.001,88.8408,104.5573,78.0467,115928.6667,21260.0,2722.3333,18966.0,14520.6667,5540.3333,875.0,2731.6667,5054.6667,14037.6667,62.9667,4.248962307,2.376273431,20.8667,6.2,5.9667,5385.0,2929.0,808.3333,1181.3333,7343.3333,93.299,97.112,93.498,33.5333,4296,318.6667,424313.3333,223616.1767,1853469.0,96.696,95.141,95.84,97.783,96.741,104.896,107.705,93.03,103.498,93.136,101.772,109.789,114.816,107.493,98.765,102.068,142.721,96.14,90.742,96.509,97.011,93.132,91.626,86.911,97.629,236.257,205.5,207.4667,205.2667,219.3533128,290.0551139,21.51191631,25.80032283,20.4748626,97.473,96.313,96.605,102.975,95.955,96.154,96.481,90.9,96.389,96.432,4.36,2.3533,1.6,0.03,0.08,2.72,0.08,1619.491,1159.1333,1695.8407,1190.9237,2382856.258,3728.5727,909647.2048,3292503.459,15.5,101619.32,14809.132,112.6243796,86810.19,660.1969726,77498.6147,24120708.21,71939.3,348.24,192.59,177.11,1.3704,91.9846,13.6,16.6,102.34617,18202642.3,0.4166,156.7807,0.12,0.05,14958.9257,4210.4048,275.155,17.43,0.0098,18.86,17514.77,980.08,6393912.61,357788.18,15016695.09,8613.46,481.99,1787.0665
2014-06-01,18185.911,12159.899,1163.0411,8466.088,2540.4843,3121.321,3032.3298,1077.6876,2406.4139,621.2056,0.6,3238.033,-2.3,3420.9346,1990.3319,2278.387,2618.248,13314.492,91.254,91.242,101.136,91.9207,100.2708,78.9343,116692.6667,21374.0,2720.0,19123.6667,14659.0,5565.0,889.0,2728.3333,5054.6667,14077.0,62.8333,4.084701406,2.132865968,19.7,5.8333,5.5667,5001.3333,2758.3333,845.3333,1062.0,7395.0,94.304,98.151,94.472,33.7,4765,340.0,434405.3333,222171.7579,1870322.0,97.129,95.5563,96.343,98.066,97.32,105.002,106.981,93.604,103.981,93.72,101.657,108.436,113.918,106.425,99.83,102.349,141.639,96.648,91.397,96.802,97.727,93.528,92.556,88.035,97.811,237.4793,208.2,212.6333,206.7333,200.5140176,303.2062097,21.50563035,25.76494498,20.41727353,96.419,95.282,95.535,103.041,96.594,96.753,95.334,90.345,95.238,98.991,4.23,2.1967,1.61,0.02,0.07,2.59,0.08,1659.248,1178.7667,1741.1153,1205.3707,2422161.599,3751.9956,918151.3279,3340312.927,11.6,103521.75,14819.029,111.2999991,88702.72,666.2118306,78948.8494,24572900.99,73385.78,353.45,193.61,178.14,1.3715,87.506,13.7,16.6,100.6513,18153801.6,0.4929,157.5431,0.11,0.02,14655.0427,4195.8063,276.9427,17.48,0.0093,19.33,18262.96,967.49,6453443.28,341873.76,15292403.41,8828.87,467.71,1887.6685
2014-09-01,18406.941,12280.086,1183.204,8543.8434,2561.9651,3193.152,3094.211,1111.2582,2458.4485,630.6285,0.6,3259.9,4.7,3414.2515,1997.882,2287.79,2623.176,13439.658,92.771,92.724,101.422,94.4568,96.7067,79.1531,117417.3333,21497.3333,2730.6667,19273.3333,14732.0,5573.3333,900.0,2733.6667,5030.6667,14120.0,62.8667,4.14947895,1.93133347,19.9333,5.5667,5.5667,4687.6667,2865.3333,839.3333,1083.6667,7199.6667,95.2,98.648,95.234,33.7,5036,360.6667,438042.3333,218072.599,1888683.0,97.394,95.9153,96.762,98.594,97.615,104.791,106.597,94.078,103.852,94.203,102.0,108.015,112.552,105.901,100.498,102.236,137.649,96.966,91.972,97.114,97.941,93.734,93.291,88.941,98.013,238.462,207.1333,214.1,206.0333,174.4284971,280.3933029,21.52245332,25.74837415,20.42427281,96.686,95.532,95.607,102.812,97.413,97.399,95.026,91.04,94.938,100.368,4.14,2.2433,1.64,0.02,0.08,2.47,0.1,1700.268,1191.0667,1783.7304,1217.7379,2463235.463,3767.0548,923548.3489,3386783.815,15.7,103848.42,14753.625,109.7767857,89094.8,662.9246039,78893.904,24954520.15,73304.83,357.22,193.74,178.31,1.3246,77.4147,13.5,16.2,100.11145,18300994.9,0.5307,158.6836,0.13,0.04,15553.1211,4482.7428,278.7003,17.78,0.009,19.6,18150.86,918.39,6531002.41,330454.54,15621557.14,9080.55,459.46,1976.3694
2014-12-01,18500.031,12421.595,1206.0235,8630.7946,2592.5066,3203.351,3137.1001,1105.8009,2479.9333,653.2365,0.5,3257.472,-5.9,3424.8946,2014.3485,2306.749,2692.035,13631.343,93.389,93.338,101.409,94.5461,99.3494,79.4029,118151.6667,21624.3333,2733.0,19422.6667,14850.6667,5588.3333,897.6667,2739.3333,5052.6667,14140.0,62.8667,3.895172648,1.815474105,17.6,5.2333,5.2667,4396.6667,2754.3333,799.3333,1028.0,6926.3333,96.217,99.793,96.202,33.7667,4995,341.6667,439951.0,207209.7738,1906015.0,97.265,96.1753,96.8,98.882,97.531,103.479,105.803,94.468,102.303,94.515,101.805,107.339,111.079,104.573,100.971,101.866,122.307,97.361,92.495,97.086,98.394,93.73,94.091,89.422,98.047,239.411,200.4333,215.8667,198.6,168.4398584,210.1524941,21.55092246,25.77582576,20.41411875,97.759,96.796,96.799,101.619,97.076,97.007,96.37,92.908,96.299,98.451,3.97,2.46,1.69,0.05,0.12,2.26,0.11,1655.68,1227.6667,1821.4817,1226.4116,2498439.314,3773.2364,921704.543,3420143.857,8.7,105251.14,14786.813,108.4765645,90464.33,663.6494415,80008.94,25242204.32,74406.4,359.14,195.5,180.15,1.2493,91.3181,13.3,16.2,101.2805,18651564.3,0.5596,159.174,0.13,0.03,16660.1393,4600.9386,280.511,18.25,0.0091,20.03,18241.49,914.49,6636685.77,332712.54,15966959.22,9317.21,467.09,1994.7207
2015-03-01,18666.621,12516.902,1229.0039,8675.4864,2618.2613,3314.895,3150.2626,1117.4352,2481.1182,666.1169,1.0,3277.17,1.6,3505.7462,2029.0588,2288.491,2732.128,13818.963,94.403,94.403,100.254,94.7468,101.9433,78.3725,118803.3333,21787.3333,2739.3333,19558.0,14956.0,5604.0,874.3333,2746.6667,5067.6667,14155.0,62.7333,3.832472891,1.695393669,17.6333,5.2,4.9333,4181.0,2670.6667,877.3333,918.6667,6702.0,96.741,99.386,96.692,33.7333,5340,327.6667,437823.3333,195997.6886,1934109.0,96.829,96.336,96.742,98.854,97.266,101.343,105.048,94.784,99.522,94.826,101.549,106.401,109.846,103.638,101.143,101.1,98.85,97.576,93.129,97.002,98.022,94.144,94.722,89.838,98.256,240.246,191.5333,212.0333,189.8,123.9118768,130.7546568,21.64297393,25.87814174,20.44922602,99.504,98.533,98.489,100.873,97.633,97.583,96.867,94.673,96.86,97.548,3.72,2.5333,1.75,0.06,0.2,1.94,0.12,1683.727,1268.9333,1879.9614,1232.6059,2548245.951,3820.0512,918248.8612,3466494.812,4.4,106739.4,14740.32,106.6673407,91999.08,665.745189,81092.2978,25647103.89,75466.44,362.48,198.23,182.8,1.1261,107.5662,12.7,15.6,100.49009,18746507.8,0.6163,160.5954,0.15,0.04,18226.1828,4825.2644,282.5273,18.6,0.0097,20.6,18788.34,977.44,6716313.0,349408.18,16249380.05,9518.85,495.21,1922.1969
2015-06-01,18782.243,12603.053,1253.7376,8719.5637,2634.0248,3328.049,3184.4704,1122.183,2498.353,683.9073,0.8,3309.301,1.2,3540.9354,2057.3322,2294.628,2753.525,13860.572,95.128,95.125,99.95,98.3612,97.33,77.2233,119470.3333,21956.3333,2745.6667,19707.0,15078.0,5617.0,828.0,2756.6667,5072.3333,14181.6667,62.8,3.901309254,1.531386998,17.6667,5.0,4.9333,4210.6667,2610.0,808.3333,919.0,6544.3333,96.933,98.89,96.951,33.6,5470,427.3333,445217.6667,198405.4152,1961660.0,97.312,96.7653,97.302,98.756,97.816,101.871,105.107,95.248,100.271,95.279,102.378,106.543,109.319,102.568,100.842,100.921,105.126,97.902,93.652,97.312,98.014,94.951,95.064,90.841,98.355,241.6993,193.0333,209.6,191.4333,107.0944911,162.9282707,21.66752708,26.06304497,20.50662946,99.554,98.733,98.751,101.072,98.119,98.135,97.24,95.182,97.237,98.286,3.83,2.6667,1.66,0.07,0.23,2.15,0.13,1678.047,1264.8,1926.0205,1245.7369,2584724.725,3858.1838,930507.1613,3515231.88,8.3,107236.04,14805.864,106.8200049,92430.18,666.8568671,81170.1173,26065922.6,75494.72,366.74,199.62,184.24,1.1072,106.5385,12.6,15.4,99.30094,18653401.4,0.6403,162.0758,0.15,0.03,20058.1352,5030.1671,284.8137,19.03,0.01,20.84,18930.61,989.91,6746707.08,352796.15,16518744.38,9757.2,510.22,1912.3528
2015-09-01,18857.418,12691.79,1270.1254,8763.1731,2661.5858,3335.27,3220.3155,1140.8735,2513.5842,705.5003,0.7,3326.769,-0.4,3533.7342,2075.9127,2276.101,2772.301,13937.925,95.515,95.531,100.175,100.8225,98.5559,77.2809,120080.3333,22093.3333,2755.6667,19831.0,15216.0,5623.3333,793.6667,2758.3333,5077.6667,14214.0,62.5333,3.752366003,1.358224213,16.6,4.7333,4.6667,3973.6667,2418.0,798.3333,838.6667,6237.6667,97.097,99.293,97.079,33.7333,5670,411.0,449467.0,194387.2733,1984022.0,97.565,97.0767,97.536,98.778,98.006,101.612,104.47,95.729,100.192,95.759,102.294,105.351,108.322,101.911,101.321,100.924,103.271,97.836,94.313,97.631,98.026,95.416,95.612,91.531,98.661,242.8993,191.6333,209.6,189.9333,111.9413777,129.2538836,21.7113614,25.8697141,20.59194131,99.605,98.954,98.928,100.889,98.389,98.387,97.545,95.778,97.569,98.288,3.95,3.0233,1.73,0.13,0.31,2.18,0.2,1678.025,1274.8333,1960.1105,1262.944,2624119.607,3891.8953,942288.5857,3566408.193,10.4,105993.14,14879.897,106.7583403,91113.24,653.7073637,79547.8692,26445270.25,73853.38,370.74,200.74,185.53,1.1121,122.4451,12.3,15.2,98.63595,18603616.1,0.7065,163.8568,0.24,0.1,19474.8063,4924.3281,287.1503,19.53,0.0103,20.83,18211.67,956.71,6801443.79,357298.58,16712402.3,9896.81,519.91,1903.5743
2015-12-01,18892.206,12743.411,1278.3611,8796.2607,2671.6578,3315.334,3219.5025,1128.4245,2502.472,716.5293,0.6,3341.055,3.0,3598.9521,2080.8075,2273.012,2780.142,14016.837,95.618,95.671,99.713,97.2882,95.98,76.2696,120743.3333,22263.3333,2759.3333,19976.6667,15365.3333,5640.3333,757.0,2767.0,5087.3333,14223.6667,62.5667,3.702031147,1.339428513,15.8,4.7,4.5667,3897.6667,2441.0,794.3333,850.6667,6019.3333,97.826,99.382,97.779,33.7333,5775,365.6667,448747.0,187977.3391,2000295.0,97.49,97.3187,97.527,98.524,97.874,100.573,103.841,96.088,98.955,96.106,101.638,104.658,107.998,100.919,101.258,100.724,92.74,98.038,94.844,97.764,97.848,95.594,96.469,91.733,99.035,244.1853,185.5667,207.8,184.1667,92.34729925,111.8401122,21.79437918,26.12378491,20.61611754,99.529,98.765,98.708,100.333,97.79,97.798,97.915,96.235,97.979,97.586,3.9,3.23,1.71,0.18,0.34,2.07,0.24,1668.225,1291.3333,1996.6368,1283.4245,2628632.094,3949.5754,938655.334,3567287.428,7.7,107295.88,14852.635,105.9628156,92443.25,659.5157339,80587.2892,26708591.33,74872.7,372.78,202.89,187.97,1.0948,98.1124,12.1,14.9,102.64192,19409353.8,0.7271,163.6663,0.36,0.2,19035.4749,4998.1381,289.1967,19.69,0.0109,20.81,18225.51,1010.82,6875764.76,381341.24,16848573.68,9957.17,552.24,1803.0478
2016-03-01,19001.69,12839.618,1295.4391,8849.777,2696.6221,3301.09,3243.099,1125.4412,2504.5647,738.9797,0.3,3371.646,0.3,3535.0382,2110.4972,2266.512,2776.83,14130.636,96.27,96.314,99.959,98.129,97.2093,75.7657,121283.0,22398.6667,2774.0,20062.0,15494.3333,5662.0,711.0,2777.3333,5089.0,14277.0,62.8333,3.534462012,1.357198413,15.7667,4.4,4.5667,3698.6667,2468.0,794.6667,800.3333,5977.3333,98.073,99.027,98.027,33.6333,5970,341.6667,449912.0,182707.7748,2012333.0,97.538,97.7263,97.468,98.108,97.66,99.518,103.336,96.631,97.636,96.639,101.441,104.327,106.24,101.47,100.913,100.295,82.107,98.394,95.395,97.964,98.528,96.184,97.13,93.108,99.155,245.4593,182.0,207.6333,180.2333,82.55914301,80.5227702,21.8398939,26.08977413,20.66994187,99.475,98.857,98.815,100.941,98.207,98.207,97.557,95.548,97.597,97.8,3.74,3.3867,1.82,0.16,0.29,1.63,0.27,1621.664,1316.5667,2035.9166,1302.5294,2590996.046,4008.2026,930631.2566,3521627.303,13.2,108038.42,14802.509,104.7547262,93235.91,659.8139499,81185.8062,26852610.36,75439.7,374.65,204.31,189.69,1.1027,112.6102,11.8,14.5,103.98904,19751213.9,0.7691,161.2008,0.55,0.19,16843.0223,4614.2007,291.4293,19.84,0.0103,20.73,18034.51,937.64,7054873.03,366793.82,16986044.44,9914.41,515.47,1923.3893
2016-06-01,19062.709,12903.306,1306.4853,8878.2608,2720.3043,3287.033,3267.026,1113.7848,2525.9398,741.3044,0.2,3369.042,-2.0,3513.5616,2114.236,2284.053,2780.375,14102.14,96.577,96.649,99.881,98.9245,100.7956,75.4606,121779.3333,22560.6667,2780.3333,20131.6667,15594.6667,5676.6667,667.3333,2791.3333,5098.6667,14297.6667,62.7667,3.649631196,1.270257583,16.0,4.5333,4.4333,3831.0,2265.3333,826.3333,886.6667,6096.6667,98.429,99.386,98.285,33.6,5774,392.6667,454949.0,185114.2863,2015654.0,98.157,98.2623,98.108,98.46,98.376,99.96,103.017,97.331,98.442,97.332,101.731,103.637,104.765,102.187,100.307,100.766,89.432,98.58,96.184,98.312,98.873,97.289,97.604,94.733,99.539,247.076,185.3667,204.5333,184.0667,77.16893925,119.4314455,21.86324512,26.34432171,20.78109216,98.461,98.413,98.266,100.498,98.262,98.191,97.817,95.761,97.893,99.121,3.59,2.9133,1.84,0.14,0.31,1.5,0.3,1604.833,1346.2667,2080.0945,1321.3476,2621844.356,4055.6441,944365.6333,3566209.986,13.8,109361.19,14858.468,105.3632156,94502.72,670.1303799,81990.0847,27371107.85,76210.14,379.57,205.17,190.78,1.1297,109.6406,11.9,14.5,103.58005,19745500.6,0.7386,163.2023,0.56,0.18,16393.8357,4845.7122,293.976,20.04,0.0107,21.16,18486.4,983.93,7173377.65,381800.42,17300898.59,10108.67,538.03,1878.8292
2016-09-01,19197.938,12993.064,1340.0155,8924.6719,2728.9861,3301.079,3303.4869,1112.5736,2564.0116,739.3175,0.0,3383.696,2.1,3526.1365,2122.2595,2321.136,2800.667,14181.975,97.382,97.472,99.908,100.9242,104.0016,75.5924,122417.6667,22721.0,2806.3333,20233.6667,15729.6667,5702.0,648.0,2803.0,5126.6667,14369.0,62.8667,3.664080945,1.221813859,15.6667,4.6333,4.3,3786.0,2290.0,881.3333,826.0,5955.0,98.886,99.422,98.755,33.5667,5836,386.0,459223.0,184631.857,2018999.0,98.496,98.6887,98.372,98.57,98.555,99.566,101.963,98.002,98.368,98.013,101.328,102.144,103.236,100.971,99.786,100.477,88.205,99.359,97.127,98.788,98.973,97.766,98.209,96.016,99.858,248.3647,187.0667,203.8667,186.5333,112.2730691,119.4347253,21.88702588,26.46369058,20.80279451,98.615,98.429,98.31,100.489,98.61,98.57,97.9,96.328,97.979,99.552,3.45,2.6933,1.88,0.13,0.26,1.27,0.4,1568.979,1368.9,2087.2321,1346.7768,2654019.809,4107.3814,957081.0979,3611100.911,6.1,110771.98,14969.017,105.5495924,95802.97,675.5262712,82904.6398,27867343.88,77121.03,384.66,206.22,192.08,1.116,97.8675,12.0,14.6,103.60355,19872324.8,0.7491,164.3104,0.7,0.3,16500.0124,5168.8891,296.6483,20.23,0.0107,21.56,19261.39,1020.68,7330392.17,388443.38,17609948.76,10257.87,543.57,1887.1199
2016-12-01,19304.352,13060.061,1361.0723,8965.6087,2733.4691,3391.749,3333.5739,1118.0691,2584.5889,748.8813,0.3,3389.649,0.3,3520.6333,2127.1592,2303.823,2841.006,14274.209,98.128,98.157,99.875,100.6551,100.2084,75.5083,122927.0,22873.3333,2814.3333,20339.0,15817.0,5720.0,646.0,2805.6667,5135.3333,14351.0,62.7333,3.595322267,1.184446437,15.4,4.4667,4.3333,3632.6667,2299.3333,929.3333,781.6667,5747.0,98.751,98.984,98.85,33.5667,5842,401.3333,464148.3333,186892.596,2032850.0,98.947,99.0287,98.884,99.06,98.975,99.797,101.031,98.554,99.175,98.542,100.734,101.5,101.129,100.843,99.516,100.89,94.82,99.523,98.011,99.161,98.831,97.977,98.853,96.894,99.924,249.5143,187.0667,202.5333,187.3667,118.7809157,132.1475765,21.94313638,26.50748269,20.79532237,99.208,98.869,99.023,100.9,99.27,99.398,98.397,97.113,98.371,100.026,3.81,2.51,1.68,0.13,0.33,1.7,0.34,1477.64,1381.8667,2106.9293,1359.7758,2689579.907,4147.4032,964784.4997,3654364.407,12.5,111173.21,15017.034,105.2039631,96156.18,673.6357724,82971.9968,28201214.81,77171.36,386.31,208.25,194.4,1.0784,125.6826,11.9,14.7,104.64891,20189421.6,0.7664,165.2626,0.77,0.32,17951.9277,5309.8903,299.4093,20.46,0.0105,21.67,19271.07,989.99,7470576.41,383775.7,17711274.56,10217.52,524.89,1946.5996
2017-03-01,19398.343,13160.475,1372.0283,9028.9989,2759.3701,3382.703,3376.7136,1125.3954,2610.4311,766.3802,0.0,3380.244,-1.7,3503.5909,2123.0926,2359.904,2885.003,14422.281,98.631,98.684,99.55,100.2461,96.493,75.5882,123491.3333,23002.0,2816.3333,20437.0,15910.6667,5739.3333,654.3333,2811.6667,5159.6667,14352.3333,62.8667,3.455757966,1.114707894,14.2,4.2333,4.1667,3634.3333,2122.0,820.3333,773.6667,5595.3333,99.198,99.164,99.19,33.5667,5784,378.6667,472704.3333,189377.2783,2034663.0,99.524,99.4883,99.389,99.394,99.468,100.331,100.952,99.152,100.015,99.124,100.598,101.795,100.882,100.649,99.751,100.549,100.707,99.831,98.802,99.425,99.597,99.167,99.335,97.849,100.044,250.803,191.2667,205.2333,191.3667,131.6849034,138.2738145,21.95902507,26.52240194,20.74950478,99.44,99.157,99.184,100.39,99.437,99.482,99.175,98.532,99.193,99.83,4.17,2.2167,1.73,0.12,0.3,1.85,0.33,1530.8,1400.8667,2087.3232,1367.8037,2715229.936,4163.938,973475.9214,3688705.858,3.1,113092.06,15005.043,104.0407049,98087.01,680.1074984,84643.7912,28448266.12,78813.31,387.26,210.65,196.84,1.0659,129.3257,12.1,14.9,102.93741,19941340.8,0.7921,165.1457,0.92,0.22,19245.0103,5736.3223,301.7,20.29,0.0098,21.48,19579.54,942.56,7575077.41,364662.73,17773176.3,10174.77,489.81,2077.2831
2017-06-01,19506.949,13225.743,1389.4871,9050.2381,2785.7024,3435.929,3410.3729,1146.8131,2639.8066,770.6568,0.1,3389.811,2.2,3479.7192,2125.8954,2367.862,2912.428,14579.572,99.309,99.33,100.153,101.6802,101.5014,76.799,124031.6667,23136.6667,2805.3333,20546.3333,16046.3333,5762.3333,673.3333,2803.6667,5174.6667,14369.0,62.8667,3.303734671,1.057835284,14.0667,3.9,4.0333,3472.3333,2056.0,784.6667,690.0,5304.0,99.844,99.347,99.816,33.6667,6074,331.0,473054.0,186816.7353,2043592.0,99.724,99.821,99.656,99.925,99.662,99.712,100.353,99.729,99.387,99.711,100.329,100.625,100.155,100.358,99.982,100.082,95.035,99.882,99.6,99.791,99.969,99.614,99.759,99.538,99.862,251.4677,193.1333,208.1333,192.7,120.3822477,131.0067478,22.01606343,26.58082451,20.83060393,100.273,99.657,99.647,100.811,99.492,99.485,99.745,99.053,99.749,99.517,3.99,2.2333,1.72,0.12,0.23,1.37,0.19,1550.998,1432.6,2074.2339,1371.264,2738450.249,4190.1569,982182.1461,3720632.395,10.8,115041.52,15109.578,103.6352655,99931.94,685.4243675,85951.7687,29089748.65,80111.74,394.6,211.76,198.35,1.0999,108.1668,12.1,14.9,102.08817,19899476.6,0.8696,165.159,1.08,0.13,19520.4315,6095.4417,303.6713,20.3,0.0099,22.4,20818.84,1016.7,7707531.46,376400.88,18378485.28,10647.84,519.99,2047.6922
2017-09-01,19660.766,13315.382,1425.2028,9088.1333,2801.7252,3493.166,3436.3828,1165.9431,2665.2569,771.2452,0.3,3394.009,-0.2,3506.0784,2130.8946,2381.788,2923.573,14681.438,100.344,100.312,99.564,97.5593,99.8099,76.7608,124560.3333,23265.3333,2812.6667,20657.0,16137.3333,5777.3333,682.6667,2802.3333,5163.6667,14373.0,62.9667,3.2639248,1.05562191,13.3333,4.0,3.9333,3382.3333,2102.0,764.6667,658.3333,5253.0,100.037,100.391,100.06,33.6333,6278,320.3333,477388.0,187992.103,2059851.0,100.076,100.1227,100.174,100.249,100.15,99.744,99.481,100.23,99.875,100.219,99.376,99.124,100.033,99.292,100.073,99.909,97.978,100.252,100.402,100.064,99.86,100.424,99.984,100.601,100.008,252.444,194.0333,207.2667,194.1,112.696508,129.90354,22.08954714,26.86362982,20.93097495,99.957,100.44,100.452,99.176,100.283,100.275,100.242,100.852,100.221,100.08,3.88,2.09,1.64,0.09,0.21,1.21,0.2,1573.63,1454.7,2085.2131,1381.5895,2762437.984,4217.8623,991379.9745,3753817.955,7.4,116517.87,15212.706,103.6186399,101305.16,690.0220581,87048.4224,29469444.58,81208.22,399.46,214.41,200.83,1.1752,105.5609,12.1,14.8,102.80463,20229525.6,0.9045,165.1535,1.24,0.09,19873.0473,6343.1302,306.1703,20.47,0.0107,22.16,21116.65,1103.13,7814651.02,408235.52,18528019.97,10691.08,558.5,1914.2506
2017-12-01,19882.352,13460.902,1477.9868,9145.0729,2838.0628,3558.859,3515.7872,1201.7326,2728.9206,786.979,0.2,3424.498,5.5,3525.38,2144.4596,2443.487,3005.351,14772.454,101.716,101.674,100.734,100.5144,102.1957,78.1129,124974.0,23350.0,2814.6667,20732.6667,16158.6667,5800.3333,690.3333,2795.6667,5157.3333,14421.6667,62.7,3.197175371,0.979191024,14.6,3.8333,3.7333,3239.6667,2038.6667,742.6667,643.6667,4847.3333,100.684,101.106,100.691,33.7333,6338,350.3333,489146.6667,194493.2782,2070789.0,100.676,100.568,100.78,100.432,100.699,100.213,99.213,100.89,100.723,100.946,99.697,98.457,98.929,99.702,100.193,99.459,106.28,100.035,101.196,100.72,100.574,100.795,100.922,102.011,100.087,253.8953,195.7,208.0,196.5,110.0716201,153.853593,22.11105105,26.84746636,21.00730973,100.316,100.985,100.953,99.632,101.018,100.983,100.831,101.552,100.828,100.535,3.92,1.9,1.55,0.15,0.35,1.16,0.17,1562.404,1462.9,2095.0385,1408.889,2786677.634,4245.6472,1006399.378,3793077.015,14.1,118699.29,15339.021,103.8352961,103360.26,699.6824204,88903.1014,29796183.68,83028.84,400.99,217.36,203.6,1.1778,102.7158,12.4,15.1,102.27408,20355146.2,0.9458,164.8971,1.37,0.17,22182.0642,6758.3811,308.871,20.25,0.0168,22.39,21773.95,1809.51,7917341.78,657965.85,18752742.33,10811.17,898.46,1203.3059
2018-03-01,20044.077,13558.373,1496.9402,9203.0922,2858.8484,3612.936,3576.6821,1222.992,2805.2745,772.1361,0.2,3431.709,4.1,3464.7484,2138.7393,2459.308,3017.795,14927.505,102.641,102.623,101.153,103.4389,102.7941,78.7564,125591.3333,23485.0,2820.6667,20863.6667,16226.3333,5813.0,706.3333,2792.0,5157.3333,14457.3333,62.8667,3.158213117,0.876230001,13.8,3.6333,3.6667,3179.3333,1951.0,786.6667,653.6667,5045.0,101.133,101.2,101.225,33.7,6664,403.3333,492260.6667,197529.1808,2083517.0,101.38,101.208,101.428,100.941,101.261,100.748,99.091,101.674,101.6,101.725,99.989,98.763,97.913,99.512,100.385,100.104,111.215,100.457,101.998,101.136,100.932,101.442,101.44,103.767,101.066,255.7287,198.8333,207.8333,199.8,109.4250448,172.9150539,22.15237269,27.03337344,21.07210646,100.641,100.796,100.862,99.954,101.399,101.474,101.099,102.411,101.107,101.493,4.27,1.71,1.51,0.18,0.38,1.2,0.27,1534.901,1461.3,2086.9415,1417.3941,2803874.023,4262.5215,1012973.977,3816847.993,9.5,119060.15,15290.056,102.4287456,103770.09,695.1603251,88790.6796,30269468.82,82882.8,404.06,219.75,206.06,1.229,117.9978,12.4,15.2,103.74395,20802567.6,1.0231,164.9407,1.83,0.38,22333.5527,7253.8485,311.3523,20.49,0.0093,22.59,21637.81,977.18,7970036.84,359933.75,18849490.92,10844.51,489.75,2214.3066
2018-06-01,20150.476,13630.967,1505.5309,9265.2458,2860.7704,3612.389,3613.6943,1225.098,2837.0686,777.4665,0.0,3456.309,2.9,3478.2867,2154.048,2472.656,3021.689,15061.42,103.158,103.184,102.042,102.8887,104.0139,79.7734,126248.6667,23581.3333,2839.0,21007.6667,16265.6667,5834.3333,726.0,2797.0,5176.6667,14484.6667,62.9333,3.106034788,0.825779168,12.8,3.6667,3.5333,3010.6667,1973.0,817.6667,591.3333,4907.0,101.595,101.325,101.739,33.7333,7041,346.0,498215.3333,199306.1493,2083584.0,101.912,101.7513,102.14,101.405,101.986,101.012,98.844,102.333,102.132,102.399,99.858,99.434,96.897,98.993,100.311,101.306,113.867,100.68,102.743,101.728,101.516,101.798,102.262,104.9,101.396,257.058,202.5667,206.2667,203.8333,98.01371477,187.3499706,22.21426672,27.05616327,21.08083025,99.537,100.763,100.839,100.708,101.395,101.564,101.527,101.069,101.62,102.562,4.54,1.8567,1.62,0.16,0.41,1.08,0.34,1469.681,1458.2,2136.5432,1437.184,2820583.4,4268.0392,1008088.633,3828672.029,9.2,119884.1,15332.444,101.7994579,104551.65,694.168641,89352.7444,30531353.99,83415.58,409.28,220.21,206.93,1.1924,113.9259,12.4,15.1,102.98411,20797423.3,1.1062,164.8746,2.18,0.45,22348.1821,7355.9389,313.9357,20.6,0.0093,22.66,21654.09,975.36,8016824.86,361098.65,19027364.54,10961.72,493.74,2220.1204
2018-09-01,20276.154,13693.79,1516.4391,9308.227,2869.9641,3722.248,3623.3938,1225.1213,2854.5508,770.1419,0.5,3483.628,5.2,3540.8487,2164.6991,2441.791,3064.175,15220.277,103.911,103.914,102.568,102.6862,102.6165,80.4004,126759.6667,23684.3333,2839.6667,21110.0,16332.3333,5832.0,735.0,2801.6667,5177.3333,14480.3333,62.8,2.956310182,0.833952122,12.6667,3.4667,3.4667,2866.3333,1849.3333,817.0,569.6667,4544.0,102.132,102.165,102.18,33.7333,7270,356.6667,501416.6667,201822.4983,2111395.0,102.254,102.0757,102.586,101.822,102.347,100.84,98.363,102.917,102.121,102.985,99.935,98.591,96.326,97.793,100.536,99.415,115.979,100.492,103.426,102.026,102.35,102.46,102.542,105.947,102.049,257.986,203.7667,205.4667,206.4,102.6363018,192.1786877,22.31674511,27.27056349,21.09543587,99.683,101.313,101.274,100.394,101.694,101.744,102.227,101.974,102.316,102.627,4.57,1.8867,1.64,0.16,0.43,0.89,0.16,1425.417,1467.2667,2165.4228,1443.4642,2842752.377,4281.4312,1019664.529,3862416.91,9.7,121679.98,15449.534,101.5062583,106230.45,697.9534659,90863.7231,30816261.41,84898.49,412.99,221.31,208.01,1.1633,111.6274,12.2,15.2,103.4489,21041776.4,1.1839,164.4208,2.2,0.28,22624.5602,7874.5766,316.3757,20.86,0.0096,22.83,21797.84,1001.35,8093095.06,371779.71,19211033.05,11030.7,506.73,2176.8523
2018-12-01,20304.874,13736.572,1519.0594,9328.6648,2889.7329,3724.752,3632.777,1241.1287,2880.3865,754.707,0.5,3488.352,1.9,3527.0288,2163.2237,2451.936,3096.191,15365.341,104.053,104.058,102.149,104.6529,106.4788,80.3809,127163.0,23792.0,2850.3333,21181.0,16376.3333,5842.0,739.3333,2807.3333,5174.6667,14505.6667,62.9333,3.035462018,0.794455588,12.3667,3.5333,3.4667,2902.3333,1946.0,755.3333,593.6667,4615.0,102.379,102.337,102.497,33.7,7462,339.6667,503291.0,197625.2698,2136814.0,102.642,102.5523,103.005,101.987,102.678,100.644,98.235,103.58,101.889,103.633,100.283,99.323,95.624,96.13,100.838,99.712,112.962,100.33,104.288,102.57,103.551,102.876,103.016,106.819,102.309,259.473,202.6333,210.0667,204.8333,129.9168765,161.9735066,22.42749332,27.43963135,21.21839838,100.006,101.253,101.249,99.816,101.518,101.64,102.712,103.305,102.839,102.713,4.78,2.1067,1.74,0.13,0.35,0.72,0.22,1371.515,1476.6,2217.4149,1453.5062,2866064.284,4291.4438,1026373.44,3892437.728,14.0,117456.64,15502.765,100.8943793,101953.88,663.5315091,86551.9063,30904738.08,80553.9,412.46,221.94,208.74,1.1411,136.0078,12.1,15.2,105.04941,21408483.9,1.1967,164.6412,2.54,0.32,21937.7168,7215.114,318.9353,21.34,0.01,22.71,20576.47,960.94,8168242.47,381463.23,19207278.09,10961.49,511.91,2141.2922
2019-03-01,20431.641,13758.331,1505.7596,9338.298,2914.8599,3755.53,3643.0564,1247.9596,2899.8447,746.2221,0.5,3536.6,4.4,3534.5759,2197.0175,2474.928,3094.294,15554.293,104.96,104.888,100.842,100.4632,106.0414,79.4163,127605.6667,23937.6667,2844.6667,21229.6667,16495.3333,5861.6667,743.3333,2809.6667,5182.0,14542.3333,63.0667,3.064032243,0.784262773,13.2333,3.5,3.4667,2915.0,1946.3333,806.0,620.6667,4680.6667,102.387,101.923,102.52,33.7,7295,326.6667,503360.0,195065.913,2162866.0,102.851,102.9637,103.332,102.541,102.878,100.215,98.462,104.089,101.118,104.128,101.25,100.193,94.923,95.326,101.582,99.115,103.689,100.482,105.065,102.918,103.6,103.439,104.229,106.711,102.631,261.173,199.7,210.5667,200.9,105.5154691,146.0011356,22.53542269,27.41740319,21.27608998,101.183,103.397,103.415,98.94,102.38,102.442,104.339,105.702,104.386,101.201,4.37,2.3167,1.71,0.06,0.15,0.27,0.13,1326.286,1477.4333,2261.3364,1465.7493,2891763.007,4309.3076,1031713.577,3923476.581,1.6,123093.66,15471.184,99.46568515,107622.48,691.9149444,91704.9551,31388706.73,85644.36,415.42,221.26,208.41,1.1354,149.3933,12.0,14.8,104.34017,21417273.5,1.1633,164.0237,2.52,0.12,21006.8378,7343.622,321.5563,22.22,0.0098,23.32,21781.42,963.02,8190643.29,362132.16,19424354.09,11146.71,492.83,2261.7829
2019-06-01,20602.275,13875.705,1549.6284,9380.6288,2947.8406,3790.049,3710.6567,1260.6495,2954.9798,758.8091,0.4,3584.587,4.1,3542.9377,2231.3317,2462.392,3111.425,15542.915,105.937,105.847,99.898,102.9132,102.5971,78.7309,128089.3333,24093.0,2859.6667,21357.6667,16515.3333,5890.3333,737.0,2829.6667,5170.6667,14594.6667,62.9,2.858567208,0.790541294,12.8667,3.3333,3.2667,2711.3333,1876.0,815.3333,557.3333,4482.0,102.696,101.993,102.86,33.6333,7247,388.6667,512070.0,194665.274,2179756.0,103.426,103.3987,103.855,102.945,103.48,100.694,97.95,104.712,102.114,104.768,100.84,99.962,93.269,96.559,101.365,98.801,112.935,100.73,105.909,103.418,103.904,103.946,105.082,108.07,102.518,262.3177,201.3667,210.0667,202.3667,77.72867809,161.5544722,22.63403863,27.47298408,21.31550224,100.384,102.626,102.682,97.946,102.992,103.068,103.737,106.718,103.757,103.392,4.01,2.2633,1.67,-0.02,-0.05,0.03,0.1,1280.589,1488.6667,2254.2824,1482.2797,2911464.107,4335.6253,1036593.323,3948057.433,4.9,125000.4,15606.271,100.4076193,109394.13,703.8199292,93211.7478,31788656.45,87127.61,420.59,220.82,208.07,1.1239,123.7974,11.9,14.8,102.92245,21293758.8,1.2196,164.5695,2.4,0.01,21417.8047,7876.6663,324.4943,22.52,0.01,23.96,22861.44,1016.13,8184147.66,363761.93,19746518.17,11472.87,509.94,2249.8637
2019-09-01,20843.322,14033.222,1585.9371,9474.1269,2976.311,3819.94,3750.0388,1241.894,2983.5033,769.5122,0.3,3625.512,5.1,3559.248,2255.3807,2462.912,3097.883,15647.739,107.435,107.314,99.524,102.5521,102.1232,78.5013,128540.6667,24238.3333,2867.3333,21447.0,16599.0,5901.0,721.3333,2845.0,5207.6667,14564.0,63.1333,2.8359978,0.777654395,12.3667,3.3667,3.2,2744.0,1726.3333,822.0,599.6667,4221.6667,103.038,102.204,103.146,33.5667,7115,387.6667,519270.0,190921.1207,2193959.0,103.675,103.7827,104.196,103.124,103.668,100.334,97.37,105.256,101.87,105.286,100.477,99.861,92.07,96.009,101.415,99.34,109.302,100.969,106.661,103.864,104.059,104.171,105.6,108.637,102.938,263.8483,199.4333,210.5667,200.4,70.62831544,152.6929165,22.7462199,27.48689507,21.38442581,99.678,102.331,102.349,97.378,104.159,104.15,102.68,106.955,102.654,105.16,3.66,2.2233,1.87,-0.06,-0.14,-0.18,0.12,1267.069,1513.5667,2272.4925,1497.3398,2937599.682,4351.565,1044719.235,3982318.916,5.0,125389.49,15739.59,100.5869941,109649.9,700.7395721,93455.8473,31933642.31,87348.73,424.37,221.17,208.82,1.1117,158.266,11.7,14.4,104.61492,21914060.3,1.2025,165.5352,2.1,-0.09,21264.6423,8067.4641,327.0713,23.04,0.01,23.91,22874.62,991.46,8209917.24,355842.58,19854981.29,11548.16,500.53,2307.1768
2019-12-01,20985.448,14125.274,1598.4623,9549.9461,2978.9604,3770.431,3739.3262,1213.8466,2970.2912,771.682,0.1,3654.831,2.2,3612.7335,2277.0425,2477.908,3039.834,15722.81,108.191,108.068,98.808,101.3012,101.0291,77.9124,128939.3333,24382.3333,2883.3333,21476.6667,16762.6667,5908.6667,705.0,2838.6667,5246.0,14617.0,63.3,2.81698413,0.746961201,12.1667,3.2667,3.2667,2767.3333,1691.6667,812.0,584.0,4241.6667,102.82,101.598,102.899,33.5667,6959,455.0,522623.0,187152.1343,2196122.0,104.083,104.1473,104.543,103.037,103.826,100.463,96.961,105.802,102.288,105.85,100.81,99.007,91.132,95.637,101.751,98.033,112.283,101.553,107.389,104.551,105.013,105.262,105.809,108.48,103.42,265.5127,198.8667,215.1667,199.1,76.58783313,148.7565347,22.85864143,27.61785665,21.47914386,101.158,103.377,103.362,97.253,105.143,105.104,103.483,109.451,103.46,104.436,3.7,2.12,1.91,-0.01,0.0,0.22,0.23,1291.834,1537.2,2270.1532,1515.657,2964717.279,4393.9789,1042436.828,4007154.107,1.7,128438.05,15865.94,100.9103363,112572.11,715.9795961,96297.7407,32140311.29,90161.24,426.65,223.13,210.95,1.1074,131.2354,11.6,13.9,105.78193,22291229.1,1.1866,166.0943,1.8,0.16,23041.5582,8445.7089,329.4253,23.49,0.0101,23.86,23539.21,1013.85,8238097.39,354822.05,19922002.2,11579.81,498.75,2321.7547
